date,s2_ndvi,landsat_ndvi,modis_ndvi,era5_temp_c,era5_precip_mm,anon_polygon_id,crop_type,year,doy,src,primary_ndvi,district,area_ha
2021-01-01,,,0.3093,1.5,0.0,OSM-343316599,не указана,2021,1,modis,0.3093,Зерноград,827.4
2021-01-02,,,,2.3,0.0,OSM-343316599,не указана,2021,2,none,,Зерноград,827.4
2021-01-03,,,,1.6,0.1,OSM-343316599,не указана,2021,3,none,,Зерноград,827.4
2021-01-04,,,,0.9,0.0,OSM-343316599,не указана,2021,4,none,,Зерноград,827.4
2021-01-05,,,,1.2,0.0,OSM-343316599,не указана,2021,5,none,,Зерноград,827.4
2021-01-06,,,,1.4,3.0,OSM-343316599,не указана,2021,6,none,,Зерноград,827.4
2021-01-07,,,,4.8,1.0,OSM-343316599,не указана,2021,7,none,,Зерноград,827.4
2021-01-08,,,,5.3,7.3,OSM-343316599,не указана,2021,8,none,,Зерноград,827.4
2021-01-09,,,,7.0,8.8,OSM-343316599,не указана,2021,9,none,,Зерноград,827.4
2021-01-10,,,,-0.1,0.1,OSM-343316599,не указана,2021,10,none,,Зерноград,827.4
2021-01-11,,,,-1.5,0.0,OSM-343316599,не указана,2021,11,none,,Зерноград,827.4
2021-01-12,,,,-1.2,2.4,OSM-343316599,не указана,2021,12,none,,Зерноград,827.4
2021-01-13,,,,2.5,13.8,OSM-343316599,не указана,2021,13,none,,Зерноград,827.4
2021-01-14,,,,-0.8,0.4,OSM-343316599,не указана,2021,14,none,,Зерноград,827.4
2021-01-15,,,,-3.2,6.3,OSM-343316599,не указана,2021,15,none,,Зерноград,827.4
2021-01-16,,0.0732,,-7.1,0.0,OSM-343316599,не указана,2021,16,landsat,0.0732,Зерноград,827.4
2021-01-17,,,0.2038,-7.8,12.0,OSM-343316599,не указана,2021,17,modis,0.2038,Зерноград,827.4
2021-01-18,,,,-7.2,1.7,OSM-343316599,не указана,2021,18,none,,Зерноград,827.4
2021-01-19,,,,-10.8,0.7,OSM-343316599,не указана,2021,19,none,,Зерноград,827.4
2021-01-20,,,,-16.5,0.0,OSM-343316599,не указана,2021,20,none,,Зерноград,827.4
2021-01-21,,,,-15.9,0.0,OSM-343316599,не указана,2021,21,none,,Зерноград,827.4
2021-01-22,,,,2.4,0.0,OSM-343316599,не указана,2021,22,none,,Зерноград,827.4
2021-01-23,,,,1.8,0.2,OSM-343316599,не указана,2021,23,none,,Зерноград,827.4
2021-01-24,,,,0.3,0.0,OSM-343316599,не указана,2021,24,none,,Зерноград,827.4
2021-01-25,,,,1.6,0.0,OSM-343316599,не указана,2021,25,none,,Зерноград,827.4
2021-01-26,,,,4.4,0.3,OSM-343316599,не указана,2021,26,none,,Зерноград,827.4
2021-01-27,,,,3.3,0.0,OSM-343316599,не указана,2021,27,none,,Зерноград,827.4
2021-01-28,,,,2.4,5.1,OSM-343316599,не указана,2021,28,none,,Зерноград,827.4
2021-01-29,,,,2.0,0.4,OSM-343316599,не указана,2021,29,none,,Зерноград,827.4
2021-01-30,,,,3.1,0.1,OSM-343316599,не указана,2021,30,none,,Зерноград,827.4
2021-01-31,,,,4.4,1.2,OSM-343316599,не указана,2021,31,none,,Зерноград,827.4
2021-02-01,,0.2904,,6.7,0.0,OSM-343316599,не указана,2021,32,landsat,0.2904,Зерноград,827.4
2021-02-02,,,0.0335,8.4,0.4,OSM-343316599,не указана,2021,33,modis,0.0335,Зерноград,827.4
2021-02-03,,,,7.2,0.4,OSM-343316599,не указана,2021,34,none,,Зерноград,827.4
2021-02-04,,,,8.7,1.2,OSM-343316599,не указана,2021,35,none,,Зерноград,827.4
2021-02-05,,,,3.4,3.4,OSM-343316599,не указана,2021,36,none,,Зерноград,827.4
2021-02-06,,,,-3.7,0.0,OSM-343316599,не указана,2021,37,none,,Зерноград,827.4
2021-02-07,,,,-5.0,0.0,OSM-343316599,не указана,2021,38,none,,Зерноград,827.4
2021-02-08,,,,-6.3,6.8,OSM-343316599,не указана,2021,39,none,,Зерноград,827.4
2021-02-09,,,,1.0,2.6,OSM-343316599,не указана,2021,40,none,,Зерноград,827.4
2021-02-10,,,,3.1,0.7,OSM-343316599,не указана,2021,41,none,,Зерноград,827.4
2021-02-11,,,,7.7,0.3,OSM-343316599,не указана,2021,42,none,,Зерноград,827.4
2021-02-12,,,,6.6,0.0,OSM-343316599,не указана,2021,43,none,,Зерноград,827.4
2021-02-13,,,,-3.9,1.2,OSM-343316599,не указана,2021,44,none,,Зерноград,827.4
2021-02-14,,,,-5.3,0.0,OSM-343316599,не указана,2021,45,none,,Зерноград,827.4
2021-02-15,,,,-6.0,0.0,OSM-343316599,не указана,2021,46,none,,Зерноград,827.4
2021-02-16,,,,-6.1,0.4,OSM-343316599,не указана,2021,47,none,,Зерноград,827.4
2021-02-17,,,,-8.1,0.0,OSM-343316599,не указана,2021,48,none,,Зерноград,827.4
2021-02-18,,,0.3084,-8.5,0.0,OSM-343316599,не указана,2021,49,modis,0.3084,Зерноград,827.4
2021-02-19,,,,-7.0,0.2,OSM-343316599,не указана,2021,50,none,,Зерноград,827.4
2021-02-20,,,,-4.6,0.0,OSM-343316599,не указана,2021,51,none,,Зерноград,827.4
2021-02-21,,,,-1.6,0.7,OSM-343316599,не указана,2021,52,none,,Зерноград,827.4
2021-02-22,,,,1.0,9.0,OSM-343316599,не указана,2021,53,none,,Зерноград,827.4
2021-02-23,,,,-9.9,2.8,OSM-343316599,не указана,2021,54,none,,Зерноград,827.4
2021-02-24,,,,-13.5,0.0,OSM-343316599,не указана,2021,55,none,,Зерноград,827.4
2021-02-25,,,,-6.4,0.0,OSM-343316599,не указана,2021,56,none,,Зерноград,827.4
2021-02-26,,,,3.1,0.4,OSM-343316599,не указана,2021,57,none,,Зерноград,827.4
2021-02-27,,,,4.7,3.5,OSM-343316599,не указана,2021,58,none,,Зерноград,827.4
2021-02-28,,,,2.1,0.4,OSM-343316599,не указана,2021,59,none,,Зерноград,827.4
2021-03-01,,,,1.2,1.6,OSM-343316599,не указана,2021,60,none,,Зерноград,827.4
2021-03-02,,,,1.7,1.1,OSM-343316599,не указана,2021,61,none,,Зерноград,827.4
2021-03-03,,,,1.3,4.5,OSM-343316599,не указана,2021,62,none,,Зерноград,827.4
2021-03-04,,0.33785,,2.5,0.0,OSM-343316599,не указана,2021,63,landsat,0.33785,Зерноград,827.4
2021-03-05,,,,5.2,0.0,OSM-343316599,не указана,2021,64,none,,Зерноград,827.4
2021-03-06,,,0.2279,3.5,1.1,OSM-343316599,не указана,2021,65,modis,0.2279,Зерноград,827.4
2021-03-07,,,,-0.9,0.0,OSM-343316599,не указана,2021,66,none,,Зерноград,827.4
2021-03-08,,,,1.7,0.2,OSM-343316599,не указана,2021,67,none,,Зерноград,827.4
2021-03-09,,,,0.5,1.0,OSM-343316599,не указана,2021,68,none,,Зерноград,827.4
2021-03-10,,,,-2.4,0.0,OSM-343316599,не указана,2021,69,none,,Зерноград,827.4
2021-03-11,,,,-5.4,0.0,OSM-343316599,не указана,2021,70,none,,Зерноград,827.4
2021-03-12,,0.2553499999999999,,-5.9,0.0,OSM-343316599,не указана,2021,71,landsat,0.2553499999999999,Зерноград,827.4
2021-03-13,,,,-1.0,0.3,OSM-343316599,не указана,2021,72,none,,Зерноград,827.4
2021-03-14,,,,2.2,0.2,OSM-343316599,не указана,2021,73,none,,Зерноград,827.4
2021-03-15,,,,4.0,0.0,OSM-343316599,не указана,2021,74,none,,Зерноград,827.4
2021-03-16,,,,4.6,1.4,OSM-343316599,не указана,2021,75,none,,Зерноград,827.4
2021-03-17,,,,7.1,4.2,OSM-343316599,не указана,2021,76,none,,Зерноград,827.4
2021-03-18,,,,4.9,17.5,OSM-343316599,не указана,2021,77,none,,Зерноград,827.4
2021-03-19,,,,5.4,3.2,OSM-343316599,не указана,2021,78,none,,Зерноград,827.4
2021-03-20,,,,4.1,2.0,OSM-343316599,не указана,2021,79,none,,Зерноград,827.4
2021-03-21,,,,1.9,0.3,OSM-343316599,не указана,2021,80,none,,Зерноград,827.4
2021-03-22,,,0.2509,2.9,2.6,OSM-343316599,не указана,2021,81,modis,0.2509,Зерноград,827.4
2021-03-23,,,,3.7,7.3,OSM-343316599,не указана,2021,82,none,,Зерноград,827.4
2021-03-24,,,,1.9,6.4,OSM-343316599,не указана,2021,83,none,,Зерноград,827.4
2021-03-25,,,,1.5,10.2,OSM-343316599,не указана,2021,84,none,,Зерноград,827.4
2021-03-26,,,,1.3,7.1,OSM-343316599,не указана,2021,85,none,,Зерноград,827.4
2021-03-27,,,,5.1,1.2,OSM-343316599,не указана,2021,86,none,,Зерноград,827.4
2021-03-28,,,,5.5,0.8,OSM-343316599,не указана,2021,87,none,,Зерноград,827.4
2021-03-29,,,,6.1,4.9,OSM-343316599,не указана,2021,88,none,,Зерноград,827.4
2021-03-30,,,,3.6,10.4,OSM-343316599,не указана,2021,89,none,,Зерноград,827.4
2021-03-31,,,,7.0,0.0,OSM-343316599,не указана,2021,90,none,,Зерноград,827.4
2021-04-01,,,,7.9,0.0,OSM-343316599,не указана,2021,91,none,,Зерноград,827.4
2021-04-02,,,,8.7,0.0,OSM-343316599,не указана,2021,92,none,,Зерноград,827.4
2021-04-03,,,,9.1,1.1,OSM-343316599,не указана,2021,93,none,,Зерноград,827.4
2021-04-04,,,,6.5,14.6,OSM-343316599,не указана,2021,94,none,,Зерноград,827.4
2021-04-05,,,,4.2,22.3,OSM-343316599,не указана,2021,95,none,,Зерноград,827.4
2021-04-06,,0.2592,,7.6,0.1,OSM-343316599,не указана,2021,96,landsat,0.2592,Зерноград,827.4
2021-04-07,,,0.35,12.8,1.5,OSM-343316599,не указана,2021,97,modis,0.35,Зерноград,827.4
2021-04-08,,,,9.5,4.5,OSM-343316599,не указана,2021,98,none,,Зерноград,827.4
2021-04-09,,,,5.1,7.3,OSM-343316599,не указана,2021,99,none,,Зерноград,827.4
2021-04-10,,,,7.3,2.5,OSM-343316599,не указана,2021,100,none,,Зерноград,827.4
2021-04-11,,,,9.1,0.5,OSM-343316599,не указана,2021,101,none,,Зерноград,827.4
2021-04-12,,,,10.2,1.6,OSM-343316599,не указана,2021,102,none,,Зерноград,827.4
2021-04-13,,,,11.3,6.1,OSM-343316599,не указана,2021,103,none,,Зерноград,827.4
2021-04-14,,,,11.1,1.5,OSM-343316599,не указана,2021,104,none,,Зерноград,827.4
2021-04-15,,,,11.2,0.7,OSM-343316599,не указана,2021,105,none,,Зерноград,827.4
2021-04-16,,,,11.2,3.2,OSM-343316599,не указана,2021,106,none,,Зерноград,827.4
2021-04-17,,,,10.3,1.1,OSM-343316599,не указана,2021,107,none,,Зерноград,827.4
2021-04-18,,,,9.5,2.1,OSM-343316599,не указана,2021,108,none,,Зерноград,827.4
2021-04-19,,,,11.8,3.2,OSM-343316599,не указана,2021,109,none,,Зерноград,827.4
2021-04-20,,,,12.9,12.9,OSM-343316599,не указана,2021,110,none,,Зерноград,827.4
2021-04-21,,0.4690999999999999,,11.9,0.0,OSM-343316599,не указана,2021,111,landsat,0.4690999999999999,Зерноград,827.4
2021-04-22,,0.3587,,11.9,2.6,OSM-343316599,не указана,2021,112,landsat,0.3587,Зерноград,827.4
2021-04-23,,,0.4236,12.5,1.1,OSM-343316599,не указана,2021,113,modis,0.4236,Зерноград,827.4
2021-04-24,,,,10.8,2.6,OSM-343316599,не указана,2021,114,none,,Зерноград,827.4
2021-04-25,,,,9.3,0.4,OSM-343316599,не указана,2021,115,none,,Зерноград,827.4
2021-04-26,,,,7.4,3.1,OSM-343316599,не указана,2021,116,none,,Зерноград,827.4
2021-04-27,,,,8.8,0.0,OSM-343316599,не указана,2021,117,none,,Зерноград,827.4
2021-04-28,,,,10.7,1.5,OSM-343316599,не указана,2021,118,none,,Зерноград,827.4
2021-04-29,,0.4678,,13.0,0.0,OSM-343316599,не указана,2021,119,landsat,0.4678,Зерноград,827.4
2021-04-30,,,,15.3,0.3,OSM-343316599,не указана,2021,120,none,,Зерноград,827.4
2021-05-01,,,,15.9,0.6,OSM-343316599,не указана,2021,121,none,,Зерноград,827.4
2021-05-02,,,,17.7,0.2,OSM-343316599,не указана,2021,122,none,,Зерноград,827.4
2021-05-03,,,,20.6,0.0,OSM-343316599,не указана,2021,123,none,,Зерноград,827.4
2021-05-04,,,,13.0,1.2,OSM-343316599,не указана,2021,124,none,,Зерноград,827.4
2021-05-05,,,,11.9,0.0,OSM-343316599,не указана,2021,125,none,,Зерноград,827.4
2021-05-06,,,,15.0,0.0,OSM-343316599,не указана,2021,126,none,,Зерноград,827.4
2021-05-07,,0.6507499999999999,,15.1,0.1,OSM-343316599,не указана,2021,127,landsat,0.6507499999999999,Зерноград,827.4
2021-05-08,,0.7103,,17.7,0.0,OSM-343316599,не указана,2021,128,landsat,0.7103,Зерноград,827.4
2021-05-09,,,0.8653000000000001,11.2,4.7,OSM-343316599,не указана,2021,129,modis,0.8653000000000001,Зерноград,827.4
2021-05-10,,,,9.4,11.1,OSM-343316599,не указана,2021,130,none,,Зерноград,827.4
2021-05-11,,,,9.4,9.9,OSM-343316599,не указана,2021,131,none,,Зерноград,827.4
2021-05-12,,,,12.8,2.9,OSM-343316599,не указана,2021,132,none,,Зерноград,827.4
2021-05-13,,,,17.7,0.0,OSM-343316599,не указана,2021,133,none,,Зерноград,827.4
2021-05-14,,,,21.0,0.0,OSM-343316599,не указана,2021,134,none,,Зерноград,827.4
2021-05-15,,0.76455,,21.2,0.0,OSM-343316599,не указана,2021,135,landsat,0.76455,Зерноград,827.4
2021-05-16,,,,22.6,0.0,OSM-343316599,не указана,2021,136,none,,Зерноград,827.4
2021-05-17,,,,21.5,1.8,OSM-343316599,не указана,2021,137,none,,Зерноград,827.4
2021-05-18,,,,17.7,2.6,OSM-343316599,не указана,2021,138,none,,Зерноград,827.4
2021-05-19,,,,15.6,14.6,OSM-343316599,не указана,2021,139,none,,Зерноград,827.4
2021-05-20,,,,18.3,0.0,OSM-343316599,не указана,2021,140,none,,Зерноград,827.4
2021-05-21,,,,20.6,0.0,OSM-343316599,не указана,2021,141,none,,Зерноград,827.4
2021-05-22,,,,19.5,0.1,OSM-343316599,не указана,2021,142,none,,Зерноград,827.4
2021-05-23,,0.84275,,21.2,0.1,OSM-343316599,не указана,2021,143,landsat,0.84275,Зерноград,827.4
2021-05-24,,,,19.8,5.8,OSM-343316599,не указана,2021,144,none,,Зерноград,827.4
2021-05-25,,,0.8632000000000001,17.9,0.6,OSM-343316599,не указана,2021,145,modis,0.8632000000000001,Зерноград,827.4
2021-05-26,,,,19.1,0.1,OSM-343316599,не указана,2021,146,none,,Зерноград,827.4
2021-05-27,,,,20.7,0.0,OSM-343316599,не указана,2021,147,none,,Зерноград,827.4
2021-05-28,,,,22.2,0.0,OSM-343316599,не указана,2021,148,none,,Зерноград,827.4
2021-05-29,,,,22.9,10.7,OSM-343316599,не указана,2021,149,none,,Зерноград,827.4
2021-05-30,,,,18.8,6.3,OSM-343316599,не указана,2021,150,none,,Зерноград,827.4
2021-05-31,,0.86835,,20.4,0.0,OSM-343316599,не указана,2021,151,landsat,0.86835,Зерноград,827.4
2021-06-01,,,,20.1,8.4,OSM-343316599,не указана,2021,152,none,,Зерноград,827.4
2021-06-02,,,,17.8,17.5,OSM-343316599,не указана,2021,153,none,,Зерноград,827.4
2021-06-03,,,,16.0,3.5,OSM-343316599,не указана,2021,154,none,,Зерноград,827.4
2021-06-04,,,,15.7,0.5,OSM-343316599,не указана,2021,155,none,,Зерноград,827.4
2021-06-05,,,,15.7,1.0,OSM-343316599,не указана,2021,156,none,,Зерноград,827.4
2021-06-06,,,,17.0,1.9,OSM-343316599,не указана,2021,157,none,,Зерноград,827.4
2021-06-07,,,,16.2,6.7,OSM-343316599,не указана,2021,158,none,,Зерноград,827.4
2021-06-08,,,,16.8,6.6,OSM-343316599,не указана,2021,159,none,,Зерноград,827.4
2021-06-09,,0.7612,,17.5,2.9,OSM-343316599,не указана,2021,160,landsat,0.7612,Зерноград,827.4
2021-06-10,,,0.6542,18.6,1.0,OSM-343316599,не указана,2021,161,modis,0.6542,Зерноград,827.4
2021-06-11,,,,19.8,0.1,OSM-343316599,не указана,2021,162,none,,Зерноград,827.4
2021-06-12,,,,20.6,0.2,OSM-343316599,не указана,2021,163,none,,Зерноград,827.4
2021-06-13,,,,20.9,1.7,OSM-343316599,не указана,2021,164,none,,Зерноград,827.4
2021-06-14,,,,22.0,0.0,OSM-343316599,не указана,2021,165,none,,Зерноград,827.4
2021-06-15,,,,21.9,0.8,OSM-343316599,не указана,2021,166,none,,Зерноград,827.4
2021-06-16,,0.847,,24.0,0.8,OSM-343316599,не указана,2021,167,landsat,0.847,Зерноград,827.4
2021-06-17,,,,21.6,12.1,OSM-343316599,не указана,2021,168,none,,Зерноград,827.4
2021-06-18,,,,22.1,0.0,OSM-343316599,не указана,2021,169,none,,Зерноград,827.4
2021-06-19,,,,25.3,0.0,OSM-343316599,не указана,2021,170,none,,Зерноград,827.4
2021-06-20,,,,26.1,0.0,OSM-343316599,не указана,2021,171,none,,Зерноград,827.4
2021-06-21,,,,26.7,0.0,OSM-343316599,не указана,2021,172,none,,Зерноград,827.4
2021-06-22,,,,27.0,0.0,OSM-343316599,не указана,2021,173,none,,Зерноград,827.4
2021-06-23,,,,27.5,0.0,OSM-343316599,не указана,2021,174,none,,Зерноград,827.4
2021-06-24,,0.814,,26.3,0.0,OSM-343316599,не указана,2021,175,landsat,0.814,Зерноград,827.4
2021-06-25,,,,26.0,0.0,OSM-343316599,не указана,2021,176,none,,Зерноград,827.4
2021-06-26,,,0.5421,26.2,1.1,OSM-343316599,не указана,2021,177,modis,0.5421,Зерноград,827.4
2021-06-27,,,,24.9,5.7,OSM-343316599,не указана,2021,178,none,,Зерноград,827.4
2021-06-28,,,,24.9,2.0,OSM-343316599,не указана,2021,179,none,,Зерноград,827.4
2021-06-29,,,,24.3,2.1,OSM-343316599,не указана,2021,180,none,,Зерноград,827.4
2021-06-30,,,,24.1,0.1,OSM-343316599,не указана,2021,181,none,,Зерноград,827.4
2021-07-01,,,,25.3,0.1,OSM-343316599,не указана,2021,182,none,,Зерноград,827.4
2021-07-02,,0.7993,,27.2,0.0,OSM-343316599,не указана,2021,183,landsat,0.7993,Зерноград,827.4
2021-07-03,,,,28.9,0.0,OSM-343316599,не указана,2021,184,none,,Зерноград,827.4
2021-07-04,,,,27.9,1.7,OSM-343316599,не указана,2021,185,none,,Зерноград,827.4
2021-07-05,,,,22.5,14.2,OSM-343316599,не указана,2021,186,none,,Зерноград,827.4
2021-07-06,,,,22.3,3.7,OSM-343316599,не указана,2021,187,none,,Зерноград,827.4
2021-07-07,,,,23.1,0.9,OSM-343316599,не указана,2021,188,none,,Зерноград,827.4
2021-07-08,,,,23.6,0.0,OSM-343316599,не указана,2021,189,none,,Зерноград,827.4
2021-07-09,,,,24.5,0.0,OSM-343316599,не указана,2021,190,none,,Зерноград,827.4
2021-07-10,,0.8039499999999999,,26.7,0.0,OSM-343316599,не указана,2021,191,landsat,0.8039499999999999,Зерноград,827.4
2021-07-11,,0.7122,,27.3,0.0,OSM-343316599,не указана,2021,192,landsat,0.7122,Зерноград,827.4
2021-07-12,,,0.4357,27.9,0.0,OSM-343316599,не указана,2021,193,modis,0.4357,Зерноград,827.4
2021-07-13,,,,26.3,0.0,OSM-343316599,не указана,2021,194,none,,Зерноград,827.4
2021-07-14,,,,26.5,0.0,OSM-343316599,не указана,2021,195,none,,Зерноград,827.4
2021-07-15,,,,27.6,0.0,OSM-343316599,не указана,2021,196,none,,Зерноград,827.4
2021-07-16,,,,28.6,0.0,OSM-343316599,не указана,2021,197,none,,Зерноград,827.4
2021-07-17,,,,29.1,0.0,OSM-343316599,не указана,2021,198,none,,Зерноград,827.4
2021-07-18,,0.69015,,30.8,0.0,OSM-343316599,не указана,2021,199,landsat,0.69015,Зерноград,827.4
2021-07-19,,,,31.5,0.0,OSM-343316599,не указана,2021,200,none,,Зерноград,827.4
2021-07-20,,,,31.8,0.0,OSM-343316599,не указана,2021,201,none,,Зерноград,827.4
2021-07-21,,,,30.9,0.0,OSM-343316599,не указана,2021,202,none,,Зерноград,827.4
2021-07-22,,,,24.6,19.3,OSM-343316599,не указана,2021,203,none,,Зерноград,827.4
2021-07-23,,,,22.9,1.3,OSM-343316599,не указана,2021,204,none,,Зерноград,827.4
2021-07-24,,,,23.2,0.0,OSM-343316599,не указана,2021,205,none,,Зерноград,827.4
2021-07-25,,,,25.5,0.0,OSM-343316599,не указана,2021,206,none,,Зерноград,827.4
2021-07-26,,0.67195,,27.2,0.0,OSM-343316599,не указана,2021,207,landsat,0.67195,Зерноград,827.4
2021-07-27,,,,25.2,0.0,OSM-343316599,не указана,2021,208,none,,Зерноград,827.4
2021-07-28,,,0.2776,24.5,0.0,OSM-343316599,не указана,2021,209,modis,0.2776,Зерноград,827.4
2021-07-29,,,,26.7,0.0,OSM-343316599,не указана,2021,210,none,,Зерноград,827.4
2021-07-30,,,,27.0,0.0,OSM-343316599,не указана,2021,211,none,,Зерноград,827.4
2021-07-31,,,,27.1,0.0,OSM-343316599,не указана,2021,212,none,,Зерноград,827.4
2021-08-01,,,,28.6,0.0,OSM-343316599,не указана,2021,213,none,,Зерноград,827.4
2021-08-02,,,,29.5,0.0,OSM-343316599,не указана,2021,214,none,,Зерноград,827.4
2021-08-03,,0.6577500000000001,,30.2,0.0,OSM-343316599,не указана,2021,215,landsat,0.6577500000000001,Зерноград,827.4
2021-08-04,,,,27.4,0.0,OSM-343316599,не указана,2021,216,none,,Зерноград,827.4
2021-08-05,,,,28.3,0.1,OSM-343316599,не указана,2021,217,none,,Зерноград,827.4
2021-08-06,,,,31.0,0.0,OSM-343316599,не указана,2021,218,none,,Зерноград,827.4
2021-08-07,,,,30.4,0.0,OSM-343316599,не указана,2021,219,none,,Зерноград,827.4
2021-08-08,,,,26.6,12.0,OSM-343316599,не указана,2021,220,none,,Зерноград,827.4
2021-08-09,,,,26.7,0.1,OSM-343316599,не указана,2021,221,none,,Зерноград,827.4
2021-08-10,,,,27.1,0.0,OSM-343316599,не указана,2021,222,none,,Зерноград,827.4
2021-08-11,,,,25.5,2.6,OSM-343316599,не указана,2021,223,none,,Зерноград,827.4
2021-08-12,,,,25.4,4.5,OSM-343316599,не указана,2021,224,none,,Зерноград,827.4
2021-08-13,,,0.3343,24.3,8.3,OSM-343316599,не указана,2021,225,modis,0.3343,Зерноград,827.4
2021-08-14,,,,22.5,2.6,OSM-343316599,не указана,2021,226,none,,Зерноград,827.4
2021-08-15,,,,22.7,0.3,OSM-343316599,не указана,2021,227,none,,Зерноград,827.4
2021-08-16,,,,23.4,0.3,OSM-343316599,не указана,2021,228,none,,Зерноград,827.4
2021-08-17,,,,25.3,0.0,OSM-343316599,не указана,2021,229,none,,Зерноград,827.4
2021-08-18,,,,27.0,0.0,OSM-343316599,не указана,2021,230,none,,Зерноград,827.4
2021-08-19,,0.6139,,26.2,0.3,OSM-343316599,не указана,2021,231,landsat,0.6139,Зерноград,827.4
2021-08-20,,,,23.6,0.4,OSM-343316599,не указана,2021,232,none,,Зерноград,827.4
2021-08-21,,,,22.5,1.2,OSM-343316599,не указана,2021,233,none,,Зерноград,827.4
2021-08-22,,,,24.0,2.5,OSM-343316599,не указана,2021,234,none,,Зерноград,827.4
2021-08-23,,,,23.7,2.1,OSM-343316599,не указана,2021,235,none,,Зерноград,827.4
2021-08-24,,,,23.0,0.0,OSM-343316599,не указана,2021,236,none,,Зерноград,827.4
2021-08-25,,,,23.4,0.0,OSM-343316599,не указана,2021,237,none,,Зерноград,827.4
2021-08-26,,,,25.3,0.0,OSM-343316599,не указана,2021,238,none,,Зерноград,827.4
2021-08-27,,,,26.0,0.0,OSM-343316599,не указана,2021,239,none,,Зерноград,827.4
2021-08-28,,0.6586,,27.2,0.0,OSM-343316599,не указана,2021,240,landsat,0.6586,Зерноград,827.4
2021-08-29,,,0.4297,28.1,0.0,OSM-343316599,не указана,2021,241,modis,0.4297,Зерноград,827.4
2021-08-30,,,,27.6,0.0,OSM-343316599,не указана,2021,242,none,,Зерноград,827.4
2021-08-31,,,,25.2,2.2,OSM-343316599,не указана,2021,243,none,,Зерноград,827.4
2021-09-01,,,,23.8,5.7,OSM-343316599,не указана,2021,244,none,,Зерноград,827.4
2021-09-02,,,,19.5,9.4,OSM-343316599,не указана,2021,245,none,,Зерноград,827.4
2021-09-03,,,,15.1,1.9,OSM-343316599,не указана,2021,246,none,,Зерноград,827.4
2021-09-04,,0.64125,,16.9,0.0,OSM-343316599,не указана,2021,247,landsat,0.64125,Зерноград,827.4
2021-09-05,,,,15.9,1.6,OSM-343316599,не указана,2021,248,none,,Зерноград,827.4
2021-09-06,,,,14.1,0.0,OSM-343316599,не указана,2021,249,none,,Зерноград,827.4
2021-09-07,,,,14.9,0.0,OSM-343316599,не указана,2021,250,none,,Зерноград,827.4
2021-09-08,,,,15.3,0.0,OSM-343316599,не указана,2021,251,none,,Зерноград,827.4
2021-09-09,,,,16.2,0.0,OSM-343316599,не указана,2021,252,none,,Зерноград,827.4
2021-09-10,,,,18.0,0.0,OSM-343316599,не указана,2021,253,none,,Зерноград,827.4
2021-09-11,,,,19.7,0.0,OSM-343316599,не указана,2021,254,none,,Зерноград,827.4
2021-09-12,,,,19.9,1.0,OSM-343316599,не указана,2021,255,none,,Зерноград,827.4
2021-09-13,,0.6077,,20.1,0.0,OSM-343316599,не указана,2021,256,landsat,0.6077,Зерноград,827.4
2021-09-14,,,0.2937,20.5,0.0,OSM-343316599,не указана,2021,257,modis,0.2937,Зерноград,827.4
2021-09-15,,,,20.5,0.0,OSM-343316599,не указана,2021,258,none,,Зерноград,827.4
2021-09-16,,,,17.1,0.0,OSM-343316599,не указана,2021,259,none,,Зерноград,827.4
2021-09-17,,,,16.0,0.0,OSM-343316599,не указана,2021,260,none,,Зерноград,827.4
2021-09-18,,,,17.4,0.0,OSM-343316599,не указана,2021,261,none,,Зерноград,827.4
2021-09-19,,,,19.4,14.6,OSM-343316599,не указана,2021,262,none,,Зерноград,827.4
2021-09-20,,0.5904499999999999,,18.7,5.7,OSM-343316599,не указана,2021,263,landsat,0.5904499999999999,Зерноград,827.4
2021-09-21,,,,15.6,3.2,OSM-343316599,не указана,2021,264,none,,Зерноград,827.4
2021-09-22,,,,12.7,0.0,OSM-343316599,не указана,2021,265,none,,Зерноград,827.4
2021-09-23,,,,13.3,0.1,OSM-343316599,не указана,2021,266,none,,Зерноград,827.4
2021-09-24,,,,13.3,6.7,OSM-343316599,не указана,2021,267,none,,Зерноград,827.4
2021-09-25,,,,13.2,5.2,OSM-343316599,не указана,2021,268,none,,Зерноград,827.4
2021-09-26,,,,14.4,2.9,OSM-343316599,не указана,2021,269,none,,Зерноград,827.4
2021-09-27,,,,12.4,0.0,OSM-343316599,не указана,2021,270,none,,Зерноград,827.4
2021-09-28,,0.7165,,11.5,0.0,OSM-343316599,не указана,2021,271,landsat,0.7165,Зерноград,827.4
2021-09-29,,0.3676,,10.8,0.2,OSM-343316599,не указана,2021,272,landsat,0.3676,Зерноград,827.4
2021-09-30,,,0.2726,9.2,0.0,OSM-343316599,не указана,2021,273,modis,0.2726,Зерноград,827.4
2021-10-01,,,,9.2,0.0,OSM-343316599,не указана,2021,274,none,,Зерноград,827.4
2021-10-02,,,,12.3,0.0,OSM-343316599,не указана,2021,275,none,,Зерноград,827.4
2021-10-03,,,,12.8,0.0,OSM-343316599,не указана,2021,276,none,,Зерноград,827.4
2021-10-04,,,,11.1,0.0,OSM-343316599,не указана,2021,277,none,,Зерноград,827.4
2021-10-05,,,,11.5,0.0,OSM-343316599,не указана,2021,278,none,,Зерноград,827.4
2021-10-06,,0.51155,,8.3,0.0,OSM-343316599,не указана,2021,279,landsat,0.51155,Зерноград,827.4
2021-10-07,,,,7.6,0.0,OSM-343316599,не указана,2021,280,none,,Зерноград,827.4
2021-10-08,,,,8.5,0.0,OSM-343316599,не указана,2021,281,none,,Зерноград,827.4
2021-10-09,,,,9.1,0.0,OSM-343316599,не указана,2021,282,none,,Зерноград,827.4
2021-10-10,,,,10.5,0.0,OSM-343316599,не указана,2021,283,none,,Зерноград,827.4
2021-10-11,,,,12.2,0.0,OSM-343316599,не указана,2021,284,none,,Зерноград,827.4
2021-10-12,,,,14.1,0.0,OSM-343316599,не указана,2021,285,none,,Зерноград,827.4
2021-10-13,,,,15.2,0.1,OSM-343316599,не указана,2021,286,none,,Зерноград,827.4
2021-10-14,,0.5855,,12.6,0.2,OSM-343316599,не указана,2021,287,landsat,0.5855,Зерноград,827.4
2021-10-15,,,,10.0,0.0,OSM-343316599,не указана,2021,288,none,,Зерноград,827.4
2021-10-16,,,0.2392,12.9,1.2,OSM-343316599,не указана,2021,289,modis,0.2392,Зерноград,827.4
2021-10-17,,,,13.1,0.0,OSM-343316599,не указана,2021,290,none,,Зерноград,827.4
2021-10-18,,,,11.4,0.0,OSM-343316599,не указана,2021,291,none,,Зерноград,827.4
2021-10-19,,,,7.3,1.1,OSM-343316599,не указана,2021,292,none,,Зерноград,827.4
2021-10-20,,,,4.9,0.0,OSM-343316599,не указана,2021,293,none,,Зерноград,827.4
2021-10-21,,,,8.9,0.0,OSM-343316599,не указана,2021,294,none,,Зерноград,827.4
2021-10-22,,0.3736,,13.1,0.0,OSM-343316599,не указана,2021,295,landsat,0.3736,Зерноград,827.4
2021-10-23,,,,13.7,0.6,OSM-343316599,не указана,2021,296,none,,Зерноград,827.4
2021-10-24,,,,9.9,2.5,OSM-343316599,не указана,2021,297,none,,Зерноград,827.4
2021-10-25,,,,4.8,0.0,OSM-343316599,не указана,2021,298,none,,Зерноград,827.4
2021-10-26,,,,1.9,0.0,OSM-343316599,не указана,2021,299,none,,Зерноград,827.4
2021-10-27,,,,3.7,0.0,OSM-343316599,не указана,2021,300,none,,Зерноград,827.4
2021-10-28,,,,4.9,0.0,OSM-343316599,не указана,2021,301,none,,Зерноград,827.4
2021-10-29,,,,9.2,0.1,OSM-343316599,не указана,2021,302,none,,Зерноград,827.4
2021-10-30,,0.4007,,8.8,0.0,OSM-343316599,не указана,2021,303,landsat,0.4007,Зерноград,827.4
2021-10-31,,0.2702,,8.9,0.0,OSM-343316599,не указана,2021,304,landsat,0.2702,Зерноград,827.4
2021-11-01,,,0.3602,11.3,0.0,OSM-343316599,не указана,2021,305,modis,0.3602,Зерноград,827.4
2021-11-02,,,,12.6,3.3,OSM-343316599,не указана,2021,306,none,,Зерноград,827.4
2021-11-03,,,,11.9,4.4,OSM-343316599,не указана,2021,307,none,,Зерноград,827.4
2021-11-04,,,,13.1,0.2,OSM-343316599,не указана,2021,308,none,,Зерноград,827.4
2021-11-05,,,,11.1,0.0,OSM-343316599,не указана,2021,309,none,,Зерноград,827.4
2021-11-06,,,,10.2,0.0,OSM-343316599,не указана,2021,310,none,,Зерноград,827.4
2021-11-07,,0.3111,,8.8,0.0,OSM-343316599,не указана,2021,311,landsat,0.3111,Зерноград,827.4
2021-11-08,,,,10.5,0.4,OSM-343316599,не указана,2021,312,none,,Зерноград,827.4
2021-11-09,,,,8.8,24.1,OSM-343316599,не указана,2021,313,none,,Зерноград,827.4
2021-11-10,,,,2.3,0.0,OSM-343316599,не указана,2021,314,none,,Зерноград,827.4
2021-11-11,,,,-0.4,0.0,OSM-343316599,не указана,2021,315,none,,Зерноград,827.4
2021-11-12,,,,3.4,0.0,OSM-343316599,не указана,2021,316,none,,Зерноград,827.4
2021-11-13,,,,4.4,0.0,OSM-343316599,не указана,2021,317,none,,Зерноград,827.4
2021-11-14,,,,3.1,0.0,OSM-343316599,не указана,2021,318,none,,Зерноград,827.4
2021-11-15,,0.3964,,2.2,0.0,OSM-343316599,не указана,2021,319,landsat,0.3964,Зерноград,827.4
2021-11-16,,0.3033,,-1.1,0.0,OSM-343316599,не указана,2021,320,landsat,0.3033,Зерноград,827.4
2021-11-17,,,0.3245,-2.0,0.0,OSM-343316599,не указана,2021,321,modis,0.3245,Зерноград,827.4
2021-11-18,,,,-0.2,0.0,OSM-343316599,не указана,2021,322,none,,Зерноград,827.4
2021-11-19,,,,1.3,3.2,OSM-343316599,не указана,2021,323,none,,Зерноград,827.4
2021-11-20,,,,5.7,1.7,OSM-343316599,не указана,2021,324,none,,Зерноград,827.4
2021-11-21,,,,6.6,0.0,OSM-343316599,не указана,2021,325,none,,Зерноград,827.4
2021-11-22,,,,9.7,0.3,OSM-343316599,не указана,2021,326,none,,Зерноград,827.4
2021-11-23,,,,6.9,5.2,OSM-343316599,не указана,2021,327,none,,Зерноград,827.4
2021-11-24,,,,-1.5,1.2,OSM-343316599,не указана,2021,328,none,,Зерноград,827.4
2021-11-25,,,,-3.2,0.0,OSM-343316599,не указана,2021,329,none,,Зерноград,827.4
2021-11-26,,,,0.3,0.0,OSM-343316599,не указана,2021,330,none,,Зерноград,827.4
2021-11-27,,,,3.5,2.0,OSM-343316599,не указана,2021,331,none,,Зерноград,827.4
2021-11-28,,,,9.8,16.1,OSM-343316599,не указана,2021,332,none,,Зерноград,827.4
2021-11-29,,,,13.6,4.5,OSM-343316599,не указана,2021,333,none,,Зерноград,827.4
2021-11-30,,,,10.4,18.7,OSM-343316599,не указана,2021,334,none,,Зерноград,827.4
2021-12-01,,0.489,,3.6,6.0,OSM-343316599,не указана,2021,335,landsat,0.489,Зерноград,827.4
2021-12-02,,,,3.8,0.0,OSM-343316599,не указана,2021,336,none,,Зерноград,827.4
2021-12-03,,,0.2687,6.6,0.0,OSM-343316599,не указана,2021,337,modis,0.2687,Зерноград,827.4
2021-12-04,,,,10.0,2.5,OSM-343316599,не указана,2021,338,none,,Зерноград,827.4
2021-12-05,,,,7.1,6.3,OSM-343316599,не указана,2021,339,none,,Зерноград,827.4
2021-12-06,,,,4.7,0.2,OSM-343316599,не указана,2021,340,none,,Зерноград,827.4
2021-12-07,,,,7.6,0.0,OSM-343316599,не указана,2021,341,none,,Зерноград,827.4
2021-12-08,,,,7.3,0.4,OSM-343316599,не указана,2021,342,none,,Зерноград,827.4
2021-12-09,,,,7.1,0.4,OSM-343316599,не указана,2021,343,none,,Зерноград,827.4
2021-12-10,,,,6.6,0.0,OSM-343316599,не указана,2021,344,none,,Зерноград,827.4
2021-12-11,,,,1.8,0.0,OSM-343316599,не указана,2021,345,none,,Зерноград,827.4
2021-12-12,,,,0.4,0.0,OSM-343316599,не указана,2021,346,none,,Зерноград,827.4
2021-12-13,,,,1.6,0.0,OSM-343316599,не указана,2021,347,none,,Зерноград,827.4
2021-12-14,,,,4.6,0.0,OSM-343316599,не указана,2021,348,none,,Зерноград,827.4
2021-12-15,,,,4.4,0.0,OSM-343316599,не указана,2021,349,none,,Зерноград,827.4
2021-12-16,,,,3.2,0.0,OSM-343316599,не указана,2021,350,none,,Зерноград,827.4
2021-12-17,,,,3.1,5.1,OSM-343316599,не указана,2021,351,none,,Зерноград,827.4
2021-12-18,,,,1.6,0.0,OSM-343316599,не указана,2021,352,none,,Зерноград,827.4
2021-12-19,,,0.4986,1.6,0.0,OSM-343316599,не указана,2021,353,modis,0.4986,Зерноград,827.4
2021-12-20,,,,3.6,6.1,OSM-343316599,не указана,2021,354,none,,Зерноград,827.4
2021-12-21,,,,-0.4,0.9,OSM-343316599,не указана,2021,355,none,,Зерноград,827.4
2021-12-22,,,,-7.2,2.2,OSM-343316599,не указана,2021,356,none,,Зерноград,827.4
2021-12-23,,,,-9.2,0.0,OSM-343316599,не указана,2021,357,none,,Зерноград,827.4
2021-12-24,,,,-7.0,0.0,OSM-343316599,не указана,2021,358,none,,Зерноград,827.4
2021-12-25,,,,2.6,11.6,OSM-343316599,не указана,2021,359,none,,Зерноград,827.4
2021-12-26,,,,3.6,38.6,OSM-343316599,не указана,2021,360,none,,Зерноград,827.4
2021-12-27,,,,-3.6,10.8,OSM-343316599,не указана,2021,361,none,,Зерноград,827.4
2021-12-28,,,,-1.8,8.2,OSM-343316599,не указана,2021,362,none,,Зерноград,827.4
2021-12-29,,,,1.4,13.7,OSM-343316599,не указана,2021,363,none,,Зерноград,827.4
2021-12-30,,,,0.7,0.1,OSM-343316599,не указана,2021,364,none,,Зерноград,827.4
2021-12-31,,,,0.6,1.6,OSM-343316599,не указана,2021,365,none,,Зерноград,827.4
2022-01-01,,,0.3914,3.1,3.9,OSM-343316599,не указана,2022,1,modis,0.3914,Зерноград,827.4
2022-01-02,,,,-0.6,1.7,OSM-343316599,не указана,2022,2,none,,Зерноград,827.4
2022-01-03,,,,0.0,5.7,OSM-343316599,не указана,2022,3,none,,Зерноград,827.4
2022-01-04,,,,3.9,0.5,OSM-343316599,не указана,2022,4,none,,Зерноград,827.4
2022-01-05,,,,6.1,0.9,OSM-343316599,не указана,2022,5,none,,Зерноград,827.4
2022-01-06,,,,11.8,0.0,OSM-343316599,не указана,2022,6,none,,Зерноград,827.4
2022-01-07,,,,5.7,0.0,OSM-343316599,не указана,2022,7,none,,Зерноград,827.4
2022-01-08,,,,-2.2,0.0,OSM-343316599,не указана,2022,8,none,,Зерноград,827.4
2022-01-09,,,,1.1,0.0,OSM-343316599,не указана,2022,9,none,,Зерноград,827.4
2022-01-10,,,,2.0,0.0,OSM-343316599,не указана,2022,10,none,,Зерноград,827.4
2022-01-11,,,,2.6,2.6,OSM-343316599,не указана,2022,11,none,,Зерноград,827.4
2022-01-12,,,,-2.6,1.6,OSM-343316599,не указана,2022,12,none,,Зерноград,827.4
2022-01-13,,,,-8.2,0.0,OSM-343316599,не указана,2022,13,none,,Зерноград,827.4
2022-01-14,,,,-1.1,5.7,OSM-343316599,не указана,2022,14,none,,Зерноград,827.4
2022-01-15,,,,-0.6,0.4,OSM-343316599,не указана,2022,15,none,,Зерноград,827.4
2022-01-16,,,,-1.8,0.0,OSM-343316599,не указана,2022,16,none,,Зерноград,827.4
2022-01-17,,,0.0187,0.7,0.9,OSM-343316599,не указана,2022,17,modis,0.0187,Зерноград,827.4
2022-01-18,,,,0.4,9.2,OSM-343316599,не указана,2022,18,none,,Зерноград,827.4
2022-01-19,,,,-3.0,0.5,OSM-343316599,не указана,2022,19,none,,Зерноград,827.4
2022-01-20,,,,-4.5,0.0,OSM-343316599,не указана,2022,20,none,,Зерноград,827.4
2022-01-21,,,,0.3,10.0,OSM-343316599,не указана,2022,21,none,,Зерноград,827.4
2022-01-22,,,,-2.2,3.4,OSM-343316599,не указана,2022,22,none,,Зерноград,827.4
2022-01-23,,,,-2.4,10.6,OSM-343316599,не указана,2022,23,none,,Зерноград,827.4
2022-01-24,,,,-3.1,0.9,OSM-343316599,не указана,2022,24,none,,Зерноград,827.4
2022-01-25,,,,-4.8,0.4,OSM-343316599,не указана,2022,25,none,,Зерноград,827.4
2022-01-26,,-0.0367,,-5.6,0.0,OSM-343316599,не указана,2022,26,landsat,-0.0367,Зерноград,827.4
2022-01-27,,,,-4.7,0.0,OSM-343316599,не указана,2022,27,none,,Зерноград,827.4
2022-01-28,,,,-4.6,1.1,OSM-343316599,не указана,2022,28,none,,Зерноград,827.4
2022-01-29,,,,1.3,2.3,OSM-343316599,не указана,2022,29,none,,Зерноград,827.4
2022-01-30,,,,0.1,1.0,OSM-343316599,не указана,2022,30,none,,Зерноград,827.4
2022-01-31,,,,1.3,1.6,OSM-343316599,не указана,2022,31,none,,Зерноград,827.4
2022-02-01,,,,1.0,0.2,OSM-343316599,не указана,2022,32,none,,Зерноград,827.4
2022-02-02,,,0.2797,4.5,8.4,OSM-343316599,не указана,2022,33,modis,0.2797,Зерноград,827.4
2022-02-03,,,,5.2,2.3,OSM-343316599,не указана,2022,34,none,,Зерноград,827.4
2022-02-04,,,,1.3,5.2,OSM-343316599,не указана,2022,35,none,,Зерноград,827.4
2022-02-05,,,,-2.5,0.1,OSM-343316599,не указана,2022,36,none,,Зерноград,827.4
2022-02-06,,,,-1.9,4.0,OSM-343316599,не указана,2022,37,none,,Зерноград,827.4
2022-02-07,,,,1.3,0.9,OSM-343316599,не указана,2022,38,none,,Зерноград,827.4
2022-02-08,,,,3.6,6.7,OSM-343316599,не указана,2022,39,none,,Зерноград,827.4
2022-02-09,,,,2.5,2.5,OSM-343316599,не указана,2022,40,none,,Зерноград,827.4
2022-02-10,,,,2.2,0.4,OSM-343316599,не указана,2022,41,none,,Зерноград,827.4
2022-02-11,,0.0029,,5.1,0.7,OSM-343316599,не указана,2022,42,landsat,0.0029,Зерноград,827.4
2022-02-12,,,,5.4,2.8,OSM-343316599,не указана,2022,43,none,,Зерноград,827.4
2022-02-13,,,,0.2,0.0,OSM-343316599,не указана,2022,44,none,,Зерноград,827.4
2022-02-14,,,,0.1,0.0,OSM-343316599,не указана,2022,45,none,,Зерноград,827.4
2022-02-15,,,,1.0,0.0,OSM-343316599,не указана,2022,46,none,,Зерноград,827.4
2022-02-16,,,,2.7,0.0,OSM-343316599,не указана,2022,47,none,,Зерноград,827.4
2022-02-17,,,,3.4,0.0,OSM-343316599,не указана,2022,48,none,,Зерноград,827.4
2022-02-18,,,0.1129,5.4,9.0,OSM-343316599,не указана,2022,49,modis,0.1129,Зерноград,827.4
2022-02-19,,,,5.1,1.1,OSM-343316599,не указана,2022,50,none,,Зерноград,827.4
2022-02-20,,,,5.5,2.3,OSM-343316599,не указана,2022,51,none,,Зерноград,827.4
2022-02-21,,,,5.1,1.5,OSM-343316599,не указана,2022,52,none,,Зерноград,827.4
2022-02-22,,,,7.4,0.0,OSM-343316599,не указана,2022,53,none,,Зерноград,827.4
2022-02-23,,,,8.9,10.8,OSM-343316599,не указана,2022,54,none,,Зерноград,827.4
2022-02-24,,,,6.5,4.8,OSM-343316599,не указана,2022,55,none,,Зерноград,827.4
2022-02-25,,,,7.5,0.5,OSM-343316599,не указана,2022,56,none,,Зерноград,827.4
2022-02-26,,,,5.0,1.1,OSM-343316599,не указана,2022,57,none,,Зерноград,827.4
2022-02-27,,,,3.5,0.0,OSM-343316599,не указана,2022,58,none,,Зерноград,827.4
2022-02-28,,,,2.6,0.0,OSM-343316599,не указана,2022,59,none,,Зерноград,827.4
2022-03-01,,,,3.2,2.9,OSM-343316599,не указана,2022,60,none,,Зерноград,827.4
2022-03-02,,,,3.5,3.3,OSM-343316599,не указана,2022,61,none,,Зерноград,827.4
2022-03-03,,,,4.7,8.7,OSM-343316599,не указана,2022,62,none,,Зерноград,827.4
2022-03-04,,,,3.2,0.9,OSM-343316599,не указана,2022,63,none,,Зерноград,827.4
2022-03-05,,,,2.4,1.3,OSM-343316599,не указана,2022,64,none,,Зерноград,827.4
2022-03-06,,,0.3011,-0.6,0.8,OSM-343316599,не указана,2022,65,modis,0.3011,Зерноград,827.4
2022-03-07,,,,-0.2,0.0,OSM-343316599,не указана,2022,66,none,,Зерноград,827.4
2022-03-08,,,,-0.3,1.1,OSM-343316599,не указана,2022,67,none,,Зерноград,827.4
2022-03-09,,,,-0.8,0.4,OSM-343316599,не указана,2022,68,none,,Зерноград,827.4
2022-03-10,,,,-2.5,0.0,OSM-343316599,не указана,2022,69,none,,Зерноград,827.4
2022-03-11,,,,-2.6,0.0,OSM-343316599,не указана,2022,70,none,,Зерноград,827.4
2022-03-12,,,,-4.2,0.1,OSM-343316599,не указана,2022,71,none,,Зерноград,827.4
2022-03-13,,,,-3.4,0.0,OSM-343316599,не указана,2022,72,none,,Зерноград,827.4
2022-03-14,,,,-2.2,0.0,OSM-343316599,не указана,2022,73,none,,Зерноград,827.4
2022-03-15,,,,-0.0,1.5,OSM-343316599,не указана,2022,74,none,,Зерноград,827.4
2022-03-16,,,,-3.7,0.0,OSM-343316599,не указана,2022,75,none,,Зерноград,827.4
2022-03-17,,,,-5.3,0.0,OSM-343316599,не указана,2022,76,none,,Зерноград,827.4
2022-03-18,,,,-3.9,0.0,OSM-343316599,не указана,2022,77,none,,Зерноград,827.4
2022-03-19,,,,-2.3,0.0,OSM-343316599,не указана,2022,78,none,,Зерноград,827.4
2022-03-20,,,,-1.3,0.0,OSM-343316599,не указана,2022,79,none,,Зерноград,827.4
2022-03-21,,,,2.4,0.0,OSM-343316599,не указана,2022,80,none,,Зерноград,827.4
2022-03-22,,,0.2885,2.5,0.0,OSM-343316599,не указана,2022,81,modis,0.2885,Зерноград,827.4
2022-03-23,,0.32145,,2.5,0.0,OSM-343316599,не указана,2022,82,landsat,0.32145,Зерноград,827.4
2022-03-24,,0.2799,,2.3,0.0,OSM-343316599,не указана,2022,83,landsat,0.2799,Зерноград,827.4
2022-03-25,,,,2.8,0.2,OSM-343316599,не указана,2022,84,none,,Зерноград,827.4
2022-03-26,,,,5.7,0.0,OSM-343316599,не указана,2022,85,none,,Зерноград,827.4
2022-03-27,,,,3.7,8.0,OSM-343316599,не указана,2022,86,none,,Зерноград,827.4
2022-03-28,,,,1.6,0.0,OSM-343316599,не указана,2022,87,none,,Зерноград,827.4
2022-03-29,,,,9.0,0.0,OSM-343316599,не указана,2022,88,none,,Зерноград,827.4
2022-03-30,,,,12.5,0.2,OSM-343316599,не указана,2022,89,none,,Зерноград,827.4
2022-03-31,,,,13.4,0.0,OSM-343316599,не указана,2022,90,none,,Зерноград,827.4
2022-04-01,,,,16.5,0.2,OSM-343316599,не указана,2022,91,none,,Зерноград,827.4
2022-04-02,,,,16.7,0.3,OSM-343316599,не указана,2022,92,none,,Зерноград,827.4
2022-04-03,,,,13.0,1.5,OSM-343316599,не указана,2022,93,none,,Зерноград,827.4
2022-04-04,,,,6.7,1.3,OSM-343316599,не указана,2022,94,none,,Зерноград,827.4
2022-04-05,,,,5.7,0.2,OSM-343316599,не указана,2022,95,none,,Зерноград,827.4
2022-04-06,,,,7.7,0.0,OSM-343316599,не указана,2022,96,none,,Зерноград,827.4
2022-04-07,,,0.3701,10.9,0.0,OSM-343316599,не указана,2022,97,modis,0.3701,Зерноград,827.4
2022-04-08,,,,11.5,5.4,OSM-343316599,не указана,2022,98,none,,Зерноград,827.4
2022-04-09,,,,12.4,2.6,OSM-343316599,не указана,2022,99,none,,Зерноград,827.4
2022-04-10,,,,15.2,0.0,OSM-343316599,не указана,2022,100,none,,Зерноград,827.4
2022-04-11,,,,16.9,0.0,OSM-343316599,не указана,2022,101,none,,Зерноград,827.4
2022-04-12,,,,9.9,11.1,OSM-343316599,не указана,2022,102,none,,Зерноград,827.4
2022-04-13,,,,6.0,8.5,OSM-343316599,не указана,2022,103,none,,Зерноград,827.4
2022-04-14,,,,7.0,6.0,OSM-343316599,не указана,2022,104,none,,Зерноград,827.4
2022-04-15,,,,10.9,0.5,OSM-343316599,не указана,2022,105,none,,Зерноград,827.4
2022-04-16,,,,10.7,0.2,OSM-343316599,не указана,2022,106,none,,Зерноград,827.4
2022-04-17,,,,14.1,0.0,OSM-343316599,не указана,2022,107,none,,Зерноград,827.4
2022-04-18,,,,15.1,1.5,OSM-343316599,не указана,2022,108,none,,Зерноград,827.4
2022-04-19,,,,16.0,10.5,OSM-343316599,не указана,2022,109,none,,Зерноград,827.4
2022-04-20,,,,10.3,8.5,OSM-343316599,не указана,2022,110,none,,Зерноград,827.4
2022-04-21,,,,9.9,6.7,OSM-343316599,не указана,2022,111,none,,Зерноград,827.4
2022-04-22,,,,8.7,0.8,OSM-343316599,не указана,2022,112,none,,Зерноград,827.4
2022-04-23,,,0.7998000000000001,11.9,0.0,OSM-343316599,не указана,2022,113,modis,0.7998000000000001,Зерноград,827.4
2022-04-24,,,,14.4,0.7,OSM-343316599,не указана,2022,114,none,,Зерноград,827.4
2022-04-25,,,,15.7,0.0,OSM-343316599,не указана,2022,115,none,,Зерноград,827.4
2022-04-26,,,,19.2,0.0,OSM-343316599,не указана,2022,116,none,,Зерноград,827.4
2022-04-27,,,,17.8,0.0,OSM-343316599,не указана,2022,117,none,,Зерноград,827.4
2022-04-28,,,,16.0,0.0,OSM-343316599,не указана,2022,118,none,,Зерноград,827.4
2022-04-29,,,,15.7,0.2,OSM-343316599,не указана,2022,119,none,,Зерноград,827.4
2022-04-30,,,,13.5,1.1,OSM-343316599,не указана,2022,120,none,,Зерноград,827.4
2022-05-01,,,,13.5,0.2,OSM-343316599,не указана,2022,121,none,,Зерноград,827.4
2022-05-02,,,,10.0,1.0,OSM-343316599,не указана,2022,122,none,,Зерноград,827.4
2022-05-03,,,,9.6,0.0,OSM-343316599,не указана,2022,123,none,,Зерноград,827.4
2022-05-04,,,,13.2,0.5,OSM-343316599,не указана,2022,124,none,,Зерноград,827.4
2022-05-05,,,,12.1,17.4,OSM-343316599,не указана,2022,125,none,,Зерноград,827.4
2022-05-06,,,,10.3,0.0,OSM-343316599,не указана,2022,126,none,,Зерноград,827.4
2022-05-07,,,,10.6,0.0,OSM-343316599,не указана,2022,127,none,,Зерноград,827.4
2022-05-08,,,,11.9,0.0,OSM-343316599,не указана,2022,128,none,,Зерноград,827.4
2022-05-09,,,0.8057000000000001,14.2,0.1,OSM-343316599,не указана,2022,129,modis,0.8057000000000001,Зерноград,827.4
2022-05-10,,0.7601,,10.8,0.3,OSM-343316599,не указана,2022,130,landsat,0.7601,Зерноград,827.4
2022-05-11,,,,11.7,0.3,OSM-343316599,не указана,2022,131,none,,Зерноград,827.4
2022-05-12,,,,15.4,0.0,OSM-343316599,не указана,2022,132,none,,Зерноград,827.4
2022-05-13,,,,16.7,0.0,OSM-343316599,не указана,2022,133,none,,Зерноград,827.4
2022-05-14,,,,16.0,1.0,OSM-343316599,не указана,2022,134,none,,Зерноград,827.4
2022-05-15,,0.70225,,16.4,0.2,OSM-343316599,не указана,2022,135,landsat,0.70225,Зерноград,827.4
2022-05-16,,,,16.1,0.0,OSM-343316599,не указана,2022,136,none,,Зерноград,827.4
2022-05-17,,,,15.1,3.4,OSM-343316599,не указана,2022,137,none,,Зерноград,827.4
2022-05-18,,,,13.7,16.9,OSM-343316599,не указана,2022,138,none,,Зерноград,827.4
2022-05-19,,,,13.3,2.6,OSM-343316599,не указана,2022,139,none,,Зерноград,827.4
2022-05-20,,,,15.4,0.8,OSM-343316599,не указана,2022,140,none,,Зерноград,827.4
2022-05-21,,,,16.8,0.2,OSM-343316599,не указана,2022,141,none,,Зерноград,827.4
2022-05-22,,,,14.1,11.1,OSM-343316599,не указана,2022,142,none,,Зерноград,827.4
2022-05-23,,,,13.7,0.3,OSM-343316599,не указана,2022,143,none,,Зерноград,827.4
2022-05-24,,,,13.4,0.2,OSM-343316599,не указана,2022,144,none,,Зерноград,827.4
2022-05-25,,,0.8531000000000001,15.6,0.0,OSM-343316599,не указана,2022,145,modis,0.8531000000000001,Зерноград,827.4
2022-05-26,,0.84565,,17.3,1.1,OSM-343316599,не указана,2022,146,landsat,0.84565,Зерноград,827.4
2022-05-27,,0.8416,,17.9,0.5,OSM-343316599,не указана,2022,147,landsat,0.8416,Зерноград,827.4
2022-05-28,,,,19.0,0.0,OSM-343316599,не указана,2022,148,none,,Зерноград,827.4
2022-05-29,,,,22.0,0.0,OSM-343316599,не указана,2022,149,none,,Зерноград,827.4
2022-05-30,,,,24.0,0.0,OSM-343316599,не указана,2022,150,none,,Зерноград,827.4
2022-05-31,,,,26.8,0.0,OSM-343316599,не указана,2022,151,none,,Зерноград,827.4
2022-06-01,,,,26.3,0.0,OSM-343316599,не указана,2022,152,none,,Зерноград,827.4
2022-06-02,,,,26.8,0.0,OSM-343316599,не указана,2022,153,none,,Зерноград,827.4
2022-06-03,,0.8513999999999999,,26.1,0.0,OSM-343316599,не указана,2022,154,landsat,0.8513999999999999,Зерноград,827.4
2022-06-04,,,,26.2,0.0,OSM-343316599,не указана,2022,155,none,,Зерноград,827.4
2022-06-05,,,,26.2,0.0,OSM-343316599,не указана,2022,156,none,,Зерноград,827.4
2022-06-06,,,,22.3,0.0,OSM-343316599,не указана,2022,157,none,,Зерноград,827.4
2022-06-07,,,,21.3,0.0,OSM-343316599,не указана,2022,158,none,,Зерноград,827.4
2022-06-08,,,,23.1,0.0,OSM-343316599,не указана,2022,159,none,,Зерноград,827.4
2022-06-09,,,,23.8,0.0,OSM-343316599,не указана,2022,160,none,,Зерноград,827.4
2022-06-10,,,0.7903,24.6,0.0,OSM-343316599,не указана,2022,161,modis,0.7903,Зерноград,827.4
2022-06-11,,0.8580000000000001,,25.0,0.0,OSM-343316599,не указана,2022,162,landsat,0.8580000000000001,Зерноград,827.4
2022-06-12,,,,26.7,0.0,OSM-343316599,не указана,2022,163,none,,Зерноград,827.4
2022-06-13,,,,26.1,0.0,OSM-343316599,не указана,2022,164,none,,Зерноград,827.4
2022-06-14,,,,23.1,5.7,OSM-343316599,не указана,2022,165,none,,Зерноград,827.4
2022-06-15,,,,21.7,2.0,OSM-343316599,не указана,2022,166,none,,Зерноград,827.4
2022-06-16,,,,20.7,0.8,OSM-343316599,не указана,2022,167,none,,Зерноград,827.4
2022-06-17,,,,21.5,0.0,OSM-343316599,не указана,2022,168,none,,Зерноград,827.4
2022-06-18,,,,22.9,0.0,OSM-343316599,не указана,2022,169,none,,Зерноград,827.4
2022-06-19,,0.8483,,24.2,0.0,OSM-343316599,не указана,2022,170,landsat,0.8483,Зерноград,827.4
2022-06-20,,,,25.6,0.0,OSM-343316599,не указана,2022,171,none,,Зерноград,827.4
2022-06-21,,,,25.9,1.8,OSM-343316599,не указана,2022,172,none,,Зерноград,827.4
2022-06-22,,,,22.9,1.6,OSM-343316599,не указана,2022,173,none,,Зерноград,827.4
2022-06-23,,,,19.0,0.6,OSM-343316599,не указана,2022,174,none,,Зерноград,827.4
2022-06-24,,,,19.2,1.1,OSM-343316599,не указана,2022,175,none,,Зерноград,827.4
2022-06-25,,,,20.8,0.0,OSM-343316599,не указана,2022,176,none,,Зерноград,827.4
2022-06-26,,,0.5756,23.2,3.3,OSM-343316599,не указана,2022,177,modis,0.5756,Зерноград,827.4
2022-06-27,,,,22.6,12.6,OSM-343316599,не указана,2022,178,none,,Зерноград,827.4
2022-06-28,,,,19.5,3.8,OSM-343316599,не указана,2022,179,none,,Зерноград,827.4
2022-06-29,,,,23.2,0.0,OSM-343316599,не указана,2022,180,none,,Зерноград,827.4
2022-06-30,,,,22.0,0.0,OSM-343316599,не указана,2022,181,none,,Зерноград,827.4
2022-07-01,,,,22.8,0.0,OSM-343316599,не указана,2022,182,none,,Зерноград,827.4
2022-07-02,,,,19.4,0.0,OSM-343316599,не указана,2022,183,none,,Зерноград,827.4
2022-07-03,,,,21.0,0.0,OSM-343316599,не указана,2022,184,none,,Зерноград,827.4
2022-07-04,,,,23.8,0.0,OSM-343316599,не указана,2022,185,none,,Зерноград,827.4
2022-07-05,,0.7897666666666666,,25.6,0.0,OSM-343316599,не указана,2022,186,landsat,0.7897666666666666,Зерноград,827.4
2022-07-06,,,,25.8,0.0,OSM-343316599,не указана,2022,187,none,,Зерноград,827.4
2022-07-07,,,,25.6,0.0,OSM-343316599,не указана,2022,188,none,,Зерноград,827.4
2022-07-08,,,,26.3,0.0,OSM-343316599,не указана,2022,189,none,,Зерноград,827.4
2022-07-09,,,,28.9,0.0,OSM-343316599,не указана,2022,190,none,,Зерноград,827.4
2022-07-10,,,,28.2,0.3,OSM-343316599,не указана,2022,191,none,,Зерноград,827.4
2022-07-11,,,,23.0,16.6,OSM-343316599,не указана,2022,192,none,,Зерноград,827.4
2022-07-12,,,0.2905,24.3,0.0,OSM-343316599,не указана,2022,193,modis,0.2905,Зерноград,827.4
2022-07-13,,0.7536499999999999,,24.6,0.0,OSM-343316599,не указана,2022,194,landsat,0.7536499999999999,Зерноград,827.4
2022-07-14,,,,23.3,0.0,OSM-343316599,не указана,2022,195,none,,Зерноград,827.4
2022-07-15,,,,23.5,0.0,OSM-343316599,не указана,2022,196,none,,Зерноград,827.4
2022-07-16,,,,23.7,2.2,OSM-343316599,не указана,2022,197,none,,Зерноград,827.4
2022-07-17,,0.73995,,26.5,0.0,OSM-343316599,не указана,2022,198,landsat,0.73995,Зерноград,827.4
2022-07-18,,,,24.8,0.1,OSM-343316599,не указана,2022,199,none,,Зерноград,827.4
2022-07-19,,,,22.5,0.0,OSM-343316599,не указана,2022,200,none,,Зерноград,827.4
2022-07-20,,,,23.8,0.0,OSM-343316599,не указана,2022,201,none,,Зерноград,827.4
2022-07-21,,0.7564,,22.4,0.9,OSM-343316599,не указана,2022,202,landsat,0.7564,Зерноград,827.4
2022-07-22,,,,20.2,8.8,OSM-343316599,не указана,2022,203,none,,Зерноград,827.4
2022-07-23,,,,19.1,10.0,OSM-343316599,не указана,2022,204,none,,Зерноград,827.4
2022-07-24,,,,21.4,0.0,OSM-343316599,не указана,2022,205,none,,Зерноград,827.4
2022-07-25,,,,23.5,0.1,OSM-343316599,не указана,2022,206,none,,Зерноград,827.4
2022-07-26,,,,21.8,5.1,OSM-343316599,не указана,2022,207,none,,Зерноград,827.4
2022-07-27,,,,21.9,0.1,OSM-343316599,не указана,2022,208,none,,Зерноград,827.4
2022-07-28,,,0.495,24.9,0.3,OSM-343316599,не указана,2022,209,modis,0.495,Зерноград,827.4
2022-07-29,,0.7968999999999999,,27.5,0.0,OSM-343316599,не указана,2022,210,landsat,0.7968999999999999,Зерноград,827.4
2022-07-30,,,,27.3,0.1,OSM-343316599,не указана,2022,211,none,,Зерноград,827.4
2022-07-31,,,,27.6,0.1,OSM-343316599,не указана,2022,212,none,,Зерноград,827.4
2022-08-01,,,,29.1,0.0,OSM-343316599,не указана,2022,213,none,,Зерноград,827.4
2022-08-02,,,,23.6,20.5,OSM-343316599,не указана,2022,214,none,,Зерноград,827.4
2022-08-03,,0.7027,,23.6,0.1,OSM-343316599,не указана,2022,215,landsat,0.7027,Зерноград,827.4
2022-08-04,,,,25.3,0.6,OSM-343316599,не указана,2022,216,none,,Зерноград,827.4
2022-08-05,,,,24.6,3.4,OSM-343316599,не указана,2022,217,none,,Зерноград,827.4
2022-08-06,,0.7316499999999999,,25.5,0.7,OSM-343316599,не указана,2022,218,landsat,0.7316499999999999,Зерноград,827.4
2022-08-07,,,,25.5,0.0,OSM-343316599,не указана,2022,219,none,,Зерноград,827.4
2022-08-08,,,,25.9,0.0,OSM-343316599,не указана,2022,220,none,,Зерноград,827.4
2022-08-09,,,,26.1,0.0,OSM-343316599,не указана,2022,221,none,,Зерноград,827.4
2022-08-10,,,,27.8,0.0,OSM-343316599,не указана,2022,222,none,,Зерноград,827.4
2022-08-11,,,,28.4,0.0,OSM-343316599,не указана,2022,223,none,,Зерноград,827.4
2022-08-12,,,,27.1,2.5,OSM-343316599,не указана,2022,224,none,,Зерноград,827.4
2022-08-13,,,0.528,27.9,0.0,OSM-343316599,не указана,2022,225,modis,0.528,Зерноград,827.4
2022-08-14,,,,29.1,0.0,OSM-343316599,не указана,2022,226,none,,Зерноград,827.4
2022-08-15,,,,30.4,0.0,OSM-343316599,не указана,2022,227,none,,Зерноград,827.4
2022-08-16,,,,28.6,0.0,OSM-343316599,не указана,2022,228,none,,Зерноград,827.4
2022-08-17,,,,26.9,0.0,OSM-343316599,не указана,2022,229,none,,Зерноград,827.4
2022-08-18,,,,25.5,1.3,OSM-343316599,не указана,2022,230,none,,Зерноград,827.4
2022-08-19,,,,25.0,1.0,OSM-343316599,не указана,2022,231,none,,Зерноград,827.4
2022-08-20,,,,24.0,14.8,OSM-343316599,не указана,2022,232,none,,Зерноград,827.4
2022-08-21,,,,25.4,0.3,OSM-343316599,не указана,2022,233,none,,Зерноград,827.4
2022-08-22,,,,25.9,0.0,OSM-343316599,не указана,2022,234,none,,Зерноград,827.4
2022-08-23,,,,27.2,0.0,OSM-343316599,не указана,2022,235,none,,Зерноград,827.4
2022-08-24,,,,26.9,0.0,OSM-343316599,не указана,2022,236,none,,Зерноград,827.4
2022-08-25,,,,27.0,0.0,OSM-343316599,не указана,2022,237,none,,Зерноград,827.4
2022-08-26,,,,26.7,0.0,OSM-343316599,не указана,2022,238,none,,Зерноград,827.4
2022-08-27,,,,27.2,0.0,OSM-343316599,не указана,2022,239,none,,Зерноград,827.4
2022-08-28,,,,27.8,0.0,OSM-343316599,не указана,2022,240,none,,Зерноград,827.4
2022-08-29,,,0.3928,25.8,2.1,OSM-343316599,не указана,2022,241,modis,0.3928,Зерноград,827.4
2022-08-30,,,,26.7,0.0,OSM-343316599,не указана,2022,242,none,,Зерноград,827.4
2022-08-31,,,,27.6,0.0,OSM-343316599,не указана,2022,243,none,,Зерноград,827.4
2022-09-01,,,,27.1,0.0,OSM-343316599,не указана,2022,244,none,,Зерноград,827.4
2022-09-02,,,,22.9,0.0,OSM-343316599,не указана,2022,245,none,,Зерноград,827.4
2022-09-03,,,,22.0,6.5,OSM-343316599,не указана,2022,246,none,,Зерноград,827.4
2022-09-04,,,,19.2,0.6,OSM-343316599,не указана,2022,247,none,,Зерноград,827.4
2022-09-05,,,,15.2,0.0,OSM-343316599,не указана,2022,248,none,,Зерноград,827.4
2022-09-06,,,,15.6,0.0,OSM-343316599,не указана,2022,249,none,,Зерноград,827.4
2022-09-07,,0.7337,,14.9,0.0,OSM-343316599,не указана,2022,250,landsat,0.7337,Зерноград,827.4
2022-09-08,,,,15.1,0.0,OSM-343316599,не указана,2022,251,none,,Зерноград,827.4
2022-09-09,,,,16.4,0.0,OSM-343316599,не указана,2022,252,none,,Зерноград,827.4
2022-09-10,,,,15.3,0.0,OSM-343316599,не указана,2022,253,none,,Зерноград,827.4
2022-09-11,,,,18.1,0.7,OSM-343316599,не указана,2022,254,none,,Зерноград,827.4
2022-09-12,,,,19.2,10.1,OSM-343316599,не указана,2022,255,none,,Зерноград,827.4
2022-09-13,,,,18.3,7.7,OSM-343316599,не указана,2022,256,none,,Зерноград,827.4
2022-09-14,,,0.5272,16.2,0.6,OSM-343316599,не указана,2022,257,modis,0.5272,Зерноград,827.4
2022-09-15,,,,19.2,0.4,OSM-343316599,не указана,2022,258,none,,Зерноград,827.4
2022-09-16,,,,22.2,3.5,OSM-343316599,не указана,2022,259,none,,Зерноград,827.4
2022-09-17,,,,21.3,0.4,OSM-343316599,не указана,2022,260,none,,Зерноград,827.4
2022-09-18,,,,25.4,0.0,OSM-343316599,не указана,2022,261,none,,Зерноград,827.4
2022-09-19,,,,17.3,2.1,OSM-343316599,не указана,2022,262,none,,Зерноград,827.4
2022-09-20,,,,17.7,0.1,OSM-343316599,не указана,2022,263,none,,Зерноград,827.4
2022-09-21,,,,17.6,0.2,OSM-343316599,не указана,2022,264,none,,Зерноград,827.4
2022-09-22,,,,14.9,0.9,OSM-343316599,не указана,2022,265,none,,Зерноград,827.4
2022-09-23,,,,13.1,20.8,OSM-343316599,не указана,2022,266,none,,Зерноград,827.4
2022-09-24,,,,11.6,5.1,OSM-343316599,не указана,2022,267,none,,Зерноград,827.4
2022-09-25,,,,13.0,0.0,OSM-343316599,не указана,2022,268,none,,Зерноград,827.4
2022-09-26,,,,15.3,0.0,OSM-343316599,не указана,2022,269,none,,Зерноград,827.4
2022-09-27,,,,17.9,0.0,OSM-343316599,не указана,2022,270,none,,Зерноград,827.4
2022-09-28,,,,17.4,0.7,OSM-343316599,не указана,2022,271,none,,Зерноград,827.4
2022-09-29,,,,17.9,0.6,OSM-343316599,не указана,2022,272,none,,Зерноград,827.4
2022-09-30,,,0.4297,18.2,0.0,OSM-343316599,не указана,2022,273,modis,0.4297,Зерноград,827.4
2022-10-01,,0.6227,,19.8,0.0,OSM-343316599,не указана,2022,274,landsat,0.6227,Зерноград,827.4
2022-10-02,,,,20.7,2.8,OSM-343316599,не указана,2022,275,none,,Зерноград,827.4
2022-10-03,,,,14.9,2.4,OSM-343316599,не указана,2022,276,none,,Зерноград,827.4
2022-10-04,,,,14.7,1.1,OSM-343316599,не указана,2022,277,none,,Зерноград,827.4
2022-10-05,,,,12.8,0.0,OSM-343316599,не указана,2022,278,none,,Зерноград,827.4
2022-10-06,,,,12.0,0.0,OSM-343316599,не указана,2022,279,none,,Зерноград,827.4
2022-10-07,,,,13.7,0.0,OSM-343316599,не указана,2022,280,none,,Зерноград,827.4
2022-10-08,,,,15.6,0.0,OSM-343316599,не указана,2022,281,none,,Зерноград,827.4
2022-10-09,,,,15.7,2.4,OSM-343316599,не указана,2022,282,none,,Зерноград,827.4
2022-10-10,,,,14.2,1.6,OSM-343316599,не указана,2022,283,none,,Зерноград,827.4
2022-10-11,,,,10.9,5.8,OSM-343316599,не указана,2022,284,none,,Зерноград,827.4
2022-10-12,,,,11.0,0.0,OSM-343316599,не указана,2022,285,none,,Зерноград,827.4
2022-10-13,,,,11.0,0.0,OSM-343316599,не указана,2022,286,none,,Зерноград,827.4
2022-10-14,,,,10.1,0.0,OSM-343316599,не указана,2022,287,none,,Зерноград,827.4
2022-10-15,,,,8.6,0.0,OSM-343316599,не указана,2022,288,none,,Зерноград,827.4
2022-10-16,,,0.278,10.5,0.0,OSM-343316599,не указана,2022,289,modis,0.278,Зерноград,827.4
2022-10-17,,0.6199,,9.8,0.0,OSM-343316599,не указана,2022,290,landsat,0.6199,Зерноград,827.4
2022-10-18,,,,9.8,0.0,OSM-343316599,не указана,2022,291,none,,Зерноград,827.4
2022-10-19,,,,11.5,0.0,OSM-343316599,не указана,2022,292,none,,Зерноград,827.4
2022-10-20,,,,9.8,2.7,OSM-343316599,не указана,2022,293,none,,Зерноград,827.4
2022-10-21,,,,7.5,0.7,OSM-343316599,не указана,2022,294,none,,Зерноград,827.4
2022-10-22,,,,7.2,0.1,OSM-343316599,не указана,2022,295,none,,Зерноград,827.4
2022-10-23,,,,10.0,3.4,OSM-343316599,не указана,2022,296,none,,Зерноград,827.4
2022-10-24,,,,10.4,4.7,OSM-343316599,не указана,2022,297,none,,Зерноград,827.4
2022-10-25,,,,9.4,0.0,OSM-343316599,не указана,2022,298,none,,Зерноград,827.4
2022-10-26,,,,11.4,5.1,OSM-343316599,не указана,2022,299,none,,Зерноград,827.4
2022-10-27,,,,11.3,1.0,OSM-343316599,не указана,2022,300,none,,Зерноград,827.4
2022-10-28,,,,8.4,0.1,OSM-343316599,не указана,2022,301,none,,Зерноград,827.4
2022-10-29,,,,8.7,0.0,OSM-343316599,не указана,2022,302,none,,Зерноград,827.4
2022-10-30,,,,11.5,7.5,OSM-343316599,не указана,2022,303,none,,Зерноград,827.4
2022-10-31,,,,8.1,1.0,OSM-343316599,не указана,2022,304,none,,Зерноград,827.4
2022-11-01,,0.5067,0.4016,4.2,0.0,OSM-343316599,не указана,2022,305,landsat,0.5067,Зерноград,827.4
2022-11-02,,,,6.3,4.4,OSM-343316599,не указана,2022,306,none,,Зерноград,827.4
2022-11-03,,,,6.4,0.5,OSM-343316599,не указана,2022,307,none,,Зерноград,827.4
2022-11-04,,,,6.6,3.9,OSM-343316599,не указана,2022,308,none,,Зерноград,827.4
2022-11-05,,,,4.9,1.3,OSM-343316599,не указана,2022,309,none,,Зерноград,827.4
2022-11-06,,,,3.8,0.0,OSM-343316599,не указана,2022,310,none,,Зерноград,827.4
2022-11-07,,,,3.5,0.0,OSM-343316599,не указана,2022,311,none,,Зерноград,827.4
2022-11-08,,,,5.0,0.0,OSM-343316599,не указана,2022,312,none,,Зерноград,827.4
2022-11-09,,,,5.8,0.0,OSM-343316599,не указана,2022,313,none,,Зерноград,827.4
2022-11-10,,,,7.4,0.0,OSM-343316599,не указана,2022,314,none,,Зерноград,827.4
2022-11-11,,,,6.9,0.0,OSM-343316599,не указана,2022,315,none,,Зерноград,827.4
2022-11-12,,,,6.0,0.0,OSM-343316599,не указана,2022,316,none,,Зерноград,827.4
2022-11-13,,,,7.8,0.6,OSM-343316599,не указана,2022,317,none,,Зерноград,827.4
2022-11-14,,,,5.4,0.0,OSM-343316599,не указана,2022,318,none,,Зерноград,827.4
2022-11-15,,,,0.7,0.0,OSM-343316599,не указана,2022,319,none,,Зерноград,827.4
2022-11-16,,,,2.6,0.0,OSM-343316599,не указана,2022,320,none,,Зерноград,827.4
2022-11-17,,,0.4197,10.1,3.6,OSM-343316599,не указана,2022,321,modis,0.4197,Зерноград,827.4
2022-11-18,,,,7.9,3.9,OSM-343316599,не указана,2022,322,none,,Зерноград,827.4
2022-11-19,,,,11.4,9.1,OSM-343316599,не указана,2022,323,none,,Зерноград,827.4
2022-11-20,,,,8.5,0.3,OSM-343316599,не указана,2022,324,none,,Зерноград,827.4
2022-11-21,,,,13.8,0.9,OSM-343316599,не указана,2022,325,none,,Зерноград,827.4
2022-11-22,,,,12.3,13.5,OSM-343316599,не указана,2022,326,none,,Зерноград,827.4
2022-11-23,,,,5.3,0.0,OSM-343316599,не указана,2022,327,none,,Зерноград,827.4
2022-11-24,,,,7.5,0.0,OSM-343316599,не указана,2022,328,none,,Зерноград,827.4
2022-11-25,,,,7.2,0.3,OSM-343316599,не указана,2022,329,none,,Зерноград,827.4
2022-11-26,,,,5.4,0.1,OSM-343316599,не указана,2022,330,none,,Зерноград,827.4
2022-11-27,,,,4.1,0.0,OSM-343316599,не указана,2022,331,none,,Зерноград,827.4
2022-11-28,,,,1.5,0.0,OSM-343316599,не указана,2022,332,none,,Зерноград,827.4
2022-11-29,,,,-1.3,0.0,OSM-343316599,не указана,2022,333,none,,Зерноград,827.4
2022-11-30,,,,-1.2,0.0,OSM-343316599,не указана,2022,334,none,,Зерноград,827.4
2022-12-01,,,,-0.8,0.0,OSM-343316599,не указана,2022,335,none,,Зерноград,827.4
2022-12-02,,,,-0.8,0.0,OSM-343316599,не указана,2022,336,none,,Зерноград,827.4
2022-12-03,,,0.3623,-3.7,0.0,OSM-343316599,не указана,2022,337,modis,0.3623,Зерноград,827.4
2022-12-04,,,,-7.4,0.0,OSM-343316599,не указана,2022,338,none,,Зерноград,827.4
2022-12-05,,,,-5.4,0.0,OSM-343316599,не указана,2022,339,none,,Зерноград,827.4
2022-12-06,,,,-5.4,0.0,OSM-343316599,не указана,2022,340,none,,Зерноград,827.4
2022-12-07,,,,-3.9,0.1,OSM-343316599,не указана,2022,341,none,,Зерноград,827.4
2022-12-08,,,,0.2,0.0,OSM-343316599,не указана,2022,342,none,,Зерноград,827.4
2022-12-09,,,,1.5,0.1,OSM-343316599,не указана,2022,343,none,,Зерноград,827.4
2022-12-10,,,,3.0,0.0,OSM-343316599,не указана,2022,344,none,,Зерноград,827.4
2022-12-11,,,,4.4,0.7,OSM-343316599,не указана,2022,345,none,,Зерноград,827.4
2022-12-12,,,,5.0,5.2,OSM-343316599,не указана,2022,346,none,,Зерноград,827.4
2022-12-13,,,,4.0,9.0,OSM-343316599,не указана,2022,347,none,,Зерноград,827.4
2022-12-14,,,,-0.9,0.0,OSM-343316599,не указана,2022,348,none,,Зерноград,827.4
2022-12-15,,,,-0.1,3.0,OSM-343316599,не указана,2022,349,none,,Зерноград,827.4
2022-12-16,,,,4.2,2.3,OSM-343316599,не указана,2022,350,none,,Зерноград,827.4
2022-12-17,,,,7.6,1.3,OSM-343316599,не указана,2022,351,none,,Зерноград,827.4
2022-12-18,,,,7.2,2.1,OSM-343316599,не указана,2022,352,none,,Зерноград,827.4
2022-12-19,,,0.3768,-2.6,0.0,OSM-343316599,не указана,2022,353,modis,0.3768,Зерноград,827.4
2022-12-20,,0.4462,,-4.2,0.0,OSM-343316599,не указана,2022,354,landsat,0.4462,Зерноград,827.4
2022-12-21,,,,-2.5,0.0,OSM-343316599,не указана,2022,355,none,,Зерноград,827.4
2022-12-22,,,,0.8,0.0,OSM-343316599,не указана,2022,356,none,,Зерноград,827.4
2022-12-23,,,,0.4,0.0,OSM-343316599,не указана,2022,357,none,,Зерноград,827.4
2022-12-24,,,,0.7,0.0,OSM-343316599,не указана,2022,358,none,,Зерноград,827.4
2022-12-25,,,,1.2,0.9,OSM-343316599,не указана,2022,359,none,,Зерноград,827.4
2022-12-26,,,,1.7,2.4,OSM-343316599,не указана,2022,360,none,,Зерноград,827.4
2022-12-27,,,,3.1,7.8,OSM-343316599,не указана,2022,361,none,,Зерноград,827.4
2022-12-28,,,,3.7,9.8,OSM-343316599,не указана,2022,362,none,,Зерноград,827.4
2022-12-29,,,,1.1,0.0,OSM-343316599,не указана,2022,363,none,,Зерноград,827.4
2022-12-30,,,,3.5,0.0,OSM-343316599,не указана,2022,364,none,,Зерноград,827.4
2022-12-31,,,,5.2,0.1,OSM-343316599,не указана,2022,365,none,,Зерноград,827.4
2023-01-01,,,0.3768,6.5,0.0,OSM-343316599,не указана,2023,1,modis,0.3768,Зерноград,827.4
2023-01-02,,,,7.7,0.0,OSM-343316599,не указана,2023,2,none,,Зерноград,827.4
2023-01-03,,,,7.1,0.0,OSM-343316599,не указана,2023,3,none,,Зерноград,827.4
2023-01-04,,,,5.3,0.2,OSM-343316599,не указана,2023,4,none,,Зерноград,827.4
2023-01-05,,,,3.3,4.3,OSM-343316599,не указана,2023,5,none,,Зерноград,827.4
2023-01-06,,,,4.9,10.3,OSM-343316599,не указана,2023,6,none,,Зерноград,827.4
2023-01-07,,,,-10.8,0.0,OSM-343316599,не указана,2023,7,none,,Зерноград,827.4
2023-01-08,,,,-13.8,0.0,OSM-343316599,не указана,2023,8,none,,Зерноград,827.4
2023-01-09,,,,-11.0,0.0,OSM-343316599,не указана,2023,9,none,,Зерноград,827.4
2023-01-10,,,,-11.1,0.0,OSM-343316599,не указана,2023,10,none,,Зерноград,827.4
2023-01-11,,,,-6.9,0.0,OSM-343316599,не указана,2023,11,none,,Зерноград,827.4
2023-01-12,,,,-1.0,0.0,OSM-343316599,не указана,2023,12,none,,Зерноград,827.4
2023-01-13,,,,0.9,0.0,OSM-343316599,не указана,2023,13,none,,Зерноград,827.4
2023-01-14,,,,0.6,0.0,OSM-343316599,не указана,2023,14,none,,Зерноград,827.4
2023-01-15,,,,0.1,0.0,OSM-343316599,не указана,2023,15,none,,Зерноград,827.4
2023-01-16,,,,-0.9,0.0,OSM-343316599,не указана,2023,16,none,,Зерноград,827.4
2023-01-17,,,0.4229,1.2,0.0,OSM-343316599,не указана,2023,17,modis,0.4229,Зерноград,827.4
2023-01-18,,,,1.7,0.0,OSM-343316599,не указана,2023,18,none,,Зерноград,827.4
2023-01-19,,,,2.6,0.0,OSM-343316599,не указана,2023,19,none,,Зерноград,827.4
2023-01-20,,,,1.4,0.0,OSM-343316599,не указана,2023,20,none,,Зерноград,827.4
2023-01-21,,,,1.2,0.0,OSM-343316599,не указана,2023,21,none,,Зерноград,827.4
2023-01-22,,,,1.0,0.0,OSM-343316599,не указана,2023,22,none,,Зерноград,827.4
2023-01-23,,,,-0.4,0.0,OSM-343316599,не указана,2023,23,none,,Зерноград,827.4
2023-01-24,,,,-0.9,0.0,OSM-343316599,не указана,2023,24,none,,Зерноград,827.4
2023-01-25,,,,-1.1,0.0,OSM-343316599,не указана,2023,25,none,,Зерноград,827.4
2023-01-26,,,,-2.2,0.0,OSM-343316599,не указана,2023,26,none,,Зерноград,827.4
2023-01-27,,,,-2.2,0.0,OSM-343316599,не указана,2023,27,none,,Зерноград,827.4
2023-01-28,,,,-0.5,0.0,OSM-343316599,не указана,2023,28,none,,Зерноград,827.4
2023-01-29,,,,1.1,2.1,OSM-343316599,не указана,2023,29,none,,Зерноград,827.4
2023-01-30,,,,1.6,0.0,OSM-343316599,не указана,2023,30,none,,Зерноград,827.4
2023-01-31,,,,1.9,2.2,OSM-343316599,не указана,2023,31,none,,Зерноград,827.4
2023-02-01,,,,0.7,2.1,OSM-343316599,не указана,2023,32,none,,Зерноград,827.4
2023-02-02,,,0.43,-1.3,0.1,OSM-343316599,не указана,2023,33,modis,0.43,Зерноград,827.4
2023-02-03,,,,-0.3,8.5,OSM-343316599,не указана,2023,34,none,,Зерноград,827.4
2023-02-04,,,,-0.5,0.6,OSM-343316599,не указана,2023,35,none,,Зерноград,827.4
2023-02-05,,,,-0.4,0.0,OSM-343316599,не указана,2023,36,none,,Зерноград,827.4
2023-02-06,,,,-3.2,0.0,OSM-343316599,не указана,2023,37,none,,Зерноград,827.4
2023-02-07,,,,-5.5,3.0,OSM-343316599,не указана,2023,38,none,,Зерноград,827.4
2023-02-08,,,,-6.0,0.0,OSM-343316599,не указана,2023,39,none,,Зерноград,827.4
2023-02-09,,,,-7.2,0.0,OSM-343316599,не указана,2023,40,none,,Зерноград,827.4
2023-02-10,,,,-8.2,0.0,OSM-343316599,не указана,2023,41,none,,Зерноград,827.4
2023-02-11,,,,-5.4,0.0,OSM-343316599,не указана,2023,42,none,,Зерноград,827.4
2023-02-12,,,,-2.0,2.9,OSM-343316599,не указана,2023,43,none,,Зерноград,827.4
2023-02-13,,,,-3.4,0.7,OSM-343316599,не указана,2023,44,none,,Зерноград,827.4
2023-02-14,,,,-0.8,8.8,OSM-343316599,не указана,2023,45,none,,Зерноград,827.4
2023-02-15,,,,-4.6,0.3,OSM-343316599,не указана,2023,46,none,,Зерноград,827.4
2023-02-16,,,,-6.3,0.1,OSM-343316599,не указана,2023,47,none,,Зерноград,827.4
2023-02-17,,,,-5.1,11.8,OSM-343316599,не указана,2023,48,none,,Зерноград,827.4
2023-02-18,,,0.3586,0.3,6.8,OSM-343316599,не указана,2023,49,modis,0.3586,Зерноград,827.4
2023-02-19,,,,1.2,1.3,OSM-343316599,не указана,2023,50,none,,Зерноград,827.4
2023-02-20,,,,-0.3,5.6,OSM-343316599,не указана,2023,51,none,,Зерноград,827.4
2023-02-21,,,,1.4,8.4,OSM-343316599,не указана,2023,52,none,,Зерноград,827.4
2023-02-22,,,,-1.0,0.8,OSM-343316599,не указана,2023,53,none,,Зерноград,827.4
2023-02-23,,,,-6.7,0.0,OSM-343316599,не указана,2023,54,none,,Зерноград,827.4
2023-02-24,,,,-4.5,0.0,OSM-343316599,не указана,2023,55,none,,Зерноград,827.4
2023-02-25,,,,2.9,0.4,OSM-343316599,не указана,2023,56,none,,Зерноград,827.4
2023-02-26,,,,11.0,0.0,OSM-343316599,не указана,2023,57,none,,Зерноград,827.4
2023-02-27,,,,9.3,0.0,OSM-343316599,не указана,2023,58,none,,Зерноград,827.4
2023-02-28,,,,5.6,0.2,OSM-343316599,не указана,2023,59,none,,Зерноград,827.4
2023-03-01,,,,1.7,0.1,OSM-343316599,не указана,2023,60,none,,Зерноград,827.4
2023-03-02,,0.3534,,-0.5,0.0,OSM-343316599,не указана,2023,61,landsat,0.3534,Зерноград,827.4
2023-03-03,,,,1.4,0.0,OSM-343316599,не указана,2023,62,none,,Зерноград,827.4
2023-03-04,,,,4.1,0.1,OSM-343316599,не указана,2023,63,none,,Зерноград,827.4
2023-03-05,,,,6.1,2.1,OSM-343316599,не указана,2023,64,none,,Зерноград,827.4
2023-03-06,,,0.3175,1.9,0.0,OSM-343316599,не указана,2023,65,modis,0.3175,Зерноград,827.4
2023-03-07,,,,4.5,2.0,OSM-343316599,не указана,2023,66,none,,Зерноград,827.4
2023-03-08,,,,9.4,0.9,OSM-343316599,не указана,2023,67,none,,Зерноград,827.4
2023-03-09,,,,9.6,0.3,OSM-343316599,не указана,2023,68,none,,Зерноград,827.4
2023-03-10,,,,10.6,1.8,OSM-343316599,не указана,2023,69,none,,Зерноград,827.4
2023-03-11,,,,12.7,1.8,OSM-343316599,не указана,2023,70,none,,Зерноград,827.4
2023-03-12,,,,11.6,8.5,OSM-343316599,не указана,2023,71,none,,Зерноград,827.4
2023-03-13,,,,3.0,0.0,OSM-343316599,не указана,2023,72,none,,Зерноград,827.4
2023-03-14,,,,4.5,0.1,OSM-343316599,не указана,2023,73,none,,Зерноград,827.4
2023-03-15,,,,8.2,0.0,OSM-343316599,не указана,2023,74,none,,Зерноград,827.4
2023-03-16,,,,7.8,0.0,OSM-343316599,не указана,2023,75,none,,Зерноград,827.4
2023-03-17,,,,7.0,3.4,OSM-343316599,не указана,2023,76,none,,Зерноград,827.4
2023-03-18,,,,7.8,0.0,OSM-343316599,не указана,2023,77,none,,Зерноград,827.4
2023-03-19,,,,7.9,0.0,OSM-343316599,не указана,2023,78,none,,Зерноград,827.4
2023-03-20,,,,10.3,0.1,OSM-343316599,не указана,2023,79,none,,Зерноград,827.4
2023-03-21,,,,10.1,0.1,OSM-343316599,не указана,2023,80,none,,Зерноград,827.4
2023-03-22,,0.2976499999999999,0.3754,10.0,0.0,OSM-343316599,не указана,2023,81,landsat,0.2976499999999999,Зерноград,827.4
2023-03-23,,,,11.2,0.0,OSM-343316599,не указана,2023,82,none,,Зерноград,827.4
2023-03-24,,,,10.6,0.0,OSM-343316599,не указана,2023,83,none,,Зерноград,827.4
2023-03-25,,,,9.8,0.0,OSM-343316599,не указана,2023,84,none,,Зерноград,827.4
2023-03-26,,,,10.3,1.1,OSM-343316599,не указана,2023,85,none,,Зерноград,827.4
2023-03-27,,,,7.9,4.6,OSM-343316599,не указана,2023,86,none,,Зерноград,827.4
2023-03-28,,,,10.5,10.1,OSM-343316599,не указана,2023,87,none,,Зерноград,827.4
2023-03-29,,,,6.7,7.6,OSM-343316599,не указана,2023,88,none,,Зерноград,827.4
2023-03-30,,,,1.3,12.5,OSM-343316599,не указана,2023,89,none,,Зерноград,827.4
2023-03-31,,,,4.7,3.1,OSM-343316599,не указана,2023,90,none,,Зерноград,827.4
2023-04-01,,,,6.2,0.0,OSM-343316599,не указана,2023,91,none,,Зерноград,827.4
2023-04-02,,,,9.8,0.0,OSM-343316599,не указана,2023,92,none,,Зерноград,827.4
2023-04-03,,,,10.7,8.7,OSM-343316599,не указана,2023,93,none,,Зерноград,827.4
2023-04-04,,,,12.1,0.0,OSM-343316599,не указана,2023,94,none,,Зерноград,827.4
2023-04-05,,,,13.5,3.1,OSM-343316599,не указана,2023,95,none,,Зерноград,827.4
2023-04-06,,,,11.1,1.5,OSM-343316599,не указана,2023,96,none,,Зерноград,827.4
2023-04-07,,,0.5429,12.0,2.2,OSM-343316599,не указана,2023,97,modis,0.5429,Зерноград,827.4
2023-04-08,,,,11.8,5.8,OSM-343316599,не указана,2023,98,none,,Зерноград,827.4
2023-04-09,,,,10.1,3.4,OSM-343316599,не указана,2023,99,none,,Зерноград,827.4
2023-04-10,,,,12.7,0.0,OSM-343316599,не указана,2023,100,none,,Зерноград,827.4
2023-04-11,,0.4613,,14.6,0.5,OSM-343316599,не указана,2023,101,landsat,0.4613,Зерноград,827.4
2023-04-12,,,,14.9,0.8,OSM-343316599,не указана,2023,102,none,,Зерноград,827.4
2023-04-13,,,,11.5,2.6,OSM-343316599,не указана,2023,103,none,,Зерноград,827.4
2023-04-14,,,,9.8,19.5,OSM-343316599,не указана,2023,104,none,,Зерноград,827.4
2023-04-15,,,,5.6,0.8,OSM-343316599,не указана,2023,105,none,,Зерноград,827.4
2023-04-16,,,,6.9,0.0,OSM-343316599,не указана,2023,106,none,,Зерноград,827.4
2023-04-17,,,,9.5,0.6,OSM-343316599,не указана,2023,107,none,,Зерноград,827.4
2023-04-18,,,,10.6,0.0,OSM-343316599,не указана,2023,108,none,,Зерноград,827.4
2023-04-19,,,,11.2,0.2,OSM-343316599,не указана,2023,109,none,,Зерноград,827.4
2023-04-20,,,,11.9,7.4,OSM-343316599,не указана,2023,110,none,,Зерноград,827.4
2023-04-21,,,,11.5,7.5,OSM-343316599,не указана,2023,111,none,,Зерноград,827.4
2023-04-22,,,,10.8,6.4,OSM-343316599,не указана,2023,112,none,,Зерноград,827.4
2023-04-23,,,0.6942,10.5,0.8,OSM-343316599,не указана,2023,113,modis,0.6942,Зерноград,827.4
2023-04-24,,,,12.0,4.3,OSM-343316599,не указана,2023,114,none,,Зерноград,827.4
2023-04-25,,,,10.9,6.5,OSM-343316599,не указана,2023,115,none,,Зерноград,827.4
2023-04-26,,,,13.8,0.0,OSM-343316599,не указана,2023,116,none,,Зерноград,827.4
2023-04-27,,0.6931499999999999,,16.2,3.2,OSM-343316599,не указана,2023,117,landsat,0.6931499999999999,Зерноград,827.4
2023-04-28,,,,15.6,11.2,OSM-343316599,не указана,2023,118,none,,Зерноград,827.4
2023-04-29,,,,15.0,10.3,OSM-343316599,не указана,2023,119,none,,Зерноград,827.4
2023-04-30,,,,11.1,3.5,OSM-343316599,не указана,2023,120,none,,Зерноград,827.4
2023-05-01,,,,11.2,0.6,OSM-343316599,не указана,2023,121,none,,Зерноград,827.4
2023-05-02,,,,10.8,0.6,OSM-343316599,не указана,2023,122,none,,Зерноград,827.4
2023-05-03,,,,12.4,0.0,OSM-343316599,не указана,2023,123,none,,Зерноград,827.4
2023-05-04,,,,15.0,0.0,OSM-343316599,не указана,2023,124,none,,Зерноград,827.4
2023-05-05,,0.76655,,16.7,0.0,OSM-343316599,не указана,2023,125,landsat,0.76655,Зерноград,827.4
2023-05-06,,,,17.4,0.0,OSM-343316599,не указана,2023,126,none,,Зерноград,827.4
2023-05-07,,,,12.0,2.1,OSM-343316599,не указана,2023,127,none,,Зерноград,827.4
2023-05-08,,,,9.0,13.7,OSM-343316599,не указана,2023,128,none,,Зерноград,827.4
2023-05-09,,,0.8138000000000001,7.7,13.2,OSM-343316599,не указана,2023,129,modis,0.8138000000000001,Зерноград,827.4
2023-05-10,,,,8.2,0.9,OSM-343316599,не указана,2023,130,none,,Зерноград,827.4
2023-05-11,,,,9.1,0.2,OSM-343316599,не указана,2023,131,none,,Зерноград,827.4
2023-05-12,,,,12.1,0.0,OSM-343316599,не указана,2023,132,none,,Зерноград,827.4
2023-05-13,,0.7919,,13.9,0.0,OSM-343316599,не указана,2023,133,landsat,0.7919,Зерноград,827.4
2023-05-14,,,,14.9,1.5,OSM-343316599,не указана,2023,134,none,,Зерноград,827.4
2023-05-15,,,,16.2,0.0,OSM-343316599,не указана,2023,135,none,,Зерноград,827.4
2023-05-16,,,,16.1,0.0,OSM-343316599,не указана,2023,136,none,,Зерноград,827.4
2023-05-17,,,,16.0,0.0,OSM-343316599,не указана,2023,137,none,,Зерноград,827.4
2023-05-18,,,,18.6,0.0,OSM-343316599,не указана,2023,138,none,,Зерноград,827.4
2023-05-19,,,,19.5,0.0,OSM-343316599,не указана,2023,139,none,,Зерноград,827.4
2023-05-20,,,,19.9,0.0,OSM-343316599,не указана,2023,140,none,,Зерноград,827.4
2023-05-21,,,,17.8,0.5,OSM-343316599,не указана,2023,141,none,,Зерноград,827.4
2023-05-22,,,,17.1,0.3,OSM-343316599,не указана,2023,142,none,,Зерноград,827.4
2023-05-23,,,,19.3,0.3,OSM-343316599,не указана,2023,143,none,,Зерноград,827.4
2023-05-24,,,,20.0,9.2,OSM-343316599,не указана,2023,144,none,,Зерноград,827.4
2023-05-25,,,0.7818,19.6,1.0,OSM-343316599,не указана,2023,145,modis,0.7818,Зерноград,827.4
2023-05-26,,,,19.9,3.3,OSM-343316599,не указана,2023,146,none,,Зерноград,827.4
2023-05-27,,,,18.5,2.4,OSM-343316599,не указана,2023,147,none,,Зерноград,827.4
2023-05-28,,,,19.7,0.8,OSM-343316599,не указана,2023,148,none,,Зерноград,827.4
2023-05-29,,,,19.1,0.8,OSM-343316599,не указана,2023,149,none,,Зерноград,827.4
2023-05-30,,,,19.5,4.7,OSM-343316599,не указана,2023,150,none,,Зерноград,827.4
2023-05-31,,,,18.8,14.0,OSM-343316599,не указана,2023,151,none,,Зерноград,827.4
2023-06-01,,,,18.1,9.6,OSM-343316599,не указана,2023,152,none,,Зерноград,827.4
2023-06-02,,,,18.0,9.3,OSM-343316599,не указана,2023,153,none,,Зерноград,827.4
2023-06-03,,,,19.7,0.1,OSM-343316599,не указана,2023,154,none,,Зерноград,827.4
2023-06-04,,,,19.7,0.2,OSM-343316599,не указана,2023,155,none,,Зерноград,827.4
2023-06-05,,,,17.6,0.0,OSM-343316599,не указана,2023,156,none,,Зерноград,827.4
2023-06-06,,0.8545,,17.3,0.0,OSM-343316599,не указана,2023,157,landsat,0.8545,Зерноград,827.4
2023-06-07,,,,18.2,0.0,OSM-343316599,не указана,2023,158,none,,Зерноград,827.4
2023-06-08,,,,19.7,0.0,OSM-343316599,не указана,2023,159,none,,Зерноград,827.4
2023-06-09,,,,22.0,0.0,OSM-343316599,не указана,2023,160,none,,Зерноград,827.4
2023-06-10,,,0.6980000000000001,21.9,0.0,OSM-343316599,не указана,2023,161,modis,0.6980000000000001,Зерноград,827.4
2023-06-11,,,,21.3,0.9,OSM-343316599,не указана,2023,162,none,,Зерноград,827.4
2023-06-12,,,,18.0,1.3,OSM-343316599,не указана,2023,163,none,,Зерноград,827.4
2023-06-13,,,,20.3,9.6,OSM-343316599,не указана,2023,164,none,,Зерноград,827.4
2023-06-14,,,,21.5,2.4,OSM-343316599,не указана,2023,165,none,,Зерноград,827.4
2023-06-15,,,,21.1,3.8,OSM-343316599,не указана,2023,166,none,,Зерноград,827.4
2023-06-16,,,,19.6,9.5,OSM-343316599,не указана,2023,167,none,,Зерноград,827.4
2023-06-17,,,,19.7,10.5,OSM-343316599,не указана,2023,168,none,,Зерноград,827.4
2023-06-18,,,,21.9,0.5,OSM-343316599,не указана,2023,169,none,,Зерноград,827.4
2023-06-19,,,,21.1,0.0,OSM-343316599,не указана,2023,170,none,,Зерноград,827.4
2023-06-20,,,,20.6,0.0,OSM-343316599,не указана,2023,171,none,,Зерноград,827.4
2023-06-21,,,,20.5,0.6,OSM-343316599,не указана,2023,172,none,,Зерноград,827.4
2023-06-22,,0.84555,,18.6,0.0,OSM-343316599,не указана,2023,173,landsat,0.84555,Зерноград,827.4
2023-06-23,,0.8413,,19.7,0.0,OSM-343316599,не указана,2023,174,landsat,0.8413,Зерноград,827.4
2023-06-24,,,,22.9,0.0,OSM-343316599,не указана,2023,175,none,,Зерноград,827.4
2023-06-25,,,,23.3,0.6,OSM-343316599,не указана,2023,176,none,,Зерноград,827.4
2023-06-26,,,0.6987,21.8,5.5,OSM-343316599,не указана,2023,177,modis,0.6987,Зерноград,827.4
2023-06-27,,,,21.2,1.0,OSM-343316599,не указана,2023,178,none,,Зерноград,827.4
2023-06-28,,,,22.7,0.3,OSM-343316599,не указана,2023,179,none,,Зерноград,827.4
2023-06-29,,,,22.1,2.5,OSM-343316599,не указана,2023,180,none,,Зерноград,827.4
2023-06-30,,,,20.2,2.4,OSM-343316599,не указана,2023,181,none,,Зерноград,827.4
2023-07-01,,,,20.8,5.7,OSM-343316599,не указана,2023,182,none,,Зерноград,827.4
2023-07-02,,,,22.6,3.6,OSM-343316599,не указана,2023,183,none,,Зерноград,827.4
2023-07-03,,,,24.7,0.0,OSM-343316599,не указана,2023,184,none,,Зерноград,827.4
2023-07-04,,,,26.7,1.5,OSM-343316599,не указана,2023,185,none,,Зерноград,827.4
2023-07-05,,,,28.9,0.0,OSM-343316599,не указана,2023,186,none,,Зерноград,827.4
2023-07-06,,,,30.1,0.0,OSM-343316599,не указана,2023,187,none,,Зерноград,827.4
2023-07-07,,,,30.6,0.0,OSM-343316599,не указана,2023,188,none,,Зерноград,827.4
2023-07-08,,,,24.1,4.1,OSM-343316599,не указана,2023,189,none,,Зерноград,827.4
2023-07-09,,,,23.8,0.5,OSM-343316599,не указана,2023,190,none,,Зерноград,827.4
2023-07-10,,,,21.6,2.7,OSM-343316599,не указана,2023,191,none,,Зерноград,827.4
2023-07-11,,,,18.5,9.9,OSM-343316599,не указана,2023,192,none,,Зерноград,827.4
2023-07-12,,,0.5264,18.9,11.1,OSM-343316599,не указана,2023,193,modis,0.5264,Зерноград,827.4
2023-07-13,,,,20.1,0.0,OSM-343316599,не указана,2023,194,none,,Зерноград,827.4
2023-07-14,,,,23.9,0.2,OSM-343316599,не указана,2023,195,none,,Зерноград,827.4
2023-07-15,,0.5665,,22.9,1.3,OSM-343316599,не указана,2023,196,landsat,0.5665,Зерноград,827.4
2023-07-16,,0.8149,,21.5,1.0,OSM-343316599,не указана,2023,197,landsat,0.8149,Зерноград,827.4
2023-07-17,,,,22.4,0.1,OSM-343316599,не указана,2023,198,none,,Зерноград,827.4
2023-07-18,,,,23.3,0.0,OSM-343316599,не указана,2023,199,none,,Зерноград,827.4
2023-07-19,,,,21.7,13.6,OSM-343316599,не указана,2023,200,none,,Зерноград,827.4
2023-07-20,,,,22.0,0.0,OSM-343316599,не указана,2023,201,none,,Зерноград,827.4
2023-07-21,,,,23.9,0.1,OSM-343316599,не указана,2023,202,none,,Зерноград,827.4
2023-07-22,,,,23.9,0.0,OSM-343316599,не указана,2023,203,none,,Зерноград,827.4
2023-07-23,,,,24.3,1.9,OSM-343316599,не указана,2023,204,none,,Зерноград,827.4
2023-07-24,,,,24.4,0.3,OSM-343316599,не указана,2023,205,none,,Зерноград,827.4
2023-07-25,,,,24.5,0.0,OSM-343316599,не указана,2023,206,none,,Зерноград,827.4
2023-07-26,,,,26.7,0.0,OSM-343316599,не указана,2023,207,none,,Зерноград,827.4
2023-07-27,,,,29.2,0.0,OSM-343316599,не указана,2023,208,none,,Зерноград,827.4
2023-07-28,,,0.5821000000000001,23.1,3.8,OSM-343316599,не указана,2023,209,modis,0.5821000000000001,Зерноград,827.4
2023-07-29,,,,22.1,0.8,OSM-343316599,не указана,2023,210,none,,Зерноград,827.4
2023-07-30,,,,23.3,0.1,OSM-343316599,не указана,2023,211,none,,Зерноград,827.4
2023-07-31,,,,25.3,0.0,OSM-343316599,не указана,2023,212,none,,Зерноград,827.4
2023-08-01,,0.7747,,28.3,0.0,OSM-343316599,не указана,2023,213,landsat,0.7747,Зерноград,827.4
2023-08-02,,,,26.8,0.6,OSM-343316599,не указана,2023,214,none,,Зерноград,827.4
2023-08-03,,,,24.9,1.5,OSM-343316599,не указана,2023,215,none,,Зерноград,827.4
2023-08-04,,,,26.7,0.0,OSM-343316599,не указана,2023,216,none,,Зерноград,827.4
2023-08-05,,,,29.9,0.0,OSM-343316599,не указана,2023,217,none,,Зерноград,827.4
2023-08-06,,0.7687999999999999,,32.1,0.0,OSM-343316599,не указана,2023,218,landsat,0.7687999999999999,Зерноград,827.4
2023-08-07,,,,30.3,0.0,OSM-343316599,не указана,2023,219,none,,Зерноград,827.4
2023-08-08,,,,28.3,0.0,OSM-343316599,не указана,2023,220,none,,Зерноград,827.4
2023-08-09,,0.6747,,28.9,0.1,OSM-343316599,не указана,2023,221,landsat,0.6747,Зерноград,827.4
2023-08-10,,,,27.0,5.1,OSM-343316599,не указана,2023,222,none,,Зерноград,827.4
2023-08-11,,,,27.6,0.9,OSM-343316599,не указана,2023,223,none,,Зерноград,827.4
2023-08-12,,,,26.4,0.4,OSM-343316599,не указана,2023,224,none,,Зерноград,827.4
2023-08-13,,,0.2876,25.8,0.0,OSM-343316599,не указана,2023,225,modis,0.2876,Зерноград,827.4
2023-08-14,,,,24.8,0.0,OSM-343316599,не указана,2023,226,none,,Зерноград,827.4
2023-08-15,,,,25.4,0.0,OSM-343316599,не указана,2023,227,none,,Зерноград,827.4
2023-08-16,,,,27.2,0.0,OSM-343316599,не указана,2023,228,none,,Зерноград,827.4
2023-08-17,,0.75915,,26.5,0.0,OSM-343316599,не указана,2023,229,landsat,0.75915,Зерноград,827.4
2023-08-18,,,,26.2,0.0,OSM-343316599,не указана,2023,230,none,,Зерноград,827.4
2023-08-19,,,,29.0,0.0,OSM-343316599,не указана,2023,231,none,,Зерноград,827.4
2023-08-20,,,,29.1,0.0,OSM-343316599,не указана,2023,232,none,,Зерноград,827.4
2023-08-21,,,,29.2,0.0,OSM-343316599,не указана,2023,233,none,,Зерноград,827.4
2023-08-22,,,,26.8,0.0,OSM-343316599,не указана,2023,234,none,,Зерноград,827.4
2023-08-23,,,,24.1,0.0,OSM-343316599,не указана,2023,235,none,,Зерноград,827.4
2023-08-24,,,,22.3,0.0,OSM-343316599,не указана,2023,236,none,,Зерноград,827.4
2023-08-25,,0.73265,,22.2,0.0,OSM-343316599,не указана,2023,237,landsat,0.73265,Зерноград,827.4
2023-08-26,,,,20.9,0.0,OSM-343316599,не указана,2023,238,none,,Зерноград,827.4
2023-08-27,,,,22.8,0.0,OSM-343316599,не указана,2023,239,none,,Зерноград,827.4
2023-08-28,,0.6319,,26.2,0.1,OSM-343316599,не указана,2023,240,landsat,0.6319,Зерноград,827.4
2023-08-29,,,0.3873,21.7,0.0,OSM-343316599,не указана,2023,241,modis,0.3873,Зерноград,827.4
2023-08-30,,,,21.4,0.0,OSM-343316599,не указана,2023,242,none,,Зерноград,827.4
2023-08-31,,,,24.5,0.0,OSM-343316599,не указана,2023,243,none,,Зерноград,827.4
2023-09-01,,,,26.3,2.2,OSM-343316599,не указана,2023,244,none,,Зерноград,827.4
2023-09-02,,0.659,,25.7,0.0,OSM-343316599,не указана,2023,245,landsat,0.659,Зерноград,827.4
2023-09-03,,,,25.3,0.0,OSM-343316599,не указана,2023,246,none,,Зерноград,827.4
2023-09-04,,,,22.0,5.1,OSM-343316599,не указана,2023,247,none,,Зерноград,827.4
2023-09-05,,,,21.6,3.0,OSM-343316599,не указана,2023,248,none,,Зерноград,827.4
2023-09-06,,,,20.8,0.0,OSM-343316599,не указана,2023,249,none,,Зерноград,827.4
2023-09-07,,,,20.3,0.0,OSM-343316599,не указана,2023,250,none,,Зерноград,827.4
2023-09-08,,,,15.7,0.0,OSM-343316599,не указана,2023,251,none,,Зерноград,827.4
2023-09-09,,,,14.5,1.8,OSM-343316599,не указана,2023,252,none,,Зерноград,827.4
2023-09-10,,,,14.2,0.0,OSM-343316599,не указана,2023,253,none,,Зерноград,827.4
2023-09-11,,,,15.6,0.1,OSM-343316599,не указана,2023,254,none,,Зерноград,827.4
2023-09-12,,,,15.9,0.0,OSM-343316599,не указана,2023,255,none,,Зерноград,827.4
2023-09-13,,,,16.6,0.0,OSM-343316599,не указана,2023,256,none,,Зерноград,827.4
2023-09-14,,,0.4928,16.6,0.0,OSM-343316599,не указана,2023,257,modis,0.4928,Зерноград,827.4
2023-09-15,,,,18.3,5.2,OSM-343316599,не указана,2023,258,none,,Зерноград,827.4
2023-09-16,,,,14.6,7.3,OSM-343316599,не указана,2023,259,none,,Зерноград,827.4
2023-09-17,,,,15.1,0.0,OSM-343316599,не указана,2023,260,none,,Зерноград,827.4
2023-09-18,,0.6678999999999999,,16.4,0.0,OSM-343316599,не указана,2023,261,landsat,0.6678999999999999,Зерноград,827.4
2023-09-19,,0.694,,17.9,0.0,OSM-343316599,не указана,2023,262,landsat,0.694,Зерноград,827.4
2023-09-20,,,,19.5,0.0,OSM-343316599,не указана,2023,263,none,,Зерноград,827.4
2023-09-21,,,,19.2,0.0,OSM-343316599,не указана,2023,264,none,,Зерноград,827.4
2023-09-22,,,,20.6,0.0,OSM-343316599,не указана,2023,265,none,,Зерноград,827.4
2023-09-23,,,,20.9,0.0,OSM-343316599,не указана,2023,266,none,,Зерноград,827.4
2023-09-24,,0.5950500000000001,,21.3,0.0,OSM-343316599,не указана,2023,267,landsat,0.5950500000000001,Зерноград,827.4
2023-09-25,,,,20.7,0.0,OSM-343316599,не указана,2023,268,none,,Зерноград,827.4
2023-09-26,,0.5912,,20.8,0.0,OSM-343316599,не указана,2023,269,landsat,0.5912,Зерноград,827.4
2023-09-27,,,,20.1,0.0,OSM-343316599,не указана,2023,270,none,,Зерноград,827.4
2023-09-28,,,,21.1,0.0,OSM-343316599,не указана,2023,271,none,,Зерноград,827.4
2023-09-29,,0.5576,,19.9,0.0,OSM-343316599,не указана,2023,272,landsat,0.5576,Зерноград,827.4
2023-09-30,,,0.4264,19.1,0.0,OSM-343316599,не указана,2023,273,modis,0.4264,Зерноград,827.4
2023-10-01,,,,18.9,0.0,OSM-343316599,не указана,2023,274,none,,Зерноград,827.4
2023-10-02,,,,18.5,0.0,OSM-343316599,не указана,2023,275,none,,Зерноград,827.4
2023-10-03,,,,15.7,1.7,OSM-343316599,не указана,2023,276,none,,Зерноград,827.4
2023-10-04,,0.5459499999999999,,13.6,0.0,OSM-343316599,не указана,2023,277,landsat,0.5459499999999999,Зерноград,827.4
2023-10-05,,,,14.1,2.7,OSM-343316599,не указана,2023,278,none,,Зерноград,827.4
2023-10-06,,,,14.9,2.1,OSM-343316599,не указана,2023,279,none,,Зерноград,827.4
2023-10-07,,,,13.5,0.4,OSM-343316599,не указана,2023,280,none,,Зерноград,827.4
2023-10-08,,,,14.6,18.5,OSM-343316599,не указана,2023,281,none,,Зерноград,827.4
2023-10-09,,,,8.1,0.1,OSM-343316599,не указана,2023,282,none,,Зерноград,827.4
2023-10-10,,,,7.9,0.0,OSM-343316599,не указана,2023,283,none,,Зерноград,827.4
2023-10-11,,,,4.5,0.0,OSM-343316599,не указана,2023,284,none,,Зерноград,827.4
2023-10-12,,0.5840000000000001,,6.1,0.0,OSM-343316599,не указана,2023,285,landsat,0.5840000000000001,Зерноград,827.4
2023-10-13,,,,10.1,0.0,OSM-343316599,не указана,2023,286,none,,Зерноград,827.4
2023-10-14,,,,12.6,0.0,OSM-343316599,не указана,2023,287,none,,Зерноград,827.4
2023-10-15,,,,14.1,0.0,OSM-343316599,не указана,2023,288,none,,Зерноград,827.4
2023-10-16,,0.4997,0.4303,13.4,1.8,OSM-343316599,не указана,2023,289,landsat,0.4997,Зерноград,827.4
2023-10-17,,,,8.5,0.0,OSM-343316599,не указана,2023,290,none,,Зерноград,827.4
2023-10-18,,,,6.8,0.0,OSM-343316599,не указана,2023,291,none,,Зерноград,827.4
2023-10-19,,,,7.6,0.0,OSM-343316599,не указана,2023,292,none,,Зерноград,827.4
2023-10-20,,,,11.4,0.0,OSM-343316599,не указана,2023,293,none,,Зерноград,827.4
2023-10-21,,0.3478,,16.7,0.0,OSM-343316599,не указана,2023,294,landsat,0.3478,Зерноград,827.4
2023-10-22,,,,11.3,0.0,OSM-343316599,не указана,2023,295,none,,Зерноград,827.4
2023-10-23,,,,16.6,0.0,OSM-343316599,не указана,2023,296,none,,Зерноград,827.4
2023-10-24,,,,13.3,0.0,OSM-343316599,не указана,2023,297,none,,Зерноград,827.4
2023-10-25,,,,11.0,2.1,OSM-343316599,не указана,2023,298,none,,Зерноград,827.4
2023-10-26,,0.0384,,15.0,0.6,OSM-343316599,не указана,2023,299,landsat,0.0384,Зерноград,827.4
2023-10-27,,,,15.8,18.0,OSM-343316599,не указана,2023,300,none,,Зерноград,827.4
2023-10-28,,,,17.8,0.9,OSM-343316599,не указана,2023,301,none,,Зерноград,827.4
2023-10-29,,,,13.1,0.0,OSM-343316599,не указана,2023,302,none,,Зерноград,827.4
2023-10-30,,,,11.9,0.0,OSM-343316599,не указана,2023,303,none,,Зерноград,827.4
2023-10-31,,,,12.7,0.0,OSM-343316599,не указана,2023,304,none,,Зерноград,827.4
2023-11-01,,,0.6401,14.2,0.0,OSM-343316599,не указана,2023,305,modis,0.6401,Зерноград,827.4
2023-11-02,,,,13.6,1.1,OSM-343316599,не указана,2023,306,none,,Зерноград,827.4
2023-11-03,,,,11.6,2.2,OSM-343316599,не указана,2023,307,none,,Зерноград,827.4
2023-11-04,,,,13.6,0.3,OSM-343316599,не указана,2023,308,none,,Зерноград,827.4
2023-11-05,,0.424,,14.6,0.0,OSM-343316599,не указана,2023,309,landsat,0.424,Зерноград,827.4
2023-11-06,,,,13.5,23.9,OSM-343316599,не указана,2023,310,none,,Зерноград,827.4
2023-11-07,,,,11.5,0.0,OSM-343316599,не указана,2023,311,none,,Зерноград,827.4
2023-11-08,,,,10.6,0.0,OSM-343316599,не указана,2023,312,none,,Зерноград,827.4
2023-11-09,,,,10.4,22.2,OSM-343316599,не указана,2023,313,none,,Зерноград,827.4
2023-11-10,,,,6.6,0.0,OSM-343316599,не указана,2023,314,none,,Зерноград,827.4
2023-11-11,,,,8.0,0.0,OSM-343316599,не указана,2023,315,none,,Зерноград,827.4
2023-11-12,,,,11.7,15.1,OSM-343316599,не указана,2023,316,none,,Зерноград,827.4
2023-11-13,,0.46265,,10.3,1.9,OSM-343316599,не указана,2023,317,landsat,0.46265,Зерноград,827.4
2023-11-14,,,,6.1,30.2,OSM-343316599,не указана,2023,318,none,,Зерноград,827.4
2023-11-15,,,,10.1,35.0,OSM-343316599,не указана,2023,319,none,,Зерноград,827.4
2023-11-16,,,,7.4,0.2,OSM-343316599,не указана,2023,320,none,,Зерноград,827.4
2023-11-17,,,0.4042,5.8,2.2,OSM-343316599,не указана,2023,321,modis,0.4042,Зерноград,827.4
2023-11-18,,,,4.5,0.0,OSM-343316599,не указана,2023,322,none,,Зерноград,827.4
2023-11-19,,,,5.5,12.3,OSM-343316599,не указана,2023,323,none,,Зерноград,827.4
2023-11-20,,,,6.5,2.5,OSM-343316599,не указана,2023,324,none,,Зерноград,827.4
2023-11-21,,,,-0.5,0.6,OSM-343316599,не указана,2023,325,none,,Зерноград,827.4
2023-11-22,,,,-3.0,4.6,OSM-343316599,не указана,2023,326,none,,Зерноград,827.4
2023-11-23,,,,-3.5,2.5,OSM-343316599,не указана,2023,327,none,,Зерноград,827.4
2023-11-24,,,,6.5,0.5,OSM-343316599,не указана,2023,328,none,,Зерноград,827.4
2023-11-25,,,,8.5,10.2,OSM-343316599,не указана,2023,329,none,,Зерноград,827.4
2023-11-26,,,,11.5,10.5,OSM-343316599,не указана,2023,330,none,,Зерноград,827.4
2023-11-27,,,,4.0,0.0,OSM-343316599,не указана,2023,331,none,,Зерноград,827.4
2023-11-28,,,,2.5,0.0,OSM-343316599,не указана,2023,332,none,,Зерноград,827.4
2023-11-29,,,,5.3,4.5,OSM-343316599,не указана,2023,333,none,,Зерноград,827.4
2023-11-30,,,,4.0,7.5,OSM-343316599,не указана,2023,334,none,,Зерноград,827.4
2023-12-01,,,,7.1,1.7,OSM-343316599,не указана,2023,335,none,,Зерноград,827.4
2023-12-02,,,,13.1,0.0,OSM-343316599,не указана,2023,336,none,,Зерноград,827.4
2023-12-03,,,0.7329,13.4,0.0,OSM-343316599,не указана,2023,337,modis,0.7329,Зерноград,827.4
2023-12-04,,,,3.4,9.7,OSM-343316599,не указана,2023,338,none,,Зерноград,827.4
2023-12-05,,,,-3.2,0.0,OSM-343316599,не указана,2023,339,none,,Зерноград,827.4
2023-12-06,,,,-2.3,0.0,OSM-343316599,не указана,2023,340,none,,Зерноград,827.4
2023-12-07,,,,-0.8,0.0,OSM-343316599,не указана,2023,341,none,,Зерноград,827.4
2023-12-08,,,,-0.2,1.8,OSM-343316599,не указана,2023,342,none,,Зерноград,827.4
2023-12-09,,,,1.5,0.0,OSM-343316599,не указана,2023,343,none,,Зерноград,827.4
2023-12-10,,,,-1.4,8.2,OSM-343316599,не указана,2023,344,none,,Зерноград,827.4
2023-12-11,,,,-1.0,2.0,OSM-343316599,не указана,2023,345,none,,Зерноград,827.4
2023-12-12,,,,-1.0,7.8,OSM-343316599,не указана,2023,346,none,,Зерноград,827.4
2023-12-13,,,,-3.7,0.4,OSM-343316599,не указана,2023,347,none,,Зерноград,827.4
2023-12-14,,,,-1.9,0.0,OSM-343316599,не указана,2023,348,none,,Зерноград,827.4
2023-12-15,,,,0.4,5.3,OSM-343316599,не указана,2023,349,none,,Зерноград,827.4
2023-12-16,,,,-3.3,0.0,OSM-343316599,не указана,2023,350,none,,Зерноград,827.4
2023-12-17,,,,-1.1,0.4,OSM-343316599,не указана,2023,351,none,,Зерноград,827.4
2023-12-18,,,,2.4,0.8,OSM-343316599,не указана,2023,352,none,,Зерноград,827.4
2023-12-19,,,0.0495,3.7,0.1,OSM-343316599,не указана,2023,353,modis,0.0495,Зерноград,827.4
2023-12-20,,,,5.1,0.0,OSM-343316599,не указана,2023,354,none,,Зерноград,827.4
2023-12-21,,,,4.6,0.0,OSM-343316599,не указана,2023,355,none,,Зерноград,827.4
2023-12-22,,,,7.8,4.1,OSM-343316599,не указана,2023,356,none,,Зерноград,827.4
2023-12-23,,,,4.6,21.9,OSM-343316599,не указана,2023,357,none,,Зерноград,827.4
2023-12-24,,,,-0.9,2.3,OSM-343316599,не указана,2023,358,none,,Зерноград,827.4
2023-12-25,,,,1.4,7.8,OSM-343316599,не указана,2023,359,none,,Зерноград,827.4
2023-12-26,,,,6.9,2.6,OSM-343316599,не указана,2023,360,none,,Зерноград,827.4
2023-12-27,,,,7.8,7.6,OSM-343316599,не указана,2023,361,none,,Зерноград,827.4
2023-12-28,,,,1.7,0.0,OSM-343316599,не указана,2023,362,none,,Зерноград,827.4
2023-12-29,,,,5.7,0.0,OSM-343316599,не указана,2023,363,none,,Зерноград,827.4
2023-12-30,,,,6.3,0.0,OSM-343316599,не указана,2023,364,none,,Зерноград,827.4
2023-12-31,,,,4.9,0.2,OSM-343316599,не указана,2023,365,none,,Зерноград,827.4
2024-01-01,,,-0.021,1.7,0.0,OSM-343316599,не указана,2024,1,modis,-0.021,Зерноград,827.4
2024-01-02,,,,7.4,8.9,OSM-343316599,не указана,2024,2,none,,Зерноград,827.4
2024-01-03,,,,2.7,3.7,OSM-343316599,не указана,2024,3,none,,Зерноград,827.4
2024-01-04,,,,6.4,11.2,OSM-343316599,не указана,2024,4,none,,Зерноград,827.4
2024-01-05,,,,7.2,8.5,OSM-343316599,не указана,2024,5,none,,Зерноград,827.4
2024-01-06,,,,2.2,0.3,OSM-343316599,не указана,2024,6,none,,Зерноград,827.4
2024-01-07,,,,3.8,0.0,OSM-343316599,не указана,2024,7,none,,Зерноград,827.4
2024-01-08,,,,-2.7,21.1,OSM-343316599,не указана,2024,8,none,,Зерноград,827.4
2024-01-09,,,,-9.5,1.1,OSM-343316599,не указана,2024,9,none,,Зерноград,827.4
2024-01-10,,,,-7.0,0.0,OSM-343316599,не указана,2024,10,none,,Зерноград,827.4
2024-01-11,,,,-1.0,6.0,OSM-343316599,не указана,2024,11,none,,Зерноград,827.4
2024-01-12,,,,-7.8,5.6,OSM-343316599,не указана,2024,12,none,,Зерноград,827.4
2024-01-13,,,,-14.4,0.0,OSM-343316599,не указана,2024,13,none,,Зерноград,827.4
2024-01-14,,,,-8.6,1.4,OSM-343316599,не указана,2024,14,none,,Зерноград,827.4
2024-01-15,,,,1.3,4.3,OSM-343316599,не указана,2024,15,none,,Зерноград,827.4
2024-01-16,,,,1.5,6.1,OSM-343316599,не указана,2024,16,none,,Зерноград,827.4
2024-01-17,,,0.0842,-1.6,0.0,OSM-343316599,не указана,2024,17,modis,0.0842,Зерноград,827.4
2024-01-18,,,,1.0,0.0,OSM-343316599,не указана,2024,18,none,,Зерноград,827.4
2024-01-19,,,,5.0,2.5,OSM-343316599,не указана,2024,19,none,,Зерноград,827.4
2024-01-20,,,,5.4,6.5,OSM-343316599,не указана,2024,20,none,,Зерноград,827.4
2024-01-21,,,,-2.9,0.9,OSM-343316599,не указана,2024,21,none,,Зерноград,827.4
2024-01-22,,,,-6.1,0.0,OSM-343316599,не указана,2024,22,none,,Зерноград,827.4
2024-01-23,,,,-7.3,0.0,OSM-343316599,не указана,2024,23,none,,Зерноград,827.4
2024-01-24,,0.25605,,-7.1,0.0,OSM-343316599,не указана,2024,24,landsat,0.25605,Зерноград,827.4
2024-01-25,,,,-0.7,0.9,OSM-343316599,не указана,2024,25,none,,Зерноград,827.4
2024-01-26,,,,2.4,1.6,OSM-343316599,не указана,2024,26,none,,Зерноград,827.4
2024-01-27,,,,-0.1,0.8,OSM-343316599,не указана,2024,27,none,,Зерноград,827.4
2024-01-28,,,,-0.7,1.8,OSM-343316599,не указана,2024,28,none,,Зерноград,827.4
2024-01-29,,,,-5.1,0.0,OSM-343316599,не указана,2024,29,none,,Зерноград,827.4
2024-01-30,,,,-5.2,0.0,OSM-343316599,не указана,2024,30,none,,Зерноград,827.4
2024-01-31,,,,-1.4,0.0,OSM-343316599,не указана,2024,31,none,,Зерноград,827.4
2024-02-01,,,,0.6,0.0,OSM-343316599,не указана,2024,32,none,,Зерноград,827.4
2024-02-02,,,0.7484000000000001,1.0,0.0,OSM-343316599,не указана,2024,33,modis,0.7484000000000001,Зерноград,827.4
2024-02-03,,,,0.8,1.1,OSM-343316599,не указана,2024,34,none,,Зерноград,827.4
2024-02-04,,,,3.5,3.7,OSM-343316599,не указана,2024,35,none,,Зерноград,827.4
2024-02-05,,,,3.2,5.2,OSM-343316599,не указана,2024,36,none,,Зерноград,827.4
2024-02-06,,,,1.9,1.2,OSM-343316599,не указана,2024,37,none,,Зерноград,827.4
2024-02-07,,,,7.6,1.0,OSM-343316599,не указана,2024,38,none,,Зерноград,827.4
2024-02-08,,,,8.2,0.5,OSM-343316599,не указана,2024,39,none,,Зерноград,827.4
2024-02-09,,,,6.0,5.4,OSM-343316599,не указана,2024,40,none,,Зерноград,827.4
2024-02-10,,,,9.3,2.6,OSM-343316599,не указана,2024,41,none,,Зерноград,827.4
2024-02-11,,,,10.5,1.0,OSM-343316599,не указана,2024,42,none,,Зерноград,827.4
2024-02-12,,,,10.3,0.0,OSM-343316599,не указана,2024,43,none,,Зерноград,827.4
2024-02-13,,,,8.6,0.2,OSM-343316599,не указана,2024,44,none,,Зерноград,827.4
2024-02-14,,,,7.0,0.0,OSM-343316599,не указана,2024,45,none,,Зерноград,827.4
2024-02-15,,,,0.7,0.0,OSM-343316599,не указана,2024,46,none,,Зерноград,827.4
2024-02-16,,,,-2.6,0.0,OSM-343316599,не указана,2024,47,none,,Зерноград,827.4
2024-02-17,,,,-2.8,0.9,OSM-343316599,не указана,2024,48,none,,Зерноград,827.4
2024-02-18,,,0.6014,-1.2,0.0,OSM-343316599,не указана,2024,49,modis,0.6014,Зерноград,827.4
2024-02-19,,,,-1.7,0.4,OSM-343316599,не указана,2024,50,none,,Зерноград,827.4
2024-02-20,,,,-2.9,0.0,OSM-343316599,не указана,2024,51,none,,Зерноград,827.4
2024-02-21,,,,-2.2,0.0,OSM-343316599,не указана,2024,52,none,,Зерноград,827.4
2024-02-22,,,,-1.6,0.0,OSM-343316599,не указана,2024,53,none,,Зерноград,827.4
2024-02-23,,,,0.4,0.0,OSM-343316599,не указана,2024,54,none,,Зерноград,827.4
2024-02-24,,,,0.9,0.0,OSM-343316599,не указана,2024,55,none,,Зерноград,827.4
2024-02-25,,0.38585,,-0.0,0.0,OSM-343316599,не указана,2024,56,landsat,0.38585,Зерноград,827.4
2024-02-26,,,,0.8,0.0,OSM-343316599,не указана,2024,57,none,,Зерноград,827.4
2024-02-27,,,,1.8,0.0,OSM-343316599,не указана,2024,58,none,,Зерноград,827.4
2024-02-28,,,,1.5,0.0,OSM-343316599,не указана,2024,59,none,,Зерноград,827.4
2024-02-29,,,,2.1,0.0,OSM-343316599,не указана,2024,60,none,,Зерноград,827.4
2024-03-01,,,,1.8,0.0,OSM-343316599,не указана,2024,61,none,,Зерноград,827.4
2024-03-02,,,,4.0,0.0,OSM-343316599,не указана,2024,62,none,,Зерноград,827.4
2024-03-03,,,,3.7,0.0,OSM-343316599,не указана,2024,63,none,,Зерноград,827.4
2024-03-04,,0.3146,,3.5,0.0,OSM-343316599,не указана,2024,64,landsat,0.3146,Зерноград,827.4
2024-03-05,,,0.534,2.4,0.0,OSM-343316599,не указана,2024,65,modis,0.534,Зерноград,827.4
2024-03-06,,,,4.0,0.0,OSM-343316599,не указана,2024,66,none,,Зерноград,827.4
2024-03-07,,,,0.1,0.0,OSM-343316599,не указана,2024,67,none,,Зерноград,827.4
2024-03-08,,,,-2.1,0.0,OSM-343316599,не указана,2024,68,none,,Зерноград,827.4
2024-03-09,,,,-0.3,0.0,OSM-343316599,не указана,2024,69,none,,Зерноград,827.4
2024-03-10,,,,2.7,0.1,OSM-343316599,не указана,2024,70,none,,Зерноград,827.4
2024-03-11,,,,-0.5,1.4,OSM-343316599,не указана,2024,71,none,,Зерноград,827.4
2024-03-12,,0.375,,-0.6,0.0,OSM-343316599,не указана,2024,72,landsat,0.375,Зерноград,827.4
2024-03-13,,,,1.9,0.0,OSM-343316599,не указана,2024,73,none,,Зерноград,827.4
2024-03-14,,,,3.5,3.1,OSM-343316599,не указана,2024,74,none,,Зерноград,827.4
2024-03-15,,,,4.4,1.0,OSM-343316599,не указана,2024,75,none,,Зерноград,827.4
2024-03-16,,,,4.3,0.0,OSM-343316599,не указана,2024,76,none,,Зерноград,827.4
2024-03-17,,,,5.5,0.9,OSM-343316599,не указана,2024,77,none,,Зерноград,827.4
2024-03-18,,,,6.6,0.1,OSM-343316599,не указана,2024,78,none,,Зерноград,827.4
2024-03-19,,,,8.1,0.0,OSM-343316599,не указана,2024,79,none,,Зерноград,827.4
2024-03-20,,0.3636,,6.1,0.0,OSM-343316599,не указана,2024,80,landsat,0.3636,Зерноград,827.4
2024-03-21,,,0.5147,4.2,0.0,OSM-343316599,не указана,2024,81,modis,0.5147,Зерноград,827.4
2024-03-22,,,,3.3,0.0,OSM-343316599,не указана,2024,82,none,,Зерноград,827.4
2024-03-23,,,,4.2,0.1,OSM-343316599,не указана,2024,83,none,,Зерноград,827.4
2024-03-24,,,,6.4,0.1,OSM-343316599,не указана,2024,84,none,,Зерноград,827.4
2024-03-25,,,,8.1,0.2,OSM-343316599,не указана,2024,85,none,,Зерноград,827.4
2024-03-26,,,,6.4,2.6,OSM-343316599,не указана,2024,86,none,,Зерноград,827.4
2024-03-27,,,,8.4,0.6,OSM-343316599,не указана,2024,87,none,,Зерноград,827.4
2024-03-28,,,,10.3,0.0,OSM-343316599,не указана,2024,88,none,,Зерноград,827.4
2024-03-29,,,,10.9,14.3,OSM-343316599,не указана,2024,89,none,,Зерноград,827.4
2024-03-30,,,,11.5,11.4,OSM-343316599,не указана,2024,90,none,,Зерноград,827.4
2024-03-31,,,,12.6,0.0,OSM-343316599,не указана,2024,91,none,,Зерноград,827.4
2024-04-01,,,,15.3,0.0,OSM-343316599,не указана,2024,92,none,,Зерноград,827.4
2024-04-02,,,,16.8,0.0,OSM-343316599,не указана,2024,93,none,,Зерноград,827.4
2024-04-03,,,,15.0,7.3,OSM-343316599,не указана,2024,94,none,,Зерноград,827.4
2024-04-04,,,,13.0,0.1,OSM-343316599,не указана,2024,95,none,,Зерноград,827.4
2024-04-05,,,,11.9,0.0,OSM-343316599,не указана,2024,96,none,,Зерноград,827.4
2024-04-06,,,0.7129000000000001,9.9,0.0,OSM-343316599,не указана,2024,97,modis,0.7129000000000001,Зерноград,827.4
2024-04-07,,,,12.5,0.0,OSM-343316599,не указана,2024,98,none,,Зерноград,827.4
2024-04-08,,,,14.3,0.0,OSM-343316599,не указана,2024,99,none,,Зерноград,827.4
2024-04-09,,,,14.6,0.0,OSM-343316599,не указана,2024,100,none,,Зерноград,827.4
2024-04-10,,,,16.0,0.0,OSM-343316599,не указана,2024,101,none,,Зерноград,827.4
2024-04-11,,,,17.2,0.0,OSM-343316599,не указана,2024,102,none,,Зерноград,827.4
2024-04-12,,,,17.6,0.0,OSM-343316599,не указана,2024,103,none,,Зерноград,827.4
2024-04-13,,0.5679000000000001,,17.0,0.0,OSM-343316599,не указана,2024,104,landsat,0.5679000000000001,Зерноград,827.4
2024-04-14,,,,16.2,0.0,OSM-343316599,не указана,2024,105,none,,Зерноград,827.4
2024-04-15,,,,16.2,4.0,OSM-343316599,не указана,2024,106,none,,Зерноград,827.4
2024-04-16,,,,19.1,0.0,OSM-343316599,не указана,2024,107,none,,Зерноград,827.4
2024-04-17,,,,21.2,0.0,OSM-343316599,не указана,2024,108,none,,Зерноград,827.4
2024-04-18,,,,21.8,0.4,OSM-343316599,не указана,2024,109,none,,Зерноград,827.4
2024-04-19,,,,14.8,4.0,OSM-343316599,не указана,2024,110,none,,Зерноград,827.4
2024-04-20,,,,17.0,0.0,OSM-343316599,не указана,2024,111,none,,Зерноград,827.4
2024-04-21,,,,16.5,1.6,OSM-343316599,не указана,2024,112,none,,Зерноград,827.4
2024-04-22,,,0.8022,14.5,0.5,OSM-343316599,не указана,2024,113,modis,0.8022,Зерноград,827.4
2024-04-23,,,,14.8,0.0,OSM-343316599,не указана,2024,114,none,,Зерноград,827.4
2024-04-24,,,,17.1,0.0,OSM-343316599,не указана,2024,115,none,,Зерноград,827.4
2024-04-25,,,,23.1,0.0,OSM-343316599,не указана,2024,116,none,,Зерноград,827.4
2024-04-26,,,,22.1,0.0,OSM-343316599,не указана,2024,117,none,,Зерноград,827.4
2024-04-27,,,,19.4,0.0,OSM-343316599,не указана,2024,118,none,,Зерноград,827.4
2024-04-28,,,,20.5,0.0,OSM-343316599,не указана,2024,119,none,,Зерноград,827.4
2024-04-29,,,,19.7,0.0,OSM-343316599,не указана,2024,120,none,,Зерноград,827.4
2024-04-30,,,,14.9,0.0,OSM-343316599,не указана,2024,121,none,,Зерноград,827.4
2024-05-01,,,,15.2,0.0,OSM-343316599,не указана,2024,122,none,,Зерноград,827.4
2024-05-02,,,,17.2,0.0,OSM-343316599,не указана,2024,123,none,,Зерноград,827.4
2024-05-03,,,,17.2,0.0,OSM-343316599,не указана,2024,124,none,,Зерноград,827.4
2024-05-04,,,,10.4,0.0,OSM-343316599,не указана,2024,125,none,,Зерноград,827.4
2024-05-05,,,,10.4,0.0,OSM-343316599,не указана,2024,126,none,,Зерноград,827.4
2024-05-06,,,,13.6,0.0,OSM-343316599,не указана,2024,127,none,,Зерноград,827.4
2024-05-07,,0.8209,,17.1,0.0,OSM-343316599,не указана,2024,128,landsat,0.8209,Зерноград,827.4
2024-05-08,,,0.8904000000000001,14.0,2.5,OSM-343316599,не указана,2024,129,modis,0.8904000000000001,Зерноград,827.4
2024-05-09,,,,12.7,0.0,OSM-343316599,не указана,2024,130,none,,Зерноград,827.4
2024-05-10,,,,13.0,0.0,OSM-343316599,не указана,2024,131,none,,Зерноград,827.4
2024-05-11,,,,16.0,0.0,OSM-343316599,не указана,2024,132,none,,Зерноград,827.4
2024-05-12,,,,14.3,0.0,OSM-343316599,не указана,2024,133,none,,Зерноград,827.4
2024-05-13,,,,12.9,0.0,OSM-343316599,не указана,2024,134,none,,Зерноград,827.4
2024-05-14,,,,13.3,0.0,OSM-343316599,не указана,2024,135,none,,Зерноград,827.4
2024-05-15,,,,13.1,2.4,OSM-343316599,не указана,2024,136,none,,Зерноград,827.4
2024-05-16,,,,11.8,6.4,OSM-343316599,не указана,2024,137,none,,Зерноград,827.4
2024-05-17,,,,12.0,1.0,OSM-343316599,не указана,2024,138,none,,Зерноград,827.4
2024-05-18,,,,13.7,0.0,OSM-343316599,не указана,2024,139,none,,Зерноград,827.4
2024-05-19,,,,14.3,14.6,OSM-343316599,не указана,2024,140,none,,Зерноград,827.4
2024-05-20,,,,16.5,0.1,OSM-343316599,не указана,2024,141,none,,Зерноград,827.4
2024-05-21,,,,18.9,0.0,OSM-343316599,не указана,2024,142,none,,Зерноград,827.4
2024-05-22,,,,19.6,0.0,OSM-343316599,не указана,2024,143,none,,Зерноград,827.4
2024-05-23,,0.8471500000000001,,20.1,0.0,OSM-343316599,не указана,2024,144,landsat,0.8471500000000001,Зерноград,827.4
2024-05-24,,,0.7589,20.1,0.0,OSM-343316599,не указана,2024,145,modis,0.7589,Зерноград,827.4
2024-05-25,,,,18.1,0.0,OSM-343316599,не указана,2024,146,none,,Зерноград,827.4
2024-05-26,,,,16.2,0.3,OSM-343316599,не указана,2024,147,none,,Зерноград,827.4
2024-05-27,,,,19.3,0.0,OSM-343316599,не указана,2024,148,none,,Зерноград,827.4
2024-05-28,,,,21.5,0.0,OSM-343316599,не указана,2024,149,none,,Зерноград,827.4
2024-05-29,,,,21.3,0.1,OSM-343316599,не указана,2024,150,none,,Зерноград,827.4
2024-05-30,,,,22.7,2.4,OSM-343316599,не указана,2024,151,none,,Зерноград,827.4
2024-05-31,,0.8566,,22.5,1.3,OSM-343316599,не указана,2024,152,landsat,0.8566,Зерноград,827.4
2024-06-01,,,,23.4,0.0,OSM-343316599,не указана,2024,153,none,,Зерноград,827.4
2024-06-02,,,,24.3,0.0,OSM-343316599,не указана,2024,154,none,,Зерноград,827.4
2024-06-03,,,,24.5,0.0,OSM-343316599,не указана,2024,155,none,,Зерноград,827.4
2024-06-04,,,,25.6,0.0,OSM-343316599,не указана,2024,156,none,,Зерноград,827.4
2024-06-05,,,,27.8,0.0,OSM-343316599,не указана,2024,157,none,,Зерноград,827.4
2024-06-06,,,,26.8,0.4,OSM-343316599,не указана,2024,158,none,,Зерноград,827.4
2024-06-07,,,,25.1,0.3,OSM-343316599,не указана,2024,159,none,,Зерноград,827.4
2024-06-08,,0.84755,,25.2,0.0,OSM-343316599,не указана,2024,160,landsat,0.84755,Зерноград,827.4
2024-06-09,,,0.5583,23.5,3.2,OSM-343316599,не указана,2024,161,modis,0.5583,Зерноград,827.4
2024-06-10,,,,24.5,0.4,OSM-343316599,не указана,2024,162,none,,Зерноград,827.4
2024-06-11,,,,26.1,1.8,OSM-343316599,не указана,2024,163,none,,Зерноград,827.4
2024-06-12,,,,27.0,6.7,OSM-343316599,не указана,2024,164,none,,Зерноград,827.4
2024-06-13,,,,25.3,0.7,OSM-343316599,не указана,2024,165,none,,Зерноград,827.4
2024-06-14,,,,26.0,0.0,OSM-343316599,не указана,2024,166,none,,Зерноград,827.4
2024-06-15,,,,25.5,2.0,OSM-343316599,не указана,2024,167,none,,Зерноград,827.4
2024-06-16,,,,23.9,1.8,OSM-343316599,не указана,2024,168,none,,Зерноград,827.4
2024-06-17,,,,24.4,0.0,OSM-343316599,не указана,2024,169,none,,Зерноград,827.4
2024-06-18,,,,24.8,0.1,OSM-343316599,не указана,2024,170,none,,Зерноград,827.4
2024-06-19,,,,26.4,0.0,OSM-343316599,не указана,2024,171,none,,Зерноград,827.4
2024-06-20,,,,27.7,7.3,OSM-343316599,не указана,2024,172,none,,Зерноград,827.4
2024-06-21,,,,21.6,0.0,OSM-343316599,не указана,2024,173,none,,Зерноград,827.4
2024-06-22,,,,22.8,0.0,OSM-343316599,не указана,2024,174,none,,Зерноград,827.4
2024-06-23,,,,24.3,0.0,OSM-343316599,не указана,2024,175,none,,Зерноград,827.4
2024-06-24,,0.7416499999999999,,26.8,0.1,OSM-343316599,не указана,2024,176,landsat,0.7416499999999999,Зерноград,827.4
2024-06-25,,,0.339,22.7,2.7,OSM-343316599,не указана,2024,177,modis,0.339,Зерноград,827.4
2024-06-26,,,,21.5,1.1,OSM-343316599,не указана,2024,178,none,,Зерноград,827.4
2024-06-27,,,,21.2,1.5,OSM-343316599,не указана,2024,179,none,,Зерноград,827.4
2024-06-28,,,,22.4,0.1,OSM-343316599,не указана,2024,180,none,,Зерноград,827.4
2024-06-29,,,,23.5,0.0,OSM-343316599,не указана,2024,181,none,,Зерноград,827.4
2024-06-30,,,,26.3,0.0,OSM-343316599,не указана,2024,182,none,,Зерноград,827.4
2024-07-01,,,,26.4,0.0,OSM-343316599,не указана,2024,183,none,,Зерноград,827.4
2024-07-02,,0.7826500000000001,,26.8,0.0,OSM-343316599,не указана,2024,184,landsat,0.7826500000000001,Зерноград,827.4
2024-07-03,,,,27.5,0.0,OSM-343316599,не указана,2024,185,none,,Зерноград,827.4
2024-07-04,,,,28.8,0.7,OSM-343316599,не указана,2024,186,none,,Зерноград,827.4
2024-07-05,,,,30.6,0.0,OSM-343316599,не указана,2024,187,none,,Зерноград,827.4
2024-07-06,,,,31.3,0.0,OSM-343316599,не указана,2024,188,none,,Зерноград,827.4
2024-07-07,,,,31.0,0.0,OSM-343316599,не указана,2024,189,none,,Зерноград,827.4
2024-07-08,,,,32.3,0.0,OSM-343316599,не указана,2024,190,none,,Зерноград,827.4
2024-07-09,,,,31.9,0.0,OSM-343316599,не указана,2024,191,none,,Зерноград,827.4
2024-07-10,,,,30.4,0.0,OSM-343316599,не указана,2024,192,none,,Зерноград,827.4
2024-07-11,,,0.5101,30.2,0.0,OSM-343316599,не указана,2024,193,modis,0.5101,Зерноград,827.4
2024-07-12,,,,29.3,0.0,OSM-343316599,не указана,2024,194,none,,Зерноград,827.4
2024-07-13,,,,26.7,0.0,OSM-343316599,не указана,2024,195,none,,Зерноград,827.4
2024-07-14,,,,27.0,0.0,OSM-343316599,не указана,2024,196,none,,Зерноград,827.4
2024-07-15,,,,29.5,0.0,OSM-343316599,не указана,2024,197,none,,Зерноград,827.4
2024-07-16,,,,32.0,0.0,OSM-343316599,не указана,2024,198,none,,Зерноград,827.4
2024-07-17,,,,32.2,0.0,OSM-343316599,не указана,2024,199,none,,Зерноград,827.4
2024-07-18,,0.698,,31.6,0.0,OSM-343316599,не указана,2024,200,landsat,0.698,Зерноград,827.4
2024-07-19,,,,33.0,0.0,OSM-343316599,не указана,2024,201,none,,Зерноград,827.4
2024-07-20,,,,30.3,0.0,OSM-343316599,не указана,2024,202,none,,Зерноград,827.4
2024-07-21,,,,30.1,0.0,OSM-343316599,не указана,2024,203,none,,Зерноград,827.4
2024-07-22,,,,29.7,0.3,OSM-343316599,не указана,2024,204,none,,Зерноград,827.4
2024-07-23,,,,24.4,5.7,OSM-343316599,не указана,2024,205,none,,Зерноград,827.4
2024-07-24,,,,22.7,0.3,OSM-343316599,не указана,2024,206,none,,Зерноград,827.4
2024-07-25,,,,22.9,0.0,OSM-343316599,не указана,2024,207,none,,Зерноград,827.4
2024-07-26,,,,25.1,0.0,OSM-343316599,не указана,2024,208,none,,Зерноград,827.4
2024-07-27,,,0.2349,24.9,0.0,OSM-343316599,не указана,2024,209,modis,0.2349,Зерноград,827.4
2024-07-28,,,,25.8,0.0,OSM-343316599,не указана,2024,210,none,,Зерноград,827.4
2024-07-29,,,,27.7,0.0,OSM-343316599,не указана,2024,211,none,,Зерноград,827.4
2024-07-30,,,,25.4,0.0,OSM-343316599,не указана,2024,212,none,,Зерноград,827.4
2024-07-31,,,,23.6,0.0,OSM-343316599,не указана,2024,213,none,,Зерноград,827.4
2024-08-01,,,,24.8,0.0,OSM-343316599,не указана,2024,214,none,,Зерноград,827.4
2024-08-02,,,,26.1,0.0,OSM-343316599,не указана,2024,215,none,,Зерноград,827.4
2024-08-03,,0.6946,,26.6,0.0,OSM-343316599,не указана,2024,216,landsat,0.6946,Зерноград,827.4
2024-08-04,,,,28.5,0.0,OSM-343316599,не указана,2024,217,none,,Зерноград,827.4
2024-08-05,,,,24.8,3.3,OSM-343316599,не указана,2024,218,none,,Зерноград,827.4
2024-08-06,,,,22.1,2.9,OSM-343316599,не указана,2024,219,none,,Зерноград,827.4
2024-08-07,,,,22.9,0.6,OSM-343316599,не указана,2024,220,none,,Зерноград,827.4
2024-08-08,,,,25.1,0.0,OSM-343316599,не указана,2024,221,none,,Зерноград,827.4
2024-08-09,,,,24.9,0.0,OSM-343316599,не указана,2024,222,none,,Зерноград,827.4
2024-08-10,,,,25.3,0.0,OSM-343316599,не указана,2024,223,none,,Зерноград,827.4
2024-08-11,,0.7343,,27.0,0.0,OSM-343316599,не указана,2024,224,landsat,0.7343,Зерноград,827.4
2024-08-12,,,0.3091,23.9,0.0,OSM-343316599,не указана,2024,225,modis,0.3091,Зерноград,827.4
2024-08-13,,,,22.6,0.0,OSM-343316599,не указана,2024,226,none,,Зерноград,827.4
2024-08-14,,,,21.4,0.0,OSM-343316599,не указана,2024,227,none,,Зерноград,827.4
2024-08-15,,,,22.2,0.0,OSM-343316599,не указана,2024,228,none,,Зерноград,827.4
2024-08-16,,,,22.1,0.0,OSM-343316599,не указана,2024,229,none,,Зерноград,827.4
2024-08-17,,,,22.7,0.0,OSM-343316599,не указана,2024,230,none,,Зерноград,827.4
2024-08-18,,,,23.9,0.0,OSM-343316599,не указана,2024,231,none,,Зерноград,827.4
2024-08-19,,0.6931,,25.5,0.0,OSM-343316599,не указана,2024,232,landsat,0.6931,Зерноград,827.4
2024-08-20,,,,27.5,0.0,OSM-343316599,не указана,2024,233,none,,Зерноград,827.4
2024-08-21,,,,28.6,0.0,OSM-343316599,не указана,2024,234,none,,Зерноград,827.4
2024-08-22,,,,30.1,0.0,OSM-343316599,не указана,2024,235,none,,Зерноград,827.4
2024-08-23,,,,28.8,0.3,OSM-343316599,не указана,2024,236,none,,Зерноград,827.4
2024-08-24,,,,27.7,0.0,OSM-343316599,не указана,2024,237,none,,Зерноград,827.4
2024-08-25,,,,26.2,0.0,OSM-343316599,не указана,2024,238,none,,Зерноград,827.4
2024-08-26,,,,26.9,0.0,OSM-343316599,не указана,2024,239,none,,Зерноград,827.4
2024-08-27,,0.5225,,27.7,0.0,OSM-343316599,не указана,2024,240,landsat,0.5225,Зерноград,827.4
2024-08-28,,,0.2626,28.3,0.0,OSM-343316599,не указана,2024,241,modis,0.2626,Зерноград,827.4
2024-08-29,,,,26.9,0.0,OSM-343316599,не указана,2024,242,none,,Зерноград,827.4
2024-08-30,,,,27.3,0.0,OSM-343316599,не указана,2024,243,none,,Зерноград,827.4
2024-08-31,,,,27.6,0.0,OSM-343316599,не указана,2024,244,none,,Зерноград,827.4
2024-09-01,,,,27.9,0.0,OSM-343316599,не указана,2024,245,none,,Зерноград,827.4
2024-09-02,,,,27.5,4.1,OSM-343316599,не указана,2024,246,none,,Зерноград,827.4
2024-09-03,,,,24.9,8.3,OSM-343316599,не указана,2024,247,none,,Зерноград,827.4
2024-09-04,,0.5674,,24.6,0.0,OSM-343316599,не указана,2024,248,landsat,0.5674,Зерноград,827.4
2024-09-05,,,,23.7,0.0,OSM-343316599,не указана,2024,249,none,,Зерноград,827.4
2024-09-06,,,,21.8,0.0,OSM-343316599,не указана,2024,250,none,,Зерноград,827.4
2024-09-07,,,,20.5,0.0,OSM-343316599,не указана,2024,251,none,,Зерноград,827.4
2024-09-08,,,,21.3,0.2,OSM-343316599,не указана,2024,252,none,,Зерноград,827.4
2024-09-09,,,,21.7,0.3,OSM-343316599,не указана,2024,253,none,,Зерноград,827.4
2024-09-10,,,,23.8,1.2,OSM-343316599,не указана,2024,254,none,,Зерноград,827.4
2024-09-11,,,,25.2,0.0,OSM-343316599,не указана,2024,255,none,,Зерноград,827.4
2024-09-12,,0.5694,,25.4,0.1,OSM-343316599,не указана,2024,256,landsat,0.5694,Зерноград,827.4
2024-09-13,,,0.2069,24.8,0.0,OSM-343316599,не указана,2024,257,modis,0.2069,Зерноград,827.4
2024-09-14,,,,24.8,0.0,OSM-343316599,не указана,2024,258,none,,Зерноград,827.4
2024-09-15,,,,23.1,0.0,OSM-343316599,не указана,2024,259,none,,Зерноград,827.4
2024-09-16,,,,22.9,0.0,OSM-343316599,не указана,2024,260,none,,Зерноград,827.4
2024-09-17,,,,21.8,0.0,OSM-343316599,не указана,2024,261,none,,Зерноград,827.4
2024-09-18,,,,19.5,0.0,OSM-343316599,не указана,2024,262,none,,Зерноград,827.4
2024-09-19,,,,17.8,0.0,OSM-343316599,не указана,2024,263,none,,Зерноград,827.4
2024-09-20,,0.6046,,17.6,0.0,OSM-343316599,не указана,2024,264,landsat,0.6046,Зерноград,827.4
2024-09-21,,,,18.7,0.0,OSM-343316599,не указана,2024,265,none,,Зерноград,827.4
2024-09-22,,,,19.5,0.0,OSM-343316599,не указана,2024,266,none,,Зерноград,827.4
2024-09-23,,,,19.8,0.0,OSM-343316599,не указана,2024,267,none,,Зерноград,827.4
2024-09-24,,,,18.7,0.0,OSM-343316599,не указана,2024,268,none,,Зерноград,827.4
2024-09-25,,,,18.3,0.0,OSM-343316599,не указана,2024,269,none,,Зерноград,827.4
2024-09-26,,,,20.0,0.0,OSM-343316599,не указана,2024,270,none,,Зерноград,827.4
2024-09-27,,,,19.4,0.0,OSM-343316599,не указана,2024,271,none,,Зерноград,827.4
2024-09-28,,0.57135,,19.4,0.0,OSM-343316599,не указана,2024,272,landsat,0.57135,Зерноград,827.4
2024-09-29,,,0.2529,20.0,0.0,OSM-343316599,не указана,2024,273,modis,0.2529,Зерноград,827.4
2024-09-30,,,,20.6,0.0,OSM-343316599,не указана,2024,274,none,,Зерноград,827.4
2024-10-01,,,,19.1,0.0,OSM-343316599,не указана,2024,275,none,,Зерноград,827.4
2024-10-02,,,,16.2,0.0,OSM-343316599,не указана,2024,276,none,,Зерноград,827.4
2024-10-03,,,,16.3,0.0,OSM-343316599,не указана,2024,277,none,,Зерноград,827.4
2024-10-04,,,,17.4,0.0,OSM-343316599,не указана,2024,278,none,,Зерноград,827.4
2024-10-05,,,,18.2,0.0,OSM-343316599,не указана,2024,279,none,,Зерноград,827.4
2024-10-06,,0.542,,20.0,0.0,OSM-343316599,не указана,2024,280,landsat,0.542,Зерноград,827.4
2024-10-07,,,,20.9,0.0,OSM-343316599,не указана,2024,281,none,,Зерноград,827.4
2024-10-08,,,,17.4,0.0,OSM-343316599,не указана,2024,282,none,,Зерноград,827.4
2024-10-09,,,,16.3,0.0,OSM-343316599,не указана,2024,283,none,,Зерноград,827.4
2024-10-10,,,,15.8,0.0,OSM-343316599,не указана,2024,284,none,,Зерноград,827.4
2024-10-11,0.49195,,,17.0,0.0,OSM-343316599,не указана,2024,285,s2,0.49195,Зерноград,827.4
2024-10-12,,,,14.6,0.0,OSM-343316599,не указана,2024,286,none,,Зерноград,827.4
2024-10-13,,,,12.5,3.5,OSM-343316599,не указана,2024,287,none,,Зерноград,827.4
2024-10-14,,,,12.2,0.1,OSM-343316599,не указана,2024,288,none,,Зерноград,827.4
2024-10-15,,,0.217,12.5,2.0,OSM-343316599,не указана,2024,289,modis,0.217,Зерноград,827.4
2024-10-16,,,,11.4,0.9,OSM-343316599,не указана,2024,290,none,,Зерноград,827.4
2024-10-17,,,,9.5,0.8,OSM-343316599,не указана,2024,291,none,,Зерноград,827.4
2024-10-18,,,,7.4,0.0,OSM-343316599,не указана,2024,292,none,,Зерноград,827.4
2024-10-19,,,,6.6,0.0,OSM-343316599,не указана,2024,293,none,,Зерноград,827.4
2024-10-20,,,,6.0,0.8,OSM-343316599,не указана,2024,294,none,,Зерноград,827.4
2024-10-21,,,,7.1,1.0,OSM-343316599,не указана,2024,295,none,,Зерноград,827.4
2024-10-22,,,,7.5,0.0,OSM-343316599,не указана,2024,296,none,,Зерноград,827.4
2024-10-23,,,,10.6,0.0,OSM-343316599,не указана,2024,297,none,,Зерноград,827.4
2024-10-24,,,,9.9,0.0,OSM-343316599,не указана,2024,298,none,,Зерноград,827.4
2024-10-25,,,,7.8,0.9,OSM-343316599,не указана,2024,299,none,,Зерноград,827.4
2024-10-26,0.4285,,,5.6,0.0,OSM-343316599,не указана,2024,300,s2,0.4285,Зерноград,827.4
2024-10-27,,,,4.8,0.0,OSM-343316599,не указана,2024,301,none,,Зерноград,827.4
2024-10-28,,,,8.5,2.5,OSM-343316599,не указана,2024,302,none,,Зерноград,827.4
2024-10-29,,,,11.2,0.7,OSM-343316599,не указана,2024,303,none,,Зерноград,827.4
2024-10-30,,0.4867,,8.6,0.0,OSM-343316599,не указана,2024,304,landsat,0.4867,Зерноград,827.4
2024-10-31,,,0.4362,10.5,4.6,OSM-343316599,не указана,2024,305,modis,0.4362,Зерноград,827.4
2024-11-01,,,,11.6,0.2,OSM-343316599,не указана,2024,306,none,,Зерноград,827.4
2024-11-02,,,,13.2,4.2,OSM-343316599,не указана,2024,307,none,,Зерноград,827.4
2024-11-03,,,,3.4,0.2,OSM-343316599,не указана,2024,308,none,,Зерноград,827.4
2024-11-04,,,,3.7,6.2,OSM-343316599,не указана,2024,309,none,,Зерноград,827.4
2024-11-05,,,,1.3,0.3,OSM-343316599,не указана,2024,310,none,,Зерноград,827.4
2024-11-06,,,,4.0,0.4,OSM-343316599,не указана,2024,311,none,,Зерноград,827.4
2024-11-07,,,,6.9,0.0,OSM-343316599,не указана,2024,312,none,,Зерноград,827.4
2024-11-08,,,,6.5,0.0,OSM-343316599,не указана,2024,313,none,,Зерноград,827.4
2024-11-09,,,,6.2,0.0,OSM-343316599,не указана,2024,314,none,,Зерноград,827.4
2024-11-10,,,,3.9,0.0,OSM-343316599,не указана,2024,315,none,,Зерноград,827.4
2024-11-11,,,,4.2,0.0,OSM-343316599,не указана,2024,316,none,,Зерноград,827.4
2024-11-12,,,,5.1,0.0,OSM-343316599,не указана,2024,317,none,,Зерноград,827.4
2024-11-13,,,,4.3,0.0,OSM-343316599,не указана,2024,318,none,,Зерноград,827.4
2024-11-14,,,,3.6,0.7,OSM-343316599,не указана,2024,319,none,,Зерноград,827.4
2024-11-15,,,,4.6,0.1,OSM-343316599,не указана,2024,320,none,,Зерноград,827.4
2024-11-16,,,0.2314,2.6,0.0,OSM-343316599,не указана,2024,321,modis,0.2314,Зерноград,827.4
2024-11-17,,,,1.7,0.0,OSM-343316599,не указана,2024,322,none,,Зерноград,827.4
2024-11-18,,,,1.6,0.0,OSM-343316599,не указана,2024,323,none,,Зерноград,827.4
2024-11-19,,,,2.9,0.0,OSM-343316599,не указана,2024,324,none,,Зерноград,827.4
2024-11-20,0.4122,,,4.7,0.0,OSM-343316599,не указана,2024,325,s2,0.4122,Зерноград,827.4
2024-11-21,,,,9.4,2.3,OSM-343316599,не указана,2024,326,none,,Зерноград,827.4
2024-11-22,,,,6.1,2.5,OSM-343316599,не указана,2024,327,none,,Зерноград,827.4
2024-11-23,,,,9.8,0.5,OSM-343316599,не указана,2024,328,none,,Зерноград,827.4
2024-11-24,,,,3.4,7.0,OSM-343316599,не указана,2024,329,none,,Зерноград,827.4
2024-11-25,,,,2.0,8.8,OSM-343316599,не указана,2024,330,none,,Зерноград,827.4
2024-11-26,,,,1.8,0.9,OSM-343316599,не указана,2024,331,none,,Зерноград,827.4
2024-11-27,,,,2.3,1.5,OSM-343316599,не указана,2024,332,none,,Зерноград,827.4
2024-11-28,,,,1.5,0.5,OSM-343316599,не указана,2024,333,none,,Зерноград,827.4
2024-11-29,,,,1.0,0.0,OSM-343316599,не указана,2024,334,none,,Зерноград,827.4
2024-11-30,,,,-1.1,0.0,OSM-343316599,не указана,2024,335,none,,Зерноград,827.4
2024-12-01,,,,-0.8,0.0,OSM-343316599,не указана,2024,336,none,,Зерноград,827.4
2024-12-02,,,0.0239,0.1,0.0,OSM-343316599,не указана,2024,337,modis,0.0239,Зерноград,827.4
2024-12-03,,,,1.8,0.0,OSM-343316599,не указана,2024,338,none,,Зерноград,827.4
2024-12-04,,,,1.9,0.0,OSM-343316599,не указана,2024,339,none,,Зерноград,827.4
2024-12-05,,,,1.5,0.6,OSM-343316599,не указана,2024,340,none,,Зерноград,827.4
2024-12-06,,,,1.6,0.8,OSM-343316599,не указана,2024,341,none,,Зерноград,827.4
2024-12-07,,,,1.1,0.0,OSM-343316599,не указана,2024,342,none,,Зерноград,827.4
2024-12-08,,,,2.3,0.0,OSM-343316599,не указана,2024,343,none,,Зерноград,827.4
2024-12-09,,-0.0225,,2.9,0.0,OSM-343316599,не указана,2024,344,landsat,-0.0225,Зерноград,827.4
2024-12-10,,,,3.4,2.5,OSM-343316599,не указана,2024,345,none,,Зерноград,827.4
2024-12-11,,,,4.7,5.9,OSM-343316599,не указана,2024,346,none,,Зерноград,827.4
2024-12-12,,,,2.2,2.5,OSM-343316599,не указана,2024,347,none,,Зерноград,827.4
2024-12-13,,,,-2.7,2.8,OSM-343316599,не указана,2024,348,none,,Зерноград,827.4
2024-12-14,,,,-5.3,0.0,OSM-343316599,не указана,2024,349,none,,Зерноград,827.4
2024-12-15,,,,-1.3,2.2,OSM-343316599,не указана,2024,350,none,,Зерноград,827.4
2024-12-16,,,,1.4,7.3,OSM-343316599,не указана,2024,351,none,,Зерноград,827.4
2024-12-17,,0.47465,,4.8,7.7,OSM-343316599,не указана,2024,352,landsat,0.47465,Зерноград,827.4
2024-12-18,,,0.3352,2.7,0.8,OSM-343316599,не указана,2024,353,modis,0.3352,Зерноград,827.4
2024-12-19,,,,0.1,0.0,OSM-343316599,не указана,2024,354,none,,Зерноград,827.4
2024-12-20,0.4182,,,2.1,0.0,OSM-343316599,не указана,2024,355,s2,0.4182,Зерноград,827.4
2024-12-21,,,,1.1,0.0,OSM-343316599,не указана,2024,356,none,,Зерноград,827.4
2024-12-22,,,,3.2,1.3,OSM-343316599,не указана,2024,357,none,,Зерноград,827.4
2024-12-23,,,,6.0,0.6,OSM-343316599,не указана,2024,358,none,,Зерноград,827.4
2024-12-24,,,,3.6,0.0,OSM-343316599,не указана,2024,359,none,,Зерноград,827.4
2024-12-25,,,,3.4,0.0,OSM-343316599,не указана,2024,360,none,,Зерноград,827.4
2024-12-26,,,,2.2,0.5,OSM-343316599,не указана,2024,361,none,,Зерноград,827.4
2024-12-27,,,,-0.3,0.1,OSM-343316599,не указана,2024,362,none,,Зерноград,827.4
2024-12-28,,,,-1.6,0.0,OSM-343316599,не указана,2024,363,none,,Зерноград,827.4
2024-12-29,,,,-1.9,0.0,OSM-343316599,не указана,2024,364,none,,Зерноград,827.4
2024-12-30,,,,-1.7,0.0,OSM-343316599,не указана,2024,365,none,,Зерноград,827.4
2024-12-31,,,,1.8,0.0,OSM-343316599,не указана,2024,366,none,,Зерноград,827.4
2025-01-01,,,0.3352,3.7,0.0,OSM-343316599,не указана,2025,1,modis,0.3352,Зерноград,827.4
2025-01-02,,0.4154,,7.6,0.0,OSM-343316599,не указана,2025,2,landsat,0.4154,Зерноград,827.4
2025-01-03,,,,8.7,0.0,OSM-343316599,не указана,2025,3,none,,Зерноград,827.4
2025-01-04,,,,5.4,4.6,OSM-343316599,не указана,2025,4,none,,Зерноград,827.4
2025-01-05,,,,-2.8,0.0,OSM-343316599,не указана,2025,5,none,,Зерноград,827.4
2025-01-06,,,,-2.9,0.0,OSM-343316599,не указана,2025,6,none,,Зерноград,827.4
2025-01-07,,,,3.3,0.0,OSM-343316599,не указана,2025,7,none,,Зерноград,827.4
2025-01-08,,,,4.9,0.0,OSM-343316599,не указана,2025,8,none,,Зерноград,827.4
2025-01-09,0.38295,,,7.8,0.0,OSM-343316599,не указана,2025,9,s2,0.38295,Зерноград,827.4
2025-01-10,,0.40905,,7.0,0.0,OSM-343316599,не указана,2025,10,landsat,0.40905,Зерноград,827.4
2025-01-11,,,,5.4,0.0,OSM-343316599,не указана,2025,11,none,,Зерноград,827.4
2025-01-12,,,,4.4,2.7,OSM-343316599,не указана,2025,12,none,,Зерноград,827.4
2025-01-13,,,,-0.6,8.9,OSM-343316599,не указана,2025,13,none,,Зерноград,827.4
2025-01-14,,,,-2.1,0.0,OSM-343316599,не указана,2025,14,none,,Зерноград,827.4
2025-01-15,,,,-3.1,0.0,OSM-343316599,не указана,2025,15,none,,Зерноград,827.4
2025-01-16,,,,-1.8,0.0,OSM-343316599,не указана,2025,16,none,,Зерноград,827.4
2025-01-17,,,0.2532,0.6,3.9,OSM-343316599,не указана,2025,17,modis,0.2532,Зерноград,827.4
2025-01-18,,,,0.9,0.4,OSM-343316599,не указана,2025,18,none,,Зерноград,827.4
2025-01-19,,,,1.2,1.6,OSM-343316599,не указана,2025,19,none,,Зерноград,827.4
2025-01-20,,,,0.2,0.0,OSM-343316599,не указана,2025,20,none,,Зерноград,827.4
2025-01-21,,,,0.2,0.0,OSM-343316599,не указана,2025,21,none,,Зерноград,827.4
2025-01-22,,,,-0.3,0.0,OSM-343316599,не указана,2025,22,none,,Зерноград,827.4
2025-01-23,,,,0.8,1.0,OSM-343316599,не указана,2025,23,none,,Зерноград,827.4
2025-01-24,,,,1.2,3.3,OSM-343316599,не указана,2025,24,none,,Зерноград,827.4
2025-01-25,,,,3.2,0.0,OSM-343316599,не указана,2025,25,none,,Зерноград,827.4
2025-01-26,,,,2.9,0.0,OSM-343316599,не указана,2025,26,none,,Зерноград,827.4
2025-01-27,,,,1.5,0.0,OSM-343316599,не указана,2025,27,none,,Зерноград,827.4
2025-01-28,,,,1.8,0.0,OSM-343316599,не указана,2025,28,none,,Зерноград,827.4
2025-01-29,0.1479,,,3.0,0.0,OSM-343316599,не указана,2025,29,s2,0.1479,Зерноград,827.4
2025-01-30,,,,3.5,0.0,OSM-343316599,не указана,2025,30,none,,Зерноград,827.4
2025-01-31,,,,3.1,0.0,OSM-343316599,не указана,2025,31,none,,Зерноград,827.4
2025-02-01,,,,2.8,0.0,OSM-343316599,не указана,2025,32,none,,Зерноград,827.4
2025-02-02,,,0.2734,0.8,0.0,OSM-343316599,не указана,2025,33,modis,0.2734,Зерноград,827.4
2025-02-03,,,,0.6,9.6,OSM-343316599,не указана,2025,34,none,,Зерноград,827.4
2025-02-04,,,,-1.6,5.7,OSM-343316599,не указана,2025,35,none,,Зерноград,827.4
2025-02-05,,,,-2.0,0.0,OSM-343316599,не указана,2025,36,none,,Зерноград,827.4
2025-02-06,,,,-1.8,0.1,OSM-343316599,не указана,2025,37,none,,Зерноград,827.4
2025-02-07,,,,-2.7,0.0,OSM-343316599,не указана,2025,38,none,,Зерноград,827.4
2025-02-08,0.1888999999999999,,,-4.0,0.0,OSM-343316599,не указана,2025,39,s2,0.1888999999999999,Зерноград,827.4
2025-02-09,,,,-5.4,0.0,OSM-343316599,не указана,2025,40,none,,Зерноград,827.4
2025-02-10,,,,-3.9,0.0,OSM-343316599,не указана,2025,41,none,,Зерноград,827.4
2025-02-11,,0.3603,,-5.4,0.0,OSM-343316599,не указана,2025,42,landsat,0.3603,Зерноград,827.4
2025-02-12,,,,-4.6,0.0,OSM-343316599,не указана,2025,43,none,,Зерноград,827.4
2025-02-13,,,,-5.7,0.0,OSM-343316599,не указана,2025,44,none,,Зерноград,827.4
2025-02-14,,,,-5.9,0.0,OSM-343316599,не указана,2025,45,none,,Зерноград,827.4
2025-02-15,,,,1.6,5.2,OSM-343316599,не указана,2025,46,none,,Зерноград,827.4
2025-02-16,,,,-4.6,0.0,OSM-343316599,не указана,2025,47,none,,Зерноград,827.4
2025-02-17,,,,-4.8,0.0,OSM-343316599,не указана,2025,48,none,,Зерноград,827.4
2025-02-18,,,0.2274,-5.0,0.0,OSM-343316599,не указана,2025,49,modis,0.2274,Зерноград,827.4
2025-02-19,,-0.7835,,-4.5,0.0,OSM-343316599,не указана,2025,50,landsat,-0.7835,Зерноград,827.4
2025-02-20,,,,-5.7,0.0,OSM-343316599,не указана,2025,51,none,,Зерноград,827.4
2025-02-21,,,,-5.5,0.0,OSM-343316599,не указана,2025,52,none,,Зерноград,827.4
2025-02-22,,,,-7.6,0.0,OSM-343316599,не указана,2025,53,none,,Зерноград,827.4
2025-02-23,,,,-6.5,1.7,OSM-343316599,не указана,2025,54,none,,Зерноград,827.4
2025-02-24,,,,-6.5,2.7,OSM-343316599,не указана,2025,55,none,,Зерноград,827.4
2025-02-25,,,,-9.8,1.2,OSM-343316599,не указана,2025,56,none,,Зерноград,827.4
2025-02-26,,,,-12.2,0.0,OSM-343316599,не указана,2025,57,none,,Зерноград,827.4
2025-02-27,,-0.0353,,-8.6,0.0,OSM-343316599,не указана,2025,58,landsat,-0.0353,Зерноград,827.4
2025-02-28,,,,-8.8,0.0,OSM-343316599,не указана,2025,59,none,,Зерноград,827.4
2025-03-01,,,,-11.9,0.0,OSM-343316599,не указана,2025,60,none,,Зерноград,827.4
2025-03-02,,,,-7.8,0.0,OSM-343316599,не указана,2025,61,none,,Зерноград,827.4
2025-03-03,,,,-4.0,0.0,OSM-343316599,не указана,2025,62,none,,Зерноград,827.4
2025-03-04,,,,0.8,0.0,OSM-343316599,не указана,2025,63,none,,Зерноград,827.4
2025-03-05,,,,4.2,0.0,OSM-343316599,не указана,2025,64,none,,Зерноград,827.4
2025-03-06,,,0.245,6.1,0.0,OSM-343316599,не указана,2025,65,modis,0.245,Зерноград,827.4
2025-03-07,,0.3621,,7.1,0.0,OSM-343316599,не указана,2025,66,landsat,0.3621,Зерноград,827.4
2025-03-08,,,,7.2,0.0,OSM-343316599,не указана,2025,67,none,,Зерноград,827.4
2025-03-09,,,,6.2,0.0,OSM-343316599,не указана,2025,68,none,,Зерноград,827.4
2025-03-10,,,,5.6,0.0,OSM-343316599,не указана,2025,69,none,,Зерноград,827.4
2025-03-11,,,,7.5,0.0,OSM-343316599,не указана,2025,70,none,,Зерноград,827.4
2025-03-12,,,,12.9,0.8,OSM-343316599,не указана,2025,71,none,,Зерноград,827.4
2025-03-13,,,,15.2,0.0,OSM-343316599,не указана,2025,72,none,,Зерноград,827.4
2025-03-14,,,,16.9,0.0,OSM-343316599,не указана,2025,73,none,,Зерноград,827.4
2025-03-15,0.333,0.3438,,15.8,0.0,OSM-343316599,не указана,2025,74,s2,0.333,Зерноград,827.4
2025-03-16,,,,18.1,0.1,OSM-343316599,не указана,2025,75,none,,Зерноград,827.4
2025-03-17,,,,12.9,2.2,OSM-343316599,не указана,2025,76,none,,Зерноград,827.4
2025-03-18,,,,6.7,1.3,OSM-343316599,не указана,2025,77,none,,Зерноград,827.4
2025-03-19,,,,2.4,0.9,OSM-343316599,не указана,2025,78,none,,Зерноград,827.4
2025-03-20,0.3812,,,3.2,0.0,OSM-343316599,не указана,2025,79,s2,0.3812,Зерноград,827.4
2025-03-21,,,,4.4,0.0,OSM-343316599,не указана,2025,80,none,,Зерноград,827.4
2025-03-22,,,0.36,5.8,0.2,OSM-343316599,не указана,2025,81,modis,0.36,Зерноград,827.4
2025-03-23,,0.36845,,6.9,0.0,OSM-343316599,не указана,2025,82,landsat,0.36845,Зерноград,827.4
2025-03-24,,,,7.5,0.0,OSM-343316599,не указана,2025,83,none,,Зерноград,827.4
2025-03-25,0.3588,,,10.6,4.3,OSM-343316599,не указана,2025,84,s2,0.3588,Зерноград,827.4
2025-03-26,,,,11.5,2.6,OSM-343316599,не указана,2025,85,none,,Зерноград,827.4
2025-03-27,,,,11.0,0.0,OSM-343316599,не указана,2025,86,none,,Зерноград,827.4
2025-03-28,,,,11.1,0.3,OSM-343316599,не указана,2025,87,none,,Зерноград,827.4
2025-03-29,,,,9.1,0.8,OSM-343316599,не указана,2025,88,none,,Зерноград,827.4
2025-03-30,0.3473,,,13.4,5.7,OSM-343316599,не указана,2025,89,s2,0.3473,Зерноград,827.4
2025-03-31,,,,13.0,9.1,OSM-343316599,не указана,2025,90,none,,Зерноград,827.4
2025-04-01,0.42835,,,11.6,0.0,OSM-343316599,не указана,2025,91,s2,0.42835,Зерноград,827.4
2025-04-02,,,,14.3,0.5,OSM-343316599,не указана,2025,92,none,,Зерноград,827.4
2025-04-03,,,,14.1,3.0,OSM-343316599,не указана,2025,93,none,,Зерноград,827.4
2025-04-04,,,,13.1,0.0,OSM-343316599,не указана,2025,94,none,,Зерноград,827.4
2025-04-05,,,,12.2,0.6,OSM-343316599,не указана,2025,95,none,,Зерноград,827.4
2025-04-06,,,,11.9,1.3,OSM-343316599,не указана,2025,96,none,,Зерноград,827.4
2025-04-07,,,0.6825,12.1,15.5,OSM-343316599,не указана,2025,97,modis,0.6825,Зерноград,827.4
2025-04-08,,,,5.1,0.3,OSM-343316599,не указана,2025,98,none,,Зерноград,827.4
2025-04-09,,,,4.7,0.1,OSM-343316599,не указана,2025,99,none,,Зерноград,827.4
2025-04-10,,,,4.6,0.2,OSM-343316599,не указана,2025,100,none,,Зерноград,827.4
2025-04-11,,,,6.9,0.3,OSM-343316599,не указана,2025,101,none,,Зерноград,827.4
2025-04-12,,,,4.4,8.0,OSM-343316599,не указана,2025,102,none,,Зерноград,827.4
2025-04-13,,,,5.7,0.0,OSM-343316599,не указана,2025,103,none,,Зерноград,827.4
2025-04-14,0.48665,,,9.1,0.0,OSM-343316599,не указана,2025,104,s2,0.48665,Зерноград,827.4
2025-04-15,,,,12.7,0.0,OSM-343316599,не указана,2025,105,none,,Зерноград,827.4
2025-04-16,,0.528,,13.3,0.0,OSM-343316599,не указана,2025,106,landsat,0.528,Зерноград,827.4
2025-04-17,,,,13.9,0.0,OSM-343316599,не указана,2025,107,none,,Зерноград,827.4
2025-04-18,,,,14.6,0.0,OSM-343316599,не указана,2025,108,none,,Зерноград,827.4
2025-04-19,0.6092,,,15.7,0.0,OSM-343316599,не указана,2025,109,s2,0.6092,Зерноград,827.4
2025-04-20,,,,15.8,0.0,OSM-343316599,не указана,2025,110,none,,Зерноград,827.4
2025-04-21,,,,13.7,0.6,OSM-343316599,не указана,2025,111,none,,Зерноград,827.4
2025-04-22,,,,14.2,0.4,OSM-343316599,не указана,2025,112,none,,Зерноград,827.4
2025-04-23,,,0.8542000000000001,15.8,0.1,OSM-343316599,не указана,2025,113,modis,0.8542000000000001,Зерноград,827.4
2025-04-24,0.65715,,,16.0,0.9,OSM-343316599,не указана,2025,114,s2,0.65715,Зерноград,827.4
2025-04-25,,,,16.5,0.1,OSM-343316599,не указана,2025,115,none,,Зерноград,827.4
2025-04-26,,,,15.0,15.2,OSM-343316599,не указана,2025,116,none,,Зерноград,827.4
2025-04-27,,,,8.2,1.5,OSM-343316599,не указана,2025,117,none,,Зерноград,827.4
2025-04-28,,,,6.2,0.0,OSM-343316599,не указана,2025,118,none,,Зерноград,827.4
2025-04-29,0.7375499999999999,,,8.4,0.0,OSM-343316599,не указана,2025,119,s2,0.7375499999999999,Зерноград,827.4
2025-04-30,,,,11.3,0.0,OSM-343316599,не указана,2025,120,none,,Зерноград,827.4
2025-05-01,0.7529,,,14.8,0.0,OSM-343316599,не указана,2025,121,s2,0.7529,Зерноград,827.4
2025-05-02,,,,14.6,0.4,OSM-343316599,не указана,2025,122,none,,Зерноград,827.4
2025-05-03,,,,12.4,0.0,OSM-343316599,не указана,2025,123,none,,Зерноград,827.4
2025-05-04,0.77875,,,15.3,0.0,OSM-343316599,не указана,2025,124,s2,0.77875,Зерноград,827.4
2025-05-05,,,,18.0,0.9,OSM-343316599,не указана,2025,125,none,,Зерноград,827.4
2025-05-06,,,,18.4,0.0,OSM-343316599,не указана,2025,126,none,,Зерноград,827.4
2025-05-07,,,,18.3,1.4,OSM-343316599,не указана,2025,127,none,,Зерноград,827.4
2025-05-08,,,,15.9,3.5,OSM-343316599,не указана,2025,128,none,,Зерноград,827.4
2025-05-09,,,0.7314,15.8,15.3,OSM-343316599,не указана,2025,129,modis,0.7314,Зерноград,827.4
2025-05-10,,,,12.7,1.0,OSM-343316599,не указана,2025,130,none,,Зерноград,827.4
2025-05-11,,,,12.3,0.0,OSM-343316599,не указана,2025,131,none,,Зерноград,827.4
2025-05-12,,,,13.2,0.7,OSM-343316599,не указана,2025,132,none,,Зерноград,827.4
2025-05-13,,,,14.2,0.3,OSM-343316599,не указана,2025,133,none,,Зерноград,827.4
2025-05-14,0.82475,,,12.9,0.0,OSM-343316599,не указана,2025,134,s2,0.82475,Зерноград,827.4
2025-05-15,,,,14.2,0.1,OSM-343316599,не указана,2025,135,none,,Зерноград,827.4
2025-05-16,,,,16.5,0.2,OSM-343316599,не указана,2025,136,none,,Зерноград,827.4
2025-05-17,,,,19.3,0.3,OSM-343316599,не указана,2025,137,none,,Зерноград,827.4
2025-05-18,,,,16.8,1.3,OSM-343316599,не указана,2025,138,none,,Зерноград,827.4
2025-05-19,,,,14.9,6.7,OSM-343316599,не указана,2025,139,none,,Зерноград,827.4
2025-05-20,,,,14.9,9.3,OSM-343316599,не указана,2025,140,none,,Зерноград,827.4
2025-05-21,,,,14.7,2.5,OSM-343316599,не указана,2025,141,none,,Зерноград,827.4
2025-05-22,,,,17.3,0.3,OSM-343316599,не указана,2025,142,none,,Зерноград,827.4
2025-05-23,,,,20.4,0.0,OSM-343316599,не указана,2025,143,none,,Зерноград,827.4
2025-05-24,0.82035,,,22.4,0.0,OSM-343316599,не указана,2025,144,s2,0.82035,Зерноград,827.4
2025-05-25,,,0.7542,24.1,0.0,OSM-343316599,не указана,2025,145,modis,0.7542,Зерноград,827.4
2025-05-26,,,,23.4,0.0,OSM-343316599,не указана,2025,146,none,,Зерноград,827.4
2025-05-27,,,,23.0,0.0,OSM-343316599,не указана,2025,147,none,,Зерноград,827.4
2025-05-28,,,,23.0,0.0,OSM-343316599,не указана,2025,148,none,,Зерноград,827.4
2025-05-29,,,,19.7,1.8,OSM-343316599,не указана,2025,149,none,,Зерноград,827.4
2025-05-30,,,,20.4,2.9,OSM-343316599,не указана,2025,150,none,,Зерноград,827.4
2025-05-31,,,,19.3,0.5,OSM-343316599,не указана,2025,151,none,,Зерноград,827.4
2025-06-01,,,,20.3,1.4,OSM-343316599,не указана,2025,152,none,,Зерноград,827.4
2025-06-02,,,,22.2,0.0,OSM-343316599,не указана,2025,153,none,,Зерноград,827.4
2025-06-03,0.83325,0.80325,,22.8,0.0,OSM-343316599,не указана,2025,154,s2,0.83325,Зерноград,827.4
2025-06-04,,,,24.3,0.3,OSM-343316599,не указана,2025,155,none,,Зерноград,827.4
2025-06-05,,,,21.3,0.0,OSM-343316599,не указана,2025,156,none,,Зерноград,827.4
2025-06-06,,,,22.6,0.0,OSM-343316599,не указана,2025,157,none,,Зерноград,827.4
2025-06-07,,,,25.5,0.0,OSM-343316599,не указана,2025,158,none,,Зерноград,827.4
2025-06-08,0.7962,,,28.1,0.0,OSM-343316599,не указана,2025,159,s2,0.7962,Зерноград,827.4
2025-06-09,,,,29.0,0.0,OSM-343316599,не указана,2025,160,none,,Зерноград,827.4
2025-06-10,0.6862,,0.4361,26.1,0.7,OSM-343316599,не указана,2025,161,s2,0.6862,Зерноград,827.4
2025-06-11,,0.74455,,23.2,0.0,OSM-343316599,не указана,2025,162,landsat,0.74455,Зерноград,827.4
2025-06-12,,,,22.6,2.6,OSM-343316599,не указана,2025,163,none,,Зерноград,827.4
2025-06-13,0.7991,,,21.3,0.0,OSM-343316599,не указана,2025,164,s2,0.7991,Зерноград,827.4
2025-06-14,,,,19.9,0.3,OSM-343316599,не указана,2025,165,none,,Зерноград,827.4
2025-06-15,,,,18.0,3.6,OSM-343316599,не указана,2025,166,none,,Зерноград,827.4
2025-06-16,,,,17.3,1.5,OSM-343316599,не указана,2025,167,none,,Зерноград,827.4
2025-06-17,,,,20.6,0.9,OSM-343316599,не указана,2025,168,none,,Зерноград,827.4
2025-06-18,,,,20.7,13.7,OSM-343316599,не указана,2025,169,none,,Зерноград,827.4
2025-06-19,,,,22.3,5.5,OSM-343316599,не указана,2025,170,none,,Зерноград,827.4
2025-06-20,,,,19.1,5.1,OSM-343316599,не указана,2025,171,none,,Зерноград,827.4
2025-06-21,,,,17.6,0.1,OSM-343316599,не указана,2025,172,none,,Зерноград,827.4
2025-06-22,,,,19.2,0.9,OSM-343316599,не указана,2025,173,none,,Зерноград,827.4
2025-06-23,,,,17.0,9.4,OSM-343316599,не указана,2025,174,none,,Зерноград,827.4
2025-06-24,,,,18.6,0.0,OSM-343316599,не указана,2025,175,none,,Зерноград,827.4
2025-06-25,,,,20.6,4.1,OSM-343316599,не указана,2025,176,none,,Зерноград,827.4
2025-06-26,,,0.489,21.6,3.1,OSM-343316599,не указана,2025,177,modis,0.489,Зерноград,827.4
2025-06-27,,0.7461,,20.4,0.0,OSM-343316599,не указана,2025,178,landsat,0.7461,Зерноград,827.4
2025-06-28,,,,22.0,4.7,OSM-343316599,не указана,2025,179,none,,Зерноград,827.4
2025-06-29,,,,19.5,3.8,OSM-343316599,не указана,2025,180,none,,Зерноград,827.4
2025-06-30,0.5091,,,20.0,2.0,OSM-343316599,не указана,2025,181,s2,0.5091,Зерноград,827.4
2025-07-01,,,,20.3,0.1,OSM-343316599,не указана,2025,182,none,,Зерноград,827.4
2025-07-02,,,,20.6,0.5,OSM-343316599,не указана,2025,183,none,,Зерноград,827.4
2025-07-03,,,,19.6,2.8,OSM-343316599,не указана,2025,184,none,,Зерноград,827.4
2025-07-04,,,,23.4,0.0,OSM-343316599,не указана,2025,185,none,,Зерноград,827.4
2025-07-05,,0.7558,,26.3,0.0,OSM-343316599,не указана,2025,186,landsat,0.7558,Зерноград,827.4
2025-07-06,,,,25.1,2.4,OSM-343316599,не указана,2025,187,none,,Зерноград,827.4
2025-07-07,,,,27.4,0.0,OSM-343316599,не указана,2025,188,none,,Зерноград,827.4
2025-07-08,0.70285,,,30.1,0.0,OSM-343316599,не указана,2025,189,s2,0.70285,Зерноград,827.4
2025-07-09,,,,29.2,0.0,OSM-343316599,не указана,2025,190,none,,Зерноград,827.4
2025-07-10,0.68005,,,31.2,0.0,OSM-343316599,не указана,2025,191,s2,0.68005,Зерноград,827.4
2025-07-11,,,,30.9,0.0,OSM-343316599,не указана,2025,192,none,,Зерноград,827.4
2025-07-12,,,0.3013,31.8,0.0,OSM-343316599,не указана,2025,193,modis,0.3013,Зерноград,827.4
2025-07-13,0.6156999999999999,0.5989500000000001,,33.7,0.0,OSM-343316599,не указана,2025,194,s2,0.6156999999999999,Зерноград,827.4
2025-07-14,,,,30.7,0.0,OSM-343316599,не указана,2025,195,none,,Зерноград,827.4
2025-07-15,,,,29.4,0.0,OSM-343316599,не указана,2025,196,none,,Зерноград,827.4
2025-07-16,,,,29.4,0.0,OSM-343316599,не указана,2025,197,none,,Зерноград,827.4
2025-07-17,,,,29.1,0.0,OSM-343316599,не указана,2025,198,none,,Зерноград,827.4
2025-07-18,0.6258,,,30.0,0.0,OSM-343316599,не указана,2025,199,s2,0.6258,Зерноград,827.4
2025-07-19,,,,30.1,2.7,OSM-343316599,не указана,2025,200,none,,Зерноград,827.4
2025-07-20,,,,24.8,3.2,OSM-343316599,не указана,2025,201,none,,Зерноград,827.4
2025-07-21,,0.63675,,26.3,0.0,OSM-343316599,не указана,2025,202,landsat,0.63675,Зерноград,827.4
2025-07-22,,,,28.3,0.0,OSM-343316599,не указана,2025,203,none,,Зерноград,827.4
2025-07-23,0.6153,,,29.0,1.7,OSM-343316599,не указана,2025,204,s2,0.6153,Зерноград,827.4
2025-07-24,,,,27.5,0.0,OSM-343316599,не указана,2025,205,none,,Зерноград,827.4
2025-07-25,,,,27.5,0.0,OSM-343316599,не указана,2025,206,none,,Зерноград,827.4
2025-07-26,,,,28.7,0.0,OSM-343316599,не указана,2025,207,none,,Зерноград,827.4
2025-07-27,,,,27.4,1.3,OSM-343316599,не указана,2025,208,none,,Зерноград,827.4
2025-07-28,0.644,,0.305,26.3,0.0,OSM-343316599,не указана,2025,209,s2,0.644,Зерноград,827.4
2025-07-29,,0.59125,,28.3,0.0,OSM-343316599,не указана,2025,210,landsat,0.59125,Зерноград,827.4
2025-07-30,0.5671999999999999,,,31.2,0.0,OSM-343316599,не указана,2025,211,s2,0.5671999999999999,Зерноград,827.4
2025-07-31,,,,29.7,0.0,OSM-343316599,не указана,2025,212,none,,Зерноград,827.4
2025-08-01,,,,28.0,0.0,OSM-343316599,не указана,2025,213,none,,Зерноград,827.4
2025-08-02,0.46595,,,30.0,0.3,OSM-343316599,не указана,2025,214,s2,0.46595,Зерноград,827.4
2025-08-03,,,,25.8,31.6,OSM-343316599,не указана,2025,215,none,,Зерноград,827.4
2025-08-04,,,,25.7,0.4,OSM-343316599,не указана,2025,216,none,,Зерноград,827.4
2025-08-05,,,,25.3,0.0,OSM-343316599,не указана,2025,217,none,,Зерноград,827.4
2025-08-06,,0.5710500000000001,,27.1,0.0,OSM-343316599,не указана,2025,218,landsat,0.5710500000000001,Зерноград,827.4
2025-08-07,0.58185,,,28.7,0.0,OSM-343316599,не указана,2025,219,s2,0.58185,Зерноград,827.4
2025-08-08,,,,27.3,0.0,OSM-343316599,не указана,2025,220,none,,Зерноград,827.4
2025-08-09,0.54665,,,24.6,10.8,OSM-343316599,не указана,2025,221,s2,0.54665,Зерноград,827.4
2025-08-10,,,,23.4,0.1,OSM-343316599,не указана,2025,222,none,,Зерноград,827.4
2025-08-11,,,,22.6,3.7,OSM-343316599,не указана,2025,223,none,,Зерноград,827.4
2025-08-12,0.6214999999999999,,,21.2,0.0,OSM-343316599,не указана,2025,224,s2,0.6214999999999999,Зерноград,827.4
2025-08-13,,,0.2505,21.5,0.0,OSM-343316599,не указана,2025,225,modis,0.2505,Зерноград,827.4
2025-08-14,,0.5705,,22.0,0.0,OSM-343316599,не указана,2025,226,landsat,0.5705,Зерноград,827.4
2025-08-15,,,,21.0,0.0,OSM-343316599,не указана,2025,227,none,,Зерноград,827.4
2025-08-16,,,,21.7,0.0,OSM-343316599,не указана,2025,228,none,,Зерноград,827.4
2025-08-17,0.61235,,,24.3,0.0,OSM-343316599,не указана,2025,229,s2,0.61235,Зерноград,827.4
2025-08-18,,,,26.2,0.0,OSM-343316599,не указана,2025,230,none,,Зерноград,827.4
2025-08-19,0.5797000000000001,,,21.5,0.0,OSM-343316599,не указана,2025,231,s2,0.5797000000000001,Зерноград,827.4
2025-08-20,,,,23.8,0.0,OSM-343316599,не указана,2025,232,none,,Зерноград,827.4
2025-08-21,,,,24.7,0.0,OSM-343316599,не указана,2025,233,none,,Зерноград,827.4
2025-08-22,0.5782499999999999,0.55375,,25.8,0.0,OSM-343316599,не указана,2025,234,s2,0.5782499999999999,Зерноград,827.4
2025-08-23,,,,26.6,0.0,OSM-343316599,не указана,2025,235,none,,Зерноград,827.4
2025-08-24,,,,21.9,0.2,OSM-343316599,не указана,2025,236,none,,Зерноград,827.4
2025-08-25,,,,19.1,0.0,OSM-343316599,не указана,2025,237,none,,Зерноград,827.4
2025-08-26,,,,19.4,0.0,OSM-343316599,не указана,2025,238,none,,Зерноград,827.4
2025-08-27,0.5918,,,21.1,0.0,OSM-343316599,не указана,2025,239,s2,0.5918,Зерноград,827.4
2025-08-28,,,,23.1,0.0,OSM-343316599,не указана,2025,240,none,,Зерноград,827.4
2025-08-29,0.5632,,0.2471,25.5,0.0,OSM-343316599,не указана,2025,241,s2,0.5632,Зерноград,827.4
2025-08-30,,0.5036,,27.5,0.0,OSM-343316599,не указана,2025,242,landsat,0.5036,Зерноград,827.4
2025-08-31,,,,26.7,0.0,OSM-343316599,не указана,2025,243,none,,Зерноград,827.4
2025-09-01,0.5307999999999999,,,27.1,0.6,OSM-343316599,не указана,2025,244,s2,0.5307999999999999,Зерноград,827.4
2025-09-02,,,,25.4,2.5,OSM-343316599,не указана,2025,245,none,,Зерноград,827.4
2025-09-03,,,,24.5,0.5,OSM-343316599,не указана,2025,246,none,,Зерноград,827.4
2025-09-04,,,,20.1,0.0,OSM-343316599,не указана,2025,247,none,,Зерноград,827.4
2025-09-05,,,,18.8,0.0,OSM-343316599,не указана,2025,248,none,,Зерноград,827.4
2025-09-06,0.56385,,,19.3,0.0,OSM-343316599,не указана,2025,249,s2,0.56385,Зерноград,827.4
2025-09-07,,0.5306,,21.5,0.0,OSM-343316599,не указана,2025,250,landsat,0.5306,Зерноград,827.4
2025-09-08,0.4992499999999999,,,23.3,0.2,OSM-343316599,не указана,2025,251,s2,0.4992499999999999,Зерноград,827.4
2025-09-09,,,,21.0,2.7,OSM-343316599,не указана,2025,252,none,,Зерноград,827.4
2025-09-10,,,,19.1,1.9,OSM-343316599,не указана,2025,253,none,,Зерноград,827.4
2025-09-11,0.27185,,,18.9,0.0,OSM-343316599,не указана,2025,254,s2,0.27185,Зерноград,827.4
2025-09-12,,,,18.4,0.0,OSM-343316599,не указана,2025,255,none,,Зерноград,827.4
2025-09-13,,,,15.7,0.0,OSM-343316599,не указана,2025,256,none,,Зерноград,827.4
2025-09-14,,,0.3247,18.1,0.0,OSM-343316599,не указана,2025,257,modis,0.3247,Зерноград,827.4
2025-09-15,,0.5326,,18.9,0.0,OSM-343316599,не указана,2025,258,landsat,0.5326,Зерноград,827.4
2025-09-16,0.4264,,,18.3,0.0,OSM-343316599,не указана,2025,259,s2,0.4264,Зерноград,827.4
2025-09-17,,,,19.1,0.0,OSM-343316599,не указана,2025,260,none,,Зерноград,827.4
2025-09-18,,,,17.5,17.5,OSM-343316599,не указана,2025,261,none,,Зерноград,827.4
2025-09-19,,,,15.7,14.8,OSM-343316599,не указана,2025,262,none,,Зерноград,827.4
2025-09-20,,,,16.1,0.4,OSM-343316599,не указана,2025,263,none,,Зерноград,827.4
2025-09-21,0.60025,,,16.5,0.0,OSM-343316599,не указана,2025,264,s2,0.60025,Зерноград,827.4
2025-09-22,,,,18.0,0.0,OSM-343316599,не указана,2025,265,none,,Зерноград,827.4
2025-09-23,,0.55335,,19.7,0.0,OSM-343316599,не указана,2025,266,landsat,0.55335,Зерноград,827.4
2025-09-24,,,,18.9,0.0,OSM-343316599,не указана,2025,267,none,,Зерноград,827.4
2025-09-25,,,,13.9,1.6,OSM-343316599,не указана,2025,268,none,,Зерноград,827.4
2025-09-26,0.60485,,,10.2,0.0,OSM-343316599,не указана,2025,269,s2,0.60485,Зерноград,827.4
2025-09-27,,,,10.3,0.0,OSM-343316599,не указана,2025,270,none,,Зерноград,827.4
2025-09-28,,,,12.1,0.0,OSM-343316599,не указана,2025,271,none,,Зерноград,827.4
2025-09-29,,,,11.6,6.0,OSM-343316599,не указана,2025,272,none,,Зерноград,827.4
2025-09-30,,,0.4055,9.5,1.7,OSM-343316599,не указана,2025,273,modis,0.4055,Зерноград,827.4
2025-10-01,,,,11.8,0.0,OSM-343316599,не указана,2025,274,none,,Зерноград,827.4
2025-10-02,,,,12.5,0.0,OSM-343316599,не указана,2025,275,none,,Зерноград,827.4
2025-10-03,,,,13.9,0.0,OSM-343316599,не указана,2025,276,none,,Зерноград,827.4
2025-10-04,,,,16.3,0.0,OSM-343316599,не указана,2025,277,none,,Зерноград,827.4
2025-10-05,,,,14.2,3.3,OSM-343316599,не указана,2025,278,none,,Зерноград,827.4
2025-10-06,,,,14.6,0.1,OSM-343316599,не указана,2025,279,none,,Зерноград,827.4
2025-10-07,,,,16.7,0.0,OSM-343316599,не указана,2025,280,none,,Зерноград,827.4
2025-10-08,0.0275,,,17.4,0.0,OSM-343316599,не указана,2025,281,s2,0.0275,Зерноград,827.4
2025-10-09,,,,15.6,7.8,OSM-343316599,не указана,2025,282,none,,Зерноград,827.4
2025-10-10,,,,14.5,2.8,OSM-343316599,не указана,2025,283,none,,Зерноград,827.4
2025-10-11,,,,13.1,0.4,OSM-343316599,не указана,2025,284,none,,Зерноград,827.4
2025-10-12,,,,12.2,0.0,OSM-343316599,не указана,2025,285,none,,Зерноград,827.4
2025-10-13,,,,11.4,4.1,OSM-343316599,не указана,2025,286,none,,Зерноград,827.4
2025-10-14,,,,8.6,0.0,OSM-343316599,не указана,2025,287,none,,Зерноград,827.4
2025-10-15,,,,9.4,0.3,OSM-343316599,не указана,2025,288,none,,Зерноград,827.4
2025-10-16,0.58275,,0.4864,6.7,0.0,OSM-343316599,не указана,2025,289,s2,0.58275,Зерноград,827.4
2025-10-17,,,,7.3,0.0,OSM-343316599,не указана,2025,290,none,,Зерноград,827.4
2025-10-18,0.2956499999999999,,,9.8,1.0,OSM-343316599,не указана,2025,291,s2,0.2956499999999999,Зерноград,827.4
2025-10-19,,,,12.2,2.5,OSM-343316599,не указана,2025,292,none,,Зерноград,827.4
2025-10-20,,,,9.1,0.3,OSM-343316599,не указана,2025,293,none,,Зерноград,827.4
2025-10-21,,,,7.8,1.3,OSM-343316599,не указана,2025,294,none,,Зерноград,827.4
2025-10-22,,,,9.0,0.0,OSM-343316599,не указана,2025,295,none,,Зерноград,827.4
2025-10-23,,,,10.5,0.0,OSM-343316599,не указана,2025,296,none,,Зерноград,827.4
2025-10-24,,,,13.3,0.0,OSM-343316599,не указана,2025,297,none,,Зерноград,827.4
2025-10-25,,-0.0224,,11.9,17.7,OSM-343316599,не указана,2025,298,landsat,-0.0224,Зерноград,827.4
2025-10-26,,,,9.9,0.0,OSM-343316599,не указана,2025,299,none,,Зерноград,827.4
2025-10-27,,,,12.3,1.0,OSM-343316599,не указана,2025,300,none,,Зерноград,827.4
2025-10-28,0.489,,,13.1,2.3,OSM-343316599,не указана,2025,301,s2,0.489,Зерноград,827.4
2025-10-29,,,,10.9,0.3,OSM-343316599,не указана,2025,302,none,,Зерноград,827.4
2025-10-30,,,,9.7,0.7,OSM-343316599,не указана,2025,303,none,,Зерноград,827.4
2025-10-31,,,,11.7,6.0,OSM-343316599,не указана,2025,304,none,,Зерноград,827.4
2025-11-01,,,0.338,10.2,0.0,OSM-343316599,не указана,2025,305,modis,0.338,Зерноград,827.4
2021-01-01,,,0.1634,1.2,0.0,OSM-342464031,не указана,2021,1,modis,0.1634,Зерноград,222.3
2021-01-02,,,,2.1,0.0,OSM-342464031,не указана,2021,2,none,,Зерноград,222.3
2021-01-03,,,,1.4,0.1,OSM-342464031,не указана,2021,3,none,,Зерноград,222.3
2021-01-04,,,,0.6,0.0,OSM-342464031,не указана,2021,4,none,,Зерноград,222.3
2021-01-05,,,,0.9,0.0,OSM-342464031,не указана,2021,5,none,,Зерноград,222.3
2021-01-06,,,,1.4,2.6,OSM-342464031,не указана,2021,6,none,,Зерноград,222.3
2021-01-07,,,,4.4,0.8,OSM-342464031,не указана,2021,7,none,,Зерноград,222.3
2021-01-08,,,,5.2,5.3,OSM-342464031,не указана,2021,8,none,,Зерноград,222.3
2021-01-09,,,,6.9,9.7,OSM-342464031,не указана,2021,9,none,,Зерноград,222.3
2021-01-10,,,,-0.1,0.3,OSM-342464031,не указана,2021,10,none,,Зерноград,222.3
2021-01-11,,,,-1.4,0.0,OSM-342464031,не указана,2021,11,none,,Зерноград,222.3
2021-01-12,,,,-1.3,2.2,OSM-342464031,не указана,2021,12,none,,Зерноград,222.3
2021-01-13,,,,2.4,14.0,OSM-342464031,не указана,2021,13,none,,Зерноград,222.3
2021-01-14,,,,-0.8,0.8,OSM-342464031,не указана,2021,14,none,,Зерноград,222.3
2021-01-15,,,,-3.6,7.6,OSM-342464031,не указана,2021,15,none,,Зерноград,222.3
2021-01-16,,,,-7.3,0.0,OSM-342464031,не указана,2021,16,none,,Зерноград,222.3
2021-01-17,,,0.0024,-7.9,12.4,OSM-342464031,не указана,2021,17,modis,0.0024,Зерноград,222.3
2021-01-18,,,,-7.2,1.5,OSM-342464031,не указана,2021,18,none,,Зерноград,222.3
2021-01-19,,,,-11.1,0.7,OSM-342464031,не указана,2021,19,none,,Зерноград,222.3
2021-01-20,,,,-17.0,0.0,OSM-342464031,не указана,2021,20,none,,Зерноград,222.3
2021-01-21,,,,-16.4,0.0,OSM-342464031,не указана,2021,21,none,,Зерноград,222.3
2021-01-22,,,,2.2,0.0,OSM-342464031,не указана,2021,22,none,,Зерноград,222.3
2021-01-23,,,,1.4,0.2,OSM-342464031,не указана,2021,23,none,,Зерноград,222.3
2021-01-24,,,,0.2,0.0,OSM-342464031,не указана,2021,24,none,,Зерноград,222.3
2021-01-25,,,,1.0,0.0,OSM-342464031,не указана,2021,25,none,,Зерноград,222.3
2021-01-26,,,,3.8,0.2,OSM-342464031,не указана,2021,26,none,,Зерноград,222.3
2021-01-27,,,,2.6,0.0,OSM-342464031,не указана,2021,27,none,,Зерноград,222.3
2021-01-28,,,,2.2,3.1,OSM-342464031,не указана,2021,28,none,,Зерноград,222.3
2021-01-29,,,,1.8,0.1,OSM-342464031,не указана,2021,29,none,,Зерноград,222.3
2021-01-30,,,,2.9,0.0,OSM-342464031,не указана,2021,30,none,,Зерноград,222.3
2021-01-31,,,,4.4,1.6,OSM-342464031,не указана,2021,31,none,,Зерноград,222.3
2021-02-01,,,,6.2,0.0,OSM-342464031,не указана,2021,32,none,,Зерноград,222.3
2021-02-02,,,0.274,7.9,0.1,OSM-342464031,не указана,2021,33,modis,0.274,Зерноград,222.3
2021-02-03,,,,7.0,1.4,OSM-342464031,не указана,2021,34,none,,Зерноград,222.3
2021-02-04,,,,8.7,1.0,OSM-342464031,не указана,2021,35,none,,Зерноград,222.3
2021-02-05,,,,3.5,3.9,OSM-342464031,не указана,2021,36,none,,Зерноград,222.3
2021-02-06,,,,-3.8,0.0,OSM-342464031,не указана,2021,37,none,,Зерноград,222.3
2021-02-07,,,,-5.2,0.0,OSM-342464031,не указана,2021,38,none,,Зерноград,222.3
2021-02-08,,,,-6.6,7.2,OSM-342464031,не указана,2021,39,none,,Зерноград,222.3
2021-02-09,,,,0.6,2.3,OSM-342464031,не указана,2021,40,none,,Зерноград,222.3
2021-02-10,,,,3.0,0.5,OSM-342464031,не указана,2021,41,none,,Зерноград,222.3
2021-02-11,,,,7.6,0.4,OSM-342464031,не указана,2021,42,none,,Зерноград,222.3
2021-02-12,,,,6.4,0.0,OSM-342464031,не указана,2021,43,none,,Зерноград,222.3
2021-02-13,,,,-3.9,1.1,OSM-342464031,не указана,2021,44,none,,Зерноград,222.3
2021-02-14,,,,-5.5,0.0,OSM-342464031,не указана,2021,45,none,,Зерноград,222.3
2021-02-15,,,,-6.3,0.0,OSM-342464031,не указана,2021,46,none,,Зерноград,222.3
2021-02-16,,,,-6.2,0.5,OSM-342464031,не указана,2021,47,none,,Зерноград,222.3
2021-02-17,,,,-8.2,0.0,OSM-342464031,не указана,2021,48,none,,Зерноград,222.3
2021-02-18,,,0.236,-8.8,0.0,OSM-342464031,не указана,2021,49,modis,0.236,Зерноград,222.3
2021-02-19,,,,-7.0,0.1,OSM-342464031,не указана,2021,50,none,,Зерноград,222.3
2021-02-20,,,,-4.7,0.0,OSM-342464031,не указана,2021,51,none,,Зерноград,222.3
2021-02-21,,,,-1.6,0.8,OSM-342464031,не указана,2021,52,none,,Зерноград,222.3
2021-02-22,,,,0.8,10.7,OSM-342464031,не указана,2021,53,none,,Зерноград,222.3
2021-02-23,,,,-10.4,2.9,OSM-342464031,не указана,2021,54,none,,Зерноград,222.3
2021-02-24,,,,-15.6,0.0,OSM-342464031,не указана,2021,55,none,,Зерноград,222.3
2021-02-25,,,,-6.9,0.0,OSM-342464031,не указана,2021,56,none,,Зерноград,222.3
2021-02-26,,,,2.7,0.7,OSM-342464031,не указана,2021,57,none,,Зерноград,222.3
2021-02-27,,,,4.6,3.4,OSM-342464031,не указана,2021,58,none,,Зерноград,222.3
2021-02-28,,,,1.9,0.4,OSM-342464031,не указана,2021,59,none,,Зерноград,222.3
2021-03-01,,,,1.4,1.1,OSM-342464031,не указана,2021,60,none,,Зерноград,222.3
2021-03-02,,,,1.8,1.1,OSM-342464031,не указана,2021,61,none,,Зерноград,222.3
2021-03-03,,,,1.2,4.2,OSM-342464031,не указана,2021,62,none,,Зерноград,222.3
2021-03-04,,,,2.4,0.0,OSM-342464031,не указана,2021,63,none,,Зерноград,222.3
2021-03-05,,,,5.0,0.0,OSM-342464031,не указана,2021,64,none,,Зерноград,222.3
2021-03-06,,,0.2238,3.5,2.0,OSM-342464031,не указана,2021,65,modis,0.2238,Зерноград,222.3
2021-03-07,,,,-1.0,0.0,OSM-342464031,не указана,2021,66,none,,Зерноград,222.3
2021-03-08,,,,1.6,0.1,OSM-342464031,не указана,2021,67,none,,Зерноград,222.3
2021-03-09,,,,0.6,1.1,OSM-342464031,не указана,2021,68,none,,Зерноград,222.3
2021-03-10,,,,-2.6,0.0,OSM-342464031,не указана,2021,69,none,,Зерноград,222.3
2021-03-11,,,,-5.5,0.0,OSM-342464031,не указана,2021,70,none,,Зерноград,222.3
2021-03-12,,,,-6.1,0.0,OSM-342464031,не указана,2021,71,none,,Зерноград,222.3
2021-03-13,,,,-1.6,0.4,OSM-342464031,не указана,2021,72,none,,Зерноград,222.3
2021-03-14,,,,1.9,0.2,OSM-342464031,не указана,2021,73,none,,Зерноград,222.3
2021-03-15,,,,3.8,0.0,OSM-342464031,не указана,2021,74,none,,Зерноград,222.3
2021-03-16,,,,4.3,1.2,OSM-342464031,не указана,2021,75,none,,Зерноград,222.3
2021-03-17,,,,6.5,3.4,OSM-342464031,не указана,2021,76,none,,Зерноград,222.3
2021-03-18,,,,4.2,17.5,OSM-342464031,не указана,2021,77,none,,Зерноград,222.3
2021-03-19,,,,5.1,2.1,OSM-342464031,не указана,2021,78,none,,Зерноград,222.3
2021-03-20,,,,3.9,3.0,OSM-342464031,не указана,2021,79,none,,Зерноград,222.3
2021-03-21,,,,2.1,0.6,OSM-342464031,не указана,2021,80,none,,Зерноград,222.3
2021-03-22,,,0.2457,2.7,2.7,OSM-342464031,не указана,2021,81,modis,0.2457,Зерноград,222.3
2021-03-23,,,,3.7,7.8,OSM-342464031,не указана,2021,82,none,,Зерноград,222.3
2021-03-24,,,,1.7,6.7,OSM-342464031,не указана,2021,83,none,,Зерноград,222.3
2021-03-25,,,,1.5,10.7,OSM-342464031,не указана,2021,84,none,,Зерноград,222.3
2021-03-26,,,,1.1,7.5,OSM-342464031,не указана,2021,85,none,,Зерноград,222.3
2021-03-27,,,,4.8,1.4,OSM-342464031,не указана,2021,86,none,,Зерноград,222.3
2021-03-28,,,,5.4,0.7,OSM-342464031,не указана,2021,87,none,,Зерноград,222.3
2021-03-29,,,,5.8,4.7,OSM-342464031,не указана,2021,88,none,,Зерноград,222.3
2021-03-30,,,,3.3,10.7,OSM-342464031,не указана,2021,89,none,,Зерноград,222.3
2021-03-31,,,,6.7,0.0,OSM-342464031,не указана,2021,90,none,,Зерноград,222.3
2021-04-01,,,,7.9,0.0,OSM-342464031,не указана,2021,91,none,,Зерноград,222.3
2021-04-02,,,,8.6,0.0,OSM-342464031,не указана,2021,92,none,,Зерноград,222.3
2021-04-03,,,,9.1,1.0,OSM-342464031,не указана,2021,93,none,,Зерноград,222.3
2021-04-04,,,,6.6,13.1,OSM-342464031,не указана,2021,94,none,,Зерноград,222.3
2021-04-05,,,,4.2,22.4,OSM-342464031,не указана,2021,95,none,,Зерноград,222.3
2021-04-06,,,,7.5,0.4,OSM-342464031,не указана,2021,96,none,,Зерноград,222.3
2021-04-07,,,0.3328,12.7,1.9,OSM-342464031,не указана,2021,97,modis,0.3328,Зерноград,222.3
2021-04-08,,,,9.7,6.6,OSM-342464031,не указана,2021,98,none,,Зерноград,222.3
2021-04-09,,,,4.9,9.9,OSM-342464031,не указана,2021,99,none,,Зерноград,222.3
2021-04-10,,,,7.0,2.3,OSM-342464031,не указана,2021,100,none,,Зерноград,222.3
2021-04-11,,,,9.1,0.2,OSM-342464031,не указана,2021,101,none,,Зерноград,222.3
2021-04-12,,,,10.2,2.5,OSM-342464031,не указана,2021,102,none,,Зерноград,222.3
2021-04-13,,,,11.5,4.5,OSM-342464031,не указана,2021,103,none,,Зерноград,222.3
2021-04-14,,,,11.3,0.3,OSM-342464031,не указана,2021,104,none,,Зерноград,222.3
2021-04-15,,,,11.2,0.4,OSM-342464031,не указана,2021,105,none,,Зерноград,222.3
2021-04-16,,,,11.1,12.2,OSM-342464031,не указана,2021,106,none,,Зерноград,222.3
2021-04-17,,,,10.4,2.2,OSM-342464031,не указана,2021,107,none,,Зерноград,222.3
2021-04-18,,,,9.8,2.9,OSM-342464031,не указана,2021,108,none,,Зерноград,222.3
2021-04-19,,,,11.6,2.7,OSM-342464031,не указана,2021,109,none,,Зерноград,222.3
2021-04-20,,,,12.9,11.3,OSM-342464031,не указана,2021,110,none,,Зерноград,222.3
2021-04-21,,,,11.8,0.0,OSM-342464031,не указана,2021,111,none,,Зерноград,222.3
2021-04-22,,,,11.8,3.8,OSM-342464031,не указана,2021,112,none,,Зерноград,222.3
2021-04-23,,,0.7232000000000001,12.3,0.9,OSM-342464031,не указана,2021,113,modis,0.7232000000000001,Зерноград,222.3
2021-04-24,,,,10.9,2.7,OSM-342464031,не указана,2021,114,none,,Зерноград,222.3
2021-04-25,,,,9.2,0.9,OSM-342464031,не указана,2021,115,none,,Зерноград,222.3
2021-04-26,,,,7.3,4.3,OSM-342464031,не указана,2021,116,none,,Зерноград,222.3
2021-04-27,,,,8.6,0.0,OSM-342464031,не указана,2021,117,none,,Зерноград,222.3
2021-04-28,,,,10.7,1.1,OSM-342464031,не указана,2021,118,none,,Зерноград,222.3
2021-04-29,,,,12.9,0.1,OSM-342464031,не указана,2021,119,none,,Зерноград,222.3
2021-04-30,,,,15.2,0.1,OSM-342464031,не указана,2021,120,none,,Зерноград,222.3
2021-05-01,,,,15.8,0.4,OSM-342464031,не указана,2021,121,none,,Зерноград,222.3
2021-05-02,,,,17.5,0.1,OSM-342464031,не указана,2021,122,none,,Зерноград,222.3
2021-05-03,,,,20.6,0.1,OSM-342464031,не указана,2021,123,none,,Зерноград,222.3
2021-05-04,,,,13.1,1.3,OSM-342464031,не указана,2021,124,none,,Зерноград,222.3
2021-05-05,,,,11.8,0.0,OSM-342464031,не указана,2021,125,none,,Зерноград,222.3
2021-05-06,,,,14.9,0.0,OSM-342464031,не указана,2021,126,none,,Зерноград,222.3
2021-05-07,,,,15.0,0.4,OSM-342464031,не указана,2021,127,none,,Зерноград,222.3
2021-05-08,,,,17.5,0.0,OSM-342464031,не указана,2021,128,none,,Зерноград,222.3
2021-05-09,,,0.7903,11.1,5.9,OSM-342464031,не указана,2021,129,modis,0.7903,Зерноград,222.3
2021-05-10,,,,9.1,13.7,OSM-342464031,не указана,2021,130,none,,Зерноград,222.3
2021-05-11,,,,8.8,19.5,OSM-342464031,не указана,2021,131,none,,Зерноград,222.3
2021-05-12,,,,12.8,2.4,OSM-342464031,не указана,2021,132,none,,Зерноград,222.3
2021-05-13,,,,17.5,0.0,OSM-342464031,не указана,2021,133,none,,Зерноград,222.3
2021-05-14,,,,20.8,0.0,OSM-342464031,не указана,2021,134,none,,Зерноград,222.3
2021-05-15,,,,21.4,0.0,OSM-342464031,не указана,2021,135,none,,Зерноград,222.3
2021-05-16,,,,22.4,0.0,OSM-342464031,не указана,2021,136,none,,Зерноград,222.3
2021-05-17,,,,21.5,2.9,OSM-342464031,не указана,2021,137,none,,Зерноград,222.3
2021-05-18,,,,17.5,3.7,OSM-342464031,не указана,2021,138,none,,Зерноград,222.3
2021-05-19,,,,15.5,12.5,OSM-342464031,не указана,2021,139,none,,Зерноград,222.3
2021-05-20,,,,18.1,0.0,OSM-342464031,не указана,2021,140,none,,Зерноград,222.3
2021-05-21,,,,20.6,0.0,OSM-342464031,не указана,2021,141,none,,Зерноград,222.3
2021-05-22,,,,19.5,0.4,OSM-342464031,не указана,2021,142,none,,Зерноград,222.3
2021-05-23,,,,21.1,0.1,OSM-342464031,не указана,2021,143,none,,Зерноград,222.3
2021-05-24,,,,20.2,10.1,OSM-342464031,не указана,2021,144,none,,Зерноград,222.3
2021-05-25,,,0.8851,17.9,4.0,OSM-342464031,не указана,2021,145,modis,0.8851,Зерноград,222.3
2021-05-26,,,,19.0,0.2,OSM-342464031,не указана,2021,146,none,,Зерноград,222.3
2021-05-27,,,,20.5,0.0,OSM-342464031,не указана,2021,147,none,,Зерноград,222.3
2021-05-28,,,,21.9,0.0,OSM-342464031,не указана,2021,148,none,,Зерноград,222.3
2021-05-29,,,,22.7,2.2,OSM-342464031,не указана,2021,149,none,,Зерноград,222.3
2021-05-30,,,,18.6,8.1,OSM-342464031,не указана,2021,150,none,,Зерноград,222.3
2021-05-31,,,,20.1,0.0,OSM-342464031,не указана,2021,151,none,,Зерноград,222.3
2021-06-01,,,,19.8,8.6,OSM-342464031,не указана,2021,152,none,,Зерноград,222.3
2021-06-02,,,,17.8,16.1,OSM-342464031,не указана,2021,153,none,,Зерноград,222.3
2021-06-03,,,,16.0,2.8,OSM-342464031,не указана,2021,154,none,,Зерноград,222.3
2021-06-04,,,,15.8,0.4,OSM-342464031,не указана,2021,155,none,,Зерноград,222.3
2021-06-05,,,,15.6,1.3,OSM-342464031,не указана,2021,156,none,,Зерноград,222.3
2021-06-06,,,,16.9,3.9,OSM-342464031,не указана,2021,157,none,,Зерноград,222.3
2021-06-07,,,,16.2,4.2,OSM-342464031,не указана,2021,158,none,,Зерноград,222.3
2021-06-08,,,,16.7,6.6,OSM-342464031,не указана,2021,159,none,,Зерноград,222.3
2021-06-09,,,,17.5,2.2,OSM-342464031,не указана,2021,160,none,,Зерноград,222.3
2021-06-10,,,0.775,18.5,0.7,OSM-342464031,не указана,2021,161,modis,0.775,Зерноград,222.3
2021-06-11,,,,19.7,0.3,OSM-342464031,не указана,2021,162,none,,Зерноград,222.3
2021-06-12,,,,20.5,0.2,OSM-342464031,не указана,2021,163,none,,Зерноград,222.3
2021-06-13,,,,20.6,0.3,OSM-342464031,не указана,2021,164,none,,Зерноград,222.3
2021-06-14,,,,22.0,0.0,OSM-342464031,не указана,2021,165,none,,Зерноград,222.3
2021-06-15,,,,22.1,0.6,OSM-342464031,не указана,2021,166,none,,Зерноград,222.3
2021-06-16,,,,24.2,0.4,OSM-342464031,не указана,2021,167,none,,Зерноград,222.3
2021-06-17,,,,21.4,10.9,OSM-342464031,не указана,2021,168,none,,Зерноград,222.3
2021-06-18,,,,22.2,0.0,OSM-342464031,не указана,2021,169,none,,Зерноград,222.3
2021-06-19,,,,25.1,0.0,OSM-342464031,не указана,2021,170,none,,Зерноград,222.3
2021-06-20,,,,25.9,0.0,OSM-342464031,не указана,2021,171,none,,Зерноград,222.3
2021-06-21,,,,26.4,0.0,OSM-342464031,не указана,2021,172,none,,Зерноград,222.3
2021-06-22,,,,27.0,0.0,OSM-342464031,не указана,2021,173,none,,Зерноград,222.3
2021-06-23,,,,27.6,0.0,OSM-342464031,не указана,2021,174,none,,Зерноград,222.3
2021-06-24,,,,26.4,0.0,OSM-342464031,не указана,2021,175,none,,Зерноград,222.3
2021-06-25,,,,25.9,0.0,OSM-342464031,не указана,2021,176,none,,Зерноград,222.3
2021-06-26,,,0.4206,26.2,0.0,OSM-342464031,не указана,2021,177,modis,0.4206,Зерноград,222.3
2021-06-27,,,,24.7,1.1,OSM-342464031,не указана,2021,178,none,,Зерноград,222.3
2021-06-28,,,,24.9,0.1,OSM-342464031,не указана,2021,179,none,,Зерноград,222.3
2021-06-29,,,,24.2,0.6,OSM-342464031,не указана,2021,180,none,,Зерноград,222.3
2021-06-30,,,,23.7,0.0,OSM-342464031,не указана,2021,181,none,,Зерноград,222.3
2021-07-01,,,,24.8,0.1,OSM-342464031,не указана,2021,182,none,,Зерноград,222.3
2021-07-02,,,,26.7,0.0,OSM-342464031,не указана,2021,183,none,,Зерноград,222.3
2021-07-03,,,,28.6,0.0,OSM-342464031,не указана,2021,184,none,,Зерноград,222.3
2021-07-04,,,,27.6,0.2,OSM-342464031,не указана,2021,185,none,,Зерноград,222.3
2021-07-05,,,,22.5,11.5,OSM-342464031,не указана,2021,186,none,,Зерноград,222.3
2021-07-06,,,,22.2,3.6,OSM-342464031,не указана,2021,187,none,,Зерноград,222.3
2021-07-07,,,,23.0,2.1,OSM-342464031,не указана,2021,188,none,,Зерноград,222.3
2021-07-08,,,,23.7,0.0,OSM-342464031,не указана,2021,189,none,,Зерноград,222.3
2021-07-09,,,,24.4,0.0,OSM-342464031,не указана,2021,190,none,,Зерноград,222.3
2021-07-10,,,,26.5,0.0,OSM-342464031,не указана,2021,191,none,,Зерноград,222.3
2021-07-11,,,,27.2,0.0,OSM-342464031,не указана,2021,192,none,,Зерноград,222.3
2021-07-12,,,0.3483,27.6,0.0,OSM-342464031,не указана,2021,193,modis,0.3483,Зерноград,222.3
2021-07-13,,,,26.0,0.0,OSM-342464031,не указана,2021,194,none,,Зерноград,222.3
2021-07-14,,,,26.3,0.0,OSM-342464031,не указана,2021,195,none,,Зерноград,222.3
2021-07-15,,,,27.6,0.0,OSM-342464031,не указана,2021,196,none,,Зерноград,222.3
2021-07-16,,,,28.3,0.0,OSM-342464031,не указана,2021,197,none,,Зерноград,222.3
2021-07-17,,,,29.0,0.0,OSM-342464031,не указана,2021,198,none,,Зерноград,222.3
2021-07-18,,,,30.4,0.0,OSM-342464031,не указана,2021,199,none,,Зерноград,222.3
2021-07-19,,,,30.8,0.0,OSM-342464031,не указана,2021,200,none,,Зерноград,222.3
2021-07-20,,,,31.1,0.0,OSM-342464031,не указана,2021,201,none,,Зерноград,222.3
2021-07-21,,,,30.6,1.1,OSM-342464031,не указана,2021,202,none,,Зерноград,222.3
2021-07-22,,,,24.4,15.5,OSM-342464031,не указана,2021,203,none,,Зерноград,222.3
2021-07-23,,,,22.8,1.0,OSM-342464031,не указана,2021,204,none,,Зерноград,222.3
2021-07-24,,,,23.2,0.0,OSM-342464031,не указана,2021,205,none,,Зерноград,222.3
2021-07-25,,,,25.3,0.0,OSM-342464031,не указана,2021,206,none,,Зерноград,222.3
2021-07-26,,,,27.1,0.0,OSM-342464031,не указана,2021,207,none,,Зерноград,222.3
2021-07-27,,,,24.8,0.0,OSM-342464031,не указана,2021,208,none,,Зерноград,222.3
2021-07-28,,,0.2206,24.0,0.0,OSM-342464031,не указана,2021,209,modis,0.2206,Зерноград,222.3
2021-07-29,,,,26.2,0.0,OSM-342464031,не указана,2021,210,none,,Зерноград,222.3
2021-07-30,,,,26.8,0.0,OSM-342464031,не указана,2021,211,none,,Зерноград,222.3
2021-07-31,,,,27.3,0.0,OSM-342464031,не указана,2021,212,none,,Зерноград,222.3
2021-08-01,,,,28.6,0.0,OSM-342464031,не указана,2021,213,none,,Зерноград,222.3
2021-08-02,,,,29.2,0.0,OSM-342464031,не указана,2021,214,none,,Зерноград,222.3
2021-08-03,,,,30.3,0.0,OSM-342464031,не указана,2021,215,none,,Зерноград,222.3
2021-08-04,,,,27.5,0.0,OSM-342464031,не указана,2021,216,none,,Зерноград,222.3
2021-08-05,,,,28.1,0.1,OSM-342464031,не указана,2021,217,none,,Зерноград,222.3
2021-08-06,,,,30.5,0.0,OSM-342464031,не указана,2021,218,none,,Зерноград,222.3
2021-08-07,,,,30.6,0.0,OSM-342464031,не указана,2021,219,none,,Зерноград,222.3
2021-08-08,,,,26.9,6.2,OSM-342464031,не указана,2021,220,none,,Зерноград,222.3
2021-08-09,,,,27.3,0.0,OSM-342464031,не указана,2021,221,none,,Зерноград,222.3
2021-08-10,,,,27.4,0.0,OSM-342464031,не указана,2021,222,none,,Зерноград,222.3
2021-08-11,,,,26.0,0.7,OSM-342464031,не указана,2021,223,none,,Зерноград,222.3
2021-08-12,,,,26.0,3.7,OSM-342464031,не указана,2021,224,none,,Зерноград,222.3
2021-08-13,,,0.2743,24.7,8.2,OSM-342464031,не указана,2021,225,modis,0.2743,Зерноград,222.3
2021-08-14,,,,23.0,1.6,OSM-342464031,не указана,2021,226,none,,Зерноград,222.3
2021-08-15,,,,22.9,0.3,OSM-342464031,не указана,2021,227,none,,Зерноград,222.3
2021-08-16,,,,23.6,1.1,OSM-342464031,не указана,2021,228,none,,Зерноград,222.3
2021-08-17,,,,25.6,0.0,OSM-342464031,не указана,2021,229,none,,Зерноград,222.3
2021-08-18,,,,27.1,0.0,OSM-342464031,не указана,2021,230,none,,Зерноград,222.3
2021-08-19,,,,26.6,0.0,OSM-342464031,не указана,2021,231,none,,Зерноград,222.3
2021-08-20,,,,24.1,0.0,OSM-342464031,не указана,2021,232,none,,Зерноград,222.3
2021-08-21,,,,22.9,0.3,OSM-342464031,не указана,2021,233,none,,Зерноград,222.3
2021-08-22,,,,23.9,4.0,OSM-342464031,не указана,2021,234,none,,Зерноград,222.3
2021-08-23,,,,23.6,1.4,OSM-342464031,не указана,2021,235,none,,Зерноград,222.3
2021-08-24,,,,22.5,0.0,OSM-342464031,не указана,2021,236,none,,Зерноград,222.3
2021-08-25,,,,22.9,0.0,OSM-342464031,не указана,2021,237,none,,Зерноград,222.3
2021-08-26,,,,24.7,0.0,OSM-342464031,не указана,2021,238,none,,Зерноград,222.3
2021-08-27,,,,25.8,0.0,OSM-342464031,не указана,2021,239,none,,Зерноград,222.3
2021-08-28,,,,26.8,0.1,OSM-342464031,не указана,2021,240,none,,Зерноград,222.3
2021-08-29,,,0.2836,27.7,0.0,OSM-342464031,не указана,2021,241,modis,0.2836,Зерноград,222.3
2021-08-30,,,,27.2,0.0,OSM-342464031,не указана,2021,242,none,,Зерноград,222.3
2021-08-31,,,,24.9,6.9,OSM-342464031,не указана,2021,243,none,,Зерноград,222.3
2021-09-01,,,,23.8,11.1,OSM-342464031,не указана,2021,244,none,,Зерноград,222.3
2021-09-02,,,,19.6,9.2,OSM-342464031,не указана,2021,245,none,,Зерноград,222.3
2021-09-03,,,,15.0,1.7,OSM-342464031,не указана,2021,246,none,,Зерноград,222.3
2021-09-04,,,,16.6,0.0,OSM-342464031,не указана,2021,247,none,,Зерноград,222.3
2021-09-05,,,,15.4,1.0,OSM-342464031,не указана,2021,248,none,,Зерноград,222.3
2021-09-06,,,,13.8,0.0,OSM-342464031,не указана,2021,249,none,,Зерноград,222.3
2021-09-07,,,,14.5,0.0,OSM-342464031,не указана,2021,250,none,,Зерноград,222.3
2021-09-08,,,,15.0,0.0,OSM-342464031,не указана,2021,251,none,,Зерноград,222.3
2021-09-09,,,,15.7,0.0,OSM-342464031,не указана,2021,252,none,,Зерноград,222.3
2021-09-10,,,,17.6,0.0,OSM-342464031,не указана,2021,253,none,,Зерноград,222.3
2021-09-11,,,,19.4,0.0,OSM-342464031,не указана,2021,254,none,,Зерноград,222.3
2021-09-12,,,,19.7,0.3,OSM-342464031,не указана,2021,255,none,,Зерноград,222.3
2021-09-13,,,,19.5,0.0,OSM-342464031,не указана,2021,256,none,,Зерноград,222.3
2021-09-14,,,0.3335,20.7,0.0,OSM-342464031,не указана,2021,257,modis,0.3335,Зерноград,222.3
2021-09-15,,,,20.5,0.0,OSM-342464031,не указана,2021,258,none,,Зерноград,222.3
2021-09-16,,,,17.0,0.0,OSM-342464031,не указана,2021,259,none,,Зерноград,222.3
2021-09-17,,,,15.7,0.0,OSM-342464031,не указана,2021,260,none,,Зерноград,222.3
2021-09-18,,,,17.2,0.0,OSM-342464031,не указана,2021,261,none,,Зерноград,222.3
2021-09-19,,,,19.3,11.4,OSM-342464031,не указана,2021,262,none,,Зерноград,222.3
2021-09-20,,,,18.6,7.1,OSM-342464031,не указана,2021,263,none,,Зерноград,222.3
2021-09-21,,,,15.6,3.9,OSM-342464031,не указана,2021,264,none,,Зерноград,222.3
2021-09-22,,,,12.7,0.0,OSM-342464031,не указана,2021,265,none,,Зерноград,222.3
2021-09-23,,,,13.0,0.0,OSM-342464031,не указана,2021,266,none,,Зерноград,222.3
2021-09-24,,,,13.0,5.9,OSM-342464031,не указана,2021,267,none,,Зерноград,222.3
2021-09-25,,,,13.1,5.4,OSM-342464031,не указана,2021,268,none,,Зерноград,222.3
2021-09-26,,,,14.1,2.3,OSM-342464031,не указана,2021,269,none,,Зерноград,222.3
2021-09-27,,,,12.3,0.0,OSM-342464031,не указана,2021,270,none,,Зерноград,222.3
2021-09-28,,,,11.4,0.0,OSM-342464031,не указана,2021,271,none,,Зерноград,222.3
2021-09-29,,,,10.6,0.3,OSM-342464031,не указана,2021,272,none,,Зерноград,222.3
2021-09-30,,,0.2393,9.0,0.0,OSM-342464031,не указана,2021,273,modis,0.2393,Зерноград,222.3
2021-10-01,,,,9.0,0.0,OSM-342464031,не указана,2021,274,none,,Зерноград,222.3
2021-10-02,,,,12.0,0.0,OSM-342464031,не указана,2021,275,none,,Зерноград,222.3
2021-10-03,,,,12.5,0.0,OSM-342464031,не указана,2021,276,none,,Зерноград,222.3
2021-10-04,,,,10.9,0.0,OSM-342464031,не указана,2021,277,none,,Зерноград,222.3
2021-10-05,,,,11.3,0.0,OSM-342464031,не указана,2021,278,none,,Зерноград,222.3
2021-10-06,,,,8.1,0.0,OSM-342464031,не указана,2021,279,none,,Зерноград,222.3
2021-10-07,,,,7.4,0.0,OSM-342464031,не указана,2021,280,none,,Зерноград,222.3
2021-10-08,,,,8.2,0.0,OSM-342464031,не указана,2021,281,none,,Зерноград,222.3
2021-10-09,,,,8.9,0.0,OSM-342464031,не указана,2021,282,none,,Зерноград,222.3
2021-10-10,,,,10.2,0.0,OSM-342464031,не указана,2021,283,none,,Зерноград,222.3
2021-10-11,,,,11.9,0.0,OSM-342464031,не указана,2021,284,none,,Зерноград,222.3
2021-10-12,,,,13.8,0.0,OSM-342464031,не указана,2021,285,none,,Зерноград,222.3
2021-10-13,,,,15.0,1.1,OSM-342464031,не указана,2021,286,none,,Зерноград,222.3
2021-10-14,,,,12.7,0.0,OSM-342464031,не указана,2021,287,none,,Зерноград,222.3
2021-10-15,,,,10.1,0.0,OSM-342464031,не указана,2021,288,none,,Зерноград,222.3
2021-10-16,,,0.2558,12.9,0.7,OSM-342464031,не указана,2021,289,modis,0.2558,Зерноград,222.3
2021-10-17,,,,13.5,0.0,OSM-342464031,не указана,2021,290,none,,Зерноград,222.3
2021-10-18,,,,11.5,0.0,OSM-342464031,не указана,2021,291,none,,Зерноград,222.3
2021-10-19,,,,7.1,1.7,OSM-342464031,не указана,2021,292,none,,Зерноград,222.3
2021-10-20,,,,4.5,0.0,OSM-342464031,не указана,2021,293,none,,Зерноград,222.3
2021-10-21,,,,8.6,0.0,OSM-342464031,не указана,2021,294,none,,Зерноград,222.3
2021-10-22,,,,12.8,0.0,OSM-342464031,не указана,2021,295,none,,Зерноград,222.3
2021-10-23,,,,13.5,0.3,OSM-342464031,не указана,2021,296,none,,Зерноград,222.3
2021-10-24,,,,10.0,3.2,OSM-342464031,не указана,2021,297,none,,Зерноград,222.3
2021-10-25,,,,4.8,0.0,OSM-342464031,не указана,2021,298,none,,Зерноград,222.3
2021-10-26,,,,1.7,0.0,OSM-342464031,не указана,2021,299,none,,Зерноград,222.3
2021-10-27,,,,3.6,0.0,OSM-342464031,не указана,2021,300,none,,Зерноград,222.3
2021-10-28,,,,4.9,0.0,OSM-342464031,не указана,2021,301,none,,Зерноград,222.3
2021-10-29,,,,8.9,0.2,OSM-342464031,не указана,2021,302,none,,Зерноград,222.3
2021-10-30,,,,8.5,0.0,OSM-342464031,не указана,2021,303,none,,Зерноград,222.3
2021-10-31,,,,8.8,0.0,OSM-342464031,не указана,2021,304,none,,Зерноград,222.3
2021-11-01,,,0.2427,11.1,0.0,OSM-342464031,не указана,2021,305,modis,0.2427,Зерноград,222.3
2021-11-02,,,,12.2,3.7,OSM-342464031,не указана,2021,306,none,,Зерноград,222.3
2021-11-03,,,,11.3,9.2,OSM-342464031,не указана,2021,307,none,,Зерноград,222.3
2021-11-04,,,,12.6,0.3,OSM-342464031,не указана,2021,308,none,,Зерноград,222.3
2021-11-05,,,,10.7,0.0,OSM-342464031,не указана,2021,309,none,,Зерноград,222.3
2021-11-06,,,,9.7,0.0,OSM-342464031,не указана,2021,310,none,,Зерноград,222.3
2021-11-07,,,,8.6,0.0,OSM-342464031,не указана,2021,311,none,,Зерноград,222.3
2021-11-08,,,,10.2,0.0,OSM-342464031,не указана,2021,312,none,,Зерноград,222.3
2021-11-09,,,,8.5,23.3,OSM-342464031,не указана,2021,313,none,,Зерноград,222.3
2021-11-10,,,,2.1,0.0,OSM-342464031,не указана,2021,314,none,,Зерноград,222.3
2021-11-11,,,,-0.5,0.0,OSM-342464031,не указана,2021,315,none,,Зерноград,222.3
2021-11-12,,,,3.4,0.0,OSM-342464031,не указана,2021,316,none,,Зерноград,222.3
2021-11-13,,,,4.4,0.0,OSM-342464031,не указана,2021,317,none,,Зерноград,222.3
2021-11-14,,,,2.7,0.0,OSM-342464031,не указана,2021,318,none,,Зерноград,222.3
2021-11-15,,,,2.0,0.0,OSM-342464031,не указана,2021,319,none,,Зерноград,222.3
2021-11-16,,,,-1.2,0.0,OSM-342464031,не указана,2021,320,none,,Зерноград,222.3
2021-11-17,,,0.2567,-2.1,0.0,OSM-342464031,не указана,2021,321,modis,0.2567,Зерноград,222.3
2021-11-18,,,,-0.2,0.0,OSM-342464031,не указана,2021,322,none,,Зерноград,222.3
2021-11-19,,,,1.3,3.2,OSM-342464031,не указана,2021,323,none,,Зерноград,222.3
2021-11-20,,,,5.5,1.9,OSM-342464031,не указана,2021,324,none,,Зерноград,222.3
2021-11-21,,,,6.4,0.0,OSM-342464031,не указана,2021,325,none,,Зерноград,222.3
2021-11-22,,,,9.7,0.1,OSM-342464031,не указана,2021,326,none,,Зерноград,222.3
2021-11-23,,,,6.8,5.6,OSM-342464031,не указана,2021,327,none,,Зерноград,222.3
2021-11-24,,,,-1.5,1.0,OSM-342464031,не указана,2021,328,none,,Зерноград,222.3
2021-11-25,,,,-3.4,0.0,OSM-342464031,не указана,2021,329,none,,Зерноград,222.3
2021-11-26,,,,0.4,0.0,OSM-342464031,не указана,2021,330,none,,Зерноград,222.3
2021-11-27,,,,3.5,0.7,OSM-342464031,не указана,2021,331,none,,Зерноград,222.3
2021-11-28,,,,9.1,9.8,OSM-342464031,не указана,2021,332,none,,Зерноград,222.3
2021-11-29,,,,13.1,3.9,OSM-342464031,не указана,2021,333,none,,Зерноград,222.3
2021-11-30,,,,10.3,18.0,OSM-342464031,не указана,2021,334,none,,Зерноград,222.3
2021-12-01,,,,3.7,8.4,OSM-342464031,не указана,2021,335,none,,Зерноград,222.3
2021-12-02,,,,3.5,0.0,OSM-342464031,не указана,2021,336,none,,Зерноград,222.3
2021-12-03,,,0.3533,6.2,0.0,OSM-342464031,не указана,2021,337,modis,0.3533,Зерноград,222.3
2021-12-04,,,,9.4,0.2,OSM-342464031,не указана,2021,338,none,,Зерноград,222.3
2021-12-05,,,,6.8,6.6,OSM-342464031,не указана,2021,339,none,,Зерноград,222.3
2021-12-06,,,,4.7,0.2,OSM-342464031,не указана,2021,340,none,,Зерноград,222.3
2021-12-07,,,,7.2,0.0,OSM-342464031,не указана,2021,341,none,,Зерноград,222.3
2021-12-08,,,,7.1,0.0,OSM-342464031,не указана,2021,342,none,,Зерноград,222.3
2021-12-09,,,,7.2,0.1,OSM-342464031,не указана,2021,343,none,,Зерноград,222.3
2021-12-10,,,,6.4,0.0,OSM-342464031,не указана,2021,344,none,,Зерноград,222.3
2021-12-11,,,,1.6,0.0,OSM-342464031,не указана,2021,345,none,,Зерноград,222.3
2021-12-12,,,,0.1,0.0,OSM-342464031,не указана,2021,346,none,,Зерноград,222.3
2021-12-13,,,,1.2,0.0,OSM-342464031,не указана,2021,347,none,,Зерноград,222.3
2021-12-14,,,,4.6,0.0,OSM-342464031,не указана,2021,348,none,,Зерноград,222.3
2021-12-15,,,,4.2,0.0,OSM-342464031,не указана,2021,349,none,,Зерноград,222.3
2021-12-16,,,,3.1,0.0,OSM-342464031,не указана,2021,350,none,,Зерноград,222.3
2021-12-17,,,,3.2,1.7,OSM-342464031,не указана,2021,351,none,,Зерноград,222.3
2021-12-18,,,,1.6,0.1,OSM-342464031,не указана,2021,352,none,,Зерноград,222.3
2021-12-19,,,0.4414,1.5,0.0,OSM-342464031,не указана,2021,353,modis,0.4414,Зерноград,222.3
2021-12-20,,,,3.5,5.6,OSM-342464031,не указана,2021,354,none,,Зерноград,222.3
2021-12-21,,,,-0.2,1.6,OSM-342464031,не указана,2021,355,none,,Зерноград,222.3
2021-12-22,,,,-7.3,2.5,OSM-342464031,не указана,2021,356,none,,Зерноград,222.3
2021-12-23,,,,-9.3,0.0,OSM-342464031,не указана,2021,357,none,,Зерноград,222.3
2021-12-24,,,,-7.4,0.0,OSM-342464031,не указана,2021,358,none,,Зерноград,222.3
2021-12-25,,,,2.1,12.5,OSM-342464031,не указана,2021,359,none,,Зерноград,222.3
2021-12-26,,,,3.6,33.6,OSM-342464031,не указана,2021,360,none,,Зерноград,222.3
2021-12-27,,,,-3.6,11.4,OSM-342464031,не указана,2021,361,none,,Зерноград,222.3
2021-12-28,,,,-1.9,5.2,OSM-342464031,не указана,2021,362,none,,Зерноград,222.3
2021-12-29,,,,1.4,8.1,OSM-342464031,не указана,2021,363,none,,Зерноград,222.3
2021-12-30,,,,0.3,0.2,OSM-342464031,не указана,2021,364,none,,Зерноград,222.3
2021-12-31,,,,0.4,1.3,OSM-342464031,не указана,2021,365,none,,Зерноград,222.3
2022-01-01,,,0.324,2.9,3.1,OSM-342464031,не указана,2022,1,modis,0.324,Зерноград,222.3
2022-01-02,,,,-0.8,2.4,OSM-342464031,не указана,2022,2,none,,Зерноград,222.3
2022-01-03,,,,-0.4,5.1,OSM-342464031,не указана,2022,3,none,,Зерноград,222.3
2022-01-04,,,,3.6,0.5,OSM-342464031,не указана,2022,4,none,,Зерноград,222.3
2022-01-05,,,,5.6,1.9,OSM-342464031,не указана,2022,5,none,,Зерноград,222.3
2022-01-06,,,,11.6,0.0,OSM-342464031,не указана,2022,6,none,,Зерноград,222.3
2022-01-07,,,,5.8,0.1,OSM-342464031,не указана,2022,7,none,,Зерноград,222.3
2022-01-08,,,,-2.2,0.0,OSM-342464031,не указана,2022,8,none,,Зерноград,222.3
2022-01-09,,,,0.9,0.0,OSM-342464031,не указана,2022,9,none,,Зерноград,222.3
2022-01-10,,,,1.9,0.3,OSM-342464031,не указана,2022,10,none,,Зерноград,222.3
2022-01-11,,,,2.7,1.4,OSM-342464031,не указана,2022,11,none,,Зерноград,222.3
2022-01-12,,,,-2.5,4.0,OSM-342464031,не указана,2022,12,none,,Зерноград,222.3
2022-01-13,,,,-8.4,0.0,OSM-342464031,не указана,2022,13,none,,Зерноград,222.3
2022-01-14,,,,-1.4,6.1,OSM-342464031,не указана,2022,14,none,,Зерноград,222.3
2022-01-15,,,,-1.2,0.9,OSM-342464031,не указана,2022,15,none,,Зерноград,222.3
2022-01-16,,,,-1.9,0.0,OSM-342464031,не указана,2022,16,none,,Зерноград,222.3
2022-01-17,,,-0.017,0.4,0.9,OSM-342464031,не указана,2022,17,modis,-0.017,Зерноград,222.3
2022-01-18,,,,0.3,10.5,OSM-342464031,не указана,2022,18,none,,Зерноград,222.3
2022-01-19,,,,-3.1,0.6,OSM-342464031,не указана,2022,19,none,,Зерноград,222.3
2022-01-20,,,,-4.5,0.0,OSM-342464031,не указана,2022,20,none,,Зерноград,222.3
2022-01-21,,,,-0.1,8.3,OSM-342464031,не указана,2022,21,none,,Зерноград,222.3
2022-01-22,,,,-2.3,3.1,OSM-342464031,не указана,2022,22,none,,Зерноград,222.3
2022-01-23,,,,-2.2,9.4,OSM-342464031,не указана,2022,23,none,,Зерноград,222.3
2022-01-24,,,,-3.2,0.8,OSM-342464031,не указана,2022,24,none,,Зерноград,222.3
2022-01-25,,,,-4.9,0.0,OSM-342464031,не указана,2022,25,none,,Зерноград,222.3
2022-01-26,,,,-5.5,0.0,OSM-342464031,не указана,2022,26,none,,Зерноград,222.3
2022-01-27,,,,-4.7,0.0,OSM-342464031,не указана,2022,27,none,,Зерноград,222.3
2022-01-28,,,,-4.5,1.5,OSM-342464031,не указана,2022,28,none,,Зерноград,222.3
2022-01-29,,,,1.2,2.0,OSM-342464031,не указана,2022,29,none,,Зерноград,222.3
2022-01-30,,,,0.1,0.6,OSM-342464031,не указана,2022,30,none,,Зерноград,222.3
2022-01-31,,,,1.3,3.0,OSM-342464031,не указана,2022,31,none,,Зерноград,222.3
2022-02-01,,,,1.1,0.3,OSM-342464031,не указана,2022,32,none,,Зерноград,222.3
2022-02-02,,,0.3217,4.2,9.0,OSM-342464031,не указана,2022,33,modis,0.3217,Зерноград,222.3
2022-02-03,,,,4.5,0.9,OSM-342464031,не указана,2022,34,none,,Зерноград,222.3
2022-02-04,,,,1.3,6.0,OSM-342464031,не указана,2022,35,none,,Зерноград,222.3
2022-02-05,,,,-2.6,0.4,OSM-342464031,не указана,2022,36,none,,Зерноград,222.3
2022-02-06,,,,-2.2,3.5,OSM-342464031,не указана,2022,37,none,,Зерноград,222.3
2022-02-07,,,,1.0,0.8,OSM-342464031,не указана,2022,38,none,,Зерноград,222.3
2022-02-08,,,,3.3,6.9,OSM-342464031,не указана,2022,39,none,,Зерноград,222.3
2022-02-09,,,,2.5,4.0,OSM-342464031,не указана,2022,40,none,,Зерноград,222.3
2022-02-10,,,,1.9,0.3,OSM-342464031,не указана,2022,41,none,,Зерноград,222.3
2022-02-11,,,,4.9,0.9,OSM-342464031,не указана,2022,42,none,,Зерноград,222.3
2022-02-12,,,,5.3,3.3,OSM-342464031,не указана,2022,43,none,,Зерноград,222.3
2022-02-13,,,,0.4,0.0,OSM-342464031,не указана,2022,44,none,,Зерноград,222.3
2022-02-14,,,,0.0,0.0,OSM-342464031,не указана,2022,45,none,,Зерноград,222.3
2022-02-15,,,,1.0,0.0,OSM-342464031,не указана,2022,46,none,,Зерноград,222.3
2022-02-16,,,,2.9,0.1,OSM-342464031,не указана,2022,47,none,,Зерноград,222.3
2022-02-17,,,,3.2,0.0,OSM-342464031,не указана,2022,48,none,,Зерноград,222.3
2022-02-18,,,0.2507,5.3,6.1,OSM-342464031,не указана,2022,49,modis,0.2507,Зерноград,222.3
2022-02-19,,,,5.0,2.3,OSM-342464031,не указана,2022,50,none,,Зерноград,222.3
2022-02-20,,,,5.4,2.2,OSM-342464031,не указана,2022,51,none,,Зерноград,222.3
2022-02-21,,,,4.8,2.3,OSM-342464031,не указана,2022,52,none,,Зерноград,222.3
2022-02-22,,,,7.0,0.0,OSM-342464031,не указана,2022,53,none,,Зерноград,222.3
2022-02-23,,,,8.9,2.6,OSM-342464031,не указана,2022,54,none,,Зерноград,222.3
2022-02-24,,,,6.4,5.4,OSM-342464031,не указана,2022,55,none,,Зерноград,222.3
2022-02-25,,,,7.4,0.5,OSM-342464031,не указана,2022,56,none,,Зерноград,222.3
2022-02-26,,,,5.0,0.8,OSM-342464031,не указана,2022,57,none,,Зерноград,222.3
2022-02-27,,,,3.5,0.0,OSM-342464031,не указана,2022,58,none,,Зерноград,222.3
2022-02-28,,,,2.5,0.0,OSM-342464031,не указана,2022,59,none,,Зерноград,222.3
2022-03-01,,,,3.1,1.9,OSM-342464031,не указана,2022,60,none,,Зерноград,222.3
2022-03-02,,,,3.4,3.9,OSM-342464031,не указана,2022,61,none,,Зерноград,222.3
2022-03-03,,,,4.6,8.2,OSM-342464031,не указана,2022,62,none,,Зерноград,222.3
2022-03-04,,,,3.1,0.9,OSM-342464031,не указана,2022,63,none,,Зерноград,222.3
2022-03-05,,,,2.3,0.9,OSM-342464031,не указана,2022,64,none,,Зерноград,222.3
2022-03-06,,,0.2301,-0.8,0.9,OSM-342464031,не указана,2022,65,modis,0.2301,Зерноград,222.3
2022-03-07,,,,-0.2,0.0,OSM-342464031,не указана,2022,66,none,,Зерноград,222.3
2022-03-08,,,,-0.4,0.9,OSM-342464031,не указана,2022,67,none,,Зерноград,222.3
2022-03-09,,,,-1.0,0.1,OSM-342464031,не указана,2022,68,none,,Зерноград,222.3
2022-03-10,,,,-2.4,0.0,OSM-342464031,не указана,2022,69,none,,Зерноград,222.3
2022-03-11,,,,-2.9,0.0,OSM-342464031,не указана,2022,70,none,,Зерноград,222.3
2022-03-12,,,,-4.4,0.2,OSM-342464031,не указана,2022,71,none,,Зерноград,222.3
2022-03-13,,,,-3.6,0.0,OSM-342464031,не указана,2022,72,none,,Зерноград,222.3
2022-03-14,,,,-2.2,0.0,OSM-342464031,не указана,2022,73,none,,Зерноград,222.3
2022-03-15,,,,-0.4,3.2,OSM-342464031,не указана,2022,74,none,,Зерноград,222.3
2022-03-16,,,,-3.9,0.0,OSM-342464031,не указана,2022,75,none,,Зерноград,222.3
2022-03-17,,,,-5.5,0.0,OSM-342464031,не указана,2022,76,none,,Зерноград,222.3
2022-03-18,,,,-3.9,0.0,OSM-342464031,не указана,2022,77,none,,Зерноград,222.3
2022-03-19,,,,-2.4,0.0,OSM-342464031,не указана,2022,78,none,,Зерноград,222.3
2022-03-20,,,,-1.3,0.0,OSM-342464031,не указана,2022,79,none,,Зерноград,222.3
2022-03-21,,,,2.3,0.0,OSM-342464031,не указана,2022,80,none,,Зерноград,222.3
2022-03-22,,,0.2999,2.4,0.0,OSM-342464031,не указана,2022,81,modis,0.2999,Зерноград,222.3
2022-03-23,,,,2.3,0.0,OSM-342464031,не указана,2022,82,none,,Зерноград,222.3
2022-03-24,,,,2.2,0.0,OSM-342464031,не указана,2022,83,none,,Зерноград,222.3
2022-03-25,,,,2.8,0.2,OSM-342464031,не указана,2022,84,none,,Зерноград,222.3
2022-03-26,,,,5.6,0.0,OSM-342464031,не указана,2022,85,none,,Зерноград,222.3
2022-03-27,,,,3.5,8.4,OSM-342464031,не указана,2022,86,none,,Зерноград,222.3
2022-03-28,,,,1.4,0.0,OSM-342464031,не указана,2022,87,none,,Зерноград,222.3
2022-03-29,,,,8.8,0.0,OSM-342464031,не указана,2022,88,none,,Зерноград,222.3
2022-03-30,,,,12.1,0.5,OSM-342464031,не указана,2022,89,none,,Зерноград,222.3
2022-03-31,,,,13.2,0.0,OSM-342464031,не указана,2022,90,none,,Зерноград,222.3
2022-04-01,,,,15.9,0.7,OSM-342464031,не указана,2022,91,none,,Зерноград,222.3
2022-04-02,,,,16.9,0.3,OSM-342464031,не указана,2022,92,none,,Зерноград,222.3
2022-04-03,,,,13.1,3.6,OSM-342464031,не указана,2022,93,none,,Зерноград,222.3
2022-04-04,,,,6.6,2.0,OSM-342464031,не указана,2022,94,none,,Зерноград,222.3
2022-04-05,,,,5.8,0.2,OSM-342464031,не указана,2022,95,none,,Зерноград,222.3
2022-04-06,,,,7.6,0.0,OSM-342464031,не указана,2022,96,none,,Зерноград,222.3
2022-04-07,,,0.4024,10.6,0.0,OSM-342464031,не указана,2022,97,modis,0.4024,Зерноград,222.3
2022-04-08,,,,11.5,2.5,OSM-342464031,не указана,2022,98,none,,Зерноград,222.3
2022-04-09,,,,12.2,2.5,OSM-342464031,не указана,2022,99,none,,Зерноград,222.3
2022-04-10,,,,14.9,0.0,OSM-342464031,не указана,2022,100,none,,Зерноград,222.3
2022-04-11,,,,16.5,0.0,OSM-342464031,не указана,2022,101,none,,Зерноград,222.3
2022-04-12,,,,10.0,15.9,OSM-342464031,не указана,2022,102,none,,Зерноград,222.3
2022-04-13,,,,6.2,7.2,OSM-342464031,не указана,2022,103,none,,Зерноград,222.3
2022-04-14,,,,6.7,7.0,OSM-342464031,не указана,2022,104,none,,Зерноград,222.3
2022-04-15,,,,10.6,0.7,OSM-342464031,не указана,2022,105,none,,Зерноград,222.3
2022-04-16,,,,10.3,0.2,OSM-342464031,не указана,2022,106,none,,Зерноград,222.3
2022-04-17,,,,14.0,0.0,OSM-342464031,не указана,2022,107,none,,Зерноград,222.3
2022-04-18,,,,14.7,0.0,OSM-342464031,не указана,2022,108,none,,Зерноград,222.3
2022-04-19,,,,15.9,5.8,OSM-342464031,не указана,2022,109,none,,Зерноград,222.3
2022-04-20,,,,10.4,13.3,OSM-342464031,не указана,2022,110,none,,Зерноград,222.3
2022-04-21,,,,9.9,4.5,OSM-342464031,не указана,2022,111,none,,Зерноград,222.3
2022-04-22,,,,8.8,1.1,OSM-342464031,не указана,2022,112,none,,Зерноград,222.3
2022-04-23,,,0.6494,11.9,0.3,OSM-342464031,не указана,2022,113,modis,0.6494,Зерноград,222.3
2022-04-24,,,,14.1,0.7,OSM-342464031,не указана,2022,114,none,,Зерноград,222.3
2022-04-25,,,,15.6,0.0,OSM-342464031,не указана,2022,115,none,,Зерноград,222.3
2022-04-26,,,,19.4,0.0,OSM-342464031,не указана,2022,116,none,,Зерноград,222.3
2022-04-27,,,,18.0,0.1,OSM-342464031,не указана,2022,117,none,,Зерноград,222.3
2022-04-28,,,,15.9,0.0,OSM-342464031,не указана,2022,118,none,,Зерноград,222.3
2022-04-29,,,,15.3,0.2,OSM-342464031,не указана,2022,119,none,,Зерноград,222.3
2022-04-30,,,,13.1,0.7,OSM-342464031,не указана,2022,120,none,,Зерноград,222.3
2022-05-01,,,,13.3,0.2,OSM-342464031,не указана,2022,121,none,,Зерноград,222.3
2022-05-02,,,,9.5,1.1,OSM-342464031,не указана,2022,122,none,,Зерноград,222.3
2022-05-03,,,,9.3,0.0,OSM-342464031,не указана,2022,123,none,,Зерноград,222.3
2022-05-04,,,,13.3,0.7,OSM-342464031,не указана,2022,124,none,,Зерноград,222.3
2022-05-05,,,,12.1,13.3,OSM-342464031,не указана,2022,125,none,,Зерноград,222.3
2022-05-06,,,,10.2,0.0,OSM-342464031,не указана,2022,126,none,,Зерноград,222.3
2022-05-07,,,,10.5,0.0,OSM-342464031,не указана,2022,127,none,,Зерноград,222.3
2022-05-08,,,,12.0,0.0,OSM-342464031,не указана,2022,128,none,,Зерноград,222.3
2022-05-09,,,0.3038,14.3,0.0,OSM-342464031,не указана,2022,129,modis,0.3038,Зерноград,222.3
2022-05-10,,,,10.5,0.4,OSM-342464031,не указана,2022,130,none,,Зерноград,222.3
2022-05-11,,,,11.4,0.6,OSM-342464031,не указана,2022,131,none,,Зерноград,222.3
2022-05-12,,,,15.2,0.0,OSM-342464031,не указана,2022,132,none,,Зерноград,222.3
2022-05-13,,,,16.7,0.0,OSM-342464031,не указана,2022,133,none,,Зерноград,222.3
2022-05-14,,,,16.2,0.6,OSM-342464031,не указана,2022,134,none,,Зерноград,222.3
2022-05-15,,,,16.3,0.1,OSM-342464031,не указана,2022,135,none,,Зерноград,222.3
2022-05-16,,,,16.0,0.0,OSM-342464031,не указана,2022,136,none,,Зерноград,222.3
2022-05-17,,,,14.8,1.4,OSM-342464031,не указана,2022,137,none,,Зерноград,222.3
2022-05-18,,,,13.5,15.0,OSM-342464031,не указана,2022,138,none,,Зерноград,222.3
2022-05-19,,,,13.3,6.2,OSM-342464031,не указана,2022,139,none,,Зерноград,222.3
2022-05-20,,,,15.1,2.7,OSM-342464031,не указана,2022,140,none,,Зерноград,222.3
2022-05-21,,,,16.5,0.4,OSM-342464031,не указана,2022,141,none,,Зерноград,222.3
2022-05-22,,,,14.1,11.4,OSM-342464031,не указана,2022,142,none,,Зерноград,222.3
2022-05-23,,,,13.6,0.3,OSM-342464031,не указана,2022,143,none,,Зерноград,222.3
2022-05-24,,,,13.4,0.2,OSM-342464031,не указана,2022,144,none,,Зерноград,222.3
2022-05-25,,,0.6739,15.4,0.0,OSM-342464031,не указана,2022,145,modis,0.6739,Зерноград,222.3
2022-05-26,,,,17.1,1.0,OSM-342464031,не указана,2022,146,none,,Зерноград,222.3
2022-05-27,,,,17.7,0.3,OSM-342464031,не указана,2022,147,none,,Зерноград,222.3
2022-05-28,,,,19.1,0.0,OSM-342464031,не указана,2022,148,none,,Зерноград,222.3
2022-05-29,,,,21.9,0.0,OSM-342464031,не указана,2022,149,none,,Зерноград,222.3
2022-05-30,,,,23.8,0.0,OSM-342464031,не указана,2022,150,none,,Зерноград,222.3
2022-05-31,,,,26.8,0.0,OSM-342464031,не указана,2022,151,none,,Зерноград,222.3
2022-06-01,,,,26.1,0.0,OSM-342464031,не указана,2022,152,none,,Зерноград,222.3
2022-06-02,,,,26.4,0.0,OSM-342464031,не указана,2022,153,none,,Зерноград,222.3
2022-06-03,,,,25.8,0.0,OSM-342464031,не указана,2022,154,none,,Зерноград,222.3
2022-06-04,,,,26.1,0.0,OSM-342464031,не указана,2022,155,none,,Зерноград,222.3
2022-06-05,,,,26.1,0.0,OSM-342464031,не указана,2022,156,none,,Зерноград,222.3
2022-06-06,,,,22.1,0.0,OSM-342464031,не указана,2022,157,none,,Зерноград,222.3
2022-06-07,,,,21.0,0.0,OSM-342464031,не указана,2022,158,none,,Зерноград,222.3
2022-06-08,,,,22.7,0.0,OSM-342464031,не указана,2022,159,none,,Зерноград,222.3
2022-06-09,,,,23.5,0.0,OSM-342464031,не указана,2022,160,none,,Зерноград,222.3
2022-06-10,,,0.6499,24.4,0.0,OSM-342464031,не указана,2022,161,modis,0.6499,Зерноград,222.3
2022-06-11,,,,24.7,0.0,OSM-342464031,не указана,2022,162,none,,Зерноград,222.3
2022-06-12,,,,26.4,0.0,OSM-342464031,не указана,2022,163,none,,Зерноград,222.3
2022-06-13,,,,25.9,0.0,OSM-342464031,не указана,2022,164,none,,Зерноград,222.3
2022-06-14,,,,23.5,0.9,OSM-342464031,не указана,2022,165,none,,Зерноград,222.3
2022-06-15,,,,21.8,1.5,OSM-342464031,не указана,2022,166,none,,Зерноград,222.3
2022-06-16,,,,20.7,0.6,OSM-342464031,не указана,2022,167,none,,Зерноград,222.3
2022-06-17,,,,21.3,0.0,OSM-342464031,не указана,2022,168,none,,Зерноград,222.3
2022-06-18,,,,22.8,0.0,OSM-342464031,не указана,2022,169,none,,Зерноград,222.3
2022-06-19,,,,24.4,0.0,OSM-342464031,не указана,2022,170,none,,Зерноград,222.3
2022-06-20,,0.6508,,25.8,0.0,OSM-342464031,не указана,2022,171,landsat,0.6508,Зерноград,222.3
2022-06-21,,,,25.9,1.4,OSM-342464031,не указана,2022,172,none,,Зерноград,222.3
2022-06-22,,,,22.5,4.6,OSM-342464031,не указана,2022,173,none,,Зерноград,222.3
2022-06-23,,,,19.1,1.6,OSM-342464031,не указана,2022,174,none,,Зерноград,222.3
2022-06-24,,,,19.3,0.9,OSM-342464031,не указана,2022,175,none,,Зерноград,222.3
2022-06-25,,,,20.7,0.5,OSM-342464031,не указана,2022,176,none,,Зерноград,222.3
2022-06-26,,,0.7545000000000001,23.3,1.8,OSM-342464031,не указана,2022,177,modis,0.7545000000000001,Зерноград,222.3
2022-06-27,,,,22.5,11.6,OSM-342464031,не указана,2022,178,none,,Зерноград,222.3
2022-06-28,,,,19.3,8.6,OSM-342464031,не указана,2022,179,none,,Зерноград,222.3
2022-06-29,,,,23.0,0.2,OSM-342464031,не указана,2022,180,none,,Зерноград,222.3
2022-06-30,,,,22.0,0.0,OSM-342464031,не указана,2022,181,none,,Зерноград,222.3
2022-07-01,,,,22.8,0.0,OSM-342464031,не указана,2022,182,none,,Зерноград,222.3
2022-07-02,,,,19.3,0.0,OSM-342464031,не указана,2022,183,none,,Зерноград,222.3
2022-07-03,,,,21.0,0.0,OSM-342464031,не указана,2022,184,none,,Зерноград,222.3
2022-07-04,,,,23.8,0.0,OSM-342464031,не указана,2022,185,none,,Зерноград,222.3
2022-07-05,,0.3363,,25.2,0.1,OSM-342464031,не указана,2022,186,landsat,0.3363,Зерноград,222.3
2022-07-06,,0.3062,,25.6,0.0,OSM-342464031,не указана,2022,187,landsat,0.3062,Зерноград,222.3
2022-07-07,,,,25.3,0.0,OSM-342464031,не указана,2022,188,none,,Зерноград,222.3
2022-07-08,,,,26.0,0.0,OSM-342464031,не указана,2022,189,none,,Зерноград,222.3
2022-07-09,,,,28.7,0.0,OSM-342464031,не указана,2022,190,none,,Зерноград,222.3
2022-07-10,,,,28.8,0.6,OSM-342464031,не указана,2022,191,none,,Зерноград,222.3
2022-07-11,,,,23.0,23.0,OSM-342464031,не указана,2022,192,none,,Зерноград,222.3
2022-07-12,,0.2176,0.7342000000000001,24.2,0.0,OSM-342464031,не указана,2022,193,landsat,0.2176,Зерноград,222.3
2022-07-13,,,,24.0,0.2,OSM-342464031,не указана,2022,194,none,,Зерноград,222.3
2022-07-14,,0.2968,,23.2,0.0,OSM-342464031,не указана,2022,195,landsat,0.2968,Зерноград,222.3
2022-07-15,,,,23.1,0.0,OSM-342464031,не указана,2022,196,none,,Зерноград,222.3
2022-07-16,,,,22.7,1.6,OSM-342464031,не указана,2022,197,none,,Зерноград,222.3
2022-07-17,,0.249,,25.9,0.0,OSM-342464031,не указана,2022,198,landsat,0.249,Зерноград,222.3
2022-07-18,,,,24.8,0.0,OSM-342464031,не указана,2022,199,none,,Зерноград,222.3
2022-07-19,,,,22.1,0.0,OSM-342464031,не указана,2022,200,none,,Зерноград,222.3
2022-07-20,,,,23.6,0.0,OSM-342464031,не указана,2022,201,none,,Зерноград,222.3
2022-07-21,,0.2412,,22.2,0.8,OSM-342464031,не указана,2022,202,landsat,0.2412,Зерноград,222.3
2022-07-22,,0.7875,,20.1,5.7,OSM-342464031,не указана,2022,203,landsat,0.7875,Зерноград,222.3
2022-07-23,,,,18.8,5.8,OSM-342464031,не указана,2022,204,none,,Зерноград,222.3
2022-07-24,,,,21.2,0.1,OSM-342464031,не указана,2022,205,none,,Зерноград,222.3
2022-07-25,,,,23.2,0.2,OSM-342464031,не указана,2022,206,none,,Зерноград,222.3
2022-07-26,,,,21.8,6.8,OSM-342464031,не указана,2022,207,none,,Зерноград,222.3
2022-07-27,,,,21.7,0.2,OSM-342464031,не указана,2022,208,none,,Зерноград,222.3
2022-07-28,,,0.5242,24.6,0.3,OSM-342464031,не указана,2022,209,modis,0.5242,Зерноград,222.3
2022-07-29,,0.2585,,27.3,0.0,OSM-342464031,не указана,2022,210,landsat,0.2585,Зерноград,222.3
2022-07-30,,,,27.3,0.0,OSM-342464031,не указана,2022,211,none,,Зерноград,222.3
2022-07-31,,,,27.5,0.1,OSM-342464031,не указана,2022,212,none,,Зерноград,222.3
2022-08-01,,,,29.0,0.0,OSM-342464031,не указана,2022,213,none,,Зерноград,222.3
2022-08-02,,,,24.1,12.3,OSM-342464031,не указана,2022,214,none,,Зерноград,222.3
2022-08-03,,,,24.5,0.1,OSM-342464031,не указана,2022,215,none,,Зерноград,222.3
2022-08-04,,,,26.1,1.3,OSM-342464031,не указана,2022,216,none,,Зерноград,222.3
2022-08-05,,,,24.5,38.4,OSM-342464031,не указана,2022,217,none,,Зерноград,222.3
2022-08-06,,,,25.9,1.0,OSM-342464031,не указана,2022,218,none,,Зерноград,222.3
2022-08-07,,0.2604,,26.1,0.0,OSM-342464031,не указана,2022,219,landsat,0.2604,Зерноград,222.3
2022-08-08,,,,26.5,0.0,OSM-342464031,не указана,2022,220,none,,Зерноград,222.3
2022-08-09,,,,26.8,0.0,OSM-342464031,не указана,2022,221,none,,Зерноград,222.3
2022-08-10,,,,28.2,0.0,OSM-342464031,не указана,2022,222,none,,Зерноград,222.3
2022-08-11,,,,29.3,0.0,OSM-342464031,не указана,2022,223,none,,Зерноград,222.3
2022-08-12,,,,28.3,3.3,OSM-342464031,не указана,2022,224,none,,Зерноград,222.3
2022-08-13,,,0.4213,28.7,0.0,OSM-342464031,не указана,2022,225,modis,0.4213,Зерноград,222.3
2022-08-14,,,,29.9,0.0,OSM-342464031,не указана,2022,226,none,,Зерноград,222.3
2022-08-15,,0.2489,,31.1,0.0,OSM-342464031,не указана,2022,227,landsat,0.2489,Зерноград,222.3
2022-08-16,,,,29.2,0.1,OSM-342464031,не указана,2022,228,none,,Зерноград,222.3
2022-08-17,,,,27.8,0.0,OSM-342464031,не указана,2022,229,none,,Зерноград,222.3
2022-08-18,,,,24.7,19.0,OSM-342464031,не указана,2022,230,none,,Зерноград,222.3
2022-08-19,,,,24.9,6.1,OSM-342464031,не указана,2022,231,none,,Зерноград,222.3
2022-08-20,,,,24.0,2.4,OSM-342464031,не указана,2022,232,none,,Зерноград,222.3
2022-08-21,,,,25.3,0.0,OSM-342464031,не указана,2022,233,none,,Зерноград,222.3
2022-08-22,,,,25.9,0.0,OSM-342464031,не указана,2022,234,none,,Зерноград,222.3
2022-08-23,,,,27.1,0.0,OSM-342464031,не указана,2022,235,none,,Зерноград,222.3
2022-08-24,,,,26.8,0.0,OSM-342464031,не указана,2022,236,none,,Зерноград,222.3
2022-08-25,,,,26.8,0.0,OSM-342464031,не указана,2022,237,none,,Зерноград,222.3
2022-08-26,,,,26.6,0.0,OSM-342464031,не указана,2022,238,none,,Зерноград,222.3
2022-08-27,,,,27.2,0.0,OSM-342464031,не указана,2022,239,none,,Зерноград,222.3
2022-08-28,,,,27.6,0.0,OSM-342464031,не указана,2022,240,none,,Зерноград,222.3
2022-08-29,,,0.3196,26.1,0.0,OSM-342464031,не указана,2022,241,modis,0.3196,Зерноград,222.3
2022-08-30,,,,26.8,0.0,OSM-342464031,не указана,2022,242,none,,Зерноград,222.3
2022-08-31,,0.2074,,27.7,0.0,OSM-342464031,не указана,2022,243,landsat,0.2074,Зерноград,222.3
2022-09-01,,,,27.5,0.0,OSM-342464031,не указана,2022,244,none,,Зерноград,222.3
2022-09-02,,,,23.0,0.0,OSM-342464031,не указана,2022,245,none,,Зерноград,222.3
2022-09-03,,,,22.4,0.3,OSM-342464031,не указана,2022,246,none,,Зерноград,222.3
2022-09-04,,,,19.0,1.4,OSM-342464031,не указана,2022,247,none,,Зерноград,222.3
2022-09-05,,,,15.0,0.0,OSM-342464031,не указана,2022,248,none,,Зерноград,222.3
2022-09-06,,,,15.6,0.0,OSM-342464031,не указана,2022,249,none,,Зерноград,222.3
2022-09-07,,0.2378,,14.5,0.0,OSM-342464031,не указана,2022,250,landsat,0.2378,Зерноград,222.3
2022-09-08,,0.1916,,15.3,0.0,OSM-342464031,не указана,2022,251,landsat,0.1916,Зерноград,222.3
2022-09-09,,,,16.5,0.0,OSM-342464031,не указана,2022,252,none,,Зерноград,222.3
2022-09-10,,,,15.0,0.0,OSM-342464031,не указана,2022,253,none,,Зерноград,222.3
2022-09-11,,,,17.7,0.8,OSM-342464031,не указана,2022,254,none,,Зерноград,222.3
2022-09-12,,,,18.5,11.0,OSM-342464031,не указана,2022,255,none,,Зерноград,222.3
2022-09-13,,,,18.2,5.5,OSM-342464031,не указана,2022,256,none,,Зерноград,222.3
2022-09-14,,,0.2965,16.1,1.3,OSM-342464031,не указана,2022,257,modis,0.2965,Зерноград,222.3
2022-09-15,,,,18.9,0.2,OSM-342464031,не указана,2022,258,none,,Зерноград,222.3
2022-09-16,,,,21.7,6.2,OSM-342464031,не указана,2022,259,none,,Зерноград,222.3
2022-09-17,,,,21.2,0.6,OSM-342464031,не указана,2022,260,none,,Зерноград,222.3
2022-09-18,,,,25.5,0.0,OSM-342464031,не указана,2022,261,none,,Зерноград,222.3
2022-09-19,,,,17.4,2.6,OSM-342464031,не указана,2022,262,none,,Зерноград,222.3
2022-09-20,,,,17.7,0.1,OSM-342464031,не указана,2022,263,none,,Зерноград,222.3
2022-09-21,,,,17.9,0.3,OSM-342464031,не указана,2022,264,none,,Зерноград,222.3
2022-09-22,,,,14.4,2.6,OSM-342464031,не указана,2022,265,none,,Зерноград,222.3
2022-09-23,,,,13.2,18.3,OSM-342464031,не указана,2022,266,none,,Зерноград,222.3
2022-09-24,,,,11.6,2.7,OSM-342464031,не указана,2022,267,none,,Зерноград,222.3
2022-09-25,,,,12.8,0.0,OSM-342464031,не указана,2022,268,none,,Зерноград,222.3
2022-09-26,,,,15.0,0.0,OSM-342464031,не указана,2022,269,none,,Зерноград,222.3
2022-09-27,,,,17.5,0.0,OSM-342464031,не указана,2022,270,none,,Зерноград,222.3
2022-09-28,,,,17.1,1.9,OSM-342464031,не указана,2022,271,none,,Зерноград,222.3
2022-09-29,,,,17.7,0.9,OSM-342464031,не указана,2022,272,none,,Зерноград,222.3
2022-09-30,,,0.3652,17.9,0.0,OSM-342464031,не указана,2022,273,modis,0.3652,Зерноград,222.3
2022-10-01,,0.2026,,19.4,0.0,OSM-342464031,не указана,2022,274,landsat,0.2026,Зерноград,222.3
2022-10-02,,,,20.5,1.6,OSM-342464031,не указана,2022,275,none,,Зерноград,222.3
2022-10-03,,,,14.9,1.6,OSM-342464031,не указана,2022,276,none,,Зерноград,222.3
2022-10-04,,,,14.7,0.6,OSM-342464031,не указана,2022,277,none,,Зерноград,222.3
2022-10-05,,,,12.6,0.0,OSM-342464031,не указана,2022,278,none,,Зерноград,222.3
2022-10-06,,,,12.0,0.0,OSM-342464031,не указана,2022,279,none,,Зерноград,222.3
2022-10-07,,,,13.3,0.0,OSM-342464031,не указана,2022,280,none,,Зерноград,222.3
2022-10-08,,,,15.4,0.0,OSM-342464031,не указана,2022,281,none,,Зерноград,222.3
2022-10-09,,,,15.8,2.5,OSM-342464031,не указана,2022,282,none,,Зерноград,222.3
2022-10-10,,,,14.3,1.0,OSM-342464031,не указана,2022,283,none,,Зерноград,222.3
2022-10-11,,,,10.8,5.6,OSM-342464031,не указана,2022,284,none,,Зерноград,222.3
2022-10-12,,,,11.1,0.0,OSM-342464031,не указана,2022,285,none,,Зерноград,222.3
2022-10-13,,,,10.8,0.0,OSM-342464031,не указана,2022,286,none,,Зерноград,222.3
2022-10-14,,,,10.1,0.0,OSM-342464031,не указана,2022,287,none,,Зерноград,222.3
2022-10-15,,,,8.5,0.0,OSM-342464031,не указана,2022,288,none,,Зерноград,222.3
2022-10-16,,,0.1036,10.3,0.0,OSM-342464031,не указана,2022,289,modis,0.1036,Зерноград,222.3
2022-10-17,,0.205,,9.4,0.0,OSM-342464031,не указана,2022,290,landsat,0.205,Зерноград,222.3
2022-10-18,,0.2075,,9.8,0.0,OSM-342464031,не указана,2022,291,landsat,0.2075,Зерноград,222.3
2022-10-19,,,,11.5,0.0,OSM-342464031,не указана,2022,292,none,,Зерноград,222.3
2022-10-20,,,,9.8,2.0,OSM-342464031,не указана,2022,293,none,,Зерноград,222.3
2022-10-21,,,,7.3,0.6,OSM-342464031,не указана,2022,294,none,,Зерноград,222.3
2022-10-22,,,,6.7,0.1,OSM-342464031,не указана,2022,295,none,,Зерноград,222.3
2022-10-23,,,,9.9,1.6,OSM-342464031,не указана,2022,296,none,,Зерноград,222.3
2022-10-24,,,,10.2,5.8,OSM-342464031,не указана,2022,297,none,,Зерноград,222.3
2022-10-25,,,,9.3,0.0,OSM-342464031,не указана,2022,298,none,,Зерноград,222.3
2022-10-26,,,,11.1,4.2,OSM-342464031,не указана,2022,299,none,,Зерноград,222.3
2022-10-27,,,,11.2,0.9,OSM-342464031,не указана,2022,300,none,,Зерноград,222.3
2022-10-28,,,,8.3,0.1,OSM-342464031,не указана,2022,301,none,,Зерноград,222.3
2022-10-29,,,,8.3,0.0,OSM-342464031,не указана,2022,302,none,,Зерноград,222.3
2022-10-30,,,,11.2,6.5,OSM-342464031,не указана,2022,303,none,,Зерноград,222.3
2022-10-31,,,,7.8,1.4,OSM-342464031,не указана,2022,304,none,,Зерноград,222.3
2022-11-01,,,0.4014,4.2,0.0,OSM-342464031,не указана,2022,305,modis,0.4014,Зерноград,222.3
2022-11-02,,,,6.0,1.6,OSM-342464031,не указана,2022,306,none,,Зерноград,222.3
2022-11-03,,0.2615,,6.3,0.4,OSM-342464031,не указана,2022,307,landsat,0.2615,Зерноград,222.3
2022-11-04,,,,6.4,4.2,OSM-342464031,не указана,2022,308,none,,Зерноград,222.3
2022-11-05,,,,5.2,1.0,OSM-342464031,не указана,2022,309,none,,Зерноград,222.3
2022-11-06,,,,3.7,0.0,OSM-342464031,не указана,2022,310,none,,Зерноград,222.3
2022-11-07,,,,3.5,0.0,OSM-342464031,не указана,2022,311,none,,Зерноград,222.3
2022-11-08,,,,5.1,0.0,OSM-342464031,не указана,2022,312,none,,Зерноград,222.3
2022-11-09,,,,6.0,0.0,OSM-342464031,не указана,2022,313,none,,Зерноград,222.3
2022-11-10,,,,7.2,0.0,OSM-342464031,не указана,2022,314,none,,Зерноград,222.3
2022-11-11,,,,6.8,0.0,OSM-342464031,не указана,2022,315,none,,Зерноград,222.3
2022-11-12,,,,6.0,0.0,OSM-342464031,не указана,2022,316,none,,Зерноград,222.3
2022-11-13,,,,7.7,0.9,OSM-342464031,не указана,2022,317,none,,Зерноград,222.3
2022-11-14,,,,5.5,0.0,OSM-342464031,не указана,2022,318,none,,Зерноград,222.3
2022-11-15,,,,0.7,0.0,OSM-342464031,не указана,2022,319,none,,Зерноград,222.3
2022-11-16,,,,2.5,0.1,OSM-342464031,не указана,2022,320,none,,Зерноград,222.3
2022-11-17,,,0.3585,9.8,3.1,OSM-342464031,не указана,2022,321,modis,0.3585,Зерноград,222.3
2022-11-18,,,,7.9,3.2,OSM-342464031,не указана,2022,322,none,,Зерноград,222.3
2022-11-19,,,,11.2,8.8,OSM-342464031,не указана,2022,323,none,,Зерноград,222.3
2022-11-20,,,,8.7,0.1,OSM-342464031,не указана,2022,324,none,,Зерноград,222.3
2022-11-21,,,,13.6,0.6,OSM-342464031,не указана,2022,325,none,,Зерноград,222.3
2022-11-22,,,,12.4,6.5,OSM-342464031,не указана,2022,326,none,,Зерноград,222.3
2022-11-23,,,,5.5,0.0,OSM-342464031,не указана,2022,327,none,,Зерноград,222.3
2022-11-24,,,,7.2,0.0,OSM-342464031,не указана,2022,328,none,,Зерноград,222.3
2022-11-25,,,,6.9,0.1,OSM-342464031,не указана,2022,329,none,,Зерноград,222.3
2022-11-26,,,,5.2,0.1,OSM-342464031,не указана,2022,330,none,,Зерноград,222.3
2022-11-27,,,,3.8,0.0,OSM-342464031,не указана,2022,331,none,,Зерноград,222.3
2022-11-28,,,,1.2,0.0,OSM-342464031,не указана,2022,332,none,,Зерноград,222.3
2022-11-29,,,,-1.6,0.0,OSM-342464031,не указана,2022,333,none,,Зерноград,222.3
2022-11-30,,,,-1.5,0.0,OSM-342464031,не указана,2022,334,none,,Зерноград,222.3
2022-12-01,,,,-1.2,0.0,OSM-342464031,не указана,2022,335,none,,Зерноград,222.3
2022-12-02,,,,-1.2,0.0,OSM-342464031,не указана,2022,336,none,,Зерноград,222.3
2022-12-03,,,0.3553,-4.2,0.0,OSM-342464031,не указана,2022,337,modis,0.3553,Зерноград,222.3
2022-12-04,,,,-7.7,0.0,OSM-342464031,не указана,2022,338,none,,Зерноград,222.3
2022-12-05,,0.2555,,-5.7,0.0,OSM-342464031,не указана,2022,339,landsat,0.2555,Зерноград,222.3
2022-12-06,,,,-5.7,0.0,OSM-342464031,не указана,2022,340,none,,Зерноград,222.3
2022-12-07,,,,-4.2,0.1,OSM-342464031,не указана,2022,341,none,,Зерноград,222.3
2022-12-08,,,,0.0,0.0,OSM-342464031,не указана,2022,342,none,,Зерноград,222.3
2022-12-09,,,,1.4,0.1,OSM-342464031,не указана,2022,343,none,,Зерноград,222.3
2022-12-10,,,,2.4,0.1,OSM-342464031,не указана,2022,344,none,,Зерноград,222.3
2022-12-11,,,,4.3,0.3,OSM-342464031,не указана,2022,345,none,,Зерноград,222.3
2022-12-12,,,,4.9,0.3,OSM-342464031,не указана,2022,346,none,,Зерноград,222.3
2022-12-13,,,,3.5,6.3,OSM-342464031,не указана,2022,347,none,,Зерноград,222.3
2022-12-14,,,,-0.8,0.3,OSM-342464031,не указана,2022,348,none,,Зерноград,222.3
2022-12-15,,,,-0.3,2.4,OSM-342464031,не указана,2022,349,none,,Зерноград,222.3
2022-12-16,,,,3.6,2.0,OSM-342464031,не указана,2022,350,none,,Зерноград,222.3
2022-12-17,,,,6.9,0.6,OSM-342464031,не указана,2022,351,none,,Зерноград,222.3
2022-12-18,,,,7.1,1.3,OSM-342464031,не указана,2022,352,none,,Зерноград,222.3
2022-12-19,,,0.3019,-2.6,0.0,OSM-342464031,не указана,2022,353,modis,0.3019,Зерноград,222.3
2022-12-20,,0.3021,,-4.2,0.0,OSM-342464031,не указана,2022,354,landsat,0.3021,Зерноград,222.3
2022-12-21,,,,-2.5,0.0,OSM-342464031,не указана,2022,355,none,,Зерноград,222.3
2022-12-22,,,,0.6,0.0,OSM-342464031,не указана,2022,356,none,,Зерноград,222.3
2022-12-23,,,,0.5,0.0,OSM-342464031,не указана,2022,357,none,,Зерноград,222.3
2022-12-24,,,,1.0,0.0,OSM-342464031,не указана,2022,358,none,,Зерноград,222.3
2022-12-25,,,,1.1,1.2,OSM-342464031,не указана,2022,359,none,,Зерноград,222.3
2022-12-26,,,,1.3,2.4,OSM-342464031,не указана,2022,360,none,,Зерноград,222.3
2022-12-27,,,,2.5,9.5,OSM-342464031,не указана,2022,361,none,,Зерноград,222.3
2022-12-28,,,,3.6,10.5,OSM-342464031,не указана,2022,362,none,,Зерноград,222.3
2022-12-29,,,,0.9,0.0,OSM-342464031,не указана,2022,363,none,,Зерноград,222.3
2022-12-30,,,,3.1,0.0,OSM-342464031,не указана,2022,364,none,,Зерноград,222.3
2022-12-31,,,,5.0,0.0,OSM-342464031,не указана,2022,365,none,,Зерноград,222.3
2023-01-01,,,0.3019,6.3,0.0,OSM-342464031,не указана,2023,1,modis,0.3019,Зерноград,222.3
2023-01-02,,,,7.8,0.0,OSM-342464031,не указана,2023,2,none,,Зерноград,222.3
2023-01-03,,,,7.1,0.0,OSM-342464031,не указана,2023,3,none,,Зерноград,222.3
2023-01-04,,,,5.2,0.0,OSM-342464031,не указана,2023,4,none,,Зерноград,222.3
2023-01-05,,,,3.1,3.6,OSM-342464031,не указана,2023,5,none,,Зерноград,222.3
2023-01-06,,,,4.9,11.7,OSM-342464031,не указана,2023,6,none,,Зерноград,222.3
2023-01-07,,,,-11.0,0.0,OSM-342464031,не указана,2023,7,none,,Зерноград,222.3
2023-01-08,,,,-13.9,0.0,OSM-342464031,не указана,2023,8,none,,Зерноград,222.3
2023-01-09,,,,-11.2,0.0,OSM-342464031,не указана,2023,9,none,,Зерноград,222.3
2023-01-10,,,,-11.5,0.0,OSM-342464031,не указана,2023,10,none,,Зерноград,222.3
2023-01-11,,,,-7.4,0.0,OSM-342464031,не указана,2023,11,none,,Зерноград,222.3
2023-01-12,,,,-0.9,0.0,OSM-342464031,не указана,2023,12,none,,Зерноград,222.3
2023-01-13,,,,0.7,0.0,OSM-342464031,не указана,2023,13,none,,Зерноград,222.3
2023-01-14,,,,0.4,0.1,OSM-342464031,не указана,2023,14,none,,Зерноград,222.3
2023-01-15,,,,-0.1,0.0,OSM-342464031,не указана,2023,15,none,,Зерноград,222.3
2023-01-16,,,,-0.5,0.0,OSM-342464031,не указана,2023,16,none,,Зерноград,222.3
2023-01-17,,,0.2753,1.2,0.0,OSM-342464031,не указана,2023,17,modis,0.2753,Зерноград,222.3
2023-01-18,,,,1.6,0.0,OSM-342464031,не указана,2023,18,none,,Зерноград,222.3
2023-01-19,,,,2.4,0.0,OSM-342464031,не указана,2023,19,none,,Зерноград,222.3
2023-01-20,,,,1.0,0.0,OSM-342464031,не указана,2023,20,none,,Зерноград,222.3
2023-01-21,,,,0.9,0.0,OSM-342464031,не указана,2023,21,none,,Зерноград,222.3
2023-01-22,,,,0.8,0.0,OSM-342464031,не указана,2023,22,none,,Зерноград,222.3
2023-01-23,,,,-0.6,0.0,OSM-342464031,не указана,2023,23,none,,Зерноград,222.3
2023-01-24,,,,-1.1,0.0,OSM-342464031,не указана,2023,24,none,,Зерноград,222.3
2023-01-25,,,,-1.4,0.0,OSM-342464031,не указана,2023,25,none,,Зерноград,222.3
2023-01-26,,,,-2.4,0.0,OSM-342464031,не указана,2023,26,none,,Зерноград,222.3
2023-01-27,,,,-2.4,0.0,OSM-342464031,не указана,2023,27,none,,Зерноград,222.3
2023-01-28,,,,-0.7,0.0,OSM-342464031,не указана,2023,28,none,,Зерноград,222.3
2023-01-29,,,,0.6,0.5,OSM-342464031,не указана,2023,29,none,,Зерноград,222.3
2023-01-30,,,,1.2,0.0,OSM-342464031,не указана,2023,30,none,,Зерноград,222.3
2023-01-31,,,,1.4,0.6,OSM-342464031,не указана,2023,31,none,,Зерноград,222.3
2023-02-01,,,,0.6,2.8,OSM-342464031,не указана,2023,32,none,,Зерноград,222.3
2023-02-02,,,0.2593,-1.7,0.2,OSM-342464031,не указана,2023,33,modis,0.2593,Зерноград,222.3
2023-02-03,,,,-0.7,3.1,OSM-342464031,не указана,2023,34,none,,Зерноград,222.3
2023-02-04,,,,-0.1,0.3,OSM-342464031,не указана,2023,35,none,,Зерноград,222.3
2023-02-05,,,,-0.4,0.0,OSM-342464031,не указана,2023,36,none,,Зерноград,222.3
2023-02-06,,,,-3.5,0.0,OSM-342464031,не указана,2023,37,none,,Зерноград,222.3
2023-02-07,,,,-5.8,3.5,OSM-342464031,не указана,2023,38,none,,Зерноград,222.3
2023-02-08,,,,-6.3,0.0,OSM-342464031,не указана,2023,39,none,,Зерноград,222.3
2023-02-09,,,,-7.5,0.0,OSM-342464031,не указана,2023,40,none,,Зерноград,222.3
2023-02-10,,,,-8.6,0.0,OSM-342464031,не указана,2023,41,none,,Зерноград,222.3
2023-02-11,,,,-5.3,0.0,OSM-342464031,не указана,2023,42,none,,Зерноград,222.3
2023-02-12,,,,-2.1,2.9,OSM-342464031,не указана,2023,43,none,,Зерноград,222.3
2023-02-13,,,,-3.8,0.5,OSM-342464031,не указана,2023,44,none,,Зерноград,222.3
2023-02-14,,,,-0.8,8.2,OSM-342464031,не указана,2023,45,none,,Зерноград,222.3
2023-02-15,,,,-4.7,0.6,OSM-342464031,не указана,2023,46,none,,Зерноград,222.3
2023-02-16,,,,-6.7,0.2,OSM-342464031,не указана,2023,47,none,,Зерноград,222.3
2023-02-17,,,,-5.3,10.3,OSM-342464031,не указана,2023,48,none,,Зерноград,222.3
2023-02-18,,,0.2619,0.1,7.2,OSM-342464031,не указана,2023,49,modis,0.2619,Зерноград,222.3
2023-02-19,,,,1.2,1.1,OSM-342464031,не указана,2023,50,none,,Зерноград,222.3
2023-02-20,,,,-0.5,5.4,OSM-342464031,не указана,2023,51,none,,Зерноград,222.3
2023-02-21,,,,1.2,7.9,OSM-342464031,не указана,2023,52,none,,Зерноград,222.3
2023-02-22,,,,-2.8,1.3,OSM-342464031,не указана,2023,53,none,,Зерноград,222.3
2023-02-23,,0.2072,,-8.8,0.0,OSM-342464031,не указана,2023,54,landsat,0.2072,Зерноград,222.3
2023-02-24,,,,-4.9,0.0,OSM-342464031,не указана,2023,55,none,,Зерноград,222.3
2023-02-25,,,,2.0,0.0,OSM-342464031,не указана,2023,56,none,,Зерноград,222.3
2023-02-26,,,,10.3,0.0,OSM-342464031,не указана,2023,57,none,,Зерноград,222.3
2023-02-27,,,,9.4,0.0,OSM-342464031,не указана,2023,58,none,,Зерноград,222.3
2023-02-28,,,,5.6,0.0,OSM-342464031,не указана,2023,59,none,,Зерноград,222.3
2023-03-01,,,,1.6,0.1,OSM-342464031,не указана,2023,60,none,,Зерноград,222.3
2023-03-02,,0.22125,,-0.7,0.0,OSM-342464031,не указана,2023,61,landsat,0.22125,Зерноград,222.3
2023-03-03,,,,1.3,0.0,OSM-342464031,не указана,2023,62,none,,Зерноград,222.3
2023-03-04,,,,4.0,0.2,OSM-342464031,не указана,2023,63,none,,Зерноград,222.3
2023-03-05,,,,6.2,1.6,OSM-342464031,не указана,2023,64,none,,Зерноград,222.3
2023-03-06,,,0.3037,1.9,0.0,OSM-342464031,не указана,2023,65,modis,0.3037,Зерноград,222.3
2023-03-07,,,,4.3,0.4,OSM-342464031,не указана,2023,66,none,,Зерноград,222.3
2023-03-08,,,,8.8,1.3,OSM-342464031,не указана,2023,67,none,,Зерноград,222.3
2023-03-09,,,,9.5,0.7,OSM-342464031,не указана,2023,68,none,,Зерноград,222.3
2023-03-10,,,,10.5,5.3,OSM-342464031,не указана,2023,69,none,,Зерноград,222.3
2023-03-11,,,,12.7,0.5,OSM-342464031,не указана,2023,70,none,,Зерноград,222.3
2023-03-12,,,,11.8,7.1,OSM-342464031,не указана,2023,71,none,,Зерноград,222.3
2023-03-13,,,,3.0,0.0,OSM-342464031,не указана,2023,72,none,,Зерноград,222.3
2023-03-14,,,,4.4,0.0,OSM-342464031,не указана,2023,73,none,,Зерноград,222.3
2023-03-15,,,,8.1,0.2,OSM-342464031,не указана,2023,74,none,,Зерноград,222.3
2023-03-16,,,,7.6,0.0,OSM-342464031,не указана,2023,75,none,,Зерноград,222.3
2023-03-17,,,,6.7,1.6,OSM-342464031,не указана,2023,76,none,,Зерноград,222.3
2023-03-18,,,,7.8,0.0,OSM-342464031,не указана,2023,77,none,,Зерноград,222.3
2023-03-19,,,,8.1,0.0,OSM-342464031,не указана,2023,78,none,,Зерноград,222.3
2023-03-20,,,,10.7,0.0,OSM-342464031,не указана,2023,79,none,,Зерноград,222.3
2023-03-21,,,,10.3,0.0,OSM-342464031,не указана,2023,80,none,,Зерноград,222.3
2023-03-22,,0.2072,0.3942,10.2,0.0,OSM-342464031,не указана,2023,81,landsat,0.2072,Зерноград,222.3
2023-03-23,,,,11.2,0.0,OSM-342464031,не указана,2023,82,none,,Зерноград,222.3
2023-03-24,,,,10.8,0.0,OSM-342464031,не указана,2023,83,none,,Зерноград,222.3
2023-03-25,,,,10.0,0.0,OSM-342464031,не указана,2023,84,none,,Зерноград,222.3
2023-03-26,,,,10.7,1.2,OSM-342464031,не указана,2023,85,none,,Зерноград,222.3
2023-03-27,,,,8.1,3.6,OSM-342464031,не указана,2023,86,none,,Зерноград,222.3
2023-03-28,,,,10.4,6.2,OSM-342464031,не указана,2023,87,none,,Зерноград,222.3
2023-03-29,,,,7.1,8.2,OSM-342464031,не указана,2023,88,none,,Зерноград,222.3
2023-03-30,,,,1.3,13.4,OSM-342464031,не указана,2023,89,none,,Зерноград,222.3
2023-03-31,,,,4.6,2.3,OSM-342464031,не указана,2023,90,none,,Зерноград,222.3
2023-04-01,,,,6.3,0.0,OSM-342464031,не указана,2023,91,none,,Зерноград,222.3
2023-04-02,,,,9.5,0.0,OSM-342464031,не указана,2023,92,none,,Зерноград,222.3
2023-04-03,,,,10.6,1.8,OSM-342464031,не указана,2023,93,none,,Зерноград,222.3
2023-04-04,,,,12.3,0.0,OSM-342464031,не указана,2023,94,none,,Зерноград,222.3
2023-04-05,,,,13.5,1.5,OSM-342464031,не указана,2023,95,none,,Зерноград,222.3
2023-04-06,,,,11.5,0.8,OSM-342464031,не указана,2023,96,none,,Зерноград,222.3
2023-04-07,,,0.6285000000000001,12.5,1.1,OSM-342464031,не указана,2023,97,modis,0.6285000000000001,Зерноград,222.3
2023-04-08,,,,12.2,5.6,OSM-342464031,не указана,2023,98,none,,Зерноград,222.3
2023-04-09,,,,9.8,4.1,OSM-342464031,не указана,2023,99,none,,Зерноград,222.3
2023-04-10,,,,12.7,0.1,OSM-342464031,не указана,2023,100,none,,Зерноград,222.3
2023-04-11,,0.4353,,14.6,0.6,OSM-342464031,не указана,2023,101,landsat,0.4353,Зерноград,222.3
2023-04-12,,,,14.9,2.0,OSM-342464031,не указана,2023,102,none,,Зерноград,222.3
2023-04-13,,,,11.5,2.7,OSM-342464031,не указана,2023,103,none,,Зерноград,222.3
2023-04-14,,,,9.7,21.7,OSM-342464031,не указана,2023,104,none,,Зерноград,222.3
2023-04-15,,,,5.4,1.0,OSM-342464031,не указана,2023,105,none,,Зерноград,222.3
2023-04-16,,,,6.7,0.0,OSM-342464031,не указана,2023,106,none,,Зерноград,222.3
2023-04-17,,,,9.4,0.0,OSM-342464031,не указана,2023,107,none,,Зерноград,222.3
2023-04-18,,,,10.3,0.6,OSM-342464031,не указана,2023,108,none,,Зерноград,222.3
2023-04-19,,,,10.9,1.0,OSM-342464031,не указана,2023,109,none,,Зерноград,222.3
2023-04-20,,,,11.7,5.9,OSM-342464031,не указана,2023,110,none,,Зерноград,222.3
2023-04-21,,,,11.4,7.7,OSM-342464031,не указана,2023,111,none,,Зерноград,222.3
2023-04-22,,,,10.8,4.0,OSM-342464031,не указана,2023,112,none,,Зерноград,222.3
2023-04-23,,,0.8009000000000001,10.5,0.3,OSM-342464031,не указана,2023,113,modis,0.8009000000000001,Зерноград,222.3
2023-04-24,,,,12.0,2.1,OSM-342464031,не указана,2023,114,none,,Зерноград,222.3
2023-04-25,,,,11.1,3.8,OSM-342464031,не указана,2023,115,none,,Зерноград,222.3
2023-04-26,,,,13.8,0.0,OSM-342464031,не указана,2023,116,none,,Зерноград,222.3
2023-04-27,,0.4911999999999999,,16.1,5.0,OSM-342464031,не указана,2023,117,landsat,0.4911999999999999,Зерноград,222.3
2023-04-28,,,,15.5,14.1,OSM-342464031,не указана,2023,118,none,,Зерноград,222.3
2023-04-29,,,,15.4,7.6,OSM-342464031,не указана,2023,119,none,,Зерноград,222.3
2023-04-30,,,,11.0,1.1,OSM-342464031,не указана,2023,120,none,,Зерноград,222.3
2023-05-01,,,,11.4,1.0,OSM-342464031,не указана,2023,121,none,,Зерноград,222.3
2023-05-02,,,,10.9,0.8,OSM-342464031,не указана,2023,122,none,,Зерноград,222.3
2023-05-03,,,,12.5,0.0,OSM-342464031,не указана,2023,123,none,,Зерноград,222.3
2023-05-04,,,,14.8,0.0,OSM-342464031,не указана,2023,124,none,,Зерноград,222.3
2023-05-05,,0.738,,16.7,0.0,OSM-342464031,не указана,2023,125,landsat,0.738,Зерноград,222.3
2023-05-06,,0.7781,,17.7,0.0,OSM-342464031,не указана,2023,126,landsat,0.7781,Зерноград,222.3
2023-05-07,,,,12.2,3.0,OSM-342464031,не указана,2023,127,none,,Зерноград,222.3
2023-05-08,,,,8.6,14.9,OSM-342464031,не указана,2023,128,none,,Зерноград,222.3
2023-05-09,,,0.8733000000000001,7.8,10.7,OSM-342464031,не указана,2023,129,modis,0.8733000000000001,Зерноград,222.3
2023-05-10,,,,8.5,0.9,OSM-342464031,не указана,2023,130,none,,Зерноград,222.3
2023-05-11,,,,9.0,0.2,OSM-342464031,не указана,2023,131,none,,Зерноград,222.3
2023-05-12,,,,11.9,0.0,OSM-342464031,не указана,2023,132,none,,Зерноград,222.3
2023-05-13,,0.7919,,14.3,0.0,OSM-342464031,не указана,2023,133,landsat,0.7919,Зерноград,222.3
2023-05-14,,,,14.9,0.0,OSM-342464031,не указана,2023,134,none,,Зерноград,222.3
2023-05-15,,,,16.3,0.0,OSM-342464031,не указана,2023,135,none,,Зерноград,222.3
2023-05-16,,,,16.2,0.0,OSM-342464031,не указана,2023,136,none,,Зерноград,222.3
2023-05-17,,,,16.2,0.0,OSM-342464031,не указана,2023,137,none,,Зерноград,222.3
2023-05-18,,,,18.8,0.0,OSM-342464031,не указана,2023,138,none,,Зерноград,222.3
2023-05-19,,,,19.7,0.0,OSM-342464031,не указана,2023,139,none,,Зерноград,222.3
2023-05-20,,,,20.3,0.0,OSM-342464031,не указана,2023,140,none,,Зерноград,222.3
2023-05-21,,,,18.0,0.1,OSM-342464031,не указана,2023,141,none,,Зерноград,222.3
2023-05-22,,,,17.1,0.5,OSM-342464031,не указана,2023,142,none,,Зерноград,222.3
2023-05-23,,,,19.4,5.3,OSM-342464031,не указана,2023,143,none,,Зерноград,222.3
2023-05-24,,,,20.1,3.0,OSM-342464031,не указана,2023,144,none,,Зерноград,222.3
2023-05-25,,,0.8287,19.8,1.2,OSM-342464031,не указана,2023,145,modis,0.8287,Зерноград,222.3
2023-05-26,,,,20.4,4.9,OSM-342464031,не указана,2023,146,none,,Зерноград,222.3
2023-05-27,,,,18.5,3.0,OSM-342464031,не указана,2023,147,none,,Зерноград,222.3
2023-05-28,,,,20.1,0.2,OSM-342464031,не указана,2023,148,none,,Зерноград,222.3
2023-05-29,,,,18.9,4.5,OSM-342464031,не указана,2023,149,none,,Зерноград,222.3
2023-05-30,,,,19.6,0.3,OSM-342464031,не указана,2023,150,none,,Зерноград,222.3
2023-05-31,,,,19.0,13.1,OSM-342464031,не указана,2023,151,none,,Зерноград,222.3
2023-06-01,,,,18.0,7.4,OSM-342464031,не указана,2023,152,none,,Зерноград,222.3
2023-06-02,,,,17.9,14.3,OSM-342464031,не указана,2023,153,none,,Зерноград,222.3
2023-06-03,,,,20.0,0.3,OSM-342464031,не указана,2023,154,none,,Зерноград,222.3
2023-06-04,,,,20.1,0.1,OSM-342464031,не указана,2023,155,none,,Зерноград,222.3
2023-06-05,,,,18.0,0.0,OSM-342464031,не указана,2023,156,none,,Зерноград,222.3
2023-06-06,,0.8715,,17.5,0.0,OSM-342464031,не указана,2023,157,landsat,0.8715,Зерноград,222.3
2023-06-07,,0.8738,,18.4,0.0,OSM-342464031,не указана,2023,158,landsat,0.8738,Зерноград,222.3
2023-06-08,,,,20.0,0.0,OSM-342464031,не указана,2023,159,none,,Зерноград,222.3
2023-06-09,,,,22.3,0.0,OSM-342464031,не указана,2023,160,none,,Зерноград,222.3
2023-06-10,,,0.8008000000000001,22.3,0.0,OSM-342464031,не указана,2023,161,modis,0.8008000000000001,Зерноград,222.3
2023-06-11,,,,21.1,1.5,OSM-342464031,не указана,2023,162,none,,Зерноград,222.3
2023-06-12,,,,18.3,1.4,OSM-342464031,не указана,2023,163,none,,Зерноград,222.3
2023-06-13,,,,20.6,4.9,OSM-342464031,не указана,2023,164,none,,Зерноград,222.3
2023-06-14,,,,21.9,0.1,OSM-342464031,не указана,2023,165,none,,Зерноград,222.3
2023-06-15,,0.8613,,21.3,3.4,OSM-342464031,не указана,2023,166,landsat,0.8613,Зерноград,222.3
2023-06-16,,,,19.8,6.7,OSM-342464031,не указана,2023,167,none,,Зерноград,222.3
2023-06-17,,,,19.8,6.0,OSM-342464031,не указана,2023,168,none,,Зерноград,222.3
2023-06-18,,,,22.1,0.1,OSM-342464031,не указана,2023,169,none,,Зерноград,222.3
2023-06-19,,,,21.4,0.0,OSM-342464031,не указана,2023,170,none,,Зерноград,222.3
2023-06-20,,,,21.4,0.0,OSM-342464031,не указана,2023,171,none,,Зерноград,222.3
2023-06-21,,,,20.9,1.5,OSM-342464031,не указана,2023,172,none,,Зерноград,222.3
2023-06-22,,0.7515499999999999,,18.9,0.0,OSM-342464031,не указана,2023,173,landsat,0.7515499999999999,Зерноград,222.3
2023-06-23,,0.7733,,20.0,0.0,OSM-342464031,не указана,2023,174,landsat,0.7733,Зерноград,222.3
2023-06-24,,,,23.1,0.2,OSM-342464031,не указана,2023,175,none,,Зерноград,222.3
2023-06-25,,,,23.1,2.0,OSM-342464031,не указана,2023,176,none,,Зерноград,222.3
2023-06-26,,,0.4792,22.0,15.9,OSM-342464031,не указана,2023,177,modis,0.4792,Зерноград,222.3
2023-06-27,,,,21.2,0.9,OSM-342464031,не указана,2023,178,none,,Зерноград,222.3
2023-06-28,,,,22.8,0.8,OSM-342464031,не указана,2023,179,none,,Зерноград,222.3
2023-06-29,,,,22.4,0.8,OSM-342464031,не указана,2023,180,none,,Зерноград,222.3
2023-06-30,,,,20.3,1.0,OSM-342464031,не указана,2023,181,none,,Зерноград,222.3
2023-07-01,,,,20.7,5.4,OSM-342464031,не указана,2023,182,none,,Зерноград,222.3
2023-07-02,,,,22.8,0.4,OSM-342464031,не указана,2023,183,none,,Зерноград,222.3
2023-07-03,,,,25.1,0.0,OSM-342464031,не указана,2023,184,none,,Зерноград,222.3
2023-07-04,,,,27.4,0.0,OSM-342464031,не указана,2023,185,none,,Зерноград,222.3
2023-07-05,,0.4125,,29.4,0.0,OSM-342464031,не указана,2023,186,landsat,0.4125,Зерноград,222.3
2023-07-06,,,,30.5,0.0,OSM-342464031,не указана,2023,187,none,,Зерноград,222.3
2023-07-07,,,,30.9,0.0,OSM-342464031,не указана,2023,188,none,,Зерноград,222.3
2023-07-08,,,,24.5,1.6,OSM-342464031,не указана,2023,189,none,,Зерноград,222.3
2023-07-09,,0.3914,,23.9,1.1,OSM-342464031,не указана,2023,190,landsat,0.3914,Зерноград,222.3
2023-07-10,,,,21.3,2.9,OSM-342464031,не указана,2023,191,none,,Зерноград,222.3
2023-07-11,,,,18.7,7.7,OSM-342464031,не указана,2023,192,none,,Зерноград,222.3
2023-07-12,,,0.2923,19.0,9.1,OSM-342464031,не указана,2023,193,modis,0.2923,Зерноград,222.3
2023-07-13,,,,20.1,0.0,OSM-342464031,не указана,2023,194,none,,Зерноград,222.3
2023-07-14,,,,23.9,1.3,OSM-342464031,не указана,2023,195,none,,Зерноград,222.3
2023-07-15,,0.2214,,23.0,0.7,OSM-342464031,не указана,2023,196,landsat,0.2214,Зерноград,222.3
2023-07-16,,0.33085,,21.5,0.9,OSM-342464031,не указана,2023,197,landsat,0.33085,Зерноград,222.3
2023-07-17,,0.3974,,22.4,0.1,OSM-342464031,не указана,2023,198,landsat,0.3974,Зерноград,222.3
2023-07-18,,,,23.3,0.0,OSM-342464031,не указана,2023,199,none,,Зерноград,222.3
2023-07-19,,,,21.4,7.7,OSM-342464031,не указана,2023,200,none,,Зерноград,222.3
2023-07-20,,,,21.9,0.0,OSM-342464031,не указана,2023,201,none,,Зерноград,222.3
2023-07-21,,,,24.6,0.1,OSM-342464031,не указана,2023,202,none,,Зерноград,222.3
2023-07-22,,,,24.3,0.0,OSM-342464031,не указана,2023,203,none,,Зерноград,222.3
2023-07-23,,,,24.9,0.8,OSM-342464031,не указана,2023,204,none,,Зерноград,222.3
2023-07-24,,,,24.5,0.5,OSM-342464031,не указана,2023,205,none,,Зерноград,222.3
2023-07-25,,0.3135,,25.0,0.0,OSM-342464031,не указана,2023,206,landsat,0.3135,Зерноград,222.3
2023-07-26,,,,27.2,0.0,OSM-342464031,не указана,2023,207,none,,Зерноград,222.3
2023-07-27,,,,29.0,0.0,OSM-342464031,не указана,2023,208,none,,Зерноград,222.3
2023-07-28,,,0.3341,23.1,7.6,OSM-342464031,не указана,2023,209,modis,0.3341,Зерноград,222.3
2023-07-29,,,,22.0,0.7,OSM-342464031,не указана,2023,210,none,,Зерноград,222.3
2023-07-30,,,,23.3,0.0,OSM-342464031,не указана,2023,211,none,,Зерноград,222.3
2023-07-31,,,,25.5,0.0,OSM-342464031,не указана,2023,212,none,,Зерноград,222.3
2023-08-01,,0.2757333333333333,,28.3,0.0,OSM-342464031,не указана,2023,213,landsat,0.2757333333333333,Зерноград,222.3
2023-08-02,,,,26.8,1.6,OSM-342464031,не указана,2023,214,none,,Зерноград,222.3
2023-08-03,,,,25.4,0.4,OSM-342464031,не указана,2023,215,none,,Зерноград,222.3
2023-08-04,,,,27.3,0.0,OSM-342464031,не указана,2023,216,none,,Зерноград,222.3
2023-08-05,,,,30.2,0.0,OSM-342464031,не указана,2023,217,none,,Зерноград,222.3
2023-08-06,,0.3204,,32.0,0.0,OSM-342464031,не указана,2023,218,landsat,0.3204,Зерноград,222.3
2023-08-07,,,,30.5,0.0,OSM-342464031,не указана,2023,219,none,,Зерноград,222.3
2023-08-08,,,,28.6,0.0,OSM-342464031,не указана,2023,220,none,,Зерноград,222.3
2023-08-09,,0.3244,,29.3,0.5,OSM-342464031,не указана,2023,221,landsat,0.3244,Зерноград,222.3
2023-08-10,,,,27.2,5.1,OSM-342464031,не указана,2023,222,none,,Зерноград,222.3
2023-08-11,,,,28.1,3.3,OSM-342464031,не указана,2023,223,none,,Зерноград,222.3
2023-08-12,,,,26.9,0.1,OSM-342464031,не указана,2023,224,none,,Зерноград,222.3
2023-08-13,,,0.3815,25.8,2.9,OSM-342464031,не указана,2023,225,modis,0.3815,Зерноград,222.3
2023-08-14,,,,25.1,0.0,OSM-342464031,не указана,2023,226,none,,Зерноград,222.3
2023-08-15,,,,25.5,0.0,OSM-342464031,не указана,2023,227,none,,Зерноград,222.3
2023-08-16,,,,27.3,0.0,OSM-342464031,не указана,2023,228,none,,Зерноград,222.3
2023-08-17,,0.28195,,26.4,0.0,OSM-342464031,не указана,2023,229,landsat,0.28195,Зерноград,222.3
2023-08-18,,0.2921,,26.3,0.0,OSM-342464031,не указана,2023,230,landsat,0.2921,Зерноград,222.3
2023-08-19,,,,29.1,0.0,OSM-342464031,не указана,2023,231,none,,Зерноград,222.3
2023-08-20,,,,29.4,0.0,OSM-342464031,не указана,2023,232,none,,Зерноград,222.3
2023-08-21,,,,29.2,0.0,OSM-342464031,не указана,2023,233,none,,Зерноград,222.3
2023-08-22,,,,26.9,0.0,OSM-342464031,не указана,2023,234,none,,Зерноград,222.3
2023-08-23,,0.2887,,24.2,0.0,OSM-342464031,не указана,2023,235,landsat,0.2887,Зерноград,222.3
2023-08-24,,,,22.5,0.0,OSM-342464031,не указана,2023,236,none,,Зерноград,222.3
2023-08-25,,0.30695,,22.4,0.0,OSM-342464031,не указана,2023,237,landsat,0.30695,Зерноград,222.3
2023-08-26,,0.3056,,20.7,0.0,OSM-342464031,не указана,2023,238,landsat,0.3056,Зерноград,222.3
2023-08-27,,,,22.7,0.0,OSM-342464031,не указана,2023,239,none,,Зерноград,222.3
2023-08-28,,0.2721,,26.1,0.4,OSM-342464031,не указана,2023,240,landsat,0.2721,Зерноград,222.3
2023-08-29,,,0.324,21.3,0.0,OSM-342464031,не указана,2023,241,modis,0.324,Зерноград,222.3
2023-08-30,,,,21.1,0.0,OSM-342464031,не указана,2023,242,none,,Зерноград,222.3
2023-08-31,,,,23.9,0.0,OSM-342464031,не указана,2023,243,none,,Зерноград,222.3
2023-09-01,,,,26.2,0.1,OSM-342464031,не указана,2023,244,none,,Зерноград,222.3
2023-09-02,,0.2634499999999999,,26.0,0.0,OSM-342464031,не указана,2023,245,landsat,0.2634499999999999,Зерноград,222.3
2023-09-03,,0.2541,,25.4,0.0,OSM-342464031,не указана,2023,246,landsat,0.2541,Зерноград,222.3
2023-09-04,,,,22.2,4.9,OSM-342464031,не указана,2023,247,none,,Зерноград,222.3
2023-09-05,,,,21.8,1.3,OSM-342464031,не указана,2023,248,none,,Зерноград,222.3
2023-09-06,,,,21.0,0.0,OSM-342464031,не указана,2023,249,none,,Зерноград,222.3
2023-09-07,,,,20.9,0.0,OSM-342464031,не указана,2023,250,none,,Зерноград,222.3
2023-09-08,,,,16.1,0.0,OSM-342464031,не указана,2023,251,none,,Зерноград,222.3
2023-09-09,,,,14.7,2.1,OSM-342464031,не указана,2023,252,none,,Зерноград,222.3
2023-09-10,,,,14.4,0.0,OSM-342464031,не указана,2023,253,none,,Зерноград,222.3
2023-09-11,,0.2818,,16.0,0.0,OSM-342464031,не указана,2023,254,landsat,0.2818,Зерноград,222.3
2023-09-12,,,,16.1,0.0,OSM-342464031,не указана,2023,255,none,,Зерноград,222.3
2023-09-13,,,,16.9,0.0,OSM-342464031,не указана,2023,256,none,,Зерноград,222.3
2023-09-14,,,0.3156,16.9,0.0,OSM-342464031,не указана,2023,257,modis,0.3156,Зерноград,222.3
2023-09-15,,,,18.7,3.1,OSM-342464031,не указана,2023,258,none,,Зерноград,222.3
2023-09-16,,,,14.5,9.7,OSM-342464031,не указана,2023,259,none,,Зерноград,222.3
2023-09-17,,,,15.3,0.0,OSM-342464031,не указана,2023,260,none,,Зерноград,222.3
2023-09-18,,0.20255,,16.7,0.0,OSM-342464031,не указана,2023,261,landsat,0.20255,Зерноград,222.3
2023-09-19,,0.20815,,18.1,0.0,OSM-342464031,не указана,2023,262,landsat,0.20815,Зерноград,222.3
2023-09-20,,,,19.5,0.0,OSM-342464031,не указана,2023,263,none,,Зерноград,222.3
2023-09-21,,,,19.3,0.1,OSM-342464031,не указана,2023,264,none,,Зерноград,222.3
2023-09-22,,,,20.6,0.0,OSM-342464031,не указана,2023,265,none,,Зерноград,222.3
2023-09-23,,,,21.0,0.0,OSM-342464031,не указана,2023,266,none,,Зерноград,222.3
2023-09-24,,0.18605,,21.4,0.0,OSM-342464031,не указана,2023,267,landsat,0.18605,Зерноград,222.3
2023-09-25,,,,20.8,0.0,OSM-342464031,не указана,2023,268,none,,Зерноград,222.3
2023-09-26,,0.21805,,20.9,0.0,OSM-342464031,не указана,2023,269,landsat,0.21805,Зерноград,222.3
2023-09-27,,0.2211,,20.2,0.0,OSM-342464031,не указана,2023,270,landsat,0.2211,Зерноград,222.3
2023-09-28,,,,21.2,0.0,OSM-342464031,не указана,2023,271,none,,Зерноград,222.3
2023-09-29,,0.1494,,19.9,0.0,OSM-342464031,не указана,2023,272,landsat,0.1494,Зерноград,222.3
2023-09-30,,,0.2283,19.3,0.0,OSM-342464031,не указана,2023,273,modis,0.2283,Зерноград,222.3
2023-10-01,,,,19.1,0.0,OSM-342464031,не указана,2023,274,none,,Зерноград,222.3
2023-10-02,,,,18.7,0.0,OSM-342464031,не указана,2023,275,none,,Зерноград,222.3
2023-10-03,,,,15.6,2.6,OSM-342464031,не указана,2023,276,none,,Зерноград,222.3
2023-10-04,,0.2007,,13.9,0.0,OSM-342464031,не указана,2023,277,landsat,0.2007,Зерноград,222.3
2023-10-05,,,,14.0,0.3,OSM-342464031,не указана,2023,278,none,,Зерноград,222.3
2023-10-06,,,,14.8,2.2,OSM-342464031,не указана,2023,279,none,,Зерноград,222.3
2023-10-07,,,,13.5,0.0,OSM-342464031,не указана,2023,280,none,,Зерноград,222.3
2023-10-08,,,,14.7,20.3,OSM-342464031,не указана,2023,281,none,,Зерноград,222.3
2023-10-09,,,,8.0,0.1,OSM-342464031,не указана,2023,282,none,,Зерноград,222.3
2023-10-10,,,,8.0,0.0,OSM-342464031,не указана,2023,283,none,,Зерноград,222.3
2023-10-11,,,,4.5,0.0,OSM-342464031,не указана,2023,284,none,,Зерноград,222.3
2023-10-12,,0.211,,5.8,0.0,OSM-342464031,не указана,2023,285,landsat,0.211,Зерноград,222.3
2023-10-13,,0.205,,10.0,0.0,OSM-342464031,не указана,2023,286,landsat,0.205,Зерноград,222.3
2023-10-14,,,,12.6,0.0,OSM-342464031,не указана,2023,287,none,,Зерноград,222.3
2023-10-15,,,,14.0,0.0,OSM-342464031,не указана,2023,288,none,,Зерноград,222.3
2023-10-16,,0.1463,0.3484,13.6,1.0,OSM-342464031,не указана,2023,289,landsat,0.1463,Зерноград,222.3
2023-10-17,,,,8.4,0.0,OSM-342464031,не указана,2023,290,none,,Зерноград,222.3
2023-10-18,,,,7.0,0.0,OSM-342464031,не указана,2023,291,none,,Зерноград,222.3
2023-10-19,,,,7.5,0.0,OSM-342464031,не указана,2023,292,none,,Зерноград,222.3
2023-10-20,,,,11.2,0.0,OSM-342464031,не указана,2023,293,none,,Зерноград,222.3
2023-10-21,,0.1612,,16.6,0.0,OSM-342464031,не указана,2023,294,landsat,0.1612,Зерноград,222.3
2023-10-22,,,,10.9,0.0,OSM-342464031,не указана,2023,295,none,,Зерноград,222.3
2023-10-23,,,,16.5,0.0,OSM-342464031,не указана,2023,296,none,,Зерноград,222.3
2023-10-24,,,,13.2,0.0,OSM-342464031,не указана,2023,297,none,,Зерноград,222.3
2023-10-25,,,,10.9,1.9,OSM-342464031,не указана,2023,298,none,,Зерноград,222.3
2023-10-26,,0.0406,,14.8,1.2,OSM-342464031,не указана,2023,299,landsat,0.0406,Зерноград,222.3
2023-10-27,,,,15.6,15.6,OSM-342464031,не указана,2023,300,none,,Зерноград,222.3
2023-10-28,,,,17.6,1.2,OSM-342464031,не указана,2023,301,none,,Зерноград,222.3
2023-10-29,,0.3531,,13.1,0.0,OSM-342464031,не указана,2023,302,landsat,0.3531,Зерноград,222.3
2023-10-30,,,,11.7,0.0,OSM-342464031,не указана,2023,303,none,,Зерноград,222.3
2023-10-31,,,,12.5,0.0,OSM-342464031,не указана,2023,304,none,,Зерноград,222.3
2023-11-01,,,0.3272,13.5,0.0,OSM-342464031,не указана,2023,305,modis,0.3272,Зерноград,222.3
2023-11-02,,,,13.6,2.0,OSM-342464031,не указана,2023,306,none,,Зерноград,222.3
2023-11-03,,,,11.1,0.8,OSM-342464031,не указана,2023,307,none,,Зерноград,222.3
2023-11-04,,,,12.9,0.0,OSM-342464031,не указана,2023,308,none,,Зерноград,222.3
2023-11-05,,0.36,,14.2,0.0,OSM-342464031,не указана,2023,309,landsat,0.36,Зерноград,222.3
2023-11-06,,,,13.3,10.4,OSM-342464031,не указана,2023,310,none,,Зерноград,222.3
2023-11-07,,,,11.5,0.0,OSM-342464031,не указана,2023,311,none,,Зерноград,222.3
2023-11-08,,,,10.4,0.0,OSM-342464031,не указана,2023,312,none,,Зерноград,222.3
2023-11-09,,,,10.2,16.2,OSM-342464031,не указана,2023,313,none,,Зерноград,222.3
2023-11-10,,,,6.3,0.0,OSM-342464031,не указана,2023,314,none,,Зерноград,222.3
2023-11-11,,,,7.8,0.0,OSM-342464031,не указана,2023,315,none,,Зерноград,222.3
2023-11-12,,,,11.3,20.6,OSM-342464031,не указана,2023,316,none,,Зерноград,222.3
2023-11-13,,0.7810999999999999,,10.2,1.8,OSM-342464031,не указана,2023,317,landsat,0.7810999999999999,Зерноград,222.3
2023-11-14,,,,5.7,29.7,OSM-342464031,не указана,2023,318,none,,Зерноград,222.3
2023-11-15,,,,9.8,37.3,OSM-342464031,не указана,2023,319,none,,Зерноград,222.3
2023-11-16,,,,7.0,0.2,OSM-342464031,не указана,2023,320,none,,Зерноград,222.3
2023-11-17,,,0.5571,5.9,1.5,OSM-342464031,не указана,2023,321,modis,0.5571,Зерноград,222.3
2023-11-18,,,,4.6,0.0,OSM-342464031,не указана,2023,322,none,,Зерноград,222.3
2023-11-19,,,,5.3,9.6,OSM-342464031,не указана,2023,323,none,,Зерноград,222.3
2023-11-20,,,,6.5,1.8,OSM-342464031,не указана,2023,324,none,,Зерноград,222.3
2023-11-21,,,,-0.7,0.6,OSM-342464031,не указана,2023,325,none,,Зерноград,222.3
2023-11-22,,,,-3.0,4.6,OSM-342464031,не указана,2023,326,none,,Зерноград,222.3
2023-11-23,,,,-3.8,3.2,OSM-342464031,не указана,2023,327,none,,Зерноград,222.3
2023-11-24,,,,6.2,1.1,OSM-342464031,не указана,2023,328,none,,Зерноград,222.3
2023-11-25,,,,8.1,7.4,OSM-342464031,не указана,2023,329,none,,Зерноград,222.3
2023-11-26,,,,11.0,7.9,OSM-342464031,не указана,2023,330,none,,Зерноград,222.3
2023-11-27,,,,4.1,0.0,OSM-342464031,не указана,2023,331,none,,Зерноград,222.3
2023-11-28,,,,2.2,0.0,OSM-342464031,не указана,2023,332,none,,Зерноград,222.3
2023-11-29,,,,4.9,2.7,OSM-342464031,не указана,2023,333,none,,Зерноград,222.3
2023-11-30,,,,4.4,10.2,OSM-342464031,не указана,2023,334,none,,Зерноград,222.3
2023-12-01,,,,6.9,1.5,OSM-342464031,не указана,2023,335,none,,Зерноград,222.3
2023-12-02,,,,13.0,0.0,OSM-342464031,не указана,2023,336,none,,Зерноград,222.3
2023-12-03,,,0.2701,13.2,0.0,OSM-342464031,не указана,2023,337,modis,0.2701,Зерноград,222.3
2023-12-04,,,,3.8,11.3,OSM-342464031,не указана,2023,338,none,,Зерноград,222.3
2023-12-05,,,,-3.2,0.0,OSM-342464031,не указана,2023,339,none,,Зерноград,222.3
2023-12-06,,,,-2.6,0.0,OSM-342464031,не указана,2023,340,none,,Зерноград,222.3
2023-12-07,,,,-1.2,0.0,OSM-342464031,не указана,2023,341,none,,Зерноград,222.3
2023-12-08,,,,-0.5,0.9,OSM-342464031,не указана,2023,342,none,,Зерноград,222.3
2023-12-09,,,,1.3,0.0,OSM-342464031,не указана,2023,343,none,,Зерноград,222.3
2023-12-10,,,,-1.7,5.2,OSM-342464031,не указана,2023,344,none,,Зерноград,222.3
2023-12-11,,,,-1.4,1.5,OSM-342464031,не указана,2023,345,none,,Зерноград,222.3
2023-12-12,,,,-1.6,6.8,OSM-342464031,не указана,2023,346,none,,Зерноград,222.3
2023-12-13,,,,-4.1,0.6,OSM-342464031,не указана,2023,347,none,,Зерноград,222.3
2023-12-14,,,,-2.5,0.0,OSM-342464031,не указана,2023,348,none,,Зерноград,222.3
2023-12-15,,,,0.1,6.4,OSM-342464031,не указана,2023,349,none,,Зерноград,222.3
2023-12-16,,,,-3.6,0.0,OSM-342464031,не указана,2023,350,none,,Зерноград,222.3
2023-12-17,,,,-1.4,0.4,OSM-342464031,не указана,2023,351,none,,Зерноград,222.3
2023-12-18,,,,2.2,1.1,OSM-342464031,не указана,2023,352,none,,Зерноград,222.3
2023-12-19,,,0.6001000000000001,3.7,0.2,OSM-342464031,не указана,2023,353,modis,0.6001000000000001,Зерноград,222.3
2023-12-20,,,,4.9,0.0,OSM-342464031,не указана,2023,354,none,,Зерноград,222.3
2023-12-21,,,,3.8,0.0,OSM-342464031,не указана,2023,355,none,,Зерноград,222.3
2023-12-22,,,,7.3,3.8,OSM-342464031,не указана,2023,356,none,,Зерноград,222.3
2023-12-23,,,,4.4,20.8,OSM-342464031,не указана,2023,357,none,,Зерноград,222.3
2023-12-24,,,,-1.0,2.4,OSM-342464031,не указана,2023,358,none,,Зерноград,222.3
2023-12-25,,,,1.4,7.0,OSM-342464031,не указана,2023,359,none,,Зерноград,222.3
2023-12-26,,,,6.7,1.9,OSM-342464031,не указана,2023,360,none,,Зерноград,222.3
2023-12-27,,,,7.8,6.9,OSM-342464031,не указана,2023,361,none,,Зерноград,222.3
2023-12-28,,,,1.5,0.0,OSM-342464031,не указана,2023,362,none,,Зерноград,222.3
2023-12-29,,,,5.5,0.0,OSM-342464031,не указана,2023,363,none,,Зерноград,222.3
2023-12-30,,,,6.2,0.0,OSM-342464031,не указана,2023,364,none,,Зерноград,222.3
2023-12-31,,,,5.0,0.2,OSM-342464031,не указана,2023,365,none,,Зерноград,222.3
2024-01-01,,,-0.0024,1.4,0.0,OSM-342464031,не указана,2024,1,modis,-0.0024,Зерноград,222.3
2024-01-02,,,,7.3,8.8,OSM-342464031,не указана,2024,2,none,,Зерноград,222.3
2024-01-03,,,,2.5,3.5,OSM-342464031,не указана,2024,3,none,,Зерноград,222.3
2024-01-04,,,,6.2,10.1,OSM-342464031,не указана,2024,4,none,,Зерноград,222.3
2024-01-05,,,,7.2,6.9,OSM-342464031,не указана,2024,5,none,,Зерноград,222.3
2024-01-06,,,,1.9,0.0,OSM-342464031,не указана,2024,6,none,,Зерноград,222.3
2024-01-07,,,,3.6,0.0,OSM-342464031,не указана,2024,7,none,,Зерноград,222.3
2024-01-08,,,,-2.7,21.3,OSM-342464031,не указана,2024,8,none,,Зерноград,222.3
2024-01-09,,,,-10.2,1.2,OSM-342464031,не указана,2024,9,none,,Зерноград,222.3
2024-01-10,,,,-8.1,0.0,OSM-342464031,не указана,2024,10,none,,Зерноград,222.3
2024-01-11,,,,-1.3,6.0,OSM-342464031,не указана,2024,11,none,,Зерноград,222.3
2024-01-12,,,,-8.1,5.8,OSM-342464031,не указана,2024,12,none,,Зерноград,222.3
2024-01-13,,,,-16.5,0.0,OSM-342464031,не указана,2024,13,none,,Зерноград,222.3
2024-01-14,,,,-9.2,1.8,OSM-342464031,не указана,2024,14,none,,Зерноград,222.3
2024-01-15,,,,0.8,5.0,OSM-342464031,не указана,2024,15,none,,Зерноград,222.3
2024-01-16,,,,1.3,6.1,OSM-342464031,не указана,2024,16,none,,Зерноград,222.3
2024-01-17,,,0.0477,-2.2,0.0,OSM-342464031,не указана,2024,17,modis,0.0477,Зерноград,222.3
2024-01-18,,,,-0.1,0.0,OSM-342464031,не указана,2024,18,none,,Зерноград,222.3
2024-01-19,,,,3.7,4.0,OSM-342464031,не указана,2024,19,none,,Зерноград,222.3
2024-01-20,,,,5.2,7.3,OSM-342464031,не указана,2024,20,none,,Зерноград,222.3
2024-01-21,,,,-3.0,1.1,OSM-342464031,не указана,2024,21,none,,Зерноград,222.3
2024-01-22,,,,-6.3,0.0,OSM-342464031,не указана,2024,22,none,,Зерноград,222.3
2024-01-23,,,,-7.6,0.0,OSM-342464031,не указана,2024,23,none,,Зерноград,222.3
2024-01-24,,0.0087,,-7.6,0.0,OSM-342464031,не указана,2024,24,landsat,0.0087,Зерноград,222.3
2024-01-25,,,,-1.1,0.8,OSM-342464031,не указана,2024,25,none,,Зерноград,222.3
2024-01-26,,,,2.1,1.6,OSM-342464031,не указана,2024,26,none,,Зерноград,222.3
2024-01-27,,,,-0.5,1.3,OSM-342464031,не указана,2024,27,none,,Зерноград,222.3
2024-01-28,,,,-0.9,3.0,OSM-342464031,не указана,2024,28,none,,Зерноград,222.3
2024-01-29,,,,-4.9,0.0,OSM-342464031,не указана,2024,29,none,,Зерноград,222.3
2024-01-30,,,,-4.9,0.0,OSM-342464031,не указана,2024,30,none,,Зерноград,222.3
2024-01-31,,,,-1.3,0.0,OSM-342464031,не указана,2024,31,none,,Зерноград,222.3
2024-02-01,,,,0.6,0.0,OSM-342464031,не указана,2024,32,none,,Зерноград,222.3
2024-02-02,,,0.2839,1.0,0.0,OSM-342464031,не указана,2024,33,modis,0.2839,Зерноград,222.3
2024-02-03,,,,0.7,1.0,OSM-342464031,не указана,2024,34,none,,Зерноград,222.3
2024-02-04,,,,3.4,5.5,OSM-342464031,не указана,2024,35,none,,Зерноград,222.3
2024-02-05,,,,2.9,5.9,OSM-342464031,не указана,2024,36,none,,Зерноград,222.3
2024-02-06,,,,1.7,1.8,OSM-342464031,не указана,2024,37,none,,Зерноград,222.3
2024-02-07,,,,7.4,1.2,OSM-342464031,не указана,2024,38,none,,Зерноград,222.3
2024-02-08,,,,8.2,0.5,OSM-342464031,не указана,2024,39,none,,Зерноград,222.3
2024-02-09,,,,5.5,6.8,OSM-342464031,не указана,2024,40,none,,Зерноград,222.3
2024-02-10,,,,8.8,3.1,OSM-342464031,не указана,2024,41,none,,Зерноград,222.3
2024-02-11,,,,10.2,1.0,OSM-342464031,не указана,2024,42,none,,Зерноград,222.3
2024-02-12,,,,10.2,0.0,OSM-342464031,не указана,2024,43,none,,Зерноград,222.3
2024-02-13,,,,8.1,0.4,OSM-342464031,не указана,2024,44,none,,Зерноград,222.3
2024-02-14,,,,6.7,0.0,OSM-342464031,не указана,2024,45,none,,Зерноград,222.3
2024-02-15,,,,0.2,0.0,OSM-342464031,не указана,2024,46,none,,Зерноград,222.3
2024-02-16,,,,-2.9,0.0,OSM-342464031,не указана,2024,47,none,,Зерноград,222.3
2024-02-17,,,,-3.1,1.7,OSM-342464031,не указана,2024,48,none,,Зерноград,222.3
2024-02-18,,,0.4942,-1.3,0.0,OSM-342464031,не указана,2024,49,modis,0.4942,Зерноград,222.3
2024-02-19,,,,-1.6,0.3,OSM-342464031,не указана,2024,50,none,,Зерноград,222.3
2024-02-20,,,,-3.1,0.0,OSM-342464031,не указана,2024,51,none,,Зерноград,222.3
2024-02-21,,,,-2.4,0.0,OSM-342464031,не указана,2024,52,none,,Зерноград,222.3
2024-02-22,,,,-1.6,0.0,OSM-342464031,не указана,2024,53,none,,Зерноград,222.3
2024-02-23,,,,0.2,0.0,OSM-342464031,не указана,2024,54,none,,Зерноград,222.3
2024-02-24,,,,0.4,0.0,OSM-342464031,не указана,2024,55,none,,Зерноград,222.3
2024-02-25,,0.5027999999999999,,-0.4,0.0,OSM-342464031,не указана,2024,56,landsat,0.5027999999999999,Зерноград,222.3
2024-02-26,,0.5,,0.4,0.0,OSM-342464031,не указана,2024,57,landsat,0.5,Зерноград,222.3
2024-02-27,,,,1.5,0.0,OSM-342464031,не указана,2024,58,none,,Зерноград,222.3
2024-02-28,,,,1.3,0.0,OSM-342464031,не указана,2024,59,none,,Зерноград,222.3
2024-02-29,,,,1.7,0.0,OSM-342464031,не указана,2024,60,none,,Зерноград,222.3
2024-03-01,,,,1.5,0.0,OSM-342464031,не указана,2024,61,none,,Зерноград,222.3
2024-03-02,,,,3.9,0.0,OSM-342464031,не указана,2024,62,none,,Зерноград,222.3
2024-03-03,,,,3.4,0.0,OSM-342464031,не указана,2024,63,none,,Зерноград,222.3
2024-03-04,,0.4112,,3.1,0.0,OSM-342464031,не указана,2024,64,landsat,0.4112,Зерноград,222.3
2024-03-05,,,0.4619,1.7,0.0,OSM-342464031,не указана,2024,65,modis,0.4619,Зерноград,222.3
2024-03-06,,,,3.7,0.0,OSM-342464031,не указана,2024,66,none,,Зерноград,222.3
2024-03-07,,,,-0.1,0.0,OSM-342464031,не указана,2024,67,none,,Зерноград,222.3
2024-03-08,,,,-2.0,0.0,OSM-342464031,не указана,2024,68,none,,Зерноград,222.3
2024-03-09,,,,-0.4,0.0,OSM-342464031,не указана,2024,69,none,,Зерноград,222.3
2024-03-10,,,,2.8,0.0,OSM-342464031,не указана,2024,70,none,,Зерноград,222.3
2024-03-11,,,,-0.5,1.8,OSM-342464031,не указана,2024,71,none,,Зерноград,222.3
2024-03-12,,0.4793,,-0.7,0.0,OSM-342464031,не указана,2024,72,landsat,0.4793,Зерноград,222.3
2024-03-13,,,,1.7,0.0,OSM-342464031,не указана,2024,73,none,,Зерноград,222.3
2024-03-14,,,,3.3,1.1,OSM-342464031,не указана,2024,74,none,,Зерноград,222.3
2024-03-15,,,,4.0,1.8,OSM-342464031,не указана,2024,75,none,,Зерноград,222.3
2024-03-16,,,,4.1,0.0,OSM-342464031,не указана,2024,76,none,,Зерноград,222.3
2024-03-17,,,,4.9,0.2,OSM-342464031,не указана,2024,77,none,,Зерноград,222.3
2024-03-18,,,,6.5,0.0,OSM-342464031,не указана,2024,78,none,,Зерноград,222.3
2024-03-19,,,,7.9,0.0,OSM-342464031,не указана,2024,79,none,,Зерноград,222.3
2024-03-20,,0.4796,,5.6,0.0,OSM-342464031,не указана,2024,80,landsat,0.4796,Зерноград,222.3
2024-03-21,,,0.5205000000000001,3.7,0.0,OSM-342464031,не указана,2024,81,modis,0.5205000000000001,Зерноград,222.3
2024-03-22,,,,3.2,0.0,OSM-342464031,не указана,2024,82,none,,Зерноград,222.3
2024-03-23,,,,4.0,0.1,OSM-342464031,не указана,2024,83,none,,Зерноград,222.3
2024-03-24,,,,6.1,0.0,OSM-342464031,не указана,2024,84,none,,Зерноград,222.3
2024-03-25,,,,8.0,0.1,OSM-342464031,не указана,2024,85,none,,Зерноград,222.3
2024-03-26,,,,6.2,2.1,OSM-342464031,не указана,2024,86,none,,Зерноград,222.3
2024-03-27,,,,8.4,0.9,OSM-342464031,не указана,2024,87,none,,Зерноград,222.3
2024-03-28,,,,10.1,0.0,OSM-342464031,не указана,2024,88,none,,Зерноград,222.3
2024-03-29,,,,10.6,9.0,OSM-342464031,не указана,2024,89,none,,Зерноград,222.3
2024-03-30,,,,11.3,2.1,OSM-342464031,не указана,2024,90,none,,Зерноград,222.3
2024-03-31,,,,12.1,0.0,OSM-342464031,не указана,2024,91,none,,Зерноград,222.3
2024-04-01,,,,14.8,0.0,OSM-342464031,не указана,2024,92,none,,Зерноград,222.3
2024-04-02,,,,16.4,0.0,OSM-342464031,не указана,2024,93,none,,Зерноград,222.3
2024-04-03,,,,15.1,7.2,OSM-342464031,не указана,2024,94,none,,Зерноград,222.3
2024-04-04,,,,12.8,0.3,OSM-342464031,не указана,2024,95,none,,Зерноград,222.3
2024-04-05,,0.5522,,11.9,0.0,OSM-342464031,не указана,2024,96,landsat,0.5522,Зерноград,222.3
2024-04-06,,0.7249,0.6987,10.1,0.0,OSM-342464031,не указана,2024,97,landsat,0.7249,Зерноград,222.3
2024-04-07,,,,12.5,0.0,OSM-342464031,не указана,2024,98,none,,Зерноград,222.3
2024-04-08,,,,13.9,0.0,OSM-342464031,не указана,2024,99,none,,Зерноград,222.3
2024-04-09,,,,14.3,0.0,OSM-342464031,не указана,2024,100,none,,Зерноград,222.3
2024-04-10,,,,15.8,0.0,OSM-342464031,не указана,2024,101,none,,Зерноград,222.3
2024-04-11,,,,17.1,0.0,OSM-342464031,не указана,2024,102,none,,Зерноград,222.3
2024-04-12,,,,17.7,0.0,OSM-342464031,не указана,2024,103,none,,Зерноград,222.3
2024-04-13,,0.8140499999999999,,17.0,0.0,OSM-342464031,не указана,2024,104,landsat,0.8140499999999999,Зерноград,222.3
2024-04-14,,0.85165,,16.1,0.0,OSM-342464031,не указана,2024,105,landsat,0.85165,Зерноград,222.3
2024-04-15,,,,16.0,3.6,OSM-342464031,не указана,2024,106,none,,Зерноград,222.3
2024-04-16,,,,19.0,0.0,OSM-342464031,не указана,2024,107,none,,Зерноград,222.3
2024-04-17,,,,20.5,0.0,OSM-342464031,не указана,2024,108,none,,Зерноград,222.3
2024-04-18,,,,21.6,0.5,OSM-342464031,не указана,2024,109,none,,Зерноград,222.3
2024-04-19,,,,14.8,3.9,OSM-342464031,не указана,2024,110,none,,Зерноград,222.3
2024-04-20,,,,17.1,0.0,OSM-342464031,не указана,2024,111,none,,Зерноград,222.3
2024-04-21,,,,16.6,2.7,OSM-342464031,не указана,2024,112,none,,Зерноград,222.3
2024-04-22,,0.8892,0.8776,14.4,0.0,OSM-342464031,не указана,2024,113,landsat,0.8892,Зерноград,222.3
2024-04-23,,,,14.8,0.0,OSM-342464031,не указана,2024,114,none,,Зерноград,222.3
2024-04-24,,,,16.9,0.0,OSM-342464031,не указана,2024,115,none,,Зерноград,222.3
2024-04-25,,,,22.4,0.0,OSM-342464031,не указана,2024,116,none,,Зерноград,222.3
2024-04-26,,,,21.7,0.0,OSM-342464031,не указана,2024,117,none,,Зерноград,222.3
2024-04-27,,,,18.6,0.0,OSM-342464031,не указана,2024,118,none,,Зерноград,222.3
2024-04-28,,,,20.3,0.0,OSM-342464031,не указана,2024,119,none,,Зерноград,222.3
2024-04-29,,,,19.7,0.0,OSM-342464031,не указана,2024,120,none,,Зерноград,222.3
2024-04-30,,,,14.3,0.5,OSM-342464031,не указана,2024,121,none,,Зерноград,222.3
2024-05-01,,,,14.8,0.0,OSM-342464031,не указана,2024,122,none,,Зерноград,222.3
2024-05-02,,,,17.2,0.0,OSM-342464031,не указана,2024,123,none,,Зерноград,222.3
2024-05-03,,,,17.0,0.1,OSM-342464031,не указана,2024,124,none,,Зерноград,222.3
2024-05-04,,,,10.0,0.0,OSM-342464031,не указана,2024,125,none,,Зерноград,222.3
2024-05-05,,,,10.1,0.0,OSM-342464031,не указана,2024,126,none,,Зерноград,222.3
2024-05-06,,,,13.3,0.0,OSM-342464031,не указана,2024,127,none,,Зерноград,222.3
2024-05-07,,0.8891,,16.8,0.1,OSM-342464031,не указана,2024,128,landsat,0.8891,Зерноград,222.3
2024-05-08,,,0.8916000000000001,13.7,3.0,OSM-342464031,не указана,2024,129,modis,0.8916000000000001,Зерноград,222.3
2024-05-09,,,,12.4,0.0,OSM-342464031,не указана,2024,130,none,,Зерноград,222.3
2024-05-10,,,,12.8,0.0,OSM-342464031,не указана,2024,131,none,,Зерноград,222.3
2024-05-11,,,,16.0,0.0,OSM-342464031,не указана,2024,132,none,,Зерноград,222.3
2024-05-12,,,,14.1,0.0,OSM-342464031,не указана,2024,133,none,,Зерноград,222.3
2024-05-13,,,,12.4,0.0,OSM-342464031,не указана,2024,134,none,,Зерноград,222.3
2024-05-14,,,,12.9,0.0,OSM-342464031,не указана,2024,135,none,,Зерноград,222.3
2024-05-15,,,,12.7,1.5,OSM-342464031,не указана,2024,136,none,,Зерноград,222.3
2024-05-16,,,,11.7,8.9,OSM-342464031,не указана,2024,137,none,,Зерноград,222.3
2024-05-17,,,,12.1,0.6,OSM-342464031,не указана,2024,138,none,,Зерноград,222.3
2024-05-18,,,,13.7,0.1,OSM-342464031,не указана,2024,139,none,,Зерноград,222.3
2024-05-19,,,,14.3,2.1,OSM-342464031,не указана,2024,140,none,,Зерноград,222.3
2024-05-20,,,,16.7,0.1,OSM-342464031,не указана,2024,141,none,,Зерноград,222.3
2024-05-21,,,,18.7,0.0,OSM-342464031,не указана,2024,142,none,,Зерноград,222.3
2024-05-22,,,,19.5,0.0,OSM-342464031,не указана,2024,143,none,,Зерноград,222.3
2024-05-23,,0.8893500000000001,,20.1,0.0,OSM-342464031,не указана,2024,144,landsat,0.8893500000000001,Зерноград,222.3
2024-05-24,,0.8864,0.8013,19.9,0.0,OSM-342464031,не указана,2024,145,landsat,0.8864,Зерноград,222.3
2024-05-25,,,,17.8,0.0,OSM-342464031,не указана,2024,146,none,,Зерноград,222.3
2024-05-26,,,,16.2,0.0,OSM-342464031,не указана,2024,147,none,,Зерноград,222.3
2024-05-27,,,,19.1,0.0,OSM-342464031,не указана,2024,148,none,,Зерноград,222.3
2024-05-28,,,,21.2,0.0,OSM-342464031,не указана,2024,149,none,,Зерноград,222.3
2024-05-29,,,,21.2,0.0,OSM-342464031,не указана,2024,150,none,,Зерноград,222.3
2024-05-30,,,,22.7,1.9,OSM-342464031,не указана,2024,151,none,,Зерноград,222.3
2024-05-31,,0.7716,,22.7,0.1,OSM-342464031,не указана,2024,152,landsat,0.7716,Зерноград,222.3
2024-06-01,,0.8193,,23.4,0.0,OSM-342464031,не указана,2024,153,landsat,0.8193,Зерноград,222.3
2024-06-02,,,,24.2,0.0,OSM-342464031,не указана,2024,154,none,,Зерноград,222.3
2024-06-03,,,,24.3,0.0,OSM-342464031,не указана,2024,155,none,,Зерноград,222.3
2024-06-04,,,,25.5,0.0,OSM-342464031,не указана,2024,156,none,,Зерноград,222.3
2024-06-05,,,,28.0,0.0,OSM-342464031,не указана,2024,157,none,,Зерноград,222.3
2024-06-06,,,,26.8,0.0,OSM-342464031,не указана,2024,158,none,,Зерноград,222.3
2024-06-07,,,,24.9,0.2,OSM-342464031,не указана,2024,159,none,,Зерноград,222.3
2024-06-08,,0.7081999999999999,,25.2,0.0,OSM-342464031,не указана,2024,160,landsat,0.7081999999999999,Зерноград,222.3
2024-06-09,,,0.598,24.3,0.7,OSM-342464031,не указана,2024,161,modis,0.598,Зерноград,222.3
2024-06-10,,,,24.7,0.1,OSM-342464031,не указана,2024,162,none,,Зерноград,222.3
2024-06-11,,,,26.0,0.2,OSM-342464031,не указана,2024,163,none,,Зерноград,222.3
2024-06-12,,,,26.9,1.9,OSM-342464031,не указана,2024,164,none,,Зерноград,222.3
2024-06-13,,,,24.8,1.5,OSM-342464031,не указана,2024,165,none,,Зерноград,222.3
2024-06-14,,,,25.6,0.0,OSM-342464031,не указана,2024,166,none,,Зерноград,222.3
2024-06-15,,,,26.0,2.4,OSM-342464031,не указана,2024,167,none,,Зерноград,222.3
2024-06-16,,,,24.2,0.9,OSM-342464031,не указана,2024,168,none,,Зерноград,222.3
2024-06-17,,0.3867,,24.7,0.0,OSM-342464031,не указана,2024,169,landsat,0.3867,Зерноград,222.3
2024-06-18,,,,25.1,0.1,OSM-342464031,не указана,2024,170,none,,Зерноград,222.3
2024-06-19,,,,26.8,0.0,OSM-342464031,не указана,2024,171,none,,Зерноград,222.3
2024-06-20,,,,28.0,1.4,OSM-342464031,не указана,2024,172,none,,Зерноград,222.3
2024-06-21,,,,21.5,0.8,OSM-342464031,не указана,2024,173,none,,Зерноград,222.3
2024-06-22,,,,23.0,0.0,OSM-342464031,не указана,2024,174,none,,Зерноград,222.3
2024-06-23,,,,24.6,0.0,OSM-342464031,не указана,2024,175,none,,Зерноград,222.3
2024-06-24,,0.32275,,26.8,0.0,OSM-342464031,не указана,2024,176,landsat,0.32275,Зерноград,222.3
2024-06-25,,,0.2758,22.7,1.1,OSM-342464031,не указана,2024,177,modis,0.2758,Зерноград,222.3
2024-06-26,,,,21.4,0.8,OSM-342464031,не указана,2024,178,none,,Зерноград,222.3
2024-06-27,,,,21.0,3.7,OSM-342464031,не указана,2024,179,none,,Зерноград,222.3
2024-06-28,,,,22.5,0.5,OSM-342464031,не указана,2024,180,none,,Зерноград,222.3
2024-06-29,,,,23.6,0.0,OSM-342464031,не указана,2024,181,none,,Зерноград,222.3
2024-06-30,,,,26.4,0.0,OSM-342464031,не указана,2024,182,none,,Зерноград,222.3
2024-07-01,,,,26.4,0.0,OSM-342464031,не указана,2024,183,none,,Зерноград,222.3
2024-07-02,,0.27665,,26.8,0.0,OSM-342464031,не указана,2024,184,landsat,0.27665,Зерноград,222.3
2024-07-03,,0.2736,,27.3,0.0,OSM-342464031,не указана,2024,185,landsat,0.2736,Зерноград,222.3
2024-07-04,,,,28.6,0.0,OSM-342464031,не указана,2024,186,none,,Зерноград,222.3
2024-07-05,,,,30.7,0.0,OSM-342464031,не указана,2024,187,none,,Зерноград,222.3
2024-07-06,,,,31.2,0.1,OSM-342464031,не указана,2024,188,none,,Зерноград,222.3
2024-07-07,,,,31.0,0.0,OSM-342464031,не указана,2024,189,none,,Зерноград,222.3
2024-07-08,,,,32.3,0.0,OSM-342464031,не указана,2024,190,none,,Зерноград,222.3
2024-07-09,,,,31.7,0.0,OSM-342464031,не указана,2024,191,none,,Зерноград,222.3
2024-07-10,,,,30.1,0.0,OSM-342464031,не указана,2024,192,none,,Зерноград,222.3
2024-07-11,,,0.2902,30.1,0.0,OSM-342464031,не указана,2024,193,modis,0.2902,Зерноград,222.3
2024-07-12,,,,28.9,0.0,OSM-342464031,не указана,2024,194,none,,Зерноград,222.3
2024-07-13,,,,26.5,0.0,OSM-342464031,не указана,2024,195,none,,Зерноград,222.3
2024-07-14,,,,26.9,0.0,OSM-342464031,не указана,2024,196,none,,Зерноград,222.3
2024-07-15,,,,29.3,0.0,OSM-342464031,не указана,2024,197,none,,Зерноград,222.3
2024-07-16,,,,31.8,0.0,OSM-342464031,не указана,2024,198,none,,Зерноград,222.3
2024-07-17,,,,31.8,0.0,OSM-342464031,не указана,2024,199,none,,Зерноград,222.3
2024-07-18,,0.24535,,31.2,0.0,OSM-342464031,не указана,2024,200,landsat,0.24535,Зерноград,222.3
2024-07-19,,0.2455,,32.9,0.0,OSM-342464031,не указана,2024,201,landsat,0.2455,Зерноград,222.3
2024-07-20,,,,30.3,0.0,OSM-342464031,не указана,2024,202,none,,Зерноград,222.3
2024-07-21,,,,29.6,0.0,OSM-342464031,не указана,2024,203,none,,Зерноград,222.3
2024-07-22,,,,29.2,0.9,OSM-342464031,не указана,2024,204,none,,Зерноград,222.3
2024-07-23,,,,24.2,0.8,OSM-342464031,не указана,2024,205,none,,Зерноград,222.3
2024-07-24,,,,22.2,0.2,OSM-342464031,не указана,2024,206,none,,Зерноград,222.3
2024-07-25,,,,22.7,0.0,OSM-342464031,не указана,2024,207,none,,Зерноград,222.3
2024-07-26,,,,24.7,0.0,OSM-342464031,не указана,2024,208,none,,Зерноград,222.3
2024-07-27,,0.2053,0.2518,24.6,0.0,OSM-342464031,не указана,2024,209,landsat,0.2053,Зерноград,222.3
2024-07-28,,,,25.2,0.0,OSM-342464031,не указана,2024,210,none,,Зерноград,222.3
2024-07-29,,,,27.4,0.0,OSM-342464031,не указана,2024,211,none,,Зерноград,222.3
2024-07-30,,,,25.5,0.0,OSM-342464031,не указана,2024,212,none,,Зерноград,222.3
2024-07-31,,,,23.4,0.0,OSM-342464031,не указана,2024,213,none,,Зерноград,222.3
2024-08-01,,,,24.7,0.0,OSM-342464031,не указана,2024,214,none,,Зерноград,222.3
2024-08-02,,,,26.0,0.0,OSM-342464031,не указана,2024,215,none,,Зерноград,222.3
2024-08-03,,0.188,,26.5,0.0,OSM-342464031,не указана,2024,216,landsat,0.188,Зерноград,222.3
2024-08-04,,0.2031,,28.4,0.0,OSM-342464031,не указана,2024,217,landsat,0.2031,Зерноград,222.3
2024-08-05,,,,24.6,2.1,OSM-342464031,не указана,2024,218,none,,Зерноград,222.3
2024-08-06,,,,21.9,7.3,OSM-342464031,не указана,2024,219,none,,Зерноград,222.3
2024-08-07,,,,22.2,1.4,OSM-342464031,не указана,2024,220,none,,Зерноград,222.3
2024-08-08,,,,24.6,0.0,OSM-342464031,не указана,2024,221,none,,Зерноград,222.3
2024-08-09,,,,24.1,0.0,OSM-342464031,не указана,2024,222,none,,Зерноград,222.3
2024-08-10,,,,24.8,0.0,OSM-342464031,не указана,2024,223,none,,Зерноград,222.3
2024-08-11,,0.18995,,26.4,0.0,OSM-342464031,не указана,2024,224,landsat,0.18995,Зерноград,222.3
2024-08-12,,0.1876,0.2628,23.6,0.0,OSM-342464031,не указана,2024,225,landsat,0.1876,Зерноград,222.3
2024-08-13,,,,22.3,0.0,OSM-342464031,не указана,2024,226,none,,Зерноград,222.3
2024-08-14,,,,21.0,0.0,OSM-342464031,не указана,2024,227,none,,Зерноград,222.3
2024-08-15,,,,22.0,0.0,OSM-342464031,не указана,2024,228,none,,Зерноград,222.3
2024-08-16,,,,21.9,0.0,OSM-342464031,не указана,2024,229,none,,Зерноград,222.3
2024-08-17,,,,22.2,0.0,OSM-342464031,не указана,2024,230,none,,Зерноград,222.3
2024-08-18,,,,23.4,0.0,OSM-342464031,не указана,2024,231,none,,Зерноград,222.3
2024-08-19,,0.18625,,25.2,0.0,OSM-342464031,не указана,2024,232,landsat,0.18625,Зерноград,222.3
2024-08-20,,0.1951,,27.1,0.0,OSM-342464031,не указана,2024,233,landsat,0.1951,Зерноград,222.3
2024-08-21,,,,28.2,0.0,OSM-342464031,не указана,2024,234,none,,Зерноград,222.3
2024-08-22,,,,29.6,0.0,OSM-342464031,не указана,2024,235,none,,Зерноград,222.3
2024-08-23,,,,29.1,0.0,OSM-342464031,не указана,2024,236,none,,Зерноград,222.3
2024-08-24,,,,27.2,0.3,OSM-342464031,не указана,2024,237,none,,Зерноград,222.3
2024-08-25,,,,25.9,0.0,OSM-342464031,не указана,2024,238,none,,Зерноград,222.3
2024-08-26,,,,26.8,0.0,OSM-342464031,не указана,2024,239,none,,Зерноград,222.3
2024-08-27,,,,27.5,0.0,OSM-342464031,не указана,2024,240,none,,Зерноград,222.3
2024-08-28,,0.1997,0.3038,28.0,0.0,OSM-342464031,не указана,2024,241,landsat,0.1997,Зерноград,222.3
2024-08-29,,,,26.8,0.3,OSM-342464031,не указана,2024,242,none,,Зерноград,222.3
2024-08-30,,,,27.0,0.0,OSM-342464031,не указана,2024,243,none,,Зерноград,222.3
2024-08-31,,,,27.6,0.0,OSM-342464031,не указана,2024,244,none,,Зерноград,222.3
2024-09-01,,,,27.4,1.4,OSM-342464031,не указана,2024,245,none,,Зерноград,222.3
2024-09-02,,,,27.3,4.3,OSM-342464031,не указана,2024,246,none,,Зерноград,222.3
2024-09-03,,,,24.9,3.5,OSM-342464031,не указана,2024,247,none,,Зерноград,222.3
2024-09-04,,0.2094,,24.6,0.0,OSM-342464031,не указана,2024,248,landsat,0.2094,Зерноград,222.3
2024-09-05,,,,23.5,0.0,OSM-342464031,не указана,2024,249,none,,Зерноград,222.3
2024-09-06,,,,21.5,0.0,OSM-342464031,не указана,2024,250,none,,Зерноград,222.3
2024-09-07,,,,20.2,0.0,OSM-342464031,не указана,2024,251,none,,Зерноград,222.3
2024-09-08,,,,21.0,0.0,OSM-342464031,не указана,2024,252,none,,Зерноград,222.3
2024-09-09,,,,21.5,0.0,OSM-342464031,не указана,2024,253,none,,Зерноград,222.3
2024-09-10,,,,23.5,0.0,OSM-342464031,не указана,2024,254,none,,Зерноград,222.3
2024-09-11,,,,25.0,0.0,OSM-342464031,не указана,2024,255,none,,Зерноград,222.3
2024-09-12,,0.1981,,25.3,0.1,OSM-342464031,не указана,2024,256,landsat,0.1981,Зерноград,222.3
2024-09-13,,,0.2248,24.6,0.0,OSM-342464031,не указана,2024,257,modis,0.2248,Зерноград,222.3
2024-09-14,,,,24.6,0.0,OSM-342464031,не указана,2024,258,none,,Зерноград,222.3
2024-09-15,,,,22.9,0.0,OSM-342464031,не указана,2024,259,none,,Зерноград,222.3
2024-09-16,,,,22.6,0.0,OSM-342464031,не указана,2024,260,none,,Зерноград,222.3
2024-09-17,,,,21.6,0.0,OSM-342464031,не указана,2024,261,none,,Зерноград,222.3
2024-09-18,,,,19.3,0.0,OSM-342464031,не указана,2024,262,none,,Зерноград,222.3
2024-09-19,,,,17.6,0.0,OSM-342464031,не указана,2024,263,none,,Зерноград,222.3
2024-09-20,,0.2532999999999999,,17.5,0.0,OSM-342464031,не указана,2024,264,landsat,0.2532999999999999,Зерноград,222.3
2024-09-21,,0.2588,,18.6,0.0,OSM-342464031,не указана,2024,265,landsat,0.2588,Зерноград,222.3
2024-09-22,,,,19.3,0.0,OSM-342464031,не указана,2024,266,none,,Зерноград,222.3
2024-09-23,,,,19.7,0.0,OSM-342464031,не указана,2024,267,none,,Зерноград,222.3
2024-09-24,,,,18.5,0.0,OSM-342464031,не указана,2024,268,none,,Зерноград,222.3
2024-09-25,,,,18.1,0.0,OSM-342464031,не указана,2024,269,none,,Зерноград,222.3
2024-09-26,,,,19.6,0.0,OSM-342464031,не указана,2024,270,none,,Зерноград,222.3
2024-09-27,,,,19.0,0.0,OSM-342464031,не указана,2024,271,none,,Зерноград,222.3
2024-09-28,,0.25,,18.9,0.0,OSM-342464031,не указана,2024,272,landsat,0.25,Зерноград,222.3
2024-09-29,,0.2411,0.3,19.6,0.0,OSM-342464031,не указана,2024,273,landsat,0.2411,Зерноград,222.3
2024-09-30,,,,20.3,0.0,OSM-342464031,не указана,2024,274,none,,Зерноград,222.3
2024-10-01,,,,18.8,0.0,OSM-342464031,не указана,2024,275,none,,Зерноград,222.3
2024-10-02,,,,16.0,0.0,OSM-342464031,не указана,2024,276,none,,Зерноград,222.3
2024-10-03,,,,15.8,0.0,OSM-342464031,не указана,2024,277,none,,Зерноград,222.3
2024-10-04,,,,17.3,0.0,OSM-342464031,не указана,2024,278,none,,Зерноград,222.3
2024-10-05,,,,18.0,0.0,OSM-342464031,не указана,2024,279,none,,Зерноград,222.3
2024-10-06,,0.1933,,19.6,0.0,OSM-342464031,не указана,2024,280,landsat,0.1933,Зерноград,222.3
2024-10-07,,0.1951,,20.6,0.0,OSM-342464031,не указана,2024,281,landsat,0.1951,Зерноград,222.3
2024-10-08,,,,17.4,0.0,OSM-342464031,не указана,2024,282,none,,Зерноград,222.3
2024-10-09,,,,16.3,0.0,OSM-342464031,не указана,2024,283,none,,Зерноград,222.3
2024-10-10,,,,15.5,0.0,OSM-342464031,не указана,2024,284,none,,Зерноград,222.3
2024-10-11,,,,16.6,0.0,OSM-342464031,не указана,2024,285,none,,Зерноград,222.3
2024-10-12,,,,14.2,0.0,OSM-342464031,не указана,2024,286,none,,Зерноград,222.3
2024-10-13,,,,11.8,4.4,OSM-342464031,не указана,2024,287,none,,Зерноград,222.3
2024-10-14,,,,11.6,1.9,OSM-342464031,не указана,2024,288,none,,Зерноград,222.3
2024-10-15,,,0.294,12.1,1.0,OSM-342464031,не указана,2024,289,modis,0.294,Зерноград,222.3
2024-10-16,,,,11.5,0.7,OSM-342464031,не указана,2024,290,none,,Зерноград,222.3
2024-10-17,,,,9.5,1.1,OSM-342464031,не указана,2024,291,none,,Зерноград,222.3
2024-10-18,,,,7.3,0.0,OSM-342464031,не указана,2024,292,none,,Зерноград,222.3
2024-10-19,,,,6.5,0.0,OSM-342464031,не указана,2024,293,none,,Зерноград,222.3
2024-10-20,,,,5.8,0.8,OSM-342464031,не указана,2024,294,none,,Зерноград,222.3
2024-10-21,,,,6.8,1.5,OSM-342464031,не указана,2024,295,none,,Зерноград,222.3
2024-10-22,,,,7.3,0.0,OSM-342464031,не указана,2024,296,none,,Зерноград,222.3
2024-10-23,,0.2279,,10.4,0.0,OSM-342464031,не указана,2024,297,landsat,0.2279,Зерноград,222.3
2024-10-24,,,,9.8,0.0,OSM-342464031,не указана,2024,298,none,,Зерноград,222.3
2024-10-25,,,,7.7,0.9,OSM-342464031,не указана,2024,299,none,,Зерноград,222.3
2024-10-26,,,,5.8,0.0,OSM-342464031,не указана,2024,300,none,,Зерноград,222.3
2024-10-27,,,,4.6,0.0,OSM-342464031,не указана,2024,301,none,,Зерноград,222.3
2024-10-28,,,,8.0,3.8,OSM-342464031,не указана,2024,302,none,,Зерноград,222.3
2024-10-29,,,,11.0,1.3,OSM-342464031,не указана,2024,303,none,,Зерноград,222.3
2024-10-30,,0.1944,,8.5,0.0,OSM-342464031,не указана,2024,304,landsat,0.1944,Зерноград,222.3
2024-10-31,,0.3234,0.2845,10.4,4.3,OSM-342464031,не указана,2024,305,landsat,0.3234,Зерноград,222.3
2024-11-01,,,,11.4,0.0,OSM-342464031,не указана,2024,306,none,,Зерноград,222.3
2024-11-02,,,,13.0,4.7,OSM-342464031,не указана,2024,307,none,,Зерноград,222.3
2024-11-03,,,,3.2,0.0,OSM-342464031,не указана,2024,308,none,,Зерноград,222.3
2024-11-04,,,,3.5,5.7,OSM-342464031,не указана,2024,309,none,,Зерноград,222.3
2024-11-05,,,,1.1,0.5,OSM-342464031,не указана,2024,310,none,,Зерноград,222.3
2024-11-06,,,,3.8,0.4,OSM-342464031,не указана,2024,311,none,,Зерноград,222.3
2024-11-07,,,,6.8,0.0,OSM-342464031,не указана,2024,312,none,,Зерноград,222.3
2024-11-08,,,,6.6,0.0,OSM-342464031,не указана,2024,313,none,,Зерноград,222.3
2024-11-09,,,,6.0,0.0,OSM-342464031,не указана,2024,314,none,,Зерноград,222.3
2024-11-10,,,,4.1,0.0,OSM-342464031,не указана,2024,315,none,,Зерноград,222.3
2024-11-11,,,,4.2,0.0,OSM-342464031,не указана,2024,316,none,,Зерноград,222.3
2024-11-12,,,,4.8,0.0,OSM-342464031,не указана,2024,317,none,,Зерноград,222.3
2024-11-13,,,,4.1,0.0,OSM-342464031,не указана,2024,318,none,,Зерноград,222.3
2024-11-14,,,,3.5,0.7,OSM-342464031,не указана,2024,319,none,,Зерноград,222.3
2024-11-15,0.109,,,4.5,0.2,OSM-342464031,не указана,2024,320,s2,0.109,Зерноград,222.3
2024-11-16,,,0.2458,2.7,0.0,OSM-342464031,не указана,2024,321,modis,0.2458,Зерноград,222.3
2024-11-17,0.1519,,,1.5,0.0,OSM-342464031,не указана,2024,322,s2,0.1519,Зерноград,222.3
2024-11-18,,,,1.6,0.0,OSM-342464031,не указана,2024,323,none,,Зерноград,222.3
2024-11-19,,,,3.2,0.0,OSM-342464031,не указана,2024,324,none,,Зерноград,222.3
2024-11-20,0.159,,,4.7,0.0,OSM-342464031,не указана,2024,325,s2,0.159,Зерноград,222.3
2024-11-21,,,,8.9,1.6,OSM-342464031,не указана,2024,326,none,,Зерноград,222.3
2024-11-22,,,,6.0,2.6,OSM-342464031,не указана,2024,327,none,,Зерноград,222.3
2024-11-23,,,,9.2,0.6,OSM-342464031,не указана,2024,328,none,,Зерноград,222.3
2024-11-24,,,,3.4,7.8,OSM-342464031,не указана,2024,329,none,,Зерноград,222.3
2024-11-25,,,,2.0,7.4,OSM-342464031,не указана,2024,330,none,,Зерноград,222.3
2024-11-26,,,,1.6,0.6,OSM-342464031,не указана,2024,331,none,,Зерноград,222.3
2024-11-27,,,,1.9,2.6,OSM-342464031,не указана,2024,332,none,,Зерноград,222.3
2024-11-28,,,,1.4,0.4,OSM-342464031,не указана,2024,333,none,,Зерноград,222.3
2024-11-29,,,,0.7,0.0,OSM-342464031,не указана,2024,334,none,,Зерноград,222.3
2024-11-30,,,,-1.2,0.0,OSM-342464031,не указана,2024,335,none,,Зерноград,222.3
2024-12-01,,,,-0.8,0.0,OSM-342464031,не указана,2024,336,none,,Зерноград,222.3
2024-12-02,,,0.021,-0.1,0.0,OSM-342464031,не указана,2024,337,modis,0.021,Зерноград,222.3
2024-12-03,,,,1.6,0.0,OSM-342464031,не указана,2024,338,none,,Зерноград,222.3
2024-12-04,,,,1.4,0.0,OSM-342464031,не указана,2024,339,none,,Зерноград,222.3
2024-12-05,,,,1.1,0.5,OSM-342464031,не указана,2024,340,none,,Зерноград,222.3
2024-12-06,,,,1.2,1.4,OSM-342464031,не указана,2024,341,none,,Зерноград,222.3
2024-12-07,,,,0.5,0.0,OSM-342464031,не указана,2024,342,none,,Зерноград,222.3
2024-12-08,,,,1.9,0.0,OSM-342464031,не указана,2024,343,none,,Зерноград,222.3
2024-12-09,,,,2.4,0.0,OSM-342464031,не указана,2024,344,none,,Зерноград,222.3
2024-12-10,,,,2.8,2.6,OSM-342464031,не указана,2024,345,none,,Зерноград,222.3
2024-12-11,,,,4.0,5.1,OSM-342464031,не указана,2024,346,none,,Зерноград,222.3
2024-12-12,,,,2.1,1.9,OSM-342464031,не указана,2024,347,none,,Зерноград,222.3
2024-12-13,,,,-2.9,2.8,OSM-342464031,не указана,2024,348,none,,Зерноград,222.3
2024-12-14,,,,-5.4,0.0,OSM-342464031,не указана,2024,349,none,,Зерноград,222.3
2024-12-15,,,,-1.6,2.7,OSM-342464031,не указана,2024,350,none,,Зерноград,222.3
2024-12-16,,,,1.3,6.6,OSM-342464031,не указана,2024,351,none,,Зерноград,222.3
2024-12-17,0.1316,0.29415,,4.5,7.8,OSM-342464031,не указана,2024,352,s2,0.1316,Зерноград,222.3
2024-12-18,,,0.4088,2.4,1.4,OSM-342464031,не указана,2024,353,modis,0.4088,Зерноград,222.3
2024-12-19,,,,-0.2,0.0,OSM-342464031,не указана,2024,354,none,,Зерноград,222.3
2024-12-20,0.1962,,,2.0,0.0,OSM-342464031,не указана,2024,355,s2,0.1962,Зерноград,222.3
2024-12-21,,,,1.1,0.0,OSM-342464031,не указана,2024,356,none,,Зерноград,222.3
2024-12-22,,,,3.1,0.6,OSM-342464031,не указана,2024,357,none,,Зерноград,222.3
2024-12-23,,,,5.6,0.0,OSM-342464031,не указана,2024,358,none,,Зерноград,222.3
2024-12-24,,,,3.4,0.0,OSM-342464031,не указана,2024,359,none,,Зерноград,222.3
2024-12-25,,,,3.3,0.0,OSM-342464031,не указана,2024,360,none,,Зерноград,222.3
2024-12-26,,,,2.1,0.2,OSM-342464031,не указана,2024,361,none,,Зерноград,222.3
2024-12-27,,,,-0.5,0.1,OSM-342464031,не указана,2024,362,none,,Зерноград,222.3
2024-12-28,,,,-1.8,0.0,OSM-342464031,не указана,2024,363,none,,Зерноград,222.3
2024-12-29,,,,-2.0,0.0,OSM-342464031,не указана,2024,364,none,,Зерноград,222.3
2024-12-30,,,,-1.8,0.0,OSM-342464031,не указана,2024,365,none,,Зерноград,222.3
2024-12-31,,,,1.6,0.0,OSM-342464031,не указана,2024,366,none,,Зерноград,222.3
2025-01-01,,,0.273,3.5,0.0,OSM-342464031,не указана,2025,1,modis,0.273,Зерноград,222.3
2025-01-02,,0.2243,,7.4,0.0,OSM-342464031,не указана,2025,2,landsat,0.2243,Зерноград,222.3
2025-01-03,,0.2203,,8.5,0.0,OSM-342464031,не указана,2025,3,landsat,0.2203,Зерноград,222.3
2025-01-04,,,,5.3,4.0,OSM-342464031,не указана,2025,4,none,,Зерноград,222.3
2025-01-05,,,,-2.6,0.0,OSM-342464031,не указана,2025,5,none,,Зерноград,222.3
2025-01-06,0.17,,,-3.2,0.0,OSM-342464031,не указана,2025,6,s2,0.17,Зерноград,222.3
2025-01-07,,,,2.7,0.0,OSM-342464031,не указана,2025,7,none,,Зерноград,222.3
2025-01-08,,,,4.3,0.0,OSM-342464031,не указана,2025,8,none,,Зерноград,222.3
2025-01-09,0.168,,,7.2,0.0,OSM-342464031,не указана,2025,9,s2,0.168,Зерноград,222.3
2025-01-10,,0.22815,,6.4,0.0,OSM-342464031,не указана,2025,10,landsat,0.22815,Зерноград,222.3
2025-01-11,,,,4.9,0.0,OSM-342464031,не указана,2025,11,none,,Зерноград,222.3
2025-01-12,,,,4.3,1.5,OSM-342464031,не указана,2025,12,none,,Зерноград,222.3
2025-01-13,,,,-0.4,8.8,OSM-342464031,не указана,2025,13,none,,Зерноград,222.3
2025-01-14,0.0032,,,-2.2,0.0,OSM-342464031,не указана,2025,14,s2,0.0032,Зерноград,222.3
2025-01-15,,,,-3.5,0.0,OSM-342464031,не указана,2025,15,none,,Зерноград,222.3
2025-01-16,,,,-2.2,0.0,OSM-342464031,не указана,2025,16,none,,Зерноград,222.3
2025-01-17,,,0.1899,0.4,2.6,OSM-342464031,не указана,2025,17,modis,0.1899,Зерноград,222.3
2025-01-18,,,,0.6,0.9,OSM-342464031,не указана,2025,18,none,,Зерноград,222.3
2025-01-19,,,,1.1,2.7,OSM-342464031,не указана,2025,19,none,,Зерноград,222.3
2025-01-20,,,,0.1,0.0,OSM-342464031,не указана,2025,20,none,,Зерноград,222.3
2025-01-21,,,,0.1,0.0,OSM-342464031,не указана,2025,21,none,,Зерноград,222.3
2025-01-22,,,,-0.6,0.0,OSM-342464031,не указана,2025,22,none,,Зерноград,222.3
2025-01-23,,,,0.4,0.5,OSM-342464031,не указана,2025,23,none,,Зерноград,222.3
2025-01-24,,,,0.9,3.1,OSM-342464031,не указана,2025,24,none,,Зерноград,222.3
2025-01-25,,,,2.8,0.0,OSM-342464031,не указана,2025,25,none,,Зерноград,222.3
2025-01-26,,,,2.7,0.0,OSM-342464031,не указана,2025,26,none,,Зерноград,222.3
2025-01-27,,,,1.3,0.0,OSM-342464031,не указана,2025,27,none,,Зерноград,222.3
2025-01-28,,,,1.3,0.0,OSM-342464031,не указана,2025,28,none,,Зерноград,222.3
2025-01-29,,,,2.6,0.0,OSM-342464031,не указана,2025,29,none,,Зерноград,222.3
2025-01-30,,,,3.0,0.0,OSM-342464031,не указана,2025,30,none,,Зерноград,222.3
2025-01-31,,,,2.8,0.0,OSM-342464031,не указана,2025,31,none,,Зерноград,222.3
2025-02-01,,,,3.0,0.0,OSM-342464031,не указана,2025,32,none,,Зерноград,222.3
2025-02-02,,,0.1185,0.8,0.0,OSM-342464031,не указана,2025,33,modis,0.1185,Зерноград,222.3
2025-02-03,,,,0.8,6.9,OSM-342464031,не указана,2025,34,none,,Зерноград,222.3
2025-02-04,,,,-0.8,3.8,OSM-342464031,не указана,2025,35,none,,Зерноград,222.3
2025-02-05,,,,-1.0,0.2,OSM-342464031,не указана,2025,36,none,,Зерноград,222.3
2025-02-06,,,,-1.6,0.1,OSM-342464031,не указана,2025,37,none,,Зерноград,222.3
2025-02-07,,,,-2.7,0.0,OSM-342464031,не указана,2025,38,none,,Зерноград,222.3
2025-02-08,0.0856,,,-4.1,0.0,OSM-342464031,не указана,2025,39,s2,0.0856,Зерноград,222.3
2025-02-09,,,,-5.1,0.0,OSM-342464031,не указана,2025,40,none,,Зерноград,222.3
2025-02-10,0.0739,,,-4.1,0.0,OSM-342464031,не указана,2025,41,s2,0.0739,Зерноград,222.3
2025-02-11,,0.218,,-5.2,0.0,OSM-342464031,не указана,2025,42,landsat,0.218,Зерноград,222.3
2025-02-12,,,,-4.8,0.0,OSM-342464031,не указана,2025,43,none,,Зерноград,222.3
2025-02-13,,,,-5.5,0.0,OSM-342464031,не указана,2025,44,none,,Зерноград,222.3
2025-02-14,,,,-5.4,0.0,OSM-342464031,не указана,2025,45,none,,Зерноград,222.3
2025-02-15,0.0737,,,1.6,5.0,OSM-342464031,не указана,2025,46,s2,0.0737,Зерноград,222.3
2025-02-16,,,,-4.6,0.0,OSM-342464031,не указана,2025,47,none,,Зерноград,222.3
2025-02-17,,,,-5.0,0.0,OSM-342464031,не указана,2025,48,none,,Зерноград,222.3
2025-02-18,,,0.0089,-5.1,0.0,OSM-342464031,не указана,2025,49,modis,0.0089,Зерноград,222.3
2025-02-19,,0.6887,,-4.7,0.0,OSM-342464031,не указана,2025,50,landsat,0.6887,Зерноград,222.3
2025-02-20,0.1657,0.1991,,-5.8,0.0,OSM-342464031,не указана,2025,51,s2,0.1657,Зерноград,222.3
2025-02-21,,,,-5.6,0.0,OSM-342464031,не указана,2025,52,none,,Зерноград,222.3
2025-02-22,,,,-7.4,0.0,OSM-342464031,не указана,2025,53,none,,Зерноград,222.3
2025-02-23,,,,-6.6,1.4,OSM-342464031,не указана,2025,54,none,,Зерноград,222.3
2025-02-24,,,,-6.7,3.0,OSM-342464031,не указана,2025,55,none,,Зерноград,222.3
2025-02-25,0.0243,,,-10.1,1.1,OSM-342464031,не указана,2025,56,s2,0.0243,Зерноград,222.3
2025-02-26,,,,-12.7,0.0,OSM-342464031,не указана,2025,57,none,,Зерноград,222.3
2025-02-27,,-0.0332999999999999,,-8.6,0.0,OSM-342464031,не указана,2025,58,landsat,-0.0332999999999999,Зерноград,222.3
2025-02-28,,,,-8.6,0.2,OSM-342464031,не указана,2025,59,none,,Зерноград,222.3
2025-03-01,,,,-12.5,0.0,OSM-342464031,не указана,2025,60,none,,Зерноград,222.3
2025-03-02,,,,-8.9,0.0,OSM-342464031,не указана,2025,61,none,,Зерноград,222.3
2025-03-03,,,,-4.7,0.0,OSM-342464031,не указана,2025,62,none,,Зерноград,222.3
2025-03-04,,,,0.4,0.0,OSM-342464031,не указана,2025,63,none,,Зерноград,222.3
2025-03-05,,,,4.0,0.0,OSM-342464031,не указана,2025,64,none,,Зерноград,222.3
2025-03-06,,,0.1812,6.0,0.0,OSM-342464031,не указана,2025,65,modis,0.1812,Зерноград,222.3
2025-03-07,0.1839,0.2173999999999999,,7.3,0.0,OSM-342464031,не указана,2025,66,s2,0.1839,Зерноград,222.3
2025-03-08,,0.2371,,7.2,0.0,OSM-342464031,не указана,2025,67,landsat,0.2371,Зерноград,222.3
2025-03-09,,,,5.8,0.0,OSM-342464031,не указана,2025,68,none,,Зерноград,222.3
2025-03-10,,,,5.1,0.0,OSM-342464031,не указана,2025,69,none,,Зерноград,222.3
2025-03-11,,,,7.3,0.0,OSM-342464031,не указана,2025,70,none,,Зерноград,222.3
2025-03-12,,,,13.1,0.5,OSM-342464031,не указана,2025,71,none,,Зерноград,222.3
2025-03-13,,,,15.3,0.0,OSM-342464031,не указана,2025,72,none,,Зерноград,222.3
2025-03-14,,,,16.9,0.0,OSM-342464031,не указана,2025,73,none,,Зерноград,222.3
2025-03-15,0.1548,0.18205,,15.6,0.0,OSM-342464031,не указана,2025,74,s2,0.1548,Зерноград,222.3
2025-03-16,,,,18.4,0.5,OSM-342464031,не указана,2025,75,none,,Зерноград,222.3
2025-03-17,0.1672,,,13.0,0.3,OSM-342464031,не указана,2025,76,s2,0.1672,Зерноград,222.3
2025-03-18,,,,6.8,1.2,OSM-342464031,не указана,2025,77,none,,Зерноград,222.3
2025-03-19,,,,2.7,0.5,OSM-342464031,не указана,2025,78,none,,Зерноград,222.3
2025-03-20,,,,3.3,0.0,OSM-342464031,не указана,2025,79,none,,Зерноград,222.3
2025-03-21,,,,4.5,0.0,OSM-342464031,не указана,2025,80,none,,Зерноград,222.3
2025-03-22,,,0.2786,5.7,0.2,OSM-342464031,не указана,2025,81,modis,0.2786,Зерноград,222.3
2025-03-23,,0.12745,,6.5,0.0,OSM-342464031,не указана,2025,82,landsat,0.12745,Зерноград,222.3
2025-03-24,,,,7.1,0.0,OSM-342464031,не указана,2025,83,none,,Зерноград,222.3
2025-03-25,,,,10.1,1.4,OSM-342464031,не указана,2025,84,none,,Зерноград,222.3
2025-03-26,,,,11.4,6.4,OSM-342464031,не указана,2025,85,none,,Зерноград,222.3
2025-03-27,,,,11.1,0.0,OSM-342464031,не указана,2025,86,none,,Зерноград,222.3
2025-03-28,,,,10.5,1.1,OSM-342464031,не указана,2025,87,none,,Зерноград,222.3
2025-03-29,,,,8.8,1.7,OSM-342464031,не указана,2025,88,none,,Зерноград,222.3
2025-03-30,0.1553,,,13.1,3.7,OSM-342464031,не указана,2025,89,s2,0.1553,Зерноград,222.3
2025-03-31,,,,12.8,5.9,OSM-342464031,не указана,2025,90,none,,Зерноград,222.3
2025-04-01,0.27605,0.4165,,11.6,0.0,OSM-342464031,не указана,2025,91,s2,0.27605,Зерноград,222.3
2025-04-02,,,,14.2,0.6,OSM-342464031,не указана,2025,92,none,,Зерноград,222.3
2025-04-03,,,,14.2,0.1,OSM-342464031,не указана,2025,93,none,,Зерноград,222.3
2025-04-04,,,,13.0,0.9,OSM-342464031,не указана,2025,94,none,,Зерноград,222.3
2025-04-05,,,,12.0,1.3,OSM-342464031,не указана,2025,95,none,,Зерноград,222.3
2025-04-06,,,,11.8,1.9,OSM-342464031,не указана,2025,96,none,,Зерноград,222.3
2025-04-07,,,0.2302,12.2,6.2,OSM-342464031,не указана,2025,97,modis,0.2302,Зерноград,222.3
2025-04-08,,,,5.0,0.3,OSM-342464031,не указана,2025,98,none,,Зерноград,222.3
2025-04-09,,,,4.3,0.0,OSM-342464031,не указана,2025,99,none,,Зерноград,222.3
2025-04-10,,,,4.5,0.3,OSM-342464031,не указана,2025,100,none,,Зерноград,222.3
2025-04-11,,,,6.6,0.3,OSM-342464031,не указана,2025,101,none,,Зерноград,222.3
2025-04-12,,,,4.5,7.5,OSM-342464031,не указана,2025,102,none,,Зерноград,222.3
2025-04-13,,,,5.7,0.0,OSM-342464031,не указана,2025,103,none,,Зерноград,222.3
2025-04-14,0.1882,,,9.1,0.0,OSM-342464031,не указана,2025,104,s2,0.1882,Зерноград,222.3
2025-04-15,,,,12.7,0.0,OSM-342464031,не указана,2025,105,none,,Зерноград,222.3
2025-04-16,0.2073,0.25065,,13.2,0.0,OSM-342464031,не указана,2025,106,s2,0.2073,Зерноград,222.3
2025-04-17,,0.23195,,13.7,0.0,OSM-342464031,не указана,2025,107,landsat,0.23195,Зерноград,222.3
2025-04-18,0.2119,,,14.2,0.0,OSM-342464031,не указана,2025,108,s2,0.2119,Зерноград,222.3
2025-04-19,0.2197,,,15.3,0.0,OSM-342464031,не указана,2025,109,s2,0.2197,Зерноград,222.3
2025-04-20,,,,15.4,0.0,OSM-342464031,не указана,2025,110,none,,Зерноград,222.3
2025-04-21,,,,13.5,0.2,OSM-342464031,не указана,2025,111,none,,Зерноград,222.3
2025-04-22,,,,13.9,0.5,OSM-342464031,не указана,2025,112,none,,Зерноград,222.3
2025-04-23,,,0.3683,15.7,0.2,OSM-342464031,не указана,2025,113,modis,0.3683,Зерноград,222.3
2025-04-24,,,,15.8,0.3,OSM-342464031,не указана,2025,114,none,,Зерноград,222.3
2025-04-25,,,,16.6,0.4,OSM-342464031,не указана,2025,115,none,,Зерноград,222.3
2025-04-26,,,,15.0,16.2,OSM-342464031,не указана,2025,116,none,,Зерноград,222.3
2025-04-27,,,,8.0,0.6,OSM-342464031,не указана,2025,117,none,,Зерноград,222.3
2025-04-28,,,,6.2,0.0,OSM-342464031,не указана,2025,118,none,,Зерноград,222.3
2025-04-29,0.5483,,,8.3,0.0,OSM-342464031,не указана,2025,119,s2,0.5483,Зерноград,222.3
2025-04-30,,,,10.7,0.0,OSM-342464031,не указана,2025,120,none,,Зерноград,222.3
2025-05-01,0.3778,,,14.3,0.0,OSM-342464031,не указана,2025,121,s2,0.3778,Зерноград,222.3
2025-05-02,,,,14.2,0.1,OSM-342464031,не указана,2025,122,none,,Зерноград,222.3
2025-05-03,,0.2265,,11.9,0.0,OSM-342464031,не указана,2025,123,landsat,0.2265,Зерноград,222.3
2025-05-04,0.2078,,,15.1,0.1,OSM-342464031,не указана,2025,124,s2,0.2078,Зерноград,222.3
2025-05-05,,,,17.7,0.4,OSM-342464031,не указана,2025,125,none,,Зерноград,222.3
2025-05-06,0.1945,,,18.7,0.1,OSM-342464031,не указана,2025,126,s2,0.1945,Зерноград,222.3
2025-05-07,,,,18.7,1.8,OSM-342464031,не указана,2025,127,none,,Зерноград,222.3
2025-05-08,,,,16.0,2.5,OSM-342464031,не указана,2025,128,none,,Зерноград,222.3
2025-05-09,,,0.3855,15.9,10.0,OSM-342464031,не указана,2025,129,modis,0.3855,Зерноград,222.3
2025-05-10,,,,12.9,1.0,OSM-342464031,не указана,2025,130,none,,Зерноград,222.3
2025-05-11,,,,12.2,0.0,OSM-342464031,не указана,2025,131,none,,Зерноград,222.3
2025-05-12,,,,13.1,0.6,OSM-342464031,не указана,2025,132,none,,Зерноград,222.3
2025-05-13,,,,14.2,0.7,OSM-342464031,не указана,2025,133,none,,Зерноград,222.3
2025-05-14,0.2207,,,12.9,0.0,OSM-342464031,не указана,2025,134,s2,0.2207,Зерноград,222.3
2025-05-15,,,,13.9,0.2,OSM-342464031,не указана,2025,135,none,,Зерноград,222.3
2025-05-16,0.1942,,,16.5,0.2,OSM-342464031,не указана,2025,136,s2,0.1942,Зерноград,222.3
2025-05-17,,,,19.3,1.4,OSM-342464031,не указана,2025,137,none,,Зерноград,222.3
2025-05-18,,,,16.9,1.6,OSM-342464031,не указана,2025,138,none,,Зерноград,222.3
2025-05-19,,,,14.9,4.6,OSM-342464031,не указана,2025,139,none,,Зерноград,222.3
2025-05-20,,,,15.0,8.0,OSM-342464031,не указана,2025,140,none,,Зерноград,222.3
2025-05-21,,,,14.6,5.7,OSM-342464031,не указана,2025,141,none,,Зерноград,222.3
2025-05-22,,,,17.2,0.1,OSM-342464031,не указана,2025,142,none,,Зерноград,222.3
2025-05-23,,,,20.2,0.0,OSM-342464031,не указана,2025,143,none,,Зерноград,222.3
2025-05-24,0.2236,,,22.0,0.0,OSM-342464031,не указана,2025,144,s2,0.2236,Зерноград,222.3
2025-05-25,,,0.4687,23.7,0.0,OSM-342464031,не указана,2025,145,modis,0.4687,Зерноград,222.3
2025-05-26,,,,23.0,0.0,OSM-342464031,не указана,2025,146,none,,Зерноград,222.3
2025-05-27,,0.3087,,22.6,0.0,OSM-342464031,не указана,2025,147,landsat,0.3087,Зерноград,222.3
2025-05-28,0.0375,,,22.9,0.0,OSM-342464031,не указана,2025,148,s2,0.0375,Зерноград,222.3
2025-05-29,,,,19.2,1.2,OSM-342464031,не указана,2025,149,none,,Зерноград,222.3
2025-05-30,,,,20.2,1.4,OSM-342464031,не указана,2025,150,none,,Зерноград,222.3
2025-05-31,,,,19.3,0.3,OSM-342464031,не указана,2025,151,none,,Зерноград,222.3
2025-06-01,,,,20.2,0.9,OSM-342464031,не указана,2025,152,none,,Зерноград,222.3
2025-06-02,,,,22.4,0.0,OSM-342464031,не указана,2025,153,none,,Зерноград,222.3
2025-06-03,0.3956,0.4195,,23.2,0.0,OSM-342464031,не указана,2025,154,s2,0.3956,Зерноград,222.3
2025-06-04,,0.3831,,24.4,0.7,OSM-342464031,не указана,2025,155,landsat,0.3831,Зерноград,222.3
2025-06-05,0.4053,,,21.5,0.0,OSM-342464031,не указана,2025,156,s2,0.4053,Зерноград,222.3
2025-06-06,,,,22.6,0.0,OSM-342464031,не указана,2025,157,none,,Зерноград,222.3
2025-06-07,0.3823,,,25.6,0.0,OSM-342464031,не указана,2025,158,s2,0.3823,Зерноград,222.3
2025-06-08,0.4098,,,27.8,0.0,OSM-342464031,не указана,2025,159,s2,0.4098,Зерноград,222.3
2025-06-09,,,,28.7,0.0,OSM-342464031,не указана,2025,160,none,,Зерноград,222.3
2025-06-10,0.4034,,0.5209,26.4,2.8,OSM-342464031,не указана,2025,161,s2,0.4034,Зерноград,222.3
2025-06-11,,0.4714,,23.5,0.0,OSM-342464031,не указана,2025,162,landsat,0.4714,Зерноград,222.3
2025-06-12,,,,23.0,0.4,OSM-342464031,не указана,2025,163,none,,Зерноград,222.3
2025-06-13,,,,21.6,0.2,OSM-342464031,не указана,2025,164,none,,Зерноград,222.3
2025-06-14,,,,20.0,0.4,OSM-342464031,не указана,2025,165,none,,Зерноград,222.3
2025-06-15,,,,18.0,1.7,OSM-342464031,не указана,2025,166,none,,Зерноград,222.3
2025-06-16,,,,17.4,1.3,OSM-342464031,не указана,2025,167,none,,Зерноград,222.3
2025-06-17,,,,20.4,1.1,OSM-342464031,не указана,2025,168,none,,Зерноград,222.3
2025-06-18,,,,20.4,2.2,OSM-342464031,не указана,2025,169,none,,Зерноград,222.3
2025-06-19,,,,21.7,2.8,OSM-342464031,не указана,2025,170,none,,Зерноград,222.3
2025-06-20,,,,18.8,6.7,OSM-342464031,не указана,2025,171,none,,Зерноград,222.3
2025-06-21,,,,17.3,0.2,OSM-342464031,не указана,2025,172,none,,Зерноград,222.3
2025-06-22,,,,18.8,1.0,OSM-342464031,не указана,2025,173,none,,Зерноград,222.3
2025-06-23,,,,16.7,5.7,OSM-342464031,не указана,2025,174,none,,Зерноград,222.3
2025-06-24,,,,18.3,0.1,OSM-342464031,не указана,2025,175,none,,Зерноград,222.3
2025-06-25,,,,20.3,0.8,OSM-342464031,не указана,2025,176,none,,Зерноград,222.3
2025-06-26,,,0.639,21.5,1.8,OSM-342464031,не указана,2025,177,modis,0.639,Зерноград,222.3
2025-06-27,0.5521,0.6406000000000001,,20.3,0.0,OSM-342464031,не указана,2025,178,s2,0.5521,Зерноград,222.3
2025-06-28,,,,22.1,2.8,OSM-342464031,не указана,2025,179,none,,Зерноград,222.3
2025-06-29,,,,19.3,6.5,OSM-342464031,не указана,2025,180,none,,Зерноград,222.3
2025-06-30,0.6292,,,20.0,2.2,OSM-342464031,не указана,2025,181,s2,0.6292,Зерноград,222.3
2025-07-01,,,,20.1,0.1,OSM-342464031,не указана,2025,182,none,,Зерноград,222.3
2025-07-02,,,,20.3,0.1,OSM-342464031,не указана,2025,183,none,,Зерноград,222.3
2025-07-03,,,,19.4,2.1,OSM-342464031,не указана,2025,184,none,,Зерноград,222.3
2025-07-04,,,,23.0,0.0,OSM-342464031,не указана,2025,185,none,,Зерноград,222.3
2025-07-05,0.5539,0.5378000000000001,,25.9,0.0,OSM-342464031,не указана,2025,186,s2,0.5539,Зерноград,222.3
2025-07-06,,0.4792,,24.9,2.1,OSM-342464031,не указана,2025,187,landsat,0.4792,Зерноград,222.3
2025-07-07,0.4423,,,27.5,0.0,OSM-342464031,не указана,2025,188,s2,0.4423,Зерноград,222.3
2025-07-08,0.3876,,,29.7,0.0,OSM-342464031,не указана,2025,189,s2,0.3876,Зерноград,222.3
2025-07-09,,,,28.7,0.0,OSM-342464031,не указана,2025,190,none,,Зерноград,222.3
2025-07-10,0.33815,,,30.6,0.0,OSM-342464031,не указана,2025,191,s2,0.33815,Зерноград,222.3
2025-07-11,,,,30.5,0.0,OSM-342464031,не указана,2025,192,none,,Зерноград,222.3
2025-07-12,,,0.4439,31.4,0.0,OSM-342464031,не указана,2025,193,modis,0.4439,Зерноград,222.3
2025-07-13,0.2797,0.3137,,33.2,0.0,OSM-342464031,не указана,2025,194,s2,0.2797,Зерноград,222.3
2025-07-14,,0.3248,,30.5,0.0,OSM-342464031,не указана,2025,195,landsat,0.3248,Зерноград,222.3
2025-07-15,0.2996,,,29.2,0.0,OSM-342464031,не указана,2025,196,s2,0.2996,Зерноград,222.3
2025-07-16,,,,29.4,0.0,OSM-342464031,не указана,2025,197,none,,Зерноград,222.3
2025-07-17,0.2588,,,29.1,0.0,OSM-342464031,не указана,2025,198,s2,0.2588,Зерноград,222.3
2025-07-18,0.2531,,,30.0,0.0,OSM-342464031,не указана,2025,199,s2,0.2531,Зерноград,222.3
2025-07-19,,,,30.6,0.0,OSM-342464031,не указана,2025,200,none,,Зерноград,222.3
2025-07-20,,,,24.0,4.3,OSM-342464031,не указана,2025,201,none,,Зерноград,222.3
2025-07-21,,0.48105,,25.5,0.0,OSM-342464031,не указана,2025,202,landsat,0.48105,Зерноград,222.3
2025-07-22,,0.4298,,27.9,0.0,OSM-342464031,не указана,2025,203,landsat,0.4298,Зерноград,222.3
2025-07-23,0.2846,,,28.4,0.6,OSM-342464031,не указана,2025,204,s2,0.2846,Зерноград,222.3
2025-07-24,,,,27.3,0.0,OSM-342464031,не указана,2025,205,none,,Зерноград,222.3
2025-07-25,0.3646,,,27.0,0.0,OSM-342464031,не указана,2025,206,s2,0.3646,Зерноград,222.3
2025-07-26,,,,28.4,0.0,OSM-342464031,не указана,2025,207,none,,Зерноград,222.3
2025-07-27,,,,26.9,0.0,OSM-342464031,не указана,2025,208,none,,Зерноград,222.3
2025-07-28,0.2831,,0.4275,25.7,0.0,OSM-342464031,не указана,2025,209,s2,0.2831,Зерноград,222.3
2025-07-29,,0.30445,,27.6,0.0,OSM-342464031,не указана,2025,210,landsat,0.30445,Зерноград,222.3
2025-07-30,0.2524,0.2958,,30.6,0.0,OSM-342464031,не указана,2025,211,s2,0.2524,Зерноград,222.3
2025-07-31,,,,29.6,0.0,OSM-342464031,не указана,2025,212,none,,Зерноград,222.3
2025-08-01,,,,28.2,0.0,OSM-342464031,не указана,2025,213,none,,Зерноград,222.3
2025-08-02,0.1817,,,29.8,0.0,OSM-342464031,не указана,2025,214,s2,0.1817,Зерноград,222.3
2025-08-03,,,,26.3,9.1,OSM-342464031,не указана,2025,215,none,,Зерноград,222.3
2025-08-04,,,,25.8,7.8,OSM-342464031,не указана,2025,216,none,,Зерноград,222.3
2025-08-05,,,,26.0,0.0,OSM-342464031,не указана,2025,217,none,,Зерноград,222.3
2025-08-06,0.2151,0.26875,,28.8,0.0,OSM-342464031,не указана,2025,218,s2,0.2151,Зерноград,222.3
2025-08-07,0.2122,0.2627,,30.4,0.0,OSM-342464031,не указана,2025,219,s2,0.2122,Зерноград,222.3
2025-08-08,,,,28.3,0.0,OSM-342464031,не указана,2025,220,none,,Зерноград,222.3
2025-08-09,0.225,,,25.4,4.7,OSM-342464031,не указана,2025,221,s2,0.225,Зерноград,222.3
2025-08-10,,,,24.2,0.0,OSM-342464031,не указана,2025,222,none,,Зерноград,222.3
2025-08-11,,,,23.2,2.5,OSM-342464031,не указана,2025,223,none,,Зерноград,222.3
2025-08-12,0.2223,,,21.6,0.0,OSM-342464031,не указана,2025,224,s2,0.2223,Зерноград,222.3
2025-08-13,,,0.3375,21.8,0.0,OSM-342464031,не указана,2025,225,modis,0.3375,Зерноград,222.3
2025-08-14,0.2015,0.2707,,22.8,0.0,OSM-342464031,не указана,2025,226,s2,0.2015,Зерноград,222.3
2025-08-15,,0.2429,,21.7,0.0,OSM-342464031,не указана,2025,227,landsat,0.2429,Зерноград,222.3
2025-08-16,0.1985,,,22.4,0.0,OSM-342464031,не указана,2025,228,s2,0.1985,Зерноград,222.3
2025-08-17,0.1906,,,25.4,0.0,OSM-342464031,не указана,2025,229,s2,0.1906,Зерноград,222.3
2025-08-18,,,,26.8,0.0,OSM-342464031,не указана,2025,230,none,,Зерноград,222.3
2025-08-19,0.1794,,,21.9,0.0,OSM-342464031,не указана,2025,231,s2,0.1794,Зерноград,222.3
2025-08-20,,,,24.2,0.0,OSM-342464031,не указана,2025,232,none,,Зерноград,222.3
2025-08-21,,,,24.8,0.1,OSM-342464031,не указана,2025,233,none,,Зерноград,222.3
2025-08-22,0.1797,0.22305,,25.8,0.0,OSM-342464031,не указана,2025,234,s2,0.1797,Зерноград,222.3
2025-08-23,,0.2245,,26.8,0.0,OSM-342464031,не указана,2025,235,landsat,0.2245,Зерноград,222.3
2025-08-24,0.1526,,,22.4,0.0,OSM-342464031,не указана,2025,236,s2,0.1526,Зерноград,222.3
2025-08-25,,,,19.4,0.0,OSM-342464031,не указана,2025,237,none,,Зерноград,222.3
2025-08-26,,,,19.2,0.0,OSM-342464031,не указана,2025,238,none,,Зерноград,222.3
2025-08-27,0.1858,,,21.2,0.0,OSM-342464031,не указана,2025,239,s2,0.1858,Зерноград,222.3
2025-08-28,,,,23.2,0.0,OSM-342464031,не указана,2025,240,none,,Зерноград,222.3
2025-08-29,0.1731,,0.2726,25.4,0.0,OSM-342464031,не указана,2025,241,s2,0.1731,Зерноград,222.3
2025-08-30,,0.21265,,27.3,0.0,OSM-342464031,не указана,2025,242,landsat,0.21265,Зерноград,222.3
2025-08-31,,0.2173,,26.5,0.0,OSM-342464031,не указана,2025,243,landsat,0.2173,Зерноград,222.3
2025-09-01,0.1605,,,27.6,0.0,OSM-342464031,не указана,2025,244,s2,0.1605,Зерноград,222.3
2025-09-02,,,,25.6,1.3,OSM-342464031,не указана,2025,245,none,,Зерноград,222.3
2025-09-03,0.2039,,,24.4,0.4,OSM-342464031,не указана,2025,246,s2,0.2039,Зерноград,222.3
2025-09-04,,,,20.0,0.0,OSM-342464031,не указана,2025,247,none,,Зерноград,222.3
2025-09-05,0.1613,,,18.9,0.0,OSM-342464031,не указана,2025,248,s2,0.1613,Зерноград,222.3
2025-09-06,0.1334,,,19.4,0.0,OSM-342464031,не указана,2025,249,s2,0.1334,Зерноград,222.3
2025-09-07,,0.2248,,21.6,0.0,OSM-342464031,не указана,2025,250,landsat,0.2248,Зерноград,222.3
2025-09-08,0.1672,0.2286,,23.1,0.1,OSM-342464031,не указана,2025,251,s2,0.1672,Зерноград,222.3
2025-09-09,,,,20.9,2.1,OSM-342464031,не указана,2025,252,none,,Зерноград,222.3
2025-09-10,,,,19.0,1.4,OSM-342464031,не указана,2025,253,none,,Зерноград,222.3
2025-09-11,,,,18.8,0.0,OSM-342464031,не указана,2025,254,none,,Зерноград,222.3
2025-09-12,,,,18.2,0.0,OSM-342464031,не указана,2025,255,none,,Зерноград,222.3
2025-09-13,0.1905,,,15.4,0.0,OSM-342464031,не указана,2025,256,s2,0.1905,Зерноград,222.3
2025-09-14,,,0.2906,17.8,0.0,OSM-342464031,не указана,2025,257,modis,0.2906,Зерноград,222.3
2025-09-15,0.1805,0.22685,,18.7,0.0,OSM-342464031,не указана,2025,258,s2,0.1805,Зерноград,222.3
2025-09-16,0.1835,0.222,,18.1,0.0,OSM-342464031,не указана,2025,259,s2,0.1835,Зерноград,222.3
2025-09-17,,,,18.7,0.0,OSM-342464031,не указана,2025,260,none,,Зерноград,222.3
2025-09-18,,,,17.4,16.0,OSM-342464031,не указана,2025,261,none,,Зерноград,222.3
2025-09-19,,,,15.5,13.2,OSM-342464031,не указана,2025,262,none,,Зерноград,222.3
2025-09-20,,,,16.2,0.3,OSM-342464031,не указана,2025,263,none,,Зерноград,222.3
2025-09-21,0.1853,,,16.8,0.0,OSM-342464031,не указана,2025,264,s2,0.1853,Зерноград,222.3
2025-09-22,,,,18.1,0.0,OSM-342464031,не указана,2025,265,none,,Зерноград,222.3
2025-09-23,0.1839,0.22335,,19.8,0.0,OSM-342464031,не указана,2025,266,s2,0.1839,Зерноград,222.3
2025-09-24,,0.2284,,19.0,0.0,OSM-342464031,не указана,2025,267,landsat,0.2284,Зерноград,222.3
2025-09-25,0.1501,,,14.0,2.5,OSM-342464031,не указана,2025,268,s2,0.1501,Зерноград,222.3
2025-09-26,0.1939,,,10.3,0.0,OSM-342464031,не указана,2025,269,s2,0.1939,Зерноград,222.3
2025-09-27,,,,10.5,0.0,OSM-342464031,не указана,2025,270,none,,Зерноград,222.3
2025-09-28,,,,12.1,0.0,OSM-342464031,не указана,2025,271,none,,Зерноград,222.3
2025-09-29,,,,11.5,6.3,OSM-342464031,не указана,2025,272,none,,Зерноград,222.3
2025-09-30,,,0.2553,9.4,2.0,OSM-342464031,не указана,2025,273,modis,0.2553,Зерноград,222.3
2025-10-01,,,,11.6,0.0,OSM-342464031,не указана,2025,274,none,,Зерноград,222.3
2025-10-02,,0.2308,,12.3,0.0,OSM-342464031,не указана,2025,275,landsat,0.2308,Зерноград,222.3
2025-10-03,,,,13.7,0.0,OSM-342464031,не указана,2025,276,none,,Зерноград,222.3
2025-10-04,,,,15.9,0.0,OSM-342464031,не указана,2025,277,none,,Зерноград,222.3
2025-10-05,,,,14.1,8.6,OSM-342464031,не указана,2025,278,none,,Зерноград,222.3
2025-10-06,,,,14.4,0.0,OSM-342464031,не указана,2025,279,none,,Зерноград,222.3
2025-10-07,,,,16.5,0.0,OSM-342464031,не указана,2025,280,none,,Зерноград,222.3
2025-10-08,0.15895,,,17.1,0.0,OSM-342464031,не указана,2025,281,s2,0.15895,Зерноград,222.3
2025-10-09,,,,15.7,6.7,OSM-342464031,не указана,2025,282,none,,Зерноград,222.3
2025-10-10,,,,14.6,2.2,OSM-342464031,не указана,2025,283,none,,Зерноград,222.3
2025-10-11,,,,13.1,0.4,OSM-342464031,не указана,2025,284,none,,Зерноград,222.3
2025-10-12,,,,12.2,0.0,OSM-342464031,не указана,2025,285,none,,Зерноград,222.3
2025-10-13,0.111,,,11.6,2.0,OSM-342464031,не указана,2025,286,s2,0.111,Зерноград,222.3
2025-10-14,,,,8.4,0.0,OSM-342464031,не указана,2025,287,none,,Зерноград,222.3
2025-10-15,,,,9.6,0.4,OSM-342464031,не указана,2025,288,none,,Зерноград,222.3
2025-10-16,0.2032,,0.3103,6.8,0.0,OSM-342464031,не указана,2025,289,s2,0.2032,Зерноград,222.3
2025-10-17,,,,7.5,0.0,OSM-342464031,не указана,2025,290,none,,Зерноград,222.3
2025-10-18,0.1775499999999999,0.3969,,10.1,1.7,OSM-342464031,не указана,2025,291,s2,0.1775499999999999,Зерноград,222.3
2025-10-19,,,,12.0,5.3,OSM-342464031,не указана,2025,292,none,,Зерноград,222.3
2025-10-20,,,,9.0,0.5,OSM-342464031,не указана,2025,293,none,,Зерноград,222.3
2025-10-21,,,,7.6,3.5,OSM-342464031,не указана,2025,294,none,,Зерноград,222.3
2025-10-22,,,,9.1,0.0,OSM-342464031,не указана,2025,295,none,,Зерноград,222.3
2025-10-23,,,,10.4,0.0,OSM-342464031,не указана,2025,296,none,,Зерноград,222.3
2025-10-24,,,,12.7,0.1,OSM-342464031,не указана,2025,297,none,,Зерноград,222.3
2025-10-25,,-0.0545,,11.7,6.7,OSM-342464031,не указана,2025,298,landsat,-0.0545,Зерноград,222.3
2025-10-26,,,,9.6,0.0,OSM-342464031,не указана,2025,299,none,,Зерноград,222.3
2025-10-27,,,,11.9,5.8,OSM-342464031,не указана,2025,300,none,,Зерноград,222.3
2025-10-28,,,,13.0,1.2,OSM-342464031,не указана,2025,301,none,,Зерноград,222.3
2025-10-29,,,,10.8,1.0,OSM-342464031,не указана,2025,302,none,,Зерноград,222.3
2025-10-30,,,,9.5,0.2,OSM-342464031,не указана,2025,303,none,,Зерноград,222.3
2025-10-31,,,,11.3,5.9,OSM-342464031,не указана,2025,304,none,,Зерноград,222.3
2025-11-01,,,0.2756,10.1,0.0,OSM-342464031,не указана,2025,305,modis,0.2756,Зерноград,222.3
2021-01-01,,,0.3238,1.5,0.0,OSM-343316597,не указана,2021,1,modis,0.3238,Зерноград,168.2
2021-01-02,,,,2.3,0.0,OSM-343316597,не указана,2021,2,none,,Зерноград,168.2
2021-01-03,,,,1.6,0.1,OSM-343316597,не указана,2021,3,none,,Зерноград,168.2
2021-01-04,,,,0.9,0.0,OSM-343316597,не указана,2021,4,none,,Зерноград,168.2
2021-01-05,,,,1.2,0.0,OSM-343316597,не указана,2021,5,none,,Зерноград,168.2
2021-01-06,,,,1.4,3.0,OSM-343316597,не указана,2021,6,none,,Зерноград,168.2
2021-01-07,,,,4.8,1.0,OSM-343316597,не указана,2021,7,none,,Зерноград,168.2
2021-01-08,,,,5.3,7.3,OSM-343316597,не указана,2021,8,none,,Зерноград,168.2
2021-01-09,,,,7.0,8.8,OSM-343316597,не указана,2021,9,none,,Зерноград,168.2
2021-01-10,,,,-0.1,0.1,OSM-343316597,не указана,2021,10,none,,Зерноград,168.2
2021-01-11,,,,-1.5,0.0,OSM-343316597,не указана,2021,11,none,,Зерноград,168.2
2021-01-12,,,,-1.2,2.4,OSM-343316597,не указана,2021,12,none,,Зерноград,168.2
2021-01-13,,,,2.5,13.8,OSM-343316597,не указана,2021,13,none,,Зерноград,168.2
2021-01-14,,,,-0.8,0.4,OSM-343316597,не указана,2021,14,none,,Зерноград,168.2
2021-01-15,,,,-3.2,6.3,OSM-343316597,не указана,2021,15,none,,Зерноград,168.2
2021-01-16,,,,-7.1,0.0,OSM-343316597,не указана,2021,16,none,,Зерноград,168.2
2021-01-17,,,-0.0117,-7.8,12.0,OSM-343316597,не указана,2021,17,modis,-0.0117,Зерноград,168.2
2021-01-18,,,,-7.2,1.7,OSM-343316597,не указана,2021,18,none,,Зерноград,168.2
2021-01-19,,,,-10.8,0.7,OSM-343316597,не указана,2021,19,none,,Зерноград,168.2
2021-01-20,,,,-16.5,0.0,OSM-343316597,не указана,2021,20,none,,Зерноград,168.2
2021-01-21,,,,-15.9,0.0,OSM-343316597,не указана,2021,21,none,,Зерноград,168.2
2021-01-22,,,,2.4,0.0,OSM-343316597,не указана,2021,22,none,,Зерноград,168.2
2021-01-23,,,,1.8,0.2,OSM-343316597,не указана,2021,23,none,,Зерноград,168.2
2021-01-24,,,,0.3,0.0,OSM-343316597,не указана,2021,24,none,,Зерноград,168.2
2021-01-25,,,,1.6,0.0,OSM-343316597,не указана,2021,25,none,,Зерноград,168.2
2021-01-26,,,,4.4,0.3,OSM-343316597,не указана,2021,26,none,,Зерноград,168.2
2021-01-27,,,,3.3,0.0,OSM-343316597,не указана,2021,27,none,,Зерноград,168.2
2021-01-28,,,,2.4,5.1,OSM-343316597,не указана,2021,28,none,,Зерноград,168.2
2021-01-29,,,,2.0,0.4,OSM-343316597,не указана,2021,29,none,,Зерноград,168.2
2021-01-30,,,,3.1,0.1,OSM-343316597,не указана,2021,30,none,,Зерноград,168.2
2021-01-31,,,,4.4,1.2,OSM-343316597,не указана,2021,31,none,,Зерноград,168.2
2021-02-01,,0.2372,,6.7,0.0,OSM-343316597,не указана,2021,32,landsat,0.2372,Зерноград,168.2
2021-02-02,,,0.0894,8.4,0.4,OSM-343316597,не указана,2021,33,modis,0.0894,Зерноград,168.2
2021-02-03,,,,7.2,0.4,OSM-343316597,не указана,2021,34,none,,Зерноград,168.2
2021-02-04,,,,8.7,1.2,OSM-343316597,не указана,2021,35,none,,Зерноград,168.2
2021-02-05,,,,3.4,3.4,OSM-343316597,не указана,2021,36,none,,Зерноград,168.2
2021-02-06,,,,-3.7,0.0,OSM-343316597,не указана,2021,37,none,,Зерноград,168.2
2021-02-07,,,,-5.0,0.0,OSM-343316597,не указана,2021,38,none,,Зерноград,168.2
2021-02-08,,,,-6.3,6.8,OSM-343316597,не указана,2021,39,none,,Зерноград,168.2
2021-02-09,,,,1.0,2.6,OSM-343316597,не указана,2021,40,none,,Зерноград,168.2
2021-02-10,,,,3.1,0.7,OSM-343316597,не указана,2021,41,none,,Зерноград,168.2
2021-02-11,,,,7.7,0.3,OSM-343316597,не указана,2021,42,none,,Зерноград,168.2
2021-02-12,,,,6.6,0.0,OSM-343316597,не указана,2021,43,none,,Зерноград,168.2
2021-02-13,,,,-3.9,1.2,OSM-343316597,не указана,2021,44,none,,Зерноград,168.2
2021-02-14,,,,-5.3,0.0,OSM-343316597,не указана,2021,45,none,,Зерноград,168.2
2021-02-15,,,,-6.0,0.0,OSM-343316597,не указана,2021,46,none,,Зерноград,168.2
2021-02-16,,,,-6.1,0.4,OSM-343316597,не указана,2021,47,none,,Зерноград,168.2
2021-02-17,,,,-8.1,0.0,OSM-343316597,не указана,2021,48,none,,Зерноград,168.2
2021-02-18,,,0.2604,-8.5,0.0,OSM-343316597,не указана,2021,49,modis,0.2604,Зерноград,168.2
2021-02-19,,,,-7.0,0.2,OSM-343316597,не указана,2021,50,none,,Зерноград,168.2
2021-02-20,,,,-4.6,0.0,OSM-343316597,не указана,2021,51,none,,Зерноград,168.2
2021-02-21,,,,-1.6,0.7,OSM-343316597,не указана,2021,52,none,,Зерноград,168.2
2021-02-22,,,,1.0,9.0,OSM-343316597,не указана,2021,53,none,,Зерноград,168.2
2021-02-23,,,,-9.9,2.8,OSM-343316597,не указана,2021,54,none,,Зерноград,168.2
2021-02-24,,,,-13.5,0.0,OSM-343316597,не указана,2021,55,none,,Зерноград,168.2
2021-02-25,,,,-6.4,0.0,OSM-343316597,не указана,2021,56,none,,Зерноград,168.2
2021-02-26,,,,3.1,0.4,OSM-343316597,не указана,2021,57,none,,Зерноград,168.2
2021-02-27,,,,4.7,3.5,OSM-343316597,не указана,2021,58,none,,Зерноград,168.2
2021-02-28,,,,2.1,0.4,OSM-343316597,не указана,2021,59,none,,Зерноград,168.2
2021-03-01,,,,1.2,1.6,OSM-343316597,не указана,2021,60,none,,Зерноград,168.2
2021-03-02,,,,1.7,1.1,OSM-343316597,не указана,2021,61,none,,Зерноград,168.2
2021-03-03,,,,1.3,4.5,OSM-343316597,не указана,2021,62,none,,Зерноград,168.2
2021-03-04,,0.28205,,2.5,0.0,OSM-343316597,не указана,2021,63,landsat,0.28205,Зерноград,168.2
2021-03-05,,,,5.2,0.0,OSM-343316597,не указана,2021,64,none,,Зерноград,168.2
2021-03-06,,,0.212,3.5,1.1,OSM-343316597,не указана,2021,65,modis,0.212,Зерноград,168.2
2021-03-07,,,,-0.9,0.0,OSM-343316597,не указана,2021,66,none,,Зерноград,168.2
2021-03-08,,,,1.7,0.2,OSM-343316597,не указана,2021,67,none,,Зерноград,168.2
2021-03-09,,,,0.5,1.0,OSM-343316597,не указана,2021,68,none,,Зерноград,168.2
2021-03-10,,,,-2.4,0.0,OSM-343316597,не указана,2021,69,none,,Зерноград,168.2
2021-03-11,,,,-5.4,0.0,OSM-343316597,не указана,2021,70,none,,Зерноград,168.2
2021-03-12,,0.1853,,-5.9,0.0,OSM-343316597,не указана,2021,71,landsat,0.1853,Зерноград,168.2
2021-03-13,,,,-1.0,0.3,OSM-343316597,не указана,2021,72,none,,Зерноград,168.2
2021-03-14,,,,2.2,0.2,OSM-343316597,не указана,2021,73,none,,Зерноград,168.2
2021-03-15,,,,4.0,0.0,OSM-343316597,не указана,2021,74,none,,Зерноград,168.2
2021-03-16,,,,4.6,1.4,OSM-343316597,не указана,2021,75,none,,Зерноград,168.2
2021-03-17,,,,7.1,4.2,OSM-343316597,не указана,2021,76,none,,Зерноград,168.2
2021-03-18,,,,4.9,17.5,OSM-343316597,не указана,2021,77,none,,Зерноград,168.2
2021-03-19,,,,5.4,3.2,OSM-343316597,не указана,2021,78,none,,Зерноград,168.2
2021-03-20,,,,4.1,2.0,OSM-343316597,не указана,2021,79,none,,Зерноград,168.2
2021-03-21,,,,1.9,0.3,OSM-343316597,не указана,2021,80,none,,Зерноград,168.2
2021-03-22,,,0.2351,2.9,2.6,OSM-343316597,не указана,2021,81,modis,0.2351,Зерноград,168.2
2021-03-23,,,,3.7,7.3,OSM-343316597,не указана,2021,82,none,,Зерноград,168.2
2021-03-24,,,,1.9,6.4,OSM-343316597,не указана,2021,83,none,,Зерноград,168.2
2021-03-25,,,,1.5,10.2,OSM-343316597,не указана,2021,84,none,,Зерноград,168.2
2021-03-26,,,,1.3,7.1,OSM-343316597,не указана,2021,85,none,,Зерноград,168.2
2021-03-27,,,,5.1,1.2,OSM-343316597,не указана,2021,86,none,,Зерноград,168.2
2021-03-28,,,,5.5,0.8,OSM-343316597,не указана,2021,87,none,,Зерноград,168.2
2021-03-29,,,,6.1,4.9,OSM-343316597,не указана,2021,88,none,,Зерноград,168.2
2021-03-30,,,,3.6,10.4,OSM-343316597,не указана,2021,89,none,,Зерноград,168.2
2021-03-31,,,,7.0,0.0,OSM-343316597,не указана,2021,90,none,,Зерноград,168.2
2021-04-01,,,,7.9,0.0,OSM-343316597,не указана,2021,91,none,,Зерноград,168.2
2021-04-02,,,,8.7,0.0,OSM-343316597,не указана,2021,92,none,,Зерноград,168.2
2021-04-03,,,,9.1,1.1,OSM-343316597,не указана,2021,93,none,,Зерноград,168.2
2021-04-04,,,,6.5,14.6,OSM-343316597,не указана,2021,94,none,,Зерноград,168.2
2021-04-05,,,,4.2,22.3,OSM-343316597,не указана,2021,95,none,,Зерноград,168.2
2021-04-06,,0.2766499999999999,,7.6,0.1,OSM-343316597,не указана,2021,96,landsat,0.2766499999999999,Зерноград,168.2
2021-04-07,,,0.1012,12.8,1.5,OSM-343316597,не указана,2021,97,modis,0.1012,Зерноград,168.2
2021-04-08,,,,9.5,4.5,OSM-343316597,не указана,2021,98,none,,Зерноград,168.2
2021-04-09,,,,5.1,7.3,OSM-343316597,не указана,2021,99,none,,Зерноград,168.2
2021-04-10,,,,7.3,2.5,OSM-343316597,не указана,2021,100,none,,Зерноград,168.2
2021-04-11,,,,9.1,0.5,OSM-343316597,не указана,2021,101,none,,Зерноград,168.2
2021-04-12,,,,10.2,1.6,OSM-343316597,не указана,2021,102,none,,Зерноград,168.2
2021-04-13,,,,11.3,6.1,OSM-343316597,не указана,2021,103,none,,Зерноград,168.2
2021-04-14,,,,11.1,1.5,OSM-343316597,не указана,2021,104,none,,Зерноград,168.2
2021-04-15,,,,11.2,0.7,OSM-343316597,не указана,2021,105,none,,Зерноград,168.2
2021-04-16,,,,11.2,3.2,OSM-343316597,не указана,2021,106,none,,Зерноград,168.2
2021-04-17,,,,10.3,1.1,OSM-343316597,не указана,2021,107,none,,Зерноград,168.2
2021-04-18,,,,9.5,2.1,OSM-343316597,не указана,2021,108,none,,Зерноград,168.2
2021-04-19,,,,11.8,3.2,OSM-343316597,не указана,2021,109,none,,Зерноград,168.2
2021-04-20,,,,12.9,12.9,OSM-343316597,не указана,2021,110,none,,Зерноград,168.2
2021-04-21,,0.25315,,11.9,0.0,OSM-343316597,не указана,2021,111,landsat,0.25315,Зерноград,168.2
2021-04-22,,0.31205,,11.9,2.6,OSM-343316597,не указана,2021,112,landsat,0.31205,Зерноград,168.2
2021-04-23,,,0.3138,12.5,1.1,OSM-343316597,не указана,2021,113,modis,0.3138,Зерноград,168.2
2021-04-24,,,,10.8,2.6,OSM-343316597,не указана,2021,114,none,,Зерноград,168.2
2021-04-25,,,,9.3,0.4,OSM-343316597,не указана,2021,115,none,,Зерноград,168.2
2021-04-26,,,,7.4,3.1,OSM-343316597,не указана,2021,116,none,,Зерноград,168.2
2021-04-27,,,,8.8,0.0,OSM-343316597,не указана,2021,117,none,,Зерноград,168.2
2021-04-28,,,,10.7,1.5,OSM-343316597,не указана,2021,118,none,,Зерноград,168.2
2021-04-29,,0.5059,,13.0,0.0,OSM-343316597,не указана,2021,119,landsat,0.5059,Зерноград,168.2
2021-04-30,,,,15.3,0.3,OSM-343316597,не указана,2021,120,none,,Зерноград,168.2
2021-05-01,,,,15.9,0.6,OSM-343316597,не указана,2021,121,none,,Зерноград,168.2
2021-05-02,,,,17.7,0.2,OSM-343316597,не указана,2021,122,none,,Зерноград,168.2
2021-05-03,,,,20.6,0.0,OSM-343316597,не указана,2021,123,none,,Зерноград,168.2
2021-05-04,,,,13.0,1.2,OSM-343316597,не указана,2021,124,none,,Зерноград,168.2
2021-05-05,,,,11.9,0.0,OSM-343316597,не указана,2021,125,none,,Зерноград,168.2
2021-05-06,,,,15.0,0.0,OSM-343316597,не указана,2021,126,none,,Зерноград,168.2
2021-05-07,,0.65615,,15.1,0.1,OSM-343316597,не указана,2021,127,landsat,0.65615,Зерноград,168.2
2021-05-08,,0.572,,17.7,0.0,OSM-343316597,не указана,2021,128,landsat,0.572,Зерноград,168.2
2021-05-09,,,0.5619000000000001,11.2,4.7,OSM-343316597,не указана,2021,129,modis,0.5619000000000001,Зерноград,168.2
2021-05-10,,,,9.4,11.1,OSM-343316597,не указана,2021,130,none,,Зерноград,168.2
2021-05-11,,,,9.4,9.9,OSM-343316597,не указана,2021,131,none,,Зерноград,168.2
2021-05-12,,,,12.8,2.9,OSM-343316597,не указана,2021,132,none,,Зерноград,168.2
2021-05-13,,,,17.7,0.0,OSM-343316597,не указана,2021,133,none,,Зерноград,168.2
2021-05-14,,,,21.0,0.0,OSM-343316597,не указана,2021,134,none,,Зерноград,168.2
2021-05-15,,0.7735,,21.2,0.0,OSM-343316597,не указана,2021,135,landsat,0.7735,Зерноград,168.2
2021-05-16,,,,22.6,0.0,OSM-343316597,не указана,2021,136,none,,Зерноград,168.2
2021-05-17,,,,21.5,1.8,OSM-343316597,не указана,2021,137,none,,Зерноград,168.2
2021-05-18,,,,17.7,2.6,OSM-343316597,не указана,2021,138,none,,Зерноград,168.2
2021-05-19,,,,15.6,14.6,OSM-343316597,не указана,2021,139,none,,Зерноград,168.2
2021-05-20,,,,18.3,0.0,OSM-343316597,не указана,2021,140,none,,Зерноград,168.2
2021-05-21,,,,20.6,0.0,OSM-343316597,не указана,2021,141,none,,Зерноград,168.2
2021-05-22,,,,19.5,0.1,OSM-343316597,не указана,2021,142,none,,Зерноград,168.2
2021-05-23,,0.82585,,21.2,0.1,OSM-343316597,не указана,2021,143,landsat,0.82585,Зерноград,168.2
2021-05-24,,,,19.8,5.8,OSM-343316597,не указана,2021,144,none,,Зерноград,168.2
2021-05-25,,,0.8053,17.9,0.6,OSM-343316597,не указана,2021,145,modis,0.8053,Зерноград,168.2
2021-05-26,,,,19.1,0.1,OSM-343316597,не указана,2021,146,none,,Зерноград,168.2
2021-05-27,,,,20.7,0.0,OSM-343316597,не указана,2021,147,none,,Зерноград,168.2
2021-05-28,,,,22.2,0.0,OSM-343316597,не указана,2021,148,none,,Зерноград,168.2
2021-05-29,,,,22.9,10.7,OSM-343316597,не указана,2021,149,none,,Зерноград,168.2
2021-05-30,,,,18.8,6.3,OSM-343316597,не указана,2021,150,none,,Зерноград,168.2
2021-05-31,,0.8556,,20.4,0.0,OSM-343316597,не указана,2021,151,landsat,0.8556,Зерноград,168.2
2021-06-01,,,,20.1,8.4,OSM-343316597,не указана,2021,152,none,,Зерноград,168.2
2021-06-02,,,,17.8,17.5,OSM-343316597,не указана,2021,153,none,,Зерноград,168.2
2021-06-03,,,,16.0,3.5,OSM-343316597,не указана,2021,154,none,,Зерноград,168.2
2021-06-04,,,,15.7,0.5,OSM-343316597,не указана,2021,155,none,,Зерноград,168.2
2021-06-05,,,,15.7,1.0,OSM-343316597,не указана,2021,156,none,,Зерноград,168.2
2021-06-06,,,,17.0,1.9,OSM-343316597,не указана,2021,157,none,,Зерноград,168.2
2021-06-07,,,,16.2,6.7,OSM-343316597,не указана,2021,158,none,,Зерноград,168.2
2021-06-08,,,,16.8,6.6,OSM-343316597,не указана,2021,159,none,,Зерноград,168.2
2021-06-09,,,,17.5,2.9,OSM-343316597,не указана,2021,160,none,,Зерноград,168.2
2021-06-10,,,0.9094,18.6,1.0,OSM-343316597,не указана,2021,161,modis,0.9094,Зерноград,168.2
2021-06-11,,,,19.8,0.1,OSM-343316597,не указана,2021,162,none,,Зерноград,168.2
2021-06-12,,,,20.6,0.2,OSM-343316597,не указана,2021,163,none,,Зерноград,168.2
2021-06-13,,,,20.9,1.7,OSM-343316597,не указана,2021,164,none,,Зерноград,168.2
2021-06-14,,,,22.0,0.0,OSM-343316597,не указана,2021,165,none,,Зерноград,168.2
2021-06-15,,,,21.9,0.8,OSM-343316597,не указана,2021,166,none,,Зерноград,168.2
2021-06-16,,0.8296,,24.0,0.8,OSM-343316597,не указана,2021,167,landsat,0.8296,Зерноград,168.2
2021-06-17,,,,21.6,12.1,OSM-343316597,не указана,2021,168,none,,Зерноград,168.2
2021-06-18,,,,22.1,0.0,OSM-343316597,не указана,2021,169,none,,Зерноград,168.2
2021-06-19,,,,25.3,0.0,OSM-343316597,не указана,2021,170,none,,Зерноград,168.2
2021-06-20,,,,26.1,0.0,OSM-343316597,не указана,2021,171,none,,Зерноград,168.2
2021-06-21,,,,26.7,0.0,OSM-343316597,не указана,2021,172,none,,Зерноград,168.2
2021-06-22,,,,27.0,0.0,OSM-343316597,не указана,2021,173,none,,Зерноград,168.2
2021-06-23,,,,27.5,0.0,OSM-343316597,не указана,2021,174,none,,Зерноград,168.2
2021-06-24,,,,26.3,0.0,OSM-343316597,не указана,2021,175,none,,Зерноград,168.2
2021-06-25,,,,26.0,0.0,OSM-343316597,не указана,2021,176,none,,Зерноград,168.2
2021-06-26,,,0.4317,26.2,1.1,OSM-343316597,не указана,2021,177,modis,0.4317,Зерноград,168.2
2021-06-27,,,,24.9,5.7,OSM-343316597,не указана,2021,178,none,,Зерноград,168.2
2021-06-28,,,,24.9,2.0,OSM-343316597,не указана,2021,179,none,,Зерноград,168.2
2021-06-29,,,,24.3,2.1,OSM-343316597,не указана,2021,180,none,,Зерноград,168.2
2021-06-30,,,,24.1,0.1,OSM-343316597,не указана,2021,181,none,,Зерноград,168.2
2021-07-01,,,,25.3,0.1,OSM-343316597,не указана,2021,182,none,,Зерноград,168.2
2021-07-02,,0.4778,,27.2,0.0,OSM-343316597,не указана,2021,183,landsat,0.4778,Зерноград,168.2
2021-07-03,,,,28.9,0.0,OSM-343316597,не указана,2021,184,none,,Зерноград,168.2
2021-07-04,,,,27.9,1.7,OSM-343316597,не указана,2021,185,none,,Зерноград,168.2
2021-07-05,,,,22.5,14.2,OSM-343316597,не указана,2021,186,none,,Зерноград,168.2
2021-07-06,,,,22.3,3.7,OSM-343316597,не указана,2021,187,none,,Зерноград,168.2
2021-07-07,,,,23.1,0.9,OSM-343316597,не указана,2021,188,none,,Зерноград,168.2
2021-07-08,,,,23.6,0.0,OSM-343316597,не указана,2021,189,none,,Зерноград,168.2
2021-07-09,,,,24.5,0.0,OSM-343316597,не указана,2021,190,none,,Зерноград,168.2
2021-07-10,,0.4364,,26.7,0.0,OSM-343316597,не указана,2021,191,landsat,0.4364,Зерноград,168.2
2021-07-11,,0.3460499999999999,,27.3,0.0,OSM-343316597,не указана,2021,192,landsat,0.3460499999999999,Зерноград,168.2
2021-07-12,,,0.3019,27.9,0.0,OSM-343316597,не указана,2021,193,modis,0.3019,Зерноград,168.2
2021-07-13,,,,26.3,0.0,OSM-343316597,не указана,2021,194,none,,Зерноград,168.2
2021-07-14,,,,26.5,0.0,OSM-343316597,не указана,2021,195,none,,Зерноград,168.2
2021-07-15,,,,27.6,0.0,OSM-343316597,не указана,2021,196,none,,Зерноград,168.2
2021-07-16,,,,28.6,0.0,OSM-343316597,не указана,2021,197,none,,Зерноград,168.2
2021-07-17,,,,29.1,0.0,OSM-343316597,не указана,2021,198,none,,Зерноград,168.2
2021-07-18,,0.2553,,30.8,0.0,OSM-343316597,не указана,2021,199,landsat,0.2553,Зерноград,168.2
2021-07-19,,,,31.5,0.0,OSM-343316597,не указана,2021,200,none,,Зерноград,168.2
2021-07-20,,,,31.8,0.0,OSM-343316597,не указана,2021,201,none,,Зерноград,168.2
2021-07-21,,,,30.9,0.0,OSM-343316597,не указана,2021,202,none,,Зерноград,168.2
2021-07-22,,,,24.6,19.3,OSM-343316597,не указана,2021,203,none,,Зерноград,168.2
2021-07-23,,,,22.9,1.3,OSM-343316597,не указана,2021,204,none,,Зерноград,168.2
2021-07-24,,,,23.2,0.0,OSM-343316597,не указана,2021,205,none,,Зерноград,168.2
2021-07-25,,,,25.5,0.0,OSM-343316597,не указана,2021,206,none,,Зерноград,168.2
2021-07-26,,0.28215,,27.2,0.0,OSM-343316597,не указана,2021,207,landsat,0.28215,Зерноград,168.2
2021-07-27,,,,25.2,0.0,OSM-343316597,не указана,2021,208,none,,Зерноград,168.2
2021-07-28,,,0.2752,24.5,0.0,OSM-343316597,не указана,2021,209,modis,0.2752,Зерноград,168.2
2021-07-29,,,,26.7,0.0,OSM-343316597,не указана,2021,210,none,,Зерноград,168.2
2021-07-30,,,,27.0,0.0,OSM-343316597,не указана,2021,211,none,,Зерноград,168.2
2021-07-31,,,,27.1,0.0,OSM-343316597,не указана,2021,212,none,,Зерноград,168.2
2021-08-01,,,,28.6,0.0,OSM-343316597,не указана,2021,213,none,,Зерноград,168.2
2021-08-02,,,,29.5,0.0,OSM-343316597,не указана,2021,214,none,,Зерноград,168.2
2021-08-03,,0.2333,,30.2,0.0,OSM-343316597,не указана,2021,215,landsat,0.2333,Зерноград,168.2
2021-08-04,,,,27.4,0.0,OSM-343316597,не указана,2021,216,none,,Зерноград,168.2
2021-08-05,,,,28.3,0.1,OSM-343316597,не указана,2021,217,none,,Зерноград,168.2
2021-08-06,,,,31.0,0.0,OSM-343316597,не указана,2021,218,none,,Зерноград,168.2
2021-08-07,,,,30.4,0.0,OSM-343316597,не указана,2021,219,none,,Зерноград,168.2
2021-08-08,,,,26.6,12.0,OSM-343316597,не указана,2021,220,none,,Зерноград,168.2
2021-08-09,,,,26.7,0.1,OSM-343316597,не указана,2021,221,none,,Зерноград,168.2
2021-08-10,,,,27.1,0.0,OSM-343316597,не указана,2021,222,none,,Зерноград,168.2
2021-08-11,,,,25.5,2.6,OSM-343316597,не указана,2021,223,none,,Зерноград,168.2
2021-08-12,,,,25.4,4.5,OSM-343316597,не указана,2021,224,none,,Зерноград,168.2
2021-08-13,,,0.2887,24.3,8.3,OSM-343316597,не указана,2021,225,modis,0.2887,Зерноград,168.2
2021-08-14,,,,22.5,2.6,OSM-343316597,не указана,2021,226,none,,Зерноград,168.2
2021-08-15,,,,22.7,0.3,OSM-343316597,не указана,2021,227,none,,Зерноград,168.2
2021-08-16,,,,23.4,0.3,OSM-343316597,не указана,2021,228,none,,Зерноград,168.2
2021-08-17,,,,25.3,0.0,OSM-343316597,не указана,2021,229,none,,Зерноград,168.2
2021-08-18,,,,27.0,0.0,OSM-343316597,не указана,2021,230,none,,Зерноград,168.2
2021-08-19,,0.2262,,26.2,0.3,OSM-343316597,не указана,2021,231,landsat,0.2262,Зерноград,168.2
2021-08-20,,,,23.6,0.4,OSM-343316597,не указана,2021,232,none,,Зерноград,168.2
2021-08-21,,,,22.5,1.2,OSM-343316597,не указана,2021,233,none,,Зерноград,168.2
2021-08-22,,,,24.0,2.5,OSM-343316597,не указана,2021,234,none,,Зерноград,168.2
2021-08-23,,,,23.7,2.1,OSM-343316597,не указана,2021,235,none,,Зерноград,168.2
2021-08-24,,,,23.0,0.0,OSM-343316597,не указана,2021,236,none,,Зерноград,168.2
2021-08-25,,,,23.4,0.0,OSM-343316597,не указана,2021,237,none,,Зерноград,168.2
2021-08-26,,,,25.3,0.0,OSM-343316597,не указана,2021,238,none,,Зерноград,168.2
2021-08-27,,,,26.0,0.0,OSM-343316597,не указана,2021,239,none,,Зерноград,168.2
2021-08-28,,0.5529,,27.2,0.0,OSM-343316597,не указана,2021,240,landsat,0.5529,Зерноград,168.2
2021-08-29,,,0.3029,28.1,0.0,OSM-343316597,не указана,2021,241,modis,0.3029,Зерноград,168.2
2021-08-30,,,,27.6,0.0,OSM-343316597,не указана,2021,242,none,,Зерноград,168.2
2021-08-31,,,,25.2,2.2,OSM-343316597,не указана,2021,243,none,,Зерноград,168.2
2021-09-01,,,,23.8,5.7,OSM-343316597,не указана,2021,244,none,,Зерноград,168.2
2021-09-02,,,,19.5,9.4,OSM-343316597,не указана,2021,245,none,,Зерноград,168.2
2021-09-03,,,,15.1,1.9,OSM-343316597,не указана,2021,246,none,,Зерноград,168.2
2021-09-04,,0.3457,,16.9,0.0,OSM-343316597,не указана,2021,247,landsat,0.3457,Зерноград,168.2
2021-09-05,,,,15.9,1.6,OSM-343316597,не указана,2021,248,none,,Зерноград,168.2
2021-09-06,,,,14.1,0.0,OSM-343316597,не указана,2021,249,none,,Зерноград,168.2
2021-09-07,,,,14.9,0.0,OSM-343316597,не указана,2021,250,none,,Зерноград,168.2
2021-09-08,,,,15.3,0.0,OSM-343316597,не указана,2021,251,none,,Зерноград,168.2
2021-09-09,,,,16.2,0.0,OSM-343316597,не указана,2021,252,none,,Зерноград,168.2
2021-09-10,,,,18.0,0.0,OSM-343316597,не указана,2021,253,none,,Зерноград,168.2
2021-09-11,,,,19.7,0.0,OSM-343316597,не указана,2021,254,none,,Зерноград,168.2
2021-09-12,,,,19.9,1.0,OSM-343316597,не указана,2021,255,none,,Зерноград,168.2
2021-09-13,,0.48265,,20.1,0.0,OSM-343316597,не указана,2021,256,landsat,0.48265,Зерноград,168.2
2021-09-14,,,0.2297,20.5,0.0,OSM-343316597,не указана,2021,257,modis,0.2297,Зерноград,168.2
2021-09-15,,,,20.5,0.0,OSM-343316597,не указана,2021,258,none,,Зерноград,168.2
2021-09-16,,,,17.1,0.0,OSM-343316597,не указана,2021,259,none,,Зерноград,168.2
2021-09-17,,,,16.0,0.0,OSM-343316597,не указана,2021,260,none,,Зерноград,168.2
2021-09-18,,,,17.4,0.0,OSM-343316597,не указана,2021,261,none,,Зерноград,168.2
2021-09-19,,,,19.4,14.6,OSM-343316597,не указана,2021,262,none,,Зерноград,168.2
2021-09-20,,0.3706,,18.7,5.7,OSM-343316597,не указана,2021,263,landsat,0.3706,Зерноград,168.2
2021-09-21,,,,15.6,3.2,OSM-343316597,не указана,2021,264,none,,Зерноград,168.2
2021-09-22,,,,12.7,0.0,OSM-343316597,не указана,2021,265,none,,Зерноград,168.2
2021-09-23,,,,13.3,0.1,OSM-343316597,не указана,2021,266,none,,Зерноград,168.2
2021-09-24,,,,13.3,6.7,OSM-343316597,не указана,2021,267,none,,Зерноград,168.2
2021-09-25,,,,13.2,5.2,OSM-343316597,не указана,2021,268,none,,Зерноград,168.2
2021-09-26,,,,14.4,2.9,OSM-343316597,не указана,2021,269,none,,Зерноград,168.2
2021-09-27,,,,12.4,0.0,OSM-343316597,не указана,2021,270,none,,Зерноград,168.2
2021-09-28,,0.4197,,11.5,0.0,OSM-343316597,не указана,2021,271,landsat,0.4197,Зерноград,168.2
2021-09-29,,,,10.8,0.2,OSM-343316597,не указана,2021,272,none,,Зерноград,168.2
2021-09-30,,,0.2695,9.2,0.0,OSM-343316597,не указана,2021,273,modis,0.2695,Зерноград,168.2
2021-10-01,,,,9.2,0.0,OSM-343316597,не указана,2021,274,none,,Зерноград,168.2
2021-10-02,,,,12.3,0.0,OSM-343316597,не указана,2021,275,none,,Зерноград,168.2
2021-10-03,,,,12.8,0.0,OSM-343316597,не указана,2021,276,none,,Зерноград,168.2
2021-10-04,,,,11.1,0.0,OSM-343316597,не указана,2021,277,none,,Зерноград,168.2
2021-10-05,,,,11.5,0.0,OSM-343316597,не указана,2021,278,none,,Зерноград,168.2
2021-10-06,,0.3685,,8.3,0.0,OSM-343316597,не указана,2021,279,landsat,0.3685,Зерноград,168.2
2021-10-07,,,,7.6,0.0,OSM-343316597,не указана,2021,280,none,,Зерноград,168.2
2021-10-08,,,,8.5,0.0,OSM-343316597,не указана,2021,281,none,,Зерноград,168.2
2021-10-09,,,,9.1,0.0,OSM-343316597,не указана,2021,282,none,,Зерноград,168.2
2021-10-10,,,,10.5,0.0,OSM-343316597,не указана,2021,283,none,,Зерноград,168.2
2021-10-11,,,,12.2,0.0,OSM-343316597,не указана,2021,284,none,,Зерноград,168.2
2021-10-12,,,,14.1,0.0,OSM-343316597,не указана,2021,285,none,,Зерноград,168.2
2021-10-13,,,,15.2,0.1,OSM-343316597,не указана,2021,286,none,,Зерноград,168.2
2021-10-14,,0.2743,,12.6,0.2,OSM-343316597,не указана,2021,287,landsat,0.2743,Зерноград,168.2
2021-10-15,,,,10.0,0.0,OSM-343316597,не указана,2021,288,none,,Зерноград,168.2
2021-10-16,,,0.2292,12.9,1.2,OSM-343316597,не указана,2021,289,modis,0.2292,Зерноград,168.2
2021-10-17,,,,13.1,0.0,OSM-343316597,не указана,2021,290,none,,Зерноград,168.2
2021-10-18,,,,11.4,0.0,OSM-343316597,не указана,2021,291,none,,Зерноград,168.2
2021-10-19,,,,7.3,1.1,OSM-343316597,не указана,2021,292,none,,Зерноград,168.2
2021-10-20,,,,4.9,0.0,OSM-343316597,не указана,2021,293,none,,Зерноград,168.2
2021-10-21,,,,8.9,0.0,OSM-343316597,не указана,2021,294,none,,Зерноград,168.2
2021-10-22,,0.3117,,13.1,0.0,OSM-343316597,не указана,2021,295,landsat,0.3117,Зерноград,168.2
2021-10-23,,,,13.7,0.6,OSM-343316597,не указана,2021,296,none,,Зерноград,168.2
2021-10-24,,,,9.9,2.5,OSM-343316597,не указана,2021,297,none,,Зерноград,168.2
2021-10-25,,,,4.8,0.0,OSM-343316597,не указана,2021,298,none,,Зерноград,168.2
2021-10-26,,,,1.9,0.0,OSM-343316597,не указана,2021,299,none,,Зерноград,168.2
2021-10-27,,,,3.7,0.0,OSM-343316597,не указана,2021,300,none,,Зерноград,168.2
2021-10-28,,,,4.9,0.0,OSM-343316597,не указана,2021,301,none,,Зерноград,168.2
2021-10-29,,,,9.2,0.1,OSM-343316597,не указана,2021,302,none,,Зерноград,168.2
2021-10-30,,0.24105,,8.8,0.0,OSM-343316597,не указана,2021,303,landsat,0.24105,Зерноград,168.2
2021-10-31,,0.28065,,8.9,0.0,OSM-343316597,не указана,2021,304,landsat,0.28065,Зерноград,168.2
2021-11-01,,,0.2632,11.3,0.0,OSM-343316597,не указана,2021,305,modis,0.2632,Зерноград,168.2
2021-11-02,,,,12.6,3.3,OSM-343316597,не указана,2021,306,none,,Зерноград,168.2
2021-11-03,,,,11.9,4.4,OSM-343316597,не указана,2021,307,none,,Зерноград,168.2
2021-11-04,,,,13.1,0.2,OSM-343316597,не указана,2021,308,none,,Зерноград,168.2
2021-11-05,,,,11.1,0.0,OSM-343316597,не указана,2021,309,none,,Зерноград,168.2
2021-11-06,,,,10.2,0.0,OSM-343316597,не указана,2021,310,none,,Зерноград,168.2
2021-11-07,,0.2243,,8.8,0.0,OSM-343316597,не указана,2021,311,landsat,0.2243,Зерноград,168.2
2021-11-08,,,,10.5,0.4,OSM-343316597,не указана,2021,312,none,,Зерноград,168.2
2021-11-09,,,,8.8,24.1,OSM-343316597,не указана,2021,313,none,,Зерноград,168.2
2021-11-10,,,,2.3,0.0,OSM-343316597,не указана,2021,314,none,,Зерноград,168.2
2021-11-11,,,,-0.4,0.0,OSM-343316597,не указана,2021,315,none,,Зерноград,168.2
2021-11-12,,,,3.4,0.0,OSM-343316597,не указана,2021,316,none,,Зерноград,168.2
2021-11-13,,,,4.4,0.0,OSM-343316597,не указана,2021,317,none,,Зерноград,168.2
2021-11-14,,,,3.1,0.0,OSM-343316597,не указана,2021,318,none,,Зерноград,168.2
2021-11-15,,0.2854,,2.2,0.0,OSM-343316597,не указана,2021,319,landsat,0.2854,Зерноград,168.2
2021-11-16,,0.2928,,-1.1,0.0,OSM-343316597,не указана,2021,320,landsat,0.2928,Зерноград,168.2
2021-11-17,,,0.3321,-2.0,0.0,OSM-343316597,не указана,2021,321,modis,0.3321,Зерноград,168.2
2021-11-18,,,,-0.2,0.0,OSM-343316597,не указана,2021,322,none,,Зерноград,168.2
2021-11-19,,,,1.3,3.2,OSM-343316597,не указана,2021,323,none,,Зерноград,168.2
2021-11-20,,,,5.7,1.7,OSM-343316597,не указана,2021,324,none,,Зерноград,168.2
2021-11-21,,,,6.6,0.0,OSM-343316597,не указана,2021,325,none,,Зерноград,168.2
2021-11-22,,,,9.7,0.3,OSM-343316597,не указана,2021,326,none,,Зерноград,168.2
2021-11-23,,,,6.9,5.2,OSM-343316597,не указана,2021,327,none,,Зерноград,168.2
2021-11-24,,,,-1.5,1.2,OSM-343316597,не указана,2021,328,none,,Зерноград,168.2
2021-11-25,,,,-3.2,0.0,OSM-343316597,не указана,2021,329,none,,Зерноград,168.2
2021-11-26,,,,0.3,0.0,OSM-343316597,не указана,2021,330,none,,Зерноград,168.2
2021-11-27,,,,3.5,2.0,OSM-343316597,не указана,2021,331,none,,Зерноград,168.2
2021-11-28,,,,9.8,16.1,OSM-343316597,не указана,2021,332,none,,Зерноград,168.2
2021-11-29,,,,13.6,4.5,OSM-343316597,не указана,2021,333,none,,Зерноград,168.2
2021-11-30,,,,10.4,18.7,OSM-343316597,не указана,2021,334,none,,Зерноград,168.2
2021-12-01,,,,3.6,6.0,OSM-343316597,не указана,2021,335,none,,Зерноград,168.2
2021-12-02,,,,3.8,0.0,OSM-343316597,не указана,2021,336,none,,Зерноград,168.2
2021-12-03,,,0.393,6.6,0.0,OSM-343316597,не указана,2021,337,modis,0.393,Зерноград,168.2
2021-12-04,,,,10.0,2.5,OSM-343316597,не указана,2021,338,none,,Зерноград,168.2
2021-12-05,,,,7.1,6.3,OSM-343316597,не указана,2021,339,none,,Зерноград,168.2
2021-12-06,,,,4.7,0.2,OSM-343316597,не указана,2021,340,none,,Зерноград,168.2
2021-12-07,,,,7.6,0.0,OSM-343316597,не указана,2021,341,none,,Зерноград,168.2
2021-12-08,,,,7.3,0.4,OSM-343316597,не указана,2021,342,none,,Зерноград,168.2
2021-12-09,,,,7.1,0.4,OSM-343316597,не указана,2021,343,none,,Зерноград,168.2
2021-12-10,,,,6.6,0.0,OSM-343316597,не указана,2021,344,none,,Зерноград,168.2
2021-12-11,,,,1.8,0.0,OSM-343316597,не указана,2021,345,none,,Зерноград,168.2
2021-12-12,,,,0.4,0.0,OSM-343316597,не указана,2021,346,none,,Зерноград,168.2
2021-12-13,,,,1.6,0.0,OSM-343316597,не указана,2021,347,none,,Зерноград,168.2
2021-12-14,,,,4.6,0.0,OSM-343316597,не указана,2021,348,none,,Зерноград,168.2
2021-12-15,,,,4.4,0.0,OSM-343316597,не указана,2021,349,none,,Зерноград,168.2
2021-12-16,,,,3.2,0.0,OSM-343316597,не указана,2021,350,none,,Зерноград,168.2
2021-12-17,,,,3.1,5.1,OSM-343316597,не указана,2021,351,none,,Зерноград,168.2
2021-12-18,,,,1.6,0.0,OSM-343316597,не указана,2021,352,none,,Зерноград,168.2
2021-12-19,,,0.4518,1.6,0.0,OSM-343316597,не указана,2021,353,modis,0.4518,Зерноград,168.2
2021-12-20,,,,3.6,6.1,OSM-343316597,не указана,2021,354,none,,Зерноград,168.2
2021-12-21,,,,-0.4,0.9,OSM-343316597,не указана,2021,355,none,,Зерноград,168.2
2021-12-22,,,,-7.2,2.2,OSM-343316597,не указана,2021,356,none,,Зерноград,168.2
2021-12-23,,,,-9.2,0.0,OSM-343316597,не указана,2021,357,none,,Зерноград,168.2
2021-12-24,,,,-7.0,0.0,OSM-343316597,не указана,2021,358,none,,Зерноград,168.2
2021-12-25,,,,2.6,11.6,OSM-343316597,не указана,2021,359,none,,Зерноград,168.2
2021-12-26,,,,3.6,38.6,OSM-343316597,не указана,2021,360,none,,Зерноград,168.2
2021-12-27,,,,-3.6,10.8,OSM-343316597,не указана,2021,361,none,,Зерноград,168.2
2021-12-28,,,,-1.8,8.2,OSM-343316597,не указана,2021,362,none,,Зерноград,168.2
2021-12-29,,,,1.4,13.7,OSM-343316597,не указана,2021,363,none,,Зерноград,168.2
2021-12-30,,,,0.7,0.1,OSM-343316597,не указана,2021,364,none,,Зерноград,168.2
2021-12-31,,,,0.6,1.6,OSM-343316597,не указана,2021,365,none,,Зерноград,168.2
2022-01-01,,,0.3961,3.1,3.9,OSM-343316597,не указана,2022,1,modis,0.3961,Зерноград,168.2
2022-01-02,,,,-0.6,1.7,OSM-343316597,не указана,2022,2,none,,Зерноград,168.2
2022-01-03,,,,0.0,5.7,OSM-343316597,не указана,2022,3,none,,Зерноград,168.2
2022-01-04,,,,3.9,0.5,OSM-343316597,не указана,2022,4,none,,Зерноград,168.2
2022-01-05,,,,6.1,0.9,OSM-343316597,не указана,2022,5,none,,Зерноград,168.2
2022-01-06,,,,11.8,0.0,OSM-343316597,не указана,2022,6,none,,Зерноград,168.2
2022-01-07,,,,5.7,0.0,OSM-343316597,не указана,2022,7,none,,Зерноград,168.2
2022-01-08,,,,-2.2,0.0,OSM-343316597,не указана,2022,8,none,,Зерноград,168.2
2022-01-09,,,,1.1,0.0,OSM-343316597,не указана,2022,9,none,,Зерноград,168.2
2022-01-10,,,,2.0,0.0,OSM-343316597,не указана,2022,10,none,,Зерноград,168.2
2022-01-11,,,,2.6,2.6,OSM-343316597,не указана,2022,11,none,,Зерноград,168.2
2022-01-12,,,,-2.6,1.6,OSM-343316597,не указана,2022,12,none,,Зерноград,168.2
2022-01-13,,,,-8.2,0.0,OSM-343316597,не указана,2022,13,none,,Зерноград,168.2
2022-01-14,,,,-1.1,5.7,OSM-343316597,не указана,2022,14,none,,Зерноград,168.2
2022-01-15,,,,-0.6,0.4,OSM-343316597,не указана,2022,15,none,,Зерноград,168.2
2022-01-16,,,,-1.8,0.0,OSM-343316597,не указана,2022,16,none,,Зерноград,168.2
2022-01-17,,,-0.0392,0.7,0.9,OSM-343316597,не указана,2022,17,modis,-0.0392,Зерноград,168.2
2022-01-18,,,,0.4,9.2,OSM-343316597,не указана,2022,18,none,,Зерноград,168.2
2022-01-19,,,,-3.0,0.5,OSM-343316597,не указана,2022,19,none,,Зерноград,168.2
2022-01-20,,,,-4.5,0.0,OSM-343316597,не указана,2022,20,none,,Зерноград,168.2
2022-01-21,,,,0.3,10.0,OSM-343316597,не указана,2022,21,none,,Зерноград,168.2
2022-01-22,,,,-2.2,3.4,OSM-343316597,не указана,2022,22,none,,Зерноград,168.2
2022-01-23,,,,-2.4,10.6,OSM-343316597,не указана,2022,23,none,,Зерноград,168.2
2022-01-24,,,,-3.1,0.9,OSM-343316597,не указана,2022,24,none,,Зерноград,168.2
2022-01-25,,,,-4.8,0.4,OSM-343316597,не указана,2022,25,none,,Зерноград,168.2
2022-01-26,,,,-5.6,0.0,OSM-343316597,не указана,2022,26,none,,Зерноград,168.2
2022-01-27,,,,-4.7,0.0,OSM-343316597,не указана,2022,27,none,,Зерноград,168.2
2022-01-28,,,,-4.6,1.1,OSM-343316597,не указана,2022,28,none,,Зерноград,168.2
2022-01-29,,,,1.3,2.3,OSM-343316597,не указана,2022,29,none,,Зерноград,168.2
2022-01-30,,,,0.1,1.0,OSM-343316597,не указана,2022,30,none,,Зерноград,168.2
2022-01-31,,,,1.3,1.6,OSM-343316597,не указана,2022,31,none,,Зерноград,168.2
2022-02-01,,,,1.0,0.2,OSM-343316597,не указана,2022,32,none,,Зерноград,168.2
2022-02-02,,,0.3672,4.5,8.4,OSM-343316597,не указана,2022,33,modis,0.3672,Зерноград,168.2
2022-02-03,,,,5.2,2.3,OSM-343316597,не указана,2022,34,none,,Зерноград,168.2
2022-02-04,,,,1.3,5.2,OSM-343316597,не указана,2022,35,none,,Зерноград,168.2
2022-02-05,,,,-2.5,0.1,OSM-343316597,не указана,2022,36,none,,Зерноград,168.2
2022-02-06,,,,-1.9,4.0,OSM-343316597,не указана,2022,37,none,,Зерноград,168.2
2022-02-07,,,,1.3,0.9,OSM-343316597,не указана,2022,38,none,,Зерноград,168.2
2022-02-08,,,,3.6,6.7,OSM-343316597,не указана,2022,39,none,,Зерноград,168.2
2022-02-09,,,,2.5,2.5,OSM-343316597,не указана,2022,40,none,,Зерноград,168.2
2022-02-10,,,,2.2,0.4,OSM-343316597,не указана,2022,41,none,,Зерноград,168.2
2022-02-11,,,,5.1,0.7,OSM-343316597,не указана,2022,42,none,,Зерноград,168.2
2022-02-12,,,,5.4,2.8,OSM-343316597,не указана,2022,43,none,,Зерноград,168.2
2022-02-13,,,,0.2,0.0,OSM-343316597,не указана,2022,44,none,,Зерноград,168.2
2022-02-14,,,,0.1,0.0,OSM-343316597,не указана,2022,45,none,,Зерноград,168.2
2022-02-15,,,,1.0,0.0,OSM-343316597,не указана,2022,46,none,,Зерноград,168.2
2022-02-16,,,,2.7,0.0,OSM-343316597,не указана,2022,47,none,,Зерноград,168.2
2022-02-17,,,,3.4,0.0,OSM-343316597,не указана,2022,48,none,,Зерноград,168.2
2022-02-18,,,0.3852,5.4,9.0,OSM-343316597,не указана,2022,49,modis,0.3852,Зерноград,168.2
2022-02-19,,,,5.1,1.1,OSM-343316597,не указана,2022,50,none,,Зерноград,168.2
2022-02-20,,,,5.5,2.3,OSM-343316597,не указана,2022,51,none,,Зерноград,168.2
2022-02-21,,,,5.1,1.5,OSM-343316597,не указана,2022,52,none,,Зерноград,168.2
2022-02-22,,,,7.4,0.0,OSM-343316597,не указана,2022,53,none,,Зерноград,168.2
2022-02-23,,,,8.9,10.8,OSM-343316597,не указана,2022,54,none,,Зерноград,168.2
2022-02-24,,,,6.5,4.8,OSM-343316597,не указана,2022,55,none,,Зерноград,168.2
2022-02-25,,,,7.5,0.5,OSM-343316597,не указана,2022,56,none,,Зерноград,168.2
2022-02-26,,,,5.0,1.1,OSM-343316597,не указана,2022,57,none,,Зерноград,168.2
2022-02-27,,,,3.5,0.0,OSM-343316597,не указана,2022,58,none,,Зерноград,168.2
2022-02-28,,,,2.6,0.0,OSM-343316597,не указана,2022,59,none,,Зерноград,168.2
2022-03-01,,,,3.2,2.9,OSM-343316597,не указана,2022,60,none,,Зерноград,168.2
2022-03-02,,,,3.5,3.3,OSM-343316597,не указана,2022,61,none,,Зерноград,168.2
2022-03-03,,,,4.7,8.7,OSM-343316597,не указана,2022,62,none,,Зерноград,168.2
2022-03-04,,,,3.2,0.9,OSM-343316597,не указана,2022,63,none,,Зерноград,168.2
2022-03-05,,,,2.4,1.3,OSM-343316597,не указана,2022,64,none,,Зерноград,168.2
2022-03-06,,,0.3769,-0.6,0.8,OSM-343316597,не указана,2022,65,modis,0.3769,Зерноград,168.2
2022-03-07,,,,-0.2,0.0,OSM-343316597,не указана,2022,66,none,,Зерноград,168.2
2022-03-08,,,,-0.3,1.1,OSM-343316597,не указана,2022,67,none,,Зерноград,168.2
2022-03-09,,,,-0.8,0.4,OSM-343316597,не указана,2022,68,none,,Зерноград,168.2
2022-03-10,,,,-2.5,0.0,OSM-343316597,не указана,2022,69,none,,Зерноград,168.2
2022-03-11,,,,-2.6,0.0,OSM-343316597,не указана,2022,70,none,,Зерноград,168.2
2022-03-12,,,,-4.2,0.1,OSM-343316597,не указана,2022,71,none,,Зерноград,168.2
2022-03-13,,,,-3.4,0.0,OSM-343316597,не указана,2022,72,none,,Зерноград,168.2
2022-03-14,,,,-2.2,0.0,OSM-343316597,не указана,2022,73,none,,Зерноград,168.2
2022-03-15,,,,-0.0,1.5,OSM-343316597,не указана,2022,74,none,,Зерноград,168.2
2022-03-16,,,,-3.7,0.0,OSM-343316597,не указана,2022,75,none,,Зерноград,168.2
2022-03-17,,,,-5.3,0.0,OSM-343316597,не указана,2022,76,none,,Зерноград,168.2
2022-03-18,,,,-3.9,0.0,OSM-343316597,не указана,2022,77,none,,Зерноград,168.2
2022-03-19,,,,-2.3,0.0,OSM-343316597,не указана,2022,78,none,,Зерноград,168.2
2022-03-20,,,,-1.3,0.0,OSM-343316597,не указана,2022,79,none,,Зерноград,168.2
2022-03-21,,,,2.4,0.0,OSM-343316597,не указана,2022,80,none,,Зерноград,168.2
2022-03-22,,,0.3651,2.5,0.0,OSM-343316597,не указана,2022,81,modis,0.3651,Зерноград,168.2
2022-03-23,,0.33445,,2.5,0.0,OSM-343316597,не указана,2022,82,landsat,0.33445,Зерноград,168.2
2022-03-24,,0.3235,,2.3,0.0,OSM-343316597,не указана,2022,83,landsat,0.3235,Зерноград,168.2
2022-03-25,,,,2.8,0.2,OSM-343316597,не указана,2022,84,none,,Зерноград,168.2
2022-03-26,,,,5.7,0.0,OSM-343316597,не указана,2022,85,none,,Зерноград,168.2
2022-03-27,,,,3.7,8.0,OSM-343316597,не указана,2022,86,none,,Зерноград,168.2
2022-03-28,,,,1.6,0.0,OSM-343316597,не указана,2022,87,none,,Зерноград,168.2
2022-03-29,,,,9.0,0.0,OSM-343316597,не указана,2022,88,none,,Зерноград,168.2
2022-03-30,,,,12.5,0.2,OSM-343316597,не указана,2022,89,none,,Зерноград,168.2
2022-03-31,,,,13.4,0.0,OSM-343316597,не указана,2022,90,none,,Зерноград,168.2
2022-04-01,,,,16.5,0.2,OSM-343316597,не указана,2022,91,none,,Зерноград,168.2
2022-04-02,,,,16.7,0.3,OSM-343316597,не указана,2022,92,none,,Зерноград,168.2
2022-04-03,,,,13.0,1.5,OSM-343316597,не указана,2022,93,none,,Зерноград,168.2
2022-04-04,,,,6.7,1.3,OSM-343316597,не указана,2022,94,none,,Зерноград,168.2
2022-04-05,,,,5.7,0.2,OSM-343316597,не указана,2022,95,none,,Зерноград,168.2
2022-04-06,,,,7.7,0.0,OSM-343316597,не указана,2022,96,none,,Зерноград,168.2
2022-04-07,,,0.5344,10.9,0.0,OSM-343316597,не указана,2022,97,modis,0.5344,Зерноград,168.2
2022-04-08,,0.4005,,11.5,5.4,OSM-343316597,не указана,2022,98,landsat,0.4005,Зерноград,168.2
2022-04-09,,,,12.4,2.6,OSM-343316597,не указана,2022,99,none,,Зерноград,168.2
2022-04-10,,,,15.2,0.0,OSM-343316597,не указана,2022,100,none,,Зерноград,168.2
2022-04-11,,,,16.9,0.0,OSM-343316597,не указана,2022,101,none,,Зерноград,168.2
2022-04-12,,,,9.9,11.1,OSM-343316597,не указана,2022,102,none,,Зерноград,168.2
2022-04-13,,,,6.0,8.5,OSM-343316597,не указана,2022,103,none,,Зерноград,168.2
2022-04-14,,,,7.0,6.0,OSM-343316597,не указана,2022,104,none,,Зерноград,168.2
2022-04-15,,,,10.9,0.5,OSM-343316597,не указана,2022,105,none,,Зерноград,168.2
2022-04-16,,,,10.7,0.2,OSM-343316597,не указана,2022,106,none,,Зерноград,168.2
2022-04-17,,,,14.1,0.0,OSM-343316597,не указана,2022,107,none,,Зерноград,168.2
2022-04-18,,,,15.1,1.5,OSM-343316597,не указана,2022,108,none,,Зерноград,168.2
2022-04-19,,,,16.0,10.5,OSM-343316597,не указана,2022,109,none,,Зерноград,168.2
2022-04-20,,,,10.3,8.5,OSM-343316597,не указана,2022,110,none,,Зерноград,168.2
2022-04-21,,,,9.9,6.7,OSM-343316597,не указана,2022,111,none,,Зерноград,168.2
2022-04-22,,,,8.7,0.8,OSM-343316597,не указана,2022,112,none,,Зерноград,168.2
2022-04-23,,,0.886,11.9,0.0,OSM-343316597,не указана,2022,113,modis,0.886,Зерноград,168.2
2022-04-24,,,,14.4,0.7,OSM-343316597,не указана,2022,114,none,,Зерноград,168.2
2022-04-25,,,,15.7,0.0,OSM-343316597,не указана,2022,115,none,,Зерноград,168.2
2022-04-26,,,,19.2,0.0,OSM-343316597,не указана,2022,116,none,,Зерноград,168.2
2022-04-27,,,,17.8,0.0,OSM-343316597,не указана,2022,117,none,,Зерноград,168.2
2022-04-28,,,,16.0,0.0,OSM-343316597,не указана,2022,118,none,,Зерноград,168.2
2022-04-29,,,,15.7,0.2,OSM-343316597,не указана,2022,119,none,,Зерноград,168.2
2022-04-30,,,,13.5,1.1,OSM-343316597,не указана,2022,120,none,,Зерноград,168.2
2022-05-01,,,,13.5,0.2,OSM-343316597,не указана,2022,121,none,,Зерноград,168.2
2022-05-02,,,,10.0,1.0,OSM-343316597,не указана,2022,122,none,,Зерноград,168.2
2022-05-03,,,,9.6,0.0,OSM-343316597,не указана,2022,123,none,,Зерноград,168.2
2022-05-04,,,,13.2,0.5,OSM-343316597,не указана,2022,124,none,,Зерноград,168.2
2022-05-05,,,,12.1,17.4,OSM-343316597,не указана,2022,125,none,,Зерноград,168.2
2022-05-06,,,,10.3,0.0,OSM-343316597,не указана,2022,126,none,,Зерноград,168.2
2022-05-07,,,,10.6,0.0,OSM-343316597,не указана,2022,127,none,,Зерноград,168.2
2022-05-08,,,,11.9,0.0,OSM-343316597,не указана,2022,128,none,,Зерноград,168.2
2022-05-09,,,0.8381000000000001,14.2,0.1,OSM-343316597,не указана,2022,129,modis,0.8381000000000001,Зерноград,168.2
2022-05-10,,0.85615,,10.8,0.3,OSM-343316597,не указана,2022,130,landsat,0.85615,Зерноград,168.2
2022-05-11,,,,11.7,0.3,OSM-343316597,не указана,2022,131,none,,Зерноград,168.2
2022-05-12,,,,15.4,0.0,OSM-343316597,не указана,2022,132,none,,Зерноград,168.2
2022-05-13,,,,16.7,0.0,OSM-343316597,не указана,2022,133,none,,Зерноград,168.2
2022-05-14,,,,16.0,1.0,OSM-343316597,не указана,2022,134,none,,Зерноград,168.2
2022-05-15,,0.6044,,16.4,0.2,OSM-343316597,не указана,2022,135,landsat,0.6044,Зерноград,168.2
2022-05-16,,,,16.1,0.0,OSM-343316597,не указана,2022,136,none,,Зерноград,168.2
2022-05-17,,,,15.1,3.4,OSM-343316597,не указана,2022,137,none,,Зерноград,168.2
2022-05-18,,,,13.7,16.9,OSM-343316597,не указана,2022,138,none,,Зерноград,168.2
2022-05-19,,,,13.3,2.6,OSM-343316597,не указана,2022,139,none,,Зерноград,168.2
2022-05-20,,,,15.4,0.8,OSM-343316597,не указана,2022,140,none,,Зерноград,168.2
2022-05-21,,,,16.8,0.2,OSM-343316597,не указана,2022,141,none,,Зерноград,168.2
2022-05-22,,,,14.1,11.1,OSM-343316597,не указана,2022,142,none,,Зерноград,168.2
2022-05-23,,,,13.7,0.3,OSM-343316597,не указана,2022,143,none,,Зерноград,168.2
2022-05-24,,,,13.4,0.2,OSM-343316597,не указана,2022,144,none,,Зерноград,168.2
2022-05-25,,,0.8943000000000001,15.6,0.0,OSM-343316597,не указана,2022,145,modis,0.8943000000000001,Зерноград,168.2
2022-05-26,,0.8356,,17.3,1.1,OSM-343316597,не указана,2022,146,landsat,0.8356,Зерноград,168.2
2022-05-27,,0.8717,,17.9,0.5,OSM-343316597,не указана,2022,147,landsat,0.8717,Зерноград,168.2
2022-05-28,,,,19.0,0.0,OSM-343316597,не указана,2022,148,none,,Зерноград,168.2
2022-05-29,,,,22.0,0.0,OSM-343316597,не указана,2022,149,none,,Зерноград,168.2
2022-05-30,,,,24.0,0.0,OSM-343316597,не указана,2022,150,none,,Зерноград,168.2
2022-05-31,,,,26.8,0.0,OSM-343316597,не указана,2022,151,none,,Зерноград,168.2
2022-06-01,,,,26.3,0.0,OSM-343316597,не указана,2022,152,none,,Зерноград,168.2
2022-06-02,,,,26.8,0.0,OSM-343316597,не указана,2022,153,none,,Зерноград,168.2
2022-06-03,,0.85545,,26.1,0.0,OSM-343316597,не указана,2022,154,landsat,0.85545,Зерноград,168.2
2022-06-04,,,,26.2,0.0,OSM-343316597,не указана,2022,155,none,,Зерноград,168.2
2022-06-05,,,,26.2,0.0,OSM-343316597,не указана,2022,156,none,,Зерноград,168.2
2022-06-06,,,,22.3,0.0,OSM-343316597,не указана,2022,157,none,,Зерноград,168.2
2022-06-07,,,,21.3,0.0,OSM-343316597,не указана,2022,158,none,,Зерноград,168.2
2022-06-08,,,,23.1,0.0,OSM-343316597,не указана,2022,159,none,,Зерноград,168.2
2022-06-09,,,,23.8,0.0,OSM-343316597,не указана,2022,160,none,,Зерноград,168.2
2022-06-10,,,0.7208,24.6,0.0,OSM-343316597,не указана,2022,161,modis,0.7208,Зерноград,168.2
2022-06-11,,0.80515,,25.0,0.0,OSM-343316597,не указана,2022,162,landsat,0.80515,Зерноград,168.2
2022-06-12,,,,26.7,0.0,OSM-343316597,не указана,2022,163,none,,Зерноград,168.2
2022-06-13,,,,26.1,0.0,OSM-343316597,не указана,2022,164,none,,Зерноград,168.2
2022-06-14,,,,23.1,5.7,OSM-343316597,не указана,2022,165,none,,Зерноград,168.2
2022-06-15,,,,21.7,2.0,OSM-343316597,не указана,2022,166,none,,Зерноград,168.2
2022-06-16,,,,20.7,0.8,OSM-343316597,не указана,2022,167,none,,Зерноград,168.2
2022-06-17,,,,21.5,0.0,OSM-343316597,не указана,2022,168,none,,Зерноград,168.2
2022-06-18,,,,22.9,0.0,OSM-343316597,не указана,2022,169,none,,Зерноград,168.2
2022-06-19,,0.7105,,24.2,0.0,OSM-343316597,не указана,2022,170,landsat,0.7105,Зерноград,168.2
2022-06-20,,,,25.6,0.0,OSM-343316597,не указана,2022,171,none,,Зерноград,168.2
2022-06-21,,,,25.9,1.8,OSM-343316597,не указана,2022,172,none,,Зерноград,168.2
2022-06-22,,,,22.9,1.6,OSM-343316597,не указана,2022,173,none,,Зерноград,168.2
2022-06-23,,,,19.0,0.6,OSM-343316597,не указана,2022,174,none,,Зерноград,168.2
2022-06-24,,,,19.2,1.1,OSM-343316597,не указана,2022,175,none,,Зерноград,168.2
2022-06-25,,,,20.8,0.0,OSM-343316597,не указана,2022,176,none,,Зерноград,168.2
2022-06-26,,,0.3418,23.2,3.3,OSM-343316597,не указана,2022,177,modis,0.3418,Зерноград,168.2
2022-06-27,,,,22.6,12.6,OSM-343316597,не указана,2022,178,none,,Зерноград,168.2
2022-06-28,,,,19.5,3.8,OSM-343316597,не указана,2022,179,none,,Зерноград,168.2
2022-06-29,,,,23.2,0.0,OSM-343316597,не указана,2022,180,none,,Зерноград,168.2
2022-06-30,,,,22.0,0.0,OSM-343316597,не указана,2022,181,none,,Зерноград,168.2
2022-07-01,,,,22.8,0.0,OSM-343316597,не указана,2022,182,none,,Зерноград,168.2
2022-07-02,,,,19.4,0.0,OSM-343316597,не указана,2022,183,none,,Зерноград,168.2
2022-07-03,,,,21.0,0.0,OSM-343316597,не указана,2022,184,none,,Зерноград,168.2
2022-07-04,,,,23.8,0.0,OSM-343316597,не указана,2022,185,none,,Зерноград,168.2
2022-07-05,,0.7433666666666667,,25.6,0.0,OSM-343316597,не указана,2022,186,landsat,0.7433666666666667,Зерноград,168.2
2022-07-06,,,,25.8,0.0,OSM-343316597,не указана,2022,187,none,,Зерноград,168.2
2022-07-07,,,,25.6,0.0,OSM-343316597,не указана,2022,188,none,,Зерноград,168.2
2022-07-08,,,,26.3,0.0,OSM-343316597,не указана,2022,189,none,,Зерноград,168.2
2022-07-09,,,,28.9,0.0,OSM-343316597,не указана,2022,190,none,,Зерноград,168.2
2022-07-10,,,,28.2,0.3,OSM-343316597,не указана,2022,191,none,,Зерноград,168.2
2022-07-11,,,,23.0,16.6,OSM-343316597,не указана,2022,192,none,,Зерноград,168.2
2022-07-12,,,0.231,24.3,0.0,OSM-343316597,не указана,2022,193,modis,0.231,Зерноград,168.2
2022-07-13,,0.68065,,24.6,0.0,OSM-343316597,не указана,2022,194,landsat,0.68065,Зерноград,168.2
2022-07-14,,,,23.3,0.0,OSM-343316597,не указана,2022,195,none,,Зерноград,168.2
2022-07-15,,,,23.5,0.0,OSM-343316597,не указана,2022,196,none,,Зерноград,168.2
2022-07-16,,,,23.7,2.2,OSM-343316597,не указана,2022,197,none,,Зерноград,168.2
2022-07-17,,0.6339,,26.5,0.0,OSM-343316597,не указана,2022,198,landsat,0.6339,Зерноград,168.2
2022-07-18,,,,24.8,0.1,OSM-343316597,не указана,2022,199,none,,Зерноград,168.2
2022-07-19,,,,22.5,0.0,OSM-343316597,не указана,2022,200,none,,Зерноград,168.2
2022-07-20,,,,23.8,0.0,OSM-343316597,не указана,2022,201,none,,Зерноград,168.2
2022-07-21,,0.6433500000000001,,22.4,0.9,OSM-343316597,не указана,2022,202,landsat,0.6433500000000001,Зерноград,168.2
2022-07-22,,,,20.2,8.8,OSM-343316597,не указана,2022,203,none,,Зерноград,168.2
2022-07-23,,,,19.1,10.0,OSM-343316597,не указана,2022,204,none,,Зерноград,168.2
2022-07-24,,,,21.4,0.0,OSM-343316597,не указана,2022,205,none,,Зерноград,168.2
2022-07-25,,,,23.5,0.1,OSM-343316597,не указана,2022,206,none,,Зерноград,168.2
2022-07-26,,,,21.8,5.1,OSM-343316597,не указана,2022,207,none,,Зерноград,168.2
2022-07-27,,,,21.9,0.1,OSM-343316597,не указана,2022,208,none,,Зерноград,168.2
2022-07-28,,,0.2989,24.9,0.3,OSM-343316597,не указана,2022,209,modis,0.2989,Зерноград,168.2
2022-07-29,,0.5463,,27.5,0.0,OSM-343316597,не указана,2022,210,landsat,0.5463,Зерноград,168.2
2022-07-30,,,,27.3,0.1,OSM-343316597,не указана,2022,211,none,,Зерноград,168.2
2022-07-31,,,,27.6,0.1,OSM-343316597,не указана,2022,212,none,,Зерноград,168.2
2022-08-01,,,,29.1,0.0,OSM-343316597,не указана,2022,213,none,,Зерноград,168.2
2022-08-02,,,,23.6,20.5,OSM-343316597,не указана,2022,214,none,,Зерноград,168.2
2022-08-03,,,,23.6,0.1,OSM-343316597,не указана,2022,215,none,,Зерноград,168.2
2022-08-04,,,,25.3,0.6,OSM-343316597,не указана,2022,216,none,,Зерноград,168.2
2022-08-05,,,,24.6,3.4,OSM-343316597,не указана,2022,217,none,,Зерноград,168.2
2022-08-06,,0.6275,,25.5,0.7,OSM-343316597,не указана,2022,218,landsat,0.6275,Зерноград,168.2
2022-08-07,,,,25.5,0.0,OSM-343316597,не указана,2022,219,none,,Зерноград,168.2
2022-08-08,,,,25.9,0.0,OSM-343316597,не указана,2022,220,none,,Зерноград,168.2
2022-08-09,,,,26.1,0.0,OSM-343316597,не указана,2022,221,none,,Зерноград,168.2
2022-08-10,,,,27.8,0.0,OSM-343316597,не указана,2022,222,none,,Зерноград,168.2
2022-08-11,,,,28.4,0.0,OSM-343316597,не указана,2022,223,none,,Зерноград,168.2
2022-08-12,,,,27.1,2.5,OSM-343316597,не указана,2022,224,none,,Зерноград,168.2
2022-08-13,,,0.3888,27.9,0.0,OSM-343316597,не указана,2022,225,modis,0.3888,Зерноград,168.2
2022-08-14,,,,29.1,0.0,OSM-343316597,не указана,2022,226,none,,Зерноград,168.2
2022-08-15,,,,30.4,0.0,OSM-343316597,не указана,2022,227,none,,Зерноград,168.2
2022-08-16,,,,28.6,0.0,OSM-343316597,не указана,2022,228,none,,Зерноград,168.2
2022-08-17,,,,26.9,0.0,OSM-343316597,не указана,2022,229,none,,Зерноград,168.2
2022-08-18,,,,25.5,1.3,OSM-343316597,не указана,2022,230,none,,Зерноград,168.2
2022-08-19,,,,25.0,1.0,OSM-343316597,не указана,2022,231,none,,Зерноград,168.2
2022-08-20,,,,24.0,14.8,OSM-343316597,не указана,2022,232,none,,Зерноград,168.2
2022-08-21,,,,25.4,0.3,OSM-343316597,не указана,2022,233,none,,Зерноград,168.2
2022-08-22,,,,25.9,0.0,OSM-343316597,не указана,2022,234,none,,Зерноград,168.2
2022-08-23,,,,27.2,0.0,OSM-343316597,не указана,2022,235,none,,Зерноград,168.2
2022-08-24,,,,26.9,0.0,OSM-343316597,не указана,2022,236,none,,Зерноград,168.2
2022-08-25,,,,27.0,0.0,OSM-343316597,не указана,2022,237,none,,Зерноград,168.2
2022-08-26,,,,26.7,0.0,OSM-343316597,не указана,2022,238,none,,Зерноград,168.2
2022-08-27,,,,27.2,0.0,OSM-343316597,не указана,2022,239,none,,Зерноград,168.2
2022-08-28,,,,27.8,0.0,OSM-343316597,не указана,2022,240,none,,Зерноград,168.2
2022-08-29,,,0.3496,25.8,2.1,OSM-343316597,не указана,2022,241,modis,0.3496,Зерноград,168.2
2022-08-30,,,,26.7,0.0,OSM-343316597,не указана,2022,242,none,,Зерноград,168.2
2022-08-31,,,,27.6,0.0,OSM-343316597,не указана,2022,243,none,,Зерноград,168.2
2022-09-01,,,,27.1,0.0,OSM-343316597,не указана,2022,244,none,,Зерноград,168.2
2022-09-02,,,,22.9,0.0,OSM-343316597,не указана,2022,245,none,,Зерноград,168.2
2022-09-03,,,,22.0,6.5,OSM-343316597,не указана,2022,246,none,,Зерноград,168.2
2022-09-04,,,,19.2,0.6,OSM-343316597,не указана,2022,247,none,,Зерноград,168.2
2022-09-05,,,,15.2,0.0,OSM-343316597,не указана,2022,248,none,,Зерноград,168.2
2022-09-06,,,,15.6,0.0,OSM-343316597,не указана,2022,249,none,,Зерноград,168.2
2022-09-07,,0.3872,,14.9,0.0,OSM-343316597,не указана,2022,250,landsat,0.3872,Зерноград,168.2
2022-09-08,,,,15.1,0.0,OSM-343316597,не указана,2022,251,none,,Зерноград,168.2
2022-09-09,,,,16.4,0.0,OSM-343316597,не указана,2022,252,none,,Зерноград,168.2
2022-09-10,,,,15.3,0.0,OSM-343316597,не указана,2022,253,none,,Зерноград,168.2
2022-09-11,,,,18.1,0.7,OSM-343316597,не указана,2022,254,none,,Зерноград,168.2
2022-09-12,,,,19.2,10.1,OSM-343316597,не указана,2022,255,none,,Зерноград,168.2
2022-09-13,,,,18.3,7.7,OSM-343316597,не указана,2022,256,none,,Зерноград,168.2
2022-09-14,,,0.409,16.2,0.6,OSM-343316597,не указана,2022,257,modis,0.409,Зерноград,168.2
2022-09-15,,,,19.2,0.4,OSM-343316597,не указана,2022,258,none,,Зерноград,168.2
2022-09-16,,,,22.2,3.5,OSM-343316597,не указана,2022,259,none,,Зерноград,168.2
2022-09-17,,,,21.3,0.4,OSM-343316597,не указана,2022,260,none,,Зерноград,168.2
2022-09-18,,,,25.4,0.0,OSM-343316597,не указана,2022,261,none,,Зерноград,168.2
2022-09-19,,,,17.3,2.1,OSM-343316597,не указана,2022,262,none,,Зерноград,168.2
2022-09-20,,,,17.7,0.1,OSM-343316597,не указана,2022,263,none,,Зерноград,168.2
2022-09-21,,,,17.6,0.2,OSM-343316597,не указана,2022,264,none,,Зерноград,168.2
2022-09-22,,,,14.9,0.9,OSM-343316597,не указана,2022,265,none,,Зерноград,168.2
2022-09-23,,,,13.1,20.8,OSM-343316597,не указана,2022,266,none,,Зерноград,168.2
2022-09-24,,,,11.6,5.1,OSM-343316597,не указана,2022,267,none,,Зерноград,168.2
2022-09-25,,,,13.0,0.0,OSM-343316597,не указана,2022,268,none,,Зерноград,168.2
2022-09-26,,,,15.3,0.0,OSM-343316597,не указана,2022,269,none,,Зерноград,168.2
2022-09-27,,,,17.9,0.0,OSM-343316597,не указана,2022,270,none,,Зерноград,168.2
2022-09-28,,,,17.4,0.7,OSM-343316597,не указана,2022,271,none,,Зерноград,168.2
2022-09-29,,,,17.9,0.6,OSM-343316597,не указана,2022,272,none,,Зерноград,168.2
2022-09-30,,,0.4636,18.2,0.0,OSM-343316597,не указана,2022,273,modis,0.4636,Зерноград,168.2
2022-10-01,,0.4238,,19.8,0.0,OSM-343316597,не указана,2022,274,landsat,0.4238,Зерноград,168.2
2022-10-02,,,,20.7,2.8,OSM-343316597,не указана,2022,275,none,,Зерноград,168.2
2022-10-03,,,,14.9,2.4,OSM-343316597,не указана,2022,276,none,,Зерноград,168.2
2022-10-04,,,,14.7,1.1,OSM-343316597,не указана,2022,277,none,,Зерноград,168.2
2022-10-05,,,,12.8,0.0,OSM-343316597,не указана,2022,278,none,,Зерноград,168.2
2022-10-06,,,,12.0,0.0,OSM-343316597,не указана,2022,279,none,,Зерноград,168.2
2022-10-07,,,,13.7,0.0,OSM-343316597,не указана,2022,280,none,,Зерноград,168.2
2022-10-08,,,,15.6,0.0,OSM-343316597,не указана,2022,281,none,,Зерноград,168.2
2022-10-09,,,,15.7,2.4,OSM-343316597,не указана,2022,282,none,,Зерноград,168.2
2022-10-10,,,,14.2,1.6,OSM-343316597,не указана,2022,283,none,,Зерноград,168.2
2022-10-11,,,,10.9,5.8,OSM-343316597,не указана,2022,284,none,,Зерноград,168.2
2022-10-12,,,,11.0,0.0,OSM-343316597,не указана,2022,285,none,,Зерноград,168.2
2022-10-13,,,,11.0,0.0,OSM-343316597,не указана,2022,286,none,,Зерноград,168.2
2022-10-14,,,,10.1,0.0,OSM-343316597,не указана,2022,287,none,,Зерноград,168.2
2022-10-15,,,,8.6,0.0,OSM-343316597,не указана,2022,288,none,,Зерноград,168.2
2022-10-16,,,0.0208,10.5,0.0,OSM-343316597,не указана,2022,289,modis,0.0208,Зерноград,168.2
2022-10-17,,0.3722,,9.8,0.0,OSM-343316597,не указана,2022,290,landsat,0.3722,Зерноград,168.2
2022-10-18,,,,9.8,0.0,OSM-343316597,не указана,2022,291,none,,Зерноград,168.2
2022-10-19,,,,11.5,0.0,OSM-343316597,не указана,2022,292,none,,Зерноград,168.2
2022-10-20,,,,9.8,2.7,OSM-343316597,не указана,2022,293,none,,Зерноград,168.2
2022-10-21,,,,7.5,0.7,OSM-343316597,не указана,2022,294,none,,Зерноград,168.2
2022-10-22,,,,7.2,0.1,OSM-343316597,не указана,2022,295,none,,Зерноград,168.2
2022-10-23,,,,10.0,3.4,OSM-343316597,не указана,2022,296,none,,Зерноград,168.2
2022-10-24,,,,10.4,4.7,OSM-343316597,не указана,2022,297,none,,Зерноград,168.2
2022-10-25,,,,9.4,0.0,OSM-343316597,не указана,2022,298,none,,Зерноград,168.2
2022-10-26,,,,11.4,5.1,OSM-343316597,не указана,2022,299,none,,Зерноград,168.2
2022-10-27,,,,11.3,1.0,OSM-343316597,не указана,2022,300,none,,Зерноград,168.2
2022-10-28,,,,8.4,0.1,OSM-343316597,не указана,2022,301,none,,Зерноград,168.2
2022-10-29,,,,8.7,0.0,OSM-343316597,не указана,2022,302,none,,Зерноград,168.2
2022-10-30,,,,11.5,7.5,OSM-343316597,не указана,2022,303,none,,Зерноград,168.2
2022-10-31,,,,8.1,1.0,OSM-343316597,не указана,2022,304,none,,Зерноград,168.2
2022-11-01,,0.4811,0.4632,4.2,0.0,OSM-343316597,не указана,2022,305,landsat,0.4811,Зерноград,168.2
2022-11-02,,,,6.3,4.4,OSM-343316597,не указана,2022,306,none,,Зерноград,168.2
2022-11-03,,,,6.4,0.5,OSM-343316597,не указана,2022,307,none,,Зерноград,168.2
2022-11-04,,,,6.6,3.9,OSM-343316597,не указана,2022,308,none,,Зерноград,168.2
2022-11-05,,,,4.9,1.3,OSM-343316597,не указана,2022,309,none,,Зерноград,168.2
2022-11-06,,,,3.8,0.0,OSM-343316597,не указана,2022,310,none,,Зерноград,168.2
2022-11-07,,,,3.5,0.0,OSM-343316597,не указана,2022,311,none,,Зерноград,168.2
2022-11-08,,,,5.0,0.0,OSM-343316597,не указана,2022,312,none,,Зерноград,168.2
2022-11-09,,,,5.8,0.0,OSM-343316597,не указана,2022,313,none,,Зерноград,168.2
2022-11-10,,,,7.4,0.0,OSM-343316597,не указана,2022,314,none,,Зерноград,168.2
2022-11-11,,,,6.9,0.0,OSM-343316597,не указана,2022,315,none,,Зерноград,168.2
2022-11-12,,,,6.0,0.0,OSM-343316597,не указана,2022,316,none,,Зерноград,168.2
2022-11-13,,,,7.8,0.6,OSM-343316597,не указана,2022,317,none,,Зерноград,168.2
2022-11-14,,,,5.4,0.0,OSM-343316597,не указана,2022,318,none,,Зерноград,168.2
2022-11-15,,,,0.7,0.0,OSM-343316597,не указана,2022,319,none,,Зерноград,168.2
2022-11-16,,,,2.6,0.0,OSM-343316597,не указана,2022,320,none,,Зерноград,168.2
2022-11-17,,,0.3048,10.1,3.6,OSM-343316597,не указана,2022,321,modis,0.3048,Зерноград,168.2
2022-11-18,,,,7.9,3.9,OSM-343316597,не указана,2022,322,none,,Зерноград,168.2
2022-11-19,,,,11.4,9.1,OSM-343316597,не указана,2022,323,none,,Зерноград,168.2
2022-11-20,,,,8.5,0.3,OSM-343316597,не указана,2022,324,none,,Зерноград,168.2
2022-11-21,,,,13.8,0.9,OSM-343316597,не указана,2022,325,none,,Зерноград,168.2
2022-11-22,,,,12.3,13.5,OSM-343316597,не указана,2022,326,none,,Зерноград,168.2
2022-11-23,,,,5.3,0.0,OSM-343316597,не указана,2022,327,none,,Зерноград,168.2
2022-11-24,,,,7.5,0.0,OSM-343316597,не указана,2022,328,none,,Зерноград,168.2
2022-11-25,,,,7.2,0.3,OSM-343316597,не указана,2022,329,none,,Зерноград,168.2
2022-11-26,,,,5.4,0.1,OSM-343316597,не указана,2022,330,none,,Зерноград,168.2
2022-11-27,,,,4.1,0.0,OSM-343316597,не указана,2022,331,none,,Зерноград,168.2
2022-11-28,,,,1.5,0.0,OSM-343316597,не указана,2022,332,none,,Зерноград,168.2
2022-11-29,,,,-1.3,0.0,OSM-343316597,не указана,2022,333,none,,Зерноград,168.2
2022-11-30,,,,-1.2,0.0,OSM-343316597,не указана,2022,334,none,,Зерноград,168.2
2022-12-01,,,,-0.8,0.0,OSM-343316597,не указана,2022,335,none,,Зерноград,168.2
2022-12-02,,,,-0.8,0.0,OSM-343316597,не указана,2022,336,none,,Зерноград,168.2
2022-12-03,,,0.2175,-3.7,0.0,OSM-343316597,не указана,2022,337,modis,0.2175,Зерноград,168.2
2022-12-04,,,,-7.4,0.0,OSM-343316597,не указана,2022,338,none,,Зерноград,168.2
2022-12-05,,,,-5.4,0.0,OSM-343316597,не указана,2022,339,none,,Зерноград,168.2
2022-12-06,,,,-5.4,0.0,OSM-343316597,не указана,2022,340,none,,Зерноград,168.2
2022-12-07,,,,-3.9,0.1,OSM-343316597,не указана,2022,341,none,,Зерноград,168.2
2022-12-08,,,,0.2,0.0,OSM-343316597,не указана,2022,342,none,,Зерноград,168.2
2022-12-09,,,,1.5,0.1,OSM-343316597,не указана,2022,343,none,,Зерноград,168.2
2022-12-10,,,,3.0,0.0,OSM-343316597,не указана,2022,344,none,,Зерноград,168.2
2022-12-11,,,,4.4,0.7,OSM-343316597,не указана,2022,345,none,,Зерноград,168.2
2022-12-12,,,,5.0,5.2,OSM-343316597,не указана,2022,346,none,,Зерноград,168.2
2022-12-13,,,,4.0,9.0,OSM-343316597,не указана,2022,347,none,,Зерноград,168.2
2022-12-14,,,,-0.9,0.0,OSM-343316597,не указана,2022,348,none,,Зерноград,168.2
2022-12-15,,,,-0.1,3.0,OSM-343316597,не указана,2022,349,none,,Зерноград,168.2
2022-12-16,,,,4.2,2.3,OSM-343316597,не указана,2022,350,none,,Зерноград,168.2
2022-12-17,,,,7.6,1.3,OSM-343316597,не указана,2022,351,none,,Зерноград,168.2
2022-12-18,,,,7.2,2.1,OSM-343316597,не указана,2022,352,none,,Зерноград,168.2
2022-12-19,,,0.3492,-2.6,0.0,OSM-343316597,не указана,2022,353,modis,0.3492,Зерноград,168.2
2022-12-20,,0.3965,,-4.2,0.0,OSM-343316597,не указана,2022,354,landsat,0.3965,Зерноград,168.2
2022-12-21,,,,-2.5,0.0,OSM-343316597,не указана,2022,355,none,,Зерноград,168.2
2022-12-22,,,,0.8,0.0,OSM-343316597,не указана,2022,356,none,,Зерноград,168.2
2022-12-23,,,,0.4,0.0,OSM-343316597,не указана,2022,357,none,,Зерноград,168.2
2022-12-24,,,,0.7,0.0,OSM-343316597,не указана,2022,358,none,,Зерноград,168.2
2022-12-25,,,,1.2,0.9,OSM-343316597,не указана,2022,359,none,,Зерноград,168.2
2022-12-26,,,,1.7,2.4,OSM-343316597,не указана,2022,360,none,,Зерноград,168.2
2022-12-27,,,,3.1,7.8,OSM-343316597,не указана,2022,361,none,,Зерноград,168.2
2022-12-28,,,,3.7,9.8,OSM-343316597,не указана,2022,362,none,,Зерноград,168.2
2022-12-29,,,,1.1,0.0,OSM-343316597,не указана,2022,363,none,,Зерноград,168.2
2022-12-30,,,,3.5,0.0,OSM-343316597,не указана,2022,364,none,,Зерноград,168.2
2022-12-31,,,,5.2,0.1,OSM-343316597,не указана,2022,365,none,,Зерноград,168.2
2023-01-01,,,0.3301,6.5,0.0,OSM-343316597,не указана,2023,1,modis,0.3301,Зерноград,168.2
2023-01-02,,,,7.7,0.0,OSM-343316597,не указана,2023,2,none,,Зерноград,168.2
2023-01-03,,,,7.1,0.0,OSM-343316597,не указана,2023,3,none,,Зерноград,168.2
2023-01-04,,,,5.3,0.2,OSM-343316597,не указана,2023,4,none,,Зерноград,168.2
2023-01-05,,,,3.3,4.3,OSM-343316597,не указана,2023,5,none,,Зерноград,168.2
2023-01-06,,,,4.9,10.3,OSM-343316597,не указана,2023,6,none,,Зерноград,168.2
2023-01-07,,,,-10.8,0.0,OSM-343316597,не указана,2023,7,none,,Зерноград,168.2
2023-01-08,,,,-13.8,0.0,OSM-343316597,не указана,2023,8,none,,Зерноград,168.2
2023-01-09,,,,-11.0,0.0,OSM-343316597,не указана,2023,9,none,,Зерноград,168.2
2023-01-10,,,,-11.1,0.0,OSM-343316597,не указана,2023,10,none,,Зерноград,168.2
2023-01-11,,,,-6.9,0.0,OSM-343316597,не указана,2023,11,none,,Зерноград,168.2
2023-01-12,,,,-1.0,0.0,OSM-343316597,не указана,2023,12,none,,Зерноград,168.2
2023-01-13,,,,0.9,0.0,OSM-343316597,не указана,2023,13,none,,Зерноград,168.2
2023-01-14,,,,0.6,0.0,OSM-343316597,не указана,2023,14,none,,Зерноград,168.2
2023-01-15,,,,0.1,0.0,OSM-343316597,не указана,2023,15,none,,Зерноград,168.2
2023-01-16,,,,-0.9,0.0,OSM-343316597,не указана,2023,16,none,,Зерноград,168.2
2023-01-17,,,0.2638,1.2,0.0,OSM-343316597,не указана,2023,17,modis,0.2638,Зерноград,168.2
2023-01-18,,,,1.7,0.0,OSM-343316597,не указана,2023,18,none,,Зерноград,168.2
2023-01-19,,,,2.6,0.0,OSM-343316597,не указана,2023,19,none,,Зерноград,168.2
2023-01-20,,,,1.4,0.0,OSM-343316597,не указана,2023,20,none,,Зерноград,168.2
2023-01-21,,,,1.2,0.0,OSM-343316597,не указана,2023,21,none,,Зерноград,168.2
2023-01-22,,,,1.0,0.0,OSM-343316597,не указана,2023,22,none,,Зерноград,168.2
2023-01-23,,,,-0.4,0.0,OSM-343316597,не указана,2023,23,none,,Зерноград,168.2
2023-01-24,,,,-0.9,0.0,OSM-343316597,не указана,2023,24,none,,Зерноград,168.2
2023-01-25,,,,-1.1,0.0,OSM-343316597,не указана,2023,25,none,,Зерноград,168.2
2023-01-26,,,,-2.2,0.0,OSM-343316597,не указана,2023,26,none,,Зерноград,168.2
2023-01-27,,,,-2.2,0.0,OSM-343316597,не указана,2023,27,none,,Зерноград,168.2
2023-01-28,,,,-0.5,0.0,OSM-343316597,не указана,2023,28,none,,Зерноград,168.2
2023-01-29,,,,1.1,2.1,OSM-343316597,не указана,2023,29,none,,Зерноград,168.2
2023-01-30,,,,1.6,0.0,OSM-343316597,не указана,2023,30,none,,Зерноград,168.2
2023-01-31,,,,1.9,2.2,OSM-343316597,не указана,2023,31,none,,Зерноград,168.2
2023-02-01,,,,0.7,2.1,OSM-343316597,не указана,2023,32,none,,Зерноград,168.2
2023-02-02,,,0.3514,-1.3,0.1,OSM-343316597,не указана,2023,33,modis,0.3514,Зерноград,168.2
2023-02-03,,,,-0.3,8.5,OSM-343316597,не указана,2023,34,none,,Зерноград,168.2
2023-02-04,,,,-0.5,0.6,OSM-343316597,не указана,2023,35,none,,Зерноград,168.2
2023-02-05,,,,-0.4,0.0,OSM-343316597,не указана,2023,36,none,,Зерноград,168.2
2023-02-06,,,,-3.2,0.0,OSM-343316597,не указана,2023,37,none,,Зерноград,168.2
2023-02-07,,,,-5.5,3.0,OSM-343316597,не указана,2023,38,none,,Зерноград,168.2
2023-02-08,,,,-6.0,0.0,OSM-343316597,не указана,2023,39,none,,Зерноград,168.2
2023-02-09,,,,-7.2,0.0,OSM-343316597,не указана,2023,40,none,,Зерноград,168.2
2023-02-10,,,,-8.2,0.0,OSM-343316597,не указана,2023,41,none,,Зерноград,168.2
2023-02-11,,,,-5.4,0.0,OSM-343316597,не указана,2023,42,none,,Зерноград,168.2
2023-02-12,,,,-2.0,2.9,OSM-343316597,не указана,2023,43,none,,Зерноград,168.2
2023-02-13,,,,-3.4,0.7,OSM-343316597,не указана,2023,44,none,,Зерноград,168.2
2023-02-14,,,,-0.8,8.8,OSM-343316597,не указана,2023,45,none,,Зерноград,168.2
2023-02-15,,,,-4.6,0.3,OSM-343316597,не указана,2023,46,none,,Зерноград,168.2
2023-02-16,,,,-6.3,0.1,OSM-343316597,не указана,2023,47,none,,Зерноград,168.2
2023-02-17,,,,-5.1,11.8,OSM-343316597,не указана,2023,48,none,,Зерноград,168.2
2023-02-18,,,0.2115,0.3,6.8,OSM-343316597,не указана,2023,49,modis,0.2115,Зерноград,168.2
2023-02-19,,,,1.2,1.3,OSM-343316597,не указана,2023,50,none,,Зерноград,168.2
2023-02-20,,,,-0.3,5.6,OSM-343316597,не указана,2023,51,none,,Зерноград,168.2
2023-02-21,,,,1.4,8.4,OSM-343316597,не указана,2023,52,none,,Зерноград,168.2
2023-02-22,,,,-1.0,0.8,OSM-343316597,не указана,2023,53,none,,Зерноград,168.2
2023-02-23,,,,-6.7,0.0,OSM-343316597,не указана,2023,54,none,,Зерноград,168.2
2023-02-24,,,,-4.5,0.0,OSM-343316597,не указана,2023,55,none,,Зерноград,168.2
2023-02-25,,,,2.9,0.4,OSM-343316597,не указана,2023,56,none,,Зерноград,168.2
2023-02-26,,,,11.0,0.0,OSM-343316597,не указана,2023,57,none,,Зерноград,168.2
2023-02-27,,,,9.3,0.0,OSM-343316597,не указана,2023,58,none,,Зерноград,168.2
2023-02-28,,,,5.6,0.2,OSM-343316597,не указана,2023,59,none,,Зерноград,168.2
2023-03-01,,,,1.7,0.1,OSM-343316597,не указана,2023,60,none,,Зерноград,168.2
2023-03-02,,0.35195,,-0.5,0.0,OSM-343316597,не указана,2023,61,landsat,0.35195,Зерноград,168.2
2023-03-03,,,,1.4,0.0,OSM-343316597,не указана,2023,62,none,,Зерноград,168.2
2023-03-04,,,,4.1,0.1,OSM-343316597,не указана,2023,63,none,,Зерноград,168.2
2023-03-05,,,,6.1,2.1,OSM-343316597,не указана,2023,64,none,,Зерноград,168.2
2023-03-06,,,0.2279,1.9,0.0,OSM-343316597,не указана,2023,65,modis,0.2279,Зерноград,168.2
2023-03-07,,,,4.5,2.0,OSM-343316597,не указана,2023,66,none,,Зерноград,168.2
2023-03-08,,,,9.4,0.9,OSM-343316597,не указана,2023,67,none,,Зерноград,168.2
2023-03-09,,,,9.6,0.3,OSM-343316597,не указана,2023,68,none,,Зерноград,168.2
2023-03-10,,,,10.6,1.8,OSM-343316597,не указана,2023,69,none,,Зерноград,168.2
2023-03-11,,,,12.7,1.8,OSM-343316597,не указана,2023,70,none,,Зерноград,168.2
2023-03-12,,,,11.6,8.5,OSM-343316597,не указана,2023,71,none,,Зерноград,168.2
2023-03-13,,,,3.0,0.0,OSM-343316597,не указана,2023,72,none,,Зерноград,168.2
2023-03-14,,,,4.5,0.1,OSM-343316597,не указана,2023,73,none,,Зерноград,168.2
2023-03-15,,,,8.2,0.0,OSM-343316597,не указана,2023,74,none,,Зерноград,168.2
2023-03-16,,,,7.8,0.0,OSM-343316597,не указана,2023,75,none,,Зерноград,168.2
2023-03-17,,,,7.0,3.4,OSM-343316597,не указана,2023,76,none,,Зерноград,168.2
2023-03-18,,,,7.8,0.0,OSM-343316597,не указана,2023,77,none,,Зерноград,168.2
2023-03-19,,,,7.9,0.0,OSM-343316597,не указана,2023,78,none,,Зерноград,168.2
2023-03-20,,,,10.3,0.1,OSM-343316597,не указана,2023,79,none,,Зерноград,168.2
2023-03-21,,,,10.1,0.1,OSM-343316597,не указана,2023,80,none,,Зерноград,168.2
2023-03-22,,0.42015,0.2707,10.0,0.0,OSM-343316597,не указана,2023,81,landsat,0.42015,Зерноград,168.2
2023-03-23,,,,11.2,0.0,OSM-343316597,не указана,2023,82,none,,Зерноград,168.2
2023-03-24,,,,10.6,0.0,OSM-343316597,не указана,2023,83,none,,Зерноград,168.2
2023-03-25,,,,9.8,0.0,OSM-343316597,не указана,2023,84,none,,Зерноград,168.2
2023-03-26,,,,10.3,1.1,OSM-343316597,не указана,2023,85,none,,Зерноград,168.2
2023-03-27,,,,7.9,4.6,OSM-343316597,не указана,2023,86,none,,Зерноград,168.2
2023-03-28,,,,10.5,10.1,OSM-343316597,не указана,2023,87,none,,Зерноград,168.2
2023-03-29,,,,6.7,7.6,OSM-343316597,не указана,2023,88,none,,Зерноград,168.2
2023-03-30,,,,1.3,12.5,OSM-343316597,не указана,2023,89,none,,Зерноград,168.2
2023-03-31,,,,4.7,3.1,OSM-343316597,не указана,2023,90,none,,Зерноград,168.2
2023-04-01,,,,6.2,0.0,OSM-343316597,не указана,2023,91,none,,Зерноград,168.2
2023-04-02,,,,9.8,0.0,OSM-343316597,не указана,2023,92,none,,Зерноград,168.2
2023-04-03,,,,10.7,8.7,OSM-343316597,не указана,2023,93,none,,Зерноград,168.2
2023-04-04,,,,12.1,0.0,OSM-343316597,не указана,2023,94,none,,Зерноград,168.2
2023-04-05,,,,13.5,3.1,OSM-343316597,не указана,2023,95,none,,Зерноград,168.2
2023-04-06,,,,11.1,1.5,OSM-343316597,не указана,2023,96,none,,Зерноград,168.2
2023-04-07,,,0.4153,12.0,2.2,OSM-343316597,не указана,2023,97,modis,0.4153,Зерноград,168.2
2023-04-08,,,,11.8,5.8,OSM-343316597,не указана,2023,98,none,,Зерноград,168.2
2023-04-09,,,,10.1,3.4,OSM-343316597,не указана,2023,99,none,,Зерноград,168.2
2023-04-10,,,,12.7,0.0,OSM-343316597,не указана,2023,100,none,,Зерноград,168.2
2023-04-11,,,,14.6,0.5,OSM-343316597,не указана,2023,101,none,,Зерноград,168.2
2023-04-12,,,,14.9,0.8,OSM-343316597,не указана,2023,102,none,,Зерноград,168.2
2023-04-13,,,,11.5,2.6,OSM-343316597,не указана,2023,103,none,,Зерноград,168.2
2023-04-14,,,,9.8,19.5,OSM-343316597,не указана,2023,104,none,,Зерноград,168.2
2023-04-15,,,,5.6,0.8,OSM-343316597,не указана,2023,105,none,,Зерноград,168.2
2023-04-16,,,,6.9,0.0,OSM-343316597,не указана,2023,106,none,,Зерноград,168.2
2023-04-17,,,,9.5,0.6,OSM-343316597,не указана,2023,107,none,,Зерноград,168.2
2023-04-18,,,,10.6,0.0,OSM-343316597,не указана,2023,108,none,,Зерноград,168.2
2023-04-19,,,,11.2,0.2,OSM-343316597,не указана,2023,109,none,,Зерноград,168.2
2023-04-20,,,,11.9,7.4,OSM-343316597,не указана,2023,110,none,,Зерноград,168.2
2023-04-21,,,,11.5,7.5,OSM-343316597,не указана,2023,111,none,,Зерноград,168.2
2023-04-22,,,,10.8,6.4,OSM-343316597,не указана,2023,112,none,,Зерноград,168.2
2023-04-23,,,0.3425,10.5,0.8,OSM-343316597,не указана,2023,113,modis,0.3425,Зерноград,168.2
2023-04-24,,,,12.0,4.3,OSM-343316597,не указана,2023,114,none,,Зерноград,168.2
2023-04-25,,,,10.9,6.5,OSM-343316597,не указана,2023,115,none,,Зерноград,168.2
2023-04-26,,,,13.8,0.0,OSM-343316597,не указана,2023,116,none,,Зерноград,168.2
2023-04-27,,0.7018,,16.2,3.2,OSM-343316597,не указана,2023,117,landsat,0.7018,Зерноград,168.2
2023-04-28,,,,15.6,11.2,OSM-343316597,не указана,2023,118,none,,Зерноград,168.2
2023-04-29,,,,15.0,10.3,OSM-343316597,не указана,2023,119,none,,Зерноград,168.2
2023-04-30,,,,11.1,3.5,OSM-343316597,не указана,2023,120,none,,Зерноград,168.2
2023-05-01,,,,11.2,0.6,OSM-343316597,не указана,2023,121,none,,Зерноград,168.2
2023-05-02,,,,10.8,0.6,OSM-343316597,не указана,2023,122,none,,Зерноград,168.2
2023-05-03,,,,12.4,0.0,OSM-343316597,не указана,2023,123,none,,Зерноград,168.2
2023-05-04,,,,15.0,0.0,OSM-343316597,не указана,2023,124,none,,Зерноград,168.2
2023-05-05,,0.822225,,16.7,0.0,OSM-343316597,не указана,2023,125,landsat,0.822225,Зерноград,168.2
2023-05-06,,,,17.4,0.0,OSM-343316597,не указана,2023,126,none,,Зерноград,168.2
2023-05-07,,,,12.0,2.1,OSM-343316597,не указана,2023,127,none,,Зерноград,168.2
2023-05-08,,,,9.0,13.7,OSM-343316597,не указана,2023,128,none,,Зерноград,168.2
2023-05-09,,,0.5881000000000001,7.7,13.2,OSM-343316597,не указана,2023,129,modis,0.5881000000000001,Зерноград,168.2
2023-05-10,,,,8.2,0.9,OSM-343316597,не указана,2023,130,none,,Зерноград,168.2
2023-05-11,,,,9.1,0.2,OSM-343316597,не указана,2023,131,none,,Зерноград,168.2
2023-05-12,,,,12.1,0.0,OSM-343316597,не указана,2023,132,none,,Зерноград,168.2
2023-05-13,,0.8266,,13.9,0.0,OSM-343316597,не указана,2023,133,landsat,0.8266,Зерноград,168.2
2023-05-14,,,,14.9,1.5,OSM-343316597,не указана,2023,134,none,,Зерноград,168.2
2023-05-15,,,,16.2,0.0,OSM-343316597,не указана,2023,135,none,,Зерноград,168.2
2023-05-16,,,,16.1,0.0,OSM-343316597,не указана,2023,136,none,,Зерноград,168.2
2023-05-17,,,,16.0,0.0,OSM-343316597,не указана,2023,137,none,,Зерноград,168.2
2023-05-18,,,,18.6,0.0,OSM-343316597,не указана,2023,138,none,,Зерноград,168.2
2023-05-19,,,,19.5,0.0,OSM-343316597,не указана,2023,139,none,,Зерноград,168.2
2023-05-20,,,,19.9,0.0,OSM-343316597,не указана,2023,140,none,,Зерноград,168.2
2023-05-21,,,,17.8,0.5,OSM-343316597,не указана,2023,141,none,,Зерноград,168.2
2023-05-22,,,,17.1,0.3,OSM-343316597,не указана,2023,142,none,,Зерноград,168.2
2023-05-23,,,,19.3,0.3,OSM-343316597,не указана,2023,143,none,,Зерноград,168.2
2023-05-24,,,,20.0,9.2,OSM-343316597,не указана,2023,144,none,,Зерноград,168.2
2023-05-25,,,0.4012,19.6,1.0,OSM-343316597,не указана,2023,145,modis,0.4012,Зерноград,168.2
2023-05-26,,,,19.9,3.3,OSM-343316597,не указана,2023,146,none,,Зерноград,168.2
2023-05-27,,,,18.5,2.4,OSM-343316597,не указана,2023,147,none,,Зерноград,168.2
2023-05-28,,,,19.7,0.8,OSM-343316597,не указана,2023,148,none,,Зерноград,168.2
2023-05-29,,,,19.1,0.8,OSM-343316597,не указана,2023,149,none,,Зерноград,168.2
2023-05-30,,,,19.5,4.7,OSM-343316597,не указана,2023,150,none,,Зерноград,168.2
2023-05-31,,,,18.8,14.0,OSM-343316597,не указана,2023,151,none,,Зерноград,168.2
2023-06-01,,,,18.1,9.6,OSM-343316597,не указана,2023,152,none,,Зерноград,168.2
2023-06-02,,,,18.0,9.3,OSM-343316597,не указана,2023,153,none,,Зерноград,168.2
2023-06-03,,,,19.7,0.1,OSM-343316597,не указана,2023,154,none,,Зерноград,168.2
2023-06-04,,,,19.7,0.2,OSM-343316597,не указана,2023,155,none,,Зерноград,168.2
2023-06-05,,,,17.6,0.0,OSM-343316597,не указана,2023,156,none,,Зерноград,168.2
2023-06-06,,0.8251,,17.3,0.0,OSM-343316597,не указана,2023,157,landsat,0.8251,Зерноград,168.2
2023-06-07,,,,18.2,0.0,OSM-343316597,не указана,2023,158,none,,Зерноград,168.2
2023-06-08,,,,19.7,0.0,OSM-343316597,не указана,2023,159,none,,Зерноград,168.2
2023-06-09,,,,22.0,0.0,OSM-343316597,не указана,2023,160,none,,Зерноград,168.2
2023-06-10,,,0.6506000000000001,21.9,0.0,OSM-343316597,не указана,2023,161,modis,0.6506000000000001,Зерноград,168.2
2023-06-11,,,,21.3,0.9,OSM-343316597,не указана,2023,162,none,,Зерноград,168.2
2023-06-12,,,,18.0,1.3,OSM-343316597,не указана,2023,163,none,,Зерноград,168.2
2023-06-13,,,,20.3,9.6,OSM-343316597,не указана,2023,164,none,,Зерноград,168.2
2023-06-14,,,,21.5,2.4,OSM-343316597,не указана,2023,165,none,,Зерноград,168.2
2023-06-15,,,,21.1,3.8,OSM-343316597,не указана,2023,166,none,,Зерноград,168.2
2023-06-16,,,,19.6,9.5,OSM-343316597,не указана,2023,167,none,,Зерноград,168.2
2023-06-17,,,,19.7,10.5,OSM-343316597,не указана,2023,168,none,,Зерноград,168.2
2023-06-18,,,,21.9,0.5,OSM-343316597,не указана,2023,169,none,,Зерноград,168.2
2023-06-19,,,,21.1,0.0,OSM-343316597,не указана,2023,170,none,,Зерноград,168.2
2023-06-20,,,,20.6,0.0,OSM-343316597,не указана,2023,171,none,,Зерноград,168.2
2023-06-21,,,,20.5,0.6,OSM-343316597,не указана,2023,172,none,,Зерноград,168.2
2023-06-22,,0.62195,,18.6,0.0,OSM-343316597,не указана,2023,173,landsat,0.62195,Зерноград,168.2
2023-06-23,,0.5406,,19.7,0.0,OSM-343316597,не указана,2023,174,landsat,0.5406,Зерноград,168.2
2023-06-24,,,,22.9,0.0,OSM-343316597,не указана,2023,175,none,,Зерноград,168.2
2023-06-25,,,,23.3,0.6,OSM-343316597,не указана,2023,176,none,,Зерноград,168.2
2023-06-26,,,0.7977000000000001,21.8,5.5,OSM-343316597,не указана,2023,177,modis,0.7977000000000001,Зерноград,168.2
2023-06-27,,,,21.2,1.0,OSM-343316597,не указана,2023,178,none,,Зерноград,168.2
2023-06-28,,,,22.7,0.3,OSM-343316597,не указана,2023,179,none,,Зерноград,168.2
2023-06-29,,,,22.1,2.5,OSM-343316597,не указана,2023,180,none,,Зерноград,168.2
2023-06-30,,,,20.2,2.4,OSM-343316597,не указана,2023,181,none,,Зерноград,168.2
2023-07-01,,,,20.8,5.7,OSM-343316597,не указана,2023,182,none,,Зерноград,168.2
2023-07-02,,,,22.6,3.6,OSM-343316597,не указана,2023,183,none,,Зерноград,168.2
2023-07-03,,,,24.7,0.0,OSM-343316597,не указана,2023,184,none,,Зерноград,168.2
2023-07-04,,,,26.7,1.5,OSM-343316597,не указана,2023,185,none,,Зерноград,168.2
2023-07-05,,,,28.9,0.0,OSM-343316597,не указана,2023,186,none,,Зерноград,168.2
2023-07-06,,,,30.1,0.0,OSM-343316597,не указана,2023,187,none,,Зерноград,168.2
2023-07-07,,,,30.6,0.0,OSM-343316597,не указана,2023,188,none,,Зерноград,168.2
2023-07-08,,,,24.1,4.1,OSM-343316597,не указана,2023,189,none,,Зерноград,168.2
2023-07-09,,,,23.8,0.5,OSM-343316597,не указана,2023,190,none,,Зерноград,168.2
2023-07-10,,,,21.6,2.7,OSM-343316597,не указана,2023,191,none,,Зерноград,168.2
2023-07-11,,,,18.5,9.9,OSM-343316597,не указана,2023,192,none,,Зерноград,168.2
2023-07-12,,,0.8424,18.9,11.1,OSM-343316597,не указана,2023,193,modis,0.8424,Зерноград,168.2
2023-07-13,,,,20.1,0.0,OSM-343316597,не указана,2023,194,none,,Зерноград,168.2
2023-07-14,,,,23.9,0.2,OSM-343316597,не указана,2023,195,none,,Зерноград,168.2
2023-07-15,,0.4797,,22.9,1.3,OSM-343316597,не указана,2023,196,landsat,0.4797,Зерноград,168.2
2023-07-16,,0.87175,,21.5,1.0,OSM-343316597,не указана,2023,197,landsat,0.87175,Зерноград,168.2
2023-07-17,,,,22.4,0.1,OSM-343316597,не указана,2023,198,none,,Зерноград,168.2
2023-07-18,,,,23.3,0.0,OSM-343316597,не указана,2023,199,none,,Зерноград,168.2
2023-07-19,,,,21.7,13.6,OSM-343316597,не указана,2023,200,none,,Зерноград,168.2
2023-07-20,,,,22.0,0.0,OSM-343316597,не указана,2023,201,none,,Зерноград,168.2
2023-07-21,,,,23.9,0.1,OSM-343316597,не указана,2023,202,none,,Зерноград,168.2
2023-07-22,,,,23.9,0.0,OSM-343316597,не указана,2023,203,none,,Зерноград,168.2
2023-07-23,,,,24.3,1.9,OSM-343316597,не указана,2023,204,none,,Зерноград,168.2
2023-07-24,,,,24.4,0.3,OSM-343316597,не указана,2023,205,none,,Зерноград,168.2
2023-07-25,,,,24.5,0.0,OSM-343316597,не указана,2023,206,none,,Зерноград,168.2
2023-07-26,,,,26.7,0.0,OSM-343316597,не указана,2023,207,none,,Зерноград,168.2
2023-07-27,,,,29.2,0.0,OSM-343316597,не указана,2023,208,none,,Зерноград,168.2
2023-07-28,,,0.7371000000000001,23.1,3.8,OSM-343316597,не указана,2023,209,modis,0.7371000000000001,Зерноград,168.2
2023-07-29,,,,22.1,0.8,OSM-343316597,не указана,2023,210,none,,Зерноград,168.2
2023-07-30,,,,23.3,0.1,OSM-343316597,не указана,2023,211,none,,Зерноград,168.2
2023-07-31,,,,25.3,0.0,OSM-343316597,не указана,2023,212,none,,Зерноград,168.2
2023-08-01,,0.3896,,28.3,0.0,OSM-343316597,не указана,2023,213,landsat,0.3896,Зерноград,168.2
2023-08-02,,,,26.8,0.6,OSM-343316597,не указана,2023,214,none,,Зерноград,168.2
2023-08-03,,,,24.9,1.5,OSM-343316597,не указана,2023,215,none,,Зерноград,168.2
2023-08-04,,,,26.7,0.0,OSM-343316597,не указана,2023,216,none,,Зерноград,168.2
2023-08-05,,,,29.9,0.0,OSM-343316597,не указана,2023,217,none,,Зерноград,168.2
2023-08-06,,0.39255,,32.1,0.0,OSM-343316597,не указана,2023,218,landsat,0.39255,Зерноград,168.2
2023-08-07,,,,30.3,0.0,OSM-343316597,не указана,2023,219,none,,Зерноград,168.2
2023-08-08,,,,28.3,0.0,OSM-343316597,не указана,2023,220,none,,Зерноград,168.2
2023-08-09,,0.3982,,28.9,0.1,OSM-343316597,не указана,2023,221,landsat,0.3982,Зерноград,168.2
2023-08-10,,,,27.0,5.1,OSM-343316597,не указана,2023,222,none,,Зерноград,168.2
2023-08-11,,,,27.6,0.9,OSM-343316597,не указана,2023,223,none,,Зерноград,168.2
2023-08-12,,,,26.4,0.4,OSM-343316597,не указана,2023,224,none,,Зерноград,168.2
2023-08-13,,,0.5358,25.8,0.0,OSM-343316597,не указана,2023,225,modis,0.5358,Зерноград,168.2
2023-08-14,,,,24.8,0.0,OSM-343316597,не указана,2023,226,none,,Зерноград,168.2
2023-08-15,,,,25.4,0.0,OSM-343316597,не указана,2023,227,none,,Зерноград,168.2
2023-08-16,,,,27.2,0.0,OSM-343316597,не указана,2023,228,none,,Зерноград,168.2
2023-08-17,,0.4225,,26.5,0.0,OSM-343316597,не указана,2023,229,landsat,0.4225,Зерноград,168.2
2023-08-18,,,,26.2,0.0,OSM-343316597,не указана,2023,230,none,,Зерноград,168.2
2023-08-19,,,,29.0,0.0,OSM-343316597,не указана,2023,231,none,,Зерноград,168.2
2023-08-20,,,,29.1,0.0,OSM-343316597,не указана,2023,232,none,,Зерноград,168.2
2023-08-21,,,,29.2,0.0,OSM-343316597,не указана,2023,233,none,,Зерноград,168.2
2023-08-22,,,,26.8,0.0,OSM-343316597,не указана,2023,234,none,,Зерноград,168.2
2023-08-23,,,,24.1,0.0,OSM-343316597,не указана,2023,235,none,,Зерноград,168.2
2023-08-24,,,,22.3,0.0,OSM-343316597,не указана,2023,236,none,,Зерноград,168.2
2023-08-25,,0.42335,,22.2,0.0,OSM-343316597,не указана,2023,237,landsat,0.42335,Зерноград,168.2
2023-08-26,,,,20.9,0.0,OSM-343316597,не указана,2023,238,none,,Зерноград,168.2
2023-08-27,,,,22.8,0.0,OSM-343316597,не указана,2023,239,none,,Зерноград,168.2
2023-08-28,,0.38935,,26.2,0.1,OSM-343316597,не указана,2023,240,landsat,0.38935,Зерноград,168.2
2023-08-29,,,0.3878,21.7,0.0,OSM-343316597,не указана,2023,241,modis,0.3878,Зерноград,168.2
2023-08-30,,,,21.4,0.0,OSM-343316597,не указана,2023,242,none,,Зерноград,168.2
2023-08-31,,,,24.5,0.0,OSM-343316597,не указана,2023,243,none,,Зерноград,168.2
2023-09-01,,,,26.3,2.2,OSM-343316597,не указана,2023,244,none,,Зерноград,168.2
2023-09-02,,0.38565,,25.7,0.0,OSM-343316597,не указана,2023,245,landsat,0.38565,Зерноград,168.2
2023-09-03,,,,25.3,0.0,OSM-343316597,не указана,2023,246,none,,Зерноград,168.2
2023-09-04,,,,22.0,5.1,OSM-343316597,не указана,2023,247,none,,Зерноград,168.2
2023-09-05,,,,21.6,3.0,OSM-343316597,не указана,2023,248,none,,Зерноград,168.2
2023-09-06,,,,20.8,0.0,OSM-343316597,не указана,2023,249,none,,Зерноград,168.2
2023-09-07,,,,20.3,0.0,OSM-343316597,не указана,2023,250,none,,Зерноград,168.2
2023-09-08,,,,15.7,0.0,OSM-343316597,не указана,2023,251,none,,Зерноград,168.2
2023-09-09,,,,14.5,1.8,OSM-343316597,не указана,2023,252,none,,Зерноград,168.2
2023-09-10,,,,14.2,0.0,OSM-343316597,не указана,2023,253,none,,Зерноград,168.2
2023-09-11,,,,15.6,0.1,OSM-343316597,не указана,2023,254,none,,Зерноград,168.2
2023-09-12,,,,15.9,0.0,OSM-343316597,не указана,2023,255,none,,Зерноград,168.2
2023-09-13,,,,16.6,0.0,OSM-343316597,не указана,2023,256,none,,Зерноград,168.2
2023-09-14,,,0.2791,16.6,0.0,OSM-343316597,не указана,2023,257,modis,0.2791,Зерноград,168.2
2023-09-15,,,,18.3,5.2,OSM-343316597,не указана,2023,258,none,,Зерноград,168.2
2023-09-16,,,,14.6,7.3,OSM-343316597,не указана,2023,259,none,,Зерноград,168.2
2023-09-17,,,,15.1,0.0,OSM-343316597,не указана,2023,260,none,,Зерноград,168.2
2023-09-18,,0.412,,16.4,0.0,OSM-343316597,не указана,2023,261,landsat,0.412,Зерноград,168.2
2023-09-19,,0.4599999999999999,,17.9,0.0,OSM-343316597,не указана,2023,262,landsat,0.4599999999999999,Зерноград,168.2
2023-09-20,,,,19.5,0.0,OSM-343316597,не указана,2023,263,none,,Зерноград,168.2
2023-09-21,,,,19.2,0.0,OSM-343316597,не указана,2023,264,none,,Зерноград,168.2
2023-09-22,,,,20.6,0.0,OSM-343316597,не указана,2023,265,none,,Зерноград,168.2
2023-09-23,,,,20.9,0.0,OSM-343316597,не указана,2023,266,none,,Зерноград,168.2
2023-09-24,,0.3897,,21.3,0.0,OSM-343316597,не указана,2023,267,landsat,0.3897,Зерноград,168.2
2023-09-25,,,,20.7,0.0,OSM-343316597,не указана,2023,268,none,,Зерноград,168.2
2023-09-26,,0.3903999999999999,,20.8,0.0,OSM-343316597,не указана,2023,269,landsat,0.3903999999999999,Зерноград,168.2
2023-09-27,,,,20.1,0.0,OSM-343316597,не указана,2023,270,none,,Зерноград,168.2
2023-09-28,,,,21.1,0.0,OSM-343316597,не указана,2023,271,none,,Зерноград,168.2
2023-09-29,,0.3627,,19.9,0.0,OSM-343316597,не указана,2023,272,landsat,0.3627,Зерноград,168.2
2023-09-30,,,0.2524,19.1,0.0,OSM-343316597,не указана,2023,273,modis,0.2524,Зерноград,168.2
2023-10-01,,,,18.9,0.0,OSM-343316597,не указана,2023,274,none,,Зерноград,168.2
2023-10-02,,,,18.5,0.0,OSM-343316597,не указана,2023,275,none,,Зерноград,168.2
2023-10-03,,,,15.7,1.7,OSM-343316597,не указана,2023,276,none,,Зерноград,168.2
2023-10-04,,0.36405,,13.6,0.0,OSM-343316597,не указана,2023,277,landsat,0.36405,Зерноград,168.2
2023-10-05,,,,14.1,2.7,OSM-343316597,не указана,2023,278,none,,Зерноград,168.2
2023-10-06,,,,14.9,2.1,OSM-343316597,не указана,2023,279,none,,Зерноград,168.2
2023-10-07,,,,13.5,0.4,OSM-343316597,не указана,2023,280,none,,Зерноград,168.2
2023-10-08,,,,14.6,18.5,OSM-343316597,не указана,2023,281,none,,Зерноград,168.2
2023-10-09,,,,8.1,0.1,OSM-343316597,не указана,2023,282,none,,Зерноград,168.2
2023-10-10,,,,7.9,0.0,OSM-343316597,не указана,2023,283,none,,Зерноград,168.2
2023-10-11,,,,4.5,0.0,OSM-343316597,не указана,2023,284,none,,Зерноград,168.2
2023-10-12,,0.37805,,6.1,0.0,OSM-343316597,не указана,2023,285,landsat,0.37805,Зерноград,168.2
2023-10-13,,,,10.1,0.0,OSM-343316597,не указана,2023,286,none,,Зерноград,168.2
2023-10-14,,,,12.6,0.0,OSM-343316597,не указана,2023,287,none,,Зерноград,168.2
2023-10-15,,,,14.1,0.0,OSM-343316597,не указана,2023,288,none,,Зерноград,168.2
2023-10-16,,0.3176,0.2994,13.4,1.8,OSM-343316597,не указана,2023,289,landsat,0.3176,Зерноград,168.2
2023-10-17,,,,8.5,0.0,OSM-343316597,не указана,2023,290,none,,Зерноград,168.2
2023-10-18,,,,6.8,0.0,OSM-343316597,не указана,2023,291,none,,Зерноград,168.2
2023-10-19,,,,7.6,0.0,OSM-343316597,не указана,2023,292,none,,Зерноград,168.2
2023-10-20,,,,11.4,0.0,OSM-343316597,не указана,2023,293,none,,Зерноград,168.2
2023-10-21,,,,16.7,0.0,OSM-343316597,не указана,2023,294,none,,Зерноград,168.2
2023-10-22,,,,11.3,0.0,OSM-343316597,не указана,2023,295,none,,Зерноград,168.2
2023-10-23,,,,16.6,0.0,OSM-343316597,не указана,2023,296,none,,Зерноград,168.2
2023-10-24,,,,13.3,0.0,OSM-343316597,не указана,2023,297,none,,Зерноград,168.2
2023-10-25,,,,11.0,2.1,OSM-343316597,не указана,2023,298,none,,Зерноград,168.2
2023-10-26,,0.0426,,15.0,0.6,OSM-343316597,не указана,2023,299,landsat,0.0426,Зерноград,168.2
2023-10-27,,,,15.8,18.0,OSM-343316597,не указана,2023,300,none,,Зерноград,168.2
2023-10-28,,,,17.8,0.9,OSM-343316597,не указана,2023,301,none,,Зерноград,168.2
2023-10-29,,,,13.1,0.0,OSM-343316597,не указана,2023,302,none,,Зерноград,168.2
2023-10-30,,,,11.9,0.0,OSM-343316597,не указана,2023,303,none,,Зерноград,168.2
2023-10-31,,,,12.7,0.0,OSM-343316597,не указана,2023,304,none,,Зерноград,168.2
2023-11-01,,,0.4597,14.2,0.0,OSM-343316597,не указана,2023,305,modis,0.4597,Зерноград,168.2
2023-11-02,,,,13.6,1.1,OSM-343316597,не указана,2023,306,none,,Зерноград,168.2
2023-11-03,,,,11.6,2.2,OSM-343316597,не указана,2023,307,none,,Зерноград,168.2
2023-11-04,,,,13.6,0.3,OSM-343316597,не указана,2023,308,none,,Зерноград,168.2
2023-11-05,,0.3615,,14.6,0.0,OSM-343316597,не указана,2023,309,landsat,0.3615,Зерноград,168.2
2023-11-06,,,,13.5,23.9,OSM-343316597,не указана,2023,310,none,,Зерноград,168.2
2023-11-07,,,,11.5,0.0,OSM-343316597,не указана,2023,311,none,,Зерноград,168.2
2023-11-08,,,,10.6,0.0,OSM-343316597,не указана,2023,312,none,,Зерноград,168.2
2023-11-09,,,,10.4,22.2,OSM-343316597,не указана,2023,313,none,,Зерноград,168.2
2023-11-10,,,,6.6,0.0,OSM-343316597,не указана,2023,314,none,,Зерноград,168.2
2023-11-11,,,,8.0,0.0,OSM-343316597,не указана,2023,315,none,,Зерноград,168.2
2023-11-12,,,,11.7,15.1,OSM-343316597,не указана,2023,316,none,,Зерноград,168.2
2023-11-13,,0.40695,,10.3,1.9,OSM-343316597,не указана,2023,317,landsat,0.40695,Зерноград,168.2
2023-11-14,,,,6.1,30.2,OSM-343316597,не указана,2023,318,none,,Зерноград,168.2
2023-11-15,,,,10.1,35.0,OSM-343316597,не указана,2023,319,none,,Зерноград,168.2
2023-11-16,,,,7.4,0.2,OSM-343316597,не указана,2023,320,none,,Зерноград,168.2
2023-11-17,,,0.5647,5.8,2.2,OSM-343316597,не указана,2023,321,modis,0.5647,Зерноград,168.2
2023-11-18,,,,4.5,0.0,OSM-343316597,не указана,2023,322,none,,Зерноград,168.2
2023-11-19,,,,5.5,12.3,OSM-343316597,не указана,2023,323,none,,Зерноград,168.2
2023-11-20,,,,6.5,2.5,OSM-343316597,не указана,2023,324,none,,Зерноград,168.2
2023-11-21,,,,-0.5,0.6,OSM-343316597,не указана,2023,325,none,,Зерноград,168.2
2023-11-22,,,,-3.0,4.6,OSM-343316597,не указана,2023,326,none,,Зерноград,168.2
2023-11-23,,,,-3.5,2.5,OSM-343316597,не указана,2023,327,none,,Зерноград,168.2
2023-11-24,,,,6.5,0.5,OSM-343316597,не указана,2023,328,none,,Зерноград,168.2
2023-11-25,,,,8.5,10.2,OSM-343316597,не указана,2023,329,none,,Зерноград,168.2
2023-11-26,,,,11.5,10.5,OSM-343316597,не указана,2023,330,none,,Зерноград,168.2
2023-11-27,,,,4.0,0.0,OSM-343316597,не указана,2023,331,none,,Зерноград,168.2
2023-11-28,,,,2.5,0.0,OSM-343316597,не указана,2023,332,none,,Зерноград,168.2
2023-11-29,,,,5.3,4.5,OSM-343316597,не указана,2023,333,none,,Зерноград,168.2
2023-11-30,,,,4.0,7.5,OSM-343316597,не указана,2023,334,none,,Зерноград,168.2
2023-12-01,,,,7.1,1.7,OSM-343316597,не указана,2023,335,none,,Зерноград,168.2
2023-12-02,,,,13.1,0.0,OSM-343316597,не указана,2023,336,none,,Зерноград,168.2
2023-12-03,,,0.2015,13.4,0.0,OSM-343316597,не указана,2023,337,modis,0.2015,Зерноград,168.2
2023-12-04,,,,3.4,9.7,OSM-343316597,не указана,2023,338,none,,Зерноград,168.2
2023-12-05,,,,-3.2,0.0,OSM-343316597,не указана,2023,339,none,,Зерноград,168.2
2023-12-06,,,,-2.3,0.0,OSM-343316597,не указана,2023,340,none,,Зерноград,168.2
2023-12-07,,,,-0.8,0.0,OSM-343316597,не указана,2023,341,none,,Зерноград,168.2
2023-12-08,,,,-0.2,1.8,OSM-343316597,не указана,2023,342,none,,Зерноград,168.2
2023-12-09,,,,1.5,0.0,OSM-343316597,не указана,2023,343,none,,Зерноград,168.2
2023-12-10,,,,-1.4,8.2,OSM-343316597,не указана,2023,344,none,,Зерноград,168.2
2023-12-11,,,,-1.0,2.0,OSM-343316597,не указана,2023,345,none,,Зерноград,168.2
2023-12-12,,,,-1.0,7.8,OSM-343316597,не указана,2023,346,none,,Зерноград,168.2
2023-12-13,,,,-3.7,0.4,OSM-343316597,не указана,2023,347,none,,Зерноград,168.2
2023-12-14,,,,-1.9,0.0,OSM-343316597,не указана,2023,348,none,,Зерноград,168.2
2023-12-15,,,,0.4,5.3,OSM-343316597,не указана,2023,349,none,,Зерноград,168.2
2023-12-16,,,,-3.3,0.0,OSM-343316597,не указана,2023,350,none,,Зерноград,168.2
2023-12-17,,,,-1.1,0.4,OSM-343316597,не указана,2023,351,none,,Зерноград,168.2
2023-12-18,,,,2.4,0.8,OSM-343316597,не указана,2023,352,none,,Зерноград,168.2
2023-12-19,,,0.6076,3.7,0.1,OSM-343316597,не указана,2023,353,modis,0.6076,Зерноград,168.2
2023-12-20,,,,5.1,0.0,OSM-343316597,не указана,2023,354,none,,Зерноград,168.2
2023-12-21,,,,4.6,0.0,OSM-343316597,не указана,2023,355,none,,Зерноград,168.2
2023-12-22,,,,7.8,4.1,OSM-343316597,не указана,2023,356,none,,Зерноград,168.2
2023-12-23,,,,4.6,21.9,OSM-343316597,не указана,2023,357,none,,Зерноград,168.2
2023-12-24,,,,-0.9,2.3,OSM-343316597,не указана,2023,358,none,,Зерноград,168.2
2023-12-25,,,,1.4,7.8,OSM-343316597,не указана,2023,359,none,,Зерноград,168.2
2023-12-26,,,,6.9,2.6,OSM-343316597,не указана,2023,360,none,,Зерноград,168.2
2023-12-27,,,,7.8,7.6,OSM-343316597,не указана,2023,361,none,,Зерноград,168.2
2023-12-28,,,,1.7,0.0,OSM-343316597,не указана,2023,362,none,,Зерноград,168.2
2023-12-29,,,,5.7,0.0,OSM-343316597,не указана,2023,363,none,,Зерноград,168.2
2023-12-30,,,,6.3,0.0,OSM-343316597,не указана,2023,364,none,,Зерноград,168.2
2023-12-31,,,,4.9,0.2,OSM-343316597,не указана,2023,365,none,,Зерноград,168.2
2024-01-01,,,-0.0228,1.7,0.0,OSM-343316597,не указана,2024,1,modis,-0.0228,Зерноград,168.2
2024-01-02,,,,7.4,8.9,OSM-343316597,не указана,2024,2,none,,Зерноград,168.2
2024-01-03,,,,2.7,3.7,OSM-343316597,не указана,2024,3,none,,Зерноград,168.2
2024-01-04,,,,6.4,11.2,OSM-343316597,не указана,2024,4,none,,Зерноград,168.2
2024-01-05,,,,7.2,8.5,OSM-343316597,не указана,2024,5,none,,Зерноград,168.2
2024-01-06,,,,2.2,0.3,OSM-343316597,не указана,2024,6,none,,Зерноград,168.2
2024-01-07,,,,3.8,0.0,OSM-343316597,не указана,2024,7,none,,Зерноград,168.2
2024-01-08,,,,-2.7,21.1,OSM-343316597,не указана,2024,8,none,,Зерноград,168.2
2024-01-09,,,,-9.5,1.1,OSM-343316597,не указана,2024,9,none,,Зерноград,168.2
2024-01-10,,,,-7.0,0.0,OSM-343316597,не указана,2024,10,none,,Зерноград,168.2
2024-01-11,,,,-1.0,6.0,OSM-343316597,не указана,2024,11,none,,Зерноград,168.2
2024-01-12,,,,-7.8,5.6,OSM-343316597,не указана,2024,12,none,,Зерноград,168.2
2024-01-13,,,,-14.4,0.0,OSM-343316597,не указана,2024,13,none,,Зерноград,168.2
2024-01-14,,,,-8.6,1.4,OSM-343316597,не указана,2024,14,none,,Зерноград,168.2
2024-01-15,,,,1.3,4.3,OSM-343316597,не указана,2024,15,none,,Зерноград,168.2
2024-01-16,,,,1.5,6.1,OSM-343316597,не указана,2024,16,none,,Зерноград,168.2
2024-01-17,,,0.0731,-1.6,0.0,OSM-343316597,не указана,2024,17,modis,0.0731,Зерноград,168.2
2024-01-18,,,,1.0,0.0,OSM-343316597,не указана,2024,18,none,,Зерноград,168.2
2024-01-19,,,,5.0,2.5,OSM-343316597,не указана,2024,19,none,,Зерноград,168.2
2024-01-20,,,,5.4,6.5,OSM-343316597,не указана,2024,20,none,,Зерноград,168.2
2024-01-21,,,,-2.9,0.9,OSM-343316597,не указана,2024,21,none,,Зерноград,168.2
2024-01-22,,,,-6.1,0.0,OSM-343316597,не указана,2024,22,none,,Зерноград,168.2
2024-01-23,,,,-7.3,0.0,OSM-343316597,не указана,2024,23,none,,Зерноград,168.2
2024-01-24,,-0.02595,,-7.1,0.0,OSM-343316597,не указана,2024,24,landsat,-0.02595,Зерноград,168.2
2024-01-25,,,,-0.7,0.9,OSM-343316597,не указана,2024,25,none,,Зерноград,168.2
2024-01-26,,,,2.4,1.6,OSM-343316597,не указана,2024,26,none,,Зерноград,168.2
2024-01-27,,,,-0.1,0.8,OSM-343316597,не указана,2024,27,none,,Зерноград,168.2
2024-01-28,,,,-0.7,1.8,OSM-343316597,не указана,2024,28,none,,Зерноград,168.2
2024-01-29,,,,-5.1,0.0,OSM-343316597,не указана,2024,29,none,,Зерноград,168.2
2024-01-30,,,,-5.2,0.0,OSM-343316597,не указана,2024,30,none,,Зерноград,168.2
2024-01-31,,,,-1.4,0.0,OSM-343316597,не указана,2024,31,none,,Зерноград,168.2
2024-02-01,,,,0.6,0.0,OSM-343316597,не указана,2024,32,none,,Зерноград,168.2
2024-02-02,,,0.4673,1.0,0.0,OSM-343316597,не указана,2024,33,modis,0.4673,Зерноград,168.2
2024-02-03,,,,0.8,1.1,OSM-343316597,не указана,2024,34,none,,Зерноград,168.2
2024-02-04,,,,3.5,3.7,OSM-343316597,не указана,2024,35,none,,Зерноград,168.2
2024-02-05,,,,3.2,5.2,OSM-343316597,не указана,2024,36,none,,Зерноград,168.2
2024-02-06,,,,1.9,1.2,OSM-343316597,не указана,2024,37,none,,Зерноград,168.2
2024-02-07,,,,7.6,1.0,OSM-343316597,не указана,2024,38,none,,Зерноград,168.2
2024-02-08,,,,8.2,0.5,OSM-343316597,не указана,2024,39,none,,Зерноград,168.2
2024-02-09,,,,6.0,5.4,OSM-343316597,не указана,2024,40,none,,Зерноград,168.2
2024-02-10,,,,9.3,2.6,OSM-343316597,не указана,2024,41,none,,Зерноград,168.2
2024-02-11,,,,10.5,1.0,OSM-343316597,не указана,2024,42,none,,Зерноград,168.2
2024-02-12,,,,10.3,0.0,OSM-343316597,не указана,2024,43,none,,Зерноград,168.2
2024-02-13,,,,8.6,0.2,OSM-343316597,не указана,2024,44,none,,Зерноград,168.2
2024-02-14,,,,7.0,0.0,OSM-343316597,не указана,2024,45,none,,Зерноград,168.2
2024-02-15,,,,0.7,0.0,OSM-343316597,не указана,2024,46,none,,Зерноград,168.2
2024-02-16,,,,-2.6,0.0,OSM-343316597,не указана,2024,47,none,,Зерноград,168.2
2024-02-17,,,,-2.8,0.9,OSM-343316597,не указана,2024,48,none,,Зерноград,168.2
2024-02-18,,,0.4817,-1.2,0.0,OSM-343316597,не указана,2024,49,modis,0.4817,Зерноград,168.2
2024-02-19,,,,-1.7,0.4,OSM-343316597,не указана,2024,50,none,,Зерноград,168.2
2024-02-20,,,,-2.9,0.0,OSM-343316597,не указана,2024,51,none,,Зерноград,168.2
2024-02-21,,,,-2.2,0.0,OSM-343316597,не указана,2024,52,none,,Зерноград,168.2
2024-02-22,,,,-1.6,0.0,OSM-343316597,не указана,2024,53,none,,Зерноград,168.2
2024-02-23,,,,0.4,0.0,OSM-343316597,не указана,2024,54,none,,Зерноград,168.2
2024-02-24,,,,0.9,0.0,OSM-343316597,не указана,2024,55,none,,Зерноград,168.2
2024-02-25,,0.2473,,-0.0,0.0,OSM-343316597,не указана,2024,56,landsat,0.2473,Зерноград,168.2
2024-02-26,,,,0.8,0.0,OSM-343316597,не указана,2024,57,none,,Зерноград,168.2
2024-02-27,,,,1.8,0.0,OSM-343316597,не указана,2024,58,none,,Зерноград,168.2
2024-02-28,,,,1.5,0.0,OSM-343316597,не указана,2024,59,none,,Зерноград,168.2
2024-02-29,,,,2.1,0.0,OSM-343316597,не указана,2024,60,none,,Зерноград,168.2
2024-03-01,,,,1.8,0.0,OSM-343316597,не указана,2024,61,none,,Зерноград,168.2
2024-03-02,,,,4.0,0.0,OSM-343316597,не указана,2024,62,none,,Зерноград,168.2
2024-03-03,,,,3.7,0.0,OSM-343316597,не указана,2024,63,none,,Зерноград,168.2
2024-03-04,,0.2452,,3.5,0.0,OSM-343316597,не указана,2024,64,landsat,0.2452,Зерноград,168.2
2024-03-05,,,0.4529,2.4,0.0,OSM-343316597,не указана,2024,65,modis,0.4529,Зерноград,168.2
2024-03-06,,,,4.0,0.0,OSM-343316597,не указана,2024,66,none,,Зерноград,168.2
2024-03-07,,,,0.1,0.0,OSM-343316597,не указана,2024,67,none,,Зерноград,168.2
2024-03-08,,,,-2.1,0.0,OSM-343316597,не указана,2024,68,none,,Зерноград,168.2
2024-03-09,,,,-0.3,0.0,OSM-343316597,не указана,2024,69,none,,Зерноград,168.2
2024-03-10,,,,2.7,0.1,OSM-343316597,не указана,2024,70,none,,Зерноград,168.2
2024-03-11,,,,-0.5,1.4,OSM-343316597,не указана,2024,71,none,,Зерноград,168.2
2024-03-12,,0.2437,,-0.6,0.0,OSM-343316597,не указана,2024,72,landsat,0.2437,Зерноград,168.2
2024-03-13,,,,1.9,0.0,OSM-343316597,не указана,2024,73,none,,Зерноград,168.2
2024-03-14,,,,3.5,3.1,OSM-343316597,не указана,2024,74,none,,Зерноград,168.2
2024-03-15,,,,4.4,1.0,OSM-343316597,не указана,2024,75,none,,Зерноград,168.2
2024-03-16,,,,4.3,0.0,OSM-343316597,не указана,2024,76,none,,Зерноград,168.2
2024-03-17,,,,5.5,0.9,OSM-343316597,не указана,2024,77,none,,Зерноград,168.2
2024-03-18,,,,6.6,0.1,OSM-343316597,не указана,2024,78,none,,Зерноград,168.2
2024-03-19,,,,8.1,0.0,OSM-343316597,не указана,2024,79,none,,Зерноград,168.2
2024-03-20,,0.2232,,6.1,0.0,OSM-343316597,не указана,2024,80,landsat,0.2232,Зерноград,168.2
2024-03-21,,,0.4156,4.2,0.0,OSM-343316597,не указана,2024,81,modis,0.4156,Зерноград,168.2
2024-03-22,,,,3.3,0.0,OSM-343316597,не указана,2024,82,none,,Зерноград,168.2
2024-03-23,,,,4.2,0.1,OSM-343316597,не указана,2024,83,none,,Зерноград,168.2
2024-03-24,,,,6.4,0.1,OSM-343316597,не указана,2024,84,none,,Зерноград,168.2
2024-03-25,,,,8.1,0.2,OSM-343316597,не указана,2024,85,none,,Зерноград,168.2
2024-03-26,,,,6.4,2.6,OSM-343316597,не указана,2024,86,none,,Зерноград,168.2
2024-03-27,,,,8.4,0.6,OSM-343316597,не указана,2024,87,none,,Зерноград,168.2
2024-03-28,,,,10.3,0.0,OSM-343316597,не указана,2024,88,none,,Зерноград,168.2
2024-03-29,,,,10.9,14.3,OSM-343316597,не указана,2024,89,none,,Зерноград,168.2
2024-03-30,,,,11.5,11.4,OSM-343316597,не указана,2024,90,none,,Зерноград,168.2
2024-03-31,,,,12.6,0.0,OSM-343316597,не указана,2024,91,none,,Зерноград,168.2
2024-04-01,,,,15.3,0.0,OSM-343316597,не указана,2024,92,none,,Зерноград,168.2
2024-04-02,,,,16.8,0.0,OSM-343316597,не указана,2024,93,none,,Зерноград,168.2
2024-04-03,,,,15.0,7.3,OSM-343316597,не указана,2024,94,none,,Зерноград,168.2
2024-04-04,,,,13.0,0.1,OSM-343316597,не указана,2024,95,none,,Зерноград,168.2
2024-04-05,,0.3048499999999999,,11.9,0.0,OSM-343316597,не указана,2024,96,landsat,0.3048499999999999,Зерноград,168.2
2024-04-06,,,0.6539,9.9,0.0,OSM-343316597,не указана,2024,97,modis,0.6539,Зерноград,168.2
2024-04-07,,,,12.5,0.0,OSM-343316597,не указана,2024,98,none,,Зерноград,168.2
2024-04-08,,,,14.3,0.0,OSM-343316597,не указана,2024,99,none,,Зерноград,168.2
2024-04-09,,,,14.6,0.0,OSM-343316597,не указана,2024,100,none,,Зерноград,168.2
2024-04-10,,,,16.0,0.0,OSM-343316597,не указана,2024,101,none,,Зерноград,168.2
2024-04-11,,,,17.2,0.0,OSM-343316597,не указана,2024,102,none,,Зерноград,168.2
2024-04-12,,,,17.6,0.0,OSM-343316597,не указана,2024,103,none,,Зерноград,168.2
2024-04-13,,0.4358999999999999,,17.0,0.0,OSM-343316597,не указана,2024,104,landsat,0.4358999999999999,Зерноград,168.2
2024-04-14,,,,16.2,0.0,OSM-343316597,не указана,2024,105,none,,Зерноград,168.2
2024-04-15,,,,16.2,4.0,OSM-343316597,не указана,2024,106,none,,Зерноград,168.2
2024-04-16,,,,19.1,0.0,OSM-343316597,не указана,2024,107,none,,Зерноград,168.2
2024-04-17,,,,21.2,0.0,OSM-343316597,не указана,2024,108,none,,Зерноград,168.2
2024-04-18,,,,21.8,0.4,OSM-343316597,не указана,2024,109,none,,Зерноград,168.2
2024-04-19,,,,14.8,4.0,OSM-343316597,не указана,2024,110,none,,Зерноград,168.2
2024-04-20,,,,17.0,0.0,OSM-343316597,не указана,2024,111,none,,Зерноград,168.2
2024-04-21,,,,16.5,1.6,OSM-343316597,не указана,2024,112,none,,Зерноград,168.2
2024-04-22,,,0.8111,14.5,0.5,OSM-343316597,не указана,2024,113,modis,0.8111,Зерноград,168.2
2024-04-23,,,,14.8,0.0,OSM-343316597,не указана,2024,114,none,,Зерноград,168.2
2024-04-24,,,,17.1,0.0,OSM-343316597,не указана,2024,115,none,,Зерноград,168.2
2024-04-25,,,,23.1,0.0,OSM-343316597,не указана,2024,116,none,,Зерноград,168.2
2024-04-26,,,,22.1,0.0,OSM-343316597,не указана,2024,117,none,,Зерноград,168.2
2024-04-27,,,,19.4,0.0,OSM-343316597,не указана,2024,118,none,,Зерноград,168.2
2024-04-28,,,,20.5,0.0,OSM-343316597,не указана,2024,119,none,,Зерноград,168.2
2024-04-29,,,,19.7,0.0,OSM-343316597,не указана,2024,120,none,,Зерноград,168.2
2024-04-30,,,,14.9,0.0,OSM-343316597,не указана,2024,121,none,,Зерноград,168.2
2024-05-01,,,,15.2,0.0,OSM-343316597,не указана,2024,122,none,,Зерноград,168.2
2024-05-02,,,,17.2,0.0,OSM-343316597,не указана,2024,123,none,,Зерноград,168.2
2024-05-03,,,,17.2,0.0,OSM-343316597,не указана,2024,124,none,,Зерноград,168.2
2024-05-04,,,,10.4,0.0,OSM-343316597,не указана,2024,125,none,,Зерноград,168.2
2024-05-05,,,,10.4,0.0,OSM-343316597,не указана,2024,126,none,,Зерноград,168.2
2024-05-06,,,,13.6,0.0,OSM-343316597,не указана,2024,127,none,,Зерноград,168.2
2024-05-07,,0.7180500000000001,,17.1,0.0,OSM-343316597,не указана,2024,128,landsat,0.7180500000000001,Зерноград,168.2
2024-05-08,,,0.8615,14.0,2.5,OSM-343316597,не указана,2024,129,modis,0.8615,Зерноград,168.2
2024-05-09,,,,12.7,0.0,OSM-343316597,не указана,2024,130,none,,Зерноград,168.2
2024-05-10,,,,13.0,0.0,OSM-343316597,не указана,2024,131,none,,Зерноград,168.2
2024-05-11,,,,16.0,0.0,OSM-343316597,не указана,2024,132,none,,Зерноград,168.2
2024-05-12,,,,14.3,0.0,OSM-343316597,не указана,2024,133,none,,Зерноград,168.2
2024-05-13,,,,12.9,0.0,OSM-343316597,не указана,2024,134,none,,Зерноград,168.2
2024-05-14,,,,13.3,0.0,OSM-343316597,не указана,2024,135,none,,Зерноград,168.2
2024-05-15,,,,13.1,2.4,OSM-343316597,не указана,2024,136,none,,Зерноград,168.2
2024-05-16,,,,11.8,6.4,OSM-343316597,не указана,2024,137,none,,Зерноград,168.2
2024-05-17,,,,12.0,1.0,OSM-343316597,не указана,2024,138,none,,Зерноград,168.2
2024-05-18,,,,13.7,0.0,OSM-343316597,не указана,2024,139,none,,Зерноград,168.2
2024-05-19,,,,14.3,14.6,OSM-343316597,не указана,2024,140,none,,Зерноград,168.2
2024-05-20,,,,16.5,0.1,OSM-343316597,не указана,2024,141,none,,Зерноград,168.2
2024-05-21,,,,18.9,0.0,OSM-343316597,не указана,2024,142,none,,Зерноград,168.2
2024-05-22,,,,19.6,0.0,OSM-343316597,не указана,2024,143,none,,Зерноград,168.2
2024-05-23,,0.76145,,20.1,0.0,OSM-343316597,не указана,2024,144,landsat,0.76145,Зерноград,168.2
2024-05-24,,,0.8221,20.1,0.0,OSM-343316597,не указана,2024,145,modis,0.8221,Зерноград,168.2
2024-05-25,,,,18.1,0.0,OSM-343316597,не указана,2024,146,none,,Зерноград,168.2
2024-05-26,,,,16.2,0.3,OSM-343316597,не указана,2024,147,none,,Зерноград,168.2
2024-05-27,,,,19.3,0.0,OSM-343316597,не указана,2024,148,none,,Зерноград,168.2
2024-05-28,,,,21.5,0.0,OSM-343316597,не указана,2024,149,none,,Зерноград,168.2
2024-05-29,,,,21.3,0.1,OSM-343316597,не указана,2024,150,none,,Зерноград,168.2
2024-05-30,,,,22.7,2.4,OSM-343316597,не указана,2024,151,none,,Зерноград,168.2
2024-05-31,,,,22.5,1.3,OSM-343316597,не указана,2024,152,none,,Зерноград,168.2
2024-06-01,,,,23.4,0.0,OSM-343316597,не указана,2024,153,none,,Зерноград,168.2
2024-06-02,,,,24.3,0.0,OSM-343316597,не указана,2024,154,none,,Зерноград,168.2
2024-06-03,,,,24.5,0.0,OSM-343316597,не указана,2024,155,none,,Зерноград,168.2
2024-06-04,,,,25.6,0.0,OSM-343316597,не указана,2024,156,none,,Зерноград,168.2
2024-06-05,,,,27.8,0.0,OSM-343316597,не указана,2024,157,none,,Зерноград,168.2
2024-06-06,,,,26.8,0.4,OSM-343316597,не указана,2024,158,none,,Зерноград,168.2
2024-06-07,,,,25.1,0.3,OSM-343316597,не указана,2024,159,none,,Зерноград,168.2
2024-06-08,,0.65105,,25.2,0.0,OSM-343316597,не указана,2024,160,landsat,0.65105,Зерноград,168.2
2024-06-09,,,0.5379,23.5,3.2,OSM-343316597,не указана,2024,161,modis,0.5379,Зерноград,168.2
2024-06-10,,,,24.5,0.4,OSM-343316597,не указана,2024,162,none,,Зерноград,168.2
2024-06-11,,,,26.1,1.8,OSM-343316597,не указана,2024,163,none,,Зерноград,168.2
2024-06-12,,,,27.0,6.7,OSM-343316597,не указана,2024,164,none,,Зерноград,168.2
2024-06-13,,,,25.3,0.7,OSM-343316597,не указана,2024,165,none,,Зерноград,168.2
2024-06-14,,,,26.0,0.0,OSM-343316597,не указана,2024,166,none,,Зерноград,168.2
2024-06-15,,,,25.5,2.0,OSM-343316597,не указана,2024,167,none,,Зерноград,168.2
2024-06-16,,,,23.9,1.8,OSM-343316597,не указана,2024,168,none,,Зерноград,168.2
2024-06-17,,,,24.4,0.0,OSM-343316597,не указана,2024,169,none,,Зерноград,168.2
2024-06-18,,,,24.8,0.1,OSM-343316597,не указана,2024,170,none,,Зерноград,168.2
2024-06-19,,,,26.4,0.0,OSM-343316597,не указана,2024,171,none,,Зерноград,168.2
2024-06-20,,,,27.7,7.3,OSM-343316597,не указана,2024,172,none,,Зерноград,168.2
2024-06-21,,,,21.6,0.0,OSM-343316597,не указана,2024,173,none,,Зерноград,168.2
2024-06-22,,,,22.8,0.0,OSM-343316597,не указана,2024,174,none,,Зерноград,168.2
2024-06-23,,,,24.3,0.0,OSM-343316597,не указана,2024,175,none,,Зерноград,168.2
2024-06-24,,0.3922,,26.8,0.1,OSM-343316597,не указана,2024,176,landsat,0.3922,Зерноград,168.2
2024-06-25,,,0.3485,22.7,2.7,OSM-343316597,не указана,2024,177,modis,0.3485,Зерноград,168.2
2024-06-26,,,,21.5,1.1,OSM-343316597,не указана,2024,178,none,,Зерноград,168.2
2024-06-27,,,,21.2,1.5,OSM-343316597,не указана,2024,179,none,,Зерноград,168.2
2024-06-28,,,,22.4,0.1,OSM-343316597,не указана,2024,180,none,,Зерноград,168.2
2024-06-29,,,,23.5,0.0,OSM-343316597,не указана,2024,181,none,,Зерноград,168.2
2024-06-30,,,,26.3,0.0,OSM-343316597,не указана,2024,182,none,,Зерноград,168.2
2024-07-01,,,,26.4,0.0,OSM-343316597,не указана,2024,183,none,,Зерноград,168.2
2024-07-02,,0.3624,,26.8,0.0,OSM-343316597,не указана,2024,184,landsat,0.3624,Зерноград,168.2
2024-07-03,,,,27.5,0.0,OSM-343316597,не указана,2024,185,none,,Зерноград,168.2
2024-07-04,,,,28.8,0.7,OSM-343316597,не указана,2024,186,none,,Зерноград,168.2
2024-07-05,,,,30.6,0.0,OSM-343316597,не указана,2024,187,none,,Зерноград,168.2
2024-07-06,,,,31.3,0.0,OSM-343316597,не указана,2024,188,none,,Зерноград,168.2
2024-07-07,,,,31.0,0.0,OSM-343316597,не указана,2024,189,none,,Зерноград,168.2
2024-07-08,,,,32.3,0.0,OSM-343316597,не указана,2024,190,none,,Зерноград,168.2
2024-07-09,,,,31.9,0.0,OSM-343316597,не указана,2024,191,none,,Зерноград,168.2
2024-07-10,,0.2501,,30.4,0.0,OSM-343316597,не указана,2024,192,landsat,0.2501,Зерноград,168.2
2024-07-11,,,0.2401,30.2,0.0,OSM-343316597,не указана,2024,193,modis,0.2401,Зерноград,168.2
2024-07-12,,,,29.3,0.0,OSM-343316597,не указана,2024,194,none,,Зерноград,168.2
2024-07-13,,,,26.7,0.0,OSM-343316597,не указана,2024,195,none,,Зерноград,168.2
2024-07-14,,,,27.0,0.0,OSM-343316597,не указана,2024,196,none,,Зерноград,168.2
2024-07-15,,,,29.5,0.0,OSM-343316597,не указана,2024,197,none,,Зерноград,168.2
2024-07-16,,,,32.0,0.0,OSM-343316597,не указана,2024,198,none,,Зерноград,168.2
2024-07-17,,,,32.2,0.0,OSM-343316597,не указана,2024,199,none,,Зерноград,168.2
2024-07-18,,0.24565,,31.6,0.0,OSM-343316597,не указана,2024,200,landsat,0.24565,Зерноград,168.2
2024-07-19,,,,33.0,0.0,OSM-343316597,не указана,2024,201,none,,Зерноград,168.2
2024-07-20,,,,30.3,0.0,OSM-343316597,не указана,2024,202,none,,Зерноград,168.2
2024-07-21,,,,30.1,0.0,OSM-343316597,не указана,2024,203,none,,Зерноград,168.2
2024-07-22,,,,29.7,0.3,OSM-343316597,не указана,2024,204,none,,Зерноград,168.2
2024-07-23,,,,24.4,5.7,OSM-343316597,не указана,2024,205,none,,Зерноград,168.2
2024-07-24,,,,22.7,0.3,OSM-343316597,не указана,2024,206,none,,Зерноград,168.2
2024-07-25,,,,22.9,0.0,OSM-343316597,не указана,2024,207,none,,Зерноград,168.2
2024-07-26,,0.24595,,25.1,0.0,OSM-343316597,не указана,2024,208,landsat,0.24595,Зерноград,168.2
2024-07-27,,,0.2399,24.9,0.0,OSM-343316597,не указана,2024,209,modis,0.2399,Зерноград,168.2
2024-07-28,,,,25.8,0.0,OSM-343316597,не указана,2024,210,none,,Зерноград,168.2
2024-07-29,,,,27.7,0.0,OSM-343316597,не указана,2024,211,none,,Зерноград,168.2
2024-07-30,,,,25.4,0.0,OSM-343316597,не указана,2024,212,none,,Зерноград,168.2
2024-07-31,,,,23.6,0.0,OSM-343316597,не указана,2024,213,none,,Зерноград,168.2
2024-08-01,,,,24.8,0.0,OSM-343316597,не указана,2024,214,none,,Зерноград,168.2
2024-08-02,,,,26.1,0.0,OSM-343316597,не указана,2024,215,none,,Зерноград,168.2
2024-08-03,,0.2505,,26.6,0.0,OSM-343316597,не указана,2024,216,landsat,0.2505,Зерноград,168.2
2024-08-04,,,,28.5,0.0,OSM-343316597,не указана,2024,217,none,,Зерноград,168.2
2024-08-05,,,,24.8,3.3,OSM-343316597,не указана,2024,218,none,,Зерноград,168.2
2024-08-06,,,,22.1,2.9,OSM-343316597,не указана,2024,219,none,,Зерноград,168.2
2024-08-07,,,,22.9,0.6,OSM-343316597,не указана,2024,220,none,,Зерноград,168.2
2024-08-08,,,,25.1,0.0,OSM-343316597,не указана,2024,221,none,,Зерноград,168.2
2024-08-09,,,,24.9,0.0,OSM-343316597,не указана,2024,222,none,,Зерноград,168.2
2024-08-10,,,,25.3,0.0,OSM-343316597,не указана,2024,223,none,,Зерноград,168.2
2024-08-11,,0.2468,,27.0,0.0,OSM-343316597,не указана,2024,224,landsat,0.2468,Зерноград,168.2
2024-08-12,,,0.2399,23.9,0.0,OSM-343316597,не указана,2024,225,modis,0.2399,Зерноград,168.2
2024-08-13,,,,22.6,0.0,OSM-343316597,не указана,2024,226,none,,Зерноград,168.2
2024-08-14,,,,21.4,0.0,OSM-343316597,не указана,2024,227,none,,Зерноград,168.2
2024-08-15,,,,22.2,0.0,OSM-343316597,не указана,2024,228,none,,Зерноград,168.2
2024-08-16,,,,22.1,0.0,OSM-343316597,не указана,2024,229,none,,Зерноград,168.2
2024-08-17,,,,22.7,0.0,OSM-343316597,не указана,2024,230,none,,Зерноград,168.2
2024-08-18,,,,23.9,0.0,OSM-343316597,не указана,2024,231,none,,Зерноград,168.2
2024-08-19,,0.23715,,25.5,0.0,OSM-343316597,не указана,2024,232,landsat,0.23715,Зерноград,168.2
2024-08-20,,,,27.5,0.0,OSM-343316597,не указана,2024,233,none,,Зерноград,168.2
2024-08-21,,,,28.6,0.0,OSM-343316597,не указана,2024,234,none,,Зерноград,168.2
2024-08-22,,,,30.1,0.0,OSM-343316597,не указана,2024,235,none,,Зерноград,168.2
2024-08-23,,,,28.8,0.3,OSM-343316597,не указана,2024,236,none,,Зерноград,168.2
2024-08-24,,,,27.7,0.0,OSM-343316597,не указана,2024,237,none,,Зерноград,168.2
2024-08-25,,,,26.2,0.0,OSM-343316597,не указана,2024,238,none,,Зерноград,168.2
2024-08-26,,,,26.9,0.0,OSM-343316597,не указана,2024,239,none,,Зерноград,168.2
2024-08-27,,,,27.7,0.0,OSM-343316597,не указана,2024,240,none,,Зерноград,168.2
2024-08-28,,,0.2264,28.3,0.0,OSM-343316597,не указана,2024,241,modis,0.2264,Зерноград,168.2
2024-08-29,,,,26.9,0.0,OSM-343316597,не указана,2024,242,none,,Зерноград,168.2
2024-08-30,,,,27.3,0.0,OSM-343316597,не указана,2024,243,none,,Зерноград,168.2
2024-08-31,,,,27.6,0.0,OSM-343316597,не указана,2024,244,none,,Зерноград,168.2
2024-09-01,,,,27.9,0.0,OSM-343316597,не указана,2024,245,none,,Зерноград,168.2
2024-09-02,,,,27.5,4.1,OSM-343316597,не указана,2024,246,none,,Зерноград,168.2
2024-09-03,,,,24.9,8.3,OSM-343316597,не указана,2024,247,none,,Зерноград,168.2
2024-09-04,,0.2521,,24.6,0.0,OSM-343316597,не указана,2024,248,landsat,0.2521,Зерноград,168.2
2024-09-05,,,,23.7,0.0,OSM-343316597,не указана,2024,249,none,,Зерноград,168.2
2024-09-06,,,,21.8,0.0,OSM-343316597,не указана,2024,250,none,,Зерноград,168.2
2024-09-07,,,,20.5,0.0,OSM-343316597,не указана,2024,251,none,,Зерноград,168.2
2024-09-08,,,,21.3,0.2,OSM-343316597,не указана,2024,252,none,,Зерноград,168.2
2024-09-09,,,,21.7,0.3,OSM-343316597,не указана,2024,253,none,,Зерноград,168.2
2024-09-10,,,,23.8,1.2,OSM-343316597,не указана,2024,254,none,,Зерноград,168.2
2024-09-11,,,,25.2,0.0,OSM-343316597,не указана,2024,255,none,,Зерноград,168.2
2024-09-12,,,,25.4,0.1,OSM-343316597,не указана,2024,256,none,,Зерноград,168.2
2024-09-13,,,0.2447,24.8,0.0,OSM-343316597,не указана,2024,257,modis,0.2447,Зерноград,168.2
2024-09-14,,,,24.8,0.0,OSM-343316597,не указана,2024,258,none,,Зерноград,168.2
2024-09-15,,,,23.1,0.0,OSM-343316597,не указана,2024,259,none,,Зерноград,168.2
2024-09-16,,,,22.9,0.0,OSM-343316597,не указана,2024,260,none,,Зерноград,168.2
2024-09-17,,,,21.8,0.0,OSM-343316597,не указана,2024,261,none,,Зерноград,168.2
2024-09-18,,,,19.5,0.0,OSM-343316597,не указана,2024,262,none,,Зерноград,168.2
2024-09-19,,,,17.8,0.0,OSM-343316597,не указана,2024,263,none,,Зерноград,168.2
2024-09-20,,0.26185,,17.6,0.0,OSM-343316597,не указана,2024,264,landsat,0.26185,Зерноград,168.2
2024-09-21,,,,18.7,0.0,OSM-343316597,не указана,2024,265,none,,Зерноград,168.2
2024-09-22,,,,19.5,0.0,OSM-343316597,не указана,2024,266,none,,Зерноград,168.2
2024-09-23,,,,19.8,0.0,OSM-343316597,не указана,2024,267,none,,Зерноград,168.2
2024-09-24,,,,18.7,0.0,OSM-343316597,не указана,2024,268,none,,Зерноград,168.2
2024-09-25,,,,18.3,0.0,OSM-343316597,не указана,2024,269,none,,Зерноград,168.2
2024-09-26,,,,20.0,0.0,OSM-343316597,не указана,2024,270,none,,Зерноград,168.2
2024-09-27,,,,19.4,0.0,OSM-343316597,не указана,2024,271,none,,Зерноград,168.2
2024-09-28,,0.23595,,19.4,0.0,OSM-343316597,не указана,2024,272,landsat,0.23595,Зерноград,168.2
2024-09-29,,,0.2208,20.0,0.0,OSM-343316597,не указана,2024,273,modis,0.2208,Зерноград,168.2
2024-09-30,,,,20.6,0.0,OSM-343316597,не указана,2024,274,none,,Зерноград,168.2
2024-10-01,,,,19.1,0.0,OSM-343316597,не указана,2024,275,none,,Зерноград,168.2
2024-10-02,,,,16.2,0.0,OSM-343316597,не указана,2024,276,none,,Зерноград,168.2
2024-10-03,,,,16.3,0.0,OSM-343316597,не указана,2024,277,none,,Зерноград,168.2
2024-10-04,,,,17.4,0.0,OSM-343316597,не указана,2024,278,none,,Зерноград,168.2
2024-10-05,,,,18.2,0.0,OSM-343316597,не указана,2024,279,none,,Зерноград,168.2
2024-10-06,0.1945,0.22515,,20.0,0.0,OSM-343316597,не указана,2024,280,s2,0.1945,Зерноград,168.2
2024-10-07,,,,20.9,0.0,OSM-343316597,не указана,2024,281,none,,Зерноград,168.2
2024-10-08,,,,17.4,0.0,OSM-343316597,не указана,2024,282,none,,Зерноград,168.2
2024-10-09,,,,16.3,0.0,OSM-343316597,не указана,2024,283,none,,Зерноград,168.2
2024-10-10,,,,15.8,0.0,OSM-343316597,не указана,2024,284,none,,Зерноград,168.2
2024-10-11,0.1758,,,17.0,0.0,OSM-343316597,не указана,2024,285,s2,0.1758,Зерноград,168.2
2024-10-12,,,,14.6,0.0,OSM-343316597,не указана,2024,286,none,,Зерноград,168.2
2024-10-13,,,,12.5,3.5,OSM-343316597,не указана,2024,287,none,,Зерноград,168.2
2024-10-14,,,,12.2,0.1,OSM-343316597,не указана,2024,288,none,,Зерноград,168.2
2024-10-15,,,0.1885,12.5,2.0,OSM-343316597,не указана,2024,289,modis,0.1885,Зерноград,168.2
2024-10-16,,,,11.4,0.9,OSM-343316597,не указана,2024,290,none,,Зерноград,168.2
2024-10-17,,,,9.5,0.8,OSM-343316597,не указана,2024,291,none,,Зерноград,168.2
2024-10-18,,,,7.4,0.0,OSM-343316597,не указана,2024,292,none,,Зерноград,168.2
2024-10-19,,,,6.6,0.0,OSM-343316597,не указана,2024,293,none,,Зерноград,168.2
2024-10-20,,,,6.0,0.8,OSM-343316597,не указана,2024,294,none,,Зерноград,168.2
2024-10-21,,,,7.1,1.0,OSM-343316597,не указана,2024,295,none,,Зерноград,168.2
2024-10-22,,,,7.5,0.0,OSM-343316597,не указана,2024,296,none,,Зерноград,168.2
2024-10-23,,,,10.6,0.0,OSM-343316597,не указана,2024,297,none,,Зерноград,168.2
2024-10-24,,,,9.9,0.0,OSM-343316597,не указана,2024,298,none,,Зерноград,168.2
2024-10-25,,,,7.8,0.9,OSM-343316597,не указана,2024,299,none,,Зерноград,168.2
2024-10-26,0.1987,,,5.6,0.0,OSM-343316597,не указана,2024,300,s2,0.1987,Зерноград,168.2
2024-10-27,,,,4.8,0.0,OSM-343316597,не указана,2024,301,none,,Зерноград,168.2
2024-10-28,,,,8.5,2.5,OSM-343316597,не указана,2024,302,none,,Зерноград,168.2
2024-10-29,,,,11.2,0.7,OSM-343316597,не указана,2024,303,none,,Зерноград,168.2
2024-10-30,,0.2138499999999999,,8.6,0.0,OSM-343316597,не указана,2024,304,landsat,0.2138499999999999,Зерноград,168.2
2024-10-31,,,0.2103,10.5,4.6,OSM-343316597,не указана,2024,305,modis,0.2103,Зерноград,168.2
2024-11-01,,,,11.6,0.2,OSM-343316597,не указана,2024,306,none,,Зерноград,168.2
2024-11-02,,,,13.2,4.2,OSM-343316597,не указана,2024,307,none,,Зерноград,168.2
2024-11-03,,,,3.4,0.2,OSM-343316597,не указана,2024,308,none,,Зерноград,168.2
2024-11-04,,,,3.7,6.2,OSM-343316597,не указана,2024,309,none,,Зерноград,168.2
2024-11-05,,,,1.3,0.3,OSM-343316597,не указана,2024,310,none,,Зерноград,168.2
2024-11-06,,,,4.0,0.4,OSM-343316597,не указана,2024,311,none,,Зерноград,168.2
2024-11-07,,,,6.9,0.0,OSM-343316597,не указана,2024,312,none,,Зерноград,168.2
2024-11-08,,,,6.5,0.0,OSM-343316597,не указана,2024,313,none,,Зерноград,168.2
2024-11-09,,,,6.2,0.0,OSM-343316597,не указана,2024,314,none,,Зерноград,168.2
2024-11-10,,,,3.9,0.0,OSM-343316597,не указана,2024,315,none,,Зерноград,168.2
2024-11-11,,,,4.2,0.0,OSM-343316597,не указана,2024,316,none,,Зерноград,168.2
2024-11-12,,,,5.1,0.0,OSM-343316597,не указана,2024,317,none,,Зерноград,168.2
2024-11-13,,,,4.3,0.0,OSM-343316597,не указана,2024,318,none,,Зерноград,168.2
2024-11-14,,,,3.6,0.7,OSM-343316597,не указана,2024,319,none,,Зерноград,168.2
2024-11-15,,,,4.6,0.1,OSM-343316597,не указана,2024,320,none,,Зерноград,168.2
2024-11-16,,,0.2096,2.6,0.0,OSM-343316597,не указана,2024,321,modis,0.2096,Зерноград,168.2
2024-11-17,,,,1.7,0.0,OSM-343316597,не указана,2024,322,none,,Зерноград,168.2
2024-11-18,,,,1.6,0.0,OSM-343316597,не указана,2024,323,none,,Зерноград,168.2
2024-11-19,,,,2.9,0.0,OSM-343316597,не указана,2024,324,none,,Зерноград,168.2
2024-11-20,0.167,,,4.7,0.0,OSM-343316597,не указана,2024,325,s2,0.167,Зерноград,168.2
2024-11-21,,,,9.4,2.3,OSM-343316597,не указана,2024,326,none,,Зерноград,168.2
2024-11-22,,,,6.1,2.5,OSM-343316597,не указана,2024,327,none,,Зерноград,168.2
2024-11-23,,,,9.8,0.5,OSM-343316597,не указана,2024,328,none,,Зерноград,168.2
2024-11-24,,,,3.4,7.0,OSM-343316597,не указана,2024,329,none,,Зерноград,168.2
2024-11-25,,,,2.0,8.8,OSM-343316597,не указана,2024,330,none,,Зерноград,168.2
2024-11-26,,,,1.8,0.9,OSM-343316597,не указана,2024,331,none,,Зерноград,168.2
2024-11-27,,,,2.3,1.5,OSM-343316597,не указана,2024,332,none,,Зерноград,168.2
2024-11-28,,,,1.5,0.5,OSM-343316597,не указана,2024,333,none,,Зерноград,168.2
2024-11-29,,,,1.0,0.0,OSM-343316597,не указана,2024,334,none,,Зерноград,168.2
2024-11-30,,,,-1.1,0.0,OSM-343316597,не указана,2024,335,none,,Зерноград,168.2
2024-12-01,,,,-0.8,0.0,OSM-343316597,не указана,2024,336,none,,Зерноград,168.2
2024-12-02,,,-0.0032,0.1,0.0,OSM-343316597,не указана,2024,337,modis,-0.0032,Зерноград,168.2
2024-12-03,,,,1.8,0.0,OSM-343316597,не указана,2024,338,none,,Зерноград,168.2
2024-12-04,,,,1.9,0.0,OSM-343316597,не указана,2024,339,none,,Зерноград,168.2
2024-12-05,,,,1.5,0.6,OSM-343316597,не указана,2024,340,none,,Зерноград,168.2
2024-12-06,,,,1.6,0.8,OSM-343316597,не указана,2024,341,none,,Зерноград,168.2
2024-12-07,,,,1.1,0.0,OSM-343316597,не указана,2024,342,none,,Зерноград,168.2
2024-12-08,,,,2.3,0.0,OSM-343316597,не указана,2024,343,none,,Зерноград,168.2
2024-12-09,,-0.0084,,2.9,0.0,OSM-343316597,не указана,2024,344,landsat,-0.0084,Зерноград,168.2
2024-12-10,,,,3.4,2.5,OSM-343316597,не указана,2024,345,none,,Зерноград,168.2
2024-12-11,,,,4.7,5.9,OSM-343316597,не указана,2024,346,none,,Зерноград,168.2
2024-12-12,,,,2.2,2.5,OSM-343316597,не указана,2024,347,none,,Зерноград,168.2
2024-12-13,,,,-2.7,2.8,OSM-343316597,не указана,2024,348,none,,Зерноград,168.2
2024-12-14,,,,-5.3,0.0,OSM-343316597,не указана,2024,349,none,,Зерноград,168.2
2024-12-15,,,,-1.3,2.2,OSM-343316597,не указана,2024,350,none,,Зерноград,168.2
2024-12-16,,,,1.4,7.3,OSM-343316597,не указана,2024,351,none,,Зерноград,168.2
2024-12-17,,-0.1055999999999999,,4.8,7.7,OSM-343316597,не указана,2024,352,landsat,-0.1055999999999999,Зерноград,168.2
2024-12-18,,,0.2476,2.7,0.8,OSM-343316597,не указана,2024,353,modis,0.2476,Зерноград,168.2
2024-12-19,,,,0.1,0.0,OSM-343316597,не указана,2024,354,none,,Зерноград,168.2
2024-12-20,0.2154,,,2.1,0.0,OSM-343316597,не указана,2024,355,s2,0.2154,Зерноград,168.2
2024-12-21,,,,1.1,0.0,OSM-343316597,не указана,2024,356,none,,Зерноград,168.2
2024-12-22,,,,3.2,1.3,OSM-343316597,не указана,2024,357,none,,Зерноград,168.2
2024-12-23,,,,6.0,0.6,OSM-343316597,не указана,2024,358,none,,Зерноград,168.2
2024-12-24,,,,3.6,0.0,OSM-343316597,не указана,2024,359,none,,Зерноград,168.2
2024-12-25,,,,3.4,0.0,OSM-343316597,не указана,2024,360,none,,Зерноград,168.2
2024-12-26,,,,2.2,0.5,OSM-343316597,не указана,2024,361,none,,Зерноград,168.2
2024-12-27,,,,-0.3,0.1,OSM-343316597,не указана,2024,362,none,,Зерноград,168.2
2024-12-28,,,,-1.6,0.0,OSM-343316597,не указана,2024,363,none,,Зерноград,168.2
2024-12-29,,,,-1.9,0.0,OSM-343316597,не указана,2024,364,none,,Зерноград,168.2
2024-12-30,,,,-1.7,0.0,OSM-343316597,не указана,2024,365,none,,Зерноград,168.2
2024-12-31,,,,1.8,0.0,OSM-343316597,не указана,2024,366,none,,Зерноград,168.2
2025-01-01,,,0.2476,3.7,0.0,OSM-343316597,не указана,2025,1,modis,0.2476,Зерноград,168.2
2025-01-02,,0.23145,,7.6,0.0,OSM-343316597,не указана,2025,2,landsat,0.23145,Зерноград,168.2
2025-01-03,,,,8.7,0.0,OSM-343316597,не указана,2025,3,none,,Зерноград,168.2
2025-01-04,,,,5.4,4.6,OSM-343316597,не указана,2025,4,none,,Зерноград,168.2
2025-01-05,,,,-2.8,0.0,OSM-343316597,не указана,2025,5,none,,Зерноград,168.2
2025-01-06,,,,-2.9,0.0,OSM-343316597,не указана,2025,6,none,,Зерноград,168.2
2025-01-07,,,,3.3,0.0,OSM-343316597,не указана,2025,7,none,,Зерноград,168.2
2025-01-08,,,,4.9,0.0,OSM-343316597,не указана,2025,8,none,,Зерноград,168.2
2025-01-09,0.1856,,,7.8,0.0,OSM-343316597,не указана,2025,9,s2,0.1856,Зерноград,168.2
2025-01-10,,0.2392,,7.0,0.0,OSM-343316597,не указана,2025,10,landsat,0.2392,Зерноград,168.2
2025-01-11,,,,5.4,0.0,OSM-343316597,не указана,2025,11,none,,Зерноград,168.2
2025-01-12,,,,4.4,2.7,OSM-343316597,не указана,2025,12,none,,Зерноград,168.2
2025-01-13,,,,-0.6,8.9,OSM-343316597,не указана,2025,13,none,,Зерноград,168.2
2025-01-14,,,,-2.1,0.0,OSM-343316597,не указана,2025,14,none,,Зерноград,168.2
2025-01-15,,,,-3.1,0.0,OSM-343316597,не указана,2025,15,none,,Зерноград,168.2
2025-01-16,,,,-1.8,0.0,OSM-343316597,не указана,2025,16,none,,Зерноград,168.2
2025-01-17,,,0.2607,0.6,3.9,OSM-343316597,не указана,2025,17,modis,0.2607,Зерноград,168.2
2025-01-18,,,,0.9,0.4,OSM-343316597,не указана,2025,18,none,,Зерноград,168.2
2025-01-19,,,,1.2,1.6,OSM-343316597,не указана,2025,19,none,,Зерноград,168.2
2025-01-20,,,,0.2,0.0,OSM-343316597,не указана,2025,20,none,,Зерноград,168.2
2025-01-21,,,,0.2,0.0,OSM-343316597,не указана,2025,21,none,,Зерноград,168.2
2025-01-22,,,,-0.3,0.0,OSM-343316597,не указана,2025,22,none,,Зерноград,168.2
2025-01-23,,,,0.8,1.0,OSM-343316597,не указана,2025,23,none,,Зерноград,168.2
2025-01-24,,,,1.2,3.3,OSM-343316597,не указана,2025,24,none,,Зерноград,168.2
2025-01-25,,,,3.2,0.0,OSM-343316597,не указана,2025,25,none,,Зерноград,168.2
2025-01-26,,,,2.9,0.0,OSM-343316597,не указана,2025,26,none,,Зерноград,168.2
2025-01-27,,,,1.5,0.0,OSM-343316597,не указана,2025,27,none,,Зерноград,168.2
2025-01-28,,,,1.8,0.0,OSM-343316597,не указана,2025,28,none,,Зерноград,168.2
2025-01-29,0.1313,,,3.0,0.0,OSM-343316597,не указана,2025,29,s2,0.1313,Зерноград,168.2
2025-01-30,,,,3.5,0.0,OSM-343316597,не указана,2025,30,none,,Зерноград,168.2
2025-01-31,,,,3.1,0.0,OSM-343316597,не указана,2025,31,none,,Зерноград,168.2
2025-02-01,,,,2.8,0.0,OSM-343316597,не указана,2025,32,none,,Зерноград,168.2
2025-02-02,,,0.0293,0.8,0.0,OSM-343316597,не указана,2025,33,modis,0.0293,Зерноград,168.2
2025-02-03,,,,0.6,9.6,OSM-343316597,не указана,2025,34,none,,Зерноград,168.2
2025-02-04,,,,-1.6,5.7,OSM-343316597,не указана,2025,35,none,,Зерноград,168.2
2025-02-05,,,,-2.0,0.0,OSM-343316597,не указана,2025,36,none,,Зерноград,168.2
2025-02-06,,,,-1.8,0.1,OSM-343316597,не указана,2025,37,none,,Зерноград,168.2
2025-02-07,,,,-2.7,0.0,OSM-343316597,не указана,2025,38,none,,Зерноград,168.2
2025-02-08,,,,-4.0,0.0,OSM-343316597,не указана,2025,39,none,,Зерноград,168.2
2025-02-09,,,,-5.4,0.0,OSM-343316597,не указана,2025,40,none,,Зерноград,168.2
2025-02-10,,,,-3.9,0.0,OSM-343316597,не указана,2025,41,none,,Зерноград,168.2
2025-02-11,,,,-5.4,0.0,OSM-343316597,не указана,2025,42,none,,Зерноград,168.2
2025-02-12,,,,-4.6,0.0,OSM-343316597,не указана,2025,43,none,,Зерноград,168.2
2025-02-13,,,,-5.7,0.0,OSM-343316597,не указана,2025,44,none,,Зерноград,168.2
2025-02-14,,,,-5.9,0.0,OSM-343316597,не указана,2025,45,none,,Зерноград,168.2
2025-02-15,,,,1.6,5.2,OSM-343316597,не указана,2025,46,none,,Зерноград,168.2
2025-02-16,,,,-4.6,0.0,OSM-343316597,не указана,2025,47,none,,Зерноград,168.2
2025-02-17,,,,-4.8,0.0,OSM-343316597,не указана,2025,48,none,,Зерноград,168.2
2025-02-18,,,0.1387,-5.0,0.0,OSM-343316597,не указана,2025,49,modis,0.1387,Зерноград,168.2
2025-02-19,,0.6321,,-4.5,0.0,OSM-343316597,не указана,2025,50,landsat,0.6321,Зерноград,168.2
2025-02-20,,,,-5.7,0.0,OSM-343316597,не указана,2025,51,none,,Зерноград,168.2
2025-02-21,,,,-5.5,0.0,OSM-343316597,не указана,2025,52,none,,Зерноград,168.2
2025-02-22,,,,-7.6,0.0,OSM-343316597,не указана,2025,53,none,,Зерноград,168.2
2025-02-23,,,,-6.5,1.7,OSM-343316597,не указана,2025,54,none,,Зерноград,168.2
2025-02-24,,,,-6.5,2.7,OSM-343316597,не указана,2025,55,none,,Зерноград,168.2
2025-02-25,,,,-9.8,1.2,OSM-343316597,не указана,2025,56,none,,Зерноград,168.2
2025-02-26,,,,-12.2,0.0,OSM-343316597,не указана,2025,57,none,,Зерноград,168.2
2025-02-27,,-0.03675,,-8.6,0.0,OSM-343316597,не указана,2025,58,landsat,-0.03675,Зерноград,168.2
2025-02-28,,,,-8.8,0.0,OSM-343316597,не указана,2025,59,none,,Зерноград,168.2
2025-03-01,,,,-11.9,0.0,OSM-343316597,не указана,2025,60,none,,Зерноград,168.2
2025-03-02,,,,-7.8,0.0,OSM-343316597,не указана,2025,61,none,,Зерноград,168.2
2025-03-03,,,,-4.0,0.0,OSM-343316597,не указана,2025,62,none,,Зерноград,168.2
2025-03-04,,,,0.8,0.0,OSM-343316597,не указана,2025,63,none,,Зерноград,168.2
2025-03-05,,,,4.2,0.0,OSM-343316597,не указана,2025,64,none,,Зерноград,168.2
2025-03-06,,,0.1888,6.1,0.0,OSM-343316597,не указана,2025,65,modis,0.1888,Зерноград,168.2
2025-03-07,,0.2492,,7.1,0.0,OSM-343316597,не указана,2025,66,landsat,0.2492,Зерноград,168.2
2025-03-08,,,,7.2,0.0,OSM-343316597,не указана,2025,67,none,,Зерноград,168.2
2025-03-09,,,,6.2,0.0,OSM-343316597,не указана,2025,68,none,,Зерноград,168.2
2025-03-10,,,,5.6,0.0,OSM-343316597,не указана,2025,69,none,,Зерноград,168.2
2025-03-11,,,,7.5,0.0,OSM-343316597,не указана,2025,70,none,,Зерноград,168.2
2025-03-12,,,,12.9,0.8,OSM-343316597,не указана,2025,71,none,,Зерноград,168.2
2025-03-13,,,,15.2,0.0,OSM-343316597,не указана,2025,72,none,,Зерноград,168.2
2025-03-14,,,,16.9,0.0,OSM-343316597,не указана,2025,73,none,,Зерноград,168.2
2025-03-15,,0.2007,,15.8,0.0,OSM-343316597,не указана,2025,74,landsat,0.2007,Зерноград,168.2
2025-03-16,,,,18.1,0.1,OSM-343316597,не указана,2025,75,none,,Зерноград,168.2
2025-03-17,,,,12.9,2.2,OSM-343316597,не указана,2025,76,none,,Зерноград,168.2
2025-03-18,,,,6.7,1.3,OSM-343316597,не указана,2025,77,none,,Зерноград,168.2
2025-03-19,,,,2.4,0.9,OSM-343316597,не указана,2025,78,none,,Зерноград,168.2
2025-03-20,0.2282,,,3.2,0.0,OSM-343316597,не указана,2025,79,s2,0.2282,Зерноград,168.2
2025-03-21,,,,4.4,0.0,OSM-343316597,не указана,2025,80,none,,Зерноград,168.2
2025-03-22,,,0.3134,5.8,0.2,OSM-343316597,не указана,2025,81,modis,0.3134,Зерноград,168.2
2025-03-23,,0.21375,,6.9,0.0,OSM-343316597,не указана,2025,82,landsat,0.21375,Зерноград,168.2
2025-03-24,,,,7.5,0.0,OSM-343316597,не указана,2025,83,none,,Зерноград,168.2
2025-03-25,,,,10.6,4.3,OSM-343316597,не указана,2025,84,none,,Зерноград,168.2
2025-03-26,,,,11.5,2.6,OSM-343316597,не указана,2025,85,none,,Зерноград,168.2
2025-03-27,,,,11.0,0.0,OSM-343316597,не указана,2025,86,none,,Зерноград,168.2
2025-03-28,,,,11.1,0.3,OSM-343316597,не указана,2025,87,none,,Зерноград,168.2
2025-03-29,,,,9.1,0.8,OSM-343316597,не указана,2025,88,none,,Зерноград,168.2
2025-03-30,0.179,,,13.4,5.7,OSM-343316597,не указана,2025,89,s2,0.179,Зерноград,168.2
2025-03-31,,,,13.0,9.1,OSM-343316597,не указана,2025,90,none,,Зерноград,168.2
2025-04-01,0.2294,,,11.6,0.0,OSM-343316597,не указана,2025,91,s2,0.2294,Зерноград,168.2
2025-04-02,,,,14.3,0.5,OSM-343316597,не указана,2025,92,none,,Зерноград,168.2
2025-04-03,,,,14.1,3.0,OSM-343316597,не указана,2025,93,none,,Зерноград,168.2
2025-04-04,,,,13.1,0.0,OSM-343316597,не указана,2025,94,none,,Зерноград,168.2
2025-04-05,,,,12.2,0.6,OSM-343316597,не указана,2025,95,none,,Зерноград,168.2
2025-04-06,,,,11.9,1.3,OSM-343316597,не указана,2025,96,none,,Зерноград,168.2
2025-04-07,,,0.3063,12.1,15.5,OSM-343316597,не указана,2025,97,modis,0.3063,Зерноград,168.2
2025-04-08,,,,5.1,0.3,OSM-343316597,не указана,2025,98,none,,Зерноград,168.2
2025-04-09,,,,4.7,0.1,OSM-343316597,не указана,2025,99,none,,Зерноград,168.2
2025-04-10,,,,4.6,0.2,OSM-343316597,не указана,2025,100,none,,Зерноград,168.2
2025-04-11,,,,6.9,0.3,OSM-343316597,не указана,2025,101,none,,Зерноград,168.2
2025-04-12,,,,4.4,8.0,OSM-343316597,не указана,2025,102,none,,Зерноград,168.2
2025-04-13,,,,5.7,0.0,OSM-343316597,не указана,2025,103,none,,Зерноград,168.2
2025-04-14,0.2238,,,9.1,0.0,OSM-343316597,не указана,2025,104,s2,0.2238,Зерноград,168.2
2025-04-15,,,,12.7,0.0,OSM-343316597,не указана,2025,105,none,,Зерноград,168.2
2025-04-16,,0.4773,,13.3,0.0,OSM-343316597,не указана,2025,106,landsat,0.4773,Зерноград,168.2
2025-04-17,,,,13.9,0.0,OSM-343316597,не указана,2025,107,none,,Зерноград,168.2
2025-04-18,,,,14.6,0.0,OSM-343316597,не указана,2025,108,none,,Зерноград,168.2
2025-04-19,0.2127,,,15.7,0.0,OSM-343316597,не указана,2025,109,s2,0.2127,Зерноград,168.2
2025-04-20,,,,15.8,0.0,OSM-343316597,не указана,2025,110,none,,Зерноград,168.2
2025-04-21,,,,13.7,0.6,OSM-343316597,не указана,2025,111,none,,Зерноград,168.2
2025-04-22,,,,14.2,0.4,OSM-343316597,не указана,2025,112,none,,Зерноград,168.2
2025-04-23,,,0.2958,15.8,0.1,OSM-343316597,не указана,2025,113,modis,0.2958,Зерноград,168.2
2025-04-24,0.6017,0.6355,,16.0,0.9,OSM-343316597,не указана,2025,114,s2,0.6017,Зерноград,168.2
2025-04-25,,,,16.5,0.1,OSM-343316597,не указана,2025,115,none,,Зерноград,168.2
2025-04-26,,,,15.0,15.2,OSM-343316597,не указана,2025,116,none,,Зерноград,168.2
2025-04-27,,,,8.2,1.5,OSM-343316597,не указана,2025,117,none,,Зерноград,168.2
2025-04-28,,,,6.2,0.0,OSM-343316597,не указана,2025,118,none,,Зерноград,168.2
2025-04-29,,,,8.4,0.0,OSM-343316597,не указана,2025,119,none,,Зерноград,168.2
2025-04-30,,,,11.3,0.0,OSM-343316597,не указана,2025,120,none,,Зерноград,168.2
2025-05-01,,,,14.8,0.0,OSM-343316597,не указана,2025,121,none,,Зерноград,168.2
2025-05-02,,,,14.6,0.4,OSM-343316597,не указана,2025,122,none,,Зерноград,168.2
2025-05-03,,,,12.4,0.0,OSM-343316597,не указана,2025,123,none,,Зерноград,168.2
2025-05-04,0.2305,,,15.3,0.0,OSM-343316597,не указана,2025,124,s2,0.2305,Зерноград,168.2
2025-05-05,,,,18.0,0.9,OSM-343316597,не указана,2025,125,none,,Зерноград,168.2
2025-05-06,,,,18.4,0.0,OSM-343316597,не указана,2025,126,none,,Зерноград,168.2
2025-05-07,,,,18.3,1.4,OSM-343316597,не указана,2025,127,none,,Зерноград,168.2
2025-05-08,,,,15.9,3.5,OSM-343316597,не указана,2025,128,none,,Зерноград,168.2
2025-05-09,,,0.2937,15.8,15.3,OSM-343316597,не указана,2025,129,modis,0.2937,Зерноград,168.2
2025-05-10,,,,12.7,1.0,OSM-343316597,не указана,2025,130,none,,Зерноград,168.2
2025-05-11,,,,12.3,0.0,OSM-343316597,не указана,2025,131,none,,Зерноград,168.2
2025-05-12,,,,13.2,0.7,OSM-343316597,не указана,2025,132,none,,Зерноград,168.2
2025-05-13,,,,14.2,0.3,OSM-343316597,не указана,2025,133,none,,Зерноград,168.2
2025-05-14,0.5352,,,12.9,0.0,OSM-343316597,не указана,2025,134,s2,0.5352,Зерноград,168.2
2025-05-15,,,,14.2,0.1,OSM-343316597,не указана,2025,135,none,,Зерноград,168.2
2025-05-16,,,,16.5,0.2,OSM-343316597,не указана,2025,136,none,,Зерноград,168.2
2025-05-17,,,,19.3,0.3,OSM-343316597,не указана,2025,137,none,,Зерноград,168.2
2025-05-18,,,,16.8,1.3,OSM-343316597,не указана,2025,138,none,,Зерноград,168.2
2025-05-19,,,,14.9,6.7,OSM-343316597,не указана,2025,139,none,,Зерноград,168.2
2025-05-20,,,,14.9,9.3,OSM-343316597,не указана,2025,140,none,,Зерноград,168.2
2025-05-21,,,,14.7,2.5,OSM-343316597,не указана,2025,141,none,,Зерноград,168.2
2025-05-22,,,,17.3,0.3,OSM-343316597,не указана,2025,142,none,,Зерноград,168.2
2025-05-23,,,,20.4,0.0,OSM-343316597,не указана,2025,143,none,,Зерноград,168.2
2025-05-24,0.2275,,,22.4,0.0,OSM-343316597,не указана,2025,144,s2,0.2275,Зерноград,168.2
2025-05-25,,,0.3232,24.1,0.0,OSM-343316597,не указана,2025,145,modis,0.3232,Зерноград,168.2
2025-05-26,,,,23.4,0.0,OSM-343316597,не указана,2025,146,none,,Зерноград,168.2
2025-05-27,,,,23.0,0.0,OSM-343316597,не указана,2025,147,none,,Зерноград,168.2
2025-05-28,,,,23.0,0.0,OSM-343316597,не указана,2025,148,none,,Зерноград,168.2
2025-05-29,,,,19.7,1.8,OSM-343316597,не указана,2025,149,none,,Зерноград,168.2
2025-05-30,,,,20.4,2.9,OSM-343316597,не указана,2025,150,none,,Зерноград,168.2
2025-05-31,,,,19.3,0.5,OSM-343316597,не указана,2025,151,none,,Зерноград,168.2
2025-06-01,,,,20.3,1.4,OSM-343316597,не указана,2025,152,none,,Зерноград,168.2
2025-06-02,,,,22.2,0.0,OSM-343316597,не указана,2025,153,none,,Зерноград,168.2
2025-06-03,0.5339,0.4333,,22.8,0.0,OSM-343316597,не указана,2025,154,s2,0.5339,Зерноград,168.2
2025-06-04,,,,24.3,0.3,OSM-343316597,не указана,2025,155,none,,Зерноград,168.2
2025-06-05,,,,21.3,0.0,OSM-343316597,не указана,2025,156,none,,Зерноград,168.2
2025-06-06,,,,22.6,0.0,OSM-343316597,не указана,2025,157,none,,Зерноград,168.2
2025-06-07,,,,25.5,0.0,OSM-343316597,не указана,2025,158,none,,Зерноград,168.2
2025-06-08,0.3557,,,28.1,0.0,OSM-343316597,не указана,2025,159,s2,0.3557,Зерноград,168.2
2025-06-09,,,,29.0,0.0,OSM-343316597,не указана,2025,160,none,,Зерноград,168.2
2025-06-10,,,0.3523,26.1,0.7,OSM-343316597,не указана,2025,161,modis,0.3523,Зерноград,168.2
2025-06-11,,0.43925,,23.2,0.0,OSM-343316597,не указана,2025,162,landsat,0.43925,Зерноград,168.2
2025-06-12,,,,22.6,2.6,OSM-343316597,не указана,2025,163,none,,Зерноград,168.2
2025-06-13,0.4305,,,21.3,0.0,OSM-343316597,не указана,2025,164,s2,0.4305,Зерноград,168.2
2025-06-14,,,,19.9,0.3,OSM-343316597,не указана,2025,165,none,,Зерноград,168.2
2025-06-15,,,,18.0,3.6,OSM-343316597,не указана,2025,166,none,,Зерноград,168.2
2025-06-16,,,,17.3,1.5,OSM-343316597,не указана,2025,167,none,,Зерноград,168.2
2025-06-17,,,,20.6,0.9,OSM-343316597,не указана,2025,168,none,,Зерноград,168.2
2025-06-18,,,,20.7,13.7,OSM-343316597,не указана,2025,169,none,,Зерноград,168.2
2025-06-19,,,,22.3,5.5,OSM-343316597,не указана,2025,170,none,,Зерноград,168.2
2025-06-20,,,,19.1,5.1,OSM-343316597,не указана,2025,171,none,,Зерноград,168.2
2025-06-21,,,,17.6,0.1,OSM-343316597,не указана,2025,172,none,,Зерноград,168.2
2025-06-22,,,,19.2,0.9,OSM-343316597,не указана,2025,173,none,,Зерноград,168.2
2025-06-23,,,,17.0,9.4,OSM-343316597,не указана,2025,174,none,,Зерноград,168.2
2025-06-24,,,,18.6,0.0,OSM-343316597,не указана,2025,175,none,,Зерноград,168.2
2025-06-25,,,,20.6,4.1,OSM-343316597,не указана,2025,176,none,,Зерноград,168.2
2025-06-26,,,0.3856,21.6,3.1,OSM-343316597,не указана,2025,177,modis,0.3856,Зерноград,168.2
2025-06-27,,0.629,,20.4,0.0,OSM-343316597,не указана,2025,178,landsat,0.629,Зерноград,168.2
2025-06-28,,,,22.0,4.7,OSM-343316597,не указана,2025,179,none,,Зерноград,168.2
2025-06-29,,,,19.5,3.8,OSM-343316597,не указана,2025,180,none,,Зерноград,168.2
2025-06-30,,,,20.0,2.0,OSM-343316597,не указана,2025,181,none,,Зерноград,168.2
2025-07-01,,,,20.3,0.1,OSM-343316597,не указана,2025,182,none,,Зерноград,168.2
2025-07-02,,,,20.6,0.5,OSM-343316597,не указана,2025,183,none,,Зерноград,168.2
2025-07-03,,,,19.6,2.8,OSM-343316597,не указана,2025,184,none,,Зерноград,168.2
2025-07-04,,,,23.4,0.0,OSM-343316597,не указана,2025,185,none,,Зерноград,168.2
2025-07-05,,0.6212500000000001,,26.3,0.0,OSM-343316597,не указана,2025,186,landsat,0.6212500000000001,Зерноград,168.2
2025-07-06,,,,25.1,2.4,OSM-343316597,не указана,2025,187,none,,Зерноград,168.2
2025-07-07,,,,27.4,0.0,OSM-343316597,не указана,2025,188,none,,Зерноград,168.2
2025-07-08,0.5574,,,30.1,0.0,OSM-343316597,не указана,2025,189,s2,0.5574,Зерноград,168.2
2025-07-09,,,,29.2,0.0,OSM-343316597,не указана,2025,190,none,,Зерноград,168.2
2025-07-10,0.5057,,,31.2,0.0,OSM-343316597,не указана,2025,191,s2,0.5057,Зерноград,168.2
2025-07-11,,,,30.9,0.0,OSM-343316597,не указана,2025,192,none,,Зерноград,168.2
2025-07-12,,,0.2861,31.8,0.0,OSM-343316597,не указана,2025,193,modis,0.2861,Зерноград,168.2
2025-07-13,0.4378,0.474,,33.7,0.0,OSM-343316597,не указана,2025,194,s2,0.4378,Зерноград,168.2
2025-07-14,,,,30.7,0.0,OSM-343316597,не указана,2025,195,none,,Зерноград,168.2
2025-07-15,,,,29.4,0.0,OSM-343316597,не указана,2025,196,none,,Зерноград,168.2
2025-07-16,,,,29.4,0.0,OSM-343316597,не указана,2025,197,none,,Зерноград,168.2
2025-07-17,,,,29.1,0.0,OSM-343316597,не указана,2025,198,none,,Зерноград,168.2
2025-07-18,0.4139,,,30.0,0.0,OSM-343316597,не указана,2025,199,s2,0.4139,Зерноград,168.2
2025-07-19,,,,30.1,2.7,OSM-343316597,не указана,2025,200,none,,Зерноград,168.2
2025-07-20,,,,24.8,3.2,OSM-343316597,не указана,2025,201,none,,Зерноград,168.2
2025-07-21,,0.56935,,26.3,0.0,OSM-343316597,не указана,2025,202,landsat,0.56935,Зерноград,168.2
2025-07-22,,,,28.3,0.0,OSM-343316597,не указана,2025,203,none,,Зерноград,168.2
2025-07-23,0.4566,,,29.0,1.7,OSM-343316597,не указана,2025,204,s2,0.4566,Зерноград,168.2
2025-07-24,,,,27.5,0.0,OSM-343316597,не указана,2025,205,none,,Зерноград,168.2
2025-07-25,,,,27.5,0.0,OSM-343316597,не указана,2025,206,none,,Зерноград,168.2
2025-07-26,,,,28.7,0.0,OSM-343316597,не указана,2025,207,none,,Зерноград,168.2
2025-07-27,,,,27.4,1.3,OSM-343316597,не указана,2025,208,none,,Зерноград,168.2
2025-07-28,0.4742,,0.3288,26.3,0.0,OSM-343316597,не указана,2025,209,s2,0.4742,Зерноград,168.2
2025-07-29,,0.47325,,28.3,0.0,OSM-343316597,не указана,2025,210,landsat,0.47325,Зерноград,168.2
2025-07-30,0.433,,,31.2,0.0,OSM-343316597,не указана,2025,211,s2,0.433,Зерноград,168.2
2025-07-31,,,,29.7,0.0,OSM-343316597,не указана,2025,212,none,,Зерноград,168.2
2025-08-01,,,,28.0,0.0,OSM-343316597,не указана,2025,213,none,,Зерноград,168.2
2025-08-02,0.2768,,,30.0,0.3,OSM-343316597,не указана,2025,214,s2,0.2768,Зерноград,168.2
2025-08-03,,,,25.8,31.6,OSM-343316597,не указана,2025,215,none,,Зерноград,168.2
2025-08-04,,,,25.7,0.4,OSM-343316597,не указана,2025,216,none,,Зерноград,168.2
2025-08-05,,,,25.3,0.0,OSM-343316597,не указана,2025,217,none,,Зерноград,168.2
2025-08-06,,0.4464,,27.1,0.0,OSM-343316597,не указана,2025,218,landsat,0.4464,Зерноград,168.2
2025-08-07,0.4091,,,28.7,0.0,OSM-343316597,не указана,2025,219,s2,0.4091,Зерноград,168.2
2025-08-08,,,,27.3,0.0,OSM-343316597,не указана,2025,220,none,,Зерноград,168.2
2025-08-09,0.1192,,,24.6,10.8,OSM-343316597,не указана,2025,221,s2,0.1192,Зерноград,168.2
2025-08-10,,,,23.4,0.1,OSM-343316597,не указана,2025,222,none,,Зерноград,168.2
2025-08-11,,,,22.6,3.7,OSM-343316597,не указана,2025,223,none,,Зерноград,168.2
2025-08-12,0.4272,,,21.2,0.0,OSM-343316597,не указана,2025,224,s2,0.4272,Зерноград,168.2
2025-08-13,,,0.2529,21.5,0.0,OSM-343316597,не указана,2025,225,modis,0.2529,Зерноград,168.2
2025-08-14,,,,22.0,0.0,OSM-343316597,не указана,2025,226,none,,Зерноград,168.2
2025-08-15,,,,21.0,0.0,OSM-343316597,не указана,2025,227,none,,Зерноград,168.2
2025-08-16,,,,21.7,0.0,OSM-343316597,не указана,2025,228,none,,Зерноград,168.2
2025-08-17,0.3764,,,24.3,0.0,OSM-343316597,не указана,2025,229,s2,0.3764,Зерноград,168.2
2025-08-18,,,,26.2,0.0,OSM-343316597,не указана,2025,230,none,,Зерноград,168.2
2025-08-19,0.3957,,,21.5,0.0,OSM-343316597,не указана,2025,231,s2,0.3957,Зерноград,168.2
2025-08-20,,,,23.8,0.0,OSM-343316597,не указана,2025,232,none,,Зерноград,168.2
2025-08-21,,,,24.7,0.0,OSM-343316597,не указана,2025,233,none,,Зерноград,168.2
2025-08-22,0.3919,0.42745,,25.8,0.0,OSM-343316597,не указана,2025,234,s2,0.3919,Зерноград,168.2
2025-08-23,,,,26.6,0.0,OSM-343316597,не указана,2025,235,none,,Зерноград,168.2
2025-08-24,,,,21.9,0.2,OSM-343316597,не указана,2025,236,none,,Зерноград,168.2
2025-08-25,,,,19.1,0.0,OSM-343316597,не указана,2025,237,none,,Зерноград,168.2
2025-08-26,,,,19.4,0.0,OSM-343316597,не указана,2025,238,none,,Зерноград,168.2
2025-08-27,0.3976,,,21.1,0.0,OSM-343316597,не указана,2025,239,s2,0.3976,Зерноград,168.2
2025-08-28,,,,23.1,0.0,OSM-343316597,не указана,2025,240,none,,Зерноград,168.2
2025-08-29,0.3749,,0.2373,25.5,0.0,OSM-343316597,не указана,2025,241,s2,0.3749,Зерноград,168.2
2025-08-30,,0.37395,,27.5,0.0,OSM-343316597,не указана,2025,242,landsat,0.37395,Зерноград,168.2
2025-08-31,,,,26.7,0.0,OSM-343316597,не указана,2025,243,none,,Зерноград,168.2
2025-09-01,0.3512,,,27.1,0.6,OSM-343316597,не указана,2025,244,s2,0.3512,Зерноград,168.2
2025-09-02,,,,25.4,2.5,OSM-343316597,не указана,2025,245,none,,Зерноград,168.2
2025-09-03,,,,24.5,0.5,OSM-343316597,не указана,2025,246,none,,Зерноград,168.2
2025-09-04,,,,20.1,0.0,OSM-343316597,не указана,2025,247,none,,Зерноград,168.2
2025-09-05,,,,18.8,0.0,OSM-343316597,не указана,2025,248,none,,Зерноград,168.2
2025-09-06,0.2851,,,19.3,0.0,OSM-343316597,не указана,2025,249,s2,0.2851,Зерноград,168.2
2025-09-07,,0.3806,,21.5,0.0,OSM-343316597,не указана,2025,250,landsat,0.3806,Зерноград,168.2
2025-09-08,0.3298,,,23.3,0.2,OSM-343316597,не указана,2025,251,s2,0.3298,Зерноград,168.2
2025-09-09,,,,21.0,2.7,OSM-343316597,не указана,2025,252,none,,Зерноград,168.2
2025-09-10,,,,19.1,1.9,OSM-343316597,не указана,2025,253,none,,Зерноград,168.2
2025-09-11,0.3956,,,18.9,0.0,OSM-343316597,не указана,2025,254,s2,0.3956,Зерноград,168.2
2025-09-12,,,,18.4,0.0,OSM-343316597,не указана,2025,255,none,,Зерноград,168.2
2025-09-13,,,,15.7,0.0,OSM-343316597,не указана,2025,256,none,,Зерноград,168.2
2025-09-14,,,0.2616,18.1,0.0,OSM-343316597,не указана,2025,257,modis,0.2616,Зерноград,168.2
2025-09-15,,0.37235,,18.9,0.0,OSM-343316597,не указана,2025,258,landsat,0.37235,Зерноград,168.2
2025-09-16,,,,18.3,0.0,OSM-343316597,не указана,2025,259,none,,Зерноград,168.2
2025-09-17,,,,19.1,0.0,OSM-343316597,не указана,2025,260,none,,Зерноград,168.2
2025-09-18,,,,17.5,17.5,OSM-343316597,не указана,2025,261,none,,Зерноград,168.2
2025-09-19,,,,15.7,14.8,OSM-343316597,не указана,2025,262,none,,Зерноград,168.2
2025-09-20,,,,16.1,0.4,OSM-343316597,не указана,2025,263,none,,Зерноград,168.2
2025-09-21,0.3611,,,16.5,0.0,OSM-343316597,не указана,2025,264,s2,0.3611,Зерноград,168.2
2025-09-22,,,,18.0,0.0,OSM-343316597,не указана,2025,265,none,,Зерноград,168.2
2025-09-23,,0.36425,,19.7,0.0,OSM-343316597,не указана,2025,266,landsat,0.36425,Зерноград,168.2
2025-09-24,,,,18.9,0.0,OSM-343316597,не указана,2025,267,none,,Зерноград,168.2
2025-09-25,,,,13.9,1.6,OSM-343316597,не указана,2025,268,none,,Зерноград,168.2
2025-09-26,0.3128,,,10.2,0.0,OSM-343316597,не указана,2025,269,s2,0.3128,Зерноград,168.2
2025-09-27,,,,10.3,0.0,OSM-343316597,не указана,2025,270,none,,Зерноград,168.2
2025-09-28,,,,12.1,0.0,OSM-343316597,не указана,2025,271,none,,Зерноград,168.2
2025-09-29,,,,11.6,6.0,OSM-343316597,не указана,2025,272,none,,Зерноград,168.2
2025-09-30,,,0.301,9.5,1.7,OSM-343316597,не указана,2025,273,modis,0.301,Зерноград,168.2
2025-10-01,,,,11.8,0.0,OSM-343316597,не указана,2025,274,none,,Зерноград,168.2
2025-10-02,,,,12.5,0.0,OSM-343316597,не указана,2025,275,none,,Зерноград,168.2
2025-10-03,,,,13.9,0.0,OSM-343316597,не указана,2025,276,none,,Зерноград,168.2
2025-10-04,,,,16.3,0.0,OSM-343316597,не указана,2025,277,none,,Зерноград,168.2
2025-10-05,,,,14.2,3.3,OSM-343316597,не указана,2025,278,none,,Зерноград,168.2
2025-10-06,,,,14.6,0.1,OSM-343316597,не указана,2025,279,none,,Зерноград,168.2
2025-10-07,,,,16.7,0.0,OSM-343316597,не указана,2025,280,none,,Зерноград,168.2
2025-10-08,,,,17.4,0.0,OSM-343316597,не указана,2025,281,none,,Зерноград,168.2
2025-10-09,,,,15.6,7.8,OSM-343316597,не указана,2025,282,none,,Зерноград,168.2
2025-10-10,,,,14.5,2.8,OSM-343316597,не указана,2025,283,none,,Зерноград,168.2
2025-10-11,,,,13.1,0.4,OSM-343316597,не указана,2025,284,none,,Зерноград,168.2
2025-10-12,,,,12.2,0.0,OSM-343316597,не указана,2025,285,none,,Зерноград,168.2
2025-10-13,,,,11.4,4.1,OSM-343316597,не указана,2025,286,none,,Зерноград,168.2
2025-10-14,,,,8.6,0.0,OSM-343316597,не указана,2025,287,none,,Зерноград,168.2
2025-10-15,,,,9.4,0.3,OSM-343316597,не указана,2025,288,none,,Зерноград,168.2
2025-10-16,0.2495,,0.3144,6.7,0.0,OSM-343316597,не указана,2025,289,s2,0.2495,Зерноград,168.2
2025-10-17,,,,7.3,0.0,OSM-343316597,не указана,2025,290,none,,Зерноград,168.2
2025-10-18,0.2518,,,9.8,1.0,OSM-343316597,не указана,2025,291,s2,0.2518,Зерноград,168.2
2025-10-19,,,,12.2,2.5,OSM-343316597,не указана,2025,292,none,,Зерноград,168.2
2025-10-20,,,,9.1,0.3,OSM-343316597,не указана,2025,293,none,,Зерноград,168.2
2025-10-21,,,,7.8,1.3,OSM-343316597,не указана,2025,294,none,,Зерноград,168.2
2025-10-22,,,,9.0,0.0,OSM-343316597,не указана,2025,295,none,,Зерноград,168.2
2025-10-23,,,,10.5,0.0,OSM-343316597,не указана,2025,296,none,,Зерноград,168.2
2025-10-24,,,,13.3,0.0,OSM-343316597,не указана,2025,297,none,,Зерноград,168.2
2025-10-25,,-0.0492,,11.9,17.7,OSM-343316597,не указана,2025,298,landsat,-0.0492,Зерноград,168.2
2025-10-26,,,,9.9,0.0,OSM-343316597,не указана,2025,299,none,,Зерноград,168.2
2025-10-27,,,,12.3,1.0,OSM-343316597,не указана,2025,300,none,,Зерноград,168.2
2025-10-28,0.2453,,,13.1,2.3,OSM-343316597,не указана,2025,301,s2,0.2453,Зерноград,168.2
2025-10-29,,,,10.9,0.3,OSM-343316597,не указана,2025,302,none,,Зерноград,168.2
2025-10-30,,,,9.7,0.7,OSM-343316597,не указана,2025,303,none,,Зерноград,168.2
2025-10-31,,,,11.7,6.0,OSM-343316597,не указана,2025,304,none,,Зерноград,168.2
2025-11-01,,,0.308,10.2,0.0,OSM-343316597,не указана,2025,305,modis,0.308,Зерноград,168.2
2021-01-01,,,0.1777,1.4,0.0,OSM-342449510,не указана,2021,1,modis,0.1777,Зерноград,160.3
2021-01-02,,,,2.2,0.0,OSM-342449510,не указана,2021,2,none,,Зерноград,160.3
2021-01-03,,,,1.4,0.1,OSM-342449510,не указана,2021,3,none,,Зерноград,160.3
2021-01-04,,,,0.8,0.0,OSM-342449510,не указана,2021,4,none,,Зерноград,160.3
2021-01-05,,,,1.2,0.0,OSM-342449510,не указана,2021,5,none,,Зерноград,160.3
2021-01-06,,,,1.5,2.7,OSM-342449510,не указана,2021,6,none,,Зерноград,160.3
2021-01-07,,,,4.5,0.3,OSM-342449510,не указана,2021,7,none,,Зерноград,160.3
2021-01-08,,,,5.3,5.0,OSM-342449510,не указана,2021,8,none,,Зерноград,160.3
2021-01-09,,,,7.2,8.8,OSM-342449510,не указана,2021,9,none,,Зерноград,160.3
2021-01-10,,,,-0.0,0.5,OSM-342449510,не указана,2021,10,none,,Зерноград,160.3
2021-01-11,,,,-1.5,0.0,OSM-342449510,не указана,2021,11,none,,Зерноград,160.3
2021-01-12,,,,-1.2,2.7,OSM-342449510,не указана,2021,12,none,,Зерноград,160.3
2021-01-13,,,,2.4,15.0,OSM-342449510,не указана,2021,13,none,,Зерноград,160.3
2021-01-14,,,,-0.9,0.7,OSM-342449510,не указана,2021,14,none,,Зерноград,160.3
2021-01-15,,,,-3.5,7.4,OSM-342449510,не указана,2021,15,none,,Зерноград,160.3
2021-01-16,,,,-7.5,0.0,OSM-342449510,не указана,2021,16,none,,Зерноград,160.3
2021-01-17,,,-0.0049,-7.8,12.5,OSM-342449510,не указана,2021,17,modis,-0.0049,Зерноград,160.3
2021-01-18,,,,-7.2,1.2,OSM-342449510,не указана,2021,18,none,,Зерноград,160.3
2021-01-19,,,,-10.9,0.7,OSM-342449510,не указана,2021,19,none,,Зерноград,160.3
2021-01-20,,,,-16.4,0.0,OSM-342449510,не указана,2021,20,none,,Зерноград,160.3
2021-01-21,,,,-15.7,0.0,OSM-342449510,не указана,2021,21,none,,Зерноград,160.3
2021-01-22,,,,2.2,0.0,OSM-342449510,не указана,2021,22,none,,Зерноград,160.3
2021-01-23,,,,1.4,0.1,OSM-342449510,не указана,2021,23,none,,Зерноград,160.3
2021-01-24,,,,0.1,0.0,OSM-342449510,не указана,2021,24,none,,Зерноград,160.3
2021-01-25,,,,1.1,0.0,OSM-342449510,не указана,2021,25,none,,Зерноград,160.3
2021-01-26,,,,4.0,0.2,OSM-342449510,не указана,2021,26,none,,Зерноград,160.3
2021-01-27,,,,2.9,0.0,OSM-342449510,не указана,2021,27,none,,Зерноград,160.3
2021-01-28,,,,2.3,5.4,OSM-342449510,не указана,2021,28,none,,Зерноград,160.3
2021-01-29,,,,1.8,0.1,OSM-342449510,не указана,2021,29,none,,Зерноград,160.3
2021-01-30,,,,2.9,0.0,OSM-342449510,не указана,2021,30,none,,Зерноград,160.3
2021-01-31,,,,4.5,1.5,OSM-342449510,не указана,2021,31,none,,Зерноград,160.3
2021-02-01,,,,6.3,0.0,OSM-342449510,не указана,2021,32,none,,Зерноград,160.3
2021-02-02,,,0.2019,8.2,0.1,OSM-342449510,не указана,2021,33,modis,0.2019,Зерноград,160.3
2021-02-03,,,,7.2,3.9,OSM-342449510,не указана,2021,34,none,,Зерноград,160.3
2021-02-04,,,,8.8,1.0,OSM-342449510,не указана,2021,35,none,,Зерноград,160.3
2021-02-05,,,,3.5,3.6,OSM-342449510,не указана,2021,36,none,,Зерноград,160.3
2021-02-06,,,,-3.7,0.0,OSM-342449510,не указана,2021,37,none,,Зерноград,160.3
2021-02-07,,,,-5.0,0.0,OSM-342449510,не указана,2021,38,none,,Зерноград,160.3
2021-02-08,,,,-6.4,7.3,OSM-342449510,не указана,2021,39,none,,Зерноград,160.3
2021-02-09,,,,0.9,2.2,OSM-342449510,не указана,2021,40,none,,Зерноград,160.3
2021-02-10,,,,3.2,0.7,OSM-342449510,не указана,2021,41,none,,Зерноград,160.3
2021-02-11,,,,7.9,0.3,OSM-342449510,не указана,2021,42,none,,Зерноград,160.3
2021-02-12,,,,6.6,0.0,OSM-342449510,не указана,2021,43,none,,Зерноград,160.3
2021-02-13,,,,-3.9,1.1,OSM-342449510,не указана,2021,44,none,,Зерноград,160.3
2021-02-14,,,,-5.4,0.0,OSM-342449510,не указана,2021,45,none,,Зерноград,160.3
2021-02-15,,,,-6.1,0.0,OSM-342449510,не указана,2021,46,none,,Зерноград,160.3
2021-02-16,,,,-6.2,0.7,OSM-342449510,не указана,2021,47,none,,Зерноград,160.3
2021-02-17,,,,-8.2,0.0,OSM-342449510,не указана,2021,48,none,,Зерноград,160.3
2021-02-18,,,0.2952,-8.9,0.0,OSM-342449510,не указана,2021,49,modis,0.2952,Зерноград,160.3
2021-02-19,,,,-7.0,0.2,OSM-342449510,не указана,2021,50,none,,Зерноград,160.3
2021-02-20,,,,-4.6,0.0,OSM-342449510,не указана,2021,51,none,,Зерноград,160.3
2021-02-21,,,,-1.7,0.8,OSM-342449510,не указана,2021,52,none,,Зерноград,160.3
2021-02-22,,,,0.8,9.7,OSM-342449510,не указана,2021,53,none,,Зерноград,160.3
2021-02-23,,,,-9.8,2.9,OSM-342449510,не указана,2021,54,none,,Зерноград,160.3
2021-02-24,,,,-13.8,0.0,OSM-342449510,не указана,2021,55,none,,Зерноград,160.3
2021-02-25,,,,-6.8,0.0,OSM-342449510,не указана,2021,56,none,,Зерноград,160.3
2021-02-26,,,,2.9,0.5,OSM-342449510,не указана,2021,57,none,,Зерноград,160.3
2021-02-27,,,,4.7,4.1,OSM-342449510,не указана,2021,58,none,,Зерноград,160.3
2021-02-28,,,,2.0,0.6,OSM-342449510,не указана,2021,59,none,,Зерноград,160.3
2021-03-01,,,,1.4,0.9,OSM-342449510,не указана,2021,60,none,,Зерноград,160.3
2021-03-02,,,,1.7,0.9,OSM-342449510,не указана,2021,61,none,,Зерноград,160.3
2021-03-03,,,,1.2,4.3,OSM-342449510,не указана,2021,62,none,,Зерноград,160.3
2021-03-04,,,,2.3,0.0,OSM-342449510,не указана,2021,63,none,,Зерноград,160.3
2021-03-05,,,,5.0,0.0,OSM-342449510,не указана,2021,64,none,,Зерноград,160.3
2021-03-06,,,0.2303,3.6,2.4,OSM-342449510,не указана,2021,65,modis,0.2303,Зерноград,160.3
2021-03-07,,,,-1.1,0.0,OSM-342449510,не указана,2021,66,none,,Зерноград,160.3
2021-03-08,,,,1.5,0.1,OSM-342449510,не указана,2021,67,none,,Зерноград,160.3
2021-03-09,,,,0.5,1.2,OSM-342449510,не указана,2021,68,none,,Зерноград,160.3
2021-03-10,,,,-2.4,0.0,OSM-342449510,не указана,2021,69,none,,Зерноград,160.3
2021-03-11,,,,-5.4,0.0,OSM-342449510,не указана,2021,70,none,,Зерноград,160.3
2021-03-12,,,,-6.1,0.0,OSM-342449510,не указана,2021,71,none,,Зерноград,160.3
2021-03-13,,,,-1.4,0.5,OSM-342449510,не указана,2021,72,none,,Зерноград,160.3
2021-03-14,,,,2.0,0.3,OSM-342449510,не указана,2021,73,none,,Зерноград,160.3
2021-03-15,,,,3.9,0.0,OSM-342449510,не указана,2021,74,none,,Зерноград,160.3
2021-03-16,,,,4.5,1.0,OSM-342449510,не указана,2021,75,none,,Зерноград,160.3
2021-03-17,,,,6.8,4.5,OSM-342449510,не указана,2021,76,none,,Зерноград,160.3
2021-03-18,,,,4.4,18.7,OSM-342449510,не указана,2021,77,none,,Зерноград,160.3
2021-03-19,,,,5.3,2.4,OSM-342449510,не указана,2021,78,none,,Зерноград,160.3
2021-03-20,,,,4.0,2.9,OSM-342449510,не указана,2021,79,none,,Зерноград,160.3
2021-03-21,,,,2.0,0.5,OSM-342449510,не указана,2021,80,none,,Зерноград,160.3
2021-03-22,,,0.2197,2.8,3.7,OSM-342449510,не указана,2021,81,modis,0.2197,Зерноград,160.3
2021-03-23,,,,3.8,9.3,OSM-342449510,не указана,2021,82,none,,Зерноград,160.3
2021-03-24,,,,1.8,6.7,OSM-342449510,не указана,2021,83,none,,Зерноград,160.3
2021-03-25,,,,1.6,9.1,OSM-342449510,не указана,2021,84,none,,Зерноград,160.3
2021-03-26,,,,1.4,6.7,OSM-342449510,не указана,2021,85,none,,Зерноград,160.3
2021-03-27,,,,5.1,1.1,OSM-342449510,не указана,2021,86,none,,Зерноград,160.3
2021-03-28,,,,5.6,1.0,OSM-342449510,не указана,2021,87,none,,Зерноград,160.3
2021-03-29,,,,5.6,4.7,OSM-342449510,не указана,2021,88,none,,Зерноград,160.3
2021-03-30,,,,3.4,10.9,OSM-342449510,не указана,2021,89,none,,Зерноград,160.3
2021-03-31,,,,6.8,0.0,OSM-342449510,не указана,2021,90,none,,Зерноград,160.3
2021-04-01,,,,7.9,0.0,OSM-342449510,не указана,2021,91,none,,Зерноград,160.3
2021-04-02,,,,8.9,0.0,OSM-342449510,не указана,2021,92,none,,Зерноград,160.3
2021-04-03,,,,9.1,0.9,OSM-342449510,не указана,2021,93,none,,Зерноград,160.3
2021-04-04,,,,6.8,13.7,OSM-342449510,не указана,2021,94,none,,Зерноград,160.3
2021-04-05,,,,4.3,21.2,OSM-342449510,не указана,2021,95,none,,Зерноград,160.3
2021-04-06,,,,7.7,0.1,OSM-342449510,не указана,2021,96,none,,Зерноград,160.3
2021-04-07,,,0.3646,12.9,1.8,OSM-342449510,не указана,2021,97,modis,0.3646,Зерноград,160.3
2021-04-08,,,,9.8,4.5,OSM-342449510,не указана,2021,98,none,,Зерноград,160.3
2021-04-09,,,,4.8,10.0,OSM-342449510,не указана,2021,99,none,,Зерноград,160.3
2021-04-10,,,,7.0,2.5,OSM-342449510,не указана,2021,100,none,,Зерноград,160.3
2021-04-11,,,,9.1,0.3,OSM-342449510,не указана,2021,101,none,,Зерноград,160.3
2021-04-12,,,,10.1,1.4,OSM-342449510,не указана,2021,102,none,,Зерноград,160.3
2021-04-13,,,,11.4,4.9,OSM-342449510,не указана,2021,103,none,,Зерноград,160.3
2021-04-14,,,,11.2,0.7,OSM-342449510,не указана,2021,104,none,,Зерноград,160.3
2021-04-15,,,,11.3,0.5,OSM-342449510,не указана,2021,105,none,,Зерноград,160.3
2021-04-16,,,,11.1,9.8,OSM-342449510,не указана,2021,106,none,,Зерноград,160.3
2021-04-17,,,,10.4,2.0,OSM-342449510,не указана,2021,107,none,,Зерноград,160.3
2021-04-18,,,,9.7,3.0,OSM-342449510,не указана,2021,108,none,,Зерноград,160.3
2021-04-19,,,,11.5,2.4,OSM-342449510,не указана,2021,109,none,,Зерноград,160.3
2021-04-20,,,,13.0,11.1,OSM-342449510,не указана,2021,110,none,,Зерноград,160.3
2021-04-21,,,,11.9,0.1,OSM-342449510,не указана,2021,111,none,,Зерноград,160.3
2021-04-22,,,,11.8,2.4,OSM-342449510,не указана,2021,112,none,,Зерноград,160.3
2021-04-23,,,0.4722,12.4,0.7,OSM-342449510,не указана,2021,113,modis,0.4722,Зерноград,160.3
2021-04-24,,,,10.9,2.0,OSM-342449510,не указана,2021,114,none,,Зерноград,160.3
2021-04-25,,,,9.3,1.5,OSM-342449510,не указана,2021,115,none,,Зерноград,160.3
2021-04-26,,,,7.5,4.1,OSM-342449510,не указана,2021,116,none,,Зерноград,160.3
2021-04-27,,,,8.8,0.0,OSM-342449510,не указана,2021,117,none,,Зерноград,160.3
2021-04-28,,,,10.9,0.8,OSM-342449510,не указана,2021,118,none,,Зерноград,160.3
2021-04-29,,,,13.1,0.1,OSM-342449510,не указана,2021,119,none,,Зерноград,160.3
2021-04-30,,,,15.4,0.0,OSM-342449510,не указана,2021,120,none,,Зерноград,160.3
2021-05-01,,,,15.8,0.3,OSM-342449510,не указана,2021,121,none,,Зерноград,160.3
2021-05-02,,,,17.7,0.0,OSM-342449510,не указана,2021,122,none,,Зерноград,160.3
2021-05-03,,,,20.7,0.0,OSM-342449510,не указана,2021,123,none,,Зерноград,160.3
2021-05-04,,,,13.1,0.9,OSM-342449510,не указана,2021,124,none,,Зерноград,160.3
2021-05-05,,,,11.9,0.0,OSM-342449510,не указана,2021,125,none,,Зерноград,160.3
2021-05-06,,,,15.0,0.0,OSM-342449510,не указана,2021,126,none,,Зерноград,160.3
2021-05-07,,,,15.1,0.3,OSM-342449510,не указана,2021,127,none,,Зерноград,160.3
2021-05-08,,,,17.6,0.0,OSM-342449510,не указана,2021,128,none,,Зерноград,160.3
2021-05-09,,,0.6595000000000001,11.0,5.7,OSM-342449510,не указана,2021,129,modis,0.6595000000000001,Зерноград,160.3
2021-05-10,,,,9.1,13.6,OSM-342449510,не указана,2021,130,none,,Зерноград,160.3
2021-05-11,,,,8.8,20.8,OSM-342449510,не указана,2021,131,none,,Зерноград,160.3
2021-05-12,,,,12.9,3.0,OSM-342449510,не указана,2021,132,none,,Зерноград,160.3
2021-05-13,,,,17.7,0.0,OSM-342449510,не указана,2021,133,none,,Зерноград,160.3
2021-05-14,,,,20.7,0.0,OSM-342449510,не указана,2021,134,none,,Зерноград,160.3
2021-05-15,,,,21.3,0.0,OSM-342449510,не указана,2021,135,none,,Зерноград,160.3
2021-05-16,,,,22.4,0.0,OSM-342449510,не указана,2021,136,none,,Зерноград,160.3
2021-05-17,,,,21.4,2.9,OSM-342449510,не указана,2021,137,none,,Зерноград,160.3
2021-05-18,,,,17.5,3.3,OSM-342449510,не указана,2021,138,none,,Зерноград,160.3
2021-05-19,,,,15.5,12.8,OSM-342449510,не указана,2021,139,none,,Зерноград,160.3
2021-05-20,,,,18.2,0.0,OSM-342449510,не указана,2021,140,none,,Зерноград,160.3
2021-05-21,,,,20.7,0.0,OSM-342449510,не указана,2021,141,none,,Зерноград,160.3
2021-05-22,,,,19.4,0.6,OSM-342449510,не указана,2021,142,none,,Зерноград,160.3
2021-05-23,,,,21.2,0.1,OSM-342449510,не указана,2021,143,none,,Зерноград,160.3
2021-05-24,,,,20.0,8.9,OSM-342449510,не указана,2021,144,none,,Зерноград,160.3
2021-05-25,,,0.8787,17.8,8.8,OSM-342449510,не указана,2021,145,modis,0.8787,Зерноград,160.3
2021-05-26,,,,19.0,0.3,OSM-342449510,не указана,2021,146,none,,Зерноград,160.3
2021-05-27,,,,20.5,0.0,OSM-342449510,не указана,2021,147,none,,Зерноград,160.3
2021-05-28,,,,22.0,0.0,OSM-342449510,не указана,2021,148,none,,Зерноград,160.3
2021-05-29,,,,22.7,7.5,OSM-342449510,не указана,2021,149,none,,Зерноград,160.3
2021-05-30,,,,18.7,7.2,OSM-342449510,не указана,2021,150,none,,Зерноград,160.3
2021-05-31,,,,20.2,0.1,OSM-342449510,не указана,2021,151,none,,Зерноград,160.3
2021-06-01,,,,19.9,10.1,OSM-342449510,не указана,2021,152,none,,Зерноград,160.3
2021-06-02,,,,17.7,15.5,OSM-342449510,не указана,2021,153,none,,Зерноград,160.3
2021-06-03,,,,16.0,2.1,OSM-342449510,не указана,2021,154,none,,Зерноград,160.3
2021-06-04,,,,15.7,0.4,OSM-342449510,не указана,2021,155,none,,Зерноград,160.3
2021-06-05,,,,15.6,1.0,OSM-342449510,не указана,2021,156,none,,Зерноград,160.3
2021-06-06,,,,16.8,2.8,OSM-342449510,не указана,2021,157,none,,Зерноград,160.3
2021-06-07,,,,16.2,4.9,OSM-342449510,не указана,2021,158,none,,Зерноград,160.3
2021-06-08,,,,16.7,8.6,OSM-342449510,не указана,2021,159,none,,Зерноград,160.3
2021-06-09,,,,17.6,2.7,OSM-342449510,не указана,2021,160,none,,Зерноград,160.3
2021-06-10,,,0.764,18.5,1.1,OSM-342449510,не указана,2021,161,modis,0.764,Зерноград,160.3
2021-06-11,,,,19.7,0.5,OSM-342449510,не указана,2021,162,none,,Зерноград,160.3
2021-06-12,,,,20.6,0.2,OSM-342449510,не указана,2021,163,none,,Зерноград,160.3
2021-06-13,,,,20.6,0.3,OSM-342449510,не указана,2021,164,none,,Зерноград,160.3
2021-06-14,,,,22.0,0.0,OSM-342449510,не указана,2021,165,none,,Зерноград,160.3
2021-06-15,,,,21.9,0.6,OSM-342449510,не указана,2021,166,none,,Зерноград,160.3
2021-06-16,,,,24.0,0.5,OSM-342449510,не указана,2021,167,none,,Зерноград,160.3
2021-06-17,,,,21.5,12.5,OSM-342449510,не указана,2021,168,none,,Зерноград,160.3
2021-06-18,,,,22.0,0.0,OSM-342449510,не указана,2021,169,none,,Зерноград,160.3
2021-06-19,,,,25.2,0.0,OSM-342449510,не указана,2021,170,none,,Зерноград,160.3
2021-06-20,,,,26.0,0.0,OSM-342449510,не указана,2021,171,none,,Зерноград,160.3
2021-06-21,,,,26.5,0.0,OSM-342449510,не указана,2021,172,none,,Зерноград,160.3
2021-06-22,,,,26.6,0.0,OSM-342449510,не указана,2021,173,none,,Зерноград,160.3
2021-06-23,,,,27.4,0.0,OSM-342449510,не указана,2021,174,none,,Зерноград,160.3
2021-06-24,,,,26.2,0.0,OSM-342449510,не указана,2021,175,none,,Зерноград,160.3
2021-06-25,,,,25.7,0.0,OSM-342449510,не указана,2021,176,none,,Зерноград,160.3
2021-06-26,,,0.2982,26.1,0.1,OSM-342449510,не указана,2021,177,modis,0.2982,Зерноград,160.3
2021-06-27,,,,24.7,1.8,OSM-342449510,не указана,2021,178,none,,Зерноград,160.3
2021-06-28,,,,25.0,0.5,OSM-342449510,не указана,2021,179,none,,Зерноград,160.3
2021-06-29,,,,24.1,0.8,OSM-342449510,не указана,2021,180,none,,Зерноград,160.3
2021-06-30,,,,23.7,0.2,OSM-342449510,не указана,2021,181,none,,Зерноград,160.3
2021-07-01,,,,25.0,0.2,OSM-342449510,не указана,2021,182,none,,Зерноград,160.3
2021-07-02,,,,26.9,0.0,OSM-342449510,не указана,2021,183,none,,Зерноград,160.3
2021-07-03,,,,28.7,0.1,OSM-342449510,не указана,2021,184,none,,Зерноград,160.3
2021-07-04,,,,27.6,0.6,OSM-342449510,не указана,2021,185,none,,Зерноград,160.3
2021-07-05,,,,22.4,13.8,OSM-342449510,не указана,2021,186,none,,Зерноград,160.3
2021-07-06,,,,22.1,2.4,OSM-342449510,не указана,2021,187,none,,Зерноград,160.3
2021-07-07,,,,23.1,0.4,OSM-342449510,не указана,2021,188,none,,Зерноград,160.3
2021-07-08,,,,23.8,0.0,OSM-342449510,не указана,2021,189,none,,Зерноград,160.3
2021-07-09,,,,24.5,0.0,OSM-342449510,не указана,2021,190,none,,Зерноград,160.3
2021-07-10,,,,26.7,0.0,OSM-342449510,не указана,2021,191,none,,Зерноград,160.3
2021-07-11,,,,27.4,0.0,OSM-342449510,не указана,2021,192,none,,Зерноград,160.3
2021-07-12,,,0.2884,27.7,0.0,OSM-342449510,не указана,2021,193,modis,0.2884,Зерноград,160.3
2021-07-13,,,,26.0,0.0,OSM-342449510,не указана,2021,194,none,,Зерноград,160.3
2021-07-14,,,,26.5,0.0,OSM-342449510,не указана,2021,195,none,,Зерноград,160.3
2021-07-15,,,,27.5,0.0,OSM-342449510,не указана,2021,196,none,,Зерноград,160.3
2021-07-16,,,,28.5,0.0,OSM-342449510,не указана,2021,197,none,,Зерноград,160.3
2021-07-17,,,,29.1,0.0,OSM-342449510,не указана,2021,198,none,,Зерноград,160.3
2021-07-18,,,,30.6,0.0,OSM-342449510,не указана,2021,199,none,,Зерноград,160.3
2021-07-19,,,,31.1,0.0,OSM-342449510,не указана,2021,200,none,,Зерноград,160.3
2021-07-20,,,,31.3,0.0,OSM-342449510,не указана,2021,201,none,,Зерноград,160.3
2021-07-21,,,,30.6,1.1,OSM-342449510,не указана,2021,202,none,,Зерноград,160.3
2021-07-22,,,,24.3,13.5,OSM-342449510,не указана,2021,203,none,,Зерноград,160.3
2021-07-23,,,,22.7,1.1,OSM-342449510,не указана,2021,204,none,,Зерноград,160.3
2021-07-24,,,,23.4,0.0,OSM-342449510,не указана,2021,205,none,,Зерноград,160.3
2021-07-25,,,,25.3,0.0,OSM-342449510,не указана,2021,206,none,,Зерноград,160.3
2021-07-26,,,,27.2,0.0,OSM-342449510,не указана,2021,207,none,,Зерноград,160.3
2021-07-27,,,,24.7,0.0,OSM-342449510,не указана,2021,208,none,,Зерноград,160.3
2021-07-28,,,0.2092,24.2,0.0,OSM-342449510,не указана,2021,209,modis,0.2092,Зерноград,160.3
2021-07-29,,,,26.2,0.0,OSM-342449510,не указана,2021,210,none,,Зерноград,160.3
2021-07-30,,,,26.8,0.0,OSM-342449510,не указана,2021,211,none,,Зерноград,160.3
2021-07-31,,,,27.3,0.0,OSM-342449510,не указана,2021,212,none,,Зерноград,160.3
2021-08-01,,,,28.5,0.0,OSM-342449510,не указана,2021,213,none,,Зерноград,160.3
2021-08-02,,,,29.2,0.0,OSM-342449510,не указана,2021,214,none,,Зерноград,160.3
2021-08-03,,,,30.1,0.0,OSM-342449510,не указана,2021,215,none,,Зерноград,160.3
2021-08-04,,,,27.4,0.0,OSM-342449510,не указана,2021,216,none,,Зерноград,160.3
2021-08-05,,,,28.1,0.1,OSM-342449510,не указана,2021,217,none,,Зерноград,160.3
2021-08-06,,,,30.8,0.0,OSM-342449510,не указана,2021,218,none,,Зерноград,160.3
2021-08-07,,,,30.4,0.0,OSM-342449510,не указана,2021,219,none,,Зерноград,160.3
2021-08-08,,,,26.8,9.4,OSM-342449510,не указана,2021,220,none,,Зерноград,160.3
2021-08-09,,,,26.9,0.0,OSM-342449510,не указана,2021,221,none,,Зерноград,160.3
2021-08-10,,,,27.2,0.0,OSM-342449510,не указана,2021,222,none,,Зерноград,160.3
2021-08-11,,,,25.9,0.5,OSM-342449510,не указана,2021,223,none,,Зерноград,160.3
2021-08-12,,,,25.8,3.9,OSM-342449510,не указана,2021,224,none,,Зерноград,160.3
2021-08-13,,,0.27,24.6,9.2,OSM-342449510,не указана,2021,225,modis,0.27,Зерноград,160.3
2021-08-14,,,,22.7,1.2,OSM-342449510,не указана,2021,226,none,,Зерноград,160.3
2021-08-15,,,,22.8,0.5,OSM-342449510,не указана,2021,227,none,,Зерноград,160.3
2021-08-16,,,,23.5,0.7,OSM-342449510,не указана,2021,228,none,,Зерноград,160.3
2021-08-17,,,,25.3,0.0,OSM-342449510,не указана,2021,229,none,,Зерноград,160.3
2021-08-18,,,,27.0,0.0,OSM-342449510,не указана,2021,230,none,,Зерноград,160.3
2021-08-19,,,,26.3,0.1,OSM-342449510,не указана,2021,231,none,,Зерноград,160.3
2021-08-20,,,,23.8,0.1,OSM-342449510,не указана,2021,232,none,,Зерноград,160.3
2021-08-21,,,,22.8,0.3,OSM-342449510,не указана,2021,233,none,,Зерноград,160.3
2021-08-22,,,,24.0,4.2,OSM-342449510,не указана,2021,234,none,,Зерноград,160.3
2021-08-23,,,,23.6,1.6,OSM-342449510,не указана,2021,235,none,,Зерноград,160.3
2021-08-24,,,,22.5,0.0,OSM-342449510,не указана,2021,236,none,,Зерноград,160.3
2021-08-25,,,,22.9,0.0,OSM-342449510,не указана,2021,237,none,,Зерноград,160.3
2021-08-26,,,,24.8,0.0,OSM-342449510,не указана,2021,238,none,,Зерноград,160.3
2021-08-27,,,,25.8,0.0,OSM-342449510,не указана,2021,239,none,,Зерноград,160.3
2021-08-28,,,,26.9,0.1,OSM-342449510,не указана,2021,240,none,,Зерноград,160.3
2021-08-29,,,0.2663,27.8,0.0,OSM-342449510,не указана,2021,241,modis,0.2663,Зерноград,160.3
2021-08-30,,,,27.3,0.0,OSM-342449510,не указана,2021,242,none,,Зерноград,160.3
2021-08-31,,,,24.9,6.9,OSM-342449510,не указана,2021,243,none,,Зерноград,160.3
2021-09-01,,,,23.7,9.4,OSM-342449510,не указана,2021,244,none,,Зерноград,160.3
2021-09-02,,,,19.5,9.9,OSM-342449510,не указана,2021,245,none,,Зерноград,160.3
2021-09-03,,,,15.0,1.9,OSM-342449510,не указана,2021,246,none,,Зерноград,160.3
2021-09-04,,,,16.5,0.0,OSM-342449510,не указана,2021,247,none,,Зерноград,160.3
2021-09-05,,,,15.4,1.6,OSM-342449510,не указана,2021,248,none,,Зерноград,160.3
2021-09-06,,,,13.8,0.0,OSM-342449510,не указана,2021,249,none,,Зерноград,160.3
2021-09-07,,,,14.6,0.0,OSM-342449510,не указана,2021,250,none,,Зерноград,160.3
2021-09-08,,,,15.1,0.0,OSM-342449510,не указана,2021,251,none,,Зерноград,160.3
2021-09-09,,,,15.8,0.0,OSM-342449510,не указана,2021,252,none,,Зерноград,160.3
2021-09-10,,,,17.7,0.0,OSM-342449510,не указана,2021,253,none,,Зерноград,160.3
2021-09-11,,,,19.4,0.0,OSM-342449510,не указана,2021,254,none,,Зерноград,160.3
2021-09-12,,,,19.6,0.8,OSM-342449510,не указана,2021,255,none,,Зерноград,160.3
2021-09-13,,,,19.7,0.0,OSM-342449510,не указана,2021,256,none,,Зерноград,160.3
2021-09-14,,,0.2408,20.6,0.0,OSM-342449510,не указана,2021,257,modis,0.2408,Зерноград,160.3
2021-09-15,,,,20.5,0.0,OSM-342449510,не указана,2021,258,none,,Зерноград,160.3
2021-09-16,,,,17.1,0.0,OSM-342449510,не указана,2021,259,none,,Зерноград,160.3
2021-09-17,,,,15.7,0.0,OSM-342449510,не указана,2021,260,none,,Зерноград,160.3
2021-09-18,,,,17.2,0.0,OSM-342449510,не указана,2021,261,none,,Зерноград,160.3
2021-09-19,,,,19.2,10.7,OSM-342449510,не указана,2021,262,none,,Зерноград,160.3
2021-09-20,,,,18.6,8.2,OSM-342449510,не указана,2021,263,none,,Зерноград,160.3
2021-09-21,,,,15.7,4.2,OSM-342449510,не указана,2021,264,none,,Зерноград,160.3
2021-09-22,,,,12.6,0.0,OSM-342449510,не указана,2021,265,none,,Зерноград,160.3
2021-09-23,,,,13.0,0.0,OSM-342449510,не указана,2021,266,none,,Зерноград,160.3
2021-09-24,,,,13.1,6.3,OSM-342449510,не указана,2021,267,none,,Зерноград,160.3
2021-09-25,,,,13.0,5.7,OSM-342449510,не указана,2021,268,none,,Зерноград,160.3
2021-09-26,,,,14.2,1.5,OSM-342449510,не указана,2021,269,none,,Зерноград,160.3
2021-09-27,,,,12.2,0.0,OSM-342449510,не указана,2021,270,none,,Зерноград,160.3
2021-09-28,,,,11.3,0.1,OSM-342449510,не указана,2021,271,none,,Зерноград,160.3
2021-09-29,,,,10.6,0.1,OSM-342449510,не указана,2021,272,none,,Зерноград,160.3
2021-09-30,,,0.3087,9.1,0.0,OSM-342449510,не указана,2021,273,modis,0.3087,Зерноград,160.3
2021-10-01,,,,9.1,0.0,OSM-342449510,не указана,2021,274,none,,Зерноград,160.3
2021-10-02,,,,12.1,0.0,OSM-342449510,не указана,2021,275,none,,Зерноград,160.3
2021-10-03,,,,12.4,0.0,OSM-342449510,не указана,2021,276,none,,Зерноград,160.3
2021-10-04,,,,10.8,0.0,OSM-342449510,не указана,2021,277,none,,Зерноград,160.3
2021-10-05,,,,11.2,0.0,OSM-342449510,не указана,2021,278,none,,Зерноград,160.3
2021-10-06,,,,8.1,0.0,OSM-342449510,не указана,2021,279,none,,Зерноград,160.3
2021-10-07,,,,7.4,0.0,OSM-342449510,не указана,2021,280,none,,Зерноград,160.3
2021-10-08,,,,8.2,0.0,OSM-342449510,не указана,2021,281,none,,Зерноград,160.3
2021-10-09,,,,8.9,0.0,OSM-342449510,не указана,2021,282,none,,Зерноград,160.3
2021-10-10,,,,10.2,0.0,OSM-342449510,не указана,2021,283,none,,Зерноград,160.3
2021-10-11,,,,12.0,0.0,OSM-342449510,не указана,2021,284,none,,Зерноград,160.3
2021-10-12,,,,14.1,0.1,OSM-342449510,не указана,2021,285,none,,Зерноград,160.3
2021-10-13,,,,15.1,2.3,OSM-342449510,не указана,2021,286,none,,Зерноград,160.3
2021-10-14,,,,12.7,0.0,OSM-342449510,не указана,2021,287,none,,Зерноград,160.3
2021-10-15,,,,10.4,0.0,OSM-342449510,не указана,2021,288,none,,Зерноград,160.3
2021-10-16,,,0.1975,13.1,1.4,OSM-342449510,не указана,2021,289,modis,0.1975,Зерноград,160.3
2021-10-17,,,,13.8,0.0,OSM-342449510,не указана,2021,290,none,,Зерноград,160.3
2021-10-18,,,,11.6,0.0,OSM-342449510,не указана,2021,291,none,,Зерноград,160.3
2021-10-19,,,,7.2,4.0,OSM-342449510,не указана,2021,292,none,,Зерноград,160.3
2021-10-20,,,,4.7,0.0,OSM-342449510,не указана,2021,293,none,,Зерноград,160.3
2021-10-21,,,,8.6,0.0,OSM-342449510,не указана,2021,294,none,,Зерноград,160.3
2021-10-22,,,,12.9,0.0,OSM-342449510,не указана,2021,295,none,,Зерноград,160.3
2021-10-23,,,,13.6,0.4,OSM-342449510,не указана,2021,296,none,,Зерноград,160.3
2021-10-24,,,,9.9,3.4,OSM-342449510,не указана,2021,297,none,,Зерноград,160.3
2021-10-25,,,,4.9,0.0,OSM-342449510,не указана,2021,298,none,,Зерноград,160.3
2021-10-26,,,,1.9,0.0,OSM-342449510,не указана,2021,299,none,,Зерноград,160.3
2021-10-27,,,,3.6,0.0,OSM-342449510,не указана,2021,300,none,,Зерноград,160.3
2021-10-28,,,,5.0,0.0,OSM-342449510,не указана,2021,301,none,,Зерноград,160.3
2021-10-29,,,,8.8,0.1,OSM-342449510,не указана,2021,302,none,,Зерноград,160.3
2021-10-30,,,,8.5,0.0,OSM-342449510,не указана,2021,303,none,,Зерноград,160.3
2021-10-31,,,,8.8,0.0,OSM-342449510,не указана,2021,304,none,,Зерноград,160.3
2021-11-01,,,0.32,11.3,0.0,OSM-342449510,не указана,2021,305,modis,0.32,Зерноград,160.3
2021-11-02,,,,12.4,3.0,OSM-342449510,не указана,2021,306,none,,Зерноград,160.3
2021-11-03,,,,11.6,11.8,OSM-342449510,не указана,2021,307,none,,Зерноград,160.3
2021-11-04,,,,12.9,0.0,OSM-342449510,не указана,2021,308,none,,Зерноград,160.3
2021-11-05,,,,10.9,0.0,OSM-342449510,не указана,2021,309,none,,Зерноград,160.3
2021-11-06,,,,10.0,0.0,OSM-342449510,не указана,2021,310,none,,Зерноград,160.3
2021-11-07,,,,8.8,0.0,OSM-342449510,не указана,2021,311,none,,Зерноград,160.3
2021-11-08,,,,10.2,0.0,OSM-342449510,не указана,2021,312,none,,Зерноград,160.3
2021-11-09,,,,8.6,22.6,OSM-342449510,не указана,2021,313,none,,Зерноград,160.3
2021-11-10,,,,2.2,0.1,OSM-342449510,не указана,2021,314,none,,Зерноград,160.3
2021-11-11,,,,-0.4,0.0,OSM-342449510,не указана,2021,315,none,,Зерноград,160.3
2021-11-12,,,,3.4,0.0,OSM-342449510,не указана,2021,316,none,,Зерноград,160.3
2021-11-13,,,,4.5,0.0,OSM-342449510,не указана,2021,317,none,,Зерноград,160.3
2021-11-14,,,,3.0,0.0,OSM-342449510,не указана,2021,318,none,,Зерноград,160.3
2021-11-15,,,,2.2,0.0,OSM-342449510,не указана,2021,319,none,,Зерноград,160.3
2021-11-16,,,,-1.2,0.0,OSM-342449510,не указана,2021,320,none,,Зерноград,160.3
2021-11-17,,,0.292,-2.0,0.0,OSM-342449510,не указана,2021,321,modis,0.292,Зерноград,160.3
2021-11-18,,,,-0.2,0.0,OSM-342449510,не указана,2021,322,none,,Зерноград,160.3
2021-11-19,,,,1.3,3.6,OSM-342449510,не указана,2021,323,none,,Зерноград,160.3
2021-11-20,,,,5.6,2.2,OSM-342449510,не указана,2021,324,none,,Зерноград,160.3
2021-11-21,,,,6.5,0.0,OSM-342449510,не указана,2021,325,none,,Зерноград,160.3
2021-11-22,,,,9.7,0.1,OSM-342449510,не указана,2021,326,none,,Зерноград,160.3
2021-11-23,,,,7.0,7.5,OSM-342449510,не указана,2021,327,none,,Зерноград,160.3
2021-11-24,,,,-1.4,1.7,OSM-342449510,не указана,2021,328,none,,Зерноград,160.3
2021-11-25,,,,-3.4,0.0,OSM-342449510,не указана,2021,329,none,,Зерноград,160.3
2021-11-26,,,,0.5,0.0,OSM-342449510,не указана,2021,330,none,,Зерноград,160.3
2021-11-27,,,,3.5,1.2,OSM-342449510,не указана,2021,331,none,,Зерноград,160.3
2021-11-28,,,,9.4,7.8,OSM-342449510,не указана,2021,332,none,,Зерноград,160.3
2021-11-29,,,,13.3,4.7,OSM-342449510,не указана,2021,333,none,,Зерноград,160.3
2021-11-30,,,,10.5,18.7,OSM-342449510,не указана,2021,334,none,,Зерноград,160.3
2021-12-01,,,,3.9,8.4,OSM-342449510,не указана,2021,335,none,,Зерноград,160.3
2021-12-02,,,,3.5,0.0,OSM-342449510,не указана,2021,336,none,,Зерноград,160.3
2021-12-03,,,0.3856,6.2,0.0,OSM-342449510,не указана,2021,337,modis,0.3856,Зерноград,160.3
2021-12-04,,,,9.6,0.0,OSM-342449510,не указана,2021,338,none,,Зерноград,160.3
2021-12-05,,,,6.8,11.2,OSM-342449510,не указана,2021,339,none,,Зерноград,160.3
2021-12-06,,,,4.5,0.4,OSM-342449510,не указана,2021,340,none,,Зерноград,160.3
2021-12-07,,,,7.4,0.0,OSM-342449510,не указана,2021,341,none,,Зерноград,160.3
2021-12-08,,,,7.3,0.0,OSM-342449510,не указана,2021,342,none,,Зерноград,160.3
2021-12-09,,,,7.3,0.5,OSM-342449510,не указана,2021,343,none,,Зерноград,160.3
2021-12-10,,,,6.5,0.0,OSM-342449510,не указана,2021,344,none,,Зерноград,160.3
2021-12-11,,,,1.7,0.0,OSM-342449510,не указана,2021,345,none,,Зерноград,160.3
2021-12-12,,,,0.2,0.0,OSM-342449510,не указана,2021,346,none,,Зерноград,160.3
2021-12-13,,,,1.4,0.0,OSM-342449510,не указана,2021,347,none,,Зерноград,160.3
2021-12-14,,,,4.7,0.0,OSM-342449510,не указана,2021,348,none,,Зерноград,160.3
2021-12-15,,,,4.4,0.0,OSM-342449510,не указана,2021,349,none,,Зерноград,160.3
2021-12-16,,,,3.2,0.0,OSM-342449510,не указана,2021,350,none,,Зерноград,160.3
2021-12-17,,,,3.3,1.1,OSM-342449510,не указана,2021,351,none,,Зерноград,160.3
2021-12-18,,,,1.5,0.0,OSM-342449510,не указана,2021,352,none,,Зерноград,160.3
2021-12-19,,,0.3688,1.5,0.0,OSM-342449510,не указана,2021,353,modis,0.3688,Зерноград,160.3
2021-12-20,,,,3.5,5.3,OSM-342449510,не указана,2021,354,none,,Зерноград,160.3
2021-12-21,,,,-0.2,2.5,OSM-342449510,не указана,2021,355,none,,Зерноград,160.3
2021-12-22,,,,-7.4,2.6,OSM-342449510,не указана,2021,356,none,,Зерноград,160.3
2021-12-23,,,,-9.2,0.0,OSM-342449510,не указана,2021,357,none,,Зерноград,160.3
2021-12-24,,,,-7.2,0.0,OSM-342449510,не указана,2021,358,none,,Зерноград,160.3
2021-12-25,,,,2.2,12.2,OSM-342449510,не указана,2021,359,none,,Зерноград,160.3
2021-12-26,,,,3.8,32.1,OSM-342449510,не указана,2021,360,none,,Зерноград,160.3
2021-12-27,,,,-3.4,11.8,OSM-342449510,не указана,2021,361,none,,Зерноград,160.3
2021-12-28,,,,-1.8,5.1,OSM-342449510,не указана,2021,362,none,,Зерноград,160.3
2021-12-29,,,,1.4,12.1,OSM-342449510,не указана,2021,363,none,,Зерноград,160.3
2021-12-30,,,,0.2,0.1,OSM-342449510,не указана,2021,364,none,,Зерноград,160.3
2021-12-31,,,,0.4,1.4,OSM-342449510,не указана,2021,365,none,,Зерноград,160.3
2022-01-01,,,0.2915,3.0,4.6,OSM-342449510,не указана,2022,1,modis,0.2915,Зерноград,160.3
2022-01-02,,,,-0.6,2.2,OSM-342449510,не указана,2022,2,none,,Зерноград,160.3
2022-01-03,,,,-0.3,5.1,OSM-342449510,не указана,2022,3,none,,Зерноград,160.3
2022-01-04,,,,3.8,0.6,OSM-342449510,не указана,2022,4,none,,Зерноград,160.3
2022-01-05,,,,5.9,1.0,OSM-342449510,не указана,2022,5,none,,Зерноград,160.3
2022-01-06,,,,11.6,0.0,OSM-342449510,не указана,2022,6,none,,Зерноград,160.3
2022-01-07,,,,5.8,0.1,OSM-342449510,не указана,2022,7,none,,Зерноград,160.3
2022-01-08,,,,-2.1,0.0,OSM-342449510,не указана,2022,8,none,,Зерноград,160.3
2022-01-09,,,,1.1,0.0,OSM-342449510,не указана,2022,9,none,,Зерноград,160.3
2022-01-10,,,,2.1,0.2,OSM-342449510,не указана,2022,10,none,,Зерноград,160.3
2022-01-11,,,,2.9,1.6,OSM-342449510,не указана,2022,11,none,,Зерноград,160.3
2022-01-12,,,,-2.4,4.0,OSM-342449510,не указана,2022,12,none,,Зерноград,160.3
2022-01-13,,,,-8.4,0.0,OSM-342449510,не указана,2022,13,none,,Зерноград,160.3
2022-01-14,,,,-1.5,6.3,OSM-342449510,не указана,2022,14,none,,Зерноград,160.3
2022-01-15,,,,-1.2,0.7,OSM-342449510,не указана,2022,15,none,,Зерноград,160.3
2022-01-16,,,,-2.0,0.0,OSM-342449510,не указана,2022,16,none,,Зерноград,160.3
2022-01-17,,,0.0121,0.4,0.7,OSM-342449510,не указана,2022,17,modis,0.0121,Зерноград,160.3
2022-01-18,,,,0.3,11.5,OSM-342449510,не указана,2022,18,none,,Зерноград,160.3
2022-01-19,,,,-3.2,1.0,OSM-342449510,не указана,2022,19,none,,Зерноград,160.3
2022-01-20,,,,-4.6,0.0,OSM-342449510,не указана,2022,20,none,,Зерноград,160.3
2022-01-21,,,,0.0,9.3,OSM-342449510,не указана,2022,21,none,,Зерноград,160.3
2022-01-22,,,,-2.4,3.5,OSM-342449510,не указана,2022,22,none,,Зерноград,160.3
2022-01-23,,,,-2.2,10.0,OSM-342449510,не указана,2022,23,none,,Зерноград,160.3
2022-01-24,,,,-2.9,0.9,OSM-342449510,не указана,2022,24,none,,Зерноград,160.3
2022-01-25,,,,-5.1,0.2,OSM-342449510,не указана,2022,25,none,,Зерноград,160.3
2022-01-26,,,,-5.5,0.0,OSM-342449510,не указана,2022,26,none,,Зерноград,160.3
2022-01-27,,,,-4.6,0.0,OSM-342449510,не указана,2022,27,none,,Зерноград,160.3
2022-01-28,,,,-4.4,2.0,OSM-342449510,не указана,2022,28,none,,Зерноград,160.3
2022-01-29,,,,1.2,2.0,OSM-342449510,не указана,2022,29,none,,Зерноград,160.3
2022-01-30,,,,0.0,0.6,OSM-342449510,не указана,2022,30,none,,Зерноград,160.3
2022-01-31,,,,1.2,4.1,OSM-342449510,не указана,2022,31,none,,Зерноград,160.3
2022-02-01,,,,1.0,0.2,OSM-342449510,не указана,2022,32,none,,Зерноград,160.3
2022-02-02,,,0.2406,4.2,9.7,OSM-342449510,не указана,2022,33,modis,0.2406,Зерноград,160.3
2022-02-03,,,,4.6,0.7,OSM-342449510,не указана,2022,34,none,,Зерноград,160.3
2022-02-04,,,,1.3,6.0,OSM-342449510,не указана,2022,35,none,,Зерноград,160.3
2022-02-05,,,,-2.5,1.1,OSM-342449510,не указана,2022,36,none,,Зерноград,160.3
2022-02-06,,,,-2.0,3.6,OSM-342449510,не указана,2022,37,none,,Зерноград,160.3
2022-02-07,,,,1.0,0.9,OSM-342449510,не указана,2022,38,none,,Зерноград,160.3
2022-02-08,,,,3.5,5.5,OSM-342449510,не указана,2022,39,none,,Зерноград,160.3
2022-02-09,,,,2.6,4.4,OSM-342449510,не указана,2022,40,none,,Зерноград,160.3
2022-02-10,,,,2.0,0.5,OSM-342449510,не указана,2022,41,none,,Зерноград,160.3
2022-02-11,,,,4.9,0.6,OSM-342449510,не указана,2022,42,none,,Зерноград,160.3
2022-02-12,,,,5.3,2.8,OSM-342449510,не указана,2022,43,none,,Зерноград,160.3
2022-02-13,,,,0.7,0.0,OSM-342449510,не указана,2022,44,none,,Зерноград,160.3
2022-02-14,,,,0.0,0.0,OSM-342449510,не указана,2022,45,none,,Зерноград,160.3
2022-02-15,,,,1.0,0.0,OSM-342449510,не указана,2022,46,none,,Зерноград,160.3
2022-02-16,,,,2.9,0.1,OSM-342449510,не указана,2022,47,none,,Зерноград,160.3
2022-02-17,,,,3.2,0.0,OSM-342449510,не указана,2022,48,none,,Зерноград,160.3
2022-02-18,,,0.2494,5.5,5.5,OSM-342449510,не указана,2022,49,modis,0.2494,Зерноград,160.3
2022-02-19,,,,5.0,2.1,OSM-342449510,не указана,2022,50,none,,Зерноград,160.3
2022-02-20,,,,5.5,2.3,OSM-342449510,не указана,2022,51,none,,Зерноград,160.3
2022-02-21,,,,4.8,2.3,OSM-342449510,не указана,2022,52,none,,Зерноград,160.3
2022-02-22,,,,7.3,0.0,OSM-342449510,не указана,2022,53,none,,Зерноград,160.3
2022-02-23,,,,9.1,1.0,OSM-342449510,не указана,2022,54,none,,Зерноград,160.3
2022-02-24,,,,6.7,5.9,OSM-342449510,не указана,2022,55,none,,Зерноград,160.3
2022-02-25,,,,7.5,0.5,OSM-342449510,не указана,2022,56,none,,Зерноград,160.3
2022-02-26,,,,5.1,0.7,OSM-342449510,не указана,2022,57,none,,Зерноград,160.3
2022-02-27,,,,3.5,0.0,OSM-342449510,не указана,2022,58,none,,Зерноград,160.3
2022-02-28,,,,2.6,0.0,OSM-342449510,не указана,2022,59,none,,Зерноград,160.3
2022-03-01,,,,3.2,2.8,OSM-342449510,не указана,2022,60,none,,Зерноград,160.3
2022-03-02,,,,3.5,3.5,OSM-342449510,не указана,2022,61,none,,Зерноград,160.3
2022-03-03,,,,4.6,7.6,OSM-342449510,не указана,2022,62,none,,Зерноград,160.3
2022-03-04,,,,3.1,0.6,OSM-342449510,не указана,2022,63,none,,Зерноград,160.3
2022-03-05,,,,2.3,1.1,OSM-342449510,не указана,2022,64,none,,Зерноград,160.3
2022-03-06,,,0.2875,-0.7,0.9,OSM-342449510,не указана,2022,65,modis,0.2875,Зерноград,160.3
2022-03-07,,,,-0.2,0.1,OSM-342449510,не указана,2022,66,none,,Зерноград,160.3
2022-03-08,,,,-0.4,0.9,OSM-342449510,не указана,2022,67,none,,Зерноград,160.3
2022-03-09,,,,-0.9,0.2,OSM-342449510,не указана,2022,68,none,,Зерноград,160.3
2022-03-10,,,,-2.3,0.0,OSM-342449510,не указана,2022,69,none,,Зерноград,160.3
2022-03-11,,,,-2.8,0.0,OSM-342449510,не указана,2022,70,none,,Зерноград,160.3
2022-03-12,,,,-4.2,0.3,OSM-342449510,не указана,2022,71,none,,Зерноград,160.3
2022-03-13,,,,-3.4,0.0,OSM-342449510,не указана,2022,72,none,,Зерноград,160.3
2022-03-14,,,,-2.3,0.0,OSM-342449510,не указана,2022,73,none,,Зерноград,160.3
2022-03-15,,,,-0.3,3.2,OSM-342449510,не указана,2022,74,none,,Зерноград,160.3
2022-03-16,,0.0004,,-3.9,0.0,OSM-342449510,не указана,2022,75,landsat,0.0004,Зерноград,160.3
2022-03-17,,,,-5.7,0.0,OSM-342449510,не указана,2022,76,none,,Зерноград,160.3
2022-03-18,,,,-3.9,0.0,OSM-342449510,не указана,2022,77,none,,Зерноград,160.3
2022-03-19,,,,-2.5,0.0,OSM-342449510,не указана,2022,78,none,,Зерноград,160.3
2022-03-20,,,,-1.3,0.0,OSM-342449510,не указана,2022,79,none,,Зерноград,160.3
2022-03-21,,,,2.2,0.0,OSM-342449510,не указана,2022,80,none,,Зерноград,160.3
2022-03-22,,,0.2207,2.5,0.0,OSM-342449510,не указана,2022,81,modis,0.2207,Зерноград,160.3
2022-03-23,,0.22265,,2.4,0.0,OSM-342449510,не указана,2022,82,landsat,0.22265,Зерноград,160.3
2022-03-24,,0.208,,2.2,0.0,OSM-342449510,не указана,2022,83,landsat,0.208,Зерноград,160.3
2022-03-25,,,,2.8,0.2,OSM-342449510,не указана,2022,84,none,,Зерноград,160.3
2022-03-26,,,,5.6,0.0,OSM-342449510,не указана,2022,85,none,,Зерноград,160.3
2022-03-27,,,,3.6,9.1,OSM-342449510,не указана,2022,86,none,,Зерноград,160.3
2022-03-28,,,,1.4,0.0,OSM-342449510,не указана,2022,87,none,,Зерноград,160.3
2022-03-29,,,,8.9,0.0,OSM-342449510,не указана,2022,88,none,,Зерноград,160.3
2022-03-30,,,,12.0,0.3,OSM-342449510,не указана,2022,89,none,,Зерноград,160.3
2022-03-31,,,,13.2,0.0,OSM-342449510,не указана,2022,90,none,,Зерноград,160.3
2022-04-01,,,,16.0,0.9,OSM-342449510,не указана,2022,91,none,,Зерноград,160.3
2022-04-02,,,,16.9,0.1,OSM-342449510,не указана,2022,92,none,,Зерноград,160.3
2022-04-03,,,,13.0,4.8,OSM-342449510,не указана,2022,93,none,,Зерноград,160.3
2022-04-04,,,,6.6,2.9,OSM-342449510,не указана,2022,94,none,,Зерноград,160.3
2022-04-05,,,,5.9,0.1,OSM-342449510,не указана,2022,95,none,,Зерноград,160.3
2022-04-06,,,,7.7,0.0,OSM-342449510,не указана,2022,96,none,,Зерноград,160.3
2022-04-07,,,0.6056,10.7,0.0,OSM-342449510,не указана,2022,97,modis,0.6056,Зерноград,160.3
2022-04-08,,0.26,,11.4,2.3,OSM-342449510,не указана,2022,98,landsat,0.26,Зерноград,160.3
2022-04-09,,0.3206,,12.2,3.0,OSM-342449510,не указана,2022,99,landsat,0.3206,Зерноград,160.3
2022-04-10,,,,15.1,0.0,OSM-342449510,не указана,2022,100,none,,Зерноград,160.3
2022-04-11,,,,16.6,0.0,OSM-342449510,не указана,2022,101,none,,Зерноград,160.3
2022-04-12,,,,9.9,12.3,OSM-342449510,не указана,2022,102,none,,Зерноград,160.3
2022-04-13,,,,6.3,7.0,OSM-342449510,не указана,2022,103,none,,Зерноград,160.3
2022-04-14,,,,6.7,7.6,OSM-342449510,не указана,2022,104,none,,Зерноград,160.3
2022-04-15,,,,10.6,1.3,OSM-342449510,не указана,2022,105,none,,Зерноград,160.3
2022-04-16,,,,10.6,0.2,OSM-342449510,не указана,2022,106,none,,Зерноград,160.3
2022-04-17,,,,14.2,0.0,OSM-342449510,не указана,2022,107,none,,Зерноград,160.3
2022-04-18,,,,14.8,0.3,OSM-342449510,не указана,2022,108,none,,Зерноград,160.3
2022-04-19,,,,16.1,10.5,OSM-342449510,не указана,2022,109,none,,Зерноград,160.3
2022-04-20,,,,10.4,13.4,OSM-342449510,не указана,2022,110,none,,Зерноград,160.3
2022-04-21,,,,9.9,6.8,OSM-342449510,не указана,2022,111,none,,Зерноград,160.3
2022-04-22,,,,8.7,0.8,OSM-342449510,не указана,2022,112,none,,Зерноград,160.3
2022-04-23,,,0.7175,12.0,0.2,OSM-342449510,не указана,2022,113,modis,0.7175,Зерноград,160.3
2022-04-24,,,,14.2,0.4,OSM-342449510,не указана,2022,114,none,,Зерноград,160.3
2022-04-25,,0.5251,,15.8,0.0,OSM-342449510,не указана,2022,115,landsat,0.5251,Зерноград,160.3
2022-04-26,,,,19.5,0.0,OSM-342449510,не указана,2022,116,none,,Зерноград,160.3
2022-04-27,,,,18.0,0.0,OSM-342449510,не указана,2022,117,none,,Зерноград,160.3
2022-04-28,,,,16.1,0.0,OSM-342449510,не указана,2022,118,none,,Зерноград,160.3
2022-04-29,,,,15.5,0.0,OSM-342449510,не указана,2022,119,none,,Зерноград,160.3
2022-04-30,,,,13.1,1.5,OSM-342449510,не указана,2022,120,none,,Зерноград,160.3
2022-05-01,,,,13.3,0.4,OSM-342449510,не указана,2022,121,none,,Зерноград,160.3
2022-05-02,,,,9.4,1.4,OSM-342449510,не указана,2022,122,none,,Зерноград,160.3
2022-05-03,,,,9.3,0.0,OSM-342449510,не указана,2022,123,none,,Зерноград,160.3
2022-05-04,,,,13.3,1.1,OSM-342449510,не указана,2022,124,none,,Зерноград,160.3
2022-05-05,,,,12.1,14.9,OSM-342449510,не указана,2022,125,none,,Зерноград,160.3
2022-05-06,,,,10.2,0.1,OSM-342449510,не указана,2022,126,none,,Зерноград,160.3
2022-05-07,,,,10.5,0.0,OSM-342449510,не указана,2022,127,none,,Зерноград,160.3
2022-05-08,,,,12.0,0.0,OSM-342449510,не указана,2022,128,none,,Зерноград,160.3
2022-05-09,,,0.8355,14.3,0.0,OSM-342449510,не указана,2022,129,modis,0.8355,Зерноград,160.3
2022-05-10,,0.8466,,10.7,0.4,OSM-342449510,не указана,2022,130,landsat,0.8466,Зерноград,160.3
2022-05-11,,0.8186,,11.5,0.3,OSM-342449510,не указана,2022,131,landsat,0.8186,Зерноград,160.3
2022-05-12,,,,15.1,0.0,OSM-342449510,не указана,2022,132,none,,Зерноград,160.3
2022-05-13,,,,16.6,0.0,OSM-342449510,не указана,2022,133,none,,Зерноград,160.3
2022-05-14,,,,16.2,0.8,OSM-342449510,не указана,2022,134,none,,Зерноград,160.3
2022-05-15,,,,16.4,1.2,OSM-342449510,не указана,2022,135,none,,Зерноград,160.3
2022-05-16,,,,16.1,0.1,OSM-342449510,не указана,2022,136,none,,Зерноград,160.3
2022-05-17,,,,14.9,0.9,OSM-342449510,не указана,2022,137,none,,Зерноград,160.3
2022-05-18,,,,13.6,13.5,OSM-342449510,не указана,2022,138,none,,Зерноград,160.3
2022-05-19,,,,13.3,1.6,OSM-342449510,не указана,2022,139,none,,Зерноград,160.3
2022-05-20,,,,15.2,0.9,OSM-342449510,не указана,2022,140,none,,Зерноград,160.3
2022-05-21,,,,16.4,0.2,OSM-342449510,не указана,2022,141,none,,Зерноград,160.3
2022-05-22,,,,14.3,9.6,OSM-342449510,не указана,2022,142,none,,Зерноград,160.3
2022-05-23,,,,13.7,0.4,OSM-342449510,не указана,2022,143,none,,Зерноград,160.3
2022-05-24,,,,13.4,0.2,OSM-342449510,не указана,2022,144,none,,Зерноград,160.3
2022-05-25,,,0.8728,15.5,0.0,OSM-342449510,не указана,2022,145,modis,0.8728,Зерноград,160.3
2022-05-26,,0.8711,,17.1,0.8,OSM-342449510,не указана,2022,146,landsat,0.8711,Зерноград,160.3
2022-05-27,,0.86195,,17.6,0.5,OSM-342449510,не указана,2022,147,landsat,0.86195,Зерноград,160.3
2022-05-28,,,,19.2,0.0,OSM-342449510,не указана,2022,148,none,,Зерноград,160.3
2022-05-29,,,,22.2,0.0,OSM-342449510,не указана,2022,149,none,,Зерноград,160.3
2022-05-30,,,,24.1,0.0,OSM-342449510,не указана,2022,150,none,,Зерноград,160.3
2022-05-31,,,,27.0,0.0,OSM-342449510,не указана,2022,151,none,,Зерноград,160.3
2022-06-01,,,,26.4,0.1,OSM-342449510,не указана,2022,152,none,,Зерноград,160.3
2022-06-02,,,,26.7,0.0,OSM-342449510,не указана,2022,153,none,,Зерноград,160.3
2022-06-03,,0.85815,,25.9,0.0,OSM-342449510,не указана,2022,154,landsat,0.85815,Зерноград,160.3
2022-06-04,,,,26.2,0.0,OSM-342449510,не указана,2022,155,none,,Зерноград,160.3
2022-06-05,,,,26.3,0.0,OSM-342449510,не указана,2022,156,none,,Зерноград,160.3
2022-06-06,,,,22.3,0.0,OSM-342449510,не указана,2022,157,none,,Зерноград,160.3
2022-06-07,,,,21.2,0.0,OSM-342449510,не указана,2022,158,none,,Зерноград,160.3
2022-06-08,,,,22.8,0.0,OSM-342449510,не указана,2022,159,none,,Зерноград,160.3
2022-06-09,,,,23.7,0.0,OSM-342449510,не указана,2022,160,none,,Зерноград,160.3
2022-06-10,,,0.7354,24.6,0.0,OSM-342449510,не указана,2022,161,modis,0.7354,Зерноград,160.3
2022-06-11,,0.78775,,25.0,0.0,OSM-342449510,не указана,2022,162,landsat,0.78775,Зерноград,160.3
2022-06-12,,0.7667,,26.5,0.0,OSM-342449510,не указана,2022,163,landsat,0.7667,Зерноград,160.3
2022-06-13,,,,26.1,0.0,OSM-342449510,не указана,2022,164,none,,Зерноград,160.3
2022-06-14,,,,23.4,1.5,OSM-342449510,не указана,2022,165,none,,Зерноград,160.3
2022-06-15,,,,21.9,2.9,OSM-342449510,не указана,2022,166,none,,Зерноград,160.3
2022-06-16,,,,20.9,0.6,OSM-342449510,не указана,2022,167,none,,Зерноград,160.3
2022-06-17,,,,21.7,0.0,OSM-342449510,не указана,2022,168,none,,Зерноград,160.3
2022-06-18,,,,23.0,0.0,OSM-342449510,не указана,2022,169,none,,Зерноград,160.3
2022-06-19,,0.5728,,24.6,0.0,OSM-342449510,не указана,2022,170,landsat,0.5728,Зерноград,160.3
2022-06-20,,0.5085,,26.3,0.0,OSM-342449510,не указана,2022,171,landsat,0.5085,Зерноград,160.3
2022-06-21,,,,26.2,0.4,OSM-342449510,не указана,2022,172,none,,Зерноград,160.3
2022-06-22,,,,22.7,2.7,OSM-342449510,не указана,2022,173,none,,Зерноград,160.3
2022-06-23,,,,19.1,0.5,OSM-342449510,не указана,2022,174,none,,Зерноград,160.3
2022-06-24,,,,19.2,0.9,OSM-342449510,не указана,2022,175,none,,Зерноград,160.3
2022-06-25,,,,20.8,0.2,OSM-342449510,не указана,2022,176,none,,Зерноград,160.3
2022-06-26,,,0.3694,23.0,2.6,OSM-342449510,не указана,2022,177,modis,0.3694,Зерноград,160.3
2022-06-27,,,,22.3,19.9,OSM-342449510,не указана,2022,178,none,,Зерноград,160.3
2022-06-28,,,,19.1,2.0,OSM-342449510,не указана,2022,179,none,,Зерноград,160.3
2022-06-29,,,,23.0,0.0,OSM-342449510,не указана,2022,180,none,,Зерноград,160.3
2022-06-30,,,,22.0,0.0,OSM-342449510,не указана,2022,181,none,,Зерноград,160.3
2022-07-01,,,,22.8,0.0,OSM-342449510,не указана,2022,182,none,,Зерноград,160.3
2022-07-02,,,,19.3,0.0,OSM-342449510,не указана,2022,183,none,,Зерноград,160.3
2022-07-03,,,,21.0,0.0,OSM-342449510,не указана,2022,184,none,,Зерноград,160.3
2022-07-04,,,,23.8,0.0,OSM-342449510,не указана,2022,185,none,,Зерноград,160.3
2022-07-05,,0.30425,,25.3,0.0,OSM-342449510,не указана,2022,186,landsat,0.30425,Зерноград,160.3
2022-07-06,,0.2603,,25.5,0.0,OSM-342449510,не указана,2022,187,landsat,0.2603,Зерноград,160.3
2022-07-07,,,,25.3,0.0,OSM-342449510,не указана,2022,188,none,,Зерноград,160.3
2022-07-08,,,,26.1,0.0,OSM-342449510,не указана,2022,189,none,,Зерноград,160.3
2022-07-09,,,,28.8,0.0,OSM-342449510,не указана,2022,190,none,,Зерноград,160.3
2022-07-10,,,,28.5,0.4,OSM-342449510,не указана,2022,191,none,,Зерноград,160.3
2022-07-11,,,,22.9,12.4,OSM-342449510,не указана,2022,192,none,,Зерноград,160.3
2022-07-12,,,0.2194,24.0,0.0,OSM-342449510,не указана,2022,193,modis,0.2194,Зерноград,160.3
2022-07-13,,,,24.0,0.0,OSM-342449510,не указана,2022,194,none,,Зерноград,160.3
2022-07-14,,0.2192,,23.1,0.0,OSM-342449510,не указана,2022,195,landsat,0.2192,Зерноград,160.3
2022-07-15,,,,23.2,0.2,OSM-342449510,не указана,2022,196,none,,Зерноград,160.3
2022-07-16,,,,22.6,1.9,OSM-342449510,не указана,2022,197,none,,Зерноград,160.3
2022-07-17,,0.1902499999999999,,25.8,0.0,OSM-342449510,не указана,2022,198,landsat,0.1902499999999999,Зерноград,160.3
2022-07-18,,,,24.6,0.0,OSM-342449510,не указана,2022,199,none,,Зерноград,160.3
2022-07-19,,,,22.0,0.0,OSM-342449510,не указана,2022,200,none,,Зерноград,160.3
2022-07-20,,,,23.6,0.0,OSM-342449510,не указана,2022,201,none,,Зерноград,160.3
2022-07-21,,0.21935,,22.1,1.5,OSM-342449510,не указана,2022,202,landsat,0.21935,Зерноград,160.3
2022-07-22,,,,20.2,2.9,OSM-342449510,не указана,2022,203,none,,Зерноград,160.3
2022-07-23,,,,18.9,7.8,OSM-342449510,не указана,2022,204,none,,Зерноград,160.3
2022-07-24,,,,21.3,0.1,OSM-342449510,не указана,2022,205,none,,Зерноград,160.3
2022-07-25,,,,23.3,0.0,OSM-342449510,не указана,2022,206,none,,Зерноград,160.3
2022-07-26,,,,21.9,6.8,OSM-342449510,не указана,2022,207,none,,Зерноград,160.3
2022-07-27,,,,21.7,0.2,OSM-342449510,не указана,2022,208,none,,Зерноград,160.3
2022-07-28,,,0.2273,24.8,0.1,OSM-342449510,не указана,2022,209,modis,0.2273,Зерноград,160.3
2022-07-29,,,,27.3,0.0,OSM-342449510,не указана,2022,210,none,,Зерноград,160.3
2022-07-30,,,,27.4,0.0,OSM-342449510,не указана,2022,211,none,,Зерноград,160.3
2022-07-31,,,,27.6,0.1,OSM-342449510,не указана,2022,212,none,,Зерноград,160.3
2022-08-01,,,,29.1,0.0,OSM-342449510,не указана,2022,213,none,,Зерноград,160.3
2022-08-02,,,,24.1,14.9,OSM-342449510,не указана,2022,214,none,,Зерноград,160.3
2022-08-03,,,,24.2,0.5,OSM-342449510,не указана,2022,215,none,,Зерноград,160.3
2022-08-04,,,,25.8,0.2,OSM-342449510,не указана,2022,216,none,,Зерноград,160.3
2022-08-05,,,,24.5,11.3,OSM-342449510,не указана,2022,217,none,,Зерноград,160.3
2022-08-06,,,,25.8,0.4,OSM-342449510,не указана,2022,218,none,,Зерноград,160.3
2022-08-07,,0.2041,,25.8,0.0,OSM-342449510,не указана,2022,219,landsat,0.2041,Зерноград,160.3
2022-08-08,,,,26.4,0.0,OSM-342449510,не указана,2022,220,none,,Зерноград,160.3
2022-08-09,,,,26.7,0.0,OSM-342449510,не указана,2022,221,none,,Зерноград,160.3
2022-08-10,,,,28.1,0.0,OSM-342449510,не указана,2022,222,none,,Зерноград,160.3
2022-08-11,,,,28.9,0.1,OSM-342449510,не указана,2022,223,none,,Зерноград,160.3
2022-08-12,,,,27.9,3.7,OSM-342449510,не указана,2022,224,none,,Зерноград,160.3
2022-08-13,,,0.2821,28.5,0.0,OSM-342449510,не указана,2022,225,modis,0.2821,Зерноград,160.3
2022-08-14,,,,29.7,0.0,OSM-342449510,не указана,2022,226,none,,Зерноград,160.3
2022-08-15,,0.2054,,31.1,0.0,OSM-342449510,не указана,2022,227,landsat,0.2054,Зерноград,160.3
2022-08-16,,,,29.1,0.0,OSM-342449510,не указана,2022,228,none,,Зерноград,160.3
2022-08-17,,,,27.7,0.0,OSM-342449510,не указана,2022,229,none,,Зерноград,160.3
2022-08-18,,,,25.1,4.7,OSM-342449510,не указана,2022,230,none,,Зерноград,160.3
2022-08-19,,,,25.2,3.1,OSM-342449510,не указана,2022,231,none,,Зерноград,160.3
2022-08-20,,,,24.2,6.9,OSM-342449510,не указана,2022,232,none,,Зерноград,160.3
2022-08-21,,,,25.4,1.1,OSM-342449510,не указана,2022,233,none,,Зерноград,160.3
2022-08-22,,,,25.9,0.0,OSM-342449510,не указана,2022,234,none,,Зерноград,160.3
2022-08-23,,,,27.1,0.0,OSM-342449510,не указана,2022,235,none,,Зерноград,160.3
2022-08-24,,,,26.8,0.0,OSM-342449510,не указана,2022,236,none,,Зерноград,160.3
2022-08-25,,,,26.9,0.0,OSM-342449510,не указана,2022,237,none,,Зерноград,160.3
2022-08-26,,,,26.6,0.0,OSM-342449510,не указана,2022,238,none,,Зерноград,160.3
2022-08-27,,,,27.3,0.0,OSM-342449510,не указана,2022,239,none,,Зерноград,160.3
2022-08-28,,,,27.8,0.0,OSM-342449510,не указана,2022,240,none,,Зерноград,160.3
2022-08-29,,,0.2492,26.0,0.0,OSM-342449510,не указана,2022,241,modis,0.2492,Зерноград,160.3
2022-08-30,,,,26.8,0.0,OSM-342449510,не указана,2022,242,none,,Зерноград,160.3
2022-08-31,,0.2008,,28.0,0.0,OSM-342449510,не указана,2022,243,landsat,0.2008,Зерноград,160.3
2022-09-01,,,,27.6,0.0,OSM-342449510,не указана,2022,244,none,,Зерноград,160.3
2022-09-02,,,,23.1,0.0,OSM-342449510,не указана,2022,245,none,,Зерноград,160.3
2022-09-03,,,,22.5,2.9,OSM-342449510,не указана,2022,246,none,,Зерноград,160.3
2022-09-04,,,,19.2,3.3,OSM-342449510,не указана,2022,247,none,,Зерноград,160.3
2022-09-05,,,,15.0,0.0,OSM-342449510,не указана,2022,248,none,,Зерноград,160.3
2022-09-06,,,,15.7,0.2,OSM-342449510,не указана,2022,249,none,,Зерноград,160.3
2022-09-07,,0.18855,,14.7,0.0,OSM-342449510,не указана,2022,250,landsat,0.18855,Зерноград,160.3
2022-09-08,,0.1831,,15.2,0.0,OSM-342449510,не указана,2022,251,landsat,0.1831,Зерноград,160.3
2022-09-09,,,,16.6,0.0,OSM-342449510,не указана,2022,252,none,,Зерноград,160.3
2022-09-10,,,,15.3,0.0,OSM-342449510,не указана,2022,253,none,,Зерноград,160.3
2022-09-11,,,,18.0,0.3,OSM-342449510,не указана,2022,254,none,,Зерноград,160.3
2022-09-12,,,,18.7,13.7,OSM-342449510,не указана,2022,255,none,,Зерноград,160.3
2022-09-13,,,,18.2,4.3,OSM-342449510,не указана,2022,256,none,,Зерноград,160.3
2022-09-14,,,0.247,16.2,1.8,OSM-342449510,не указана,2022,257,modis,0.247,Зерноград,160.3
2022-09-15,,,,18.8,0.8,OSM-342449510,не указана,2022,258,none,,Зерноград,160.3
2022-09-16,,,,22.0,7.3,OSM-342449510,не указана,2022,259,none,,Зерноград,160.3
2022-09-17,,,,21.3,0.5,OSM-342449510,не указана,2022,260,none,,Зерноград,160.3
2022-09-18,,,,25.6,0.0,OSM-342449510,не указана,2022,261,none,,Зерноград,160.3
2022-09-19,,,,17.2,2.9,OSM-342449510,не указана,2022,262,none,,Зерноград,160.3
2022-09-20,,,,17.7,0.0,OSM-342449510,не указана,2022,263,none,,Зерноград,160.3
2022-09-21,,,,17.8,0.1,OSM-342449510,не указана,2022,264,none,,Зерноград,160.3
2022-09-22,,,,14.4,2.3,OSM-342449510,не указана,2022,265,none,,Зерноград,160.3
2022-09-23,,,,13.1,20.9,OSM-342449510,не указана,2022,266,none,,Зерноград,160.3
2022-09-24,,,,11.7,5.1,OSM-342449510,не указана,2022,267,none,,Зерноград,160.3
2022-09-25,,,,12.8,0.0,OSM-342449510,не указана,2022,268,none,,Зерноград,160.3
2022-09-26,,,,15.1,0.0,OSM-342449510,не указана,2022,269,none,,Зерноград,160.3
2022-09-27,,,,17.5,0.0,OSM-342449510,не указана,2022,270,none,,Зерноград,160.3
2022-09-28,,,,17.2,1.5,OSM-342449510,не указана,2022,271,none,,Зерноград,160.3
2022-09-29,,,,17.8,0.6,OSM-342449510,не указана,2022,272,none,,Зерноград,160.3
2022-09-30,,,0.2681,18.0,0.0,OSM-342449510,не указана,2022,273,modis,0.2681,Зерноград,160.3
2022-10-01,,0.20205,,19.5,0.0,OSM-342449510,не указана,2022,274,landsat,0.20205,Зерноград,160.3
2022-10-02,,,,20.5,2.6,OSM-342449510,не указана,2022,275,none,,Зерноград,160.3
2022-10-03,,,,14.9,1.8,OSM-342449510,не указана,2022,276,none,,Зерноград,160.3
2022-10-04,,,,14.8,0.6,OSM-342449510,не указана,2022,277,none,,Зерноград,160.3
2022-10-05,,,,12.7,0.0,OSM-342449510,не указана,2022,278,none,,Зерноград,160.3
2022-10-06,,,,12.2,0.0,OSM-342449510,не указана,2022,279,none,,Зерноград,160.3
2022-10-07,,,,13.3,0.0,OSM-342449510,не указана,2022,280,none,,Зерноград,160.3
2022-10-08,,,,15.4,0.0,OSM-342449510,не указана,2022,281,none,,Зерноград,160.3
2022-10-09,,,,15.7,8.2,OSM-342449510,не указана,2022,282,none,,Зерноград,160.3
2022-10-10,,,,14.3,1.1,OSM-342449510,не указана,2022,283,none,,Зерноград,160.3
2022-10-11,,,,10.8,4.5,OSM-342449510,не указана,2022,284,none,,Зерноград,160.3
2022-10-12,,,,11.1,0.0,OSM-342449510,не указана,2022,285,none,,Зерноград,160.3
2022-10-13,,,,11.0,0.0,OSM-342449510,не указана,2022,286,none,,Зерноград,160.3
2022-10-14,,,,10.2,0.0,OSM-342449510,не указана,2022,287,none,,Зерноград,160.3
2022-10-15,,,,8.6,0.0,OSM-342449510,не указана,2022,288,none,,Зерноград,160.3
2022-10-16,,,0.1063,10.5,0.0,OSM-342449510,не указана,2022,289,modis,0.1063,Зерноград,160.3
2022-10-17,,0.2021,,9.8,0.0,OSM-342449510,не указана,2022,290,landsat,0.2021,Зерноград,160.3
2022-10-18,,0.2052,,9.8,0.0,OSM-342449510,не указана,2022,291,landsat,0.2052,Зерноград,160.3
2022-10-19,,,,11.7,0.0,OSM-342449510,не указана,2022,292,none,,Зерноград,160.3
2022-10-20,,,,9.8,2.3,OSM-342449510,не указана,2022,293,none,,Зерноград,160.3
2022-10-21,,,,7.4,0.9,OSM-342449510,не указана,2022,294,none,,Зерноград,160.3
2022-10-22,,,,7.0,0.1,OSM-342449510,не указана,2022,295,none,,Зерноград,160.3
2022-10-23,,,,10.0,1.6,OSM-342449510,не указана,2022,296,none,,Зерноград,160.3
2022-10-24,,,,10.2,4.8,OSM-342449510,не указана,2022,297,none,,Зерноград,160.3
2022-10-25,,,,9.4,0.0,OSM-342449510,не указана,2022,298,none,,Зерноград,160.3
2022-10-26,,,,11.2,5.8,OSM-342449510,не указана,2022,299,none,,Зерноград,160.3
2022-10-27,,,,11.2,0.8,OSM-342449510,не указана,2022,300,none,,Зерноград,160.3
2022-10-28,,,,8.3,0.2,OSM-342449510,не указана,2022,301,none,,Зерноград,160.3
2022-10-29,,,,8.4,0.0,OSM-342449510,не указана,2022,302,none,,Зерноград,160.3
2022-10-30,,,,11.2,6.2,OSM-342449510,не указана,2022,303,none,,Зерноград,160.3
2022-10-31,,,,8.0,1.7,OSM-342449510,не указана,2022,304,none,,Зерноград,160.3
2022-11-01,,,0.2946,4.2,0.0,OSM-342449510,не указана,2022,305,modis,0.2946,Зерноград,160.3
2022-11-02,,,,6.2,2.0,OSM-342449510,не указана,2022,306,none,,Зерноград,160.3
2022-11-03,,0.2594,,6.4,0.3,OSM-342449510,не указана,2022,307,landsat,0.2594,Зерноград,160.3
2022-11-04,,,,6.5,4.5,OSM-342449510,не указана,2022,308,none,,Зерноград,160.3
2022-11-05,,,,5.1,1.6,OSM-342449510,не указана,2022,309,none,,Зерноград,160.3
2022-11-06,,,,3.7,0.0,OSM-342449510,не указана,2022,310,none,,Зерноград,160.3
2022-11-07,,,,3.5,0.0,OSM-342449510,не указана,2022,311,none,,Зерноград,160.3
2022-11-08,,,,5.1,0.0,OSM-342449510,не указана,2022,312,none,,Зерноград,160.3
2022-11-09,,,,5.8,0.0,OSM-342449510,не указана,2022,313,none,,Зерноград,160.3
2022-11-10,,,,7.3,0.0,OSM-342449510,не указана,2022,314,none,,Зерноград,160.3
2022-11-11,,,,6.7,0.0,OSM-342449510,не указана,2022,315,none,,Зерноград,160.3
2022-11-12,,,,5.9,0.0,OSM-342449510,не указана,2022,316,none,,Зерноград,160.3
2022-11-13,,,,7.6,0.7,OSM-342449510,не указана,2022,317,none,,Зерноград,160.3
2022-11-14,,,,5.4,0.0,OSM-342449510,не указана,2022,318,none,,Зерноград,160.3
2022-11-15,,,,0.8,0.0,OSM-342449510,не указана,2022,319,none,,Зерноград,160.3
2022-11-16,,,,2.6,0.1,OSM-342449510,не указана,2022,320,none,,Зерноград,160.3
2022-11-17,,,0.2798,9.9,4.1,OSM-342449510,не указана,2022,321,modis,0.2798,Зерноград,160.3
2022-11-18,,,,8.0,2.9,OSM-342449510,не указана,2022,322,none,,Зерноград,160.3
2022-11-19,,,,11.3,4.4,OSM-342449510,не указана,2022,323,none,,Зерноград,160.3
2022-11-20,,,,8.8,0.7,OSM-342449510,не указана,2022,324,none,,Зерноград,160.3
2022-11-21,,,,13.8,0.6,OSM-342449510,не указана,2022,325,none,,Зерноград,160.3
2022-11-22,,,,12.5,6.4,OSM-342449510,не указана,2022,326,none,,Зерноград,160.3
2022-11-23,,,,5.5,0.0,OSM-342449510,не указана,2022,327,none,,Зерноград,160.3
2022-11-24,,,,7.5,0.0,OSM-342449510,не указана,2022,328,none,,Зерноград,160.3
2022-11-25,,,,7.0,0.1,OSM-342449510,не указана,2022,329,none,,Зерноград,160.3
2022-11-26,,,,5.3,0.0,OSM-342449510,не указана,2022,330,none,,Зерноград,160.3
2022-11-27,,,,4.0,0.0,OSM-342449510,не указана,2022,331,none,,Зерноград,160.3
2022-11-28,,,,1.3,0.0,OSM-342449510,не указана,2022,332,none,,Зерноград,160.3
2022-11-29,,,,-1.4,0.0,OSM-342449510,не указана,2022,333,none,,Зерноград,160.3
2022-11-30,,,,-1.4,0.0,OSM-342449510,не указана,2022,334,none,,Зерноград,160.3
2022-12-01,,,,-1.1,0.0,OSM-342449510,не указана,2022,335,none,,Зерноград,160.3
2022-12-02,,,,-1.0,0.0,OSM-342449510,не указана,2022,336,none,,Зерноград,160.3
2022-12-03,,,0.5813,-4.0,0.0,OSM-342449510,не указана,2022,337,modis,0.5813,Зерноград,160.3
2022-12-04,,,,-7.5,0.0,OSM-342449510,не указана,2022,338,none,,Зерноград,160.3
2022-12-05,,0.2825,,-5.6,0.0,OSM-342449510,не указана,2022,339,landsat,0.2825,Зерноград,160.3
2022-12-06,,,,-5.7,0.0,OSM-342449510,не указана,2022,340,none,,Зерноград,160.3
2022-12-07,,,,-4.0,0.0,OSM-342449510,не указана,2022,341,none,,Зерноград,160.3
2022-12-08,,,,0.1,0.0,OSM-342449510,не указана,2022,342,none,,Зерноград,160.3
2022-12-09,,,,1.4,0.1,OSM-342449510,не указана,2022,343,none,,Зерноград,160.3
2022-12-10,,,,2.5,0.0,OSM-342449510,не указана,2022,344,none,,Зерноград,160.3
2022-12-11,,,,4.3,0.2,OSM-342449510,не указана,2022,345,none,,Зерноград,160.3
2022-12-12,,,,4.9,1.0,OSM-342449510,не указана,2022,346,none,,Зерноград,160.3
2022-12-13,,,,3.7,7.1,OSM-342449510,не указана,2022,347,none,,Зерноград,160.3
2022-12-14,,,,-0.7,0.3,OSM-342449510,не указана,2022,348,none,,Зерноград,160.3
2022-12-15,,,,-0.1,2.6,OSM-342449510,не указана,2022,349,none,,Зерноград,160.3
2022-12-16,,,,4.0,1.9,OSM-342449510,не указана,2022,350,none,,Зерноград,160.3
2022-12-17,,,,7.1,0.0,OSM-342449510,не указана,2022,351,none,,Зерноград,160.3
2022-12-18,,,,7.1,0.9,OSM-342449510,не указана,2022,352,none,,Зерноград,160.3
2022-12-19,,,0.243,-2.6,0.0,OSM-342449510,не указана,2022,353,modis,0.243,Зерноград,160.3
2022-12-20,,0.3246,,-4.2,0.0,OSM-342449510,не указана,2022,354,landsat,0.3246,Зерноград,160.3
2022-12-21,,,,-2.4,0.0,OSM-342449510,не указана,2022,355,none,,Зерноград,160.3
2022-12-22,,,,0.7,0.0,OSM-342449510,не указана,2022,356,none,,Зерноград,160.3
2022-12-23,,,,0.6,0.0,OSM-342449510,не указана,2022,357,none,,Зерноград,160.3
2022-12-24,,,,0.8,0.0,OSM-342449510,не указана,2022,358,none,,Зерноград,160.3
2022-12-25,,,,1.2,1.2,OSM-342449510,не указана,2022,359,none,,Зерноград,160.3
2022-12-26,,,,1.4,2.4,OSM-342449510,не указана,2022,360,none,,Зерноград,160.3
2022-12-27,,,,2.7,7.1,OSM-342449510,не указана,2022,361,none,,Зерноград,160.3
2022-12-28,,,,3.6,10.5,OSM-342449510,не указана,2022,362,none,,Зерноград,160.3
2022-12-29,,,,0.9,0.0,OSM-342449510,не указана,2022,363,none,,Зерноград,160.3
2022-12-30,,,,3.3,0.0,OSM-342449510,не указана,2022,364,none,,Зерноград,160.3
2022-12-31,,,,5.1,0.0,OSM-342449510,не указана,2022,365,none,,Зерноград,160.3
2023-01-01,,,0.243,6.3,0.0,OSM-342449510,не указана,2023,1,modis,0.243,Зерноград,160.3
2023-01-02,,,,7.8,0.0,OSM-342449510,не указана,2023,2,none,,Зерноград,160.3
2023-01-03,,,,7.1,0.0,OSM-342449510,не указана,2023,3,none,,Зерноград,160.3
2023-01-04,,,,5.2,0.2,OSM-342449510,не указана,2023,4,none,,Зерноград,160.3
2023-01-05,,,,3.3,3.3,OSM-342449510,не указана,2023,5,none,,Зерноград,160.3
2023-01-06,,,,5.0,11.9,OSM-342449510,не указана,2023,6,none,,Зерноград,160.3
2023-01-07,,,,-10.8,0.0,OSM-342449510,не указана,2023,7,none,,Зерноград,160.3
2023-01-08,,,,-13.9,0.0,OSM-342449510,не указана,2023,8,none,,Зерноград,160.3
2023-01-09,,,,-11.2,0.0,OSM-342449510,не указана,2023,9,none,,Зерноград,160.3
2023-01-10,,,,-11.4,0.0,OSM-342449510,не указана,2023,10,none,,Зерноград,160.3
2023-01-11,,,,-7.1,0.0,OSM-342449510,не указана,2023,11,none,,Зерноград,160.3
2023-01-12,,,,-1.0,0.0,OSM-342449510,не указана,2023,12,none,,Зерноград,160.3
2023-01-13,,,,0.8,0.0,OSM-342449510,не указана,2023,13,none,,Зерноград,160.3
2023-01-14,,,,0.5,0.0,OSM-342449510,не указана,2023,14,none,,Зерноград,160.3
2023-01-15,,,,-0.1,0.0,OSM-342449510,не указана,2023,15,none,,Зерноград,160.3
2023-01-16,,,,-0.7,0.0,OSM-342449510,не указана,2023,16,none,,Зерноград,160.3
2023-01-17,,,0.2453,1.1,0.0,OSM-342449510,не указана,2023,17,modis,0.2453,Зерноград,160.3
2023-01-18,,,,1.6,0.0,OSM-342449510,не указана,2023,18,none,,Зерноград,160.3
2023-01-19,,,,2.5,0.0,OSM-342449510,не указана,2023,19,none,,Зерноград,160.3
2023-01-20,,,,1.2,0.0,OSM-342449510,не указана,2023,20,none,,Зерноград,160.3
2023-01-21,,,,1.2,0.0,OSM-342449510,не указана,2023,21,none,,Зерноград,160.3
2023-01-22,,,,0.9,0.0,OSM-342449510,не указана,2023,22,none,,Зерноград,160.3
2023-01-23,,,,-0.6,0.0,OSM-342449510,не указана,2023,23,none,,Зерноград,160.3
2023-01-24,,,,-1.0,0.0,OSM-342449510,не указана,2023,24,none,,Зерноград,160.3
2023-01-25,,,,-1.2,0.0,OSM-342449510,не указана,2023,25,none,,Зерноград,160.3
2023-01-26,,,,-2.2,0.0,OSM-342449510,не указана,2023,26,none,,Зерноград,160.3
2023-01-27,,,,-2.2,0.0,OSM-342449510,не указана,2023,27,none,,Зерноград,160.3
2023-01-28,,,,-0.6,0.0,OSM-342449510,не указана,2023,28,none,,Зерноград,160.3
2023-01-29,,,,0.8,1.1,OSM-342449510,не указана,2023,29,none,,Зерноград,160.3
2023-01-30,,,,1.3,0.0,OSM-342449510,не указана,2023,30,none,,Зерноград,160.3
2023-01-31,,,,1.6,0.9,OSM-342449510,не указана,2023,31,none,,Зерноград,160.3
2023-02-01,,,,0.7,3.2,OSM-342449510,не указана,2023,32,none,,Зерноград,160.3
2023-02-02,,,0.1166,-1.7,0.3,OSM-342449510,не указана,2023,33,modis,0.1166,Зерноград,160.3
2023-02-03,,,,-0.5,3.8,OSM-342449510,не указана,2023,34,none,,Зерноград,160.3
2023-02-04,,,,-0.0,0.1,OSM-342449510,не указана,2023,35,none,,Зерноград,160.3
2023-02-05,,,,-0.4,0.0,OSM-342449510,не указана,2023,36,none,,Зерноград,160.3
2023-02-06,,,,-3.4,0.0,OSM-342449510,не указана,2023,37,none,,Зерноград,160.3
2023-02-07,,,,-5.7,3.4,OSM-342449510,не указана,2023,38,none,,Зерноград,160.3
2023-02-08,,,,-6.3,0.0,OSM-342449510,не указана,2023,39,none,,Зерноград,160.3
2023-02-09,,,,-7.4,0.0,OSM-342449510,не указана,2023,40,none,,Зерноград,160.3
2023-02-10,,,,-8.7,0.0,OSM-342449510,не указана,2023,41,none,,Зерноград,160.3
2023-02-11,,,,-5.2,0.0,OSM-342449510,не указана,2023,42,none,,Зерноград,160.3
2023-02-12,,,,-2.0,3.0,OSM-342449510,не указана,2023,43,none,,Зерноград,160.3
2023-02-13,,,,-3.8,0.8,OSM-342449510,не указана,2023,44,none,,Зерноград,160.3
2023-02-14,,,,-0.7,8.1,OSM-342449510,не указана,2023,45,none,,Зерноград,160.3
2023-02-15,,,,-4.6,0.1,OSM-342449510,не указана,2023,46,none,,Зерноград,160.3
2023-02-16,,,,-6.6,0.2,OSM-342449510,не указана,2023,47,none,,Зерноград,160.3
2023-02-17,,,,-5.1,13.0,OSM-342449510,не указана,2023,48,none,,Зерноград,160.3
2023-02-18,,,0.2551,0.4,7.1,OSM-342449510,не указана,2023,49,modis,0.2551,Зерноград,160.3
2023-02-19,,,,1.3,1.6,OSM-342449510,не указана,2023,50,none,,Зерноград,160.3
2023-02-20,,,,-0.4,6.1,OSM-342449510,не указана,2023,51,none,,Зерноград,160.3
2023-02-21,,,,1.2,9.7,OSM-342449510,не указана,2023,52,none,,Зерноград,160.3
2023-02-22,,,,-2.3,0.9,OSM-342449510,не указана,2023,53,none,,Зерноград,160.3
2023-02-23,,0.3138,,-8.9,0.0,OSM-342449510,не указана,2023,54,landsat,0.3138,Зерноград,160.3
2023-02-24,,,,-5.0,0.0,OSM-342449510,не указана,2023,55,none,,Зерноград,160.3
2023-02-25,,,,2.2,0.0,OSM-342449510,не указана,2023,56,none,,Зерноград,160.3
2023-02-26,,,,10.3,0.2,OSM-342449510,не указана,2023,57,none,,Зерноград,160.3
2023-02-27,,,,9.5,0.0,OSM-342449510,не указана,2023,58,none,,Зерноград,160.3
2023-02-28,,,,5.8,0.0,OSM-342449510,не указана,2023,59,none,,Зерноград,160.3
2023-03-01,,,,1.6,0.2,OSM-342449510,не указана,2023,60,none,,Зерноград,160.3
2023-03-02,,0.2537,,-0.6,0.0,OSM-342449510,не указана,2023,61,landsat,0.2537,Зерноград,160.3
2023-03-03,,,,1.3,0.0,OSM-342449510,не указана,2023,62,none,,Зерноград,160.3
2023-03-04,,,,4.1,0.1,OSM-342449510,не указана,2023,63,none,,Зерноград,160.3
2023-03-05,,,,6.4,2.5,OSM-342449510,не указана,2023,64,none,,Зерноград,160.3
2023-03-06,,,0.2486,2.0,0.0,OSM-342449510,не указана,2023,65,modis,0.2486,Зерноград,160.3
2023-03-07,,,,4.3,0.2,OSM-342449510,не указана,2023,66,none,,Зерноград,160.3
2023-03-08,,,,8.8,1.1,OSM-342449510,не указана,2023,67,none,,Зерноград,160.3
2023-03-09,,,,9.6,0.3,OSM-342449510,не указана,2023,68,none,,Зерноград,160.3
2023-03-10,,,,10.5,1.9,OSM-342449510,не указана,2023,69,none,,Зерноград,160.3
2023-03-11,,,,12.7,0.9,OSM-342449510,не указана,2023,70,none,,Зерноград,160.3
2023-03-12,,,,11.8,8.7,OSM-342449510,не указана,2023,71,none,,Зерноград,160.3
2023-03-13,,,,3.1,0.0,OSM-342449510,не указана,2023,72,none,,Зерноград,160.3
2023-03-14,,,,4.4,0.0,OSM-342449510,не указана,2023,73,none,,Зерноград,160.3
2023-03-15,,,,8.1,0.2,OSM-342449510,не указана,2023,74,none,,Зерноград,160.3
2023-03-16,,,,7.8,0.0,OSM-342449510,не указана,2023,75,none,,Зерноград,160.3
2023-03-17,,,,6.8,1.9,OSM-342449510,не указана,2023,76,none,,Зерноград,160.3
2023-03-18,,,,7.8,0.0,OSM-342449510,не указана,2023,77,none,,Зерноград,160.3
2023-03-19,,,,8.1,0.0,OSM-342449510,не указана,2023,78,none,,Зерноград,160.3
2023-03-20,,,,10.7,0.0,OSM-342449510,не указана,2023,79,none,,Зерноград,160.3
2023-03-21,,,,10.2,0.1,OSM-342449510,не указана,2023,80,none,,Зерноград,160.3
2023-03-22,,0.2533499999999999,0.3317,10.2,0.0,OSM-342449510,не указана,2023,81,landsat,0.2533499999999999,Зерноград,160.3
2023-03-23,,,,11.2,0.0,OSM-342449510,не указана,2023,82,none,,Зерноград,160.3
2023-03-24,,,,10.8,0.6,OSM-342449510,не указана,2023,83,none,,Зерноград,160.3
2023-03-25,,,,9.9,0.0,OSM-342449510,не указана,2023,84,none,,Зерноград,160.3
2023-03-26,,,,10.6,1.1,OSM-342449510,не указана,2023,85,none,,Зерноград,160.3
2023-03-27,,,,8.0,2.1,OSM-342449510,не указана,2023,86,none,,Зерноград,160.3
2023-03-28,,,,10.5,6.4,OSM-342449510,не указана,2023,87,none,,Зерноград,160.3
2023-03-29,,,,6.9,8.3,OSM-342449510,не указана,2023,88,none,,Зерноград,160.3
2023-03-30,,,,1.3,11.9,OSM-342449510,не указана,2023,89,none,,Зерноград,160.3
2023-03-31,,,,4.6,2.1,OSM-342449510,не указана,2023,90,none,,Зерноград,160.3
2023-04-01,,,,6.3,0.0,OSM-342449510,не указана,2023,91,none,,Зерноград,160.3
2023-04-02,,,,9.6,0.0,OSM-342449510,не указана,2023,92,none,,Зерноград,160.3
2023-04-03,,,,10.7,5.8,OSM-342449510,не указана,2023,93,none,,Зерноград,160.3
2023-04-04,,,,12.4,0.0,OSM-342449510,не указана,2023,94,none,,Зерноград,160.3
2023-04-05,,,,13.5,2.0,OSM-342449510,не указана,2023,95,none,,Зерноград,160.3
2023-04-06,,,,11.4,1.3,OSM-342449510,не указана,2023,96,none,,Зерноград,160.3
2023-04-07,,,0.418,12.2,1.1,OSM-342449510,не указана,2023,97,modis,0.418,Зерноград,160.3
2023-04-08,,,,11.9,4.8,OSM-342449510,не указана,2023,98,none,,Зерноград,160.3
2023-04-09,,,,10.0,4.2,OSM-342449510,не указана,2023,99,none,,Зерноград,160.3
2023-04-10,,,,12.8,0.1,OSM-342449510,не указана,2023,100,none,,Зерноград,160.3
2023-04-11,,0.3819,,14.6,0.6,OSM-342449510,не указана,2023,101,landsat,0.3819,Зерноград,160.3
2023-04-12,,,,15.0,1.9,OSM-342449510,не указана,2023,102,none,,Зерноград,160.3
2023-04-13,,,,11.5,2.4,OSM-342449510,не указана,2023,103,none,,Зерноград,160.3
2023-04-14,,,,9.7,23.6,OSM-342449510,не указана,2023,104,none,,Зерноград,160.3
2023-04-15,,,,5.5,1.0,OSM-342449510,не указана,2023,105,none,,Зерноград,160.3
2023-04-16,,,,6.7,0.0,OSM-342449510,не указана,2023,106,none,,Зерноград,160.3
2023-04-17,,,,9.3,0.8,OSM-342449510,не указана,2023,107,none,,Зерноград,160.3
2023-04-18,,,,10.5,0.7,OSM-342449510,не указана,2023,108,none,,Зерноград,160.3
2023-04-19,,,,11.1,1.8,OSM-342449510,не указана,2023,109,none,,Зерноград,160.3
2023-04-20,,,,11.7,5.7,OSM-342449510,не указана,2023,110,none,,Зерноград,160.3
2023-04-21,,,,11.3,10.9,OSM-342449510,не указана,2023,111,none,,Зерноград,160.3
2023-04-22,,,,10.8,5.3,OSM-342449510,не указана,2023,112,none,,Зерноград,160.3
2023-04-23,,,0.4948,10.7,0.3,OSM-342449510,не указана,2023,113,modis,0.4948,Зерноград,160.3
2023-04-24,,,,12.0,3.2,OSM-342449510,не указана,2023,114,none,,Зерноград,160.3
2023-04-25,,,,11.1,2.1,OSM-342449510,не указана,2023,115,none,,Зерноград,160.3
2023-04-26,,,,13.9,0.0,OSM-342449510,не указана,2023,116,none,,Зерноград,160.3
2023-04-27,,0.5261,,16.1,5.7,OSM-342449510,не указана,2023,117,landsat,0.5261,Зерноград,160.3
2023-04-28,,,,15.7,11.0,OSM-342449510,не указана,2023,118,none,,Зерноград,160.3
2023-04-29,,,,15.2,7.7,OSM-342449510,не указана,2023,119,none,,Зерноград,160.3
2023-04-30,,,,11.0,1.9,OSM-342449510,не указана,2023,120,none,,Зерноград,160.3
2023-05-01,,,,11.4,0.9,OSM-342449510,не указана,2023,121,none,,Зерноград,160.3
2023-05-02,,,,10.8,0.4,OSM-342449510,не указана,2023,122,none,,Зерноград,160.3
2023-05-03,,,,12.5,0.0,OSM-342449510,не указана,2023,123,none,,Зерноград,160.3
2023-05-04,,,,14.7,0.0,OSM-342449510,не указана,2023,124,none,,Зерноград,160.3
2023-05-05,,0.70375,,16.8,0.0,OSM-342449510,не указана,2023,125,landsat,0.70375,Зерноград,160.3
2023-05-06,,0.7323,,17.6,0.0,OSM-342449510,не указана,2023,126,landsat,0.7323,Зерноград,160.3
2023-05-07,,,,12.3,4.2,OSM-342449510,не указана,2023,127,none,,Зерноград,160.3
2023-05-08,,,,8.7,13.9,OSM-342449510,не указана,2023,128,none,,Зерноград,160.3
2023-05-09,,,0.6362,7.7,11.3,OSM-342449510,не указана,2023,129,modis,0.6362,Зерноград,160.3
2023-05-10,,,,8.5,1.2,OSM-342449510,не указана,2023,130,none,,Зерноград,160.3
2023-05-11,,,,9.1,0.2,OSM-342449510,не указана,2023,131,none,,Зерноград,160.3
2023-05-12,,,,12.1,0.0,OSM-342449510,не указана,2023,132,none,,Зерноград,160.3
2023-05-13,,0.76815,,14.1,0.0,OSM-342449510,не указана,2023,133,landsat,0.76815,Зерноград,160.3
2023-05-14,,,,14.8,1.3,OSM-342449510,не указана,2023,134,none,,Зерноград,160.3
2023-05-15,,,,16.4,0.0,OSM-342449510,не указана,2023,135,none,,Зерноград,160.3
2023-05-16,,,,16.3,0.0,OSM-342449510,не указана,2023,136,none,,Зерноград,160.3
2023-05-17,,,,16.2,0.0,OSM-342449510,не указана,2023,137,none,,Зерноград,160.3
2023-05-18,,,,18.8,0.0,OSM-342449510,не указана,2023,138,none,,Зерноград,160.3
2023-05-19,,,,19.7,0.0,OSM-342449510,не указана,2023,139,none,,Зерноград,160.3
2023-05-20,,,,20.1,0.0,OSM-342449510,не указана,2023,140,none,,Зерноград,160.3
2023-05-21,,,,17.9,0.2,OSM-342449510,не указана,2023,141,none,,Зерноград,160.3
2023-05-22,,,,17.0,0.9,OSM-342449510,не указана,2023,142,none,,Зерноград,160.3
2023-05-23,,,,19.4,5.4,OSM-342449510,не указана,2023,143,none,,Зерноград,160.3
2023-05-24,,,,20.0,4.3,OSM-342449510,не указана,2023,144,none,,Зерноград,160.3
2023-05-25,,,0.3126,19.7,0.9,OSM-342449510,не указана,2023,145,modis,0.3126,Зерноград,160.3
2023-05-26,,,,20.3,3.6,OSM-342449510,не указана,2023,146,none,,Зерноград,160.3
2023-05-27,,,,18.4,2.4,OSM-342449510,не указана,2023,147,none,,Зерноград,160.3
2023-05-28,,,,20.0,0.1,OSM-342449510,не указана,2023,148,none,,Зерноград,160.3
2023-05-29,,,,19.0,4.3,OSM-342449510,не указана,2023,149,none,,Зерноград,160.3
2023-05-30,,,,19.5,0.7,OSM-342449510,не указана,2023,150,none,,Зерноград,160.3
2023-05-31,,,,18.9,9.7,OSM-342449510,не указана,2023,151,none,,Зерноград,160.3
2023-06-01,,,,18.0,6.0,OSM-342449510,не указана,2023,152,none,,Зерноград,160.3
2023-06-02,,,,17.8,7.7,OSM-342449510,не указана,2023,153,none,,Зерноград,160.3
2023-06-03,,,,20.1,0.3,OSM-342449510,не указана,2023,154,none,,Зерноград,160.3
2023-06-04,,,,20.1,0.4,OSM-342449510,не указана,2023,155,none,,Зерноград,160.3
2023-06-05,,,,17.9,0.0,OSM-342449510,не указана,2023,156,none,,Зерноград,160.3
2023-06-06,,0.7474,,17.5,0.0,OSM-342449510,не указана,2023,157,landsat,0.7474,Зерноград,160.3
2023-06-07,,0.7239,,18.5,0.0,OSM-342449510,не указана,2023,158,landsat,0.7239,Зерноград,160.3
2023-06-08,,,,19.8,0.0,OSM-342449510,не указана,2023,159,none,,Зерноград,160.3
2023-06-09,,,,22.1,0.0,OSM-342449510,не указана,2023,160,none,,Зерноград,160.3
2023-06-10,,,0.3146,22.0,0.0,OSM-342449510,не указана,2023,161,modis,0.3146,Зерноград,160.3
2023-06-11,,,,21.1,0.8,OSM-342449510,не указана,2023,162,none,,Зерноград,160.3
2023-06-12,,,,18.3,1.2,OSM-342449510,не указана,2023,163,none,,Зерноград,160.3
2023-06-13,,,,20.6,1.5,OSM-342449510,не указана,2023,164,none,,Зерноград,160.3
2023-06-14,,,,21.8,0.4,OSM-342449510,не указана,2023,165,none,,Зерноград,160.3
2023-06-15,,0.4146,,21.2,6.2,OSM-342449510,не указана,2023,166,landsat,0.4146,Зерноград,160.3
2023-06-16,,,,19.8,6.4,OSM-342449510,не указана,2023,167,none,,Зерноград,160.3
2023-06-17,,,,19.7,5.4,OSM-342449510,не указана,2023,168,none,,Зерноград,160.3
2023-06-18,,,,22.0,0.3,OSM-342449510,не указана,2023,169,none,,Зерноград,160.3
2023-06-19,,,,21.3,0.0,OSM-342449510,не указана,2023,170,none,,Зерноград,160.3
2023-06-20,,,,21.4,0.0,OSM-342449510,не указана,2023,171,none,,Зерноград,160.3
2023-06-21,,,,20.6,0.6,OSM-342449510,не указана,2023,172,none,,Зерноград,160.3
2023-06-22,,0.34225,,18.9,0.0,OSM-342449510,не указана,2023,173,landsat,0.34225,Зерноград,160.3
2023-06-23,,0.3605,,19.9,0.0,OSM-342449510,не указана,2023,174,landsat,0.3605,Зерноград,160.3
2023-06-24,,,,22.8,0.2,OSM-342449510,не указана,2023,175,none,,Зерноград,160.3
2023-06-25,,,,23.0,2.7,OSM-342449510,не указана,2023,176,none,,Зерноград,160.3
2023-06-26,,,0.4519,21.9,15.3,OSM-342449510,не указана,2023,177,modis,0.4519,Зерноград,160.3
2023-06-27,,,,21.2,0.8,OSM-342449510,не указана,2023,178,none,,Зерноград,160.3
2023-06-28,,,,22.8,0.4,OSM-342449510,не указана,2023,179,none,,Зерноград,160.3
2023-06-29,,,,22.3,0.6,OSM-342449510,не указана,2023,180,none,,Зерноград,160.3
2023-06-30,,,,20.2,0.9,OSM-342449510,не указана,2023,181,none,,Зерноград,160.3
2023-07-01,,,,20.8,3.6,OSM-342449510,не указана,2023,182,none,,Зерноград,160.3
2023-07-02,,,,22.8,0.5,OSM-342449510,не указана,2023,183,none,,Зерноград,160.3
2023-07-03,,,,25.2,0.0,OSM-342449510,не указана,2023,184,none,,Зерноград,160.3
2023-07-04,,,,27.5,0.2,OSM-342449510,не указана,2023,185,none,,Зерноград,160.3
2023-07-05,,0.3747,,29.5,0.0,OSM-342449510,не указана,2023,186,landsat,0.3747,Зерноград,160.3
2023-07-06,,,,30.2,0.0,OSM-342449510,не указана,2023,187,none,,Зерноград,160.3
2023-07-07,,,,30.8,0.0,OSM-342449510,не указана,2023,188,none,,Зерноград,160.3
2023-07-08,,,,24.2,1.4,OSM-342449510,не указана,2023,189,none,,Зерноград,160.3
2023-07-09,,0.3692,,23.7,2.1,OSM-342449510,не указана,2023,190,landsat,0.3692,Зерноград,160.3
2023-07-10,,,,21.3,2.6,OSM-342449510,не указана,2023,191,none,,Зерноград,160.3
2023-07-11,,,,18.6,7.3,OSM-342449510,не указана,2023,192,none,,Зерноград,160.3
2023-07-12,,,0.7133,19.0,9.3,OSM-342449510,не указана,2023,193,modis,0.7133,Зерноград,160.3
2023-07-13,,,,20.3,0.0,OSM-342449510,не указана,2023,194,none,,Зерноград,160.3
2023-07-14,,,,24.0,1.0,OSM-342449510,не указана,2023,195,none,,Зерноград,160.3
2023-07-15,,0.3698,,23.1,0.5,OSM-342449510,не указана,2023,196,landsat,0.3698,Зерноград,160.3
2023-07-16,,0.42385,,21.6,1.2,OSM-342449510,не указана,2023,197,landsat,0.42385,Зерноград,160.3
2023-07-17,,0.8594,,22.6,0.0,OSM-342449510,не указана,2023,198,landsat,0.8594,Зерноград,160.3
2023-07-18,,,,23.4,0.0,OSM-342449510,не указана,2023,199,none,,Зерноград,160.3
2023-07-19,,,,21.6,8.7,OSM-342449510,не указана,2023,200,none,,Зерноград,160.3
2023-07-20,,,,22.1,0.0,OSM-342449510,не указана,2023,201,none,,Зерноград,160.3
2023-07-21,,,,24.6,0.0,OSM-342449510,не указана,2023,202,none,,Зерноград,160.3
2023-07-22,,,,24.4,0.0,OSM-342449510,не указана,2023,203,none,,Зерноград,160.3
2023-07-23,,,,25.0,0.7,OSM-342449510,не указана,2023,204,none,,Зерноград,160.3
2023-07-24,,,,24.7,0.4,OSM-342449510,не указана,2023,205,none,,Зерноград,160.3
2023-07-25,,0.3959,,25.2,0.0,OSM-342449510,не указана,2023,206,landsat,0.3959,Зерноград,160.3
2023-07-26,,,,27.3,0.0,OSM-342449510,не указана,2023,207,none,,Зерноград,160.3
2023-07-27,,,,29.2,0.0,OSM-342449510,не указана,2023,208,none,,Зерноград,160.3
2023-07-28,,,0.8267,23.1,4.5,OSM-342449510,не указана,2023,209,modis,0.8267,Зерноград,160.3
2023-07-29,,,,22.1,0.7,OSM-342449510,не указана,2023,210,none,,Зерноград,160.3
2023-07-30,,,,23.4,0.0,OSM-342449510,не указана,2023,211,none,,Зерноград,160.3
2023-07-31,,,,25.8,0.0,OSM-342449510,не указана,2023,212,none,,Зерноград,160.3
2023-08-01,,0.4222333333333334,,28.5,0.0,OSM-342449510,не указана,2023,213,landsat,0.4222333333333334,Зерноград,160.3
2023-08-02,,,,26.8,0.4,OSM-342449510,не указана,2023,214,none,,Зерноград,160.3
2023-08-03,,,,25.3,0.0,OSM-342449510,не указана,2023,215,none,,Зерноград,160.3
2023-08-04,,,,27.3,0.0,OSM-342449510,не указана,2023,216,none,,Зерноград,160.3
2023-08-05,,,,30.1,0.0,OSM-342449510,не указана,2023,217,none,,Зерноград,160.3
2023-08-06,,0.6442,,32.1,0.0,OSM-342449510,не указана,2023,218,landsat,0.6442,Зерноград,160.3
2023-08-07,,,,30.4,0.0,OSM-342449510,не указана,2023,219,none,,Зерноград,160.3
2023-08-08,,,,28.6,0.0,OSM-342449510,не указана,2023,220,none,,Зерноград,160.3
2023-08-09,,0.47865,,29.4,0.3,OSM-342449510,не указана,2023,221,landsat,0.47865,Зерноград,160.3
2023-08-10,,,,27.4,3.8,OSM-342449510,не указана,2023,222,none,,Зерноград,160.3
2023-08-11,,,,28.0,4.6,OSM-342449510,не указана,2023,223,none,,Зерноград,160.3
2023-08-12,,,,26.7,1.5,OSM-342449510,не указана,2023,224,none,,Зерноград,160.3
2023-08-13,,,0.7573000000000001,25.7,2.1,OSM-342449510,не указана,2023,225,modis,0.7573000000000001,Зерноград,160.3
2023-08-14,,,,25.0,0.0,OSM-342449510,не указана,2023,226,none,,Зерноград,160.3
2023-08-15,,,,25.5,0.0,OSM-342449510,не указана,2023,227,none,,Зерноград,160.3
2023-08-16,,,,27.4,0.0,OSM-342449510,не указана,2023,228,none,,Зерноград,160.3
2023-08-17,,0.4389499999999999,,26.5,0.0,OSM-342449510,не указана,2023,229,landsat,0.4389499999999999,Зерноград,160.3
2023-08-18,,0.4429,,26.3,0.0,OSM-342449510,не указана,2023,230,landsat,0.4429,Зерноград,160.3
2023-08-19,,,,29.1,0.0,OSM-342449510,не указана,2023,231,none,,Зерноград,160.3
2023-08-20,,,,29.4,0.0,OSM-342449510,не указана,2023,232,none,,Зерноград,160.3
2023-08-21,,,,29.4,0.0,OSM-342449510,не указана,2023,233,none,,Зерноград,160.3
2023-08-22,,,,27.0,0.0,OSM-342449510,не указана,2023,234,none,,Зерноград,160.3
2023-08-23,,0.2846,,24.2,0.0,OSM-342449510,не указана,2023,235,landsat,0.2846,Зерноград,160.3
2023-08-24,,,,22.5,0.0,OSM-342449510,не указана,2023,236,none,,Зерноград,160.3
2023-08-25,,0.3399,,22.4,0.0,OSM-342449510,не указана,2023,237,landsat,0.3399,Зерноград,160.3
2023-08-26,,0.3277,,20.9,0.0,OSM-342449510,не указана,2023,238,landsat,0.3277,Зерноград,160.3
2023-08-27,,,,22.8,0.0,OSM-342449510,не указана,2023,239,none,,Зерноград,160.3
2023-08-28,,0.3124,,26.2,0.3,OSM-342449510,не указана,2023,240,landsat,0.3124,Зерноград,160.3
2023-08-29,,,0.5093,21.5,0.0,OSM-342449510,не указана,2023,241,modis,0.5093,Зерноград,160.3
2023-08-30,,,,21.2,0.0,OSM-342449510,не указана,2023,242,none,,Зерноград,160.3
2023-08-31,,,,24.2,0.0,OSM-342449510,не указана,2023,243,none,,Зерноград,160.3
2023-09-01,,,,26.4,0.1,OSM-342449510,не указана,2023,244,none,,Зерноград,160.3
2023-09-02,,0.28985,,26.0,0.0,OSM-342449510,не указана,2023,245,landsat,0.28985,Зерноград,160.3
2023-09-03,,0.2896,,25.5,0.0,OSM-342449510,не указана,2023,246,landsat,0.2896,Зерноград,160.3
2023-09-04,,,,22.0,5.7,OSM-342449510,не указана,2023,247,none,,Зерноград,160.3
2023-09-05,,,,21.8,5.4,OSM-342449510,не указана,2023,248,none,,Зерноград,160.3
2023-09-06,,,,21.1,0.0,OSM-342449510,не указана,2023,249,none,,Зерноград,160.3
2023-09-07,,,,20.7,0.0,OSM-342449510,не указана,2023,250,none,,Зерноград,160.3
2023-09-08,,,,16.1,0.0,OSM-342449510,не указана,2023,251,none,,Зерноград,160.3
2023-09-09,,,,14.8,2.7,OSM-342449510,не указана,2023,252,none,,Зерноград,160.3
2023-09-10,,,,14.3,0.0,OSM-342449510,не указана,2023,253,none,,Зерноград,160.3
2023-09-11,,0.2786,,15.9,0.1,OSM-342449510,не указана,2023,254,landsat,0.2786,Зерноград,160.3
2023-09-12,,,,16.1,0.0,OSM-342449510,не указана,2023,255,none,,Зерноград,160.3
2023-09-13,,,,16.7,0.0,OSM-342449510,не указана,2023,256,none,,Зерноград,160.3
2023-09-14,,,0.3789,16.9,0.0,OSM-342449510,не указана,2023,257,modis,0.3789,Зерноград,160.3
2023-09-15,,,,18.7,4.5,OSM-342449510,не указана,2023,258,none,,Зерноград,160.3
2023-09-16,,,,14.7,11.0,OSM-342449510,не указана,2023,259,none,,Зерноград,160.3
2023-09-17,,,,15.1,0.0,OSM-342449510,не указана,2023,260,none,,Зерноград,160.3
2023-09-18,,0.2845,,16.8,0.0,OSM-342449510,не указана,2023,261,landsat,0.2845,Зерноград,160.3
2023-09-19,,0.27895,,18.0,0.0,OSM-342449510,не указана,2023,262,landsat,0.27895,Зерноград,160.3
2023-09-20,,,,19.5,0.0,OSM-342449510,не указана,2023,263,none,,Зерноград,160.3
2023-09-21,,,,19.3,0.2,OSM-342449510,не указана,2023,264,none,,Зерноград,160.3
2023-09-22,,,,20.5,0.0,OSM-342449510,не указана,2023,265,none,,Зерноград,160.3
2023-09-23,,,,20.9,0.0,OSM-342449510,не указана,2023,266,none,,Зерноград,160.3
2023-09-24,,0.2266,,21.4,0.0,OSM-342449510,не указана,2023,267,landsat,0.2266,Зерноград,160.3
2023-09-25,,,,20.8,0.0,OSM-342449510,не указана,2023,268,none,,Зерноград,160.3
2023-09-26,,0.28965,,20.9,0.0,OSM-342449510,не указана,2023,269,landsat,0.28965,Зерноград,160.3
2023-09-27,,0.2853,,20.2,0.0,OSM-342449510,не указана,2023,270,landsat,0.2853,Зерноград,160.3
2023-09-28,,,,21.2,0.0,OSM-342449510,не указана,2023,271,none,,Зерноград,160.3
2023-09-29,,0.2063,,20.0,0.0,OSM-342449510,не указана,2023,272,landsat,0.2063,Зерноград,160.3
2023-09-30,,,0.2594,19.3,0.0,OSM-342449510,не указана,2023,273,modis,0.2594,Зерноград,160.3
2023-10-01,,,,19.2,0.0,OSM-342449510,не указана,2023,274,none,,Зерноград,160.3
2023-10-02,,,,18.9,0.0,OSM-342449510,не указана,2023,275,none,,Зерноград,160.3
2023-10-03,,,,15.5,2.4,OSM-342449510,не указана,2023,276,none,,Зерноград,160.3
2023-10-04,,0.24175,,14.0,0.0,OSM-342449510,не указана,2023,277,landsat,0.24175,Зерноград,160.3
2023-10-05,,,,14.1,1.3,OSM-342449510,не указана,2023,278,none,,Зерноград,160.3
2023-10-06,,,,14.8,2.0,OSM-342449510,не указана,2023,279,none,,Зерноград,160.3
2023-10-07,,,,13.5,0.0,OSM-342449510,не указана,2023,280,none,,Зерноград,160.3
2023-10-08,,,,14.9,24.9,OSM-342449510,не указана,2023,281,none,,Зерноград,160.3
2023-10-09,,,,8.1,0.4,OSM-342449510,не указана,2023,282,none,,Зерноград,160.3
2023-10-10,,,,8.1,0.0,OSM-342449510,не указана,2023,283,none,,Зерноград,160.3
2023-10-11,,,,4.3,0.0,OSM-342449510,не указана,2023,284,none,,Зерноград,160.3
2023-10-12,,0.2331,,5.9,0.0,OSM-342449510,не указана,2023,285,landsat,0.2331,Зерноград,160.3
2023-10-13,,0.2207,,10.1,0.0,OSM-342449510,не указана,2023,286,landsat,0.2207,Зерноград,160.3
2023-10-14,,,,12.5,0.0,OSM-342449510,не указана,2023,287,none,,Зерноград,160.3
2023-10-15,,,,14.1,0.0,OSM-342449510,не указана,2023,288,none,,Зерноград,160.3
2023-10-16,,0.1486,0.2538,13.6,0.9,OSM-342449510,не указана,2023,289,landsat,0.1486,Зерноград,160.3
2023-10-17,,,,8.5,0.0,OSM-342449510,не указана,2023,290,none,,Зерноград,160.3
2023-10-18,,,,7.0,0.0,OSM-342449510,не указана,2023,291,none,,Зерноград,160.3
2023-10-19,,,,7.5,0.0,OSM-342449510,не указана,2023,292,none,,Зерноград,160.3
2023-10-20,,,,11.3,0.0,OSM-342449510,не указана,2023,293,none,,Зерноград,160.3
2023-10-21,,0.18985,,16.7,0.0,OSM-342449510,не указана,2023,294,landsat,0.18985,Зерноград,160.3
2023-10-22,,,,11.1,0.0,OSM-342449510,не указана,2023,295,none,,Зерноград,160.3
2023-10-23,,,,16.5,0.0,OSM-342449510,не указана,2023,296,none,,Зерноград,160.3
2023-10-24,,,,13.3,0.0,OSM-342449510,не указана,2023,297,none,,Зерноград,160.3
2023-10-25,,,,11.0,1.9,OSM-342449510,не указана,2023,298,none,,Зерноград,160.3
2023-10-26,,0.0453,,14.9,1.6,OSM-342449510,не указана,2023,299,landsat,0.0453,Зерноград,160.3
2023-10-27,,,,15.8,13.7,OSM-342449510,не указана,2023,300,none,,Зерноград,160.3
2023-10-28,,,,17.7,1.0,OSM-342449510,не указана,2023,301,none,,Зерноград,160.3
2023-10-29,,0.249,,13.2,0.0,OSM-342449510,не указана,2023,302,landsat,0.249,Зерноград,160.3
2023-10-30,,,,11.9,0.0,OSM-342449510,не указана,2023,303,none,,Зерноград,160.3
2023-10-31,,,,12.8,0.0,OSM-342449510,не указана,2023,304,none,,Зерноград,160.3
2023-11-01,,,0.3333,13.8,0.0,OSM-342449510,не указана,2023,305,modis,0.3333,Зерноград,160.3
2023-11-02,,,,13.7,1.8,OSM-342449510,не указана,2023,306,none,,Зерноград,160.3
2023-11-03,,,,11.4,0.6,OSM-342449510,не указана,2023,307,none,,Зерноград,160.3
2023-11-04,,,,13.2,0.2,OSM-342449510,не указана,2023,308,none,,Зерноград,160.3
2023-11-05,,0.2722,,14.4,0.0,OSM-342449510,не указана,2023,309,landsat,0.2722,Зерноград,160.3
2023-11-06,,,,13.5,10.2,OSM-342449510,не указана,2023,310,none,,Зерноград,160.3
2023-11-07,,,,11.6,0.0,OSM-342449510,не указана,2023,311,none,,Зерноград,160.3
2023-11-08,,,,10.5,0.0,OSM-342449510,не указана,2023,312,none,,Зерноград,160.3
2023-11-09,,,,10.3,15.6,OSM-342449510,не указана,2023,313,none,,Зерноград,160.3
2023-11-10,,,,6.5,0.0,OSM-342449510,не указана,2023,314,none,,Зерноград,160.3
2023-11-11,,,,7.9,0.0,OSM-342449510,не указана,2023,315,none,,Зерноград,160.3
2023-11-12,,,,11.5,22.5,OSM-342449510,не указана,2023,316,none,,Зерноград,160.3
2023-11-13,,0.5375,,10.3,2.1,OSM-342449510,не указана,2023,317,landsat,0.5375,Зерноград,160.3
2023-11-14,,,,5.7,28.0,OSM-342449510,не указана,2023,318,none,,Зерноград,160.3
2023-11-15,,,,9.8,39.7,OSM-342449510,не указана,2023,319,none,,Зерноград,160.3
2023-11-16,,,,7.2,0.7,OSM-342449510,не указана,2023,320,none,,Зерноград,160.3
2023-11-17,,,0.4942,5.8,2.1,OSM-342449510,не указана,2023,321,modis,0.4942,Зерноград,160.3
2023-11-18,,,,4.4,0.0,OSM-342449510,не указана,2023,322,none,,Зерноград,160.3
2023-11-19,,,,5.4,9.2,OSM-342449510,не указана,2023,323,none,,Зерноград,160.3
2023-11-20,,,,6.5,1.9,OSM-342449510,не указана,2023,324,none,,Зерноград,160.3
2023-11-21,,,,-0.5,0.6,OSM-342449510,не указана,2023,325,none,,Зерноград,160.3
2023-11-22,,,,-3.0,5.7,OSM-342449510,не указана,2023,326,none,,Зерноград,160.3
2023-11-23,,,,-3.8,3.3,OSM-342449510,не указана,2023,327,none,,Зерноград,160.3
2023-11-24,,,,6.3,0.5,OSM-342449510,не указана,2023,328,none,,Зерноград,160.3
2023-11-25,,,,8.4,9.5,OSM-342449510,не указана,2023,329,none,,Зерноград,160.3
2023-11-26,,,,11.3,9.4,OSM-342449510,не указана,2023,330,none,,Зерноград,160.3
2023-11-27,,,,4.1,0.0,OSM-342449510,не указана,2023,331,none,,Зерноград,160.3
2023-11-28,,,,2.3,0.0,OSM-342449510,не указана,2023,332,none,,Зерноград,160.3
2023-11-29,,,,5.1,2.4,OSM-342449510,не указана,2023,333,none,,Зерноград,160.3
2023-11-30,,,,4.4,10.3,OSM-342449510,не указана,2023,334,none,,Зерноград,160.3
2023-12-01,,,,7.0,1.4,OSM-342449510,не указана,2023,335,none,,Зерноград,160.3
2023-12-02,,,,13.5,0.0,OSM-342449510,не указана,2023,336,none,,Зерноград,160.3
2023-12-03,,,0.3098,13.3,0.0,OSM-342449510,не указана,2023,337,modis,0.3098,Зерноград,160.3
2023-12-04,,,,3.9,11.2,OSM-342449510,не указана,2023,338,none,,Зерноград,160.3
2023-12-05,,,,-3.1,0.0,OSM-342449510,не указана,2023,339,none,,Зерноград,160.3
2023-12-06,,,,-2.4,0.0,OSM-342449510,не указана,2023,340,none,,Зерноград,160.3
2023-12-07,,,,-1.0,0.0,OSM-342449510,не указана,2023,341,none,,Зерноград,160.3
2023-12-08,,,,-0.4,1.2,OSM-342449510,не указана,2023,342,none,,Зерноград,160.3
2023-12-09,,,,1.4,0.0,OSM-342449510,не указана,2023,343,none,,Зерноград,160.3
2023-12-10,,,,-1.7,5.9,OSM-342449510,не указана,2023,344,none,,Зерноград,160.3
2023-12-11,,,,-1.3,1.3,OSM-342449510,не указана,2023,345,none,,Зерноград,160.3
2023-12-12,,,,-1.3,7.8,OSM-342449510,не указана,2023,346,none,,Зерноград,160.3
2023-12-13,,,,-3.8,0.6,OSM-342449510,не указана,2023,347,none,,Зерноград,160.3
2023-12-14,,,,-2.3,0.0,OSM-342449510,не указана,2023,348,none,,Зерноград,160.3
2023-12-15,,,,0.2,5.4,OSM-342449510,не указана,2023,349,none,,Зерноград,160.3
2023-12-16,,,,-3.5,0.0,OSM-342449510,не указана,2023,350,none,,Зерноград,160.3
2023-12-17,,,,-1.3,0.4,OSM-342449510,не указана,2023,351,none,,Зерноград,160.3
2023-12-18,,,,2.4,0.9,OSM-342449510,не указана,2023,352,none,,Зерноград,160.3
2023-12-19,,,0.562,3.9,0.1,OSM-342449510,не указана,2023,353,modis,0.562,Зерноград,160.3
2023-12-20,,,,5.1,0.0,OSM-342449510,не указана,2023,354,none,,Зерноград,160.3
2023-12-21,,,,4.0,0.0,OSM-342449510,не указана,2023,355,none,,Зерноград,160.3
2023-12-22,,,,7.5,3.7,OSM-342449510,не указана,2023,356,none,,Зерноград,160.3
2023-12-23,,,,4.4,22.2,OSM-342449510,не указана,2023,357,none,,Зерноград,160.3
2023-12-24,,,,-1.0,2.4,OSM-342449510,не указана,2023,358,none,,Зерноград,160.3
2023-12-25,,,,1.4,6.5,OSM-342449510,не указана,2023,359,none,,Зерноград,160.3
2023-12-26,,,,6.8,2.0,OSM-342449510,не указана,2023,360,none,,Зерноград,160.3
2023-12-27,,,,7.8,6.5,OSM-342449510,не указана,2023,361,none,,Зерноград,160.3
2023-12-28,,,,1.5,0.1,OSM-342449510,не указана,2023,362,none,,Зерноград,160.3
2023-12-29,,,,5.5,0.0,OSM-342449510,не указана,2023,363,none,,Зерноград,160.3
2023-12-30,,,,6.1,0.0,OSM-342449510,не указана,2023,364,none,,Зерноград,160.3
2023-12-31,,,,5.1,0.1,OSM-342449510,не указана,2023,365,none,,Зерноград,160.3
2024-01-01,,,0.0511,1.4,0.0,OSM-342449510,не указана,2024,1,modis,0.0511,Зерноград,160.3
2024-01-02,,,,7.3,8.7,OSM-342449510,не указана,2024,2,none,,Зерноград,160.3
2024-01-03,,,,2.7,3.5,OSM-342449510,не указана,2024,3,none,,Зерноград,160.3
2024-01-04,,,,6.3,10.3,OSM-342449510,не указана,2024,4,none,,Зерноград,160.3
2024-01-05,,,,7.2,7.0,OSM-342449510,не указана,2024,5,none,,Зерноград,160.3
2024-01-06,,,,2.1,0.1,OSM-342449510,не указана,2024,6,none,,Зерноград,160.3
2024-01-07,,,,3.8,0.0,OSM-342449510,не указана,2024,7,none,,Зерноград,160.3
2024-01-08,,,,-2.3,23.0,OSM-342449510,не указана,2024,8,none,,Зерноград,160.3
2024-01-09,,,,-9.8,1.8,OSM-342449510,не указана,2024,9,none,,Зерноград,160.3
2024-01-10,,,,-8.1,0.0,OSM-342449510,не указана,2024,10,none,,Зерноград,160.3
2024-01-11,,,,-1.3,5.4,OSM-342449510,не указана,2024,11,none,,Зерноград,160.3
2024-01-12,,,,-7.6,6.0,OSM-342449510,не указана,2024,12,none,,Зерноград,160.3
2024-01-13,,,,-14.8,0.0,OSM-342449510,не указана,2024,13,none,,Зерноград,160.3
2024-01-14,,,,-9.0,1.8,OSM-342449510,не указана,2024,14,none,,Зерноград,160.3
2024-01-15,,,,0.8,4.0,OSM-342449510,не указана,2024,15,none,,Зерноград,160.3
2024-01-16,,,,1.3,6.5,OSM-342449510,не указана,2024,16,none,,Зерноград,160.3
2024-01-17,,,0.0399,-2.1,0.0,OSM-342449510,не указана,2024,17,modis,0.0399,Зерноград,160.3
2024-01-18,,,,0.4,0.0,OSM-342449510,не указана,2024,18,none,,Зерноград,160.3
2024-01-19,,,,3.9,1.7,OSM-342449510,не указана,2024,19,none,,Зерноград,160.3
2024-01-20,,,,5.3,7.2,OSM-342449510,не указана,2024,20,none,,Зерноград,160.3
2024-01-21,,,,-3.0,1.1,OSM-342449510,не указана,2024,21,none,,Зерноград,160.3
2024-01-22,,,,-6.2,0.0,OSM-342449510,не указана,2024,22,none,,Зерноград,160.3
2024-01-23,,,,-7.6,0.0,OSM-342449510,не указана,2024,23,none,,Зерноград,160.3
2024-01-24,,0.0017,,-7.6,0.0,OSM-342449510,не указана,2024,24,landsat,0.0017,Зерноград,160.3
2024-01-25,,,,-1.0,0.7,OSM-342449510,не указана,2024,25,none,,Зерноград,160.3
2024-01-26,,,,2.3,1.6,OSM-342449510,не указана,2024,26,none,,Зерноград,160.3
2024-01-27,,,,-0.4,0.7,OSM-342449510,не указана,2024,27,none,,Зерноград,160.3
2024-01-28,,,,-0.8,2.3,OSM-342449510,не указана,2024,28,none,,Зерноград,160.3
2024-01-29,,,,-4.8,0.0,OSM-342449510,не указана,2024,29,none,,Зерноград,160.3
2024-01-30,,,,-5.2,0.0,OSM-342449510,не указана,2024,30,none,,Зерноград,160.3
2024-01-31,,,,-1.4,0.0,OSM-342449510,не указана,2024,31,none,,Зерноград,160.3
2024-02-01,,,,0.5,0.0,OSM-342449510,не указана,2024,32,none,,Зерноград,160.3
2024-02-02,,,0.4012,1.1,0.0,OSM-342449510,не указана,2024,33,modis,0.4012,Зерноград,160.3
2024-02-03,,,,0.7,1.0,OSM-342449510,не указана,2024,34,none,,Зерноград,160.3
2024-02-04,,,,3.5,5.4,OSM-342449510,не указана,2024,35,none,,Зерноград,160.3
2024-02-05,,,,3.1,4.7,OSM-342449510,не указана,2024,36,none,,Зерноград,160.3
2024-02-06,,,,1.8,1.2,OSM-342449510,не указана,2024,37,none,,Зерноград,160.3
2024-02-07,,,,7.7,1.1,OSM-342449510,не указана,2024,38,none,,Зерноград,160.3
2024-02-08,,,,8.4,0.3,OSM-342449510,не указана,2024,39,none,,Зерноград,160.3
2024-02-09,,,,6.1,4.8,OSM-342449510,не указана,2024,40,none,,Зерноград,160.3
2024-02-10,,,,9.3,2.5,OSM-342449510,не указана,2024,41,none,,Зерноград,160.3
2024-02-11,,,,10.5,1.3,OSM-342449510,не указана,2024,42,none,,Зерноград,160.3
2024-02-12,,,,10.4,0.0,OSM-342449510,не указана,2024,43,none,,Зерноград,160.3
2024-02-13,,,,8.4,0.1,OSM-342449510,не указана,2024,44,none,,Зерноград,160.3
2024-02-14,,,,7.1,0.0,OSM-342449510,не указана,2024,45,none,,Зерноград,160.3
2024-02-15,,,,0.3,0.0,OSM-342449510,не указана,2024,46,none,,Зерноград,160.3
2024-02-16,,,,-2.9,0.0,OSM-342449510,не указана,2024,47,none,,Зерноград,160.3
2024-02-17,,,,-3.0,1.0,OSM-342449510,не указана,2024,48,none,,Зерноград,160.3
2024-02-18,,,0.5055000000000001,-1.3,0.0,OSM-342449510,не указана,2024,49,modis,0.5055000000000001,Зерноград,160.3
2024-02-19,,,,-1.5,0.3,OSM-342449510,не указана,2024,50,none,,Зерноград,160.3
2024-02-20,,,,-2.9,0.0,OSM-342449510,не указана,2024,51,none,,Зерноград,160.3
2024-02-21,,,,-2.3,0.0,OSM-342449510,не указана,2024,52,none,,Зерноград,160.3
2024-02-22,,,,-1.6,0.0,OSM-342449510,не указана,2024,53,none,,Зерноград,160.3
2024-02-23,,,,0.4,0.0,OSM-342449510,не указана,2024,54,none,,Зерноград,160.3
2024-02-24,,,,0.5,0.0,OSM-342449510,не указана,2024,55,none,,Зерноград,160.3
2024-02-25,,0.4601499999999999,,-0.3,0.0,OSM-342449510,не указана,2024,56,landsat,0.4601499999999999,Зерноград,160.3
2024-02-26,,0.4515,,0.6,0.0,OSM-342449510,не указана,2024,57,landsat,0.4515,Зерноград,160.3
2024-02-27,,,,1.6,0.0,OSM-342449510,не указана,2024,58,none,,Зерноград,160.3
2024-02-28,,,,1.3,0.0,OSM-342449510,не указана,2024,59,none,,Зерноград,160.3
2024-02-29,,,,1.9,0.0,OSM-342449510,не указана,2024,60,none,,Зерноград,160.3
2024-03-01,,,,1.6,0.0,OSM-342449510,не указана,2024,61,none,,Зерноград,160.3
2024-03-02,,,,3.9,0.0,OSM-342449510,не указана,2024,62,none,,Зерноград,160.3
2024-03-03,,,,3.5,0.0,OSM-342449510,не указана,2024,63,none,,Зерноград,160.3
2024-03-04,,0.2131,,3.2,0.0,OSM-342449510,не указана,2024,64,landsat,0.2131,Зерноград,160.3
2024-03-05,,,0.5163,2.0,0.0,OSM-342449510,не указана,2024,65,modis,0.5163,Зерноград,160.3
2024-03-06,,,,3.9,0.0,OSM-342449510,не указана,2024,66,none,,Зерноград,160.3
2024-03-07,,,,0.1,0.0,OSM-342449510,не указана,2024,67,none,,Зерноград,160.3
2024-03-08,,,,-2.0,0.0,OSM-342449510,не указана,2024,68,none,,Зерноград,160.3
2024-03-09,,,,-0.3,0.0,OSM-342449510,не указана,2024,69,none,,Зерноград,160.3
2024-03-10,,,,2.6,0.1,OSM-342449510,не указана,2024,70,none,,Зерноград,160.3
2024-03-11,,,,-0.4,2.1,OSM-342449510,не указана,2024,71,none,,Зерноград,160.3
2024-03-12,,0.4359499999999999,,-0.7,0.0,OSM-342449510,не указана,2024,72,landsat,0.4359499999999999,Зерноград,160.3
2024-03-13,,,,1.8,0.0,OSM-342449510,не указана,2024,73,none,,Зерноград,160.3
2024-03-14,,,,3.4,0.8,OSM-342449510,не указана,2024,74,none,,Зерноград,160.3
2024-03-15,,,,4.2,1.6,OSM-342449510,не указана,2024,75,none,,Зерноград,160.3
2024-03-16,,,,4.2,0.0,OSM-342449510,не указана,2024,76,none,,Зерноград,160.3
2024-03-17,,,,5.3,0.3,OSM-342449510,не указана,2024,77,none,,Зерноград,160.3
2024-03-18,,,,6.6,0.1,OSM-342449510,не указана,2024,78,none,,Зерноград,160.3
2024-03-19,,,,7.9,0.0,OSM-342449510,не указана,2024,79,none,,Зерноград,160.3
2024-03-20,,0.4344,,5.8,0.0,OSM-342449510,не указана,2024,80,landsat,0.4344,Зерноград,160.3
2024-03-21,,,0.5439,3.9,0.0,OSM-342449510,не указана,2024,81,modis,0.5439,Зерноград,160.3
2024-03-22,,,,3.4,0.0,OSM-342449510,не указана,2024,82,none,,Зерноград,160.3
2024-03-23,,,,3.9,0.1,OSM-342449510,не указана,2024,83,none,,Зерноград,160.3
2024-03-24,,,,6.2,0.0,OSM-342449510,не указана,2024,84,none,,Зерноград,160.3
2024-03-25,,,,8.1,0.1,OSM-342449510,не указана,2024,85,none,,Зерноград,160.3
2024-03-26,,,,6.2,2.1,OSM-342449510,не указана,2024,86,none,,Зерноград,160.3
2024-03-27,,,,8.3,0.5,OSM-342449510,не указана,2024,87,none,,Зерноград,160.3
2024-03-28,,,,10.2,0.0,OSM-342449510,не указана,2024,88,none,,Зерноград,160.3
2024-03-29,,,,10.7,13.4,OSM-342449510,не указана,2024,89,none,,Зерноград,160.3
2024-03-30,,,,11.3,8.7,OSM-342449510,не указана,2024,90,none,,Зерноград,160.3
2024-03-31,,,,12.4,0.0,OSM-342449510,не указана,2024,91,none,,Зерноград,160.3
2024-04-01,,,,15.0,0.0,OSM-342449510,не указана,2024,92,none,,Зерноград,160.3
2024-04-02,,,,16.5,0.0,OSM-342449510,не указана,2024,93,none,,Зерноград,160.3
2024-04-03,,,,15.1,6.1,OSM-342449510,не указана,2024,94,none,,Зерноград,160.3
2024-04-04,,,,12.9,0.3,OSM-342449510,не указана,2024,95,none,,Зерноград,160.3
2024-04-05,,,,12.0,0.0,OSM-342449510,не указана,2024,96,none,,Зерноград,160.3
2024-04-06,,0.678,0.734,10.0,0.0,OSM-342449510,не указана,2024,97,landsat,0.678,Зерноград,160.3
2024-04-07,,,,12.8,0.0,OSM-342449510,не указана,2024,98,none,,Зерноград,160.3
2024-04-08,,,,14.3,0.0,OSM-342449510,не указана,2024,99,none,,Зерноград,160.3
2024-04-09,,,,14.5,0.0,OSM-342449510,не указана,2024,100,none,,Зерноград,160.3
2024-04-10,,,,15.9,0.0,OSM-342449510,не указана,2024,101,none,,Зерноград,160.3
2024-04-11,,,,17.1,0.0,OSM-342449510,не указана,2024,102,none,,Зерноград,160.3
2024-04-12,,,,17.8,0.0,OSM-342449510,не указана,2024,103,none,,Зерноград,160.3
2024-04-13,,0.7839,,16.9,0.2,OSM-342449510,не указана,2024,104,landsat,0.7839,Зерноград,160.3
2024-04-14,,0.663,,16.1,0.0,OSM-342449510,не указана,2024,105,landsat,0.663,Зерноград,160.3
2024-04-15,,,,15.9,4.6,OSM-342449510,не указана,2024,106,none,,Зерноград,160.3
2024-04-16,,,,19.1,0.0,OSM-342449510,не указана,2024,107,none,,Зерноград,160.3
2024-04-17,,,,20.7,0.0,OSM-342449510,не указана,2024,108,none,,Зерноград,160.3
2024-04-18,,,,21.8,0.0,OSM-342449510,не указана,2024,109,none,,Зерноград,160.3
2024-04-19,,,,14.8,1.7,OSM-342449510,не указана,2024,110,none,,Зерноград,160.3
2024-04-20,,,,17.2,0.0,OSM-342449510,не указана,2024,111,none,,Зерноград,160.3
2024-04-21,,,,16.6,1.7,OSM-342449510,не указана,2024,112,none,,Зерноград,160.3
2024-04-22,,0.8766,0.8549,14.4,0.0,OSM-342449510,не указана,2024,113,landsat,0.8766,Зерноград,160.3
2024-04-23,,,,15.0,0.0,OSM-342449510,не указана,2024,114,none,,Зерноград,160.3
2024-04-24,,,,17.0,0.0,OSM-342449510,не указана,2024,115,none,,Зерноград,160.3
2024-04-25,,,,22.6,0.0,OSM-342449510,не указана,2024,116,none,,Зерноград,160.3
2024-04-26,,,,21.9,0.0,OSM-342449510,не указана,2024,117,none,,Зерноград,160.3
2024-04-27,,,,18.8,0.0,OSM-342449510,не указана,2024,118,none,,Зерноград,160.3
2024-04-28,,,,20.4,0.0,OSM-342449510,не указана,2024,119,none,,Зерноград,160.3
2024-04-29,,,,19.9,0.0,OSM-342449510,не указана,2024,120,none,,Зерноград,160.3
2024-04-30,,,,14.1,0.9,OSM-342449510,не указана,2024,121,none,,Зерноград,160.3
2024-05-01,,,,14.5,0.0,OSM-342449510,не указана,2024,122,none,,Зерноград,160.3
2024-05-02,,,,17.1,0.0,OSM-342449510,не указана,2024,123,none,,Зерноград,160.3
2024-05-03,,,,17.0,0.1,OSM-342449510,не указана,2024,124,none,,Зерноград,160.3
2024-05-04,,,,10.1,0.0,OSM-342449510,не указана,2024,125,none,,Зерноград,160.3
2024-05-05,,,,10.2,0.0,OSM-342449510,не указана,2024,126,none,,Зерноград,160.3
2024-05-06,,,,13.3,0.0,OSM-342449510,не указана,2024,127,none,,Зерноград,160.3
2024-05-07,,0.87115,,16.9,0.0,OSM-342449510,не указана,2024,128,landsat,0.87115,Зерноград,160.3
2024-05-08,,,0.8796,13.9,2.6,OSM-342449510,не указана,2024,129,modis,0.8796,Зерноград,160.3
2024-05-09,,,,12.5,0.0,OSM-342449510,не указана,2024,130,none,,Зерноград,160.3
2024-05-10,,,,12.9,0.0,OSM-342449510,не указана,2024,131,none,,Зерноград,160.3
2024-05-11,,,,16.0,0.0,OSM-342449510,не указана,2024,132,none,,Зерноград,160.3
2024-05-12,,,,14.2,0.0,OSM-342449510,не указана,2024,133,none,,Зерноград,160.3
2024-05-13,,,,12.5,0.0,OSM-342449510,не указана,2024,134,none,,Зерноград,160.3
2024-05-14,,,,12.9,0.0,OSM-342449510,не указана,2024,135,none,,Зерноград,160.3
2024-05-15,,,,12.7,2.8,OSM-342449510,не указана,2024,136,none,,Зерноград,160.3
2024-05-16,,,,11.8,9.0,OSM-342449510,не указана,2024,137,none,,Зерноград,160.3
2024-05-17,,,,12.0,0.5,OSM-342449510,не указана,2024,138,none,,Зерноград,160.3
2024-05-18,,,,13.6,0.2,OSM-342449510,не указана,2024,139,none,,Зерноград,160.3
2024-05-19,,,,14.3,2.4,OSM-342449510,не указана,2024,140,none,,Зерноград,160.3
2024-05-20,,,,16.7,0.2,OSM-342449510,не указана,2024,141,none,,Зерноград,160.3
2024-05-21,,,,18.9,0.0,OSM-342449510,не указана,2024,142,none,,Зерноград,160.3
2024-05-22,,,,19.7,0.0,OSM-342449510,не указана,2024,143,none,,Зерноград,160.3
2024-05-23,,0.87025,,19.9,0.0,OSM-342449510,не указана,2024,144,landsat,0.87025,Зерноград,160.3
2024-05-24,,0.8736,0.8386,20.0,0.0,OSM-342449510,не указана,2024,145,landsat,0.8736,Зерноград,160.3
2024-05-25,,,,17.8,0.0,OSM-342449510,не указана,2024,146,none,,Зерноград,160.3
2024-05-26,,,,16.2,0.5,OSM-342449510,не указана,2024,147,none,,Зерноград,160.3
2024-05-27,,,,19.1,0.0,OSM-342449510,не указана,2024,148,none,,Зерноград,160.3
2024-05-28,,,,21.3,0.0,OSM-342449510,не указана,2024,149,none,,Зерноград,160.3
2024-05-29,,,,21.1,0.7,OSM-342449510,не указана,2024,150,none,,Зерноград,160.3
2024-05-30,,,,22.7,2.2,OSM-342449510,не указана,2024,151,none,,Зерноград,160.3
2024-05-31,,0.7809,,22.5,0.0,OSM-342449510,не указана,2024,152,landsat,0.7809,Зерноград,160.3
2024-06-01,,0.7821,,23.3,0.3,OSM-342449510,не указана,2024,153,landsat,0.7821,Зерноград,160.3
2024-06-02,,,,24.2,0.0,OSM-342449510,не указана,2024,154,none,,Зерноград,160.3
2024-06-03,,,,24.3,0.0,OSM-342449510,не указана,2024,155,none,,Зерноград,160.3
2024-06-04,,,,25.6,0.0,OSM-342449510,не указана,2024,156,none,,Зерноград,160.3
2024-06-05,,,,27.9,0.0,OSM-342449510,не указана,2024,157,none,,Зерноград,160.3
2024-06-06,,,,26.6,0.7,OSM-342449510,не указана,2024,158,none,,Зерноград,160.3
2024-06-07,,,,25.0,1.0,OSM-342449510,не указана,2024,159,none,,Зерноград,160.3
2024-06-08,,0.7905,,25.3,0.0,OSM-342449510,не указана,2024,160,landsat,0.7905,Зерноград,160.3
2024-06-09,,,0.4735,24.1,3.1,OSM-342449510,не указана,2024,161,modis,0.4735,Зерноград,160.3
2024-06-10,,,,24.5,0.4,OSM-342449510,не указана,2024,162,none,,Зерноград,160.3
2024-06-11,,,,25.9,0.2,OSM-342449510,не указана,2024,163,none,,Зерноград,160.3
2024-06-12,,,,26.8,6.9,OSM-342449510,не указана,2024,164,none,,Зерноград,160.3
2024-06-13,,,,24.8,1.6,OSM-342449510,не указана,2024,165,none,,Зерноград,160.3
2024-06-14,,,,25.6,0.0,OSM-342449510,не указана,2024,166,none,,Зерноград,160.3
2024-06-15,,,,25.6,2.1,OSM-342449510,не указана,2024,167,none,,Зерноград,160.3
2024-06-16,,,,24.0,1.0,OSM-342449510,не указана,2024,168,none,,Зерноград,160.3
2024-06-17,,0.3441,,24.5,0.0,OSM-342449510,не указана,2024,169,landsat,0.3441,Зерноград,160.3
2024-06-18,,,,25.0,0.1,OSM-342449510,не указана,2024,170,none,,Зерноград,160.3
2024-06-19,,,,26.6,0.0,OSM-342449510,не указана,2024,171,none,,Зерноград,160.3
2024-06-20,,,,28.0,3.7,OSM-342449510,не указана,2024,172,none,,Зерноград,160.3
2024-06-21,,,,21.6,0.0,OSM-342449510,не указана,2024,173,none,,Зерноград,160.3
2024-06-22,,,,22.9,0.0,OSM-342449510,не указана,2024,174,none,,Зерноград,160.3
2024-06-23,,,,24.5,0.0,OSM-342449510,не указана,2024,175,none,,Зерноград,160.3
2024-06-24,,0.3067499999999999,,26.8,0.1,OSM-342449510,не указана,2024,176,landsat,0.3067499999999999,Зерноград,160.3
2024-06-25,,,0.2653,22.8,1.3,OSM-342449510,не указана,2024,177,modis,0.2653,Зерноград,160.3
2024-06-26,,,,21.4,0.0,OSM-342449510,не указана,2024,178,none,,Зерноград,160.3
2024-06-27,,,,21.0,1.3,OSM-342449510,не указана,2024,179,none,,Зерноград,160.3
2024-06-28,,,,22.3,0.2,OSM-342449510,не указана,2024,180,none,,Зерноград,160.3
2024-06-29,,,,23.5,0.0,OSM-342449510,не указана,2024,181,none,,Зерноград,160.3
2024-06-30,,,,26.2,0.0,OSM-342449510,не указана,2024,182,none,,Зерноград,160.3
2024-07-01,,,,26.0,0.0,OSM-342449510,не указана,2024,183,none,,Зерноград,160.3
2024-07-02,,0.2745499999999999,,26.6,0.0,OSM-342449510,не указана,2024,184,landsat,0.2745499999999999,Зерноград,160.3
2024-07-03,,0.2721,,27.2,0.0,OSM-342449510,не указана,2024,185,landsat,0.2721,Зерноград,160.3
2024-07-04,,,,28.4,0.0,OSM-342449510,не указана,2024,186,none,,Зерноград,160.3
2024-07-05,,,,30.7,0.0,OSM-342449510,не указана,2024,187,none,,Зерноград,160.3
2024-07-06,,,,31.1,0.3,OSM-342449510,не указана,2024,188,none,,Зерноград,160.3
2024-07-07,,,,31.1,0.0,OSM-342449510,не указана,2024,189,none,,Зерноград,160.3
2024-07-08,,,,32.3,0.9,OSM-342449510,не указана,2024,190,none,,Зерноград,160.3
2024-07-09,,,,31.8,0.0,OSM-342449510,не указана,2024,191,none,,Зерноград,160.3
2024-07-10,,,,30.1,0.0,OSM-342449510,не указана,2024,192,none,,Зерноград,160.3
2024-07-11,,,0.2582,29.9,0.0,OSM-342449510,не указана,2024,193,modis,0.2582,Зерноград,160.3
2024-07-12,,,,29.0,0.0,OSM-342449510,не указана,2024,194,none,,Зерноград,160.3
2024-07-13,,,,26.5,0.0,OSM-342449510,не указана,2024,195,none,,Зерноград,160.3
2024-07-14,,,,27.0,0.0,OSM-342449510,не указана,2024,196,none,,Зерноград,160.3
2024-07-15,,,,29.4,0.0,OSM-342449510,не указана,2024,197,none,,Зерноград,160.3
2024-07-16,,,,31.9,0.0,OSM-342449510,не указана,2024,198,none,,Зерноград,160.3
2024-07-17,,,,31.9,0.0,OSM-342449510,не указана,2024,199,none,,Зерноград,160.3
2024-07-18,,0.2368,,31.3,0.0,OSM-342449510,не указана,2024,200,landsat,0.2368,Зерноград,160.3
2024-07-19,,0.2417,,33.0,0.0,OSM-342449510,не указана,2024,201,landsat,0.2417,Зерноград,160.3
2024-07-20,,,,30.3,0.0,OSM-342449510,не указана,2024,202,none,,Зерноград,160.3
2024-07-21,,,,29.5,0.0,OSM-342449510,не указана,2024,203,none,,Зерноград,160.3
2024-07-22,,,,29.1,0.5,OSM-342449510,не указана,2024,204,none,,Зерноград,160.3
2024-07-23,,,,24.1,3.0,OSM-342449510,не указана,2024,205,none,,Зерноград,160.3
2024-07-24,,,,22.2,1.1,OSM-342449510,не указана,2024,206,none,,Зерноград,160.3
2024-07-25,,,,22.7,0.0,OSM-342449510,не указана,2024,207,none,,Зерноград,160.3
2024-07-26,,,,24.5,0.0,OSM-342449510,не указана,2024,208,none,,Зерноград,160.3
2024-07-27,,0.1905,0.1994,24.6,0.0,OSM-342449510,не указана,2024,209,landsat,0.1905,Зерноград,160.3
2024-07-28,,,,25.3,0.0,OSM-342449510,не указана,2024,210,none,,Зерноград,160.3
2024-07-29,,,,27.4,0.0,OSM-342449510,не указана,2024,211,none,,Зерноград,160.3
2024-07-30,,,,25.4,0.1,OSM-342449510,не указана,2024,212,none,,Зерноград,160.3
2024-07-31,,,,23.4,0.0,OSM-342449510,не указана,2024,213,none,,Зерноград,160.3
2024-08-01,,,,24.7,0.0,OSM-342449510,не указана,2024,214,none,,Зерноград,160.3
2024-08-02,,,,25.8,0.0,OSM-342449510,не указана,2024,215,none,,Зерноград,160.3
2024-08-03,,0.19265,,26.5,0.0,OSM-342449510,не указана,2024,216,landsat,0.19265,Зерноград,160.3
2024-08-04,,0.2068,,28.5,0.0,OSM-342449510,не указана,2024,217,landsat,0.2068,Зерноград,160.3
2024-08-05,,,,24.7,2.7,OSM-342449510,не указана,2024,218,none,,Зерноград,160.3
2024-08-06,,,,21.8,3.7,OSM-342449510,не указана,2024,219,none,,Зерноград,160.3
2024-08-07,,,,22.3,0.0,OSM-342449510,не указана,2024,220,none,,Зерноград,160.3
2024-08-08,,,,24.6,0.0,OSM-342449510,не указана,2024,221,none,,Зерноград,160.3
2024-08-09,,,,24.2,0.0,OSM-342449510,не указана,2024,222,none,,Зерноград,160.3
2024-08-10,,,,24.8,0.0,OSM-342449510,не указана,2024,223,none,,Зерноград,160.3
2024-08-11,,0.1946,,26.4,0.0,OSM-342449510,не указана,2024,224,landsat,0.1946,Зерноград,160.3
2024-08-12,,0.1896,0.1767,23.6,0.0,OSM-342449510,не указана,2024,225,landsat,0.1896,Зерноград,160.3
2024-08-13,,,,22.4,0.0,OSM-342449510,не указана,2024,226,none,,Зерноград,160.3
2024-08-14,,,,21.1,0.0,OSM-342449510,не указана,2024,227,none,,Зерноград,160.3
2024-08-15,,,,22.1,0.0,OSM-342449510,не указана,2024,228,none,,Зерноград,160.3
2024-08-16,,,,21.9,0.0,OSM-342449510,не указана,2024,229,none,,Зерноград,160.3
2024-08-17,,,,22.5,0.0,OSM-342449510,не указана,2024,230,none,,Зерноград,160.3
2024-08-18,,,,23.8,0.0,OSM-342449510,не указана,2024,231,none,,Зерноград,160.3
2024-08-19,,0.1886,,25.1,0.0,OSM-342449510,не указана,2024,232,landsat,0.1886,Зерноград,160.3
2024-08-20,,0.1969,,27.1,0.0,OSM-342449510,не указана,2024,233,landsat,0.1969,Зерноград,160.3
2024-08-21,,,,28.4,0.0,OSM-342449510,не указана,2024,234,none,,Зерноград,160.3
2024-08-22,,,,29.8,0.0,OSM-342449510,не указана,2024,235,none,,Зерноград,160.3
2024-08-23,,,,29.2,0.0,OSM-342449510,не указана,2024,236,none,,Зерноград,160.3
2024-08-24,,,,27.4,0.0,OSM-342449510,не указана,2024,237,none,,Зерноград,160.3
2024-08-25,,,,26.0,0.0,OSM-342449510,не указана,2024,238,none,,Зерноград,160.3
2024-08-26,,,,26.8,0.0,OSM-342449510,не указана,2024,239,none,,Зерноград,160.3
2024-08-27,,,,27.7,0.0,OSM-342449510,не указана,2024,240,none,,Зерноград,160.3
2024-08-28,,0.1956,0.1859,28.0,0.0,OSM-342449510,не указана,2024,241,landsat,0.1956,Зерноград,160.3
2024-08-29,,,,27.0,0.1,OSM-342449510,не указана,2024,242,none,,Зерноград,160.3
2024-08-30,,,,27.0,0.0,OSM-342449510,не указана,2024,243,none,,Зерноград,160.3
2024-08-31,,,,27.5,0.0,OSM-342449510,не указана,2024,244,none,,Зерноград,160.3
2024-09-01,,,,27.4,1.8,OSM-342449510,не указана,2024,245,none,,Зерноград,160.3
2024-09-02,,,,27.2,6.7,OSM-342449510,не указана,2024,246,none,,Зерноград,160.3
2024-09-03,,,,24.7,4.8,OSM-342449510,не указана,2024,247,none,,Зерноград,160.3
2024-09-04,,0.2066,,24.3,0.0,OSM-342449510,не указана,2024,248,landsat,0.2066,Зерноград,160.3
2024-09-05,,,,23.3,0.0,OSM-342449510,не указана,2024,249,none,,Зерноград,160.3
2024-09-06,,,,21.5,0.0,OSM-342449510,не указана,2024,250,none,,Зерноград,160.3
2024-09-07,,,,20.2,0.0,OSM-342449510,не указана,2024,251,none,,Зерноград,160.3
2024-09-08,,,,20.9,0.0,OSM-342449510,не указана,2024,252,none,,Зерноград,160.3
2024-09-09,,,,21.4,0.0,OSM-342449510,не указана,2024,253,none,,Зерноград,160.3
2024-09-10,,,,23.6,0.5,OSM-342449510,не указана,2024,254,none,,Зерноград,160.3
2024-09-11,,,,25.0,0.0,OSM-342449510,не указана,2024,255,none,,Зерноград,160.3
2024-09-12,,0.2022499999999999,,25.3,0.2,OSM-342449510,не указана,2024,256,landsat,0.2022499999999999,Зерноград,160.3
2024-09-13,,,0.1969,24.6,0.0,OSM-342449510,не указана,2024,257,modis,0.1969,Зерноград,160.3
2024-09-14,,,,24.6,0.0,OSM-342449510,не указана,2024,258,none,,Зерноград,160.3
2024-09-15,,,,22.9,0.0,OSM-342449510,не указана,2024,259,none,,Зерноград,160.3
2024-09-16,,,,22.6,0.0,OSM-342449510,не указана,2024,260,none,,Зерноград,160.3
2024-09-17,,,,21.5,0.0,OSM-342449510,не указана,2024,261,none,,Зерноград,160.3
2024-09-18,,,,19.3,0.0,OSM-342449510,не указана,2024,262,none,,Зерноград,160.3
2024-09-19,,,,17.7,0.0,OSM-342449510,не указана,2024,263,none,,Зерноград,160.3
2024-09-20,,0.1839,,17.6,0.0,OSM-342449510,не указана,2024,264,landsat,0.1839,Зерноград,160.3
2024-09-21,,0.1884,,18.6,0.0,OSM-342449510,не указана,2024,265,landsat,0.1884,Зерноград,160.3
2024-09-22,,,,19.2,0.0,OSM-342449510,не указана,2024,266,none,,Зерноград,160.3
2024-09-23,,,,19.8,0.0,OSM-342449510,не указана,2024,267,none,,Зерноград,160.3
2024-09-24,,,,18.5,0.0,OSM-342449510,не указана,2024,268,none,,Зерноград,160.3
2024-09-25,,,,18.2,0.0,OSM-342449510,не указана,2024,269,none,,Зерноград,160.3
2024-09-26,,,,19.7,0.0,OSM-342449510,не указана,2024,270,none,,Зерноград,160.3
2024-09-27,,,,19.2,0.0,OSM-342449510,не указана,2024,271,none,,Зерноград,160.3
2024-09-28,,0.1848,,19.1,0.0,OSM-342449510,не указана,2024,272,landsat,0.1848,Зерноград,160.3
2024-09-29,,0.185,0.1649,19.8,0.0,OSM-342449510,не указана,2024,273,landsat,0.185,Зерноград,160.3
2024-09-30,,,,20.5,0.0,OSM-342449510,не указана,2024,274,none,,Зерноград,160.3
2024-10-01,,,,18.9,0.0,OSM-342449510,не указана,2024,275,none,,Зерноград,160.3
2024-10-02,,,,16.1,0.0,OSM-342449510,не указана,2024,276,none,,Зерноград,160.3
2024-10-03,,,,16.1,0.0,OSM-342449510,не указана,2024,277,none,,Зерноград,160.3
2024-10-04,,,,17.4,0.0,OSM-342449510,не указана,2024,278,none,,Зерноград,160.3
2024-10-05,,,,18.1,0.0,OSM-342449510,не указана,2024,279,none,,Зерноград,160.3
2024-10-06,,0.1747,,19.8,0.0,OSM-342449510,не указана,2024,280,landsat,0.1747,Зерноград,160.3
2024-10-07,,0.1777,,20.7,0.0,OSM-342449510,не указана,2024,281,landsat,0.1777,Зерноград,160.3
2024-10-08,,,,17.5,0.2,OSM-342449510,не указана,2024,282,none,,Зерноград,160.3
2024-10-09,,,,16.4,0.0,OSM-342449510,не указана,2024,283,none,,Зерноград,160.3
2024-10-10,,,,15.7,0.0,OSM-342449510,не указана,2024,284,none,,Зерноград,160.3
2024-10-11,,,,16.8,0.0,OSM-342449510,не указана,2024,285,none,,Зерноград,160.3
2024-10-12,,,,14.3,0.0,OSM-342449510,не указана,2024,286,none,,Зерноград,160.3
2024-10-13,,,,12.2,8.7,OSM-342449510,не указана,2024,287,none,,Зерноград,160.3
2024-10-14,,,,11.7,2.3,OSM-342449510,не указана,2024,288,none,,Зерноград,160.3
2024-10-15,,,0.1924,12.3,0.6,OSM-342449510,не указана,2024,289,modis,0.1924,Зерноград,160.3
2024-10-16,,,,11.4,1.5,OSM-342449510,не указана,2024,290,none,,Зерноград,160.3
2024-10-17,,,,9.5,1.0,OSM-342449510,не указана,2024,291,none,,Зерноград,160.3
2024-10-18,,,,7.3,0.0,OSM-342449510,не указана,2024,292,none,,Зерноград,160.3
2024-10-19,,,,6.6,0.0,OSM-342449510,не указана,2024,293,none,,Зерноград,160.3
2024-10-20,,,,6.0,0.6,OSM-342449510,не указана,2024,294,none,,Зерноград,160.3
2024-10-21,,,,6.8,2.3,OSM-342449510,не указана,2024,295,none,,Зерноград,160.3
2024-10-22,,,,7.3,0.0,OSM-342449510,не указана,2024,296,none,,Зерноград,160.3
2024-10-23,,0.2126,,10.4,0.0,OSM-342449510,не указана,2024,297,landsat,0.2126,Зерноград,160.3
2024-10-24,,,,9.8,0.0,OSM-342449510,не указана,2024,298,none,,Зерноград,160.3
2024-10-25,,,,7.7,2.0,OSM-342449510,не указана,2024,299,none,,Зерноград,160.3
2024-10-26,,,,5.8,0.0,OSM-342449510,не указана,2024,300,none,,Зерноград,160.3
2024-10-27,,,,4.9,0.0,OSM-342449510,не указана,2024,301,none,,Зерноград,160.3
2024-10-28,,,,8.2,3.0,OSM-342449510,не указана,2024,302,none,,Зерноград,160.3
2024-10-29,,,,11.1,1.3,OSM-342449510,не указана,2024,303,none,,Зерноград,160.3
2024-10-30,,0.1956999999999999,,8.8,0.0,OSM-342449510,не указана,2024,304,landsat,0.1956999999999999,Зерноград,160.3
2024-10-31,,0.3187,0.199,10.6,4.4,OSM-342449510,не указана,2024,305,landsat,0.3187,Зерноград,160.3
2024-11-01,,,,11.6,0.0,OSM-342449510,не указана,2024,306,none,,Зерноград,160.3
2024-11-02,0.0889,,,13.1,5.1,OSM-342449510,не указана,2024,307,s2,0.0889,Зерноград,160.3
2024-11-03,,,,3.3,0.0,OSM-342449510,не указана,2024,308,none,,Зерноград,160.3
2024-11-04,,,,3.5,5.7,OSM-342449510,не указана,2024,309,none,,Зерноград,160.3
2024-11-05,,,,1.1,0.4,OSM-342449510,не указана,2024,310,none,,Зерноград,160.3
2024-11-06,,,,3.9,0.4,OSM-342449510,не указана,2024,311,none,,Зерноград,160.3
2024-11-07,,,,6.9,0.2,OSM-342449510,не указана,2024,312,none,,Зерноград,160.3
2024-11-08,,,,6.5,0.0,OSM-342449510,не указана,2024,313,none,,Зерноград,160.3
2024-11-09,,,,5.9,0.0,OSM-342449510,не указана,2024,314,none,,Зерноград,160.3
2024-11-10,,,,4.1,0.0,OSM-342449510,не указана,2024,315,none,,Зерноград,160.3
2024-11-11,,,,4.0,0.0,OSM-342449510,не указана,2024,316,none,,Зерноград,160.3
2024-11-12,,,,4.9,0.0,OSM-342449510,не указана,2024,317,none,,Зерноград,160.3
2024-11-13,,,,4.1,0.0,OSM-342449510,не указана,2024,318,none,,Зерноград,160.3
2024-11-14,,,,3.5,0.5,OSM-342449510,не указана,2024,319,none,,Зерноград,160.3
2024-11-15,0.1099,,,4.5,0.2,OSM-342449510,не указана,2024,320,s2,0.1099,Зерноград,160.3
2024-11-16,,,0.2084,2.7,0.0,OSM-342449510,не указана,2024,321,modis,0.2084,Зерноград,160.3
2024-11-17,0.1539,,,1.5,0.0,OSM-342449510,не указана,2024,322,s2,0.1539,Зерноград,160.3
2024-11-18,,,,1.6,0.0,OSM-342449510,не указана,2024,323,none,,Зерноград,160.3
2024-11-19,,,,3.2,0.0,OSM-342449510,не указана,2024,324,none,,Зерноград,160.3
2024-11-20,0.1579,,,4.9,0.0,OSM-342449510,не указана,2024,325,s2,0.1579,Зерноград,160.3
2024-11-21,,,,9.0,1.7,OSM-342449510,не указана,2024,326,none,,Зерноград,160.3
2024-11-22,,,,6.0,2.6,OSM-342449510,не указана,2024,327,none,,Зерноград,160.3
2024-11-23,,,,9.4,0.8,OSM-342449510,не указана,2024,328,none,,Зерноград,160.3
2024-11-24,,,,3.4,7.6,OSM-342449510,не указана,2024,329,none,,Зерноград,160.3
2024-11-25,,,,2.0,7.9,OSM-342449510,не указана,2024,330,none,,Зерноград,160.3
2024-11-26,,,,1.6,0.9,OSM-342449510,не указана,2024,331,none,,Зерноград,160.3
2024-11-27,,,,2.0,2.5,OSM-342449510,не указана,2024,332,none,,Зерноград,160.3
2024-11-28,,,,1.4,0.5,OSM-342449510,не указана,2024,333,none,,Зерноград,160.3
2024-11-29,,,,0.7,0.0,OSM-342449510,не указана,2024,334,none,,Зерноград,160.3
2024-11-30,,,,-1.1,0.0,OSM-342449510,не указана,2024,335,none,,Зерноград,160.3
2024-12-01,,,,-0.8,0.0,OSM-342449510,не указана,2024,336,none,,Зерноград,160.3
2024-12-02,,,-0.0028,-0.0,0.0,OSM-342449510,не указана,2024,337,modis,-0.0028,Зерноград,160.3
2024-12-03,,,,1.6,0.0,OSM-342449510,не указана,2024,338,none,,Зерноград,160.3
2024-12-04,,,,1.6,0.0,OSM-342449510,не указана,2024,339,none,,Зерноград,160.3
2024-12-05,,,,1.2,1.2,OSM-342449510,не указана,2024,340,none,,Зерноград,160.3
2024-12-06,,,,1.3,1.0,OSM-342449510,не указана,2024,341,none,,Зерноград,160.3
2024-12-07,,,,0.7,0.0,OSM-342449510,не указана,2024,342,none,,Зерноград,160.3
2024-12-08,,,,2.0,0.0,OSM-342449510,не указана,2024,343,none,,Зерноград,160.3
2024-12-09,,,,2.5,0.0,OSM-342449510,не указана,2024,344,none,,Зерноград,160.3
2024-12-10,,,,3.0,2.1,OSM-342449510,не указана,2024,345,none,,Зерноград,160.3
2024-12-11,,,,4.3,7.7,OSM-342449510,не указана,2024,346,none,,Зерноград,160.3
2024-12-12,,,,2.2,1.6,OSM-342449510,не указана,2024,347,none,,Зерноград,160.3
2024-12-13,,,,-2.9,2.7,OSM-342449510,не указана,2024,348,none,,Зерноград,160.3
2024-12-14,,,,-5.5,0.0,OSM-342449510,не указана,2024,349,none,,Зерноград,160.3
2024-12-15,,,,-1.5,2.8,OSM-342449510,не указана,2024,350,none,,Зерноград,160.3
2024-12-16,,,,1.3,6.6,OSM-342449510,не указана,2024,351,none,,Зерноград,160.3
2024-12-17,0.1617,0.34625,,4.6,8.3,OSM-342449510,не указана,2024,352,s2,0.1617,Зерноград,160.3
2024-12-18,,,0.3629,2.5,0.7,OSM-342449510,не указана,2024,353,modis,0.3629,Зерноград,160.3
2024-12-19,,,,-0.1,0.0,OSM-342449510,не указана,2024,354,none,,Зерноград,160.3
2024-12-20,0.231,,,2.0,0.0,OSM-342449510,не указана,2024,355,s2,0.231,Зерноград,160.3
2024-12-21,,,,1.0,0.0,OSM-342449510,не указана,2024,356,none,,Зерноград,160.3
2024-12-22,,,,3.1,0.8,OSM-342449510,не указана,2024,357,none,,Зерноград,160.3
2024-12-23,,,,5.6,0.1,OSM-342449510,не указана,2024,358,none,,Зерноград,160.3
2024-12-24,,,,3.6,0.0,OSM-342449510,не указана,2024,359,none,,Зерноград,160.3
2024-12-25,,,,3.2,0.0,OSM-342449510,не указана,2024,360,none,,Зерноград,160.3
2024-12-26,,,,2.2,0.6,OSM-342449510,не указана,2024,361,none,,Зерноград,160.3
2024-12-27,,,,-0.5,0.1,OSM-342449510,не указана,2024,362,none,,Зерноград,160.3
2024-12-28,,,,-1.7,0.0,OSM-342449510,не указана,2024,363,none,,Зерноград,160.3
2024-12-29,,,,-2.0,0.0,OSM-342449510,не указана,2024,364,none,,Зерноград,160.3
2024-12-30,,,,-1.8,0.0,OSM-342449510,не указана,2024,365,none,,Зерноград,160.3
2024-12-31,,,,1.6,0.0,OSM-342449510,не указана,2024,366,none,,Зерноград,160.3
2025-01-01,,,0.2762,3.4,0.0,OSM-342449510,не указана,2025,1,modis,0.2762,Зерноград,160.3
2025-01-02,,0.24325,,7.4,0.0,OSM-342449510,не указана,2025,2,landsat,0.24325,Зерноград,160.3
2025-01-03,,0.2392,,8.5,0.0,OSM-342449510,не указана,2025,3,landsat,0.2392,Зерноград,160.3
2025-01-04,,,,5.3,4.0,OSM-342449510,не указана,2025,4,none,,Зерноград,160.3
2025-01-05,,,,-2.6,0.0,OSM-342449510,не указана,2025,5,none,,Зерноград,160.3
2025-01-06,0.2279,,,-3.2,0.0,OSM-342449510,не указана,2025,6,s2,0.2279,Зерноград,160.3
2025-01-07,,,,2.7,0.0,OSM-342449510,не указана,2025,7,none,,Зерноград,160.3
2025-01-08,,,,4.4,0.0,OSM-342449510,не указана,2025,8,none,,Зерноград,160.3
2025-01-09,0.2207,,,7.3,0.0,OSM-342449510,не указана,2025,9,s2,0.2207,Зерноград,160.3
2025-01-10,,0.26105,,6.7,0.0,OSM-342449510,не указана,2025,10,landsat,0.26105,Зерноград,160.3
2025-01-11,,,,4.9,0.0,OSM-342449510,не указана,2025,11,none,,Зерноград,160.3
2025-01-12,,,,4.2,1.7,OSM-342449510,не указана,2025,12,none,,Зерноград,160.3
2025-01-13,,,,-0.5,9.7,OSM-342449510,не указана,2025,13,none,,Зерноград,160.3
2025-01-14,,,,-2.3,0.0,OSM-342449510,не указана,2025,14,none,,Зерноград,160.3
2025-01-15,,,,-3.7,0.0,OSM-342449510,не указана,2025,15,none,,Зерноград,160.3
2025-01-16,,,,-2.3,0.0,OSM-342449510,не указана,2025,16,none,,Зерноград,160.3
2025-01-17,,,0.3168,0.4,3.0,OSM-342449510,не указана,2025,17,modis,0.3168,Зерноград,160.3
2025-01-18,,,,0.6,1.2,OSM-342449510,не указана,2025,18,none,,Зерноград,160.3
2025-01-19,,,,1.0,2.3,OSM-342449510,не указана,2025,19,none,,Зерноград,160.3
2025-01-20,,,,0.0,0.0,OSM-342449510,не указана,2025,20,none,,Зерноград,160.3
2025-01-21,,,,0.2,0.0,OSM-342449510,не указана,2025,21,none,,Зерноград,160.3
2025-01-22,,,,-0.4,0.0,OSM-342449510,не указана,2025,22,none,,Зерноград,160.3
2025-01-23,,,,0.6,0.5,OSM-342449510,не указана,2025,23,none,,Зерноград,160.3
2025-01-24,,,,1.1,2.7,OSM-342449510,не указана,2025,24,none,,Зерноград,160.3
2025-01-25,,,,3.0,0.0,OSM-342449510,не указана,2025,25,none,,Зерноград,160.3
2025-01-26,,,,2.8,0.0,OSM-342449510,не указана,2025,26,none,,Зерноград,160.3
2025-01-27,,,,1.5,0.0,OSM-342449510,не указана,2025,27,none,,Зерноград,160.3
2025-01-28,,,,1.7,0.0,OSM-342449510,не указана,2025,28,none,,Зерноград,160.3
2025-01-29,,,,2.8,0.0,OSM-342449510,не указана,2025,29,none,,Зерноград,160.3
2025-01-30,,,,3.2,0.0,OSM-342449510,не указана,2025,30,none,,Зерноград,160.3
2025-01-31,,,,2.8,0.0,OSM-342449510,не указана,2025,31,none,,Зерноград,160.3
2025-02-01,,,,2.8,0.0,OSM-342449510,не указана,2025,32,none,,Зерноград,160.3
2025-02-02,,,0.1603,0.9,0.0,OSM-342449510,не указана,2025,33,modis,0.1603,Зерноград,160.3
2025-02-03,,,,0.9,7.3,OSM-342449510,не указана,2025,34,none,,Зерноград,160.3
2025-02-04,,,,-0.7,3.5,OSM-342449510,не указана,2025,35,none,,Зерноград,160.3
2025-02-05,,,,-1.0,0.3,OSM-342449510,не указана,2025,36,none,,Зерноград,160.3
2025-02-06,,,,-1.6,0.1,OSM-342449510,не указана,2025,37,none,,Зерноград,160.3
2025-02-07,,,,-2.7,0.0,OSM-342449510,не указана,2025,38,none,,Зерноград,160.3
2025-02-08,0.1251,,,-4.0,0.0,OSM-342449510,не указана,2025,39,s2,0.1251,Зерноград,160.3
2025-02-09,,,,-5.1,0.0,OSM-342449510,не указана,2025,40,none,,Зерноград,160.3
2025-02-10,0.1286,,,-4.1,0.0,OSM-342449510,не указана,2025,41,s2,0.1286,Зерноград,160.3
2025-02-11,,0.2356,,-5.0,0.0,OSM-342449510,не указана,2025,42,landsat,0.2356,Зерноград,160.3
2025-02-12,,,,-4.6,0.0,OSM-342449510,не указана,2025,43,none,,Зерноград,160.3
2025-02-13,,,,-5.3,0.0,OSM-342449510,не указана,2025,44,none,,Зерноград,160.3
2025-02-14,,,,-5.2,0.0,OSM-342449510,не указана,2025,45,none,,Зерноград,160.3
2025-02-15,,,,1.6,5.2,OSM-342449510,не указана,2025,46,none,,Зерноград,160.3
2025-02-16,,,,-4.6,0.0,OSM-342449510,не указана,2025,47,none,,Зерноград,160.3
2025-02-17,,,,-4.9,0.0,OSM-342449510,не указана,2025,48,none,,Зерноград,160.3
2025-02-18,,,0.2653,-5.1,0.0,OSM-342449510,не указана,2025,49,modis,0.2653,Зерноград,160.3
2025-02-19,,-0.9287,,-4.5,0.1,OSM-342449510,не указана,2025,50,landsat,-0.9287,Зерноград,160.3
2025-02-20,0.2501,0.2616,,-5.9,0.0,OSM-342449510,не указана,2025,51,s2,0.2501,Зерноград,160.3
2025-02-21,,,,-5.6,0.0,OSM-342449510,не указана,2025,52,none,,Зерноград,160.3
2025-02-22,,,,-7.3,0.0,OSM-342449510,не указана,2025,53,none,,Зерноград,160.3
2025-02-23,,,,-6.5,1.5,OSM-342449510,не указана,2025,54,none,,Зерноград,160.3
2025-02-24,,,,-6.7,2.8,OSM-342449510,не указана,2025,55,none,,Зерноград,160.3
2025-02-25,0.0257,,,-10.0,1.2,OSM-342449510,не указана,2025,56,s2,0.0257,Зерноград,160.3
2025-02-26,,,,-12.5,0.0,OSM-342449510,не указана,2025,57,none,,Зерноград,160.3
2025-02-27,,-0.032,,-8.5,0.0,OSM-342449510,не указана,2025,58,landsat,-0.032,Зерноград,160.3
2025-02-28,,-0.0477,,-8.7,0.1,OSM-342449510,не указана,2025,59,landsat,-0.0477,Зерноград,160.3
2025-03-01,,,,-12.4,0.0,OSM-342449510,не указана,2025,60,none,,Зерноград,160.3
2025-03-02,,,,-8.4,0.0,OSM-342449510,не указана,2025,61,none,,Зерноград,160.3
2025-03-03,,,,-4.4,0.0,OSM-342449510,не указана,2025,62,none,,Зерноград,160.3
2025-03-04,,,,0.4,0.0,OSM-342449510,не указана,2025,63,none,,Зерноград,160.3
2025-03-05,,,,4.0,0.0,OSM-342449510,не указана,2025,64,none,,Зерноград,160.3
2025-03-06,,,0.2848,5.9,0.0,OSM-342449510,не указана,2025,65,modis,0.2848,Зерноград,160.3
2025-03-07,0.2492,0.27025,,7.1,0.0,OSM-342449510,не указана,2025,66,s2,0.2492,Зерноград,160.3
2025-03-08,,0.2979,,7.2,0.0,OSM-342449510,не указана,2025,67,landsat,0.2979,Зерноград,160.3
2025-03-09,,,,6.0,0.0,OSM-342449510,не указана,2025,68,none,,Зерноград,160.3
2025-03-10,,,,5.4,0.0,OSM-342449510,не указана,2025,69,none,,Зерноград,160.3
2025-03-11,,,,7.4,0.0,OSM-342449510,не указана,2025,70,none,,Зерноград,160.3
2025-03-12,,,,13.1,0.5,OSM-342449510,не указана,2025,71,none,,Зерноград,160.3
2025-03-13,,,,15.3,0.0,OSM-342449510,не указана,2025,72,none,,Зерноград,160.3
2025-03-14,,,,16.9,0.0,OSM-342449510,не указана,2025,73,none,,Зерноград,160.3
2025-03-15,0.2353,0.2682,,15.7,0.2,OSM-342449510,не указана,2025,74,s2,0.2353,Зерноград,160.3
2025-03-16,,,,18.5,0.0,OSM-342449510,не указана,2025,75,none,,Зерноград,160.3
2025-03-17,0.2672,,,13.1,0.1,OSM-342449510,не указана,2025,76,s2,0.2672,Зерноград,160.3
2025-03-18,,,,6.8,1.2,OSM-342449510,не указана,2025,77,none,,Зерноград,160.3
2025-03-19,,,,2.6,0.4,OSM-342449510,не указана,2025,78,none,,Зерноград,160.3
2025-03-20,,,,3.3,0.0,OSM-342449510,не указана,2025,79,none,,Зерноград,160.3
2025-03-21,,,,4.5,0.0,OSM-342449510,не указана,2025,80,none,,Зерноград,160.3
2025-03-22,,,0.3573,5.7,0.3,OSM-342449510,не указана,2025,81,modis,0.3573,Зерноград,160.3
2025-03-23,,0.3973,,6.6,0.0,OSM-342449510,не указана,2025,82,landsat,0.3973,Зерноград,160.3
2025-03-24,,,,7.2,0.0,OSM-342449510,не указана,2025,83,none,,Зерноград,160.3
2025-03-25,0.3127,,,10.3,0.8,OSM-342449510,не указана,2025,84,s2,0.3127,Зерноград,160.3
2025-03-26,,,,11.5,4.5,OSM-342449510,не указана,2025,85,none,,Зерноград,160.3
2025-03-27,,,,11.2,0.0,OSM-342449510,не указана,2025,86,none,,Зерноград,160.3
2025-03-28,,,,10.6,1.4,OSM-342449510,не указана,2025,87,none,,Зерноград,160.3
2025-03-29,,,,9.0,4.9,OSM-342449510,не указана,2025,88,none,,Зерноград,160.3
2025-03-30,0.3705,,,13.3,3.8,OSM-342449510,не указана,2025,89,s2,0.3705,Зерноград,160.3
2025-03-31,,,,12.8,7.6,OSM-342449510,не указана,2025,90,none,,Зерноград,160.3
2025-04-01,0.3968,0.548,,11.7,0.0,OSM-342449510,не указана,2025,91,s2,0.3968,Зерноград,160.3
2025-04-02,,,,14.4,0.2,OSM-342449510,не указана,2025,92,none,,Зерноград,160.3
2025-04-03,,,,14.2,0.4,OSM-342449510,не указана,2025,93,none,,Зерноград,160.3
2025-04-04,,,,13.1,0.0,OSM-342449510,не указана,2025,94,none,,Зерноград,160.3
2025-04-05,,,,12.1,1.4,OSM-342449510,не указана,2025,95,none,,Зерноград,160.3
2025-04-06,,,,11.9,2.0,OSM-342449510,не указана,2025,96,none,,Зерноград,160.3
2025-04-07,,,0.8383,12.3,6.4,OSM-342449510,не указана,2025,97,modis,0.8383,Зерноград,160.3
2025-04-08,,,,5.1,0.3,OSM-342449510,не указана,2025,98,none,,Зерноград,160.3
2025-04-09,,,,4.4,0.2,OSM-342449510,не указана,2025,99,none,,Зерноград,160.3
2025-04-10,,,,4.6,0.5,OSM-342449510,не указана,2025,100,none,,Зерноград,160.3
2025-04-11,,,,6.8,0.6,OSM-342449510,не указана,2025,101,none,,Зерноград,160.3
2025-04-12,,,,4.2,7.9,OSM-342449510,не указана,2025,102,none,,Зерноград,160.3
2025-04-13,,,,5.9,0.0,OSM-342449510,не указана,2025,103,none,,Зерноград,160.3
2025-04-14,0.7291,,,9.1,0.0,OSM-342449510,не указана,2025,104,s2,0.7291,Зерноград,160.3
2025-04-15,,,,12.8,0.0,OSM-342449510,не указана,2025,105,none,,Зерноград,160.3
2025-04-16,0.7087,0.7519,,13.4,0.0,OSM-342449510,не указана,2025,106,s2,0.7087,Зерноград,160.3
2025-04-17,,0.7737,,13.9,0.0,OSM-342449510,не указана,2025,107,landsat,0.7737,Зерноград,160.3
2025-04-18,0.8052,,,14.3,0.0,OSM-342449510,не указана,2025,108,s2,0.8052,Зерноград,160.3
2025-04-19,0.8135,,,15.5,0.0,OSM-342449510,не указана,2025,109,s2,0.8135,Зерноград,160.3
2025-04-20,,,,15.6,0.0,OSM-342449510,не указана,2025,110,none,,Зерноград,160.3
2025-04-21,,,,13.4,0.5,OSM-342449510,не указана,2025,111,none,,Зерноград,160.3
2025-04-22,,,,14.1,0.5,OSM-342449510,не указана,2025,112,none,,Зерноград,160.3
2025-04-23,,,0.8958,15.8,0.0,OSM-342449510,не указана,2025,113,modis,0.8958,Зерноград,160.3
2025-04-24,,,,15.9,1.4,OSM-342449510,не указана,2025,114,none,,Зерноград,160.3
2025-04-25,,,,16.4,0.8,OSM-342449510,не указана,2025,115,none,,Зерноград,160.3
2025-04-26,,,,14.9,11.8,OSM-342449510,не указана,2025,116,none,,Зерноград,160.3
2025-04-27,,,,8.2,0.8,OSM-342449510,не указана,2025,117,none,,Зерноград,160.3
2025-04-28,0.8507,,,6.2,0.1,OSM-342449510,не указана,2025,118,s2,0.8507,Зерноград,160.3
2025-04-29,0.7269,,,8.3,0.0,OSM-342449510,не указана,2025,119,s2,0.7269,Зерноград,160.3
2025-04-30,,,,10.9,0.0,OSM-342449510,не указана,2025,120,none,,Зерноград,160.3
2025-05-01,0.8582000000000001,,,14.5,0.0,OSM-342449510,не указана,2025,121,s2,0.8582000000000001,Зерноград,160.3
2025-05-02,,,,14.4,0.0,OSM-342449510,не указана,2025,122,none,,Зерноград,160.3
2025-05-03,,,,11.9,0.0,OSM-342449510,не указана,2025,123,none,,Зерноград,160.3
2025-05-04,0.8627,,,15.2,0.1,OSM-342449510,не указана,2025,124,s2,0.8627,Зерноград,160.3
2025-05-05,,,,17.7,0.8,OSM-342449510,не указана,2025,125,none,,Зерноград,160.3
2025-05-06,0.8267,,,18.5,0.0,OSM-342449510,не указана,2025,126,s2,0.8267,Зерноград,160.3
2025-05-07,,,,18.5,1.2,OSM-342449510,не указана,2025,127,none,,Зерноград,160.3
2025-05-08,,,,15.9,2.0,OSM-342449510,не указана,2025,128,none,,Зерноград,160.3
2025-05-09,,,0.8374,15.9,9.9,OSM-342449510,не указана,2025,129,modis,0.8374,Зерноград,160.3
2025-05-10,,,,12.9,2.2,OSM-342449510,не указана,2025,130,none,,Зерноград,160.3
2025-05-11,,,,12.2,0.0,OSM-342449510,не указана,2025,131,none,,Зерноград,160.3
2025-05-12,,,,13.1,0.9,OSM-342449510,не указана,2025,132,none,,Зерноград,160.3
2025-05-13,,,,14.1,1.0,OSM-342449510,не указана,2025,133,none,,Зерноград,160.3
2025-05-14,0.8185,,,12.9,0.1,OSM-342449510,не указана,2025,134,s2,0.8185,Зерноград,160.3
2025-05-15,,,,14.0,0.1,OSM-342449510,не указана,2025,135,none,,Зерноград,160.3
2025-05-16,0.8031,,,16.5,0.2,OSM-342449510,не указана,2025,136,s2,0.8031,Зерноград,160.3
2025-05-17,,,,19.2,0.9,OSM-342449510,не указана,2025,137,none,,Зерноград,160.3
2025-05-18,,,,16.8,1.4,OSM-342449510,не указана,2025,138,none,,Зерноград,160.3
2025-05-19,,,,14.9,5.1,OSM-342449510,не указана,2025,139,none,,Зерноград,160.3
2025-05-20,,,,14.9,7.1,OSM-342449510,не указана,2025,140,none,,Зерноград,160.3
2025-05-21,,,,14.6,5.2,OSM-342449510,не указана,2025,141,none,,Зерноград,160.3
2025-05-22,,,,17.2,0.6,OSM-342449510,не указана,2025,142,none,,Зерноград,160.3
2025-05-23,,,,20.1,0.0,OSM-342449510,не указана,2025,143,none,,Зерноград,160.3
2025-05-24,0.7732,,,21.7,0.0,OSM-342449510,не указана,2025,144,s2,0.7732,Зерноград,160.3
2025-05-25,,,0.7608,23.5,0.0,OSM-342449510,не указана,2025,145,modis,0.7608,Зерноград,160.3
2025-05-26,,,,22.9,0.0,OSM-342449510,не указана,2025,146,none,,Зерноград,160.3
2025-05-27,,0.72,,22.5,0.0,OSM-342449510,не указана,2025,147,landsat,0.72,Зерноград,160.3
2025-05-28,,,,22.6,0.0,OSM-342449510,не указана,2025,148,none,,Зерноград,160.3
2025-05-29,,,,19.2,0.8,OSM-342449510,не указана,2025,149,none,,Зерноград,160.3
2025-05-30,,,,20.1,0.9,OSM-342449510,не указана,2025,150,none,,Зерноград,160.3
2025-05-31,,,,19.3,0.7,OSM-342449510,не указана,2025,151,none,,Зерноград,160.3
2025-06-01,,,,20.2,0.5,OSM-342449510,не указана,2025,152,none,,Зерноград,160.3
2025-06-02,,,,22.0,0.0,OSM-342449510,не указана,2025,153,none,,Зерноград,160.3
2025-06-03,0.5516,0.5603,,22.7,0.0,OSM-342449510,не указана,2025,154,s2,0.5516,Зерноград,160.3
2025-06-04,,0.5304,,24.0,0.9,OSM-342449510,не указана,2025,155,landsat,0.5304,Зерноград,160.3
2025-06-05,0.4893,,,21.2,0.0,OSM-342449510,не указана,2025,156,s2,0.4893,Зерноград,160.3
2025-06-06,,,,22.3,0.0,OSM-342449510,не указана,2025,157,none,,Зерноград,160.3
2025-06-07,0.4037,,,25.2,0.0,OSM-342449510,не указана,2025,158,s2,0.4037,Зерноград,160.3
2025-06-08,0.3785,,,27.6,0.0,OSM-342449510,не указана,2025,159,s2,0.3785,Зерноград,160.3
2025-06-09,,,,28.3,0.0,OSM-342449510,не указана,2025,160,none,,Зерноград,160.3
2025-06-10,0.33185,,0.3452,26.3,0.0,OSM-342449510,не указана,2025,161,s2,0.33185,Зерноград,160.3
2025-06-11,,0.39215,,23.1,0.0,OSM-342449510,не указана,2025,162,landsat,0.39215,Зерноград,160.3
2025-06-12,,,,22.5,0.1,OSM-342449510,не указана,2025,163,none,,Зерноград,160.3
2025-06-13,,,,21.3,0.4,OSM-342449510,не указана,2025,164,none,,Зерноград,160.3
2025-06-14,,,,19.6,0.7,OSM-342449510,не указана,2025,165,none,,Зерноград,160.3
2025-06-15,0.2717,,,17.8,2.0,OSM-342449510,не указана,2025,166,s2,0.2717,Зерноград,160.3
2025-06-16,,,,17.1,1.4,OSM-342449510,не указана,2025,167,none,,Зерноград,160.3
2025-06-17,,,,20.1,0.8,OSM-342449510,не указана,2025,168,none,,Зерноград,160.3
2025-06-18,,,,20.3,5.1,OSM-342449510,не указана,2025,169,none,,Зерноград,160.3
2025-06-19,,,,21.5,6.9,OSM-342449510,не указана,2025,170,none,,Зерноград,160.3
2025-06-20,,,,18.6,8.9,OSM-342449510,не указана,2025,171,none,,Зерноград,160.3
2025-06-21,,,,17.1,0.2,OSM-342449510,не указана,2025,172,none,,Зерноград,160.3
2025-06-22,,,,18.6,1.5,OSM-342449510,не указана,2025,173,none,,Зерноград,160.3
2025-06-23,,,,16.6,12.6,OSM-342449510,не указана,2025,174,none,,Зерноград,160.3
2025-06-24,,,,18.1,0.2,OSM-342449510,не указана,2025,175,none,,Зерноград,160.3
2025-06-25,,,,20.2,2.5,OSM-342449510,не указана,2025,176,none,,Зерноград,160.3
2025-06-26,,,0.299,21.3,1.0,OSM-342449510,не указана,2025,177,modis,0.299,Зерноград,160.3
2025-06-27,0.1811,0.2561,,20.0,0.0,OSM-342449510,не указана,2025,178,s2,0.1811,Зерноград,160.3
2025-06-28,,,,21.7,3.2,OSM-342449510,не указана,2025,179,none,,Зерноград,160.3
2025-06-29,,,,19.0,9.2,OSM-342449510,не указана,2025,180,none,,Зерноград,160.3
2025-06-30,0.2152,,,19.7,1.4,OSM-342449510,не указана,2025,181,s2,0.2152,Зерноград,160.3
2025-07-01,,,,20.0,0.0,OSM-342449510,не указана,2025,182,none,,Зерноград,160.3
2025-07-02,,,,20.2,0.0,OSM-342449510,не указана,2025,183,none,,Зерноград,160.3
2025-07-03,,,,19.2,3.6,OSM-342449510,не указана,2025,184,none,,Зерноград,160.3
2025-07-04,,,,22.6,0.0,OSM-342449510,не указана,2025,185,none,,Зерноград,160.3
2025-07-05,0.2045,0.33425,,25.6,0.0,OSM-342449510,не указана,2025,186,s2,0.2045,Зерноград,160.3
2025-07-06,,0.2844,,24.5,1.8,OSM-342449510,не указана,2025,187,landsat,0.2844,Зерноград,160.3
2025-07-07,0.1477,,,26.9,0.0,OSM-342449510,не указана,2025,188,s2,0.1477,Зерноград,160.3
2025-07-08,0.1602,,,29.3,0.0,OSM-342449510,не указана,2025,189,s2,0.1602,Зерноград,160.3
2025-07-09,,,,28.2,0.0,OSM-342449510,не указана,2025,190,none,,Зерноград,160.3
2025-07-10,0.16305,,,30.1,0.0,OSM-342449510,не указана,2025,191,s2,0.16305,Зерноград,160.3
2025-07-11,,,,29.9,0.0,OSM-342449510,не указана,2025,192,none,,Зерноград,160.3
2025-07-12,,,0.2271,30.8,0.0,OSM-342449510,не указана,2025,193,modis,0.2271,Зерноград,160.3
2025-07-13,0.1499,0.20435,,32.7,0.0,OSM-342449510,не указана,2025,194,s2,0.1499,Зерноград,160.3
2025-07-14,,0.2103,,29.9,0.0,OSM-342449510,не указана,2025,195,landsat,0.2103,Зерноград,160.3
2025-07-15,0.1386,,,28.8,0.0,OSM-342449510,не указана,2025,196,s2,0.1386,Зерноград,160.3
2025-07-16,,,,28.9,0.0,OSM-342449510,не указана,2025,197,none,,Зерноград,160.3
2025-07-17,0.1414,,,28.6,0.0,OSM-342449510,не указана,2025,198,s2,0.1414,Зерноград,160.3
2025-07-18,0.1358,,,29.5,0.0,OSM-342449510,не указана,2025,199,s2,0.1358,Зерноград,160.3
2025-07-19,,,,30.1,0.5,OSM-342449510,не указана,2025,200,none,,Зерноград,160.3
2025-07-20,,,,23.8,5.1,OSM-342449510,не указана,2025,201,none,,Зерноград,160.3
2025-07-21,,0.20395,,25.3,0.0,OSM-342449510,не указана,2025,202,landsat,0.20395,Зерноград,160.3
2025-07-22,,0.2148,,27.5,0.0,OSM-342449510,не указана,2025,203,landsat,0.2148,Зерноград,160.3
2025-07-23,0.137,,,28.3,1.5,OSM-342449510,не указана,2025,204,s2,0.137,Зерноград,160.3
2025-07-24,,,,27.1,0.0,OSM-342449510,не указана,2025,205,none,,Зерноград,160.3
2025-07-25,0.1322,,,26.7,0.0,OSM-342449510,не указана,2025,206,s2,0.1322,Зерноград,160.3
2025-07-26,,,,28.1,0.0,OSM-342449510,не указана,2025,207,none,,Зерноград,160.3
2025-07-27,,,,26.9,0.2,OSM-342449510,не указана,2025,208,none,,Зерноград,160.3
2025-07-28,0.133,,0.1924,25.7,0.0,OSM-342449510,не указана,2025,209,s2,0.133,Зерноград,160.3
2025-07-29,,0.1921999999999999,,27.6,0.0,OSM-342449510,не указана,2025,210,landsat,0.1921999999999999,Зерноград,160.3
2025-07-30,0.1387,0.1983,,30.6,0.0,OSM-342449510,не указана,2025,211,s2,0.1387,Зерноград,160.3
2025-07-31,,,,29.5,0.0,OSM-342449510,не указана,2025,212,none,,Зерноград,160.3
2025-08-01,,,,28.0,0.0,OSM-342449510,не указана,2025,213,none,,Зерноград,160.3
2025-08-02,0.1282,,,29.7,0.0,OSM-342449510,не указана,2025,214,s2,0.1282,Зерноград,160.3
2025-08-03,,,,26.0,9.1,OSM-342449510,не указана,2025,215,none,,Зерноград,160.3
2025-08-04,,,,25.6,7.8,OSM-342449510,не указана,2025,216,none,,Зерноград,160.3
2025-08-05,,,,25.6,0.0,OSM-342449510,не указана,2025,217,none,,Зерноград,160.3
2025-08-06,0.1251,0.1914,,28.6,0.0,OSM-342449510,не указана,2025,218,s2,0.1251,Зерноград,160.3
2025-08-07,0.1276,0.1879,,30.2,0.0,OSM-342449510,не указана,2025,219,s2,0.1276,Зерноград,160.3
2025-08-08,,,,28.1,0.0,OSM-342449510,не указана,2025,220,none,,Зерноград,160.3
2025-08-09,0.0557,,,25.4,6.8,OSM-342449510,не указана,2025,221,s2,0.0557,Зерноград,160.3
2025-08-10,,,,24.1,0.2,OSM-342449510,не указана,2025,222,none,,Зерноград,160.3
2025-08-11,,,,23.3,2.2,OSM-342449510,не указана,2025,223,none,,Зерноград,160.3
2025-08-12,0.1484,,,21.5,0.0,OSM-342449510,не указана,2025,224,s2,0.1484,Зерноград,160.3
2025-08-13,,,0.1868,21.7,0.0,OSM-342449510,не указана,2025,225,modis,0.1868,Зерноград,160.3
2025-08-14,0.1357,0.2007,,22.7,0.0,OSM-342449510,не указана,2025,226,s2,0.1357,Зерноград,160.3
2025-08-15,,0.1856,,21.5,0.0,OSM-342449510,не указана,2025,227,landsat,0.1856,Зерноград,160.3
2025-08-16,0.1295,,,22.3,0.0,OSM-342449510,не указана,2025,228,s2,0.1295,Зерноград,160.3
2025-08-17,0.1902,,,25.2,0.0,OSM-342449510,не указана,2025,229,s2,0.1902,Зерноград,160.3
2025-08-18,,,,26.7,0.0,OSM-342449510,не указана,2025,230,none,,Зерноград,160.3
2025-08-19,0.126,,,21.9,0.0,OSM-342449510,не указана,2025,231,s2,0.126,Зерноград,160.3
2025-08-20,,,,24.3,0.0,OSM-342449510,не указана,2025,232,none,,Зерноград,160.3
2025-08-21,,,,24.8,1.2,OSM-342449510,не указана,2025,233,none,,Зерноград,160.3
2025-08-22,0.1419,0.1926999999999999,,25.7,0.0,OSM-342449510,не указана,2025,234,s2,0.1419,Зерноград,160.3
2025-08-23,,0.1922,,26.8,0.0,OSM-342449510,не указана,2025,235,landsat,0.1922,Зерноград,160.3
2025-08-24,0.116,,,22.3,0.0,OSM-342449510,не указана,2025,236,s2,0.116,Зерноград,160.3
2025-08-25,,,,19.3,0.0,OSM-342449510,не указана,2025,237,none,,Зерноград,160.3
2025-08-26,,,,19.1,0.1,OSM-342449510,не указана,2025,238,none,,Зерноград,160.3
2025-08-27,0.1419,,,21.1,0.0,OSM-342449510,не указана,2025,239,s2,0.1419,Зерноград,160.3
2025-08-28,,,,23.2,0.0,OSM-342449510,не указана,2025,240,none,,Зерноград,160.3
2025-08-29,0.1367499999999999,,0.1852,25.6,0.0,OSM-342449510,не указана,2025,241,s2,0.1367499999999999,Зерноград,160.3
2025-08-30,,0.1830999999999999,,27.3,0.0,OSM-342449510,не указана,2025,242,landsat,0.1830999999999999,Зерноград,160.3
2025-08-31,,0.1845,,26.5,0.0,OSM-342449510,не указана,2025,243,landsat,0.1845,Зерноград,160.3
2025-09-01,0.1246,,,27.5,0.4,OSM-342449510,не указана,2025,244,s2,0.1246,Зерноград,160.3
2025-09-02,,,,25.5,3.7,OSM-342449510,не указана,2025,245,none,,Зерноград,160.3
2025-09-03,0.1439,,,24.5,0.2,OSM-342449510,не указана,2025,246,s2,0.1439,Зерноград,160.3
2025-09-04,,,,20.0,0.0,OSM-342449510,не указана,2025,247,none,,Зерноград,160.3
2025-09-05,0.1295,,,18.9,0.0,OSM-342449510,не указана,2025,248,s2,0.1295,Зерноград,160.3
2025-09-06,0.1365,,,19.3,0.0,OSM-342449510,не указана,2025,249,s2,0.1365,Зерноград,160.3
2025-09-07,,0.1876,,21.6,0.0,OSM-342449510,не указана,2025,250,landsat,0.1876,Зерноград,160.3
2025-09-08,0.12805,0.1912,,23.0,0.3,OSM-342449510,не указана,2025,251,s2,0.12805,Зерноград,160.3
2025-09-09,,,,20.8,1.7,OSM-342449510,не указана,2025,252,none,,Зерноград,160.3
2025-09-10,,,,18.7,2.9,OSM-342449510,не указана,2025,253,none,,Зерноград,160.3
2025-09-11,,,,18.6,0.0,OSM-342449510,не указана,2025,254,none,,Зерноград,160.3
2025-09-12,,,,18.2,0.0,OSM-342449510,не указана,2025,255,none,,Зерноград,160.3
2025-09-13,0.1467,,,15.4,0.0,OSM-342449510,не указана,2025,256,s2,0.1467,Зерноград,160.3
2025-09-14,,,0.2068,17.8,0.0,OSM-342449510,не указана,2025,257,modis,0.2068,Зерноград,160.3
2025-09-15,0.144,0.18495,,18.6,0.0,OSM-342449510,не указана,2025,258,s2,0.144,Зерноград,160.3
2025-09-16,0.1433,0.1862,,18.1,0.0,OSM-342449510,не указана,2025,259,s2,0.1433,Зерноград,160.3
2025-09-17,,,,18.8,0.0,OSM-342449510,не указана,2025,260,none,,Зерноград,160.3
2025-09-18,,,,17.4,19.0,OSM-342449510,не указана,2025,261,none,,Зерноград,160.3
2025-09-19,,,,15.5,12.5,OSM-342449510,не указана,2025,262,none,,Зерноград,160.3
2025-09-20,,,,16.1,0.5,OSM-342449510,не указана,2025,263,none,,Зерноград,160.3
2025-09-21,0.1541,,,16.7,0.0,OSM-342449510,не указана,2025,264,s2,0.1541,Зерноград,160.3
2025-09-22,,,,17.9,0.0,OSM-342449510,не указана,2025,265,none,,Зерноград,160.3
2025-09-23,0.1581,0.19985,,19.6,0.0,OSM-342449510,не указана,2025,266,s2,0.1581,Зерноград,160.3
2025-09-24,,0.2026,,18.8,0.0,OSM-342449510,не указана,2025,267,landsat,0.2026,Зерноград,160.3
2025-09-25,0.1426,,,14.0,3.0,OSM-342449510,не указана,2025,268,s2,0.1426,Зерноград,160.3
2025-09-26,0.1795,,,10.2,0.0,OSM-342449510,не указана,2025,269,s2,0.1795,Зерноград,160.3
2025-09-27,,,,10.2,0.0,OSM-342449510,не указана,2025,270,none,,Зерноград,160.3
2025-09-28,,,,12.0,0.0,OSM-342449510,не указана,2025,271,none,,Зерноград,160.3
2025-09-29,,,,11.3,7.2,OSM-342449510,не указана,2025,272,none,,Зерноград,160.3
2025-09-30,,,0.434,9.2,2.0,OSM-342449510,не указана,2025,273,modis,0.434,Зерноград,160.3
2025-10-01,,,,11.6,0.0,OSM-342449510,не указана,2025,274,none,,Зерноград,160.3
2025-10-02,,0.26,,12.3,0.0,OSM-342449510,не указана,2025,275,landsat,0.26,Зерноград,160.3
2025-10-03,,,,13.7,0.0,OSM-342449510,не указана,2025,276,none,,Зерноград,160.3
2025-10-04,,,,16.1,0.0,OSM-342449510,не указана,2025,277,none,,Зерноград,160.3
2025-10-05,,,,14.1,6.2,OSM-342449510,не указана,2025,278,none,,Зерноград,160.3
2025-10-06,,,,14.4,0.0,OSM-342449510,не указана,2025,279,none,,Зерноград,160.3
2025-10-07,,,,16.5,0.0,OSM-342449510,не указана,2025,280,none,,Зерноград,160.3
2025-10-08,0.2568,,,17.1,0.0,OSM-342449510,не указана,2025,281,s2,0.2568,Зерноград,160.3
2025-10-09,,,,15.6,8.0,OSM-342449510,не указана,2025,282,none,,Зерноград,160.3
2025-10-10,,,,14.5,1.8,OSM-342449510,не указана,2025,283,none,,Зерноград,160.3
2025-10-11,,,,13.1,0.5,OSM-342449510,не указана,2025,284,none,,Зерноград,160.3
2025-10-12,,,,12.3,0.0,OSM-342449510,не указана,2025,285,none,,Зерноград,160.3
2025-10-13,0.129,,,11.6,1.7,OSM-342449510,не указана,2025,286,s2,0.129,Зерноград,160.3
2025-10-14,,,,8.4,0.0,OSM-342449510,не указана,2025,287,none,,Зерноград,160.3
2025-10-15,,,,9.6,0.4,OSM-342449510,не указана,2025,288,none,,Зерноград,160.3
2025-10-16,0.2115,,0.3738,6.7,0.0,OSM-342449510,не указана,2025,289,s2,0.2115,Зерноград,160.3
2025-10-17,,,,7.4,0.0,OSM-342449510,не указана,2025,290,none,,Зерноград,160.3
2025-10-18,0.18075,0.3527,,10.0,1.6,OSM-342449510,не указана,2025,291,s2,0.18075,Зерноград,160.3
2025-10-19,,,,12.0,4.9,OSM-342449510,не указана,2025,292,none,,Зерноград,160.3
2025-10-20,,,,8.9,0.2,OSM-342449510,не указана,2025,293,none,,Зерноград,160.3
2025-10-21,,,,7.6,0.6,OSM-342449510,не указана,2025,294,none,,Зерноград,160.3
2025-10-22,,,,9.1,0.0,OSM-342449510,не указана,2025,295,none,,Зерноград,160.3
2025-10-23,,,,10.4,0.0,OSM-342449510,не указана,2025,296,none,,Зерноград,160.3
2025-10-24,,,,12.9,0.0,OSM-342449510,не указана,2025,297,none,,Зерноград,160.3
2025-10-25,,-0.05745,,11.7,7.8,OSM-342449510,не указана,2025,298,landsat,-0.05745,Зерноград,160.3
2025-10-26,,,,9.7,0.0,OSM-342449510,не указана,2025,299,none,,Зерноград,160.3
2025-10-27,,,,12.0,3.6,OSM-342449510,не указана,2025,300,none,,Зерноград,160.3
2025-10-28,,,,13.1,1.6,OSM-342449510,не указана,2025,301,none,,Зерноград,160.3
2025-10-29,,,,10.9,0.9,OSM-342449510,не указана,2025,302,none,,Зерноград,160.3
2025-10-30,,,,9.5,0.1,OSM-342449510,не указана,2025,303,none,,Зерноград,160.3
2025-10-31,,,,11.4,6.0,OSM-342449510,не указана,2025,304,none,,Зерноград,160.3
2025-11-01,,,0.3876,10.1,0.0,OSM-342449510,не указана,2025,305,modis,0.3876,Зерноград,160.3
2021-01-01,,,0.1255,1.4,0.0,OSM-342464023,не указана,2021,1,modis,0.1255,Зерноград,153.2
2021-01-02,,,,2.2,0.0,OSM-342464023,не указана,2021,2,none,,Зерноград,153.2
2021-01-03,,,,1.4,0.1,OSM-342464023,не указана,2021,3,none,,Зерноград,153.2
2021-01-04,,,,0.8,0.0,OSM-342464023,не указана,2021,4,none,,Зерноград,153.2
2021-01-05,,,,1.2,0.0,OSM-342464023,не указана,2021,5,none,,Зерноград,153.2
2021-01-06,,,,1.5,2.7,OSM-342464023,не указана,2021,6,none,,Зерноград,153.2
2021-01-07,,,,4.5,0.3,OSM-342464023,не указана,2021,7,none,,Зерноград,153.2
2021-01-08,,,,5.3,5.0,OSM-342464023,не указана,2021,8,none,,Зерноград,153.2
2021-01-09,,,,7.2,8.8,OSM-342464023,не указана,2021,9,none,,Зерноград,153.2
2021-01-10,,,,-0.0,0.5,OSM-342464023,не указана,2021,10,none,,Зерноград,153.2
2021-01-11,,,,-1.5,0.0,OSM-342464023,не указана,2021,11,none,,Зерноград,153.2
2021-01-12,,,,-1.2,2.7,OSM-342464023,не указана,2021,12,none,,Зерноград,153.2
2021-01-13,,,,2.4,15.0,OSM-342464023,не указана,2021,13,none,,Зерноград,153.2
2021-01-14,,,,-0.9,0.7,OSM-342464023,не указана,2021,14,none,,Зерноград,153.2
2021-01-15,,,,-3.5,7.4,OSM-342464023,не указана,2021,15,none,,Зерноград,153.2
2021-01-16,,,,-7.5,0.0,OSM-342464023,не указана,2021,16,none,,Зерноград,153.2
2021-01-17,,,-0.0383,-7.8,12.5,OSM-342464023,не указана,2021,17,modis,-0.0383,Зерноград,153.2
2021-01-18,,,,-7.2,1.2,OSM-342464023,не указана,2021,18,none,,Зерноград,153.2
2021-01-19,,,,-10.9,0.7,OSM-342464023,не указана,2021,19,none,,Зерноград,153.2
2021-01-20,,,,-16.4,0.0,OSM-342464023,не указана,2021,20,none,,Зерноград,153.2
2021-01-21,,,,-15.7,0.0,OSM-342464023,не указана,2021,21,none,,Зерноград,153.2
2021-01-22,,,,2.2,0.0,OSM-342464023,не указана,2021,22,none,,Зерноград,153.2
2021-01-23,,,,1.4,0.1,OSM-342464023,не указана,2021,23,none,,Зерноград,153.2
2021-01-24,,,,0.1,0.0,OSM-342464023,не указана,2021,24,none,,Зерноград,153.2
2021-01-25,,,,1.1,0.0,OSM-342464023,не указана,2021,25,none,,Зерноград,153.2
2021-01-26,,,,4.0,0.2,OSM-342464023,не указана,2021,26,none,,Зерноград,153.2
2021-01-27,,,,2.9,0.0,OSM-342464023,не указана,2021,27,none,,Зерноград,153.2
2021-01-28,,,,2.3,5.4,OSM-342464023,не указана,2021,28,none,,Зерноград,153.2
2021-01-29,,,,1.8,0.1,OSM-342464023,не указана,2021,29,none,,Зерноград,153.2
2021-01-30,,,,2.9,0.0,OSM-342464023,не указана,2021,30,none,,Зерноград,153.2
2021-01-31,,,,4.5,1.5,OSM-342464023,не указана,2021,31,none,,Зерноград,153.2
2021-02-01,,,,6.3,0.0,OSM-342464023,не указана,2021,32,none,,Зерноград,153.2
2021-02-02,,,0.1158,8.2,0.1,OSM-342464023,не указана,2021,33,modis,0.1158,Зерноград,153.2
2021-02-03,,,,7.2,3.9,OSM-342464023,не указана,2021,34,none,,Зерноград,153.2
2021-02-04,,,,8.8,1.0,OSM-342464023,не указана,2021,35,none,,Зерноград,153.2
2021-02-05,,,,3.5,3.6,OSM-342464023,не указана,2021,36,none,,Зерноград,153.2
2021-02-06,,,,-3.7,0.0,OSM-342464023,не указана,2021,37,none,,Зерноград,153.2
2021-02-07,,,,-5.0,0.0,OSM-342464023,не указана,2021,38,none,,Зерноград,153.2
2021-02-08,,,,-6.4,7.3,OSM-342464023,не указана,2021,39,none,,Зерноград,153.2
2021-02-09,,,,0.9,2.2,OSM-342464023,не указана,2021,40,none,,Зерноград,153.2
2021-02-10,,,,3.2,0.7,OSM-342464023,не указана,2021,41,none,,Зерноград,153.2
2021-02-11,,,,7.9,0.3,OSM-342464023,не указана,2021,42,none,,Зерноград,153.2
2021-02-12,,,,6.6,0.0,OSM-342464023,не указана,2021,43,none,,Зерноград,153.2
2021-02-13,,,,-3.9,1.1,OSM-342464023,не указана,2021,44,none,,Зерноград,153.2
2021-02-14,,,,-5.4,0.0,OSM-342464023,не указана,2021,45,none,,Зерноград,153.2
2021-02-15,,,,-6.1,0.0,OSM-342464023,не указана,2021,46,none,,Зерноград,153.2
2021-02-16,,,,-6.2,0.7,OSM-342464023,не указана,2021,47,none,,Зерноград,153.2
2021-02-17,,,,-8.2,0.0,OSM-342464023,не указана,2021,48,none,,Зерноград,153.2
2021-02-18,,,0.2056,-8.9,0.0,OSM-342464023,не указана,2021,49,modis,0.2056,Зерноград,153.2
2021-02-19,,,,-7.0,0.2,OSM-342464023,не указана,2021,50,none,,Зерноград,153.2
2021-02-20,,,,-4.6,0.0,OSM-342464023,не указана,2021,51,none,,Зерноград,153.2
2021-02-21,,,,-1.7,0.8,OSM-342464023,не указана,2021,52,none,,Зерноград,153.2
2021-02-22,,,,0.8,9.7,OSM-342464023,не указана,2021,53,none,,Зерноград,153.2
2021-02-23,,,,-9.8,2.9,OSM-342464023,не указана,2021,54,none,,Зерноград,153.2
2021-02-24,,,,-13.8,0.0,OSM-342464023,не указана,2021,55,none,,Зерноград,153.2
2021-02-25,,,,-6.8,0.0,OSM-342464023,не указана,2021,56,none,,Зерноград,153.2
2021-02-26,,,,2.9,0.5,OSM-342464023,не указана,2021,57,none,,Зерноград,153.2
2021-02-27,,,,4.7,4.1,OSM-342464023,не указана,2021,58,none,,Зерноград,153.2
2021-02-28,,,,2.0,0.6,OSM-342464023,не указана,2021,59,none,,Зерноград,153.2
2021-03-01,,,,1.4,0.9,OSM-342464023,не указана,2021,60,none,,Зерноград,153.2
2021-03-02,,,,1.7,0.9,OSM-342464023,не указана,2021,61,none,,Зерноград,153.2
2021-03-03,,,,1.2,4.3,OSM-342464023,не указана,2021,62,none,,Зерноград,153.2
2021-03-04,,,,2.3,0.0,OSM-342464023,не указана,2021,63,none,,Зерноград,153.2
2021-03-05,,,,5.0,0.0,OSM-342464023,не указана,2021,64,none,,Зерноград,153.2
2021-03-06,,,0.2161,3.6,2.4,OSM-342464023,не указана,2021,65,modis,0.2161,Зерноград,153.2
2021-03-07,,,,-1.1,0.0,OSM-342464023,не указана,2021,66,none,,Зерноград,153.2
2021-03-08,,,,1.5,0.1,OSM-342464023,не указана,2021,67,none,,Зерноград,153.2
2021-03-09,,,,0.5,1.2,OSM-342464023,не указана,2021,68,none,,Зерноград,153.2
2021-03-10,,,,-2.4,0.0,OSM-342464023,не указана,2021,69,none,,Зерноград,153.2
2021-03-11,,,,-5.4,0.0,OSM-342464023,не указана,2021,70,none,,Зерноград,153.2
2021-03-12,,,,-6.1,0.0,OSM-342464023,не указана,2021,71,none,,Зерноград,153.2
2021-03-13,,,,-1.4,0.5,OSM-342464023,не указана,2021,72,none,,Зерноград,153.2
2021-03-14,,,,2.0,0.3,OSM-342464023,не указана,2021,73,none,,Зерноград,153.2
2021-03-15,,,,3.9,0.0,OSM-342464023,не указана,2021,74,none,,Зерноград,153.2
2021-03-16,,,,4.5,1.0,OSM-342464023,не указана,2021,75,none,,Зерноград,153.2
2021-03-17,,,,6.8,4.5,OSM-342464023,не указана,2021,76,none,,Зерноград,153.2
2021-03-18,,,,4.4,18.7,OSM-342464023,не указана,2021,77,none,,Зерноград,153.2
2021-03-19,,,,5.3,2.4,OSM-342464023,не указана,2021,78,none,,Зерноград,153.2
2021-03-20,,,,4.0,2.9,OSM-342464023,не указана,2021,79,none,,Зерноград,153.2
2021-03-21,,,,2.0,0.5,OSM-342464023,не указана,2021,80,none,,Зерноград,153.2
2021-03-22,,,0.235,2.8,3.7,OSM-342464023,не указана,2021,81,modis,0.235,Зерноград,153.2
2021-03-23,,,,3.8,9.3,OSM-342464023,не указана,2021,82,none,,Зерноград,153.2
2021-03-24,,,,1.8,6.7,OSM-342464023,не указана,2021,83,none,,Зерноград,153.2
2021-03-25,,,,1.6,9.1,OSM-342464023,не указана,2021,84,none,,Зерноград,153.2
2021-03-26,,,,1.4,6.7,OSM-342464023,не указана,2021,85,none,,Зерноград,153.2
2021-03-27,,,,5.1,1.1,OSM-342464023,не указана,2021,86,none,,Зерноград,153.2
2021-03-28,,,,5.6,1.0,OSM-342464023,не указана,2021,87,none,,Зерноград,153.2
2021-03-29,,,,5.6,4.7,OSM-342464023,не указана,2021,88,none,,Зерноград,153.2
2021-03-30,,,,3.4,10.9,OSM-342464023,не указана,2021,89,none,,Зерноград,153.2
2021-03-31,,,,6.8,0.0,OSM-342464023,не указана,2021,90,none,,Зерноград,153.2
2021-04-01,,,,7.9,0.0,OSM-342464023,не указана,2021,91,none,,Зерноград,153.2
2021-04-02,,,,8.9,0.0,OSM-342464023,не указана,2021,92,none,,Зерноград,153.2
2021-04-03,,,,9.1,0.9,OSM-342464023,не указана,2021,93,none,,Зерноград,153.2
2021-04-04,,,,6.8,13.7,OSM-342464023,не указана,2021,94,none,,Зерноград,153.2
2021-04-05,,,,4.3,21.2,OSM-342464023,не указана,2021,95,none,,Зерноград,153.2
2021-04-06,,,,7.7,0.1,OSM-342464023,не указана,2021,96,none,,Зерноград,153.2
2021-04-07,,,0.1159,12.9,1.8,OSM-342464023,не указана,2021,97,modis,0.1159,Зерноград,153.2
2021-04-08,,,,9.8,4.5,OSM-342464023,не указана,2021,98,none,,Зерноград,153.2
2021-04-09,,,,4.8,10.0,OSM-342464023,не указана,2021,99,none,,Зерноград,153.2
2021-04-10,,,,7.0,2.5,OSM-342464023,не указана,2021,100,none,,Зерноград,153.2
2021-04-11,,,,9.1,0.3,OSM-342464023,не указана,2021,101,none,,Зерноград,153.2
2021-04-12,,,,10.1,1.4,OSM-342464023,не указана,2021,102,none,,Зерноград,153.2
2021-04-13,,,,11.4,4.9,OSM-342464023,не указана,2021,103,none,,Зерноград,153.2
2021-04-14,,,,11.2,0.7,OSM-342464023,не указана,2021,104,none,,Зерноград,153.2
2021-04-15,,,,11.3,0.5,OSM-342464023,не указана,2021,105,none,,Зерноград,153.2
2021-04-16,,,,11.1,9.8,OSM-342464023,не указана,2021,106,none,,Зерноград,153.2
2021-04-17,,,,10.4,2.0,OSM-342464023,не указана,2021,107,none,,Зерноград,153.2
2021-04-18,,,,9.7,3.0,OSM-342464023,не указана,2021,108,none,,Зерноград,153.2
2021-04-19,,,,11.5,2.4,OSM-342464023,не указана,2021,109,none,,Зерноград,153.2
2021-04-20,,,,13.0,11.1,OSM-342464023,не указана,2021,110,none,,Зерноград,153.2
2021-04-21,,,,11.9,0.1,OSM-342464023,не указана,2021,111,none,,Зерноград,153.2
2021-04-22,,,,11.8,2.4,OSM-342464023,не указана,2021,112,none,,Зерноград,153.2
2021-04-23,,,0.324,12.4,0.7,OSM-342464023,не указана,2021,113,modis,0.324,Зерноград,153.2
2021-04-24,,,,10.9,2.0,OSM-342464023,не указана,2021,114,none,,Зерноград,153.2
2021-04-25,,,,9.3,1.5,OSM-342464023,не указана,2021,115,none,,Зерноград,153.2
2021-04-26,,,,7.5,4.1,OSM-342464023,не указана,2021,116,none,,Зерноград,153.2
2021-04-27,,,,8.8,0.0,OSM-342464023,не указана,2021,117,none,,Зерноград,153.2
2021-04-28,,,,10.9,0.8,OSM-342464023,не указана,2021,118,none,,Зерноград,153.2
2021-04-29,,,,13.1,0.1,OSM-342464023,не указана,2021,119,none,,Зерноград,153.2
2021-04-30,,,,15.4,0.0,OSM-342464023,не указана,2021,120,none,,Зерноград,153.2
2021-05-01,,,,15.8,0.3,OSM-342464023,не указана,2021,121,none,,Зерноград,153.2
2021-05-02,,,,17.7,0.0,OSM-342464023,не указана,2021,122,none,,Зерноград,153.2
2021-05-03,,,,20.7,0.0,OSM-342464023,не указана,2021,123,none,,Зерноград,153.2
2021-05-04,,,,13.1,0.9,OSM-342464023,не указана,2021,124,none,,Зерноград,153.2
2021-05-05,,,,11.9,0.0,OSM-342464023,не указана,2021,125,none,,Зерноград,153.2
2021-05-06,,,,15.0,0.0,OSM-342464023,не указана,2021,126,none,,Зерноград,153.2
2021-05-07,,,,15.1,0.3,OSM-342464023,не указана,2021,127,none,,Зерноград,153.2
2021-05-08,,,,17.6,0.0,OSM-342464023,не указана,2021,128,none,,Зерноград,153.2
2021-05-09,,,0.4279,11.0,5.7,OSM-342464023,не указана,2021,129,modis,0.4279,Зерноград,153.2
2021-05-10,,,,9.1,13.6,OSM-342464023,не указана,2021,130,none,,Зерноград,153.2
2021-05-11,,,,8.8,20.8,OSM-342464023,не указана,2021,131,none,,Зерноград,153.2
2021-05-12,,,,12.9,3.0,OSM-342464023,не указана,2021,132,none,,Зерноград,153.2
2021-05-13,,,,17.7,0.0,OSM-342464023,не указана,2021,133,none,,Зерноград,153.2
2021-05-14,,,,20.7,0.0,OSM-342464023,не указана,2021,134,none,,Зерноград,153.2
2021-05-15,,,,21.3,0.0,OSM-342464023,не указана,2021,135,none,,Зерноград,153.2
2021-05-16,,,,22.4,0.0,OSM-342464023,не указана,2021,136,none,,Зерноград,153.2
2021-05-17,,,,21.4,2.9,OSM-342464023,не указана,2021,137,none,,Зерноград,153.2
2021-05-18,,,,17.5,3.3,OSM-342464023,не указана,2021,138,none,,Зерноград,153.2
2021-05-19,,,,15.5,12.8,OSM-342464023,не указана,2021,139,none,,Зерноград,153.2
2021-05-20,,,,18.2,0.0,OSM-342464023,не указана,2021,140,none,,Зерноград,153.2
2021-05-21,,,,20.7,0.0,OSM-342464023,не указана,2021,141,none,,Зерноград,153.2
2021-05-22,,,,19.4,0.6,OSM-342464023,не указана,2021,142,none,,Зерноград,153.2
2021-05-23,,,,21.2,0.1,OSM-342464023,не указана,2021,143,none,,Зерноград,153.2
2021-05-24,,,,20.0,8.9,OSM-342464023,не указана,2021,144,none,,Зерноград,153.2
2021-05-25,,,0.4995,17.8,8.8,OSM-342464023,не указана,2021,145,modis,0.4995,Зерноград,153.2
2021-05-26,,,,19.0,0.3,OSM-342464023,не указана,2021,146,none,,Зерноград,153.2
2021-05-27,,,,20.5,0.0,OSM-342464023,не указана,2021,147,none,,Зерноград,153.2
2021-05-28,,,,22.0,0.0,OSM-342464023,не указана,2021,148,none,,Зерноград,153.2
2021-05-29,,,,22.7,7.5,OSM-342464023,не указана,2021,149,none,,Зерноград,153.2
2021-05-30,,,,18.7,7.2,OSM-342464023,не указана,2021,150,none,,Зерноград,153.2
2021-05-31,,,,20.2,0.1,OSM-342464023,не указана,2021,151,none,,Зерноград,153.2
2021-06-01,,,,19.9,10.1,OSM-342464023,не указана,2021,152,none,,Зерноград,153.2
2021-06-02,,,,17.7,15.5,OSM-342464023,не указана,2021,153,none,,Зерноград,153.2
2021-06-03,,,,16.0,2.1,OSM-342464023,не указана,2021,154,none,,Зерноград,153.2
2021-06-04,,,,15.7,0.4,OSM-342464023,не указана,2021,155,none,,Зерноград,153.2
2021-06-05,,,,15.6,1.0,OSM-342464023,не указана,2021,156,none,,Зерноград,153.2
2021-06-06,,,,16.8,2.8,OSM-342464023,не указана,2021,157,none,,Зерноград,153.2
2021-06-07,,,,16.2,4.9,OSM-342464023,не указана,2021,158,none,,Зерноград,153.2
2021-06-08,,,,16.7,8.6,OSM-342464023,не указана,2021,159,none,,Зерноград,153.2
2021-06-09,,,,17.6,2.7,OSM-342464023,не указана,2021,160,none,,Зерноград,153.2
2021-06-10,,,0.7899,18.5,1.1,OSM-342464023,не указана,2021,161,modis,0.7899,Зерноград,153.2
2021-06-11,,,,19.7,0.5,OSM-342464023,не указана,2021,162,none,,Зерноград,153.2
2021-06-12,,,,20.6,0.2,OSM-342464023,не указана,2021,163,none,,Зерноград,153.2
2021-06-13,,,,20.6,0.3,OSM-342464023,не указана,2021,164,none,,Зерноград,153.2
2021-06-14,,,,22.0,0.0,OSM-342464023,не указана,2021,165,none,,Зерноград,153.2
2021-06-15,,,,21.9,0.6,OSM-342464023,не указана,2021,166,none,,Зерноград,153.2
2021-06-16,,,,24.0,0.5,OSM-342464023,не указана,2021,167,none,,Зерноград,153.2
2021-06-17,,,,21.5,12.5,OSM-342464023,не указана,2021,168,none,,Зерноград,153.2
2021-06-18,,,,22.0,0.0,OSM-342464023,не указана,2021,169,none,,Зерноград,153.2
2021-06-19,,,,25.2,0.0,OSM-342464023,не указана,2021,170,none,,Зерноград,153.2
2021-06-20,,,,26.0,0.0,OSM-342464023,не указана,2021,171,none,,Зерноград,153.2
2021-06-21,,,,26.5,0.0,OSM-342464023,не указана,2021,172,none,,Зерноград,153.2
2021-06-22,,,,26.6,0.0,OSM-342464023,не указана,2021,173,none,,Зерноград,153.2
2021-06-23,,,,27.4,0.0,OSM-342464023,не указана,2021,174,none,,Зерноград,153.2
2021-06-24,,,,26.2,0.0,OSM-342464023,не указана,2021,175,none,,Зерноград,153.2
2021-06-25,,,,25.7,0.0,OSM-342464023,не указана,2021,176,none,,Зерноград,153.2
2021-06-26,,,0.7851,26.1,0.1,OSM-342464023,не указана,2021,177,modis,0.7851,Зерноград,153.2
2021-06-27,,,,24.7,1.8,OSM-342464023,не указана,2021,178,none,,Зерноград,153.2
2021-06-28,,,,25.0,0.5,OSM-342464023,не указана,2021,179,none,,Зерноград,153.2
2021-06-29,,,,24.1,0.8,OSM-342464023,не указана,2021,180,none,,Зерноград,153.2
2021-06-30,,,,23.7,0.2,OSM-342464023,не указана,2021,181,none,,Зерноград,153.2
2021-07-01,,,,25.0,0.2,OSM-342464023,не указана,2021,182,none,,Зерноград,153.2
2021-07-02,,,,26.9,0.0,OSM-342464023,не указана,2021,183,none,,Зерноград,153.2
2021-07-03,,,,28.7,0.1,OSM-342464023,не указана,2021,184,none,,Зерноград,153.2
2021-07-04,,,,27.6,0.6,OSM-342464023,не указана,2021,185,none,,Зерноград,153.2
2021-07-05,,,,22.4,13.8,OSM-342464023,не указана,2021,186,none,,Зерноград,153.2
2021-07-06,,,,22.1,2.4,OSM-342464023,не указана,2021,187,none,,Зерноград,153.2
2021-07-07,,,,23.1,0.4,OSM-342464023,не указана,2021,188,none,,Зерноград,153.2
2021-07-08,,,,23.8,0.0,OSM-342464023,не указана,2021,189,none,,Зерноград,153.2
2021-07-09,,,,24.5,0.0,OSM-342464023,не указана,2021,190,none,,Зерноград,153.2
2021-07-10,,,,26.7,0.0,OSM-342464023,не указана,2021,191,none,,Зерноград,153.2
2021-07-11,,,,27.4,0.0,OSM-342464023,не указана,2021,192,none,,Зерноград,153.2
2021-07-12,,,0.5695,27.7,0.0,OSM-342464023,не указана,2021,193,modis,0.5695,Зерноград,153.2
2021-07-13,,,,26.0,0.0,OSM-342464023,не указана,2021,194,none,,Зерноград,153.2
2021-07-14,,,,26.5,0.0,OSM-342464023,не указана,2021,195,none,,Зерноград,153.2
2021-07-15,,,,27.5,0.0,OSM-342464023,не указана,2021,196,none,,Зерноград,153.2
2021-07-16,,,,28.5,0.0,OSM-342464023,не указана,2021,197,none,,Зерноград,153.2
2021-07-17,,,,29.1,0.0,OSM-342464023,не указана,2021,198,none,,Зерноград,153.2
2021-07-18,,,,30.6,0.0,OSM-342464023,не указана,2021,199,none,,Зерноград,153.2
2021-07-19,,,,31.1,0.0,OSM-342464023,не указана,2021,200,none,,Зерноград,153.2
2021-07-20,,,,31.3,0.0,OSM-342464023,не указана,2021,201,none,,Зерноград,153.2
2021-07-21,,,,30.6,1.1,OSM-342464023,не указана,2021,202,none,,Зерноград,153.2
2021-07-22,,,,24.3,13.5,OSM-342464023,не указана,2021,203,none,,Зерноград,153.2
2021-07-23,,,,22.7,1.1,OSM-342464023,не указана,2021,204,none,,Зерноград,153.2
2021-07-24,,,,23.4,0.0,OSM-342464023,не указана,2021,205,none,,Зерноград,153.2
2021-07-25,,,,25.3,0.0,OSM-342464023,не указана,2021,206,none,,Зерноград,153.2
2021-07-26,,,,27.2,0.0,OSM-342464023,не указана,2021,207,none,,Зерноград,153.2
2021-07-27,,,,24.7,0.0,OSM-342464023,не указана,2021,208,none,,Зерноград,153.2
2021-07-28,,,0.3986,24.2,0.0,OSM-342464023,не указана,2021,209,modis,0.3986,Зерноград,153.2
2021-07-29,,,,26.2,0.0,OSM-342464023,не указана,2021,210,none,,Зерноград,153.2
2021-07-30,,,,26.8,0.0,OSM-342464023,не указана,2021,211,none,,Зерноград,153.2
2021-07-31,,,,27.3,0.0,OSM-342464023,не указана,2021,212,none,,Зерноград,153.2
2021-08-01,,,,28.5,0.0,OSM-342464023,не указана,2021,213,none,,Зерноград,153.2
2021-08-02,,,,29.2,0.0,OSM-342464023,не указана,2021,214,none,,Зерноград,153.2
2021-08-03,,,,30.1,0.0,OSM-342464023,не указана,2021,215,none,,Зерноград,153.2
2021-08-04,,,,27.4,0.0,OSM-342464023,не указана,2021,216,none,,Зерноград,153.2
2021-08-05,,,,28.1,0.1,OSM-342464023,не указана,2021,217,none,,Зерноград,153.2
2021-08-06,,,,30.8,0.0,OSM-342464023,не указана,2021,218,none,,Зерноград,153.2
2021-08-07,,,,30.4,0.0,OSM-342464023,не указана,2021,219,none,,Зерноград,153.2
2021-08-08,,,,26.8,9.4,OSM-342464023,не указана,2021,220,none,,Зерноград,153.2
2021-08-09,,,,26.9,0.0,OSM-342464023,не указана,2021,221,none,,Зерноград,153.2
2021-08-10,,,,27.2,0.0,OSM-342464023,не указана,2021,222,none,,Зерноград,153.2
2021-08-11,,,,25.9,0.5,OSM-342464023,не указана,2021,223,none,,Зерноград,153.2
2021-08-12,,,,25.8,3.9,OSM-342464023,не указана,2021,224,none,,Зерноград,153.2
2021-08-13,,,0.3423,24.6,9.2,OSM-342464023,не указана,2021,225,modis,0.3423,Зерноград,153.2
2021-08-14,,,,22.7,1.2,OSM-342464023,не указана,2021,226,none,,Зерноград,153.2
2021-08-15,,,,22.8,0.5,OSM-342464023,не указана,2021,227,none,,Зерноград,153.2
2021-08-16,,,,23.5,0.7,OSM-342464023,не указана,2021,228,none,,Зерноград,153.2
2021-08-17,,,,25.3,0.0,OSM-342464023,не указана,2021,229,none,,Зерноград,153.2
2021-08-18,,,,27.0,0.0,OSM-342464023,не указана,2021,230,none,,Зерноград,153.2
2021-08-19,,,,26.3,0.1,OSM-342464023,не указана,2021,231,none,,Зерноград,153.2
2021-08-20,,,,23.8,0.1,OSM-342464023,не указана,2021,232,none,,Зерноград,153.2
2021-08-21,,,,22.8,0.3,OSM-342464023,не указана,2021,233,none,,Зерноград,153.2
2021-08-22,,,,24.0,4.2,OSM-342464023,не указана,2021,234,none,,Зерноград,153.2
2021-08-23,,,,23.6,1.6,OSM-342464023,не указана,2021,235,none,,Зерноград,153.2
2021-08-24,,,,22.5,0.0,OSM-342464023,не указана,2021,236,none,,Зерноград,153.2
2021-08-25,,,,22.9,0.0,OSM-342464023,не указана,2021,237,none,,Зерноград,153.2
2021-08-26,,,,24.8,0.0,OSM-342464023,не указана,2021,238,none,,Зерноград,153.2
2021-08-27,,,,25.8,0.0,OSM-342464023,не указана,2021,239,none,,Зерноград,153.2
2021-08-28,,,,26.9,0.1,OSM-342464023,не указана,2021,240,none,,Зерноград,153.2
2021-08-29,,,0.2467,27.8,0.0,OSM-342464023,не указана,2021,241,modis,0.2467,Зерноград,153.2
2021-08-30,,,,27.3,0.0,OSM-342464023,не указана,2021,242,none,,Зерноград,153.2
2021-08-31,,,,24.9,6.9,OSM-342464023,не указана,2021,243,none,,Зерноград,153.2
2021-09-01,,,,23.7,9.4,OSM-342464023,не указана,2021,244,none,,Зерноград,153.2
2021-09-02,,,,19.5,9.9,OSM-342464023,не указана,2021,245,none,,Зерноград,153.2
2021-09-03,,,,15.0,1.9,OSM-342464023,не указана,2021,246,none,,Зерноград,153.2
2021-09-04,,,,16.5,0.0,OSM-342464023,не указана,2021,247,none,,Зерноград,153.2
2021-09-05,,,,15.4,1.6,OSM-342464023,не указана,2021,248,none,,Зерноград,153.2
2021-09-06,,,,13.8,0.0,OSM-342464023,не указана,2021,249,none,,Зерноград,153.2
2021-09-07,,,,14.6,0.0,OSM-342464023,не указана,2021,250,none,,Зерноград,153.2
2021-09-08,,,,15.1,0.0,OSM-342464023,не указана,2021,251,none,,Зерноград,153.2
2021-09-09,,,,15.8,0.0,OSM-342464023,не указана,2021,252,none,,Зерноград,153.2
2021-09-10,,,,17.7,0.0,OSM-342464023,не указана,2021,253,none,,Зерноград,153.2
2021-09-11,,,,19.4,0.0,OSM-342464023,не указана,2021,254,none,,Зерноград,153.2
2021-09-12,,,,19.6,0.8,OSM-342464023,не указана,2021,255,none,,Зерноград,153.2
2021-09-13,,,,19.7,0.0,OSM-342464023,не указана,2021,256,none,,Зерноград,153.2
2021-09-14,,,0.2477,20.6,0.0,OSM-342464023,не указана,2021,257,modis,0.2477,Зерноград,153.2
2021-09-15,,,,20.5,0.0,OSM-342464023,не указана,2021,258,none,,Зерноград,153.2
2021-09-16,,,,17.1,0.0,OSM-342464023,не указана,2021,259,none,,Зерноград,153.2
2021-09-17,,,,15.7,0.0,OSM-342464023,не указана,2021,260,none,,Зерноград,153.2
2021-09-18,,,,17.2,0.0,OSM-342464023,не указана,2021,261,none,,Зерноград,153.2
2021-09-19,,,,19.2,10.7,OSM-342464023,не указана,2021,262,none,,Зерноград,153.2
2021-09-20,,,,18.6,8.2,OSM-342464023,не указана,2021,263,none,,Зерноград,153.2
2021-09-21,,,,15.7,4.2,OSM-342464023,не указана,2021,264,none,,Зерноград,153.2
2021-09-22,,,,12.6,0.0,OSM-342464023,не указана,2021,265,none,,Зерноград,153.2
2021-09-23,,,,13.0,0.0,OSM-342464023,не указана,2021,266,none,,Зерноград,153.2
2021-09-24,,,,13.1,6.3,OSM-342464023,не указана,2021,267,none,,Зерноград,153.2
2021-09-25,,,,13.0,5.7,OSM-342464023,не указана,2021,268,none,,Зерноград,153.2
2021-09-26,,,,14.2,1.5,OSM-342464023,не указана,2021,269,none,,Зерноград,153.2
2021-09-27,,,,12.2,0.0,OSM-342464023,не указана,2021,270,none,,Зерноград,153.2
2021-09-28,,,,11.3,0.1,OSM-342464023,не указана,2021,271,none,,Зерноград,153.2
2021-09-29,,,,10.6,0.1,OSM-342464023,не указана,2021,272,none,,Зерноград,153.2
2021-09-30,,,0.2289,9.1,0.0,OSM-342464023,не указана,2021,273,modis,0.2289,Зерноград,153.2
2021-10-01,,,,9.1,0.0,OSM-342464023,не указана,2021,274,none,,Зерноград,153.2
2021-10-02,,,,12.1,0.0,OSM-342464023,не указана,2021,275,none,,Зерноград,153.2
2021-10-03,,,,12.4,0.0,OSM-342464023,не указана,2021,276,none,,Зерноград,153.2
2021-10-04,,,,10.8,0.0,OSM-342464023,не указана,2021,277,none,,Зерноград,153.2
2021-10-05,,,,11.2,0.0,OSM-342464023,не указана,2021,278,none,,Зерноград,153.2
2021-10-06,,,,8.1,0.0,OSM-342464023,не указана,2021,279,none,,Зерноград,153.2
2021-10-07,,,,7.4,0.0,OSM-342464023,не указана,2021,280,none,,Зерноград,153.2
2021-10-08,,,,8.2,0.0,OSM-342464023,не указана,2021,281,none,,Зерноград,153.2
2021-10-09,,,,8.9,0.0,OSM-342464023,не указана,2021,282,none,,Зерноград,153.2
2021-10-10,,,,10.2,0.0,OSM-342464023,не указана,2021,283,none,,Зерноград,153.2
2021-10-11,,,,12.0,0.0,OSM-342464023,не указана,2021,284,none,,Зерноград,153.2
2021-10-12,,,,14.1,0.1,OSM-342464023,не указана,2021,285,none,,Зерноград,153.2
2021-10-13,,,,15.1,2.3,OSM-342464023,не указана,2021,286,none,,Зерноград,153.2
2021-10-14,,,,12.7,0.0,OSM-342464023,не указана,2021,287,none,,Зерноград,153.2
2021-10-15,,,,10.4,0.0,OSM-342464023,не указана,2021,288,none,,Зерноград,153.2
2021-10-16,,,0.2345,13.1,1.4,OSM-342464023,не указана,2021,289,modis,0.2345,Зерноград,153.2
2021-10-17,,,,13.8,0.0,OSM-342464023,не указана,2021,290,none,,Зерноград,153.2
2021-10-18,,,,11.6,0.0,OSM-342464023,не указана,2021,291,none,,Зерноград,153.2
2021-10-19,,,,7.2,4.0,OSM-342464023,не указана,2021,292,none,,Зерноград,153.2
2021-10-20,,,,4.7,0.0,OSM-342464023,не указана,2021,293,none,,Зерноград,153.2
2021-10-21,,,,8.6,0.0,OSM-342464023,не указана,2021,294,none,,Зерноград,153.2
2021-10-22,,,,12.9,0.0,OSM-342464023,не указана,2021,295,none,,Зерноград,153.2
2021-10-23,,,,13.6,0.4,OSM-342464023,не указана,2021,296,none,,Зерноград,153.2
2021-10-24,,,,9.9,3.4,OSM-342464023,не указана,2021,297,none,,Зерноград,153.2
2021-10-25,,,,4.9,0.0,OSM-342464023,не указана,2021,298,none,,Зерноград,153.2
2021-10-26,,,,1.9,0.0,OSM-342464023,не указана,2021,299,none,,Зерноград,153.2
2021-10-27,,,,3.6,0.0,OSM-342464023,не указана,2021,300,none,,Зерноград,153.2
2021-10-28,,,,5.0,0.0,OSM-342464023,не указана,2021,301,none,,Зерноград,153.2
2021-10-29,,,,8.8,0.1,OSM-342464023,не указана,2021,302,none,,Зерноград,153.2
2021-10-30,,,,8.5,0.0,OSM-342464023,не указана,2021,303,none,,Зерноград,153.2
2021-10-31,,,,8.8,0.0,OSM-342464023,не указана,2021,304,none,,Зерноград,153.2
2021-11-01,,,0.2242,11.3,0.0,OSM-342464023,не указана,2021,305,modis,0.2242,Зерноград,153.2
2021-11-02,,,,12.4,3.0,OSM-342464023,не указана,2021,306,none,,Зерноград,153.2
2021-11-03,,,,11.6,11.8,OSM-342464023,не указана,2021,307,none,,Зерноград,153.2
2021-11-04,,,,12.9,0.0,OSM-342464023,не указана,2021,308,none,,Зерноград,153.2
2021-11-05,,,,10.9,0.0,OSM-342464023,не указана,2021,309,none,,Зерноград,153.2
2021-11-06,,,,10.0,0.0,OSM-342464023,не указана,2021,310,none,,Зерноград,153.2
2021-11-07,,,,8.8,0.0,OSM-342464023,не указана,2021,311,none,,Зерноград,153.2
2021-11-08,,,,10.2,0.0,OSM-342464023,не указана,2021,312,none,,Зерноград,153.2
2021-11-09,,,,8.6,22.6,OSM-342464023,не указана,2021,313,none,,Зерноград,153.2
2021-11-10,,,,2.2,0.1,OSM-342464023,не указана,2021,314,none,,Зерноград,153.2
2021-11-11,,,,-0.4,0.0,OSM-342464023,не указана,2021,315,none,,Зерноград,153.2
2021-11-12,,,,3.4,0.0,OSM-342464023,не указана,2021,316,none,,Зерноград,153.2
2021-11-13,,,,4.5,0.0,OSM-342464023,не указана,2021,317,none,,Зерноград,153.2
2021-11-14,,,,3.0,0.0,OSM-342464023,не указана,2021,318,none,,Зерноград,153.2
2021-11-15,,,,2.2,0.0,OSM-342464023,не указана,2021,319,none,,Зерноград,153.2
2021-11-16,,,,-1.2,0.0,OSM-342464023,не указана,2021,320,none,,Зерноград,153.2
2021-11-17,,,0.2272,-2.0,0.0,OSM-342464023,не указана,2021,321,modis,0.2272,Зерноград,153.2
2021-11-18,,,,-0.2,0.0,OSM-342464023,не указана,2021,322,none,,Зерноград,153.2
2021-11-19,,,,1.3,3.6,OSM-342464023,не указана,2021,323,none,,Зерноград,153.2
2021-11-20,,,,5.6,2.2,OSM-342464023,не указана,2021,324,none,,Зерноград,153.2
2021-11-21,,,,6.5,0.0,OSM-342464023,не указана,2021,325,none,,Зерноград,153.2
2021-11-22,,,,9.7,0.1,OSM-342464023,не указана,2021,326,none,,Зерноград,153.2
2021-11-23,,,,7.0,7.5,OSM-342464023,не указана,2021,327,none,,Зерноград,153.2
2021-11-24,,,,-1.4,1.7,OSM-342464023,не указана,2021,328,none,,Зерноград,153.2
2021-11-25,,,,-3.4,0.0,OSM-342464023,не указана,2021,329,none,,Зерноград,153.2
2021-11-26,,,,0.5,0.0,OSM-342464023,не указана,2021,330,none,,Зерноград,153.2
2021-11-27,,,,3.5,1.2,OSM-342464023,не указана,2021,331,none,,Зерноград,153.2
2021-11-28,,,,9.4,7.8,OSM-342464023,не указана,2021,332,none,,Зерноград,153.2
2021-11-29,,,,13.3,4.7,OSM-342464023,не указана,2021,333,none,,Зерноград,153.2
2021-11-30,,,,10.5,18.7,OSM-342464023,не указана,2021,334,none,,Зерноград,153.2
2021-12-01,,,,3.9,8.4,OSM-342464023,не указана,2021,335,none,,Зерноград,153.2
2021-12-02,,,,3.5,0.0,OSM-342464023,не указана,2021,336,none,,Зерноград,153.2
2021-12-03,,,0.3519,6.2,0.0,OSM-342464023,не указана,2021,337,modis,0.3519,Зерноград,153.2
2021-12-04,,,,9.6,0.0,OSM-342464023,не указана,2021,338,none,,Зерноград,153.2
2021-12-05,,,,6.8,11.2,OSM-342464023,не указана,2021,339,none,,Зерноград,153.2
2021-12-06,,,,4.5,0.4,OSM-342464023,не указана,2021,340,none,,Зерноград,153.2
2021-12-07,,,,7.4,0.0,OSM-342464023,не указана,2021,341,none,,Зерноград,153.2
2021-12-08,,,,7.3,0.0,OSM-342464023,не указана,2021,342,none,,Зерноград,153.2
2021-12-09,,,,7.3,0.5,OSM-342464023,не указана,2021,343,none,,Зерноград,153.2
2021-12-10,,,,6.5,0.0,OSM-342464023,не указана,2021,344,none,,Зерноград,153.2
2021-12-11,,,,1.7,0.0,OSM-342464023,не указана,2021,345,none,,Зерноград,153.2
2021-12-12,,,,0.2,0.0,OSM-342464023,не указана,2021,346,none,,Зерноград,153.2
2021-12-13,,,,1.4,0.0,OSM-342464023,не указана,2021,347,none,,Зерноград,153.2
2021-12-14,,,,4.7,0.0,OSM-342464023,не указана,2021,348,none,,Зерноград,153.2
2021-12-15,,,,4.4,0.0,OSM-342464023,не указана,2021,349,none,,Зерноград,153.2
2021-12-16,,,,3.2,0.0,OSM-342464023,не указана,2021,350,none,,Зерноград,153.2
2021-12-17,,,,3.3,1.1,OSM-342464023,не указана,2021,351,none,,Зерноград,153.2
2021-12-18,,,,1.5,0.0,OSM-342464023,не указана,2021,352,none,,Зерноград,153.2
2021-12-19,,,0.0168,1.5,0.0,OSM-342464023,не указана,2021,353,modis,0.0168,Зерноград,153.2
2021-12-20,,,,3.5,5.3,OSM-342464023,не указана,2021,354,none,,Зерноград,153.2
2021-12-21,,,,-0.2,2.5,OSM-342464023,не указана,2021,355,none,,Зерноград,153.2
2021-12-22,,,,-7.4,2.6,OSM-342464023,не указана,2021,356,none,,Зерноград,153.2
2021-12-23,,,,-9.2,0.0,OSM-342464023,не указана,2021,357,none,,Зерноград,153.2
2021-12-24,,,,-7.2,0.0,OSM-342464023,не указана,2021,358,none,,Зерноград,153.2
2021-12-25,,,,2.2,12.2,OSM-342464023,не указана,2021,359,none,,Зерноград,153.2
2021-12-26,,,,3.8,32.1,OSM-342464023,не указана,2021,360,none,,Зерноград,153.2
2021-12-27,,,,-3.4,11.8,OSM-342464023,не указана,2021,361,none,,Зерноград,153.2
2021-12-28,,,,-1.8,5.1,OSM-342464023,не указана,2021,362,none,,Зерноград,153.2
2021-12-29,,,,1.4,12.1,OSM-342464023,не указана,2021,363,none,,Зерноград,153.2
2021-12-30,,,,0.2,0.1,OSM-342464023,не указана,2021,364,none,,Зерноград,153.2
2021-12-31,,,,0.4,1.4,OSM-342464023,не указана,2021,365,none,,Зерноград,153.2
2022-01-01,,,0.3426,3.0,4.6,OSM-342464023,не указана,2022,1,modis,0.3426,Зерноград,153.2
2022-01-02,,,,-0.6,2.2,OSM-342464023,не указана,2022,2,none,,Зерноград,153.2
2022-01-03,,,,-0.3,5.1,OSM-342464023,не указана,2022,3,none,,Зерноград,153.2
2022-01-04,,,,3.8,0.6,OSM-342464023,не указана,2022,4,none,,Зерноград,153.2
2022-01-05,,,,5.9,1.0,OSM-342464023,не указана,2022,5,none,,Зерноград,153.2
2022-01-06,,,,11.6,0.0,OSM-342464023,не указана,2022,6,none,,Зерноград,153.2
2022-01-07,,,,5.8,0.1,OSM-342464023,не указана,2022,7,none,,Зерноград,153.2
2022-01-08,,,,-2.1,0.0,OSM-342464023,не указана,2022,8,none,,Зерноград,153.2
2022-01-09,,,,1.1,0.0,OSM-342464023,не указана,2022,9,none,,Зерноград,153.2
2022-01-10,,,,2.1,0.2,OSM-342464023,не указана,2022,10,none,,Зерноград,153.2
2022-01-11,,,,2.9,1.6,OSM-342464023,не указана,2022,11,none,,Зерноград,153.2
2022-01-12,,,,-2.4,4.0,OSM-342464023,не указана,2022,12,none,,Зерноград,153.2
2022-01-13,,,,-8.4,0.0,OSM-342464023,не указана,2022,13,none,,Зерноград,153.2
2022-01-14,,,,-1.5,6.3,OSM-342464023,не указана,2022,14,none,,Зерноград,153.2
2022-01-15,,,,-1.2,0.7,OSM-342464023,не указана,2022,15,none,,Зерноград,153.2
2022-01-16,,,,-2.0,0.0,OSM-342464023,не указана,2022,16,none,,Зерноград,153.2
2022-01-17,,,-0.0123,0.4,0.7,OSM-342464023,не указана,2022,17,modis,-0.0123,Зерноград,153.2
2022-01-18,,,,0.3,11.5,OSM-342464023,не указана,2022,18,none,,Зерноград,153.2
2022-01-19,,,,-3.2,1.0,OSM-342464023,не указана,2022,19,none,,Зерноград,153.2
2022-01-20,,,,-4.6,0.0,OSM-342464023,не указана,2022,20,none,,Зерноград,153.2
2022-01-21,,,,0.0,9.3,OSM-342464023,не указана,2022,21,none,,Зерноград,153.2
2022-01-22,,,,-2.4,3.5,OSM-342464023,не указана,2022,22,none,,Зерноград,153.2
2022-01-23,,,,-2.2,10.0,OSM-342464023,не указана,2022,23,none,,Зерноград,153.2
2022-01-24,,,,-2.9,0.9,OSM-342464023,не указана,2022,24,none,,Зерноград,153.2
2022-01-25,,,,-5.1,0.2,OSM-342464023,не указана,2022,25,none,,Зерноград,153.2
2022-01-26,,,,-5.5,0.0,OSM-342464023,не указана,2022,26,none,,Зерноград,153.2
2022-01-27,,,,-4.6,0.0,OSM-342464023,не указана,2022,27,none,,Зерноград,153.2
2022-01-28,,,,-4.4,2.0,OSM-342464023,не указана,2022,28,none,,Зерноград,153.2
2022-01-29,,,,1.2,2.0,OSM-342464023,не указана,2022,29,none,,Зерноград,153.2
2022-01-30,,,,0.0,0.6,OSM-342464023,не указана,2022,30,none,,Зерноград,153.2
2022-01-31,,,,1.2,4.1,OSM-342464023,не указана,2022,31,none,,Зерноград,153.2
2022-02-01,,,,1.0,0.2,OSM-342464023,не указана,2022,32,none,,Зерноград,153.2
2022-02-02,,,0.2635,4.2,9.7,OSM-342464023,не указана,2022,33,modis,0.2635,Зерноград,153.2
2022-02-03,,,,4.6,0.7,OSM-342464023,не указана,2022,34,none,,Зерноград,153.2
2022-02-04,,,,1.3,6.0,OSM-342464023,не указана,2022,35,none,,Зерноград,153.2
2022-02-05,,,,-2.5,1.1,OSM-342464023,не указана,2022,36,none,,Зерноград,153.2
2022-02-06,,,,-2.0,3.6,OSM-342464023,не указана,2022,37,none,,Зерноград,153.2
2022-02-07,,,,1.0,0.9,OSM-342464023,не указана,2022,38,none,,Зерноград,153.2
2022-02-08,,,,3.5,5.5,OSM-342464023,не указана,2022,39,none,,Зерноград,153.2
2022-02-09,,,,2.6,4.4,OSM-342464023,не указана,2022,40,none,,Зерноград,153.2
2022-02-10,,,,2.0,0.5,OSM-342464023,не указана,2022,41,none,,Зерноград,153.2
2022-02-11,,,,4.9,0.6,OSM-342464023,не указана,2022,42,none,,Зерноград,153.2
2022-02-12,,,,5.3,2.8,OSM-342464023,не указана,2022,43,none,,Зерноград,153.2
2022-02-13,,,,0.7,0.0,OSM-342464023,не указана,2022,44,none,,Зерноград,153.2
2022-02-14,,,,0.0,0.0,OSM-342464023,не указана,2022,45,none,,Зерноград,153.2
2022-02-15,,,,1.0,0.0,OSM-342464023,не указана,2022,46,none,,Зерноград,153.2
2022-02-16,,,,2.9,0.1,OSM-342464023,не указана,2022,47,none,,Зерноград,153.2
2022-02-17,,,,3.2,0.0,OSM-342464023,не указана,2022,48,none,,Зерноград,153.2
2022-02-18,,,0.298,5.5,5.5,OSM-342464023,не указана,2022,49,modis,0.298,Зерноград,153.2
2022-02-19,,,,5.0,2.1,OSM-342464023,не указана,2022,50,none,,Зерноград,153.2
2022-02-20,,,,5.5,2.3,OSM-342464023,не указана,2022,51,none,,Зерноград,153.2
2022-02-21,,,,4.8,2.3,OSM-342464023,не указана,2022,52,none,,Зерноград,153.2
2022-02-22,,,,7.3,0.0,OSM-342464023,не указана,2022,53,none,,Зерноград,153.2
2022-02-23,,,,9.1,1.0,OSM-342464023,не указана,2022,54,none,,Зерноград,153.2
2022-02-24,,,,6.7,5.9,OSM-342464023,не указана,2022,55,none,,Зерноград,153.2
2022-02-25,,,,7.5,0.5,OSM-342464023,не указана,2022,56,none,,Зерноград,153.2
2022-02-26,,,,5.1,0.7,OSM-342464023,не указана,2022,57,none,,Зерноград,153.2
2022-02-27,,,,3.5,0.0,OSM-342464023,не указана,2022,58,none,,Зерноград,153.2
2022-02-28,,,,2.6,0.0,OSM-342464023,не указана,2022,59,none,,Зерноград,153.2
2022-03-01,,,,3.2,2.8,OSM-342464023,не указана,2022,60,none,,Зерноград,153.2
2022-03-02,,,,3.5,3.5,OSM-342464023,не указана,2022,61,none,,Зерноград,153.2
2022-03-03,,,,4.6,7.6,OSM-342464023,не указана,2022,62,none,,Зерноград,153.2
2022-03-04,,,,3.1,0.6,OSM-342464023,не указана,2022,63,none,,Зерноград,153.2
2022-03-05,,,,2.3,1.1,OSM-342464023,не указана,2022,64,none,,Зерноград,153.2
2022-03-06,,,0.2591,-0.7,0.9,OSM-342464023,не указана,2022,65,modis,0.2591,Зерноград,153.2
2022-03-07,,,,-0.2,0.1,OSM-342464023,не указана,2022,66,none,,Зерноград,153.2
2022-03-08,,,,-0.4,0.9,OSM-342464023,не указана,2022,67,none,,Зерноград,153.2
2022-03-09,,,,-0.9,0.2,OSM-342464023,не указана,2022,68,none,,Зерноград,153.2
2022-03-10,,,,-2.3,0.0,OSM-342464023,не указана,2022,69,none,,Зерноград,153.2
2022-03-11,,,,-2.8,0.0,OSM-342464023,не указана,2022,70,none,,Зерноград,153.2
2022-03-12,,,,-4.2,0.3,OSM-342464023,не указана,2022,71,none,,Зерноград,153.2
2022-03-13,,,,-3.4,0.0,OSM-342464023,не указана,2022,72,none,,Зерноград,153.2
2022-03-14,,,,-2.3,0.0,OSM-342464023,не указана,2022,73,none,,Зерноград,153.2
2022-03-15,,,,-0.3,3.2,OSM-342464023,не указана,2022,74,none,,Зерноград,153.2
2022-03-16,,-0.0061,,-3.9,0.0,OSM-342464023,не указана,2022,75,landsat,-0.0061,Зерноград,153.2
2022-03-17,,,,-5.7,0.0,OSM-342464023,не указана,2022,76,none,,Зерноград,153.2
2022-03-18,,,,-3.9,0.0,OSM-342464023,не указана,2022,77,none,,Зерноград,153.2
2022-03-19,,,,-2.5,0.0,OSM-342464023,не указана,2022,78,none,,Зерноград,153.2
2022-03-20,,,,-1.3,0.0,OSM-342464023,не указана,2022,79,none,,Зерноград,153.2
2022-03-21,,,,2.2,0.0,OSM-342464023,не указана,2022,80,none,,Зерноград,153.2
2022-03-22,,,0.2373,2.5,0.0,OSM-342464023,не указана,2022,81,modis,0.2373,Зерноград,153.2
2022-03-23,,0.2128999999999999,,2.4,0.0,OSM-342464023,не указана,2022,82,landsat,0.2128999999999999,Зерноград,153.2
2022-03-24,,0.21915,,2.2,0.0,OSM-342464023,не указана,2022,83,landsat,0.21915,Зерноград,153.2
2022-03-25,,,,2.8,0.2,OSM-342464023,не указана,2022,84,none,,Зерноград,153.2
2022-03-26,,,,5.6,0.0,OSM-342464023,не указана,2022,85,none,,Зерноград,153.2
2022-03-27,,,,3.6,9.1,OSM-342464023,не указана,2022,86,none,,Зерноград,153.2
2022-03-28,,,,1.4,0.0,OSM-342464023,не указана,2022,87,none,,Зерноград,153.2
2022-03-29,,,,8.9,0.0,OSM-342464023,не указана,2022,88,none,,Зерноград,153.2
2022-03-30,,,,12.0,0.3,OSM-342464023,не указана,2022,89,none,,Зерноград,153.2
2022-03-31,,,,13.2,0.0,OSM-342464023,не указана,2022,90,none,,Зерноград,153.2
2022-04-01,,,,16.0,0.9,OSM-342464023,не указана,2022,91,none,,Зерноград,153.2
2022-04-02,,,,16.9,0.1,OSM-342464023,не указана,2022,92,none,,Зерноград,153.2
2022-04-03,,,,13.0,4.8,OSM-342464023,не указана,2022,93,none,,Зерноград,153.2
2022-04-04,,,,6.6,2.9,OSM-342464023,не указана,2022,94,none,,Зерноград,153.2
2022-04-05,,,,5.9,0.1,OSM-342464023,не указана,2022,95,none,,Зерноград,153.2
2022-04-06,,,,7.7,0.0,OSM-342464023,не указана,2022,96,none,,Зерноград,153.2
2022-04-07,,,0.5151,10.7,0.0,OSM-342464023,не указана,2022,97,modis,0.5151,Зерноград,153.2
2022-04-08,,0.2316,,11.4,2.3,OSM-342464023,не указана,2022,98,landsat,0.2316,Зерноград,153.2
2022-04-09,,0.5944,,12.2,3.0,OSM-342464023,не указана,2022,99,landsat,0.5944,Зерноград,153.2
2022-04-10,,,,15.1,0.0,OSM-342464023,не указана,2022,100,none,,Зерноград,153.2
2022-04-11,,,,16.6,0.0,OSM-342464023,не указана,2022,101,none,,Зерноград,153.2
2022-04-12,,,,9.9,12.3,OSM-342464023,не указана,2022,102,none,,Зерноград,153.2
2022-04-13,,,,6.3,7.0,OSM-342464023,не указана,2022,103,none,,Зерноград,153.2
2022-04-14,,,,6.7,7.6,OSM-342464023,не указана,2022,104,none,,Зерноград,153.2
2022-04-15,,,,10.6,1.3,OSM-342464023,не указана,2022,105,none,,Зерноград,153.2
2022-04-16,,,,10.6,0.2,OSM-342464023,не указана,2022,106,none,,Зерноград,153.2
2022-04-17,,,,14.2,0.0,OSM-342464023,не указана,2022,107,none,,Зерноград,153.2
2022-04-18,,,,14.8,0.3,OSM-342464023,не указана,2022,108,none,,Зерноград,153.2
2022-04-19,,,,16.1,10.5,OSM-342464023,не указана,2022,109,none,,Зерноград,153.2
2022-04-20,,,,10.4,13.4,OSM-342464023,не указана,2022,110,none,,Зерноград,153.2
2022-04-21,,,,9.9,6.8,OSM-342464023,не указана,2022,111,none,,Зерноград,153.2
2022-04-22,,,,8.7,0.8,OSM-342464023,не указана,2022,112,none,,Зерноград,153.2
2022-04-23,,,0.4852,12.0,0.2,OSM-342464023,не указана,2022,113,modis,0.4852,Зерноград,153.2
2022-04-24,,,,14.2,0.4,OSM-342464023,не указана,2022,114,none,,Зерноград,153.2
2022-04-25,,0.4635,,15.8,0.0,OSM-342464023,не указана,2022,115,landsat,0.4635,Зерноград,153.2
2022-04-26,,,,19.5,0.0,OSM-342464023,не указана,2022,116,none,,Зерноград,153.2
2022-04-27,,,,18.0,0.0,OSM-342464023,не указана,2022,117,none,,Зерноград,153.2
2022-04-28,,,,16.1,0.0,OSM-342464023,не указана,2022,118,none,,Зерноград,153.2
2022-04-29,,,,15.5,0.0,OSM-342464023,не указана,2022,119,none,,Зерноград,153.2
2022-04-30,,,,13.1,1.5,OSM-342464023,не указана,2022,120,none,,Зерноград,153.2
2022-05-01,,,,13.3,0.4,OSM-342464023,не указана,2022,121,none,,Зерноград,153.2
2022-05-02,,,,9.4,1.4,OSM-342464023,не указана,2022,122,none,,Зерноград,153.2
2022-05-03,,,,9.3,0.0,OSM-342464023,не указана,2022,123,none,,Зерноград,153.2
2022-05-04,,,,13.3,1.1,OSM-342464023,не указана,2022,124,none,,Зерноград,153.2
2022-05-05,,,,12.1,14.9,OSM-342464023,не указана,2022,125,none,,Зерноград,153.2
2022-05-06,,,,10.2,0.1,OSM-342464023,не указана,2022,126,none,,Зерноград,153.2
2022-05-07,,,,10.5,0.0,OSM-342464023,не указана,2022,127,none,,Зерноград,153.2
2022-05-08,,,,12.0,0.0,OSM-342464023,не указана,2022,128,none,,Зерноград,153.2
2022-05-09,,,0.3753,14.3,0.0,OSM-342464023,не указана,2022,129,modis,0.3753,Зерноград,153.2
2022-05-10,,0.541925,,10.7,0.4,OSM-342464023,не указана,2022,130,landsat,0.541925,Зерноград,153.2
2022-05-11,,0.6264,,11.5,0.3,OSM-342464023,не указана,2022,131,landsat,0.6264,Зерноград,153.2
2022-05-12,,,,15.1,0.0,OSM-342464023,не указана,2022,132,none,,Зерноград,153.2
2022-05-13,,,,16.6,0.0,OSM-342464023,не указана,2022,133,none,,Зерноград,153.2
2022-05-14,,,,16.2,0.8,OSM-342464023,не указана,2022,134,none,,Зерноград,153.2
2022-05-15,,,,16.4,1.2,OSM-342464023,не указана,2022,135,none,,Зерноград,153.2
2022-05-16,,,,16.1,0.1,OSM-342464023,не указана,2022,136,none,,Зерноград,153.2
2022-05-17,,,,14.9,0.9,OSM-342464023,не указана,2022,137,none,,Зерноград,153.2
2022-05-18,,,,13.6,13.5,OSM-342464023,не указана,2022,138,none,,Зерноград,153.2
2022-05-19,,,,13.3,1.6,OSM-342464023,не указана,2022,139,none,,Зерноград,153.2
2022-05-20,,,,15.2,0.9,OSM-342464023,не указана,2022,140,none,,Зерноград,153.2
2022-05-21,,,,16.4,0.2,OSM-342464023,не указана,2022,141,none,,Зерноград,153.2
2022-05-22,,,,14.3,9.6,OSM-342464023,не указана,2022,142,none,,Зерноград,153.2
2022-05-23,,,,13.7,0.4,OSM-342464023,не указана,2022,143,none,,Зерноград,153.2
2022-05-24,,,,13.4,0.2,OSM-342464023,не указана,2022,144,none,,Зерноград,153.2
2022-05-25,,,0.5602,15.5,0.0,OSM-342464023,не указана,2022,145,modis,0.5602,Зерноград,153.2
2022-05-26,,0.746,,17.1,0.8,OSM-342464023,не указана,2022,146,landsat,0.746,Зерноград,153.2
2022-05-27,,0.6342,,17.6,0.5,OSM-342464023,не указана,2022,147,landsat,0.6342,Зерноград,153.2
2022-05-28,,,,19.2,0.0,OSM-342464023,не указана,2022,148,none,,Зерноград,153.2
2022-05-29,,,,22.2,0.0,OSM-342464023,не указана,2022,149,none,,Зерноград,153.2
2022-05-30,,,,24.1,0.0,OSM-342464023,не указана,2022,150,none,,Зерноград,153.2
2022-05-31,,,,27.0,0.0,OSM-342464023,не указана,2022,151,none,,Зерноград,153.2
2022-06-01,,,,26.4,0.1,OSM-342464023,не указана,2022,152,none,,Зерноград,153.2
2022-06-02,,,,26.7,0.0,OSM-342464023,не указана,2022,153,none,,Зерноград,153.2
2022-06-03,,0.7133,,25.9,0.0,OSM-342464023,не указана,2022,154,landsat,0.7133,Зерноград,153.2
2022-06-04,,,,26.2,0.0,OSM-342464023,не указана,2022,155,none,,Зерноград,153.2
2022-06-05,,,,26.3,0.0,OSM-342464023,не указана,2022,156,none,,Зерноград,153.2
2022-06-06,,,,22.3,0.0,OSM-342464023,не указана,2022,157,none,,Зерноград,153.2
2022-06-07,,,,21.2,0.0,OSM-342464023,не указана,2022,158,none,,Зерноград,153.2
2022-06-08,,,,22.8,0.0,OSM-342464023,не указана,2022,159,none,,Зерноград,153.2
2022-06-09,,,,23.7,0.0,OSM-342464023,не указана,2022,160,none,,Зерноград,153.2
2022-06-10,,,0.6333000000000001,24.6,0.0,OSM-342464023,не указана,2022,161,modis,0.6333000000000001,Зерноград,153.2
2022-06-11,,0.6491,,25.0,0.0,OSM-342464023,не указана,2022,162,landsat,0.6491,Зерноград,153.2
2022-06-12,,0.6301,,26.5,0.0,OSM-342464023,не указана,2022,163,landsat,0.6301,Зерноград,153.2
2022-06-13,,,,26.1,0.0,OSM-342464023,не указана,2022,164,none,,Зерноград,153.2
2022-06-14,,,,23.4,1.5,OSM-342464023,не указана,2022,165,none,,Зерноград,153.2
2022-06-15,,,,21.9,2.9,OSM-342464023,не указана,2022,166,none,,Зерноград,153.2
2022-06-16,,,,20.9,0.6,OSM-342464023,не указана,2022,167,none,,Зерноград,153.2
2022-06-17,,,,21.7,0.0,OSM-342464023,не указана,2022,168,none,,Зерноград,153.2
2022-06-18,,,,23.0,0.0,OSM-342464023,не указана,2022,169,none,,Зерноград,153.2
2022-06-19,,0.658,,24.6,0.0,OSM-342464023,не указана,2022,170,landsat,0.658,Зерноград,153.2
2022-06-20,,0.6321,,26.3,0.0,OSM-342464023,не указана,2022,171,landsat,0.6321,Зерноград,153.2
2022-06-21,,,,26.2,0.4,OSM-342464023,не указана,2022,172,none,,Зерноград,153.2
2022-06-22,,,,22.7,2.7,OSM-342464023,не указана,2022,173,none,,Зерноград,153.2
2022-06-23,,,,19.1,0.5,OSM-342464023,не указана,2022,174,none,,Зерноград,153.2
2022-06-24,,,,19.2,0.9,OSM-342464023,не указана,2022,175,none,,Зерноград,153.2
2022-06-25,,,,20.8,0.2,OSM-342464023,не указана,2022,176,none,,Зерноград,153.2
2022-06-26,,,0.6889000000000001,23.0,2.6,OSM-342464023,не указана,2022,177,modis,0.6889000000000001,Зерноград,153.2
2022-06-27,,,,22.3,19.9,OSM-342464023,не указана,2022,178,none,,Зерноград,153.2
2022-06-28,,,,19.1,2.0,OSM-342464023,не указана,2022,179,none,,Зерноград,153.2
2022-06-29,,,,23.0,0.0,OSM-342464023,не указана,2022,180,none,,Зерноград,153.2
2022-06-30,,,,22.0,0.0,OSM-342464023,не указана,2022,181,none,,Зерноград,153.2
2022-07-01,,,,22.8,0.0,OSM-342464023,не указана,2022,182,none,,Зерноград,153.2
2022-07-02,,,,19.3,0.0,OSM-342464023,не указана,2022,183,none,,Зерноград,153.2
2022-07-03,,,,21.0,0.0,OSM-342464023,не указана,2022,184,none,,Зерноград,153.2
2022-07-04,,,,23.8,0.0,OSM-342464023,не указана,2022,185,none,,Зерноград,153.2
2022-07-05,,0.43195,,25.3,0.0,OSM-342464023,не указана,2022,186,landsat,0.43195,Зерноград,153.2
2022-07-06,,0.4139,,25.5,0.0,OSM-342464023,не указана,2022,187,landsat,0.4139,Зерноград,153.2
2022-07-07,,,,25.3,0.0,OSM-342464023,не указана,2022,188,none,,Зерноград,153.2
2022-07-08,,,,26.1,0.0,OSM-342464023,не указана,2022,189,none,,Зерноград,153.2
2022-07-09,,,,28.8,0.0,OSM-342464023,не указана,2022,190,none,,Зерноград,153.2
2022-07-10,,,,28.5,0.4,OSM-342464023,не указана,2022,191,none,,Зерноград,153.2
2022-07-11,,,,22.9,12.4,OSM-342464023,не указана,2022,192,none,,Зерноград,153.2
2022-07-12,,0.7841,0.5789000000000001,24.0,0.0,OSM-342464023,не указана,2022,193,landsat,0.7841,Зерноград,153.2
2022-07-13,,,,24.0,0.0,OSM-342464023,не указана,2022,194,none,,Зерноград,153.2
2022-07-14,,0.3923,,23.1,0.0,OSM-342464023,не указана,2022,195,landsat,0.3923,Зерноград,153.2
2022-07-15,,,,23.2,0.2,OSM-342464023,не указана,2022,196,none,,Зерноград,153.2
2022-07-16,,,,22.6,1.9,OSM-342464023,не указана,2022,197,none,,Зерноград,153.2
2022-07-17,,0.3887,,25.8,0.0,OSM-342464023,не указана,2022,198,landsat,0.3887,Зерноград,153.2
2022-07-18,,,,24.6,0.0,OSM-342464023,не указана,2022,199,none,,Зерноград,153.2
2022-07-19,,,,22.0,0.0,OSM-342464023,не указана,2022,200,none,,Зерноград,153.2
2022-07-20,,,,23.6,0.0,OSM-342464023,не указана,2022,201,none,,Зерноград,153.2
2022-07-21,,0.3251,,22.1,1.5,OSM-342464023,не указана,2022,202,landsat,0.3251,Зерноград,153.2
2022-07-22,,0.5256,,20.2,2.9,OSM-342464023,не указана,2022,203,landsat,0.5256,Зерноград,153.2
2022-07-23,,,,18.9,7.8,OSM-342464023,не указана,2022,204,none,,Зерноград,153.2
2022-07-24,,,,21.3,0.1,OSM-342464023,не указана,2022,205,none,,Зерноград,153.2
2022-07-25,,,,23.3,0.0,OSM-342464023,не указана,2022,206,none,,Зерноград,153.2
2022-07-26,,,,21.9,6.8,OSM-342464023,не указана,2022,207,none,,Зерноград,153.2
2022-07-27,,,,21.7,0.2,OSM-342464023,не указана,2022,208,none,,Зерноград,153.2
2022-07-28,,,0.5505,24.8,0.1,OSM-342464023,не указана,2022,209,modis,0.5505,Зерноград,153.2
2022-07-29,,,,27.3,0.0,OSM-342464023,не указана,2022,210,none,,Зерноград,153.2
2022-07-30,,,,27.4,0.0,OSM-342464023,не указана,2022,211,none,,Зерноград,153.2
2022-07-31,,,,27.6,0.1,OSM-342464023,не указана,2022,212,none,,Зерноград,153.2
2022-08-01,,,,29.1,0.0,OSM-342464023,не указана,2022,213,none,,Зерноград,153.2
2022-08-02,,,,24.1,14.9,OSM-342464023,не указана,2022,214,none,,Зерноград,153.2
2022-08-03,,,,24.2,0.5,OSM-342464023,не указана,2022,215,none,,Зерноград,153.2
2022-08-04,,,,25.8,0.2,OSM-342464023,не указана,2022,216,none,,Зерноград,153.2
2022-08-05,,,,24.5,11.3,OSM-342464023,не указана,2022,217,none,,Зерноград,153.2
2022-08-06,,,,25.8,0.4,OSM-342464023,не указана,2022,218,none,,Зерноград,153.2
2022-08-07,,0.3446,,25.8,0.0,OSM-342464023,не указана,2022,219,landsat,0.3446,Зерноград,153.2
2022-08-08,,,,26.4,0.0,OSM-342464023,не указана,2022,220,none,,Зерноград,153.2
2022-08-09,,,,26.7,0.0,OSM-342464023,не указана,2022,221,none,,Зерноград,153.2
2022-08-10,,,,28.1,0.0,OSM-342464023,не указана,2022,222,none,,Зерноград,153.2
2022-08-11,,,,28.9,0.1,OSM-342464023,не указана,2022,223,none,,Зерноград,153.2
2022-08-12,,,,27.9,3.7,OSM-342464023,не указана,2022,224,none,,Зерноград,153.2
2022-08-13,,,0.3549,28.5,0.0,OSM-342464023,не указана,2022,225,modis,0.3549,Зерноград,153.2
2022-08-14,,,,29.7,0.0,OSM-342464023,не указана,2022,226,none,,Зерноград,153.2
2022-08-15,,0.3061,,31.1,0.0,OSM-342464023,не указана,2022,227,landsat,0.3061,Зерноград,153.2
2022-08-16,,,,29.1,0.0,OSM-342464023,не указана,2022,228,none,,Зерноград,153.2
2022-08-17,,,,27.7,0.0,OSM-342464023,не указана,2022,229,none,,Зерноград,153.2
2022-08-18,,,,25.1,4.7,OSM-342464023,не указана,2022,230,none,,Зерноград,153.2
2022-08-19,,,,25.2,3.1,OSM-342464023,не указана,2022,231,none,,Зерноград,153.2
2022-08-20,,,,24.2,6.9,OSM-342464023,не указана,2022,232,none,,Зерноград,153.2
2022-08-21,,,,25.4,1.1,OSM-342464023,не указана,2022,233,none,,Зерноград,153.2
2022-08-22,,,,25.9,0.0,OSM-342464023,не указана,2022,234,none,,Зерноград,153.2
2022-08-23,,,,27.1,0.0,OSM-342464023,не указана,2022,235,none,,Зерноград,153.2
2022-08-24,,,,26.8,0.0,OSM-342464023,не указана,2022,236,none,,Зерноград,153.2
2022-08-25,,,,26.9,0.0,OSM-342464023,не указана,2022,237,none,,Зерноград,153.2
2022-08-26,,,,26.6,0.0,OSM-342464023,не указана,2022,238,none,,Зерноград,153.2
2022-08-27,,,,27.3,0.0,OSM-342464023,не указана,2022,239,none,,Зерноград,153.2
2022-08-28,,,,27.8,0.0,OSM-342464023,не указана,2022,240,none,,Зерноград,153.2
2022-08-29,,,0.2285,26.0,0.0,OSM-342464023,не указана,2022,241,modis,0.2285,Зерноград,153.2
2022-08-30,,,,26.8,0.0,OSM-342464023,не указана,2022,242,none,,Зерноград,153.2
2022-08-31,,0.2357,,28.0,0.0,OSM-342464023,не указана,2022,243,landsat,0.2357,Зерноград,153.2
2022-09-01,,,,27.6,0.0,OSM-342464023,не указана,2022,244,none,,Зерноград,153.2
2022-09-02,,,,23.1,0.0,OSM-342464023,не указана,2022,245,none,,Зерноград,153.2
2022-09-03,,,,22.5,2.9,OSM-342464023,не указана,2022,246,none,,Зерноград,153.2
2022-09-04,,,,19.2,3.3,OSM-342464023,не указана,2022,247,none,,Зерноград,153.2
2022-09-05,,,,15.0,0.0,OSM-342464023,не указана,2022,248,none,,Зерноград,153.2
2022-09-06,,,,15.7,0.2,OSM-342464023,не указана,2022,249,none,,Зерноград,153.2
2022-09-07,,0.2317,,14.7,0.0,OSM-342464023,не указана,2022,250,landsat,0.2317,Зерноград,153.2
2022-09-08,,0.2139,,15.2,0.0,OSM-342464023,не указана,2022,251,landsat,0.2139,Зерноград,153.2
2022-09-09,,,,16.6,0.0,OSM-342464023,не указана,2022,252,none,,Зерноград,153.2
2022-09-10,,,,15.3,0.0,OSM-342464023,не указана,2022,253,none,,Зерноград,153.2
2022-09-11,,,,18.0,0.3,OSM-342464023,не указана,2022,254,none,,Зерноград,153.2
2022-09-12,,,,18.7,13.7,OSM-342464023,не указана,2022,255,none,,Зерноград,153.2
2022-09-13,,,,18.2,4.3,OSM-342464023,не указана,2022,256,none,,Зерноград,153.2
2022-09-14,,,0.2029,16.2,1.8,OSM-342464023,не указана,2022,257,modis,0.2029,Зерноград,153.2
2022-09-15,,,,18.8,0.8,OSM-342464023,не указана,2022,258,none,,Зерноград,153.2
2022-09-16,,,,22.0,7.3,OSM-342464023,не указана,2022,259,none,,Зерноград,153.2
2022-09-17,,,,21.3,0.5,OSM-342464023,не указана,2022,260,none,,Зерноград,153.2
2022-09-18,,,,25.6,0.0,OSM-342464023,не указана,2022,261,none,,Зерноград,153.2
2022-09-19,,,,17.2,2.9,OSM-342464023,не указана,2022,262,none,,Зерноград,153.2
2022-09-20,,,,17.7,0.0,OSM-342464023,не указана,2022,263,none,,Зерноград,153.2
2022-09-21,,,,17.8,0.1,OSM-342464023,не указана,2022,264,none,,Зерноград,153.2
2022-09-22,,,,14.4,2.3,OSM-342464023,не указана,2022,265,none,,Зерноград,153.2
2022-09-23,,,,13.1,20.9,OSM-342464023,не указана,2022,266,none,,Зерноград,153.2
2022-09-24,,,,11.7,5.1,OSM-342464023,не указана,2022,267,none,,Зерноград,153.2
2022-09-25,,,,12.8,0.0,OSM-342464023,не указана,2022,268,none,,Зерноград,153.2
2022-09-26,,,,15.1,0.0,OSM-342464023,не указана,2022,269,none,,Зерноград,153.2
2022-09-27,,,,17.5,0.0,OSM-342464023,не указана,2022,270,none,,Зерноград,153.2
2022-09-28,,,,17.2,1.5,OSM-342464023,не указана,2022,271,none,,Зерноград,153.2
2022-09-29,,,,17.8,0.6,OSM-342464023,не указана,2022,272,none,,Зерноград,153.2
2022-09-30,,,0.2138,18.0,0.0,OSM-342464023,не указана,2022,273,modis,0.2138,Зерноград,153.2
2022-10-01,,0.22115,,19.5,0.0,OSM-342464023,не указана,2022,274,landsat,0.22115,Зерноград,153.2
2022-10-02,,,,20.5,2.6,OSM-342464023,не указана,2022,275,none,,Зерноград,153.2
2022-10-03,,,,14.9,1.8,OSM-342464023,не указана,2022,276,none,,Зерноград,153.2
2022-10-04,,,,14.8,0.6,OSM-342464023,не указана,2022,277,none,,Зерноград,153.2
2022-10-05,,,,12.7,0.0,OSM-342464023,не указана,2022,278,none,,Зерноград,153.2
2022-10-06,,,,12.2,0.0,OSM-342464023,не указана,2022,279,none,,Зерноград,153.2
2022-10-07,,,,13.3,0.0,OSM-342464023,не указана,2022,280,none,,Зерноград,153.2
2022-10-08,,,,15.4,0.0,OSM-342464023,не указана,2022,281,none,,Зерноград,153.2
2022-10-09,,,,15.7,8.2,OSM-342464023,не указана,2022,282,none,,Зерноград,153.2
2022-10-10,,,,14.3,1.1,OSM-342464023,не указана,2022,283,none,,Зерноград,153.2
2022-10-11,,,,10.8,4.5,OSM-342464023,не указана,2022,284,none,,Зерноград,153.2
2022-10-12,,,,11.1,0.0,OSM-342464023,не указана,2022,285,none,,Зерноград,153.2
2022-10-13,,,,11.0,0.0,OSM-342464023,не указана,2022,286,none,,Зерноград,153.2
2022-10-14,,,,10.2,0.0,OSM-342464023,не указана,2022,287,none,,Зерноград,153.2
2022-10-15,,,,8.6,0.0,OSM-342464023,не указана,2022,288,none,,Зерноград,153.2
2022-10-16,,,0.0866,10.5,0.0,OSM-342464023,не указана,2022,289,modis,0.0866,Зерноград,153.2
2022-10-17,,0.2195,,9.8,0.0,OSM-342464023,не указана,2022,290,landsat,0.2195,Зерноград,153.2
2022-10-18,,0.2217,,9.8,0.0,OSM-342464023,не указана,2022,291,landsat,0.2217,Зерноград,153.2
2022-10-19,,,,11.7,0.0,OSM-342464023,не указана,2022,292,none,,Зерноград,153.2
2022-10-20,,,,9.8,2.3,OSM-342464023,не указана,2022,293,none,,Зерноград,153.2
2022-10-21,,,,7.4,0.9,OSM-342464023,не указана,2022,294,none,,Зерноград,153.2
2022-10-22,,,,7.0,0.1,OSM-342464023,не указана,2022,295,none,,Зерноград,153.2
2022-10-23,,,,10.0,1.6,OSM-342464023,не указана,2022,296,none,,Зерноград,153.2
2022-10-24,,,,10.2,4.8,OSM-342464023,не указана,2022,297,none,,Зерноград,153.2
2022-10-25,,,,9.4,0.0,OSM-342464023,не указана,2022,298,none,,Зерноград,153.2
2022-10-26,,,,11.2,5.8,OSM-342464023,не указана,2022,299,none,,Зерноград,153.2
2022-10-27,,,,11.2,0.8,OSM-342464023,не указана,2022,300,none,,Зерноград,153.2
2022-10-28,,,,8.3,0.2,OSM-342464023,не указана,2022,301,none,,Зерноград,153.2
2022-10-29,,,,8.4,0.0,OSM-342464023,не указана,2022,302,none,,Зерноград,153.2
2022-10-30,,,,11.2,6.2,OSM-342464023,не указана,2022,303,none,,Зерноград,153.2
2022-10-31,,,,8.0,1.7,OSM-342464023,не указана,2022,304,none,,Зерноград,153.2
2022-11-01,,,0.3127,4.2,0.0,OSM-342464023,не указана,2022,305,modis,0.3127,Зерноград,153.2
2022-11-02,,,,6.2,2.0,OSM-342464023,не указана,2022,306,none,,Зерноград,153.2
2022-11-03,,0.3272,,6.4,0.3,OSM-342464023,не указана,2022,307,landsat,0.3272,Зерноград,153.2
2022-11-04,,,,6.5,4.5,OSM-342464023,не указана,2022,308,none,,Зерноград,153.2
2022-11-05,,,,5.1,1.6,OSM-342464023,не указана,2022,309,none,,Зерноград,153.2
2022-11-06,,,,3.7,0.0,OSM-342464023,не указана,2022,310,none,,Зерноград,153.2
2022-11-07,,,,3.5,0.0,OSM-342464023,не указана,2022,311,none,,Зерноград,153.2
2022-11-08,,,,5.1,0.0,OSM-342464023,не указана,2022,312,none,,Зерноград,153.2
2022-11-09,,,,5.8,0.0,OSM-342464023,не указана,2022,313,none,,Зерноград,153.2
2022-11-10,,,,7.3,0.0,OSM-342464023,не указана,2022,314,none,,Зерноград,153.2
2022-11-11,,,,6.7,0.0,OSM-342464023,не указана,2022,315,none,,Зерноград,153.2
2022-11-12,,,,5.9,0.0,OSM-342464023,не указана,2022,316,none,,Зерноград,153.2
2022-11-13,,,,7.6,0.7,OSM-342464023,не указана,2022,317,none,,Зерноград,153.2
2022-11-14,,,,5.4,0.0,OSM-342464023,не указана,2022,318,none,,Зерноград,153.2
2022-11-15,,,,0.8,0.0,OSM-342464023,не указана,2022,319,none,,Зерноград,153.2
2022-11-16,,,,2.6,0.1,OSM-342464023,не указана,2022,320,none,,Зерноград,153.2
2022-11-17,,,0.3542,9.9,4.1,OSM-342464023,не указана,2022,321,modis,0.3542,Зерноград,153.2
2022-11-18,,,,8.0,2.9,OSM-342464023,не указана,2022,322,none,,Зерноград,153.2
2022-11-19,,,,11.3,4.4,OSM-342464023,не указана,2022,323,none,,Зерноград,153.2
2022-11-20,,,,8.8,0.7,OSM-342464023,не указана,2022,324,none,,Зерноград,153.2
2022-11-21,,,,13.8,0.6,OSM-342464023,не указана,2022,325,none,,Зерноград,153.2
2022-11-22,,,,12.5,6.4,OSM-342464023,не указана,2022,326,none,,Зерноград,153.2
2022-11-23,,,,5.5,0.0,OSM-342464023,не указана,2022,327,none,,Зерноград,153.2
2022-11-24,,,,7.5,0.0,OSM-342464023,не указана,2022,328,none,,Зерноград,153.2
2022-11-25,,,,7.0,0.1,OSM-342464023,не указана,2022,329,none,,Зерноград,153.2
2022-11-26,,,,5.3,0.0,OSM-342464023,не указана,2022,330,none,,Зерноград,153.2
2022-11-27,,,,4.0,0.0,OSM-342464023,не указана,2022,331,none,,Зерноград,153.2
2022-11-28,,,,1.3,0.0,OSM-342464023,не указана,2022,332,none,,Зерноград,153.2
2022-11-29,,,,-1.4,0.0,OSM-342464023,не указана,2022,333,none,,Зерноград,153.2
2022-11-30,,,,-1.4,0.0,OSM-342464023,не указана,2022,334,none,,Зерноград,153.2
2022-12-01,,,,-1.1,0.0,OSM-342464023,не указана,2022,335,none,,Зерноград,153.2
2022-12-02,,,,-1.0,0.0,OSM-342464023,не указана,2022,336,none,,Зерноград,153.2
2022-12-03,,,0.4525,-4.0,0.0,OSM-342464023,не указана,2022,337,modis,0.4525,Зерноград,153.2
2022-12-04,,,,-7.5,0.0,OSM-342464023,не указана,2022,338,none,,Зерноград,153.2
2022-12-05,,0.3389,,-5.6,0.0,OSM-342464023,не указана,2022,339,landsat,0.3389,Зерноград,153.2
2022-12-06,,,,-5.7,0.0,OSM-342464023,не указана,2022,340,none,,Зерноград,153.2
2022-12-07,,,,-4.0,0.0,OSM-342464023,не указана,2022,341,none,,Зерноград,153.2
2022-12-08,,,,0.1,0.0,OSM-342464023,не указана,2022,342,none,,Зерноград,153.2
2022-12-09,,,,1.4,0.1,OSM-342464023,не указана,2022,343,none,,Зерноград,153.2
2022-12-10,,,,2.5,0.0,OSM-342464023,не указана,2022,344,none,,Зерноград,153.2
2022-12-11,,,,4.3,0.2,OSM-342464023,не указана,2022,345,none,,Зерноград,153.2
2022-12-12,,,,4.9,1.0,OSM-342464023,не указана,2022,346,none,,Зерноград,153.2
2022-12-13,,,,3.7,7.1,OSM-342464023,не указана,2022,347,none,,Зерноград,153.2
2022-12-14,,,,-0.7,0.3,OSM-342464023,не указана,2022,348,none,,Зерноград,153.2
2022-12-15,,,,-0.1,2.6,OSM-342464023,не указана,2022,349,none,,Зерноград,153.2
2022-12-16,,,,4.0,1.9,OSM-342464023,не указана,2022,350,none,,Зерноград,153.2
2022-12-17,,,,7.1,0.0,OSM-342464023,не указана,2022,351,none,,Зерноград,153.2
2022-12-18,,,,7.1,0.9,OSM-342464023,не указана,2022,352,none,,Зерноград,153.2
2022-12-19,,,0.3444,-2.6,0.0,OSM-342464023,не указана,2022,353,modis,0.3444,Зерноград,153.2
2022-12-20,,0.3945,,-4.2,0.0,OSM-342464023,не указана,2022,354,landsat,0.3945,Зерноград,153.2
2022-12-21,,,,-2.4,0.0,OSM-342464023,не указана,2022,355,none,,Зерноград,153.2
2022-12-22,,,,0.7,0.0,OSM-342464023,не указана,2022,356,none,,Зерноград,153.2
2022-12-23,,,,0.6,0.0,OSM-342464023,не указана,2022,357,none,,Зерноград,153.2
2022-12-24,,,,0.8,0.0,OSM-342464023,не указана,2022,358,none,,Зерноград,153.2
2022-12-25,,,,1.2,1.2,OSM-342464023,не указана,2022,359,none,,Зерноград,153.2
2022-12-26,,,,1.4,2.4,OSM-342464023,не указана,2022,360,none,,Зерноград,153.2
2022-12-27,,,,2.7,7.1,OSM-342464023,не указана,2022,361,none,,Зерноград,153.2
2022-12-28,,,,3.6,10.5,OSM-342464023,не указана,2022,362,none,,Зерноград,153.2
2022-12-29,,,,0.9,0.0,OSM-342464023,не указана,2022,363,none,,Зерноград,153.2
2022-12-30,,,,3.3,0.0,OSM-342464023,не указана,2022,364,none,,Зерноград,153.2
2022-12-31,,,,5.1,0.0,OSM-342464023,не указана,2022,365,none,,Зерноград,153.2
2023-01-01,,,0.3444,6.3,0.0,OSM-342464023,не указана,2023,1,modis,0.3444,Зерноград,153.2
2023-01-02,,,,7.8,0.0,OSM-342464023,не указана,2023,2,none,,Зерноград,153.2
2023-01-03,,,,7.1,0.0,OSM-342464023,не указана,2023,3,none,,Зерноград,153.2
2023-01-04,,,,5.2,0.2,OSM-342464023,не указана,2023,4,none,,Зерноград,153.2
2023-01-05,,,,3.3,3.3,OSM-342464023,не указана,2023,5,none,,Зерноград,153.2
2023-01-06,,,,5.0,11.9,OSM-342464023,не указана,2023,6,none,,Зерноград,153.2
2023-01-07,,,,-10.8,0.0,OSM-342464023,не указана,2023,7,none,,Зерноград,153.2
2023-01-08,,,,-13.9,0.0,OSM-342464023,не указана,2023,8,none,,Зерноград,153.2
2023-01-09,,,,-11.2,0.0,OSM-342464023,не указана,2023,9,none,,Зерноград,153.2
2023-01-10,,,,-11.4,0.0,OSM-342464023,не указана,2023,10,none,,Зерноград,153.2
2023-01-11,,,,-7.1,0.0,OSM-342464023,не указана,2023,11,none,,Зерноград,153.2
2023-01-12,,,,-1.0,0.0,OSM-342464023,не указана,2023,12,none,,Зерноград,153.2
2023-01-13,,,,0.8,0.0,OSM-342464023,не указана,2023,13,none,,Зерноград,153.2
2023-01-14,,,,0.5,0.0,OSM-342464023,не указана,2023,14,none,,Зерноград,153.2
2023-01-15,,,,-0.1,0.0,OSM-342464023,не указана,2023,15,none,,Зерноград,153.2
2023-01-16,,,,-0.7,0.0,OSM-342464023,не указана,2023,16,none,,Зерноград,153.2
2023-01-17,,,0.2832,1.1,0.0,OSM-342464023,не указана,2023,17,modis,0.2832,Зерноград,153.2
2023-01-18,,,,1.6,0.0,OSM-342464023,не указана,2023,18,none,,Зерноград,153.2
2023-01-19,,,,2.5,0.0,OSM-342464023,не указана,2023,19,none,,Зерноград,153.2
2023-01-20,,,,1.2,0.0,OSM-342464023,не указана,2023,20,none,,Зерноград,153.2
2023-01-21,,,,1.2,0.0,OSM-342464023,не указана,2023,21,none,,Зерноград,153.2
2023-01-22,,,,0.9,0.0,OSM-342464023,не указана,2023,22,none,,Зерноград,153.2
2023-01-23,,,,-0.6,0.0,OSM-342464023,не указана,2023,23,none,,Зерноград,153.2
2023-01-24,,,,-1.0,0.0,OSM-342464023,не указана,2023,24,none,,Зерноград,153.2
2023-01-25,,,,-1.2,0.0,OSM-342464023,не указана,2023,25,none,,Зерноград,153.2
2023-01-26,,,,-2.2,0.0,OSM-342464023,не указана,2023,26,none,,Зерноград,153.2
2023-01-27,,,,-2.2,0.0,OSM-342464023,не указана,2023,27,none,,Зерноград,153.2
2023-01-28,,,,-0.6,0.0,OSM-342464023,не указана,2023,28,none,,Зерноград,153.2
2023-01-29,,,,0.8,1.1,OSM-342464023,не указана,2023,29,none,,Зерноград,153.2
2023-01-30,,,,1.3,0.0,OSM-342464023,не указана,2023,30,none,,Зерноград,153.2
2023-01-31,,,,1.6,0.9,OSM-342464023,не указана,2023,31,none,,Зерноград,153.2
2023-02-01,,,,0.7,3.2,OSM-342464023,не указана,2023,32,none,,Зерноград,153.2
2023-02-02,,,0.3329,-1.7,0.3,OSM-342464023,не указана,2023,33,modis,0.3329,Зерноград,153.2
2023-02-03,,,,-0.5,3.8,OSM-342464023,не указана,2023,34,none,,Зерноград,153.2
2023-02-04,,,,-0.0,0.1,OSM-342464023,не указана,2023,35,none,,Зерноград,153.2
2023-02-05,,,,-0.4,0.0,OSM-342464023,не указана,2023,36,none,,Зерноград,153.2
2023-02-06,,,,-3.4,0.0,OSM-342464023,не указана,2023,37,none,,Зерноград,153.2
2023-02-07,,,,-5.7,3.4,OSM-342464023,не указана,2023,38,none,,Зерноград,153.2
2023-02-08,,,,-6.3,0.0,OSM-342464023,не указана,2023,39,none,,Зерноград,153.2
2023-02-09,,,,-7.4,0.0,OSM-342464023,не указана,2023,40,none,,Зерноград,153.2
2023-02-10,,,,-8.7,0.0,OSM-342464023,не указана,2023,41,none,,Зерноград,153.2
2023-02-11,,,,-5.2,0.0,OSM-342464023,не указана,2023,42,none,,Зерноград,153.2
2023-02-12,,,,-2.0,3.0,OSM-342464023,не указана,2023,43,none,,Зерноград,153.2
2023-02-13,,,,-3.8,0.8,OSM-342464023,не указана,2023,44,none,,Зерноград,153.2
2023-02-14,,,,-0.7,8.1,OSM-342464023,не указана,2023,45,none,,Зерноград,153.2
2023-02-15,,,,-4.6,0.1,OSM-342464023,не указана,2023,46,none,,Зерноград,153.2
2023-02-16,,,,-6.6,0.2,OSM-342464023,не указана,2023,47,none,,Зерноград,153.2
2023-02-17,,,,-5.1,13.0,OSM-342464023,не указана,2023,48,none,,Зерноград,153.2
2023-02-18,,,0.2424,0.4,7.1,OSM-342464023,не указана,2023,49,modis,0.2424,Зерноград,153.2
2023-02-19,,,,1.3,1.6,OSM-342464023,не указана,2023,50,none,,Зерноград,153.2
2023-02-20,,,,-0.4,6.1,OSM-342464023,не указана,2023,51,none,,Зерноград,153.2
2023-02-21,,,,1.2,9.7,OSM-342464023,не указана,2023,52,none,,Зерноград,153.2
2023-02-22,,,,-2.3,0.9,OSM-342464023,не указана,2023,53,none,,Зерноград,153.2
2023-02-23,,0.3196,,-8.9,0.0,OSM-342464023,не указана,2023,54,landsat,0.3196,Зерноград,153.2
2023-02-24,,,,-5.0,0.0,OSM-342464023,не указана,2023,55,none,,Зерноград,153.2
2023-02-25,,,,2.2,0.0,OSM-342464023,не указана,2023,56,none,,Зерноград,153.2
2023-02-26,,,,10.3,0.2,OSM-342464023,не указана,2023,57,none,,Зерноград,153.2
2023-02-27,,,,9.5,0.0,OSM-342464023,не указана,2023,58,none,,Зерноград,153.2
2023-02-28,,,,5.8,0.0,OSM-342464023,не указана,2023,59,none,,Зерноград,153.2
2023-03-01,,,,1.6,0.2,OSM-342464023,не указана,2023,60,none,,Зерноград,153.2
2023-03-02,,0.27505,,-0.6,0.0,OSM-342464023,не указана,2023,61,landsat,0.27505,Зерноград,153.2
2023-03-03,,,,1.3,0.0,OSM-342464023,не указана,2023,62,none,,Зерноград,153.2
2023-03-04,,,,4.1,0.1,OSM-342464023,не указана,2023,63,none,,Зерноград,153.2
2023-03-05,,,,6.4,2.5,OSM-342464023,не указана,2023,64,none,,Зерноград,153.2
2023-03-06,,,0.2697,2.0,0.0,OSM-342464023,не указана,2023,65,modis,0.2697,Зерноград,153.2
2023-03-07,,,,4.3,0.2,OSM-342464023,не указана,2023,66,none,,Зерноград,153.2
2023-03-08,,,,8.8,1.1,OSM-342464023,не указана,2023,67,none,,Зерноград,153.2
2023-03-09,,,,9.6,0.3,OSM-342464023,не указана,2023,68,none,,Зерноград,153.2
2023-03-10,,,,10.5,1.9,OSM-342464023,не указана,2023,69,none,,Зерноград,153.2
2023-03-11,,,,12.7,0.9,OSM-342464023,не указана,2023,70,none,,Зерноград,153.2
2023-03-12,,,,11.8,8.7,OSM-342464023,не указана,2023,71,none,,Зерноград,153.2
2023-03-13,,,,3.1,0.0,OSM-342464023,не указана,2023,72,none,,Зерноград,153.2
2023-03-14,,,,4.4,0.0,OSM-342464023,не указана,2023,73,none,,Зерноград,153.2
2023-03-15,,,,8.1,0.2,OSM-342464023,не указана,2023,74,none,,Зерноград,153.2
2023-03-16,,,,7.8,0.0,OSM-342464023,не указана,2023,75,none,,Зерноград,153.2
2023-03-17,,,,6.8,1.9,OSM-342464023,не указана,2023,76,none,,Зерноград,153.2
2023-03-18,,,,7.8,0.0,OSM-342464023,не указана,2023,77,none,,Зерноград,153.2
2023-03-19,,,,8.1,0.0,OSM-342464023,не указана,2023,78,none,,Зерноград,153.2
2023-03-20,,,,10.7,0.0,OSM-342464023,не указана,2023,79,none,,Зерноград,153.2
2023-03-21,,,,10.2,0.1,OSM-342464023,не указана,2023,80,none,,Зерноград,153.2
2023-03-22,,0.27935,0.4522,10.2,0.0,OSM-342464023,не указана,2023,81,landsat,0.27935,Зерноград,153.2
2023-03-23,,,,11.2,0.0,OSM-342464023,не указана,2023,82,none,,Зерноград,153.2
2023-03-24,,,,10.8,0.6,OSM-342464023,не указана,2023,83,none,,Зерноград,153.2
2023-03-25,,,,9.9,0.0,OSM-342464023,не указана,2023,84,none,,Зерноград,153.2
2023-03-26,,,,10.6,1.1,OSM-342464023,не указана,2023,85,none,,Зерноград,153.2
2023-03-27,,,,8.0,2.1,OSM-342464023,не указана,2023,86,none,,Зерноград,153.2
2023-03-28,,,,10.5,6.4,OSM-342464023,не указана,2023,87,none,,Зерноград,153.2
2023-03-29,,,,6.9,8.3,OSM-342464023,не указана,2023,88,none,,Зерноград,153.2
2023-03-30,,,,1.3,11.9,OSM-342464023,не указана,2023,89,none,,Зерноград,153.2
2023-03-31,,,,4.6,2.1,OSM-342464023,не указана,2023,90,none,,Зерноград,153.2
2023-04-01,,,,6.3,0.0,OSM-342464023,не указана,2023,91,none,,Зерноград,153.2
2023-04-02,,,,9.6,0.0,OSM-342464023,не указана,2023,92,none,,Зерноград,153.2
2023-04-03,,,,10.7,5.8,OSM-342464023,не указана,2023,93,none,,Зерноград,153.2
2023-04-04,,,,12.4,0.0,OSM-342464023,не указана,2023,94,none,,Зерноград,153.2
2023-04-05,,,,13.5,2.0,OSM-342464023,не указана,2023,95,none,,Зерноград,153.2
2023-04-06,,,,11.4,1.3,OSM-342464023,не указана,2023,96,none,,Зерноград,153.2
2023-04-07,,,0.6873,12.2,1.1,OSM-342464023,не указана,2023,97,modis,0.6873,Зерноград,153.2
2023-04-08,,,,11.9,4.8,OSM-342464023,не указана,2023,98,none,,Зерноград,153.2
2023-04-09,,,,10.0,4.2,OSM-342464023,не указана,2023,99,none,,Зерноград,153.2
2023-04-10,,,,12.8,0.1,OSM-342464023,не указана,2023,100,none,,Зерноград,153.2
2023-04-11,,0.539,,14.6,0.6,OSM-342464023,не указана,2023,101,landsat,0.539,Зерноград,153.2
2023-04-12,,,,15.0,1.9,OSM-342464023,не указана,2023,102,none,,Зерноград,153.2
2023-04-13,,,,11.5,2.4,OSM-342464023,не указана,2023,103,none,,Зерноград,153.2
2023-04-14,,,,9.7,23.6,OSM-342464023,не указана,2023,104,none,,Зерноград,153.2
2023-04-15,,,,5.5,1.0,OSM-342464023,не указана,2023,105,none,,Зерноград,153.2
2023-04-16,,,,6.7,0.0,OSM-342464023,не указана,2023,106,none,,Зерноград,153.2
2023-04-17,,,,9.3,0.8,OSM-342464023,не указана,2023,107,none,,Зерноград,153.2
2023-04-18,,,,10.5,0.7,OSM-342464023,не указана,2023,108,none,,Зерноград,153.2
2023-04-19,,,,11.1,1.8,OSM-342464023,не указана,2023,109,none,,Зерноград,153.2
2023-04-20,,,,11.7,5.7,OSM-342464023,не указана,2023,110,none,,Зерноград,153.2
2023-04-21,,,,11.3,10.9,OSM-342464023,не указана,2023,111,none,,Зерноград,153.2
2023-04-22,,,,10.8,5.3,OSM-342464023,не указана,2023,112,none,,Зерноград,153.2
2023-04-23,,,0.7558,10.7,0.3,OSM-342464023,не указана,2023,113,modis,0.7558,Зерноград,153.2
2023-04-24,,,,12.0,3.2,OSM-342464023,не указана,2023,114,none,,Зерноград,153.2
2023-04-25,,,,11.1,2.1,OSM-342464023,не указана,2023,115,none,,Зерноград,153.2
2023-04-26,,,,13.9,0.0,OSM-342464023,не указана,2023,116,none,,Зерноград,153.2
2023-04-27,,0.7378499999999999,,16.1,5.7,OSM-342464023,не указана,2023,117,landsat,0.7378499999999999,Зерноград,153.2
2023-04-28,,,,15.7,11.0,OSM-342464023,не указана,2023,118,none,,Зерноград,153.2
2023-04-29,,,,15.2,7.7,OSM-342464023,не указана,2023,119,none,,Зерноград,153.2
2023-04-30,,,,11.0,1.9,OSM-342464023,не указана,2023,120,none,,Зерноград,153.2
2023-05-01,,,,11.4,0.9,OSM-342464023,не указана,2023,121,none,,Зерноград,153.2
2023-05-02,,,,10.8,0.4,OSM-342464023,не указана,2023,122,none,,Зерноград,153.2
2023-05-03,,,,12.5,0.0,OSM-342464023,не указана,2023,123,none,,Зерноград,153.2
2023-05-04,,,,14.7,0.0,OSM-342464023,не указана,2023,124,none,,Зерноград,153.2
2023-05-05,,0.776,,16.8,0.0,OSM-342464023,не указана,2023,125,landsat,0.776,Зерноград,153.2
2023-05-06,,0.818,,17.6,0.0,OSM-342464023,не указана,2023,126,landsat,0.818,Зерноград,153.2
2023-05-07,,,,12.3,4.2,OSM-342464023,не указана,2023,127,none,,Зерноград,153.2
2023-05-08,,,,8.7,13.9,OSM-342464023,не указана,2023,128,none,,Зерноград,153.2
2023-05-09,,,0.8529,7.7,11.3,OSM-342464023,не указана,2023,129,modis,0.8529,Зерноград,153.2
2023-05-10,,,,8.5,1.2,OSM-342464023,не указана,2023,130,none,,Зерноград,153.2
2023-05-11,,,,9.1,0.2,OSM-342464023,не указана,2023,131,none,,Зерноград,153.2
2023-05-12,,,,12.1,0.0,OSM-342464023,не указана,2023,132,none,,Зерноград,153.2
2023-05-13,,0.81645,,14.1,0.0,OSM-342464023,не указана,2023,133,landsat,0.81645,Зерноград,153.2
2023-05-14,,,,14.8,1.3,OSM-342464023,не указана,2023,134,none,,Зерноград,153.2
2023-05-15,,,,16.4,0.0,OSM-342464023,не указана,2023,135,none,,Зерноград,153.2
2023-05-16,,,,16.3,0.0,OSM-342464023,не указана,2023,136,none,,Зерноград,153.2
2023-05-17,,,,16.2,0.0,OSM-342464023,не указана,2023,137,none,,Зерноград,153.2
2023-05-18,,,,18.8,0.0,OSM-342464023,не указана,2023,138,none,,Зерноград,153.2
2023-05-19,,,,19.7,0.0,OSM-342464023,не указана,2023,139,none,,Зерноград,153.2
2023-05-20,,,,20.1,0.0,OSM-342464023,не указана,2023,140,none,,Зерноград,153.2
2023-05-21,,,,17.9,0.2,OSM-342464023,не указана,2023,141,none,,Зерноград,153.2
2023-05-22,,,,17.0,0.9,OSM-342464023,не указана,2023,142,none,,Зерноград,153.2
2023-05-23,,,,19.4,5.4,OSM-342464023,не указана,2023,143,none,,Зерноград,153.2
2023-05-24,,,,20.0,4.3,OSM-342464023,не указана,2023,144,none,,Зерноград,153.2
2023-05-25,,,0.7839,19.7,0.9,OSM-342464023,не указана,2023,145,modis,0.7839,Зерноград,153.2
2023-05-26,,,,20.3,3.6,OSM-342464023,не указана,2023,146,none,,Зерноград,153.2
2023-05-27,,,,18.4,2.4,OSM-342464023,не указана,2023,147,none,,Зерноград,153.2
2023-05-28,,,,20.0,0.1,OSM-342464023,не указана,2023,148,none,,Зерноград,153.2
2023-05-29,,,,19.0,4.3,OSM-342464023,не указана,2023,149,none,,Зерноград,153.2
2023-05-30,,,,19.5,0.7,OSM-342464023,не указана,2023,150,none,,Зерноград,153.2
2023-05-31,,,,18.9,9.7,OSM-342464023,не указана,2023,151,none,,Зерноград,153.2
2023-06-01,,,,18.0,6.0,OSM-342464023,не указана,2023,152,none,,Зерноград,153.2
2023-06-02,,,,17.8,7.7,OSM-342464023,не указана,2023,153,none,,Зерноград,153.2
2023-06-03,,,,20.1,0.3,OSM-342464023,не указана,2023,154,none,,Зерноград,153.2
2023-06-04,,,,20.1,0.4,OSM-342464023,не указана,2023,155,none,,Зерноград,153.2
2023-06-05,,,,17.9,0.0,OSM-342464023,не указана,2023,156,none,,Зерноград,153.2
2023-06-06,,0.8519,,17.5,0.0,OSM-342464023,не указана,2023,157,landsat,0.8519,Зерноград,153.2
2023-06-07,,0.8517,,18.5,0.0,OSM-342464023,не указана,2023,158,landsat,0.8517,Зерноград,153.2
2023-06-08,,,,19.8,0.0,OSM-342464023,не указана,2023,159,none,,Зерноград,153.2
2023-06-09,,,,22.1,0.0,OSM-342464023,не указана,2023,160,none,,Зерноград,153.2
2023-06-10,,,0.7258,22.0,0.0,OSM-342464023,не указана,2023,161,modis,0.7258,Зерноград,153.2
2023-06-11,,,,21.1,0.8,OSM-342464023,не указана,2023,162,none,,Зерноград,153.2
2023-06-12,,,,18.3,1.2,OSM-342464023,не указана,2023,163,none,,Зерноград,153.2
2023-06-13,,,,20.6,1.5,OSM-342464023,не указана,2023,164,none,,Зерноград,153.2
2023-06-14,,,,21.8,0.4,OSM-342464023,не указана,2023,165,none,,Зерноград,153.2
2023-06-15,,0.814,,21.2,6.2,OSM-342464023,не указана,2023,166,landsat,0.814,Зерноград,153.2
2023-06-16,,,,19.8,6.4,OSM-342464023,не указана,2023,167,none,,Зерноград,153.2
2023-06-17,,,,19.7,5.4,OSM-342464023,не указана,2023,168,none,,Зерноград,153.2
2023-06-18,,,,22.0,0.3,OSM-342464023,не указана,2023,169,none,,Зерноград,153.2
2023-06-19,,,,21.3,0.0,OSM-342464023,не указана,2023,170,none,,Зерноград,153.2
2023-06-20,,,,21.4,0.0,OSM-342464023,не указана,2023,171,none,,Зерноград,153.2
2023-06-21,,,,20.6,0.6,OSM-342464023,не указана,2023,172,none,,Зерноград,153.2
2023-06-22,,0.6747000000000001,,18.9,0.0,OSM-342464023,не указана,2023,173,landsat,0.6747000000000001,Зерноград,153.2
2023-06-23,,0.59045,,19.9,0.0,OSM-342464023,не указана,2023,174,landsat,0.59045,Зерноград,153.2
2023-06-24,,,,22.8,0.2,OSM-342464023,не указана,2023,175,none,,Зерноград,153.2
2023-06-25,,,,23.0,2.7,OSM-342464023,не указана,2023,176,none,,Зерноград,153.2
2023-06-26,,,0.3984,21.9,15.3,OSM-342464023,не указана,2023,177,modis,0.3984,Зерноград,153.2
2023-06-27,,,,21.2,0.8,OSM-342464023,не указана,2023,178,none,,Зерноград,153.2
2023-06-28,,,,22.8,0.4,OSM-342464023,не указана,2023,179,none,,Зерноград,153.2
2023-06-29,,,,22.3,0.6,OSM-342464023,не указана,2023,180,none,,Зерноград,153.2
2023-06-30,,,,20.2,0.9,OSM-342464023,не указана,2023,181,none,,Зерноград,153.2
2023-07-01,,,,20.8,3.6,OSM-342464023,не указана,2023,182,none,,Зерноград,153.2
2023-07-02,,,,22.8,0.5,OSM-342464023,не указана,2023,183,none,,Зерноград,153.2
2023-07-03,,,,25.2,0.0,OSM-342464023,не указана,2023,184,none,,Зерноград,153.2
2023-07-04,,,,27.5,0.2,OSM-342464023,не указана,2023,185,none,,Зерноград,153.2
2023-07-05,,0.2892,,29.5,0.0,OSM-342464023,не указана,2023,186,landsat,0.2892,Зерноград,153.2
2023-07-06,,,,30.2,0.0,OSM-342464023,не указана,2023,187,none,,Зерноград,153.2
2023-07-07,,,,30.8,0.0,OSM-342464023,не указана,2023,188,none,,Зерноград,153.2
2023-07-08,,,,24.2,1.4,OSM-342464023,не указана,2023,189,none,,Зерноград,153.2
2023-07-09,,0.3163,,23.7,2.1,OSM-342464023,не указана,2023,190,landsat,0.3163,Зерноград,153.2
2023-07-10,,,,21.3,2.6,OSM-342464023,не указана,2023,191,none,,Зерноград,153.2
2023-07-11,,,,18.6,7.3,OSM-342464023,не указана,2023,192,none,,Зерноград,153.2
2023-07-12,,,0.2821,19.0,9.3,OSM-342464023,не указана,2023,193,modis,0.2821,Зерноград,153.2
2023-07-13,,,,20.3,0.0,OSM-342464023,не указана,2023,194,none,,Зерноград,153.2
2023-07-14,,,,24.0,1.0,OSM-342464023,не указана,2023,195,none,,Зерноград,153.2
2023-07-15,,0.1781,,23.1,0.5,OSM-342464023,не указана,2023,196,landsat,0.1781,Зерноград,153.2
2023-07-16,,0.28845,,21.6,1.2,OSM-342464023,не указана,2023,197,landsat,0.28845,Зерноград,153.2
2023-07-17,,0.2882,,22.6,0.0,OSM-342464023,не указана,2023,198,landsat,0.2882,Зерноград,153.2
2023-07-18,,,,23.4,0.0,OSM-342464023,не указана,2023,199,none,,Зерноград,153.2
2023-07-19,,,,21.6,8.7,OSM-342464023,не указана,2023,200,none,,Зерноград,153.2
2023-07-20,,,,22.1,0.0,OSM-342464023,не указана,2023,201,none,,Зерноград,153.2
2023-07-21,,,,24.6,0.0,OSM-342464023,не указана,2023,202,none,,Зерноград,153.2
2023-07-22,,,,24.4,0.0,OSM-342464023,не указана,2023,203,none,,Зерноград,153.2
2023-07-23,,,,25.0,0.7,OSM-342464023,не указана,2023,204,none,,Зерноград,153.2
2023-07-24,,,,24.7,0.4,OSM-342464023,не указана,2023,205,none,,Зерноград,153.2
2023-07-25,,0.2765,,25.2,0.0,OSM-342464023,не указана,2023,206,landsat,0.2765,Зерноград,153.2
2023-07-26,,,,27.3,0.0,OSM-342464023,не указана,2023,207,none,,Зерноград,153.2
2023-07-27,,,,29.2,0.0,OSM-342464023,не указана,2023,208,none,,Зерноград,153.2
2023-07-28,,,0.3031,23.1,4.5,OSM-342464023,не указана,2023,209,modis,0.3031,Зерноград,153.2
2023-07-29,,,,22.1,0.7,OSM-342464023,не указана,2023,210,none,,Зерноград,153.2
2023-07-30,,,,23.4,0.0,OSM-342464023,не указана,2023,211,none,,Зерноград,153.2
2023-07-31,,,,25.8,0.0,OSM-342464023,не указана,2023,212,none,,Зерноград,153.2
2023-08-01,,0.2436,,28.5,0.0,OSM-342464023,не указана,2023,213,landsat,0.2436,Зерноград,153.2
2023-08-02,,,,26.8,0.4,OSM-342464023,не указана,2023,214,none,,Зерноград,153.2
2023-08-03,,,,25.3,0.0,OSM-342464023,не указана,2023,215,none,,Зерноград,153.2
2023-08-04,,,,27.3,0.0,OSM-342464023,не указана,2023,216,none,,Зерноград,153.2
2023-08-05,,,,30.1,0.0,OSM-342464023,не указана,2023,217,none,,Зерноград,153.2
2023-08-06,,0.2373,,32.1,0.0,OSM-342464023,не указана,2023,218,landsat,0.2373,Зерноград,153.2
2023-08-07,,,,30.4,0.0,OSM-342464023,не указана,2023,219,none,,Зерноград,153.2
2023-08-08,,,,28.6,0.0,OSM-342464023,не указана,2023,220,none,,Зерноград,153.2
2023-08-09,,0.2835999999999999,,29.4,0.3,OSM-342464023,не указана,2023,221,landsat,0.2835999999999999,Зерноград,153.2
2023-08-10,,,,27.4,3.8,OSM-342464023,не указана,2023,222,none,,Зерноград,153.2
2023-08-11,,,,28.0,4.6,OSM-342464023,не указана,2023,223,none,,Зерноград,153.2
2023-08-12,,,,26.7,1.5,OSM-342464023,не указана,2023,224,none,,Зерноград,153.2
2023-08-13,,,0.2766,25.7,2.1,OSM-342464023,не указана,2023,225,modis,0.2766,Зерноград,153.2
2023-08-14,,,,25.0,0.0,OSM-342464023,не указана,2023,226,none,,Зерноград,153.2
2023-08-15,,,,25.5,0.0,OSM-342464023,не указана,2023,227,none,,Зерноград,153.2
2023-08-16,,,,27.4,0.0,OSM-342464023,не указана,2023,228,none,,Зерноград,153.2
2023-08-17,,0.2425999999999999,,26.5,0.0,OSM-342464023,не указана,2023,229,landsat,0.2425999999999999,Зерноград,153.2
2023-08-18,,0.2441,,26.3,0.0,OSM-342464023,не указана,2023,230,landsat,0.2441,Зерноград,153.2
2023-08-19,,,,29.1,0.0,OSM-342464023,не указана,2023,231,none,,Зерноград,153.2
2023-08-20,,,,29.4,0.0,OSM-342464023,не указана,2023,232,none,,Зерноград,153.2
2023-08-21,,,,29.4,0.0,OSM-342464023,не указана,2023,233,none,,Зерноград,153.2
2023-08-22,,,,27.0,0.0,OSM-342464023,не указана,2023,234,none,,Зерноград,153.2
2023-08-23,,0.22,,24.2,0.0,OSM-342464023,не указана,2023,235,landsat,0.22,Зерноград,153.2
2023-08-24,,,,22.5,0.0,OSM-342464023,не указана,2023,236,none,,Зерноград,153.2
2023-08-25,,0.24575,,22.4,0.0,OSM-342464023,не указана,2023,237,landsat,0.24575,Зерноград,153.2
2023-08-26,,0.2454,,20.9,0.0,OSM-342464023,не указана,2023,238,landsat,0.2454,Зерноград,153.2
2023-08-27,,,,22.8,0.0,OSM-342464023,не указана,2023,239,none,,Зерноград,153.2
2023-08-28,,0.22305,,26.2,0.3,OSM-342464023,не указана,2023,240,landsat,0.22305,Зерноград,153.2
2023-08-29,,,0.2157,21.5,0.0,OSM-342464023,не указана,2023,241,modis,0.2157,Зерноград,153.2
2023-08-30,,,,21.2,0.0,OSM-342464023,не указана,2023,242,none,,Зерноград,153.2
2023-08-31,,,,24.2,0.0,OSM-342464023,не указана,2023,243,none,,Зерноград,153.2
2023-09-01,,,,26.4,0.1,OSM-342464023,не указана,2023,244,none,,Зерноград,153.2
2023-09-02,,0.2153499999999999,,26.0,0.0,OSM-342464023,не указана,2023,245,landsat,0.2153499999999999,Зерноград,153.2
2023-09-03,,0.2083,,25.5,0.0,OSM-342464023,не указана,2023,246,landsat,0.2083,Зерноград,153.2
2023-09-04,,,,22.0,5.7,OSM-342464023,не указана,2023,247,none,,Зерноград,153.2
2023-09-05,,,,21.8,5.4,OSM-342464023,не указана,2023,248,none,,Зерноград,153.2
2023-09-06,,,,21.1,0.0,OSM-342464023,не указана,2023,249,none,,Зерноград,153.2
2023-09-07,,,,20.7,0.0,OSM-342464023,не указана,2023,250,none,,Зерноград,153.2
2023-09-08,,,,16.1,0.0,OSM-342464023,не указана,2023,251,none,,Зерноград,153.2
2023-09-09,,,,14.8,2.7,OSM-342464023,не указана,2023,252,none,,Зерноград,153.2
2023-09-10,,,,14.3,0.0,OSM-342464023,не указана,2023,253,none,,Зерноград,153.2
2023-09-11,,0.2164,,15.9,0.1,OSM-342464023,не указана,2023,254,landsat,0.2164,Зерноград,153.2
2023-09-12,,,,16.1,0.0,OSM-342464023,не указана,2023,255,none,,Зерноград,153.2
2023-09-13,,,,16.7,0.0,OSM-342464023,не указана,2023,256,none,,Зерноград,153.2
2023-09-14,,,0.2261,16.9,0.0,OSM-342464023,не указана,2023,257,modis,0.2261,Зерноград,153.2
2023-09-15,,,,18.7,4.5,OSM-342464023,не указана,2023,258,none,,Зерноград,153.2
2023-09-16,,,,14.7,11.0,OSM-342464023,не указана,2023,259,none,,Зерноград,153.2
2023-09-17,,,,15.1,0.0,OSM-342464023,не указана,2023,260,none,,Зерноград,153.2
2023-09-18,,0.213,,16.8,0.0,OSM-342464023,не указана,2023,261,landsat,0.213,Зерноград,153.2
2023-09-19,,0.2042,,18.0,0.0,OSM-342464023,не указана,2023,262,landsat,0.2042,Зерноград,153.2
2023-09-20,,,,19.5,0.0,OSM-342464023,не указана,2023,263,none,,Зерноград,153.2
2023-09-21,,,,19.3,0.2,OSM-342464023,не указана,2023,264,none,,Зерноград,153.2
2023-09-22,,,,20.5,0.0,OSM-342464023,не указана,2023,265,none,,Зерноград,153.2
2023-09-23,,,,20.9,0.0,OSM-342464023,не указана,2023,266,none,,Зерноград,153.2
2023-09-24,,0.1865,,21.4,0.0,OSM-342464023,не указана,2023,267,landsat,0.1865,Зерноград,153.2
2023-09-25,,,,20.8,0.0,OSM-342464023,не указана,2023,268,none,,Зерноград,153.2
2023-09-26,,0.23335,,20.9,0.0,OSM-342464023,не указана,2023,269,landsat,0.23335,Зерноград,153.2
2023-09-27,,0.2395,,20.2,0.0,OSM-342464023,не указана,2023,270,landsat,0.2395,Зерноград,153.2
2023-09-28,,,,21.2,0.0,OSM-342464023,не указана,2023,271,none,,Зерноград,153.2
2023-09-29,,0.1691,,20.0,0.0,OSM-342464023,не указана,2023,272,landsat,0.1691,Зерноград,153.2
2023-09-30,,,0.2453,19.3,0.0,OSM-342464023,не указана,2023,273,modis,0.2453,Зерноград,153.2
2023-10-01,,,,19.2,0.0,OSM-342464023,не указана,2023,274,none,,Зерноград,153.2
2023-10-02,,,,18.9,0.0,OSM-342464023,не указана,2023,275,none,,Зерноград,153.2
2023-10-03,,,,15.5,2.4,OSM-342464023,не указана,2023,276,none,,Зерноград,153.2
2023-10-04,,0.2034,,14.0,0.0,OSM-342464023,не указана,2023,277,landsat,0.2034,Зерноград,153.2
2023-10-05,,,,14.1,1.3,OSM-342464023,не указана,2023,278,none,,Зерноград,153.2
2023-10-06,,,,14.8,2.0,OSM-342464023,не указана,2023,279,none,,Зерноград,153.2
2023-10-07,,,,13.5,0.0,OSM-342464023,не указана,2023,280,none,,Зерноград,153.2
2023-10-08,,,,14.9,24.9,OSM-342464023,не указана,2023,281,none,,Зерноград,153.2
2023-10-09,,,,8.1,0.4,OSM-342464023,не указана,2023,282,none,,Зерноград,153.2
2023-10-10,,,,8.1,0.0,OSM-342464023,не указана,2023,283,none,,Зерноград,153.2
2023-10-11,,,,4.3,0.0,OSM-342464023,не указана,2023,284,none,,Зерноград,153.2
2023-10-12,,0.21095,,5.9,0.0,OSM-342464023,не указана,2023,285,landsat,0.21095,Зерноград,153.2
2023-10-13,,0.2019,,10.1,0.0,OSM-342464023,не указана,2023,286,landsat,0.2019,Зерноград,153.2
2023-10-14,,,,12.5,0.0,OSM-342464023,не указана,2023,287,none,,Зерноград,153.2
2023-10-15,,,,14.1,0.0,OSM-342464023,не указана,2023,288,none,,Зерноград,153.2
2023-10-16,,0.1471,0.3421,13.6,0.9,OSM-342464023,не указана,2023,289,landsat,0.1471,Зерноград,153.2
2023-10-17,,,,8.5,0.0,OSM-342464023,не указана,2023,290,none,,Зерноград,153.2
2023-10-18,,,,7.0,0.0,OSM-342464023,не указана,2023,291,none,,Зерноград,153.2
2023-10-19,,,,7.5,0.0,OSM-342464023,не указана,2023,292,none,,Зерноград,153.2
2023-10-20,,,,11.3,0.0,OSM-342464023,не указана,2023,293,none,,Зерноград,153.2
2023-10-21,,0.1609,,16.7,0.0,OSM-342464023,не указана,2023,294,landsat,0.1609,Зерноград,153.2
2023-10-22,,,,11.1,0.0,OSM-342464023,не указана,2023,295,none,,Зерноград,153.2
2023-10-23,,,,16.5,0.0,OSM-342464023,не указана,2023,296,none,,Зерноград,153.2
2023-10-24,,,,13.3,0.0,OSM-342464023,не указана,2023,297,none,,Зерноград,153.2
2023-10-25,,,,11.0,1.9,OSM-342464023,не указана,2023,298,none,,Зерноград,153.2
2023-10-26,,0.0427,,14.9,1.6,OSM-342464023,не указана,2023,299,landsat,0.0427,Зерноград,153.2
2023-10-27,,,,15.8,13.7,OSM-342464023,не указана,2023,300,none,,Зерноград,153.2
2023-10-28,,,,17.7,1.0,OSM-342464023,не указана,2023,301,none,,Зерноград,153.2
2023-10-29,,0.3514,,13.2,0.0,OSM-342464023,не указана,2023,302,landsat,0.3514,Зерноград,153.2
2023-10-30,,,,11.9,0.0,OSM-342464023,не указана,2023,303,none,,Зерноград,153.2
2023-10-31,,,,12.8,0.0,OSM-342464023,не указана,2023,304,none,,Зерноград,153.2
2023-11-01,,,0.4219,13.8,0.0,OSM-342464023,не указана,2023,305,modis,0.4219,Зерноград,153.2
2023-11-02,,,,13.7,1.8,OSM-342464023,не указана,2023,306,none,,Зерноград,153.2
2023-11-03,,,,11.4,0.6,OSM-342464023,не указана,2023,307,none,,Зерноград,153.2
2023-11-04,,,,13.2,0.2,OSM-342464023,не указана,2023,308,none,,Зерноград,153.2
2023-11-05,,0.4041,,14.4,0.0,OSM-342464023,не указана,2023,309,landsat,0.4041,Зерноград,153.2
2023-11-06,,,,13.5,10.2,OSM-342464023,не указана,2023,310,none,,Зерноград,153.2
2023-11-07,,,,11.6,0.0,OSM-342464023,не указана,2023,311,none,,Зерноград,153.2
2023-11-08,,,,10.5,0.0,OSM-342464023,не указана,2023,312,none,,Зерноград,153.2
2023-11-09,,,,10.3,15.6,OSM-342464023,не указана,2023,313,none,,Зерноград,153.2
2023-11-10,,,,6.5,0.0,OSM-342464023,не указана,2023,314,none,,Зерноград,153.2
2023-11-11,,,,7.9,0.0,OSM-342464023,не указана,2023,315,none,,Зерноград,153.2
2023-11-12,,,,11.5,22.5,OSM-342464023,не указана,2023,316,none,,Зерноград,153.2
2023-11-13,,,,10.3,2.1,OSM-342464023,не указана,2023,317,none,,Зерноград,153.2
2023-11-14,,,,5.7,28.0,OSM-342464023,не указана,2023,318,none,,Зерноград,153.2
2023-11-15,,,,9.8,39.7,OSM-342464023,не указана,2023,319,none,,Зерноград,153.2
2023-11-16,,,,7.2,0.7,OSM-342464023,не указана,2023,320,none,,Зерноград,153.2
2023-11-17,,,0.6365000000000001,5.8,2.1,OSM-342464023,не указана,2023,321,modis,0.6365000000000001,Зерноград,153.2
2023-11-18,,,,4.4,0.0,OSM-342464023,не указана,2023,322,none,,Зерноград,153.2
2023-11-19,,,,5.4,9.2,OSM-342464023,не указана,2023,323,none,,Зерноград,153.2
2023-11-20,,,,6.5,1.9,OSM-342464023,не указана,2023,324,none,,Зерноград,153.2
2023-11-21,,,,-0.5,0.6,OSM-342464023,не указана,2023,325,none,,Зерноград,153.2
2023-11-22,,,,-3.0,5.7,OSM-342464023,не указана,2023,326,none,,Зерноград,153.2
2023-11-23,,,,-3.8,3.3,OSM-342464023,не указана,2023,327,none,,Зерноград,153.2
2023-11-24,,,,6.3,0.5,OSM-342464023,не указана,2023,328,none,,Зерноград,153.2
2023-11-25,,,,8.4,9.5,OSM-342464023,не указана,2023,329,none,,Зерноград,153.2
2023-11-26,,,,11.3,9.4,OSM-342464023,не указана,2023,330,none,,Зерноград,153.2
2023-11-27,,,,4.1,0.0,OSM-342464023,не указана,2023,331,none,,Зерноград,153.2
2023-11-28,,,,2.3,0.0,OSM-342464023,не указана,2023,332,none,,Зерноград,153.2
2023-11-29,,,,5.1,2.4,OSM-342464023,не указана,2023,333,none,,Зерноград,153.2
2023-11-30,,,,4.4,10.3,OSM-342464023,не указана,2023,334,none,,Зерноград,153.2
2023-12-01,,,,7.0,1.4,OSM-342464023,не указана,2023,335,none,,Зерноград,153.2
2023-12-02,,,,13.5,0.0,OSM-342464023,не указана,2023,336,none,,Зерноград,153.2
2023-12-03,,,0.3021,13.3,0.0,OSM-342464023,не указана,2023,337,modis,0.3021,Зерноград,153.2
2023-12-04,,,,3.9,11.2,OSM-342464023,не указана,2023,338,none,,Зерноград,153.2
2023-12-05,,,,-3.1,0.0,OSM-342464023,не указана,2023,339,none,,Зерноград,153.2
2023-12-06,,,,-2.4,0.0,OSM-342464023,не указана,2023,340,none,,Зерноград,153.2
2023-12-07,,,,-1.0,0.0,OSM-342464023,не указана,2023,341,none,,Зерноград,153.2
2023-12-08,,,,-0.4,1.2,OSM-342464023,не указана,2023,342,none,,Зерноград,153.2
2023-12-09,,,,1.4,0.0,OSM-342464023,не указана,2023,343,none,,Зерноград,153.2
2023-12-10,,,,-1.7,5.9,OSM-342464023,не указана,2023,344,none,,Зерноград,153.2
2023-12-11,,,,-1.3,1.3,OSM-342464023,не указана,2023,345,none,,Зерноград,153.2
2023-12-12,,,,-1.3,7.8,OSM-342464023,не указана,2023,346,none,,Зерноград,153.2
2023-12-13,,,,-3.8,0.6,OSM-342464023,не указана,2023,347,none,,Зерноград,153.2
2023-12-14,,,,-2.3,0.0,OSM-342464023,не указана,2023,348,none,,Зерноград,153.2
2023-12-15,,,,0.2,5.4,OSM-342464023,не указана,2023,349,none,,Зерноград,153.2
2023-12-16,,,,-3.5,0.0,OSM-342464023,не указана,2023,350,none,,Зерноград,153.2
2023-12-17,,,,-1.3,0.4,OSM-342464023,не указана,2023,351,none,,Зерноград,153.2
2023-12-18,,,,2.4,0.9,OSM-342464023,не указана,2023,352,none,,Зерноград,153.2
2023-12-19,,,0.6338,3.9,0.1,OSM-342464023,не указана,2023,353,modis,0.6338,Зерноград,153.2
2023-12-20,,,,5.1,0.0,OSM-342464023,не указана,2023,354,none,,Зерноград,153.2
2023-12-21,,,,4.0,0.0,OSM-342464023,не указана,2023,355,none,,Зерноград,153.2
2023-12-22,,,,7.5,3.7,OSM-342464023,не указана,2023,356,none,,Зерноград,153.2
2023-12-23,,,,4.4,22.2,OSM-342464023,не указана,2023,357,none,,Зерноград,153.2
2023-12-24,,,,-1.0,2.4,OSM-342464023,не указана,2023,358,none,,Зерноград,153.2
2023-12-25,,,,1.4,6.5,OSM-342464023,не указана,2023,359,none,,Зерноград,153.2
2023-12-26,,,,6.8,2.0,OSM-342464023,не указана,2023,360,none,,Зерноград,153.2
2023-12-27,,,,7.8,6.5,OSM-342464023,не указана,2023,361,none,,Зерноград,153.2
2023-12-28,,,,1.5,0.1,OSM-342464023,не указана,2023,362,none,,Зерноград,153.2
2023-12-29,,,,5.5,0.0,OSM-342464023,не указана,2023,363,none,,Зерноград,153.2
2023-12-30,,,,6.1,0.0,OSM-342464023,не указана,2023,364,none,,Зерноград,153.2
2023-12-31,,,,5.1,0.1,OSM-342464023,не указана,2023,365,none,,Зерноград,153.2
2024-01-01,,,0.0691,1.4,0.0,OSM-342464023,не указана,2024,1,modis,0.0691,Зерноград,153.2
2024-01-02,,,,7.3,8.7,OSM-342464023,не указана,2024,2,none,,Зерноград,153.2
2024-01-03,,,,2.7,3.5,OSM-342464023,не указана,2024,3,none,,Зерноград,153.2
2024-01-04,,,,6.3,10.3,OSM-342464023,не указана,2024,4,none,,Зерноград,153.2
2024-01-05,,,,7.2,7.0,OSM-342464023,не указана,2024,5,none,,Зерноград,153.2
2024-01-06,,,,2.1,0.1,OSM-342464023,не указана,2024,6,none,,Зерноград,153.2
2024-01-07,,,,3.8,0.0,OSM-342464023,не указана,2024,7,none,,Зерноград,153.2
2024-01-08,,,,-2.3,23.0,OSM-342464023,не указана,2024,8,none,,Зерноград,153.2
2024-01-09,,,,-9.8,1.8,OSM-342464023,не указана,2024,9,none,,Зерноград,153.2
2024-01-10,,,,-8.1,0.0,OSM-342464023,не указана,2024,10,none,,Зерноград,153.2
2024-01-11,,,,-1.3,5.4,OSM-342464023,не указана,2024,11,none,,Зерноград,153.2
2024-01-12,,,,-7.6,6.0,OSM-342464023,не указана,2024,12,none,,Зерноград,153.2
2024-01-13,,,,-14.8,0.0,OSM-342464023,не указана,2024,13,none,,Зерноград,153.2
2024-01-14,,,,-9.0,1.8,OSM-342464023,не указана,2024,14,none,,Зерноград,153.2
2024-01-15,,,,0.8,4.0,OSM-342464023,не указана,2024,15,none,,Зерноград,153.2
2024-01-16,,,,1.3,6.5,OSM-342464023,не указана,2024,16,none,,Зерноград,153.2
2024-01-17,,,0.0672,-2.1,0.0,OSM-342464023,не указана,2024,17,modis,0.0672,Зерноград,153.2
2024-01-18,,,,0.4,0.0,OSM-342464023,не указана,2024,18,none,,Зерноград,153.2
2024-01-19,,,,3.9,1.7,OSM-342464023,не указана,2024,19,none,,Зерноград,153.2
2024-01-20,,,,5.3,7.2,OSM-342464023,не указана,2024,20,none,,Зерноград,153.2
2024-01-21,,,,-3.0,1.1,OSM-342464023,не указана,2024,21,none,,Зерноград,153.2
2024-01-22,,,,-6.2,0.0,OSM-342464023,не указана,2024,22,none,,Зерноград,153.2
2024-01-23,,,,-7.6,0.0,OSM-342464023,не указана,2024,23,none,,Зерноград,153.2
2024-01-24,,0.01335,,-7.6,0.0,OSM-342464023,не указана,2024,24,landsat,0.01335,Зерноград,153.2
2024-01-25,,,,-1.0,0.7,OSM-342464023,не указана,2024,25,none,,Зерноград,153.2
2024-01-26,,,,2.3,1.6,OSM-342464023,не указана,2024,26,none,,Зерноград,153.2
2024-01-27,,,,-0.4,0.7,OSM-342464023,не указана,2024,27,none,,Зерноград,153.2
2024-01-28,,,,-0.8,2.3,OSM-342464023,не указана,2024,28,none,,Зерноград,153.2
2024-01-29,,,,-4.8,0.0,OSM-342464023,не указана,2024,29,none,,Зерноград,153.2
2024-01-30,,,,-5.2,0.0,OSM-342464023,не указана,2024,30,none,,Зерноград,153.2
2024-01-31,,,,-1.4,0.0,OSM-342464023,не указана,2024,31,none,,Зерноград,153.2
2024-02-01,,,,0.5,0.0,OSM-342464023,не указана,2024,32,none,,Зерноград,153.2
2024-02-02,,,0.4207,1.1,0.0,OSM-342464023,не указана,2024,33,modis,0.4207,Зерноград,153.2
2024-02-03,,,,0.7,1.0,OSM-342464023,не указана,2024,34,none,,Зерноград,153.2
2024-02-04,,,,3.5,5.4,OSM-342464023,не указана,2024,35,none,,Зерноград,153.2
2024-02-05,,,,3.1,4.7,OSM-342464023,не указана,2024,36,none,,Зерноград,153.2
2024-02-06,,,,1.8,1.2,OSM-342464023,не указана,2024,37,none,,Зерноград,153.2
2024-02-07,,,,7.7,1.1,OSM-342464023,не указана,2024,38,none,,Зерноград,153.2
2024-02-08,,,,8.4,0.3,OSM-342464023,не указана,2024,39,none,,Зерноград,153.2
2024-02-09,,,,6.1,4.8,OSM-342464023,не указана,2024,40,none,,Зерноград,153.2
2024-02-10,,,,9.3,2.5,OSM-342464023,не указана,2024,41,none,,Зерноград,153.2
2024-02-11,,,,10.5,1.3,OSM-342464023,не указана,2024,42,none,,Зерноград,153.2
2024-02-12,,,,10.4,0.0,OSM-342464023,не указана,2024,43,none,,Зерноград,153.2
2024-02-13,,,,8.4,0.1,OSM-342464023,не указана,2024,44,none,,Зерноград,153.2
2024-02-14,,,,7.1,0.0,OSM-342464023,не указана,2024,45,none,,Зерноград,153.2
2024-02-15,,,,0.3,0.0,OSM-342464023,не указана,2024,46,none,,Зерноград,153.2
2024-02-16,,,,-2.9,0.0,OSM-342464023,не указана,2024,47,none,,Зерноград,153.2
2024-02-17,,,,-3.0,1.0,OSM-342464023,не указана,2024,48,none,,Зерноград,153.2
2024-02-18,,,0.5215000000000001,-1.3,0.0,OSM-342464023,не указана,2024,49,modis,0.5215000000000001,Зерноград,153.2
2024-02-19,,,,-1.5,0.3,OSM-342464023,не указана,2024,50,none,,Зерноград,153.2
2024-02-20,,,,-2.9,0.0,OSM-342464023,не указана,2024,51,none,,Зерноград,153.2
2024-02-21,,,,-2.3,0.0,OSM-342464023,не указана,2024,52,none,,Зерноград,153.2
2024-02-22,,,,-1.6,0.0,OSM-342464023,не указана,2024,53,none,,Зерноград,153.2
2024-02-23,,,,0.4,0.0,OSM-342464023,не указана,2024,54,none,,Зерноград,153.2
2024-02-24,,,,0.5,0.0,OSM-342464023,не указана,2024,55,none,,Зерноград,153.2
2024-02-25,,0.4620499999999999,,-0.3,0.0,OSM-342464023,не указана,2024,56,landsat,0.4620499999999999,Зерноград,153.2
2024-02-26,,0.4609,,0.6,0.0,OSM-342464023,не указана,2024,57,landsat,0.4609,Зерноград,153.2
2024-02-27,,,,1.6,0.0,OSM-342464023,не указана,2024,58,none,,Зерноград,153.2
2024-02-28,,,,1.3,0.0,OSM-342464023,не указана,2024,59,none,,Зерноград,153.2
2024-02-29,,,,1.9,0.0,OSM-342464023,не указана,2024,60,none,,Зерноград,153.2
2024-03-01,,,,1.6,0.0,OSM-342464023,не указана,2024,61,none,,Зерноград,153.2
2024-03-02,,,,3.9,0.0,OSM-342464023,не указана,2024,62,none,,Зерноград,153.2
2024-03-03,,,,3.5,0.0,OSM-342464023,не указана,2024,63,none,,Зерноград,153.2
2024-03-04,,0.381,,3.2,0.0,OSM-342464023,не указана,2024,64,landsat,0.381,Зерноград,153.2
2024-03-05,,,0.4668,2.0,0.0,OSM-342464023,не указана,2024,65,modis,0.4668,Зерноград,153.2
2024-03-06,,,,3.9,0.0,OSM-342464023,не указана,2024,66,none,,Зерноград,153.2
2024-03-07,,,,0.1,0.0,OSM-342464023,не указана,2024,67,none,,Зерноград,153.2
2024-03-08,,,,-2.0,0.0,OSM-342464023,не указана,2024,68,none,,Зерноград,153.2
2024-03-09,,,,-0.3,0.0,OSM-342464023,не указана,2024,69,none,,Зерноград,153.2
2024-03-10,,,,2.6,0.1,OSM-342464023,не указана,2024,70,none,,Зерноград,153.2
2024-03-11,,,,-0.4,2.1,OSM-342464023,не указана,2024,71,none,,Зерноград,153.2
2024-03-12,,0.43235,,-0.7,0.0,OSM-342464023,не указана,2024,72,landsat,0.43235,Зерноград,153.2
2024-03-13,,,,1.8,0.0,OSM-342464023,не указана,2024,73,none,,Зерноград,153.2
2024-03-14,,,,3.4,0.8,OSM-342464023,не указана,2024,74,none,,Зерноград,153.2
2024-03-15,,,,4.2,1.6,OSM-342464023,не указана,2024,75,none,,Зерноград,153.2
2024-03-16,,,,4.2,0.0,OSM-342464023,не указана,2024,76,none,,Зерноград,153.2
2024-03-17,,,,5.3,0.3,OSM-342464023,не указана,2024,77,none,,Зерноград,153.2
2024-03-18,,,,6.6,0.1,OSM-342464023,не указана,2024,78,none,,Зерноград,153.2
2024-03-19,,,,7.9,0.0,OSM-342464023,не указана,2024,79,none,,Зерноград,153.2
2024-03-20,,0.4466,,5.8,0.0,OSM-342464023,не указана,2024,80,landsat,0.4466,Зерноград,153.2
2024-03-21,,,0.5362,3.9,0.0,OSM-342464023,не указана,2024,81,modis,0.5362,Зерноград,153.2
2024-03-22,,,,3.4,0.0,OSM-342464023,не указана,2024,82,none,,Зерноград,153.2
2024-03-23,,,,3.9,0.1,OSM-342464023,не указана,2024,83,none,,Зерноград,153.2
2024-03-24,,,,6.2,0.0,OSM-342464023,не указана,2024,84,none,,Зерноград,153.2
2024-03-25,,,,8.1,0.1,OSM-342464023,не указана,2024,85,none,,Зерноград,153.2
2024-03-26,,,,6.2,2.1,OSM-342464023,не указана,2024,86,none,,Зерноград,153.2
2024-03-27,,,,8.3,0.5,OSM-342464023,не указана,2024,87,none,,Зерноград,153.2
2024-03-28,,,,10.2,0.0,OSM-342464023,не указана,2024,88,none,,Зерноград,153.2
2024-03-29,,,,10.7,13.4,OSM-342464023,не указана,2024,89,none,,Зерноград,153.2
2024-03-30,,,,11.3,8.7,OSM-342464023,не указана,2024,90,none,,Зерноград,153.2
2024-03-31,,,,12.4,0.0,OSM-342464023,не указана,2024,91,none,,Зерноград,153.2
2024-04-01,,,,15.0,0.0,OSM-342464023,не указана,2024,92,none,,Зерноград,153.2
2024-04-02,,,,16.5,0.0,OSM-342464023,не указана,2024,93,none,,Зерноград,153.2
2024-04-03,,,,15.1,6.1,OSM-342464023,не указана,2024,94,none,,Зерноград,153.2
2024-04-04,,,,12.9,0.3,OSM-342464023,не указана,2024,95,none,,Зерноград,153.2
2024-04-05,,,,12.0,0.0,OSM-342464023,не указана,2024,96,none,,Зерноград,153.2
2024-04-06,,0.6079,0.6949000000000001,10.0,0.0,OSM-342464023,не указана,2024,97,landsat,0.6079,Зерноград,153.2
2024-04-07,,,,12.8,0.0,OSM-342464023,не указана,2024,98,none,,Зерноград,153.2
2024-04-08,,,,14.3,0.0,OSM-342464023,не указана,2024,99,none,,Зерноград,153.2
2024-04-09,,,,14.5,0.0,OSM-342464023,не указана,2024,100,none,,Зерноград,153.2
2024-04-10,,,,15.9,0.0,OSM-342464023,не указана,2024,101,none,,Зерноград,153.2
2024-04-11,,,,17.1,0.0,OSM-342464023,не указана,2024,102,none,,Зерноград,153.2
2024-04-12,,,,17.8,0.0,OSM-342464023,не указана,2024,103,none,,Зерноград,153.2
2024-04-13,,0.7104,,16.9,0.2,OSM-342464023,не указана,2024,104,landsat,0.7104,Зерноград,153.2
2024-04-14,,0.773,,16.1,0.0,OSM-342464023,не указана,2024,105,landsat,0.773,Зерноград,153.2
2024-04-15,,,,15.9,4.6,OSM-342464023,не указана,2024,106,none,,Зерноград,153.2
2024-04-16,,,,19.1,0.0,OSM-342464023,не указана,2024,107,none,,Зерноград,153.2
2024-04-17,,,,20.7,0.0,OSM-342464023,не указана,2024,108,none,,Зерноград,153.2
2024-04-18,,,,21.8,0.0,OSM-342464023,не указана,2024,109,none,,Зерноград,153.2
2024-04-19,,,,14.8,1.7,OSM-342464023,не указана,2024,110,none,,Зерноград,153.2
2024-04-20,,,,17.2,0.0,OSM-342464023,не указана,2024,111,none,,Зерноград,153.2
2024-04-21,,,,16.6,1.7,OSM-342464023,не указана,2024,112,none,,Зерноград,153.2
2024-04-22,,0.8279,0.8495,14.4,0.0,OSM-342464023,не указана,2024,113,landsat,0.8279,Зерноград,153.2
2024-04-23,,,,15.0,0.0,OSM-342464023,не указана,2024,114,none,,Зерноград,153.2
2024-04-24,,,,17.0,0.0,OSM-342464023,не указана,2024,115,none,,Зерноград,153.2
2024-04-25,,,,22.6,0.0,OSM-342464023,не указана,2024,116,none,,Зерноград,153.2
2024-04-26,,,,21.9,0.0,OSM-342464023,не указана,2024,117,none,,Зерноград,153.2
2024-04-27,,,,18.8,0.0,OSM-342464023,не указана,2024,118,none,,Зерноград,153.2
2024-04-28,,,,20.4,0.0,OSM-342464023,не указана,2024,119,none,,Зерноград,153.2
2024-04-29,,,,19.9,0.0,OSM-342464023,не указана,2024,120,none,,Зерноград,153.2
2024-04-30,,,,14.1,0.9,OSM-342464023,не указана,2024,121,none,,Зерноград,153.2
2024-05-01,,,,14.5,0.0,OSM-342464023,не указана,2024,122,none,,Зерноград,153.2
2024-05-02,,,,17.1,0.0,OSM-342464023,не указана,2024,123,none,,Зерноград,153.2
2024-05-03,,,,17.0,0.1,OSM-342464023,не указана,2024,124,none,,Зерноград,153.2
2024-05-04,,,,10.1,0.0,OSM-342464023,не указана,2024,125,none,,Зерноград,153.2
2024-05-05,,,,10.2,0.0,OSM-342464023,не указана,2024,126,none,,Зерноград,153.2
2024-05-06,,,,13.3,0.0,OSM-342464023,не указана,2024,127,none,,Зерноград,153.2
2024-05-07,,0.8331,,16.9,0.0,OSM-342464023,не указана,2024,128,landsat,0.8331,Зерноград,153.2
2024-05-08,,,0.8411000000000001,13.9,2.6,OSM-342464023,не указана,2024,129,modis,0.8411000000000001,Зерноград,153.2
2024-05-09,,,,12.5,0.0,OSM-342464023,не указана,2024,130,none,,Зерноград,153.2
2024-05-10,,,,12.9,0.0,OSM-342464023,не указана,2024,131,none,,Зерноград,153.2
2024-05-11,,,,16.0,0.0,OSM-342464023,не указана,2024,132,none,,Зерноград,153.2
2024-05-12,,,,14.2,0.0,OSM-342464023,не указана,2024,133,none,,Зерноград,153.2
2024-05-13,,,,12.5,0.0,OSM-342464023,не указана,2024,134,none,,Зерноград,153.2
2024-05-14,,,,12.9,0.0,OSM-342464023,не указана,2024,135,none,,Зерноград,153.2
2024-05-15,,,,12.7,2.8,OSM-342464023,не указана,2024,136,none,,Зерноград,153.2
2024-05-16,,,,11.8,9.0,OSM-342464023,не указана,2024,137,none,,Зерноград,153.2
2024-05-17,,,,12.0,0.5,OSM-342464023,не указана,2024,138,none,,Зерноград,153.2
2024-05-18,,,,13.6,0.2,OSM-342464023,не указана,2024,139,none,,Зерноград,153.2
2024-05-19,,,,14.3,2.4,OSM-342464023,не указана,2024,140,none,,Зерноград,153.2
2024-05-20,,,,16.7,0.2,OSM-342464023,не указана,2024,141,none,,Зерноград,153.2
2024-05-21,,,,18.9,0.0,OSM-342464023,не указана,2024,142,none,,Зерноград,153.2
2024-05-22,,,,19.7,0.0,OSM-342464023,не указана,2024,143,none,,Зерноград,153.2
2024-05-23,,0.83345,,19.9,0.0,OSM-342464023,не указана,2024,144,landsat,0.83345,Зерноград,153.2
2024-05-24,,0.8456,0.7692,20.0,0.0,OSM-342464023,не указана,2024,145,landsat,0.8456,Зерноград,153.2
2024-05-25,,,,17.8,0.0,OSM-342464023,не указана,2024,146,none,,Зерноград,153.2
2024-05-26,,,,16.2,0.5,OSM-342464023,не указана,2024,147,none,,Зерноград,153.2
2024-05-27,,,,19.1,0.0,OSM-342464023,не указана,2024,148,none,,Зерноград,153.2
2024-05-28,,,,21.3,0.0,OSM-342464023,не указана,2024,149,none,,Зерноград,153.2
2024-05-29,,,,21.1,0.7,OSM-342464023,не указана,2024,150,none,,Зерноград,153.2
2024-05-30,,,,22.7,2.2,OSM-342464023,не указана,2024,151,none,,Зерноград,153.2
2024-05-31,,0.7364,,22.5,0.0,OSM-342464023,не указана,2024,152,landsat,0.7364,Зерноград,153.2
2024-06-01,,0.7508,,23.3,0.3,OSM-342464023,не указана,2024,153,landsat,0.7508,Зерноград,153.2
2024-06-02,,,,24.2,0.0,OSM-342464023,не указана,2024,154,none,,Зерноград,153.2
2024-06-03,,,,24.3,0.0,OSM-342464023,не указана,2024,155,none,,Зерноград,153.2
2024-06-04,,,,25.6,0.0,OSM-342464023,не указана,2024,156,none,,Зерноград,153.2
2024-06-05,,,,27.9,0.0,OSM-342464023,не указана,2024,157,none,,Зерноград,153.2
2024-06-06,,,,26.6,0.7,OSM-342464023,не указана,2024,158,none,,Зерноград,153.2
2024-06-07,,,,25.0,1.0,OSM-342464023,не указана,2024,159,none,,Зерноград,153.2
2024-06-08,,0.7448,,25.3,0.0,OSM-342464023,не указана,2024,160,landsat,0.7448,Зерноград,153.2
2024-06-09,,,0.5247,24.1,3.1,OSM-342464023,не указана,2024,161,modis,0.5247,Зерноград,153.2
2024-06-10,,,,24.5,0.4,OSM-342464023,не указана,2024,162,none,,Зерноград,153.2
2024-06-11,,,,25.9,0.2,OSM-342464023,не указана,2024,163,none,,Зерноград,153.2
2024-06-12,,,,26.8,6.9,OSM-342464023,не указана,2024,164,none,,Зерноград,153.2
2024-06-13,,,,24.8,1.6,OSM-342464023,не указана,2024,165,none,,Зерноград,153.2
2024-06-14,,,,25.6,0.0,OSM-342464023,не указана,2024,166,none,,Зерноград,153.2
2024-06-15,,,,25.6,2.1,OSM-342464023,не указана,2024,167,none,,Зерноград,153.2
2024-06-16,,,,24.0,1.0,OSM-342464023,не указана,2024,168,none,,Зерноград,153.2
2024-06-17,,0.345,,24.5,0.0,OSM-342464023,не указана,2024,169,landsat,0.345,Зерноград,153.2
2024-06-18,,,,25.0,0.1,OSM-342464023,не указана,2024,170,none,,Зерноград,153.2
2024-06-19,,,,26.6,0.0,OSM-342464023,не указана,2024,171,none,,Зерноград,153.2
2024-06-20,,,,28.0,3.7,OSM-342464023,не указана,2024,172,none,,Зерноград,153.2
2024-06-21,,,,21.6,0.0,OSM-342464023,не указана,2024,173,none,,Зерноград,153.2
2024-06-22,,,,22.9,0.0,OSM-342464023,не указана,2024,174,none,,Зерноград,153.2
2024-06-23,,,,24.5,0.0,OSM-342464023,не указана,2024,175,none,,Зерноград,153.2
2024-06-24,,0.3059,,26.8,0.1,OSM-342464023,не указана,2024,176,landsat,0.3059,Зерноград,153.2
2024-06-25,,,0.2993,22.8,1.3,OSM-342464023,не указана,2024,177,modis,0.2993,Зерноград,153.2
2024-06-26,,,,21.4,0.0,OSM-342464023,не указана,2024,178,none,,Зерноград,153.2
2024-06-27,,,,21.0,1.3,OSM-342464023,не указана,2024,179,none,,Зерноград,153.2
2024-06-28,,,,22.3,0.2,OSM-342464023,не указана,2024,180,none,,Зерноград,153.2
2024-06-29,,,,23.5,0.0,OSM-342464023,не указана,2024,181,none,,Зерноград,153.2
2024-06-30,,,,26.2,0.0,OSM-342464023,не указана,2024,182,none,,Зерноград,153.2
2024-07-01,,,,26.0,0.0,OSM-342464023,не указана,2024,183,none,,Зерноград,153.2
2024-07-02,,0.2612,,26.6,0.0,OSM-342464023,не указана,2024,184,landsat,0.2612,Зерноград,153.2
2024-07-03,,0.2597,,27.2,0.0,OSM-342464023,не указана,2024,185,landsat,0.2597,Зерноград,153.2
2024-07-04,,,,28.4,0.0,OSM-342464023,не указана,2024,186,none,,Зерноград,153.2
2024-07-05,,,,30.7,0.0,OSM-342464023,не указана,2024,187,none,,Зерноград,153.2
2024-07-06,,,,31.1,0.3,OSM-342464023,не указана,2024,188,none,,Зерноград,153.2
2024-07-07,,,,31.1,0.0,OSM-342464023,не указана,2024,189,none,,Зерноград,153.2
2024-07-08,,,,32.3,0.9,OSM-342464023,не указана,2024,190,none,,Зерноград,153.2
2024-07-09,,,,31.8,0.0,OSM-342464023,не указана,2024,191,none,,Зерноград,153.2
2024-07-10,,,,30.1,0.0,OSM-342464023,не указана,2024,192,none,,Зерноград,153.2
2024-07-11,,,0.2246,29.9,0.0,OSM-342464023,не указана,2024,193,modis,0.2246,Зерноград,153.2
2024-07-12,,,,29.0,0.0,OSM-342464023,не указана,2024,194,none,,Зерноград,153.2
2024-07-13,,,,26.5,0.0,OSM-342464023,не указана,2024,195,none,,Зерноград,153.2
2024-07-14,,,,27.0,0.0,OSM-342464023,не указана,2024,196,none,,Зерноград,153.2
2024-07-15,,,,29.4,0.0,OSM-342464023,не указана,2024,197,none,,Зерноград,153.2
2024-07-16,,,,31.9,0.0,OSM-342464023,не указана,2024,198,none,,Зерноград,153.2
2024-07-17,,,,31.9,0.0,OSM-342464023,не указана,2024,199,none,,Зерноград,153.2
2024-07-18,,0.2082,,31.3,0.0,OSM-342464023,не указана,2024,200,landsat,0.2082,Зерноград,153.2
2024-07-19,,0.2127,,33.0,0.0,OSM-342464023,не указана,2024,201,landsat,0.2127,Зерноград,153.2
2024-07-20,,,,30.3,0.0,OSM-342464023,не указана,2024,202,none,,Зерноград,153.2
2024-07-21,,,,29.5,0.0,OSM-342464023,не указана,2024,203,none,,Зерноград,153.2
2024-07-22,,,,29.1,0.5,OSM-342464023,не указана,2024,204,none,,Зерноград,153.2
2024-07-23,,,,24.1,3.0,OSM-342464023,не указана,2024,205,none,,Зерноград,153.2
2024-07-24,,,,22.2,1.1,OSM-342464023,не указана,2024,206,none,,Зерноград,153.2
2024-07-25,,,,22.7,0.0,OSM-342464023,не указана,2024,207,none,,Зерноград,153.2
2024-07-26,,,,24.5,0.0,OSM-342464023,не указана,2024,208,none,,Зерноград,153.2
2024-07-27,,0.1866,0.2227,24.6,0.0,OSM-342464023,не указана,2024,209,landsat,0.1866,Зерноград,153.2
2024-07-28,,,,25.3,0.0,OSM-342464023,не указана,2024,210,none,,Зерноград,153.2
2024-07-29,,,,27.4,0.0,OSM-342464023,не указана,2024,211,none,,Зерноград,153.2
2024-07-30,,,,25.4,0.1,OSM-342464023,не указана,2024,212,none,,Зерноград,153.2
2024-07-31,,,,23.4,0.0,OSM-342464023,не указана,2024,213,none,,Зерноград,153.2
2024-08-01,,,,24.7,0.0,OSM-342464023,не указана,2024,214,none,,Зерноград,153.2
2024-08-02,,,,25.8,0.0,OSM-342464023,не указана,2024,215,none,,Зерноград,153.2
2024-08-03,,0.19845,,26.5,0.0,OSM-342464023,не указана,2024,216,landsat,0.19845,Зерноград,153.2
2024-08-04,,0.2127,,28.5,0.0,OSM-342464023,не указана,2024,217,landsat,0.2127,Зерноград,153.2
2024-08-05,,,,24.7,2.7,OSM-342464023,не указана,2024,218,none,,Зерноград,153.2
2024-08-06,,,,21.8,3.7,OSM-342464023,не указана,2024,219,none,,Зерноград,153.2
2024-08-07,,,,22.3,0.0,OSM-342464023,не указана,2024,220,none,,Зерноград,153.2
2024-08-08,,,,24.6,0.0,OSM-342464023,не указана,2024,221,none,,Зерноград,153.2
2024-08-09,,,,24.2,0.0,OSM-342464023,не указана,2024,222,none,,Зерноград,153.2
2024-08-10,,,,24.8,0.0,OSM-342464023,не указана,2024,223,none,,Зерноград,153.2
2024-08-11,,0.20105,,26.4,0.0,OSM-342464023,не указана,2024,224,landsat,0.20105,Зерноград,153.2
2024-08-12,,0.1969,0.2506,23.6,0.0,OSM-342464023,не указана,2024,225,landsat,0.1969,Зерноград,153.2
2024-08-13,,,,22.4,0.0,OSM-342464023,не указана,2024,226,none,,Зерноград,153.2
2024-08-14,,,,21.1,0.0,OSM-342464023,не указана,2024,227,none,,Зерноград,153.2
2024-08-15,,,,22.1,0.0,OSM-342464023,не указана,2024,228,none,,Зерноград,153.2
2024-08-16,,,,21.9,0.0,OSM-342464023,не указана,2024,229,none,,Зерноград,153.2
2024-08-17,,,,22.5,0.0,OSM-342464023,не указана,2024,230,none,,Зерноград,153.2
2024-08-18,,,,23.8,0.0,OSM-342464023,не указана,2024,231,none,,Зерноград,153.2
2024-08-19,,0.19925,,25.1,0.0,OSM-342464023,не указана,2024,232,landsat,0.19925,Зерноград,153.2
2024-08-20,,0.2029,,27.1,0.0,OSM-342464023,не указана,2024,233,landsat,0.2029,Зерноград,153.2
2024-08-21,,,,28.4,0.0,OSM-342464023,не указана,2024,234,none,,Зерноград,153.2
2024-08-22,,,,29.8,0.0,OSM-342464023,не указана,2024,235,none,,Зерноград,153.2
2024-08-23,,,,29.2,0.0,OSM-342464023,не указана,2024,236,none,,Зерноград,153.2
2024-08-24,,,,27.4,0.0,OSM-342464023,не указана,2024,237,none,,Зерноград,153.2
2024-08-25,,,,26.0,0.0,OSM-342464023,не указана,2024,238,none,,Зерноград,153.2
2024-08-26,,,,26.8,0.0,OSM-342464023,не указана,2024,239,none,,Зерноград,153.2
2024-08-27,,,,27.7,0.0,OSM-342464023,не указана,2024,240,none,,Зерноград,153.2
2024-08-28,,0.1999,0.2061,28.0,0.0,OSM-342464023,не указана,2024,241,landsat,0.1999,Зерноград,153.2
2024-08-29,,,,27.0,0.1,OSM-342464023,не указана,2024,242,none,,Зерноград,153.2
2024-08-30,,,,27.0,0.0,OSM-342464023,не указана,2024,243,none,,Зерноград,153.2
2024-08-31,,,,27.5,0.0,OSM-342464023,не указана,2024,244,none,,Зерноград,153.2
2024-09-01,,,,27.4,1.8,OSM-342464023,не указана,2024,245,none,,Зерноград,153.2
2024-09-02,,,,27.2,6.7,OSM-342464023,не указана,2024,246,none,,Зерноград,153.2
2024-09-03,,,,24.7,4.8,OSM-342464023,не указана,2024,247,none,,Зерноград,153.2
2024-09-04,,0.21745,,24.3,0.0,OSM-342464023,не указана,2024,248,landsat,0.21745,Зерноград,153.2
2024-09-05,,,,23.3,0.0,OSM-342464023,не указана,2024,249,none,,Зерноград,153.2
2024-09-06,,,,21.5,0.0,OSM-342464023,не указана,2024,250,none,,Зерноград,153.2
2024-09-07,,,,20.2,0.0,OSM-342464023,не указана,2024,251,none,,Зерноград,153.2
2024-09-08,,,,20.9,0.0,OSM-342464023,не указана,2024,252,none,,Зерноград,153.2
2024-09-09,,,,21.4,0.0,OSM-342464023,не указана,2024,253,none,,Зерноград,153.2
2024-09-10,,,,23.6,0.5,OSM-342464023,не указана,2024,254,none,,Зерноград,153.2
2024-09-11,,,,25.0,0.0,OSM-342464023,не указана,2024,255,none,,Зерноград,153.2
2024-09-12,,0.20235,,25.3,0.2,OSM-342464023,не указана,2024,256,landsat,0.20235,Зерноград,153.2
2024-09-13,,,0.1978,24.6,0.0,OSM-342464023,не указана,2024,257,modis,0.1978,Зерноград,153.2
2024-09-14,,,,24.6,0.0,OSM-342464023,не указана,2024,258,none,,Зерноград,153.2
2024-09-15,,,,22.9,0.0,OSM-342464023,не указана,2024,259,none,,Зерноград,153.2
2024-09-16,,,,22.6,0.0,OSM-342464023,не указана,2024,260,none,,Зерноград,153.2
2024-09-17,,,,21.5,0.0,OSM-342464023,не указана,2024,261,none,,Зерноград,153.2
2024-09-18,,,,19.3,0.0,OSM-342464023,не указана,2024,262,none,,Зерноград,153.2
2024-09-19,,,,17.7,0.0,OSM-342464023,не указана,2024,263,none,,Зерноград,153.2
2024-09-20,,0.19465,,17.6,0.0,OSM-342464023,не указана,2024,264,landsat,0.19465,Зерноград,153.2
2024-09-21,,0.1954,,18.6,0.0,OSM-342464023,не указана,2024,265,landsat,0.1954,Зерноград,153.2
2024-09-22,,,,19.2,0.0,OSM-342464023,не указана,2024,266,none,,Зерноград,153.2
2024-09-23,,,,19.8,0.0,OSM-342464023,не указана,2024,267,none,,Зерноград,153.2
2024-09-24,,,,18.5,0.0,OSM-342464023,не указана,2024,268,none,,Зерноград,153.2
2024-09-25,,,,18.2,0.0,OSM-342464023,не указана,2024,269,none,,Зерноград,153.2
2024-09-26,,,,19.7,0.0,OSM-342464023,не указана,2024,270,none,,Зерноград,153.2
2024-09-27,,,,19.2,0.0,OSM-342464023,не указана,2024,271,none,,Зерноград,153.2
2024-09-28,,0.1968,,19.1,0.0,OSM-342464023,не указана,2024,272,landsat,0.1968,Зерноград,153.2
2024-09-29,,0.1954,0.1843,19.8,0.0,OSM-342464023,не указана,2024,273,landsat,0.1954,Зерноград,153.2
2024-09-30,,,,20.5,0.0,OSM-342464023,не указана,2024,274,none,,Зерноград,153.2
2024-10-01,,,,18.9,0.0,OSM-342464023,не указана,2024,275,none,,Зерноград,153.2
2024-10-02,,,,16.1,0.0,OSM-342464023,не указана,2024,276,none,,Зерноград,153.2
2024-10-03,,,,16.1,0.0,OSM-342464023,не указана,2024,277,none,,Зерноград,153.2
2024-10-04,,,,17.4,0.0,OSM-342464023,не указана,2024,278,none,,Зерноград,153.2
2024-10-05,,,,18.1,0.0,OSM-342464023,не указана,2024,279,none,,Зерноград,153.2
2024-10-06,,0.18295,,19.8,0.0,OSM-342464023,не указана,2024,280,landsat,0.18295,Зерноград,153.2
2024-10-07,,0.1875,,20.7,0.0,OSM-342464023,не указана,2024,281,landsat,0.1875,Зерноград,153.2
2024-10-08,,,,17.5,0.2,OSM-342464023,не указана,2024,282,none,,Зерноград,153.2
2024-10-09,,,,16.4,0.0,OSM-342464023,не указана,2024,283,none,,Зерноград,153.2
2024-10-10,,,,15.7,0.0,OSM-342464023,не указана,2024,284,none,,Зерноград,153.2
2024-10-11,,,,16.8,0.0,OSM-342464023,не указана,2024,285,none,,Зерноград,153.2
2024-10-12,,,,14.3,0.0,OSM-342464023,не указана,2024,286,none,,Зерноград,153.2
2024-10-13,,,,12.2,8.7,OSM-342464023,не указана,2024,287,none,,Зерноград,153.2
2024-10-14,,,,11.7,2.3,OSM-342464023,не указана,2024,288,none,,Зерноград,153.2
2024-10-15,,,0.2085,12.3,0.6,OSM-342464023,не указана,2024,289,modis,0.2085,Зерноград,153.2
2024-10-16,,,,11.4,1.5,OSM-342464023,не указана,2024,290,none,,Зерноград,153.2
2024-10-17,,,,9.5,1.0,OSM-342464023,не указана,2024,291,none,,Зерноград,153.2
2024-10-18,,,,7.3,0.0,OSM-342464023,не указана,2024,292,none,,Зерноград,153.2
2024-10-19,,,,6.6,0.0,OSM-342464023,не указана,2024,293,none,,Зерноград,153.2
2024-10-20,,,,6.0,0.6,OSM-342464023,не указана,2024,294,none,,Зерноград,153.2
2024-10-21,,,,6.8,2.3,OSM-342464023,не указана,2024,295,none,,Зерноград,153.2
2024-10-22,,,,7.3,0.0,OSM-342464023,не указана,2024,296,none,,Зерноград,153.2
2024-10-23,,0.2228,,10.4,0.0,OSM-342464023,не указана,2024,297,landsat,0.2228,Зерноград,153.2
2024-10-24,,,,9.8,0.0,OSM-342464023,не указана,2024,298,none,,Зерноград,153.2
2024-10-25,,,,7.7,2.0,OSM-342464023,не указана,2024,299,none,,Зерноград,153.2
2024-10-26,,,,5.8,0.0,OSM-342464023,не указана,2024,300,none,,Зерноград,153.2
2024-10-27,,,,4.9,0.0,OSM-342464023,не указана,2024,301,none,,Зерноград,153.2
2024-10-28,,,,8.2,3.0,OSM-342464023,не указана,2024,302,none,,Зерноград,153.2
2024-10-29,,,,11.1,1.3,OSM-342464023,не указана,2024,303,none,,Зерноград,153.2
2024-10-30,,0.1962499999999999,,8.8,0.0,OSM-342464023,не указана,2024,304,landsat,0.1962499999999999,Зерноград,153.2
2024-10-31,,0.2749,0.2464,10.6,4.4,OSM-342464023,не указана,2024,305,landsat,0.2749,Зерноград,153.2
2024-11-01,,,,11.6,0.0,OSM-342464023,не указана,2024,306,none,,Зерноград,153.2
2024-11-02,0.1397,,,13.1,5.1,OSM-342464023,не указана,2024,307,s2,0.1397,Зерноград,153.2
2024-11-03,,,,3.3,0.0,OSM-342464023,не указана,2024,308,none,,Зерноград,153.2
2024-11-04,,,,3.5,5.7,OSM-342464023,не указана,2024,309,none,,Зерноград,153.2
2024-11-05,,,,1.1,0.4,OSM-342464023,не указана,2024,310,none,,Зерноград,153.2
2024-11-06,,,,3.9,0.4,OSM-342464023,не указана,2024,311,none,,Зерноград,153.2
2024-11-07,,,,6.9,0.2,OSM-342464023,не указана,2024,312,none,,Зерноград,153.2
2024-11-08,,,,6.5,0.0,OSM-342464023,не указана,2024,313,none,,Зерноград,153.2
2024-11-09,,,,5.9,0.0,OSM-342464023,не указана,2024,314,none,,Зерноград,153.2
2024-11-10,,,,4.1,0.0,OSM-342464023,не указана,2024,315,none,,Зерноград,153.2
2024-11-11,,,,4.0,0.0,OSM-342464023,не указана,2024,316,none,,Зерноград,153.2
2024-11-12,,,,4.9,0.0,OSM-342464023,не указана,2024,317,none,,Зерноград,153.2
2024-11-13,,,,4.1,0.0,OSM-342464023,не указана,2024,318,none,,Зерноград,153.2
2024-11-14,,,,3.5,0.5,OSM-342464023,не указана,2024,319,none,,Зерноград,153.2
2024-11-15,0.1424,,,4.5,0.2,OSM-342464023,не указана,2024,320,s2,0.1424,Зерноград,153.2
2024-11-16,,,0.2055,2.7,0.0,OSM-342464023,не указана,2024,321,modis,0.2055,Зерноград,153.2
2024-11-17,0.1582,,,1.5,0.0,OSM-342464023,не указана,2024,322,s2,0.1582,Зерноград,153.2
2024-11-18,,,,1.6,0.0,OSM-342464023,не указана,2024,323,none,,Зерноград,153.2
2024-11-19,,,,3.2,0.0,OSM-342464023,не указана,2024,324,none,,Зерноград,153.2
2024-11-20,0.1647,,,4.9,0.0,OSM-342464023,не указана,2024,325,s2,0.1647,Зерноград,153.2
2024-11-21,,,,9.0,1.7,OSM-342464023,не указана,2024,326,none,,Зерноград,153.2
2024-11-22,,,,6.0,2.6,OSM-342464023,не указана,2024,327,none,,Зерноград,153.2
2024-11-23,,,,9.4,0.8,OSM-342464023,не указана,2024,328,none,,Зерноград,153.2
2024-11-24,,,,3.4,7.6,OSM-342464023,не указана,2024,329,none,,Зерноград,153.2
2024-11-25,,,,2.0,7.9,OSM-342464023,не указана,2024,330,none,,Зерноград,153.2
2024-11-26,,,,1.6,0.9,OSM-342464023,не указана,2024,331,none,,Зерноград,153.2
2024-11-27,,,,2.0,2.5,OSM-342464023,не указана,2024,332,none,,Зерноград,153.2
2024-11-28,,,,1.4,0.5,OSM-342464023,не указана,2024,333,none,,Зерноград,153.2
2024-11-29,,,,0.7,0.0,OSM-342464023,не указана,2024,334,none,,Зерноград,153.2
2024-11-30,,,,-1.1,0.0,OSM-342464023,не указана,2024,335,none,,Зерноград,153.2
2024-12-01,,,,-0.8,0.0,OSM-342464023,не указана,2024,336,none,,Зерноград,153.2
2024-12-02,,,0.0197,-0.0,0.0,OSM-342464023,не указана,2024,337,modis,0.0197,Зерноград,153.2
2024-12-03,,,,1.6,0.0,OSM-342464023,не указана,2024,338,none,,Зерноград,153.2
2024-12-04,,,,1.6,0.0,OSM-342464023,не указана,2024,339,none,,Зерноград,153.2
2024-12-05,,,,1.2,1.2,OSM-342464023,не указана,2024,340,none,,Зерноград,153.2
2024-12-06,,,,1.3,1.0,OSM-342464023,не указана,2024,341,none,,Зерноград,153.2
2024-12-07,,,,0.7,0.0,OSM-342464023,не указана,2024,342,none,,Зерноград,153.2
2024-12-08,,,,2.0,0.0,OSM-342464023,не указана,2024,343,none,,Зерноград,153.2
2024-12-09,,,,2.5,0.0,OSM-342464023,не указана,2024,344,none,,Зерноград,153.2
2024-12-10,,,,3.0,2.1,OSM-342464023,не указана,2024,345,none,,Зерноград,153.2
2024-12-11,,,,4.3,7.7,OSM-342464023,не указана,2024,346,none,,Зерноград,153.2
2024-12-12,,,,2.2,1.6,OSM-342464023,не указана,2024,347,none,,Зерноград,153.2
2024-12-13,,,,-2.9,2.7,OSM-342464023,не указана,2024,348,none,,Зерноград,153.2
2024-12-14,,,,-5.5,0.0,OSM-342464023,не указана,2024,349,none,,Зерноград,153.2
2024-12-15,,,,-1.5,2.8,OSM-342464023,не указана,2024,350,none,,Зерноград,153.2
2024-12-16,,,,1.3,6.6,OSM-342464023,не указана,2024,351,none,,Зерноград,153.2
2024-12-17,0.1916999999999999,0.34475,,4.6,8.3,OSM-342464023,не указана,2024,352,s2,0.1916999999999999,Зерноград,153.2
2024-12-18,,,0.3355,2.5,0.7,OSM-342464023,не указана,2024,353,modis,0.3355,Зерноград,153.2
2024-12-19,,,,-0.1,0.0,OSM-342464023,не указана,2024,354,none,,Зерноград,153.2
2024-12-20,0.2337,,,2.0,0.0,OSM-342464023,не указана,2024,355,s2,0.2337,Зерноград,153.2
2024-12-21,,,,1.0,0.0,OSM-342464023,не указана,2024,356,none,,Зерноград,153.2
2024-12-22,,,,3.1,0.8,OSM-342464023,не указана,2024,357,none,,Зерноград,153.2
2024-12-23,,,,5.6,0.1,OSM-342464023,не указана,2024,358,none,,Зерноград,153.2
2024-12-24,,,,3.6,0.0,OSM-342464023,не указана,2024,359,none,,Зерноград,153.2
2024-12-25,,,,3.2,0.0,OSM-342464023,не указана,2024,360,none,,Зерноград,153.2
2024-12-26,,,,2.2,0.6,OSM-342464023,не указана,2024,361,none,,Зерноград,153.2
2024-12-27,,,,-0.5,0.1,OSM-342464023,не указана,2024,362,none,,Зерноград,153.2
2024-12-28,,,,-1.7,0.0,OSM-342464023,не указана,2024,363,none,,Зерноград,153.2
2024-12-29,,,,-2.0,0.0,OSM-342464023,не указана,2024,364,none,,Зерноград,153.2
2024-12-30,,,,-1.8,0.0,OSM-342464023,не указана,2024,365,none,,Зерноград,153.2
2024-12-31,,,,1.6,0.0,OSM-342464023,не указана,2024,366,none,,Зерноград,153.2
2025-01-01,,,0.3355,3.4,0.0,OSM-342464023,не указана,2025,1,modis,0.3355,Зерноград,153.2
2025-01-02,,0.2382,,7.4,0.0,OSM-342464023,не указана,2025,2,landsat,0.2382,Зерноград,153.2
2025-01-03,,0.2231,,8.5,0.0,OSM-342464023,не указана,2025,3,landsat,0.2231,Зерноград,153.2
2025-01-04,,,,5.3,4.0,OSM-342464023,не указана,2025,4,none,,Зерноград,153.2
2025-01-05,,,,-2.6,0.0,OSM-342464023,не указана,2025,5,none,,Зерноград,153.2
2025-01-06,0.2109,,,-3.2,0.0,OSM-342464023,не указана,2025,6,s2,0.2109,Зерноград,153.2
2025-01-07,,,,2.7,0.0,OSM-342464023,не указана,2025,7,none,,Зерноград,153.2
2025-01-08,,,,4.4,0.0,OSM-342464023,не указана,2025,8,none,,Зерноград,153.2
2025-01-09,0.1988,,,7.3,0.0,OSM-342464023,не указана,2025,9,s2,0.1988,Зерноград,153.2
2025-01-10,,0.25385,,6.7,0.0,OSM-342464023,не указана,2025,10,landsat,0.25385,Зерноград,153.2
2025-01-11,,,,4.9,0.0,OSM-342464023,не указана,2025,11,none,,Зерноград,153.2
2025-01-12,,,,4.2,1.7,OSM-342464023,не указана,2025,12,none,,Зерноград,153.2
2025-01-13,,,,-0.5,9.7,OSM-342464023,не указана,2025,13,none,,Зерноград,153.2
2025-01-14,,,,-2.3,0.0,OSM-342464023,не указана,2025,14,none,,Зерноград,153.2
2025-01-15,,,,-3.7,0.0,OSM-342464023,не указана,2025,15,none,,Зерноград,153.2
2025-01-16,,,,-2.3,0.0,OSM-342464023,не указана,2025,16,none,,Зерноград,153.2
2025-01-17,,,0.2566,0.4,3.0,OSM-342464023,не указана,2025,17,modis,0.2566,Зерноград,153.2
2025-01-18,,,,0.6,1.2,OSM-342464023,не указана,2025,18,none,,Зерноград,153.2
2025-01-19,,,,1.0,2.3,OSM-342464023,не указана,2025,19,none,,Зерноград,153.2
2025-01-20,,,,0.0,0.0,OSM-342464023,не указана,2025,20,none,,Зерноград,153.2
2025-01-21,,,,0.2,0.0,OSM-342464023,не указана,2025,21,none,,Зерноград,153.2
2025-01-22,,,,-0.4,0.0,OSM-342464023,не указана,2025,22,none,,Зерноград,153.2
2025-01-23,,,,0.6,0.5,OSM-342464023,не указана,2025,23,none,,Зерноград,153.2
2025-01-24,,,,1.1,2.7,OSM-342464023,не указана,2025,24,none,,Зерноград,153.2
2025-01-25,,,,3.0,0.0,OSM-342464023,не указана,2025,25,none,,Зерноград,153.2
2025-01-26,,,,2.8,0.0,OSM-342464023,не указана,2025,26,none,,Зерноград,153.2
2025-01-27,,,,1.5,0.0,OSM-342464023,не указана,2025,27,none,,Зерноград,153.2
2025-01-28,,,,1.7,0.0,OSM-342464023,не указана,2025,28,none,,Зерноград,153.2
2025-01-29,,,,2.8,0.0,OSM-342464023,не указана,2025,29,none,,Зерноград,153.2
2025-01-30,,,,3.2,0.0,OSM-342464023,не указана,2025,30,none,,Зерноград,153.2
2025-01-31,,,,2.8,0.0,OSM-342464023,не указана,2025,31,none,,Зерноград,153.2
2025-02-01,,,,2.8,0.0,OSM-342464023,не указана,2025,32,none,,Зерноград,153.2
2025-02-02,,,0.1483,0.9,0.0,OSM-342464023,не указана,2025,33,modis,0.1483,Зерноград,153.2
2025-02-03,,,,0.9,7.3,OSM-342464023,не указана,2025,34,none,,Зерноград,153.2
2025-02-04,,,,-0.7,3.5,OSM-342464023,не указана,2025,35,none,,Зерноград,153.2
2025-02-05,0.0332,,,-1.0,0.3,OSM-342464023,не указана,2025,36,s2,0.0332,Зерноград,153.2
2025-02-06,,,,-1.6,0.1,OSM-342464023,не указана,2025,37,none,,Зерноград,153.2
2025-02-07,,,,-2.7,0.0,OSM-342464023,не указана,2025,38,none,,Зерноград,153.2
2025-02-08,0.1092,,,-4.0,0.0,OSM-342464023,не указана,2025,39,s2,0.1092,Зерноград,153.2
2025-02-09,,,,-5.1,0.0,OSM-342464023,не указана,2025,40,none,,Зерноград,153.2
2025-02-10,0.1209,,,-4.1,0.0,OSM-342464023,не указана,2025,41,s2,0.1209,Зерноград,153.2
2025-02-11,,0.3203,,-5.0,0.0,OSM-342464023,не указана,2025,42,landsat,0.3203,Зерноград,153.2
2025-02-12,,,,-4.6,0.0,OSM-342464023,не указана,2025,43,none,,Зерноград,153.2
2025-02-13,,,,-5.3,0.0,OSM-342464023,не указана,2025,44,none,,Зерноград,153.2
2025-02-14,,,,-5.2,0.0,OSM-342464023,не указана,2025,45,none,,Зерноград,153.2
2025-02-15,0.0628,,,1.6,5.2,OSM-342464023,не указана,2025,46,s2,0.0628,Зерноград,153.2
2025-02-16,,,,-4.6,0.0,OSM-342464023,не указана,2025,47,none,,Зерноград,153.2
2025-02-17,,,,-4.9,0.0,OSM-342464023,не указана,2025,48,none,,Зерноград,153.2
2025-02-18,,,0.0004,-5.1,0.0,OSM-342464023,не указана,2025,49,modis,0.0004,Зерноград,153.2
2025-02-19,,-0.8133,,-4.5,0.1,OSM-342464023,не указана,2025,50,landsat,-0.8133,Зерноград,153.2
2025-02-20,0.2249,0.2342,,-5.9,0.0,OSM-342464023,не указана,2025,51,s2,0.2249,Зерноград,153.2
2025-02-21,,,,-5.6,0.0,OSM-342464023,не указана,2025,52,none,,Зерноград,153.2
2025-02-22,,,,-7.3,0.0,OSM-342464023,не указана,2025,53,none,,Зерноград,153.2
2025-02-23,,,,-6.5,1.5,OSM-342464023,не указана,2025,54,none,,Зерноград,153.2
2025-02-24,,,,-6.7,2.8,OSM-342464023,не указана,2025,55,none,,Зерноград,153.2
2025-02-25,0.0259,,,-10.0,1.2,OSM-342464023,не указана,2025,56,s2,0.0259,Зерноград,153.2
2025-02-26,,,,-12.5,0.0,OSM-342464023,не указана,2025,57,none,,Зерноград,153.2
2025-02-27,,-0.0335,,-8.5,0.0,OSM-342464023,не указана,2025,58,landsat,-0.0335,Зерноград,153.2
2025-02-28,,,,-8.7,0.1,OSM-342464023,не указана,2025,59,none,,Зерноград,153.2
2025-03-01,,,,-12.4,0.0,OSM-342464023,не указана,2025,60,none,,Зерноград,153.2
2025-03-02,,,,-8.4,0.0,OSM-342464023,не указана,2025,61,none,,Зерноград,153.2
2025-03-03,,,,-4.4,0.0,OSM-342464023,не указана,2025,62,none,,Зерноград,153.2
2025-03-04,,,,0.4,0.0,OSM-342464023,не указана,2025,63,none,,Зерноград,153.2
2025-03-05,,,,4.0,0.0,OSM-342464023,не указана,2025,64,none,,Зерноград,153.2
2025-03-06,,,0.2286,5.9,0.0,OSM-342464023,не указана,2025,65,modis,0.2286,Зерноград,153.2
2025-03-07,0.2282,0.2552999999999999,,7.1,0.0,OSM-342464023,не указана,2025,66,s2,0.2282,Зерноград,153.2
2025-03-08,,0.2852,,7.2,0.0,OSM-342464023,не указана,2025,67,landsat,0.2852,Зерноград,153.2
2025-03-09,,,,6.0,0.0,OSM-342464023,не указана,2025,68,none,,Зерноград,153.2
2025-03-10,,,,5.4,0.0,OSM-342464023,не указана,2025,69,none,,Зерноград,153.2
2025-03-11,,,,7.4,0.0,OSM-342464023,не указана,2025,70,none,,Зерноград,153.2
2025-03-12,,,,13.1,0.5,OSM-342464023,не указана,2025,71,none,,Зерноград,153.2
2025-03-13,,,,15.3,0.0,OSM-342464023,не указана,2025,72,none,,Зерноград,153.2
2025-03-14,,,,16.9,0.0,OSM-342464023,не указана,2025,73,none,,Зерноград,153.2
2025-03-15,0.2106,0.23885,,15.7,0.2,OSM-342464023,не указана,2025,74,s2,0.2106,Зерноград,153.2
2025-03-16,,,,18.5,0.0,OSM-342464023,не указана,2025,75,none,,Зерноград,153.2
2025-03-17,0.2306,,,13.1,0.1,OSM-342464023,не указана,2025,76,s2,0.2306,Зерноград,153.2
2025-03-18,,,,6.8,1.2,OSM-342464023,не указана,2025,77,none,,Зерноград,153.2
2025-03-19,,,,2.6,0.4,OSM-342464023,не указана,2025,78,none,,Зерноград,153.2
2025-03-20,,,,3.3,0.0,OSM-342464023,не указана,2025,79,none,,Зерноград,153.2
2025-03-21,,,,4.5,0.0,OSM-342464023,не указана,2025,80,none,,Зерноград,153.2
2025-03-22,,,0.4384,5.7,0.3,OSM-342464023,не указана,2025,81,modis,0.4384,Зерноград,153.2
2025-03-23,,,,6.6,0.0,OSM-342464023,не указана,2025,82,none,,Зерноград,153.2
2025-03-24,,,,7.2,0.0,OSM-342464023,не указана,2025,83,none,,Зерноград,153.2
2025-03-25,0.2683,,,10.3,0.8,OSM-342464023,не указана,2025,84,s2,0.2683,Зерноград,153.2
2025-03-26,,,,11.5,4.5,OSM-342464023,не указана,2025,85,none,,Зерноград,153.2
2025-03-27,,,,11.2,0.0,OSM-342464023,не указана,2025,86,none,,Зерноград,153.2
2025-03-28,,,,10.6,1.4,OSM-342464023,не указана,2025,87,none,,Зерноград,153.2
2025-03-29,,,,9.0,4.9,OSM-342464023,не указана,2025,88,none,,Зерноград,153.2
2025-03-30,0.2845,,,13.3,3.8,OSM-342464023,не указана,2025,89,s2,0.2845,Зерноград,153.2
2025-03-31,,,,12.8,7.6,OSM-342464023,не указана,2025,90,none,,Зерноград,153.2
2025-04-01,0.3274,0.9287,,11.7,0.0,OSM-342464023,не указана,2025,91,s2,0.3274,Зерноград,153.2
2025-04-02,,,,14.4,0.2,OSM-342464023,не указана,2025,92,none,,Зерноград,153.2
2025-04-03,,,,14.2,0.4,OSM-342464023,не указана,2025,93,none,,Зерноград,153.2
2025-04-04,,,,13.1,0.0,OSM-342464023,не указана,2025,94,none,,Зерноград,153.2
2025-04-05,,,,12.1,1.4,OSM-342464023,не указана,2025,95,none,,Зерноград,153.2
2025-04-06,,,,11.9,2.0,OSM-342464023,не указана,2025,96,none,,Зерноград,153.2
2025-04-07,,,0.3534,12.3,6.4,OSM-342464023,не указана,2025,97,modis,0.3534,Зерноград,153.2
2025-04-08,,,,5.1,0.3,OSM-342464023,не указана,2025,98,none,,Зерноград,153.2
2025-04-09,,,,4.4,0.2,OSM-342464023,не указана,2025,99,none,,Зерноград,153.2
2025-04-10,,,,4.6,0.5,OSM-342464023,не указана,2025,100,none,,Зерноград,153.2
2025-04-11,,,,6.8,0.6,OSM-342464023,не указана,2025,101,none,,Зерноград,153.2
2025-04-12,,,,4.2,7.9,OSM-342464023,не указана,2025,102,none,,Зерноград,153.2
2025-04-13,,,,5.9,0.0,OSM-342464023,не указана,2025,103,none,,Зерноград,153.2
2025-04-14,0.5473,,,9.1,0.0,OSM-342464023,не указана,2025,104,s2,0.5473,Зерноград,153.2
2025-04-15,,,,12.8,0.0,OSM-342464023,не указана,2025,105,none,,Зерноград,153.2
2025-04-16,0.5458,0.5622,,13.4,0.0,OSM-342464023,не указана,2025,106,s2,0.5458,Зерноград,153.2
2025-04-17,,0.5875,,13.9,0.0,OSM-342464023,не указана,2025,107,landsat,0.5875,Зерноград,153.2
2025-04-18,0.5833,,,14.3,0.0,OSM-342464023,не указана,2025,108,s2,0.5833,Зерноград,153.2
2025-04-19,0.5837,,,15.5,0.0,OSM-342464023,не указана,2025,109,s2,0.5837,Зерноград,153.2
2025-04-20,,,,15.6,0.0,OSM-342464023,не указана,2025,110,none,,Зерноград,153.2
2025-04-21,,,,13.4,0.5,OSM-342464023,не указана,2025,111,none,,Зерноград,153.2
2025-04-22,,,,14.1,0.5,OSM-342464023,не указана,2025,112,none,,Зерноград,153.2
2025-04-23,,,0.4754,15.8,0.0,OSM-342464023,не указана,2025,113,modis,0.4754,Зерноград,153.2
2025-04-24,,,,15.9,1.4,OSM-342464023,не указана,2025,114,none,,Зерноград,153.2
2025-04-25,,,,16.4,0.8,OSM-342464023,не указана,2025,115,none,,Зерноград,153.2
2025-04-26,,,,14.9,11.8,OSM-342464023,не указана,2025,116,none,,Зерноград,153.2
2025-04-27,,,,8.2,0.8,OSM-342464023,не указана,2025,117,none,,Зерноград,153.2
2025-04-28,0.771,,,6.2,0.1,OSM-342464023,не указана,2025,118,s2,0.771,Зерноград,153.2
2025-04-29,0.2228,,,8.3,0.0,OSM-342464023,не указана,2025,119,s2,0.2228,Зерноград,153.2
2025-04-30,,,,10.9,0.0,OSM-342464023,не указана,2025,120,none,,Зерноград,153.2
2025-05-01,0.69885,,,14.5,0.0,OSM-342464023,не указана,2025,121,s2,0.69885,Зерноград,153.2
2025-05-02,,,,14.4,0.0,OSM-342464023,не указана,2025,122,none,,Зерноград,153.2
2025-05-03,,,,11.9,0.0,OSM-342464023,не указана,2025,123,none,,Зерноград,153.2
2025-05-04,0.2477,,,15.2,0.1,OSM-342464023,не указана,2025,124,s2,0.2477,Зерноград,153.2
2025-05-05,,,,17.7,0.8,OSM-342464023,не указана,2025,125,none,,Зерноград,153.2
2025-05-06,0.6792,,,18.5,0.0,OSM-342464023,не указана,2025,126,s2,0.6792,Зерноград,153.2
2025-05-07,,,,18.5,1.2,OSM-342464023,не указана,2025,127,none,,Зерноград,153.2
2025-05-08,,,,15.9,2.0,OSM-342464023,не указана,2025,128,none,,Зерноград,153.2
2025-05-09,,,0.4368,15.9,9.9,OSM-342464023,не указана,2025,129,modis,0.4368,Зерноград,153.2
2025-05-10,,,,12.9,2.2,OSM-342464023,не указана,2025,130,none,,Зерноград,153.2
2025-05-11,,,,12.2,0.0,OSM-342464023,не указана,2025,131,none,,Зерноград,153.2
2025-05-12,,,,13.1,0.9,OSM-342464023,не указана,2025,132,none,,Зерноград,153.2
2025-05-13,,,,14.1,1.0,OSM-342464023,не указана,2025,133,none,,Зерноград,153.2
2025-05-14,0.1481,,,12.9,0.1,OSM-342464023,не указана,2025,134,s2,0.1481,Зерноград,153.2
2025-05-15,,,,14.0,0.1,OSM-342464023,не указана,2025,135,none,,Зерноград,153.2
2025-05-16,0.6808,,,16.5,0.2,OSM-342464023,не указана,2025,136,s2,0.6808,Зерноград,153.2
2025-05-17,,,,19.2,0.9,OSM-342464023,не указана,2025,137,none,,Зерноград,153.2
2025-05-18,,,,16.8,1.4,OSM-342464023,не указана,2025,138,none,,Зерноград,153.2
2025-05-19,,,,14.9,5.1,OSM-342464023,не указана,2025,139,none,,Зерноград,153.2
2025-05-20,,,,14.9,7.1,OSM-342464023,не указана,2025,140,none,,Зерноград,153.2
2025-05-21,,,,14.6,5.2,OSM-342464023,не указана,2025,141,none,,Зерноград,153.2
2025-05-22,,,,17.2,0.6,OSM-342464023,не указана,2025,142,none,,Зерноград,153.2
2025-05-23,,,,20.1,0.0,OSM-342464023,не указана,2025,143,none,,Зерноград,153.2
2025-05-24,0.6971,,,21.7,0.0,OSM-342464023,не указана,2025,144,s2,0.6971,Зерноград,153.2
2025-05-25,,,0.4406,23.5,0.0,OSM-342464023,не указана,2025,145,modis,0.4406,Зерноград,153.2
2025-05-26,,,,22.9,0.0,OSM-342464023,не указана,2025,146,none,,Зерноград,153.2
2025-05-27,,0.6558,,22.5,0.0,OSM-342464023,не указана,2025,147,landsat,0.6558,Зерноград,153.2
2025-05-28,,,,22.6,0.0,OSM-342464023,не указана,2025,148,none,,Зерноград,153.2
2025-05-29,,,,19.2,0.8,OSM-342464023,не указана,2025,149,none,,Зерноград,153.2
2025-05-30,,,,20.1,0.9,OSM-342464023,не указана,2025,150,none,,Зерноград,153.2
2025-05-31,,,,19.3,0.7,OSM-342464023,не указана,2025,151,none,,Зерноград,153.2
2025-06-01,,,,20.2,0.5,OSM-342464023,не указана,2025,152,none,,Зерноград,153.2
2025-06-02,,,,22.0,0.0,OSM-342464023,не указана,2025,153,none,,Зерноград,153.2
2025-06-03,0.5841,0.5269,,22.7,0.0,OSM-342464023,не указана,2025,154,s2,0.5841,Зерноград,153.2
2025-06-04,,0.4891,,24.0,0.9,OSM-342464023,не указана,2025,155,landsat,0.4891,Зерноград,153.2
2025-06-05,0.4599,,,21.2,0.0,OSM-342464023,не указана,2025,156,s2,0.4599,Зерноград,153.2
2025-06-06,,,,22.3,0.0,OSM-342464023,не указана,2025,157,none,,Зерноград,153.2
2025-06-07,0.405,,,25.2,0.0,OSM-342464023,не указана,2025,158,s2,0.405,Зерноград,153.2
2025-06-08,0.3894,,,27.6,0.0,OSM-342464023,не указана,2025,159,s2,0.3894,Зерноград,153.2
2025-06-09,,,,28.3,0.0,OSM-342464023,не указана,2025,160,none,,Зерноград,153.2
2025-06-10,0.3448,,0.5728,26.3,0.0,OSM-342464023,не указана,2025,161,s2,0.3448,Зерноград,153.2
2025-06-11,,0.41395,,23.1,0.0,OSM-342464023,не указана,2025,162,landsat,0.41395,Зерноград,153.2
2025-06-12,,,,22.5,0.1,OSM-342464023,не указана,2025,163,none,,Зерноград,153.2
2025-06-13,,,,21.3,0.4,OSM-342464023,не указана,2025,164,none,,Зерноград,153.2
2025-06-14,,,,19.6,0.7,OSM-342464023,не указана,2025,165,none,,Зерноград,153.2
2025-06-15,,,,17.8,2.0,OSM-342464023,не указана,2025,166,none,,Зерноград,153.2
2025-06-16,,,,17.1,1.4,OSM-342464023,не указана,2025,167,none,,Зерноград,153.2
2025-06-17,,,,20.1,0.8,OSM-342464023,не указана,2025,168,none,,Зерноград,153.2
2025-06-18,,,,20.3,5.1,OSM-342464023,не указана,2025,169,none,,Зерноград,153.2
2025-06-19,,,,21.5,6.9,OSM-342464023,не указана,2025,170,none,,Зерноград,153.2
2025-06-20,,,,18.6,8.9,OSM-342464023,не указана,2025,171,none,,Зерноград,153.2
2025-06-21,,,,17.1,0.2,OSM-342464023,не указана,2025,172,none,,Зерноград,153.2
2025-06-22,,,,18.6,1.5,OSM-342464023,не указана,2025,173,none,,Зерноград,153.2
2025-06-23,,,,16.6,12.6,OSM-342464023,не указана,2025,174,none,,Зерноград,153.2
2025-06-24,,,,18.1,0.2,OSM-342464023,не указана,2025,175,none,,Зерноград,153.2
2025-06-25,,,,20.2,2.5,OSM-342464023,не указана,2025,176,none,,Зерноград,153.2
2025-06-26,,,0.5890000000000001,21.3,1.0,OSM-342464023,не указана,2025,177,modis,0.5890000000000001,Зерноград,153.2
2025-06-27,0.1963,0.3067,,20.0,0.0,OSM-342464023,не указана,2025,178,s2,0.1963,Зерноград,153.2
2025-06-28,,,,21.7,3.2,OSM-342464023,не указана,2025,179,none,,Зерноград,153.2
2025-06-29,,,,19.0,9.2,OSM-342464023,не указана,2025,180,none,,Зерноград,153.2
2025-06-30,0.204,,,19.7,1.4,OSM-342464023,не указана,2025,181,s2,0.204,Зерноград,153.2
2025-07-01,,,,20.0,0.0,OSM-342464023,не указана,2025,182,none,,Зерноград,153.2
2025-07-02,,,,20.2,0.0,OSM-342464023,не указана,2025,183,none,,Зерноград,153.2
2025-07-03,,,,19.2,3.6,OSM-342464023,не указана,2025,184,none,,Зерноград,153.2
2025-07-04,,,,22.6,0.0,OSM-342464023,не указана,2025,185,none,,Зерноград,153.2
2025-07-05,0.3105,0.5563499999999999,,25.6,0.0,OSM-342464023,не указана,2025,186,s2,0.3105,Зерноград,153.2
2025-07-06,,0.5119,,24.5,1.8,OSM-342464023,не указана,2025,187,landsat,0.5119,Зерноград,153.2
2025-07-07,0.3322,,,26.9,0.0,OSM-342464023,не указана,2025,188,s2,0.3322,Зерноград,153.2
2025-07-08,0.3076,,,29.3,0.0,OSM-342464023,не указана,2025,189,s2,0.3076,Зерноград,153.2
2025-07-09,,,,28.2,0.0,OSM-342464023,не указана,2025,190,none,,Зерноград,153.2
2025-07-10,0.2687,,,30.1,0.0,OSM-342464023,не указана,2025,191,s2,0.2687,Зерноград,153.2
2025-07-11,,,,29.9,0.0,OSM-342464023,не указана,2025,192,none,,Зерноград,153.2
2025-07-12,,,0.3454,30.8,0.0,OSM-342464023,не указана,2025,193,modis,0.3454,Зерноград,153.2
2025-07-13,0.2349,0.2861,,32.7,0.0,OSM-342464023,не указана,2025,194,s2,0.2349,Зерноград,153.2
2025-07-14,,0.2909,,29.9,0.0,OSM-342464023,не указана,2025,195,landsat,0.2909,Зерноград,153.2
2025-07-15,0.2357,,,28.8,0.0,OSM-342464023,не указана,2025,196,s2,0.2357,Зерноград,153.2
2025-07-16,,,,28.9,0.0,OSM-342464023,не указана,2025,197,none,,Зерноград,153.2
2025-07-17,0.2102,,,28.6,0.0,OSM-342464023,не указана,2025,198,s2,0.2102,Зерноград,153.2
2025-07-18,0.2158,,,29.5,0.0,OSM-342464023,не указана,2025,199,s2,0.2158,Зерноград,153.2
2025-07-19,,,,30.1,0.5,OSM-342464023,не указана,2025,200,none,,Зерноград,153.2
2025-07-20,,,,23.8,5.1,OSM-342464023,не указана,2025,201,none,,Зерноград,153.2
2025-07-21,,0.32405,,25.3,0.0,OSM-342464023,не указана,2025,202,landsat,0.32405,Зерноград,153.2
2025-07-22,,0.3206,,27.5,0.0,OSM-342464023,не указана,2025,203,landsat,0.3206,Зерноград,153.2
2025-07-23,0.2139,,,28.3,1.5,OSM-342464023,не указана,2025,204,s2,0.2139,Зерноград,153.2
2025-07-24,,,,27.1,0.0,OSM-342464023,не указана,2025,205,none,,Зерноград,153.2
2025-07-25,0.1457,,,26.7,0.0,OSM-342464023,не указана,2025,206,s2,0.1457,Зерноград,153.2
2025-07-26,,,,28.1,0.0,OSM-342464023,не указана,2025,207,none,,Зерноград,153.2
2025-07-27,,,,26.9,0.2,OSM-342464023,не указана,2025,208,none,,Зерноград,153.2
2025-07-28,0.2246,,0.3224,25.7,0.0,OSM-342464023,не указана,2025,209,s2,0.2246,Зерноград,153.2
2025-07-29,,0.2714,,27.6,0.0,OSM-342464023,не указана,2025,210,landsat,0.2714,Зерноград,153.2
2025-07-30,0.2132,0.2715,,30.6,0.0,OSM-342464023,не указана,2025,211,s2,0.2132,Зерноград,153.2
2025-07-31,,,,29.5,0.0,OSM-342464023,не указана,2025,212,none,,Зерноград,153.2
2025-08-01,,,,28.0,0.0,OSM-342464023,не указана,2025,213,none,,Зерноград,153.2
2025-08-02,0.1523,,,29.7,0.0,OSM-342464023,не указана,2025,214,s2,0.1523,Зерноград,153.2
2025-08-03,,,,26.0,9.1,OSM-342464023,не указана,2025,215,none,,Зерноград,153.2
2025-08-04,,,,25.6,7.8,OSM-342464023,не указана,2025,216,none,,Зерноград,153.2
2025-08-05,,,,25.6,0.0,OSM-342464023,не указана,2025,217,none,,Зерноград,153.2
2025-08-06,0.1823,0.24975,,28.6,0.0,OSM-342464023,не указана,2025,218,s2,0.1823,Зерноград,153.2
2025-08-07,0.1807,0.2418,,30.2,0.0,OSM-342464023,не указана,2025,219,s2,0.1807,Зерноград,153.2
2025-08-08,,,,28.1,0.0,OSM-342464023,не указана,2025,220,none,,Зерноград,153.2
2025-08-09,0.1143,,,25.4,6.8,OSM-342464023,не указана,2025,221,s2,0.1143,Зерноград,153.2
2025-08-10,,,,24.1,0.2,OSM-342464023,не указана,2025,222,none,,Зерноград,153.2
2025-08-11,,,,23.3,2.2,OSM-342464023,не указана,2025,223,none,,Зерноград,153.2
2025-08-12,0.1914,,,21.5,0.0,OSM-342464023,не указана,2025,224,s2,0.1914,Зерноград,153.2
2025-08-13,,,0.2607,21.7,0.0,OSM-342464023,не указана,2025,225,modis,0.2607,Зерноград,153.2
2025-08-14,0.1746,0.2347,,22.7,0.0,OSM-342464023,не указана,2025,226,s2,0.1746,Зерноград,153.2
2025-08-15,,0.2235,,21.5,0.0,OSM-342464023,не указана,2025,227,landsat,0.2235,Зерноград,153.2
2025-08-16,0.1513,,,22.3,0.0,OSM-342464023,не указана,2025,228,s2,0.1513,Зерноград,153.2
2025-08-17,0.1678,,,25.2,0.0,OSM-342464023,не указана,2025,229,s2,0.1678,Зерноград,153.2
2025-08-18,,,,26.7,0.0,OSM-342464023,не указана,2025,230,none,,Зерноград,153.2
2025-08-19,0.16185,,,21.9,0.0,OSM-342464023,не указана,2025,231,s2,0.16185,Зерноград,153.2
2025-08-20,,,,24.3,0.0,OSM-342464023,не указана,2025,232,none,,Зерноград,153.2
2025-08-21,,,,24.8,1.2,OSM-342464023,не указана,2025,233,none,,Зерноград,153.2
2025-08-22,0.1702,0.2161,,25.7,0.0,OSM-342464023,не указана,2025,234,s2,0.1702,Зерноград,153.2
2025-08-23,,0.2186,,26.8,0.0,OSM-342464023,не указана,2025,235,landsat,0.2186,Зерноград,153.2
2025-08-24,0.19,,,22.3,0.0,OSM-342464023,не указана,2025,236,s2,0.19,Зерноград,153.2
2025-08-25,,,,19.3,0.0,OSM-342464023,не указана,2025,237,none,,Зерноград,153.2
2025-08-26,,,,19.1,0.1,OSM-342464023,не указана,2025,238,none,,Зерноград,153.2
2025-08-27,0.1723,,,21.1,0.0,OSM-342464023,не указана,2025,239,s2,0.1723,Зерноград,153.2
2025-08-28,,,,23.2,0.0,OSM-342464023,не указана,2025,240,none,,Зерноград,153.2
2025-08-29,0.16465,,0.284,25.6,0.0,OSM-342464023,не указана,2025,241,s2,0.16465,Зерноград,153.2
2025-08-30,,0.2078,,27.3,0.0,OSM-342464023,не указана,2025,242,landsat,0.2078,Зерноград,153.2
2025-08-31,,0.2158,,26.5,0.0,OSM-342464023,не указана,2025,243,landsat,0.2158,Зерноград,153.2
2025-09-01,0.1528,,,27.5,0.4,OSM-342464023,не указана,2025,244,s2,0.1528,Зерноград,153.2
2025-09-02,,,,25.5,3.7,OSM-342464023,не указана,2025,245,none,,Зерноград,153.2
2025-09-03,0.19,,,24.5,0.2,OSM-342464023,не указана,2025,246,s2,0.19,Зерноград,153.2
2025-09-04,,,,20.0,0.0,OSM-342464023,не указана,2025,247,none,,Зерноград,153.2
2025-09-05,0.0848,,,18.9,0.0,OSM-342464023,не указана,2025,248,s2,0.0848,Зерноград,153.2
2025-09-06,0.1322,,,19.3,0.0,OSM-342464023,не указана,2025,249,s2,0.1322,Зерноград,153.2
2025-09-07,,0.2202,,21.6,0.0,OSM-342464023,не указана,2025,250,landsat,0.2202,Зерноград,153.2
2025-09-08,0.13985,0.223,,23.0,0.3,OSM-342464023,не указана,2025,251,s2,0.13985,Зерноград,153.2
2025-09-09,,,,20.8,1.7,OSM-342464023,не указана,2025,252,none,,Зерноград,153.2
2025-09-10,,,,18.7,2.9,OSM-342464023,не указана,2025,253,none,,Зерноград,153.2
2025-09-11,,,,18.6,0.0,OSM-342464023,не указана,2025,254,none,,Зерноград,153.2
2025-09-12,,,,18.2,0.0,OSM-342464023,не указана,2025,255,none,,Зерноград,153.2
2025-09-13,0.1574,,,15.4,0.0,OSM-342464023,не указана,2025,256,s2,0.1574,Зерноград,153.2
2025-09-14,,,0.2616,17.8,0.0,OSM-342464023,не указана,2025,257,modis,0.2616,Зерноград,153.2
2025-09-15,0.1729,0.217,,18.6,0.0,OSM-342464023,не указана,2025,258,s2,0.1729,Зерноград,153.2
2025-09-16,0.172,0.2148,,18.1,0.0,OSM-342464023,не указана,2025,259,s2,0.172,Зерноград,153.2
2025-09-17,,,,18.8,0.0,OSM-342464023,не указана,2025,260,none,,Зерноград,153.2
2025-09-18,,,,17.4,19.0,OSM-342464023,не указана,2025,261,none,,Зерноград,153.2
2025-09-19,,,,15.5,12.5,OSM-342464023,не указана,2025,262,none,,Зерноград,153.2
2025-09-20,,,,16.1,0.5,OSM-342464023,не указана,2025,263,none,,Зерноград,153.2
2025-09-21,0.1885,,,16.7,0.0,OSM-342464023,не указана,2025,264,s2,0.1885,Зерноград,153.2
2025-09-22,,,,17.9,0.0,OSM-342464023,не указана,2025,265,none,,Зерноград,153.2
2025-09-23,0.1921,0.2417,,19.6,0.0,OSM-342464023,не указана,2025,266,s2,0.1921,Зерноград,153.2
2025-09-24,,0.2392,,18.8,0.0,OSM-342464023,не указана,2025,267,landsat,0.2392,Зерноград,153.2
2025-09-25,0.1738,,,14.0,3.0,OSM-342464023,не указана,2025,268,s2,0.1738,Зерноград,153.2
2025-09-26,0.2019,,,10.2,0.0,OSM-342464023,не указана,2025,269,s2,0.2019,Зерноград,153.2
2025-09-27,,,,10.2,0.0,OSM-342464023,не указана,2025,270,none,,Зерноград,153.2
2025-09-28,,,,12.0,0.0,OSM-342464023,не указана,2025,271,none,,Зерноград,153.2
2025-09-29,,,,11.3,7.2,OSM-342464023,не указана,2025,272,none,,Зерноград,153.2
2025-09-30,,,0.2699,9.2,2.0,OSM-342464023,не указана,2025,273,modis,0.2699,Зерноград,153.2
2025-10-01,,,,11.6,0.0,OSM-342464023,не указана,2025,274,none,,Зерноград,153.2
2025-10-02,,0.2307,,12.3,0.0,OSM-342464023,не указана,2025,275,landsat,0.2307,Зерноград,153.2
2025-10-03,,,,13.7,0.0,OSM-342464023,не указана,2025,276,none,,Зерноград,153.2
2025-10-04,,,,16.1,0.0,OSM-342464023,не указана,2025,277,none,,Зерноград,153.2
2025-10-05,,,,14.1,6.2,OSM-342464023,не указана,2025,278,none,,Зерноград,153.2
2025-10-06,,,,14.4,0.0,OSM-342464023,не указана,2025,279,none,,Зерноград,153.2
2025-10-07,,,,16.5,0.0,OSM-342464023,не указана,2025,280,none,,Зерноград,153.2
2025-10-08,0.1563,,,17.1,0.0,OSM-342464023,не указана,2025,281,s2,0.1563,Зерноград,153.2
2025-10-09,,,,15.6,8.0,OSM-342464023,не указана,2025,282,none,,Зерноград,153.2
2025-10-10,,,,14.5,1.8,OSM-342464023,не указана,2025,283,none,,Зерноград,153.2
2025-10-11,,,,13.1,0.5,OSM-342464023,не указана,2025,284,none,,Зерноград,153.2
2025-10-12,,,,12.3,0.0,OSM-342464023,не указана,2025,285,none,,Зерноград,153.2
2025-10-13,0.1519,,,11.6,1.7,OSM-342464023,не указана,2025,286,s2,0.1519,Зерноград,153.2
2025-10-14,,,,8.4,0.0,OSM-342464023,не указана,2025,287,none,,Зерноград,153.2
2025-10-15,,,,9.6,0.4,OSM-342464023,не указана,2025,288,none,,Зерноград,153.2
2025-10-16,0.1983,,0.3926,6.7,0.0,OSM-342464023,не указана,2025,289,s2,0.1983,Зерноград,153.2
2025-10-17,,,,7.4,0.0,OSM-342464023,не указана,2025,290,none,,Зерноград,153.2
2025-10-18,0.1788,0.5064,,10.0,1.6,OSM-342464023,не указана,2025,291,s2,0.1788,Зерноград,153.2
2025-10-19,,,,12.0,4.9,OSM-342464023,не указана,2025,292,none,,Зерноград,153.2
2025-10-20,,,,8.9,0.2,OSM-342464023,не указана,2025,293,none,,Зерноград,153.2
2025-10-21,,,,7.6,0.6,OSM-342464023,не указана,2025,294,none,,Зерноград,153.2
2025-10-22,,,,9.1,0.0,OSM-342464023,не указана,2025,295,none,,Зерноград,153.2
2025-10-23,,,,10.4,0.0,OSM-342464023,не указана,2025,296,none,,Зерноград,153.2
2025-10-24,,,,12.9,0.0,OSM-342464023,не указана,2025,297,none,,Зерноград,153.2
2025-10-25,,-0.04895,,11.7,7.8,OSM-342464023,не указана,2025,298,landsat,-0.04895,Зерноград,153.2
2025-10-26,,,,9.7,0.0,OSM-342464023,не указана,2025,299,none,,Зерноград,153.2
2025-10-27,,,,12.0,3.6,OSM-342464023,не указана,2025,300,none,,Зерноград,153.2
2025-10-28,,,,13.1,1.6,OSM-342464023,не указана,2025,301,none,,Зерноград,153.2
2025-10-29,,,,10.9,0.9,OSM-342464023,не указана,2025,302,none,,Зерноград,153.2
2025-10-30,,,,9.5,0.1,OSM-342464023,не указана,2025,303,none,,Зерноград,153.2
2025-10-31,,,,11.4,6.0,OSM-342464023,не указана,2025,304,none,,Зерноград,153.2
2025-11-01,,,0.4147,10.1,0.0,OSM-342464023,не указана,2025,305,modis,0.4147,Зерноград,153.2
2021-01-01,,,-0.018600000000000002,1.2,0.0,OSM-Сальск-93149078,не указана,2021,1,modis,-0.018600000000000002,Сальск,165.5
2021-01-02,,,,1.6,0.4,OSM-Сальск-93149078,не указана,2021,2,none,,Сальск,165.5
2021-01-03,,,,1.3,0.0,OSM-Сальск-93149078,не указана,2021,3,none,,Сальск,165.5
2021-01-04,,,,0.7,0.0,OSM-Сальск-93149078,не указана,2021,4,none,,Сальск,165.5
2021-01-05,,,,1.1,0.0,OSM-Сальск-93149078,не указана,2021,5,none,,Сальск,165.5
2021-01-06,,,,2.0,1.1,OSM-Сальск-93149078,не указана,2021,6,none,,Сальск,165.5
2021-01-07,,,,4.2,0.0,OSM-Сальск-93149078,не указана,2021,7,none,,Сальск,165.5
2021-01-08,,,,5.7,4.0,OSM-Сальск-93149078,не указана,2021,8,none,,Сальск,165.5
2021-01-09,,,,7.8,6.9,OSM-Сальск-93149078,не указана,2021,9,none,,Сальск,165.5
2021-01-10,,,,0.3,2.8,OSM-Сальск-93149078,не указана,2021,10,none,,Сальск,165.5
2021-01-11,,,,-1.2,0.0,OSM-Сальск-93149078,не указана,2021,11,none,,Сальск,165.5
2021-01-12,,,,-0.9,2.4,OSM-Сальск-93149078,не указана,2021,12,none,,Сальск,165.5
2021-01-13,,,,2.9,8.0,OSM-Сальск-93149078,не указана,2021,13,none,,Сальск,165.5
2021-01-14,,,,0.1,1.9,OSM-Сальск-93149078,не указана,2021,14,none,,Сальск,165.5
2021-01-15,,,,-2.4,7.7,OSM-Сальск-93149078,не указана,2021,15,none,,Сальск,165.5
2021-01-16,,,,-6.3,0.0,OSM-Сальск-93149078,не указана,2021,16,none,,Сальск,165.5
2021-01-17,,,-0.055200000000000006,-6.8,13.7,OSM-Сальск-93149078,не указана,2021,17,modis,-0.055200000000000006,Сальск,165.5
2021-01-18,,,,-6.2,1.1,OSM-Сальск-93149078,не указана,2021,18,none,,Сальск,165.5
2021-01-19,,,,-10.3,0.6,OSM-Сальск-93149078,не указана,2021,19,none,,Сальск,165.5
2021-01-20,,,,-17.0,0.0,OSM-Сальск-93149078,не указана,2021,20,none,,Сальск,165.5
2021-01-21,,,,-16.2,0.0,OSM-Сальск-93149078,не указана,2021,21,none,,Сальск,165.5
2021-01-22,,,,1.4,0.0,OSM-Сальск-93149078,не указана,2021,22,none,,Сальск,165.5
2021-01-23,,,,-0.5,0.0,OSM-Сальск-93149078,не указана,2021,23,none,,Сальск,165.5
2021-01-24,,,,0.1,0.0,OSM-Сальск-93149078,не указана,2021,24,none,,Сальск,165.5
2021-01-25,,,,1.0,0.0,OSM-Сальск-93149078,не указана,2021,25,none,,Сальск,165.5
2021-01-26,,,,2.8,0.2,OSM-Сальск-93149078,не указана,2021,26,none,,Сальск,165.5
2021-01-27,,,,2.1,0.0,OSM-Сальск-93149078,не указана,2021,27,none,,Сальск,165.5
2021-01-28,,,,2.7,2.2,OSM-Сальск-93149078,не указана,2021,28,none,,Сальск,165.5
2021-01-29,,,,1.7,0.2,OSM-Сальск-93149078,не указана,2021,29,none,,Сальск,165.5
2021-01-30,,,,2.7,0.0,OSM-Сальск-93149078,не указана,2021,30,none,,Сальск,165.5
2021-01-31,,,,4.7,2.0,OSM-Сальск-93149078,не указана,2021,31,none,,Сальск,165.5
2021-02-01,,,,5.7,0.0,OSM-Сальск-93149078,не указана,2021,32,none,,Сальск,165.5
2021-02-02,,,0.39840000000000003,6.9,0.0,OSM-Сальск-93149078,не указана,2021,33,modis,0.39840000000000003,Сальск,165.5
2021-02-03,,,,7.2,2.6,OSM-Сальск-93149078,не указана,2021,34,none,,Сальск,165.5
2021-02-04,,,,9.2,1.8,OSM-Сальск-93149078,не указана,2021,35,none,,Сальск,165.5
2021-02-05,,,,5.1,2.6,OSM-Сальск-93149078,не указана,2021,36,none,,Сальск,165.5
2021-02-06,,,,-3.1,0.1,OSM-Сальск-93149078,не указана,2021,37,none,,Сальск,165.5
2021-02-07,,,,-4.1,0.0,OSM-Сальск-93149078,не указана,2021,38,none,,Сальск,165.5
2021-02-08,,,,-6.0,9.8,OSM-Сальск-93149078,не указана,2021,39,none,,Сальск,165.5
2021-02-09,,,,0.5,2.5,OSM-Сальск-93149078,не указана,2021,40,none,,Сальск,165.5
2021-02-10,,,,3.5,1.2,OSM-Сальск-93149078,не указана,2021,41,none,,Сальск,165.5
2021-02-11,,,,8.2,0.0,OSM-Сальск-93149078,не указана,2021,42,none,,Сальск,165.5
2021-02-12,,,,6.9,0.2,OSM-Сальск-93149078,не указана,2021,43,none,,Сальск,165.5
2021-02-13,,,,-2.8,0.0,OSM-Сальск-93149078,не указана,2021,44,none,,Сальск,165.5
2021-02-14,,,,-4.7,0.0,OSM-Сальск-93149078,не указана,2021,45,none,,Сальск,165.5
2021-02-15,,,,-5.9,2.0,OSM-Сальск-93149078,не указана,2021,46,none,,Сальск,165.5
2021-02-16,,,,-6.7,3.5,OSM-Сальск-93149078,не указана,2021,47,none,,Сальск,165.5
2021-02-17,,,,-9.6,0.0,OSM-Сальск-93149078,не указана,2021,48,none,,Сальск,165.5
2021-02-18,,,0.38680000000000003,-11.5,0.0,OSM-Сальск-93149078,не указана,2021,49,modis,0.38680000000000003,Сальск,165.5
2021-02-19,,,,-9.1,0.1,OSM-Сальск-93149078,не указана,2021,50,none,,Сальск,165.5
2021-02-20,,,,-5.3,0.0,OSM-Сальск-93149078,не указана,2021,51,none,,Сальск,165.5
2021-02-21,,,,-1.9,0.5,OSM-Сальск-93149078,не указана,2021,52,none,,Сальск,165.5
2021-02-22,,,,1.0,8.8,OSM-Сальск-93149078,не указана,2021,53,none,,Сальск,165.5
2021-02-23,,,,-10.6,3.3,OSM-Сальск-93149078,не указана,2021,54,none,,Сальск,165.5
2021-02-24,,,,-14.8,0.0,OSM-Сальск-93149078,не указана,2021,55,none,,Сальск,165.5
2021-02-25,,,,-7.8,0.0,OSM-Сальск-93149078,не указана,2021,56,none,,Сальск,165.5
2021-02-26,,,,3.0,2.1,OSM-Сальск-93149078,не указана,2021,57,none,,Сальск,165.5
2021-02-27,,,,5.5,4.4,OSM-Сальск-93149078,не указана,2021,58,none,,Сальск,165.5
2021-02-28,,,,2.3,1.4,OSM-Сальск-93149078,не указана,2021,59,none,,Сальск,165.5
2021-03-01,,,,1.6,3.0,OSM-Сальск-93149078,не указана,2021,60,none,,Сальск,165.5
2021-03-02,,,,2.1,0.6,OSM-Сальск-93149078,не указана,2021,61,none,,Сальск,165.5
2021-03-03,,,,1.3,4.2,OSM-Сальск-93149078,не указана,2021,62,none,,Сальск,165.5
2021-03-04,,,,2.2,0.0,OSM-Сальск-93149078,не указана,2021,63,none,,Сальск,165.5
2021-03-05,,,,5.0,0.0,OSM-Сальск-93149078,не указана,2021,64,none,,Сальск,165.5
2021-03-06,,,0.33290000000000003,4.3,3.9,OSM-Сальск-93149078,не указана,2021,65,modis,0.33290000000000003,Сальск,165.5
2021-03-07,,,,-1.0,0.0,OSM-Сальск-93149078,не указана,2021,66,none,,Сальск,165.5
2021-03-08,,,,1.6,0.0,OSM-Сальск-93149078,не указана,2021,67,none,,Сальск,165.5
2021-03-09,,,,1.2,1.0,OSM-Сальск-93149078,не указана,2021,68,none,,Сальск,165.5
2021-03-10,,,,-2.4,0.0,OSM-Сальск-93149078,не указана,2021,69,none,,Сальск,165.5
2021-03-11,,,,-4.5,0.0,OSM-Сальск-93149078,не указана,2021,70,none,,Сальск,165.5
2021-03-12,,,,-5.9,0.0,OSM-Сальск-93149078,не указана,2021,71,none,,Сальск,165.5
2021-03-13,,,,-2.3,1.3,OSM-Сальск-93149078,не указана,2021,72,none,,Сальск,165.5
2021-03-14,,,,1.5,0.3,OSM-Сальск-93149078,не указана,2021,73,none,,Сальск,165.5
2021-03-15,,,,3.9,0.0,OSM-Сальск-93149078,не указана,2021,74,none,,Сальск,165.5
2021-03-16,,,,4.2,1.3,OSM-Сальск-93149078,не указана,2021,75,none,,Сальск,165.5
2021-03-17,,,,6.6,1.7,OSM-Сальск-93149078,не указана,2021,76,none,,Сальск,165.5
2021-03-18,,,,3.8,17.0,OSM-Сальск-93149078,не указана,2021,77,none,,Сальск,165.5
2021-03-19,,,,5.9,8.2,OSM-Сальск-93149078,не указана,2021,78,none,,Сальск,165.5
2021-03-20,,,,4.1,1.3,OSM-Сальск-93149078,не указана,2021,79,none,,Сальск,165.5
2021-03-21,,,,2.4,0.6,OSM-Сальск-93149078,не указана,2021,80,none,,Сальск,165.5
2021-03-22,,,0.35660000000000003,3.3,1.2,OSM-Сальск-93149078,не указана,2021,81,modis,0.35660000000000003,Сальск,165.5
2021-03-23,,,,4.5,8.6,OSM-Сальск-93149078,не указана,2021,82,none,,Сальск,165.5
2021-03-24,,,,2.0,8.4,OSM-Сальск-93149078,не указана,2021,83,none,,Сальск,165.5
2021-03-25,,,,2.3,6.4,OSM-Сальск-93149078,не указана,2021,84,none,,Сальск,165.5
2021-03-26,,,,1.9,6.2,OSM-Сальск-93149078,не указана,2021,85,none,,Сальск,165.5
2021-03-27,,,,6.0,0.5,OSM-Сальск-93149078,не указана,2021,86,none,,Сальск,165.5
2021-03-28,,,,6.0,5.8,OSM-Сальск-93149078,не указана,2021,87,none,,Сальск,165.5
2021-03-29,,,,5.1,2.1,OSM-Сальск-93149078,не указана,2021,88,none,,Сальск,165.5
2021-03-30,,,,5.1,6.3,OSM-Сальск-93149078,не указана,2021,89,none,,Сальск,165.5
2021-03-31,,,,7.0,0.0,OSM-Сальск-93149078,не указана,2021,90,none,,Сальск,165.5
2021-04-01,,,,8.1,0.0,OSM-Сальск-93149078,не указана,2021,91,none,,Сальск,165.5
2021-04-02,,,,9.1,0.0,OSM-Сальск-93149078,не указана,2021,92,none,,Сальск,165.5
2021-04-03,,,,10.1,0.8,OSM-Сальск-93149078,не указана,2021,93,none,,Сальск,165.5
2021-04-04,,,,8.8,5.5,OSM-Сальск-93149078,не указана,2021,94,none,,Сальск,165.5
2021-04-05,,,,6.7,14.3,OSM-Сальск-93149078,не указана,2021,95,none,,Сальск,165.5
2021-04-06,,,,8.0,0.2,OSM-Сальск-93149078,не указана,2021,96,none,,Сальск,165.5
2021-04-07,,,0.5134000000000001,12.3,1.3,OSM-Сальск-93149078,не указана,2021,97,modis,0.5134000000000001,Сальск,165.5
2021-04-08,,,,11.0,4.0,OSM-Сальск-93149078,не указана,2021,98,none,,Сальск,165.5
2021-04-09,,,,5.5,5.4,OSM-Сальск-93149078,не указана,2021,99,none,,Сальск,165.5
2021-04-10,,,,7.5,3.7,OSM-Сальск-93149078,не указана,2021,100,none,,Сальск,165.5
2021-04-11,,,,9.7,0.9,OSM-Сальск-93149078,не указана,2021,101,none,,Сальск,165.5
2021-04-12,,,,10.5,5.3,OSM-Сальск-93149078,не указана,2021,102,none,,Сальск,165.5
2021-04-13,,,,11.5,2.6,OSM-Сальск-93149078,не указана,2021,103,none,,Сальск,165.5
2021-04-14,,,,11.3,0.1,OSM-Сальск-93149078,не указана,2021,104,none,,Сальск,165.5
2021-04-15,,,,11.7,0.0,OSM-Сальск-93149078,не указана,2021,105,none,,Сальск,165.5
2021-04-16,,,,12.0,7.8,OSM-Сальск-93149078,не указана,2021,106,none,,Сальск,165.5
2021-04-17,,,,11.6,3.8,OSM-Сальск-93149078,не указана,2021,107,none,,Сальск,165.5
2021-04-18,,,,10.2,4.4,OSM-Сальск-93149078,не указана,2021,108,none,,Сальск,165.5
2021-04-19,,,,12.1,6.4,OSM-Сальск-93149078,не указана,2021,109,none,,Сальск,165.5
2021-04-20,,,,14.3,12.6,OSM-Сальск-93149078,не указана,2021,110,none,,Сальск,165.5
2021-04-21,,,,12.0,0.0,OSM-Сальск-93149078,не указана,2021,111,none,,Сальск,165.5
2021-04-22,,,,12.4,8.2,OSM-Сальск-93149078,не указана,2021,112,none,,Сальск,165.5
2021-04-23,,,0.8407,12.6,0.2,OSM-Сальск-93149078,не указана,2021,113,modis,0.8407,Сальск,165.5
2021-04-24,,,,11.5,3.1,OSM-Сальск-93149078,не указана,2021,114,none,,Сальск,165.5
2021-04-25,,,,9.8,4.1,OSM-Сальск-93149078,не указана,2021,115,none,,Сальск,165.5
2021-04-26,,,,8.2,8.4,OSM-Сальск-93149078,не указана,2021,116,none,,Сальск,165.5
2021-04-27,,,,9.3,0.0,OSM-Сальск-93149078,не указана,2021,117,none,,Сальск,165.5
2021-04-28,,,,11.5,0.8,OSM-Сальск-93149078,не указана,2021,118,none,,Сальск,165.5
2021-04-29,,,,12.9,0.4,OSM-Сальск-93149078,не указана,2021,119,none,,Сальск,165.5
2021-04-30,,,,15.4,0.5,OSM-Сальск-93149078,не указана,2021,120,none,,Сальск,165.5
2021-05-01,,,,16.1,0.0,OSM-Сальск-93149078,не указана,2021,121,none,,Сальск,165.5
2021-05-02,,,,17.5,0.0,OSM-Сальск-93149078,не указана,2021,122,none,,Сальск,165.5
2021-05-03,,,,20.5,0.0,OSM-Сальск-93149078,не указана,2021,123,none,,Сальск,165.5
2021-05-04,,,,13.9,1.7,OSM-Сальск-93149078,не указана,2021,124,none,,Сальск,165.5
2021-05-05,,,,12.0,0.0,OSM-Сальск-93149078,не указана,2021,125,none,,Сальск,165.5
2021-05-06,,,,15.1,0.0,OSM-Сальск-93149078,не указана,2021,126,none,,Сальск,165.5
2021-05-07,,,,15.8,0.3,OSM-Сальск-93149078,не указана,2021,127,none,,Сальск,165.5
2021-05-08,,,,18.6,0.0,OSM-Сальск-93149078,не указана,2021,128,none,,Сальск,165.5
2021-05-09,,,0.8927,11.5,9.0,OSM-Сальск-93149078,не указана,2021,129,modis,0.8927,Сальск,165.5
2021-05-10,,,,9.0,11.2,OSM-Сальск-93149078,не указана,2021,130,none,,Сальск,165.5
2021-05-11,,,,8.5,42.9,OSM-Сальск-93149078,не указана,2021,131,none,,Сальск,165.5
2021-05-12,,,,13.7,1.4,OSM-Сальск-93149078,не указана,2021,132,none,,Сальск,165.5
2021-05-13,,,,17.5,0.0,OSM-Сальск-93149078,не указана,2021,133,none,,Сальск,165.5
2021-05-14,,,,20.2,0.0,OSM-Сальск-93149078,не указана,2021,134,none,,Сальск,165.5
2021-05-15,,,,21.1,0.0,OSM-Сальск-93149078,не указана,2021,135,none,,Сальск,165.5
2021-05-16,,,,22.5,0.0,OSM-Сальск-93149078,не указана,2021,136,none,,Сальск,165.5
2021-05-17,,,,21.8,1.1,OSM-Сальск-93149078,не указана,2021,137,none,,Сальск,165.5
2021-05-18,,,,17.4,9.9,OSM-Сальск-93149078,не указана,2021,138,none,,Сальск,165.5
2021-05-19,,,,16.2,8.4,OSM-Сальск-93149078,не указана,2021,139,none,,Сальск,165.5
2021-05-20,,,,18.4,0.0,OSM-Сальск-93149078,не указана,2021,140,none,,Сальск,165.5
2021-05-21,,,,20.9,0.0,OSM-Сальск-93149078,не указана,2021,141,none,,Сальск,165.5
2021-05-22,,,,20.6,0.0,OSM-Сальск-93149078,не указана,2021,142,none,,Сальск,165.5
2021-05-23,,,,21.4,0.4,OSM-Сальск-93149078,не указана,2021,143,none,,Сальск,165.5
2021-05-24,,,,20.4,10.4,OSM-Сальск-93149078,не указана,2021,144,none,,Сальск,165.5
2021-05-25,,,0.9081,18.2,5.2,OSM-Сальск-93149078,не указана,2021,145,modis,0.9081,Сальск,165.5
2021-05-26,,,,19.4,0.1,OSM-Сальск-93149078,не указана,2021,146,none,,Сальск,165.5
2021-05-27,,,,20.3,0.0,OSM-Сальск-93149078,не указана,2021,147,none,,Сальск,165.5
2021-05-28,,,,21.8,0.0,OSM-Сальск-93149078,не указана,2021,148,none,,Сальск,165.5
2021-05-29,,,,23.0,0.6,OSM-Сальск-93149078,не указана,2021,149,none,,Сальск,165.5
2021-05-30,,,,18.8,9.9,OSM-Сальск-93149078,не указана,2021,150,none,,Сальск,165.5
2021-05-31,,,,20.2,0.0,OSM-Сальск-93149078,не указана,2021,151,none,,Сальск,165.5
2021-06-01,,,,20.1,13.8,OSM-Сальск-93149078,не указана,2021,152,none,,Сальск,165.5
2021-06-02,,,,18.4,12.9,OSM-Сальск-93149078,не указана,2021,153,none,,Сальск,165.5
2021-06-03,,,,16.6,0.5,OSM-Сальск-93149078,не указана,2021,154,none,,Сальск,165.5
2021-06-04,,,,16.2,2.7,OSM-Сальск-93149078,не указана,2021,155,none,,Сальск,165.5
2021-06-05,,,,15.6,3.9,OSM-Сальск-93149078,не указана,2021,156,none,,Сальск,165.5
2021-06-06,,,,17.4,1.3,OSM-Сальск-93149078,не указана,2021,157,none,,Сальск,165.5
2021-06-07,,,,16.9,2.5,OSM-Сальск-93149078,не указана,2021,158,none,,Сальск,165.5
2021-06-08,,,,17.4,3.8,OSM-Сальск-93149078,не указана,2021,159,none,,Сальск,165.5
2021-06-09,,,,18.8,0.0,OSM-Сальск-93149078,не указана,2021,160,none,,Сальск,165.5
2021-06-10,,,0.781,19.3,0.1,OSM-Сальск-93149078,не указана,2021,161,modis,0.781,Сальск,165.5
2021-06-11,,,,20.2,0.5,OSM-Сальск-93149078,не указана,2021,162,none,,Сальск,165.5
2021-06-12,,,,21.1,1.1,OSM-Сальск-93149078,не указана,2021,163,none,,Сальск,165.5
2021-06-13,,,,20.9,0.1,OSM-Сальск-93149078,не указана,2021,164,none,,Сальск,165.5
2021-06-14,,,,21.9,0.1,OSM-Сальск-93149078,не указана,2021,165,none,,Сальск,165.5
2021-06-15,,,,22.2,0.3,OSM-Сальск-93149078,не указана,2021,166,none,,Сальск,165.5
2021-06-16,,,,24.8,0.0,OSM-Сальск-93149078,не указана,2021,167,none,,Сальск,165.5
2021-06-17,,,,22.0,13.8,OSM-Сальск-93149078,не указана,2021,168,none,,Сальск,165.5
2021-06-18,,,,22.5,0.0,OSM-Сальск-93149078,не указана,2021,169,none,,Сальск,165.5
2021-06-19,,,,25.8,0.0,OSM-Сальск-93149078,не указана,2021,170,none,,Сальск,165.5
2021-06-20,,,,26.5,0.0,OSM-Сальск-93149078,не указана,2021,171,none,,Сальск,165.5
2021-06-21,,,,26.8,0.0,OSM-Сальск-93149078,не указана,2021,172,none,,Сальск,165.5
2021-06-22,,,,28.0,0.0,OSM-Сальск-93149078,не указана,2021,173,none,,Сальск,165.5
2021-06-23,,,,27.6,0.0,OSM-Сальск-93149078,не указана,2021,174,none,,Сальск,165.5
2021-06-24,,,,27.2,0.0,OSM-Сальск-93149078,не указана,2021,175,none,,Сальск,165.5
2021-06-25,,,,26.6,0.0,OSM-Сальск-93149078,не указана,2021,176,none,,Сальск,165.5
2021-06-26,,,0.40690000000000004,26.9,0.0,OSM-Сальск-93149078,не указана,2021,177,modis,0.40690000000000004,Сальск,165.5
2021-06-27,,,,24.4,4.0,OSM-Сальск-93149078,не указана,2021,178,none,,Сальск,165.5
2021-06-28,,,,26.2,0.2,OSM-Сальск-93149078,не указана,2021,179,none,,Сальск,165.5
2021-06-29,,,,25.1,0.1,OSM-Сальск-93149078,не указана,2021,180,none,,Сальск,165.5
2021-06-30,,,,24.2,0.4,OSM-Сальск-93149078,не указана,2021,181,none,,Сальск,165.5
2021-07-01,,,,25.2,0.1,OSM-Сальск-93149078,не указана,2021,182,none,,Сальск,165.5
2021-07-02,,,,27.2,0.0,OSM-Сальск-93149078,не указана,2021,183,none,,Сальск,165.5
2021-07-03,,,,29.8,0.0,OSM-Сальск-93149078,не указана,2021,184,none,,Сальск,165.5
2021-07-04,,,,28.0,1.4,OSM-Сальск-93149078,не указана,2021,185,none,,Сальск,165.5
2021-07-05,,,,23.7,9.5,OSM-Сальск-93149078,не указана,2021,186,none,,Сальск,165.5
2021-07-06,,,,23.7,0.5,OSM-Сальск-93149078,не указана,2021,187,none,,Сальск,165.5
2021-07-07,,,,23.9,0.3,OSM-Сальск-93149078,не указана,2021,188,none,,Сальск,165.5
2021-07-08,,,,24.4,0.0,OSM-Сальск-93149078,не указана,2021,189,none,,Сальск,165.5
2021-07-09,,,,24.9,0.0,OSM-Сальск-93149078,не указана,2021,190,none,,Сальск,165.5
2021-07-10,,,,26.9,0.0,OSM-Сальск-93149078,не указана,2021,191,none,,Сальск,165.5
2021-07-11,,,,28.2,0.0,OSM-Сальск-93149078,не указана,2021,192,none,,Сальск,165.5
2021-07-12,,,0.24550000000000002,28.5,0.0,OSM-Сальск-93149078,не указана,2021,193,modis,0.24550000000000002,Сальск,165.5
2021-07-13,,,,26.5,0.0,OSM-Сальск-93149078,не указана,2021,194,none,,Сальск,165.5
2021-07-14,,,,27.2,0.0,OSM-Сальск-93149078,не указана,2021,195,none,,Сальск,165.5
2021-07-15,,,,28.1,0.0,OSM-Сальск-93149078,не указана,2021,196,none,,Сальск,165.5
2021-07-16,,,,29.1,0.0,OSM-Сальск-93149078,не указана,2021,197,none,,Сальск,165.5
2021-07-17,,,,29.8,0.0,OSM-Сальск-93149078,не указана,2021,198,none,,Сальск,165.5
2021-07-18,,,,31.0,0.0,OSM-Сальск-93149078,не указана,2021,199,none,,Сальск,165.5
2021-07-19,,,,31.2,0.0,OSM-Сальск-93149078,не указана,2021,200,none,,Сальск,165.5
2021-07-20,,,,32.1,0.0,OSM-Сальск-93149078,не указана,2021,201,none,,Сальск,165.5
2021-07-21,,,,31.9,0.0,OSM-Сальск-93149078,не указана,2021,202,none,,Сальск,165.5
2021-07-22,,,,26.0,8.8,OSM-Сальск-93149078,не указана,2021,203,none,,Сальск,165.5
2021-07-23,,,,22.5,1.5,OSM-Сальск-93149078,не указана,2021,204,none,,Сальск,165.5
2021-07-24,,,,23.9,0.0,OSM-Сальск-93149078,не указана,2021,205,none,,Сальск,165.5
2021-07-25,,,,25.7,0.0,OSM-Сальск-93149078,не указана,2021,206,none,,Сальск,165.5
2021-07-26,,,,27.3,0.0,OSM-Сальск-93149078,не указана,2021,207,none,,Сальск,165.5
2021-07-27,,,,24.0,0.0,OSM-Сальск-93149078,не указана,2021,208,none,,Сальск,165.5
2021-07-28,,,0.24750000000000003,24.1,0.0,OSM-Сальск-93149078,не указана,2021,209,modis,0.24750000000000003,Сальск,165.5
2021-07-29,,,,26.1,0.0,OSM-Сальск-93149078,не указана,2021,210,none,,Сальск,165.5
2021-07-30,,,,26.5,0.0,OSM-Сальск-93149078,не указана,2021,211,none,,Сальск,165.5
2021-07-31,,,,27.4,0.0,OSM-Сальск-93149078,не указана,2021,212,none,,Сальск,165.5
2021-08-01,,,,28.4,0.0,OSM-Сальск-93149078,не указана,2021,213,none,,Сальск,165.5
2021-08-02,,,,28.9,0.0,OSM-Сальск-93149078,не указана,2021,214,none,,Сальск,165.5
2021-08-03,,,,30.6,0.0,OSM-Сальск-93149078,не указана,2021,215,none,,Сальск,165.5
2021-08-04,,,,28.2,0.0,OSM-Сальск-93149078,не указана,2021,216,none,,Сальск,165.5
2021-08-05,,,,28.7,0.0,OSM-Сальск-93149078,не указана,2021,217,none,,Сальск,165.5
2021-08-06,,,,30.9,0.0,OSM-Сальск-93149078,не указана,2021,218,none,,Сальск,165.5
2021-08-07,,,,31.6,0.0,OSM-Сальск-93149078,не указана,2021,219,none,,Сальск,165.5
2021-08-08,,,,28.7,0.1,OSM-Сальск-93149078,не указана,2021,220,none,,Сальск,165.5
2021-08-09,,,,28.6,0.1,OSM-Сальск-93149078,не указана,2021,221,none,,Сальск,165.5
2021-08-10,,,,28.2,0.0,OSM-Сальск-93149078,не указана,2021,222,none,,Сальск,165.5
2021-08-11,,,,27.0,1.0,OSM-Сальск-93149078,не указана,2021,223,none,,Сальск,165.5
2021-08-12,,,,27.1,0.7,OSM-Сальск-93149078,не указана,2021,224,none,,Сальск,165.5
2021-08-13,,,0.29450000000000004,26.5,1.0,OSM-Сальск-93149078,не указана,2021,225,modis,0.29450000000000004,Сальск,165.5
2021-08-14,,,,24.6,0.0,OSM-Сальск-93149078,не указана,2021,226,none,,Сальск,165.5
2021-08-15,,,,23.0,0.0,OSM-Сальск-93149078,не указана,2021,227,none,,Сальск,165.5
2021-08-16,,,,23.4,2.9,OSM-Сальск-93149078,не указана,2021,228,none,,Сальск,165.5
2021-08-17,,,,25.7,0.0,OSM-Сальск-93149078,не указана,2021,229,none,,Сальск,165.5
2021-08-18,,,,27.2,0.0,OSM-Сальск-93149078,не указана,2021,230,none,,Сальск,165.5
2021-08-19,,,,26.1,0.0,OSM-Сальск-93149078,не указана,2021,231,none,,Сальск,165.5
2021-08-20,,,,24.5,1.2,OSM-Сальск-93149078,не указана,2021,232,none,,Сальск,165.5
2021-08-21,,,,23.7,0.1,OSM-Сальск-93149078,не указана,2021,233,none,,Сальск,165.5
2021-08-22,,,,24.2,9.3,OSM-Сальск-93149078,не указана,2021,234,none,,Сальск,165.5
2021-08-23,,,,23.2,2.7,OSM-Сальск-93149078,не указана,2021,235,none,,Сальск,165.5
2021-08-24,,,,22.0,0.0,OSM-Сальск-93149078,не указана,2021,236,none,,Сальск,165.5
2021-08-25,,,,21.8,0.0,OSM-Сальск-93149078,не указана,2021,237,none,,Сальск,165.5
2021-08-26,,,,24.1,0.0,OSM-Сальск-93149078,не указана,2021,238,none,,Сальск,165.5
2021-08-27,,,,25.7,0.0,OSM-Сальск-93149078,не указана,2021,239,none,,Сальск,165.5
2021-08-28,,,,26.4,0.4,OSM-Сальск-93149078,не указана,2021,240,none,,Сальск,165.5
2021-08-29,,,0.2943,27.2,0.0,OSM-Сальск-93149078,не указана,2021,241,modis,0.2943,Сальск,165.5
2021-08-30,,,,26.6,0.0,OSM-Сальск-93149078,не указана,2021,242,none,,Сальск,165.5
2021-08-31,,,,24.8,2.0,OSM-Сальск-93149078,не указана,2021,243,none,,Сальск,165.5
2021-09-01,,,,24.1,7.7,OSM-Сальск-93149078,не указана,2021,244,none,,Сальск,165.5
2021-09-02,,,,20.0,11.7,OSM-Сальск-93149078,не указана,2021,245,none,,Сальск,165.5
2021-09-03,,,,15.6,5.1,OSM-Сальск-93149078,не указана,2021,246,none,,Сальск,165.5
2021-09-04,,,,16.8,0.0,OSM-Сальск-93149078,не указана,2021,247,none,,Сальск,165.5
2021-09-05,,,,15.7,1.2,OSM-Сальск-93149078,не указана,2021,248,none,,Сальск,165.5
2021-09-06,,,,14.1,0.0,OSM-Сальск-93149078,не указана,2021,249,none,,Сальск,165.5
2021-09-07,,,,14.4,0.0,OSM-Сальск-93149078,не указана,2021,250,none,,Сальск,165.5
2021-09-08,,,,15.0,0.0,OSM-Сальск-93149078,не указана,2021,251,none,,Сальск,165.5
2021-09-09,,,,15.7,0.0,OSM-Сальск-93149078,не указана,2021,252,none,,Сальск,165.5
2021-09-10,,,,17.4,0.0,OSM-Сальск-93149078,не указана,2021,253,none,,Сальск,165.5
2021-09-11,,,,19.0,0.0,OSM-Сальск-93149078,не указана,2021,254,none,,Сальск,165.5
2021-09-12,,,,19.4,0.1,OSM-Сальск-93149078,не указана,2021,255,none,,Сальск,165.5
2021-09-13,,,,19.2,0.0,OSM-Сальск-93149078,не указана,2021,256,none,,Сальск,165.5
2021-09-14,,,0.3793,20.7,0.0,OSM-Сальск-93149078,не указана,2021,257,modis,0.3793,Сальск,165.5
2021-09-15,,,,20.8,0.0,OSM-Сальск-93149078,не указана,2021,258,none,,Сальск,165.5
2021-09-16,,,,17.4,0.0,OSM-Сальск-93149078,не указана,2021,259,none,,Сальск,165.5
2021-09-17,,,,15.3,0.0,OSM-Сальск-93149078,не указана,2021,260,none,,Сальск,165.5
2021-09-18,,,,17.3,0.0,OSM-Сальск-93149078,не указана,2021,261,none,,Сальск,165.5
2021-09-19,,,,19.5,10.3,OSM-Сальск-93149078,не указана,2021,262,none,,Сальск,165.5
2021-09-20,,,,18.9,4.9,OSM-Сальск-93149078,не указана,2021,263,none,,Сальск,165.5
2021-09-21,,,,16.0,11.1,OSM-Сальск-93149078,не указана,2021,264,none,,Сальск,165.5
2021-09-22,,,,13.2,0.4,OSM-Сальск-93149078,не указана,2021,265,none,,Сальск,165.5
2021-09-23,,,,13.0,0.4,OSM-Сальск-93149078,не указана,2021,266,none,,Сальск,165.5
2021-09-24,,,,12.6,4.3,OSM-Сальск-93149078,не указана,2021,267,none,,Сальск,165.5
2021-09-25,,,,12.3,5.4,OSM-Сальск-93149078,не указана,2021,268,none,,Сальск,165.5
2021-09-26,,,,14.2,4.4,OSM-Сальск-93149078,не указана,2021,269,none,,Сальск,165.5
2021-09-27,,,,12.3,0.0,OSM-Сальск-93149078,не указана,2021,270,none,,Сальск,165.5
2021-09-28,,,,11.1,0.4,OSM-Сальск-93149078,не указана,2021,271,none,,Сальск,165.5
2021-09-29,,,,10.8,0.1,OSM-Сальск-93149078,не указана,2021,272,none,,Сальск,165.5
2021-09-30,,,0.43610000000000004,9.1,0.0,OSM-Сальск-93149078,не указана,2021,273,modis,0.43610000000000004,Сальск,165.5
2021-10-01,,,,9.2,0.0,OSM-Сальск-93149078,не указана,2021,274,none,,Сальск,165.5
2021-10-02,,,,12.2,0.0,OSM-Сальск-93149078,не указана,2021,275,none,,Сальск,165.5
2021-10-03,,,,12.1,0.0,OSM-Сальск-93149078,не указана,2021,276,none,,Сальск,165.5
2021-10-04,,,,10.2,0.5,OSM-Сальск-93149078,не указана,2021,277,none,,Сальск,165.5
2021-10-05,,,,10.9,0.3,OSM-Сальск-93149078,не указана,2021,278,none,,Сальск,165.5
2021-10-06,,,,8.3,0.0,OSM-Сальск-93149078,не указана,2021,279,none,,Сальск,165.5
2021-10-07,,,,7.5,0.0,OSM-Сальск-93149078,не указана,2021,280,none,,Сальск,165.5
2021-10-08,,,,8.1,0.0,OSM-Сальск-93149078,не указана,2021,281,none,,Сальск,165.5
2021-10-09,,,,8.8,0.0,OSM-Сальск-93149078,не указана,2021,282,none,,Сальск,165.5
2021-10-10,,,,9.9,0.0,OSM-Сальск-93149078,не указана,2021,283,none,,Сальск,165.5
2021-10-11,,,,12.0,0.0,OSM-Сальск-93149078,не указана,2021,284,none,,Сальск,165.5
2021-10-12,,,,14.1,0.0,OSM-Сальск-93149078,не указана,2021,285,none,,Сальск,165.5
2021-10-13,,,,15.2,0.3,OSM-Сальск-93149078,не указана,2021,286,none,,Сальск,165.5
2021-10-14,,,,14.0,0.0,OSM-Сальск-93149078,не указана,2021,287,none,,Сальск,165.5
2021-10-15,,,,13.0,0.0,OSM-Сальск-93149078,не указана,2021,288,none,,Сальск,165.5
2021-10-16,,,0.4495,13.8,0.4,OSM-Сальск-93149078,не указана,2021,289,modis,0.4495,Сальск,165.5
2021-10-17,,,,14.0,4.8,OSM-Сальск-93149078,не указана,2021,290,none,,Сальск,165.5
2021-10-18,,,,12.1,0.0,OSM-Сальск-93149078,не указана,2021,291,none,,Сальск,165.5
2021-10-19,,,,7.8,0.1,OSM-Сальск-93149078,не указана,2021,292,none,,Сальск,165.5
2021-10-20,,,,4.8,0.0,OSM-Сальск-93149078,не указана,2021,293,none,,Сальск,165.5
2021-10-21,,,,7.8,0.0,OSM-Сальск-93149078,не указана,2021,294,none,,Сальск,165.5
2021-10-22,,,,12.4,0.0,OSM-Сальск-93149078,не указана,2021,295,none,,Сальск,165.5
2021-10-23,,,,13.5,0.0,OSM-Сальск-93149078,не указана,2021,296,none,,Сальск,165.5
2021-10-24,,,,10.3,6.7,OSM-Сальск-93149078,не указана,2021,297,none,,Сальск,165.5
2021-10-25,,,,5.4,0.0,OSM-Сальск-93149078,не указана,2021,298,none,,Сальск,165.5
2021-10-26,,,,1.6,0.0,OSM-Сальск-93149078,не указана,2021,299,none,,Сальск,165.5
2021-10-27,,,,3.2,0.0,OSM-Сальск-93149078,не указана,2021,300,none,,Сальск,165.5
2021-10-28,,,,4.4,0.0,OSM-Сальск-93149078,не указана,2021,301,none,,Сальск,165.5
2021-10-29,,,,7.8,0.5,OSM-Сальск-93149078,не указана,2021,302,none,,Сальск,165.5
2021-10-30,,,,8.3,0.0,OSM-Сальск-93149078,не указана,2021,303,none,,Сальск,165.5
2021-10-31,,,,8.9,0.0,OSM-Сальск-93149078,не указана,2021,304,none,,Сальск,165.5
2021-11-01,,,0.42550000000000004,11.7,0.0,OSM-Сальск-93149078,не указана,2021,305,modis,0.42550000000000004,Сальск,165.5
2021-11-02,,,,12.3,8.1,OSM-Сальск-93149078,не указана,2021,306,none,,Сальск,165.5
2021-11-03,,,,11.6,7.1,OSM-Сальск-93149078,не указана,2021,307,none,,Сальск,165.5
2021-11-04,,,,12.0,1.4,OSM-Сальск-93149078,не указана,2021,308,none,,Сальск,165.5
2021-11-05,,,,10.8,0.0,OSM-Сальск-93149078,не указана,2021,309,none,,Сальск,165.5
2021-11-06,,,,9.5,0.0,OSM-Сальск-93149078,не указана,2021,310,none,,Сальск,165.5
2021-11-07,,,,8.4,0.0,OSM-Сальск-93149078,не указана,2021,311,none,,Сальск,165.5
2021-11-08,,,,10.1,0.0,OSM-Сальск-93149078,не указана,2021,312,none,,Сальск,165.5
2021-11-09,,,,9.1,14.5,OSM-Сальск-93149078,не указана,2021,313,none,,Сальск,165.5
2021-11-10,,,,2.9,1.4,OSM-Сальск-93149078,не указана,2021,314,none,,Сальск,165.5
2021-11-11,,,,-0.0,0.0,OSM-Сальск-93149078,не указана,2021,315,none,,Сальск,165.5
2021-11-12,,,,3.5,0.0,OSM-Сальск-93149078,не указана,2021,316,none,,Сальск,165.5
2021-11-13,,,,4.7,0.0,OSM-Сальск-93149078,не указана,2021,317,none,,Сальск,165.5
2021-11-14,,,,2.8,0.0,OSM-Сальск-93149078,не указана,2021,318,none,,Сальск,165.5
2021-11-15,,,,2.4,0.0,OSM-Сальск-93149078,не указана,2021,319,none,,Сальск,165.5
2021-11-16,,,,-1.4,0.0,OSM-Сальск-93149078,не указана,2021,320,none,,Сальск,165.5
2021-11-17,,,0.4506,-2.1,0.0,OSM-Сальск-93149078,не указана,2021,321,modis,0.4506,Сальск,165.5
2021-11-18,,,,0.3,0.0,OSM-Сальск-93149078,не указана,2021,322,none,,Сальск,165.5
2021-11-19,,,,2.0,1.1,OSM-Сальск-93149078,не указана,2021,323,none,,Сальск,165.5
2021-11-20,,,,6.3,1.9,OSM-Сальск-93149078,не указана,2021,324,none,,Сальск,165.5
2021-11-21,,,,7.1,0.0,OSM-Сальск-93149078,не указана,2021,325,none,,Сальск,165.5
2021-11-22,,,,9.4,0.1,OSM-Сальск-93149078,не указана,2021,326,none,,Сальск,165.5
2021-11-23,,,,7.8,6.0,OSM-Сальск-93149078,не указана,2021,327,none,,Сальск,165.5
2021-11-24,,,,-0.8,1.6,OSM-Сальск-93149078,не указана,2021,328,none,,Сальск,165.5
2021-11-25,,,,-3.7,0.0,OSM-Сальск-93149078,не указана,2021,329,none,,Сальск,165.5
2021-11-26,,,,1.4,0.0,OSM-Сальск-93149078,не указана,2021,330,none,,Сальск,165.5
2021-11-27,,,,4.2,0.3,OSM-Сальск-93149078,не указана,2021,331,none,,Сальск,165.5
2021-11-28,,,,8.3,0.7,OSM-Сальск-93149078,не указана,2021,332,none,,Сальск,165.5
2021-11-29,,,,11.7,1.0,OSM-Сальск-93149078,не указана,2021,333,none,,Сальск,165.5
2021-11-30,,,,10.9,13.9,OSM-Сальск-93149078,не указана,2021,334,none,,Сальск,165.5
2021-12-01,,,,5.0,3.2,OSM-Сальск-93149078,не указана,2021,335,none,,Сальск,165.5
2021-12-02,,,,3.4,0.0,OSM-Сальск-93149078,не указана,2021,336,none,,Сальск,165.5
2021-12-03,,,0.3952,4.7,0.0,OSM-Сальск-93149078,не указана,2021,337,modis,0.3952,Сальск,165.5
2021-12-04,,,,6.8,0.0,OSM-Сальск-93149078,не указана,2021,338,none,,Сальск,165.5
2021-12-05,,,,6.9,2.0,OSM-Сальск-93149078,не указана,2021,339,none,,Сальск,165.5
2021-12-06,,,,4.8,0.2,OSM-Сальск-93149078,не указана,2021,340,none,,Сальск,165.5
2021-12-07,,,,6.8,0.0,OSM-Сальск-93149078,не указана,2021,341,none,,Сальск,165.5
2021-12-08,,,,7.2,0.0,OSM-Сальск-93149078,не указана,2021,342,none,,Сальск,165.5
2021-12-09,,,,7.2,0.0,OSM-Сальск-93149078,не указана,2021,343,none,,Сальск,165.5
2021-12-10,,,,6.7,0.0,OSM-Сальск-93149078,не указана,2021,344,none,,Сальск,165.5
2021-12-11,,,,2.0,0.0,OSM-Сальск-93149078,не указана,2021,345,none,,Сальск,165.5
2021-12-12,,,,0.1,0.0,OSM-Сальск-93149078,не указана,2021,346,none,,Сальск,165.5
2021-12-13,,,,1.2,0.0,OSM-Сальск-93149078,не указана,2021,347,none,,Сальск,165.5
2021-12-14,,,,5.3,0.0,OSM-Сальск-93149078,не указана,2021,348,none,,Сальск,165.5
2021-12-15,,,,4.9,0.0,OSM-Сальск-93149078,не указана,2021,349,none,,Сальск,165.5
2021-12-16,,,,3.5,0.0,OSM-Сальск-93149078,не указана,2021,350,none,,Сальск,165.5
2021-12-17,,,,4.0,1.1,OSM-Сальск-93149078,не указана,2021,351,none,,Сальск,165.5
2021-12-18,,,,2.4,0.0,OSM-Сальск-93149078,не указана,2021,352,none,,Сальск,165.5
2021-12-19,,,0.0367,2.1,0.1,OSM-Сальск-93149078,не указана,2021,353,modis,0.0367,Сальск,165.5
2021-12-20,,,,3.6,7.8,OSM-Сальск-93149078,не указана,2021,354,none,,Сальск,165.5
2021-12-21,,,,0.9,0.6,OSM-Сальск-93149078,не указана,2021,355,none,,Сальск,165.5
2021-12-22,,,,-6.3,3.8,OSM-Сальск-93149078,не указана,2021,356,none,,Сальск,165.5
2021-12-23,,,,-8.9,0.0,OSM-Сальск-93149078,не указана,2021,357,none,,Сальск,165.5
2021-12-24,,,,-7.6,0.0,OSM-Сальск-93149078,не указана,2021,358,none,,Сальск,165.5
2021-12-25,,,,1.0,7.4,OSM-Сальск-93149078,не указана,2021,359,none,,Сальск,165.5
2021-12-26,,,,5.7,9.8,OSM-Сальск-93149078,не указана,2021,360,none,,Сальск,165.5
2021-12-27,,,,-1.8,15.6,OSM-Сальск-93149078,не указана,2021,361,none,,Сальск,165.5
2021-12-28,,,,-1.1,4.1,OSM-Сальск-93149078,не указана,2021,362,none,,Сальск,165.5
2021-12-29,,,,1.4,7.9,OSM-Сальск-93149078,не указана,2021,363,none,,Сальск,165.5
2021-12-30,,,,-0.4,0.0,OSM-Сальск-93149078,не указана,2021,364,none,,Сальск,165.5
2021-12-31,,,,-1.0,1.3,OSM-Сальск-93149078,не указана,2021,365,none,,Сальск,165.5
2022-01-01,,,0.5586,3.3,3.7,OSM-Сальск-93149078,не указана,2022,1,modis,0.5586,Сальск,165.5
2022-01-02,,,,0.4,2.6,OSM-Сальск-93149078,не указана,2022,2,none,,Сальск,165.5
2022-01-03,,,,-0.5,3.9,OSM-Сальск-93149078,не указана,2022,3,none,,Сальск,165.5
2022-01-04,,,,4.3,0.4,OSM-Сальск-93149078,не указана,2022,4,none,,Сальск,165.5
2022-01-05,,,,4.8,0.7,OSM-Сальск-93149078,не указана,2022,5,none,,Сальск,165.5
2022-01-06,,,,12.0,0.0,OSM-Сальск-93149078,не указана,2022,6,none,,Сальск,165.5
2022-01-07,,,,7.5,0.1,OSM-Сальск-93149078,не указана,2022,7,none,,Сальск,165.5
2022-01-08,,,,-1.2,0.0,OSM-Сальск-93149078,не указана,2022,8,none,,Сальск,165.5
2022-01-09,,,,1.2,0.0,OSM-Сальск-93149078,не указана,2022,9,none,,Сальск,165.5
2022-01-10,,,,3.1,0.0,OSM-Сальск-93149078,не указана,2022,10,none,,Сальск,165.5
2022-01-11,,,,4.1,1.5,OSM-Сальск-93149078,не указана,2022,11,none,,Сальск,165.5
2022-01-12,,,,-0.9,13.4,OSM-Сальск-93149078,не указана,2022,12,none,,Сальск,165.5
2022-01-13,,,,-9.0,1.3,OSM-Сальск-93149078,не указана,2022,13,none,,Сальск,165.5
2022-01-14,,,,-1.2,2.3,OSM-Сальск-93149078,не указана,2022,14,none,,Сальск,165.5
2022-01-15,,,,-1.1,2.2,OSM-Сальск-93149078,не указана,2022,15,none,,Сальск,165.5
2022-01-16,,,,-2.1,0.6,OSM-Сальск-93149078,не указана,2022,16,none,,Сальск,165.5
2022-01-17,,,0.0056,-0.2,0.5,OSM-Сальск-93149078,не указана,2022,17,modis,0.0056,Сальск,165.5
2022-01-18,,,,0.2,2.2,OSM-Сальск-93149078,не указана,2022,18,none,,Сальск,165.5
2022-01-19,,,,-2.5,0.5,OSM-Сальск-93149078,не указана,2022,19,none,,Сальск,165.5
2022-01-20,,,,-3.8,0.0,OSM-Сальск-93149078,не указана,2022,20,none,,Сальск,165.5
2022-01-21,,,,-0.4,5.2,OSM-Сальск-93149078,не указана,2022,21,none,,Сальск,165.5
2022-01-22,,,,-1.3,4.8,OSM-Сальск-93149078,не указана,2022,22,none,,Сальск,165.5
2022-01-23,,,,-1.0,6.4,OSM-Сальск-93149078,не указана,2022,23,none,,Сальск,165.5
2022-01-24,,,,-2.1,0.9,OSM-Сальск-93149078,не указана,2022,24,none,,Сальск,165.5
2022-01-25,,,,-5.4,0.2,OSM-Сальск-93149078,не указана,2022,25,none,,Сальск,165.5
2022-01-26,,,,-5.1,0.0,OSM-Сальск-93149078,не указана,2022,26,none,,Сальск,165.5
2022-01-27,,,,-3.7,0.6,OSM-Сальск-93149078,не указана,2022,27,none,,Сальск,165.5
2022-01-28,,,,-3.9,1.1,OSM-Сальск-93149078,не указана,2022,28,none,,Сальск,165.5
2022-01-29,,,,1.5,0.8,OSM-Сальск-93149078,не указана,2022,29,none,,Сальск,165.5
2022-01-30,,,,0.5,1.4,OSM-Сальск-93149078,не указана,2022,30,none,,Сальск,165.5
2022-01-31,,,,1.6,4.7,OSM-Сальск-93149078,не указана,2022,31,none,,Сальск,165.5
2022-02-01,,,,2.0,0.0,OSM-Сальск-93149078,не указана,2022,32,none,,Сальск,165.5
2022-02-02,,,0.45940000000000003,3.6,2.9,OSM-Сальск-93149078,не указана,2022,33,modis,0.45940000000000003,Сальск,165.5
2022-02-03,,,,3.7,0.0,OSM-Сальск-93149078,не указана,2022,34,none,,Сальск,165.5
2022-02-04,,,,1.7,3.2,OSM-Сальск-93149078,не указана,2022,35,none,,Сальск,165.5
2022-02-05,,,,-1.2,2.7,OSM-Сальск-93149078,не указана,2022,36,none,,Сальск,165.5
2022-02-06,,,,-1.5,4.0,OSM-Сальск-93149078,не указана,2022,37,none,,Сальск,165.5
2022-02-07,,,,1.4,1.6,OSM-Сальск-93149078,не указана,2022,38,none,,Сальск,165.5
2022-02-08,,,,3.7,7.7,OSM-Сальск-93149078,не указана,2022,39,none,,Сальск,165.5
2022-02-09,,,,3.7,7.2,OSM-Сальск-93149078,не указана,2022,40,none,,Сальск,165.5
2022-02-10,,,,2.2,0.0,OSM-Сальск-93149078,не указана,2022,41,none,,Сальск,165.5
2022-02-11,,,,5.1,0.4,OSM-Сальск-93149078,не указана,2022,42,none,,Сальск,165.5
2022-02-12,,,,5.7,2.5,OSM-Сальск-93149078,не указана,2022,43,none,,Сальск,165.5
2022-02-13,,,,0.4,0.0,OSM-Сальск-93149078,не указана,2022,44,none,,Сальск,165.5
2022-02-14,,,,-0.1,0.0,OSM-Сальск-93149078,не указана,2022,45,none,,Сальск,165.5
2022-02-15,,,,1.2,0.0,OSM-Сальск-93149078,не указана,2022,46,none,,Сальск,165.5
2022-02-16,,,,2.7,0.0,OSM-Сальск-93149078,не указана,2022,47,none,,Сальск,165.5
2022-02-17,,,,3.3,0.0,OSM-Сальск-93149078,не указана,2022,48,none,,Сальск,165.5
2022-02-18,,,0.4878,5.0,0.5,OSM-Сальск-93149078,не указана,2022,49,modis,0.4878,Сальск,165.5
2022-02-19,,,,5.3,0.9,OSM-Сальск-93149078,не указана,2022,50,none,,Сальск,165.5
2022-02-20,,,,6.3,2.7,OSM-Сальск-93149078,не указана,2022,51,none,,Сальск,165.5
2022-02-21,,,,4.8,2.4,OSM-Сальск-93149078,не указана,2022,52,none,,Сальск,165.5
2022-02-22,,,,7.0,0.0,OSM-Сальск-93149078,не указана,2022,53,none,,Сальск,165.5
2022-02-23,,,,8.9,1.2,OSM-Сальск-93149078,не указана,2022,54,none,,Сальск,165.5
2022-02-24,,,,7.9,2.7,OSM-Сальск-93149078,не указана,2022,55,none,,Сальск,165.5
2022-02-25,,,,8.0,0.0,OSM-Сальск-93149078,не указана,2022,56,none,,Сальск,165.5
2022-02-26,,,,6.2,0.1,OSM-Сальск-93149078,не указана,2022,57,none,,Сальск,165.5
2022-02-27,,,,4.0,0.0,OSM-Сальск-93149078,не указана,2022,58,none,,Сальск,165.5
2022-02-28,,,,2.9,0.0,OSM-Сальск-93149078,не указана,2022,59,none,,Сальск,165.5
2022-03-01,,,,4.0,0.8,OSM-Сальск-93149078,не указана,2022,60,none,,Сальск,165.5
2022-03-02,,,,3.8,1.9,OSM-Сальск-93149078,не указана,2022,61,none,,Сальск,165.5
2022-03-03,,,,5.3,4.6,OSM-Сальск-93149078,не указана,2022,62,none,,Сальск,165.5
2022-03-04,,,,3.5,0.1,OSM-Сальск-93149078,не указана,2022,63,none,,Сальск,165.5
2022-03-05,,,,3.1,0.3,OSM-Сальск-93149078,не указана,2022,64,none,,Сальск,165.5
2022-03-06,,,0.0071,-0.4,1.5,OSM-Сальск-93149078,не указана,2022,65,modis,0.0071,Сальск,165.5
2022-03-07,,,,0.2,0.0,OSM-Сальск-93149078,не указана,2022,66,none,,Сальск,165.5
2022-03-08,,,,0.2,4.2,OSM-Сальск-93149078,не указана,2022,67,none,,Сальск,165.5
2022-03-09,,,,-0.9,0.0,OSM-Сальск-93149078,не указана,2022,68,none,,Сальск,165.5
2022-03-10,,,,-1.7,0.0,OSM-Сальск-93149078,не указана,2022,69,none,,Сальск,165.5
2022-03-11,,,,-2.3,0.2,OSM-Сальск-93149078,не указана,2022,70,none,,Сальск,165.5
2022-03-12,,,,-3.9,0.8,OSM-Сальск-93149078,не указана,2022,71,none,,Сальск,165.5
2022-03-13,,,,-3.2,0.0,OSM-Сальск-93149078,не указана,2022,72,none,,Сальск,165.5
2022-03-14,,,,-2.6,0.0,OSM-Сальск-93149078,не указана,2022,73,none,,Сальск,165.5
2022-03-15,,,,-0.7,3.6,OSM-Сальск-93149078,не указана,2022,74,none,,Сальск,165.5
2022-03-16,,,,-3.8,0.0,OSM-Сальск-93149078,не указана,2022,75,none,,Сальск,165.5
2022-03-17,,,,-5.3,0.0,OSM-Сальск-93149078,не указана,2022,76,none,,Сальск,165.5
2022-03-18,,,,-3.4,0.0,OSM-Сальск-93149078,не указана,2022,77,none,,Сальск,165.5
2022-03-19,,,,-2.1,0.0,OSM-Сальск-93149078,не указана,2022,78,none,,Сальск,165.5
2022-03-20,,,,-1.2,0.0,OSM-Сальск-93149078,не указана,2022,79,none,,Сальск,165.5
2022-03-21,,,,2.0,0.0,OSM-Сальск-93149078,не указана,2022,80,none,,Сальск,165.5
2022-03-22,,,0.4869,2.5,0.0,OSM-Сальск-93149078,не указана,2022,81,modis,0.4869,Сальск,165.5
2022-03-23,,,,2.3,0.0,OSM-Сальск-93149078,не указана,2022,82,none,,Сальск,165.5
2022-03-24,,,,2.5,0.0,OSM-Сальск-93149078,не указана,2022,83,none,,Сальск,165.5
2022-03-25,,,,3.0,0.3,OSM-Сальск-93149078,не указана,2022,84,none,,Сальск,165.5
2022-03-26,,,,5.7,0.0,OSM-Сальск-93149078,не указана,2022,85,none,,Сальск,165.5
2022-03-27,,,,3.9,6.1,OSM-Сальск-93149078,не указана,2022,86,none,,Сальск,165.5
2022-03-28,,,,1.6,0.0,OSM-Сальск-93149078,не указана,2022,87,none,,Сальск,165.5
2022-03-29,,,,9.1,0.0,OSM-Сальск-93149078,не указана,2022,88,none,,Сальск,165.5
2022-03-30,,,,11.9,0.0,OSM-Сальск-93149078,не указана,2022,89,none,,Сальск,165.5
2022-03-31,,,,13.2,0.0,OSM-Сальск-93149078,не указана,2022,90,none,,Сальск,165.5
2022-04-01,,,,15.3,0.0,OSM-Сальск-93149078,не указана,2022,91,none,,Сальск,165.5
2022-04-02,,,,17.5,1.0,OSM-Сальск-93149078,не указана,2022,92,none,,Сальск,165.5
2022-04-03,,,,14.3,1.0,OSM-Сальск-93149078,не указана,2022,93,none,,Сальск,165.5
2022-04-04,,,,7.3,1.8,OSM-Сальск-93149078,не указана,2022,94,none,,Сальск,165.5
2022-04-05,,,,5.3,0.2,OSM-Сальск-93149078,не указана,2022,95,none,,Сальск,165.5
2022-04-06,,,,8.0,0.1,OSM-Сальск-93149078,не указана,2022,96,none,,Сальск,165.5
2022-04-07,,,0.7988000000000001,10.8,0.0,OSM-Сальск-93149078,не указана,2022,97,modis,0.7988000000000001,Сальск,165.5
2022-04-08,,,,12.1,1.2,OSM-Сальск-93149078,не указана,2022,98,none,,Сальск,165.5
2022-04-09,,,,12.5,1.7,OSM-Сальск-93149078,не указана,2022,99,none,,Сальск,165.5
2022-04-10,,,,15.0,0.0,OSM-Сальск-93149078,не указана,2022,100,none,,Сальск,165.5
2022-04-11,,,,16.1,0.0,OSM-Сальск-93149078,не указана,2022,101,none,,Сальск,165.5
2022-04-12,,,,10.5,19.6,OSM-Сальск-93149078,не указана,2022,102,none,,Сальск,165.5
2022-04-13,,,,7.9,1.9,OSM-Сальск-93149078,не указана,2022,103,none,,Сальск,165.5
2022-04-14,,,,6.9,5.1,OSM-Сальск-93149078,не указана,2022,104,none,,Сальск,165.5
2022-04-15,,,,10.4,1.9,OSM-Сальск-93149078,не указана,2022,105,none,,Сальск,165.5
2022-04-16,,,,11.0,0.0,OSM-Сальск-93149078,не указана,2022,106,none,,Сальск,165.5
2022-04-17,,,,14.6,0.0,OSM-Сальск-93149078,не указана,2022,107,none,,Сальск,165.5
2022-04-18,,,,14.3,0.2,OSM-Сальск-93149078,не указана,2022,108,none,,Сальск,165.5
2022-04-19,,,,17.0,3.2,OSM-Сальск-93149078,не указана,2022,109,none,,Сальск,165.5
2022-04-20,,,,11.2,4.5,OSM-Сальск-93149078,не указана,2022,110,none,,Сальск,165.5
2022-04-21,,,,10.1,2.7,OSM-Сальск-93149078,не указана,2022,111,none,,Сальск,165.5
2022-04-22,,,,9.5,0.4,OSM-Сальск-93149078,не указана,2022,112,none,,Сальск,165.5
2022-04-23,,,0.687,11.7,0.0,OSM-Сальск-93149078,не указана,2022,113,modis,0.687,Сальск,165.5
2022-04-24,,,,14.7,0.8,OSM-Сальск-93149078,не указана,2022,114,none,,Сальск,165.5
2022-04-25,,,,16.4,0.0,OSM-Сальск-93149078,не указана,2022,115,none,,Сальск,165.5
2022-04-26,,,,19.9,0.0,OSM-Сальск-93149078,не указана,2022,116,none,,Сальск,165.5
2022-04-27,,,,19.0,0.0,OSM-Сальск-93149078,не указана,2022,117,none,,Сальск,165.5
2022-04-28,,,,16.9,0.0,OSM-Сальск-93149078,не указана,2022,118,none,,Сальск,165.5
2022-04-29,,,,14.5,0.7,OSM-Сальск-93149078,не указана,2022,119,none,,Сальск,165.5
2022-04-30,,,,13.3,2.8,OSM-Сальск-93149078,не указана,2022,120,none,,Сальск,165.5
2022-05-01,,,,13.1,2.0,OSM-Сальск-93149078,не указана,2022,121,none,,Сальск,165.5
2022-05-02,,,,8.8,8.7,OSM-Сальск-93149078,не указана,2022,122,none,,Сальск,165.5
2022-05-03,,,,9.2,0.0,OSM-Сальск-93149078,не указана,2022,123,none,,Сальск,165.5
2022-05-04,,,,14.5,0.1,OSM-Сальск-93149078,не указана,2022,124,none,,Сальск,165.5
2022-05-05,,,,12.3,14.4,OSM-Сальск-93149078,не указана,2022,125,none,,Сальск,165.5
2022-05-06,,,,9.8,5.1,OSM-Сальск-93149078,не указана,2022,126,none,,Сальск,165.5
2022-05-07,,,,10.9,0.0,OSM-Сальск-93149078,не указана,2022,127,none,,Сальск,165.5
2022-05-08,,,,12.1,0.0,OSM-Сальск-93149078,не указана,2022,128,none,,Сальск,165.5
2022-05-09,,,0.7991,14.5,0.0,OSM-Сальск-93149078,не указана,2022,129,modis,0.7991,Сальск,165.5
2022-05-10,,,,10.9,0.1,OSM-Сальск-93149078,не указана,2022,130,none,,Сальск,165.5
2022-05-11,,,,11.3,0.8,OSM-Сальск-93149078,не указана,2022,131,none,,Сальск,165.5
2022-05-12,,,,15.0,0.0,OSM-Сальск-93149078,не указана,2022,132,none,,Сальск,165.5
2022-05-13,,,,16.8,0.0,OSM-Сальск-93149078,не указана,2022,133,none,,Сальск,165.5
2022-05-14,,,,17.3,0.0,OSM-Сальск-93149078,не указана,2022,134,none,,Сальск,165.5
2022-05-15,,,,17.0,0.1,OSM-Сальск-93149078,не указана,2022,135,none,,Сальск,165.5
2022-05-16,,,,16.5,0.2,OSM-Сальск-93149078,не указана,2022,136,none,,Сальск,165.5
2022-05-17,,,,15.4,1.6,OSM-Сальск-93149078,не указана,2022,137,none,,Сальск,165.5
2022-05-18,,,,13.6,9.1,OSM-Сальск-93149078,не указана,2022,138,none,,Сальск,165.5
2022-05-19,,,,13.6,1.7,OSM-Сальск-93149078,не указана,2022,139,none,,Сальск,165.5
2022-05-20,,,,14.4,3.6,OSM-Сальск-93149078,не указана,2022,140,none,,Сальск,165.5
2022-05-21,,,,16.3,0.3,OSM-Сальск-93149078,не указана,2022,141,none,,Сальск,165.5
2022-05-22,,,,16.2,5.0,OSM-Сальск-93149078,не указана,2022,142,none,,Сальск,165.5
2022-05-23,,,,14.0,0.3,OSM-Сальск-93149078,не указана,2022,143,none,,Сальск,165.5
2022-05-24,,,,14.3,0.0,OSM-Сальск-93149078,не указана,2022,144,none,,Сальск,165.5
2022-05-25,,,0.8413,15.7,0.0,OSM-Сальск-93149078,не указана,2022,145,modis,0.8413,Сальск,165.5
2022-05-26,,,,17.8,0.0,OSM-Сальск-93149078,не указана,2022,146,none,,Сальск,165.5
2022-05-27,,,,17.9,0.6,OSM-Сальск-93149078,не указана,2022,147,none,,Сальск,165.5
2022-05-28,,,,19.8,0.0,OSM-Сальск-93149078,не указана,2022,148,none,,Сальск,165.5
2022-05-29,,,,22.8,0.0,OSM-Сальск-93149078,не указана,2022,149,none,,Сальск,165.5
2022-05-30,,,,24.8,0.2,OSM-Сальск-93149078,не указана,2022,150,none,,Сальск,165.5
2022-05-31,,,,28.0,0.0,OSM-Сальск-93149078,не указана,2022,151,none,,Сальск,165.5
2022-06-01,,,,26.9,0.0,OSM-Сальск-93149078,не указана,2022,152,none,,Сальск,165.5
2022-06-02,,,,26.6,0.0,OSM-Сальск-93149078,не указана,2022,153,none,,Сальск,165.5
2022-06-03,,,,25.6,0.0,OSM-Сальск-93149078,не указана,2022,154,none,,Сальск,165.5
2022-06-04,,,,26.4,0.0,OSM-Сальск-93149078,не указана,2022,155,none,,Сальск,165.5
2022-06-05,,,,26.5,0.0,OSM-Сальск-93149078,не указана,2022,156,none,,Сальск,165.5
2022-06-06,,,,22.9,0.0,OSM-Сальск-93149078,не указана,2022,157,none,,Сальск,165.5
2022-06-07,,,,22.0,0.0,OSM-Сальск-93149078,не указана,2022,158,none,,Сальск,165.5
2022-06-08,,,,23.6,0.0,OSM-Сальск-93149078,не указана,2022,159,none,,Сальск,165.5
2022-06-09,,,,24.7,0.0,OSM-Сальск-93149078,не указана,2022,160,none,,Сальск,165.5
2022-06-10,,,0.7511,25.7,0.0,OSM-Сальск-93149078,не указана,2022,161,modis,0.7511,Сальск,165.5
2022-06-11,,,,25.8,0.0,OSM-Сальск-93149078,не указана,2022,162,none,,Сальск,165.5
2022-06-12,,,,27.4,0.0,OSM-Сальск-93149078,не указана,2022,163,none,,Сальск,165.5
2022-06-13,,,,26.6,0.0,OSM-Сальск-93149078,не указана,2022,164,none,,Сальск,165.5
2022-06-14,,,,25.1,0.1,OSM-Сальск-93149078,не указана,2022,165,none,,Сальск,165.5
2022-06-15,,,,24.7,0.5,OSM-Сальск-93149078,не указана,2022,166,none,,Сальск,165.5
2022-06-16,,,,22.6,0.2,OSM-Сальск-93149078,не указана,2022,167,none,,Сальск,165.5
2022-06-17,,,,22.3,0.0,OSM-Сальск-93149078,не указана,2022,168,none,,Сальск,165.5
2022-06-18,,,,23.2,0.0,OSM-Сальск-93149078,не указана,2022,169,none,,Сальск,165.5
2022-06-19,,,,25.5,0.0,OSM-Сальск-93149078,не указана,2022,170,none,,Сальск,165.5
2022-06-20,,,,27.0,0.0,OSM-Сальск-93149078,не указана,2022,171,none,,Сальск,165.5
2022-06-21,,,,27.6,0.1,OSM-Сальск-93149078,не указана,2022,172,none,,Сальск,165.5
2022-06-22,,,,23.8,5.1,OSM-Сальск-93149078,не указана,2022,173,none,,Сальск,165.5
2022-06-23,,,,20.3,0.2,OSM-Сальск-93149078,не указана,2022,174,none,,Сальск,165.5
2022-06-24,,,,20.5,0.2,OSM-Сальск-93149078,не указана,2022,175,none,,Сальск,165.5
2022-06-25,,,,21.6,1.8,OSM-Сальск-93149078,не указана,2022,176,none,,Сальск,165.5
2022-06-26,,,0.3331,23.4,12.8,OSM-Сальск-93149078,не указана,2022,177,modis,0.3331,Сальск,165.5
2022-06-27,,,,23.4,11.3,OSM-Сальск-93149078,не указана,2022,178,none,,Сальск,165.5
2022-06-28,,,,19.2,13.4,OSM-Сальск-93149078,не указана,2022,179,none,,Сальск,165.5
2022-06-29,,,,22.9,0.3,OSM-Сальск-93149078,не указана,2022,180,none,,Сальск,165.5
2022-06-30,,,,23.0,0.0,OSM-Сальск-93149078,не указана,2022,181,none,,Сальск,165.5
2022-07-01,,,,24.0,0.0,OSM-Сальск-93149078,не указана,2022,182,none,,Сальск,165.5
2022-07-02,,,,19.8,0.0,OSM-Сальск-93149078,не указана,2022,183,none,,Сальск,165.5
2022-07-03,,,,22.1,0.0,OSM-Сальск-93149078,не указана,2022,184,none,,Сальск,165.5
2022-07-04,,,,24.7,0.0,OSM-Сальск-93149078,не указана,2022,185,none,,Сальск,165.5
2022-07-05,,,,26.0,0.0,OSM-Сальск-93149078,не указана,2022,186,none,,Сальск,165.5
2022-07-06,,,,26.0,0.0,OSM-Сальск-93149078,не указана,2022,187,none,,Сальск,165.5
2022-07-07,,,,25.8,0.0,OSM-Сальск-93149078,не указана,2022,188,none,,Сальск,165.5
2022-07-08,,,,26.9,0.0,OSM-Сальск-93149078,не указана,2022,189,none,,Сальск,165.5
2022-07-09,,,,29.5,0.0,OSM-Сальск-93149078,не указана,2022,190,none,,Сальск,165.5
2022-07-10,,,,30.9,0.0,OSM-Сальск-93149078,не указана,2022,191,none,,Сальск,165.5
2022-07-11,,,,24.1,7.2,OSM-Сальск-93149078,не указана,2022,192,none,,Сальск,165.5
2022-07-12,,,0.256,24.9,0.0,OSM-Сальск-93149078,не указана,2022,193,modis,0.256,Сальск,165.5
2022-07-13,,,,23.8,0.5,OSM-Сальск-93149078,не указана,2022,194,none,,Сальск,165.5
2022-07-14,,,,24.2,0.0,OSM-Сальск-93149078,не указана,2022,195,none,,Сальск,165.5
2022-07-15,,,,23.8,0.0,OSM-Сальск-93149078,не указана,2022,196,none,,Сальск,165.5
2022-07-16,,,,23.3,1.9,OSM-Сальск-93149078,не указана,2022,197,none,,Сальск,165.5
2022-07-17,,0.1891,,26.2,0.0,OSM-Сальск-93149078,не указана,2022,198,landsat,0.1891,Сальск,165.5
2022-07-18,,,,25.7,0.6,OSM-Сальск-93149078,не указана,2022,199,none,,Сальск,165.5
2022-07-19,,,,22.1,0.0,OSM-Сальск-93149078,не указана,2022,200,none,,Сальск,165.5
2022-07-20,,,,23.3,0.0,OSM-Сальск-93149078,не указана,2022,201,none,,Сальск,165.5
2022-07-21,,,,21.8,2.6,OSM-Сальск-93149078,не указана,2022,202,none,,Сальск,165.5
2022-07-22,,,,20.4,11.8,OSM-Сальск-93149078,не указана,2022,203,none,,Сальск,165.5
2022-07-23,,,,19.0,5.6,OSM-Сальск-93149078,не указана,2022,204,none,,Сальск,165.5
2022-07-24,,,,21.4,0.2,OSM-Сальск-93149078,не указана,2022,205,none,,Сальск,165.5
2022-07-25,,,,23.7,0.1,OSM-Сальск-93149078,не указана,2022,206,none,,Сальск,165.5
2022-07-26,,,,22.3,2.1,OSM-Сальск-93149078,не указана,2022,207,none,,Сальск,165.5
2022-07-27,,,,22.0,0.0,OSM-Сальск-93149078,не указана,2022,208,none,,Сальск,165.5
2022-07-28,,,0.23370000000000002,24.2,0.5,OSM-Сальск-93149078,не указана,2022,209,modis,0.23370000000000002,Сальск,165.5
2022-07-29,,,,27.2,0.0,OSM-Сальск-93149078,не указана,2022,210,none,,Сальск,165.5
2022-07-30,,,,27.8,0.3,OSM-Сальск-93149078,не указана,2022,211,none,,Сальск,165.5
2022-07-31,,,,27.4,0.0,OSM-Сальск-93149078,не указана,2022,212,none,,Сальск,165.5
2022-08-01,,,,29.1,0.0,OSM-Сальск-93149078,не указана,2022,213,none,,Сальск,165.5
2022-08-02,,,,26.5,0.1,OSM-Сальск-93149078,не указана,2022,214,none,,Сальск,165.5
2022-08-03,,,,25.9,1.8,OSM-Сальск-93149078,не указана,2022,215,none,,Сальск,165.5
2022-08-04,,,,27.2,0.2,OSM-Сальск-93149078,не указана,2022,216,none,,Сальск,165.5
2022-08-05,,,,26.6,5.4,OSM-Сальск-93149078,не указана,2022,217,none,,Сальск,165.5
2022-08-06,,,,26.3,4.7,OSM-Сальск-93149078,не указана,2022,218,none,,Сальск,165.5
2022-08-07,,,,26.5,0.0,OSM-Сальск-93149078,не указана,2022,219,none,,Сальск,165.5
2022-08-08,,,,26.4,0.0,OSM-Сальск-93149078,не указана,2022,220,none,,Сальск,165.5
2022-08-09,,,,26.9,0.0,OSM-Сальск-93149078,не указана,2022,221,none,,Сальск,165.5
2022-08-10,,,,28.3,0.0,OSM-Сальск-93149078,не указана,2022,222,none,,Сальск,165.5
2022-08-11,,,,29.8,0.0,OSM-Сальск-93149078,не указана,2022,223,none,,Сальск,165.5
2022-08-12,,,,29.1,0.3,OSM-Сальск-93149078,не указана,2022,224,none,,Сальск,165.5
2022-08-13,,,0.2508,29.3,0.0,OSM-Сальск-93149078,не указана,2022,225,modis,0.2508,Сальск,165.5
2022-08-14,,,,30.3,0.0,OSM-Сальск-93149078,не указана,2022,226,none,,Сальск,165.5
2022-08-15,,,,31.6,0.0,OSM-Сальск-93149078,не указана,2022,227,none,,Сальск,165.5
2022-08-16,,,,30.0,0.0,OSM-Сальск-93149078,не указана,2022,228,none,,Сальск,165.5
2022-08-17,,,,29.3,0.1,OSM-Сальск-93149078,не указана,2022,229,none,,Сальск,165.5
2022-08-18,,,,24.4,12.9,OSM-Сальск-93149078,не указана,2022,230,none,,Сальск,165.5
2022-08-19,,,,25.3,0.1,OSM-Сальск-93149078,не указана,2022,231,none,,Сальск,165.5
2022-08-20,,,,24.9,2.2,OSM-Сальск-93149078,не указана,2022,232,none,,Сальск,165.5
2022-08-21,,,,25.6,0.0,OSM-Сальск-93149078,не указана,2022,233,none,,Сальск,165.5
2022-08-22,,,,26.1,0.0,OSM-Сальск-93149078,не указана,2022,234,none,,Сальск,165.5
2022-08-23,,,,27.0,0.0,OSM-Сальск-93149078,не указана,2022,235,none,,Сальск,165.5
2022-08-24,,,,26.5,0.0,OSM-Сальск-93149078,не указана,2022,236,none,,Сальск,165.5
2022-08-25,,,,26.6,0.0,OSM-Сальск-93149078,не указана,2022,237,none,,Сальск,165.5
2022-08-26,,,,26.6,0.0,OSM-Сальск-93149078,не указана,2022,238,none,,Сальск,165.5
2022-08-27,,,,27.5,0.0,OSM-Сальск-93149078,не указана,2022,239,none,,Сальск,165.5
2022-08-28,,,,28.2,0.0,OSM-Сальск-93149078,не указана,2022,240,none,,Сальск,165.5
2022-08-29,,,0.2238,26.6,0.0,OSM-Сальск-93149078,не указана,2022,241,modis,0.2238,Сальск,165.5
2022-08-30,,,,27.6,0.0,OSM-Сальск-93149078,не указана,2022,242,none,,Сальск,165.5
2022-08-31,,0.1973,,27.8,0.0,OSM-Сальск-93149078,не указана,2022,243,landsat,0.1973,Сальск,165.5
2022-09-01,,,,28.7,0.0,OSM-Сальск-93149078,не указана,2022,244,none,,Сальск,165.5
2022-09-02,,,,24.2,0.7,OSM-Сальск-93149078,не указана,2022,245,none,,Сальск,165.5
2022-09-03,,,,23.6,1.4,OSM-Сальск-93149078,не указана,2022,246,none,,Сальск,165.5
2022-09-04,,,,20.9,2.3,OSM-Сальск-93149078,не указана,2022,247,none,,Сальск,165.5
2022-09-05,,,,15.3,0.0,OSM-Сальск-93149078,не указана,2022,248,none,,Сальск,165.5
2022-09-06,,,,15.6,0.2,OSM-Сальск-93149078,не указана,2022,249,none,,Сальск,165.5
2022-09-07,,,,14.9,0.0,OSM-Сальск-93149078,не указана,2022,250,none,,Сальск,165.5
2022-09-08,,0.1893,,15.5,0.0,OSM-Сальск-93149078,не указана,2022,251,landsat,0.1893,Сальск,165.5
2022-09-09,,,,16.8,0.0,OSM-Сальск-93149078,не указана,2022,252,none,,Сальск,165.5
2022-09-10,,,,15.5,0.0,OSM-Сальск-93149078,не указана,2022,253,none,,Сальск,165.5
2022-09-11,,,,17.9,0.5,OSM-Сальск-93149078,не указана,2022,254,none,,Сальск,165.5
2022-09-12,,,,19.5,17.7,OSM-Сальск-93149078,не указана,2022,255,none,,Сальск,165.5
2022-09-13,,,,19.0,4.6,OSM-Сальск-93149078,не указана,2022,256,none,,Сальск,165.5
2022-09-14,,,0.2918,16.9,2.3,OSM-Сальск-93149078,не указана,2022,257,modis,0.2918,Сальск,165.5
2022-09-15,,,,18.8,1.6,OSM-Сальск-93149078,не указана,2022,258,none,,Сальск,165.5
2022-09-16,,,,22.2,6.2,OSM-Сальск-93149078,не указана,2022,259,none,,Сальск,165.5
2022-09-17,,,,22.0,0.2,OSM-Сальск-93149078,не указана,2022,260,none,,Сальск,165.5
2022-09-18,,,,26.5,0.0,OSM-Сальск-93149078,не указана,2022,261,none,,Сальск,165.5
2022-09-19,,,,19.1,1.7,OSM-Сальск-93149078,не указана,2022,262,none,,Сальск,165.5
2022-09-20,,,,17.8,3.5,OSM-Сальск-93149078,не указана,2022,263,none,,Сальск,165.5
2022-09-21,,,,19.0,0.3,OSM-Сальск-93149078,не указана,2022,264,none,,Сальск,165.5
2022-09-22,,,,14.8,10.2,OSM-Сальск-93149078,не указана,2022,265,none,,Сальск,165.5
2022-09-23,,,,13.9,20.2,OSM-Сальск-93149078,не указана,2022,266,none,,Сальск,165.5
2022-09-24,,,,12.4,3.0,OSM-Сальск-93149078,не указана,2022,267,none,,Сальск,165.5
2022-09-25,,,,13.2,0.0,OSM-Сальск-93149078,не указана,2022,268,none,,Сальск,165.5
2022-09-26,,,,14.9,0.0,OSM-Сальск-93149078,не указана,2022,269,none,,Сальск,165.5
2022-09-27,,,,17.5,0.0,OSM-Сальск-93149078,не указана,2022,270,none,,Сальск,165.5
2022-09-28,,,,17.2,0.7,OSM-Сальск-93149078,не указана,2022,271,none,,Сальск,165.5
2022-09-29,,,,18.4,0.0,OSM-Сальск-93149078,не указана,2022,272,none,,Сальск,165.5
2022-09-30,,,0.2569,18.6,0.0,OSM-Сальск-93149078,не указана,2022,273,modis,0.2569,Сальск,165.5
2022-10-01,,,,19.9,0.0,OSM-Сальск-93149078,не указана,2022,274,none,,Сальск,165.5
2022-10-02,,,,21.2,0.8,OSM-Сальск-93149078,не указана,2022,275,none,,Сальск,165.5
2022-10-03,,,,15.8,3.3,OSM-Сальск-93149078,не указана,2022,276,none,,Сальск,165.5
2022-10-04,,,,15.8,0.0,OSM-Сальск-93149078,не указана,2022,277,none,,Сальск,165.5
2022-10-05,,,,14.4,0.1,OSM-Сальск-93149078,не указана,2022,278,none,,Сальск,165.5
2022-10-06,,,,12.3,0.0,OSM-Сальск-93149078,не указана,2022,279,none,,Сальск,165.5
2022-10-07,,,,13.3,0.0,OSM-Сальск-93149078,не указана,2022,280,none,,Сальск,165.5
2022-10-08,,,,15.4,0.0,OSM-Сальск-93149078,не указана,2022,281,none,,Сальск,165.5
2022-10-09,,,,17.0,0.1,OSM-Сальск-93149078,не указана,2022,282,none,,Сальск,165.5
2022-10-10,,,,15.4,1.6,OSM-Сальск-93149078,не указана,2022,283,none,,Сальск,165.5
2022-10-11,,,,11.4,2.8,OSM-Сальск-93149078,не указана,2022,284,none,,Сальск,165.5
2022-10-12,,,,12.1,0.0,OSM-Сальск-93149078,не указана,2022,285,none,,Сальск,165.5
2022-10-13,,,,10.5,0.0,OSM-Сальск-93149078,не указана,2022,286,none,,Сальск,165.5
2022-10-14,,,,11.1,0.0,OSM-Сальск-93149078,не указана,2022,287,none,,Сальск,165.5
2022-10-15,,,,9.6,0.0,OSM-Сальск-93149078,не указана,2022,288,none,,Сальск,165.5
2022-10-16,,,0.0644,10.7,0.1,OSM-Сальск-93149078,не указана,2022,289,modis,0.0644,Сальск,165.5
2022-10-17,,,,9.8,0.0,OSM-Сальск-93149078,не указана,2022,290,none,,Сальск,165.5
2022-10-18,,0.2164,,9.6,0.0,OSM-Сальск-93149078,не указана,2022,291,landsat,0.2164,Сальск,165.5
2022-10-19,,,,11.3,0.0,OSM-Сальск-93149078,не указана,2022,292,none,,Сальск,165.5
2022-10-20,,,,11.4,0.2,OSM-Сальск-93149078,не указана,2022,293,none,,Сальск,165.5
2022-10-21,,,,8.0,1.4,OSM-Сальск-93149078,не указана,2022,294,none,,Сальск,165.5
2022-10-22,,,,7.0,0.0,OSM-Сальск-93149078,не указана,2022,295,none,,Сальск,165.5
2022-10-23,,,,10.0,0.3,OSM-Сальск-93149078,не указана,2022,296,none,,Сальск,165.5
2022-10-24,,,,10.6,5.1,OSM-Сальск-93149078,не указана,2022,297,none,,Сальск,165.5
2022-10-25,,,,9.9,0.0,OSM-Сальск-93149078,не указана,2022,298,none,,Сальск,165.5
2022-10-26,,,,10.6,2.8,OSM-Сальск-93149078,не указана,2022,299,none,,Сальск,165.5
2022-10-27,,,,12.0,0.1,OSM-Сальск-93149078,не указана,2022,300,none,,Сальск,165.5
2022-10-28,,,,8.7,0.0,OSM-Сальск-93149078,не указана,2022,301,none,,Сальск,165.5
2022-10-29,,,,8.0,0.0,OSM-Сальск-93149078,не указана,2022,302,none,,Сальск,165.5
2022-10-30,,,,11.3,2.3,OSM-Сальск-93149078,не указана,2022,303,none,,Сальск,165.5
2022-10-31,,,,8.4,5.3,OSM-Сальск-93149078,не указана,2022,304,none,,Сальск,165.5
2022-11-01,,,0.31670000000000004,4.7,0.0,OSM-Сальск-93149078,не указана,2022,305,modis,0.31670000000000004,Сальск,165.5
2022-11-02,,,,6.1,1.2,OSM-Сальск-93149078,не указана,2022,306,none,,Сальск,165.5
2022-11-03,,0.304,,6.3,0.8,OSM-Сальск-93149078,не указана,2022,307,landsat,0.304,Сальск,165.5
2022-11-04,,,,6.7,3.4,OSM-Сальск-93149078,не указана,2022,308,none,,Сальск,165.5
2022-11-05,,,,5.8,0.9,OSM-Сальск-93149078,не указана,2022,309,none,,Сальск,165.5
2022-11-06,,,,4.1,0.0,OSM-Сальск-93149078,не указана,2022,310,none,,Сальск,165.5
2022-11-07,,,,4.0,0.0,OSM-Сальск-93149078,не указана,2022,311,none,,Сальск,165.5
2022-11-08,,,,6.2,0.0,OSM-Сальск-93149078,не указана,2022,312,none,,Сальск,165.5
2022-11-09,,,,7.1,0.5,OSM-Сальск-93149078,не указана,2022,313,none,,Сальск,165.5
2022-11-10,,,,6.8,0.0,OSM-Сальск-93149078,не указана,2022,314,none,,Сальск,165.5
2022-11-11,,,,7.0,0.0,OSM-Сальск-93149078,не указана,2022,315,none,,Сальск,165.5
2022-11-12,,,,6.7,0.0,OSM-Сальск-93149078,не указана,2022,316,none,,Сальск,165.5
2022-11-13,,,,7.9,0.5,OSM-Сальск-93149078,не указана,2022,317,none,,Сальск,165.5
2022-11-14,,,,6.2,0.0,OSM-Сальск-93149078,не указана,2022,318,none,,Сальск,165.5
2022-11-15,,,,1.1,0.0,OSM-Сальск-93149078,не указана,2022,319,none,,Сальск,165.5
2022-11-16,,,,2.0,0.0,OSM-Сальск-93149078,не указана,2022,320,none,,Сальск,165.5
2022-11-17,,,0.42610000000000003,9.3,7.1,OSM-Сальск-93149078,не указана,2022,321,modis,0.42610000000000003,Сальск,165.5
2022-11-18,,,,8.7,3.8,OSM-Сальск-93149078,не указана,2022,322,none,,Сальск,165.5
2022-11-19,,,,11.6,6.5,OSM-Сальск-93149078,не указана,2022,323,none,,Сальск,165.5
2022-11-20,,,,9.6,0.2,OSM-Сальск-93149078,не указана,2022,324,none,,Сальск,165.5
2022-11-21,,,,13.2,0.3,OSM-Сальск-93149078,не указана,2022,325,none,,Сальск,165.5
2022-11-22,,,,12.3,1.7,OSM-Сальск-93149078,не указана,2022,326,none,,Сальск,165.5
2022-11-23,,,,6.0,0.0,OSM-Сальск-93149078,не указана,2022,327,none,,Сальск,165.5
2022-11-24,,,,7.1,0.0,OSM-Сальск-93149078,не указана,2022,328,none,,Сальск,165.5
2022-11-25,,,,7.2,0.1,OSM-Сальск-93149078,не указана,2022,329,none,,Сальск,165.5
2022-11-26,,,,5.7,0.5,OSM-Сальск-93149078,не указана,2022,330,none,,Сальск,165.5
2022-11-27,,,,4.1,1.1,OSM-Сальск-93149078,не указана,2022,331,none,,Сальск,165.5
2022-11-28,,,,1.7,0.0,OSM-Сальск-93149078,не указана,2022,332,none,,Сальск,165.5
2022-11-29,,,,-1.5,0.0,OSM-Сальск-93149078,не указана,2022,333,none,,Сальск,165.5
2022-11-30,,,,-1.5,0.0,OSM-Сальск-93149078,не указана,2022,334,none,,Сальск,165.5
2022-12-01,,,,-1.6,0.0,OSM-Сальск-93149078,не указана,2022,335,none,,Сальск,165.5
2022-12-02,,,,-1.5,0.0,OSM-Сальск-93149078,не указана,2022,336,none,,Сальск,165.5
2022-12-03,,,0.3637,-4.2,0.0,OSM-Сальск-93149078,не указана,2022,337,modis,0.3637,Сальск,165.5
2022-12-04,,,,-7.3,0.0,OSM-Сальск-93149078,не указана,2022,338,none,,Сальск,165.5
2022-12-05,,0.2923,,-5.8,0.0,OSM-Сальск-93149078,не указана,2022,339,landsat,0.2923,Сальск,165.5
2022-12-06,,,,-5.9,0.0,OSM-Сальск-93149078,не указана,2022,340,none,,Сальск,165.5
2022-12-07,,,,-4.2,0.0,OSM-Сальск-93149078,не указана,2022,341,none,,Сальск,165.5
2022-12-08,,,,0.4,0.0,OSM-Сальск-93149078,не указана,2022,342,none,,Сальск,165.5
2022-12-09,,,,1.6,0.0,OSM-Сальск-93149078,не указана,2022,343,none,,Сальск,165.5
2022-12-10,,,,2.0,0.0,OSM-Сальск-93149078,не указана,2022,344,none,,Сальск,165.5
2022-12-11,,,,4.7,0.5,OSM-Сальск-93149078,не указана,2022,345,none,,Сальск,165.5
2022-12-12,,,,5.2,0.0,OSM-Сальск-93149078,не указана,2022,346,none,,Сальск,165.5
2022-12-13,,,,3.7,4.7,OSM-Сальск-93149078,не указана,2022,347,none,,Сальск,165.5
2022-12-14,,,,0.6,1.5,OSM-Сальск-93149078,не указана,2022,348,none,,Сальск,165.5
2022-12-15,,,,0.2,1.7,OSM-Сальск-93149078,не указана,2022,349,none,,Сальск,165.5
2022-12-16,,,,3.0,2.1,OSM-Сальск-93149078,не указана,2022,350,none,,Сальск,165.5
2022-12-17,,,,4.2,0.0,OSM-Сальск-93149078,не указана,2022,351,none,,Сальск,165.5
2022-12-18,,,,6.4,1.4,OSM-Сальск-93149078,не указана,2022,352,none,,Сальск,165.5
2022-12-19,,,0.3007,-1.7,0.0,OSM-Сальск-93149078,не указана,2022,353,modis,0.3007,Сальск,165.5
2022-12-20,,,,-4.0,0.0,OSM-Сальск-93149078,не указана,2022,354,none,,Сальск,165.5
2022-12-21,,,,-2.7,0.0,OSM-Сальск-93149078,не указана,2022,355,none,,Сальск,165.5
2022-12-22,,,,-0.6,0.0,OSM-Сальск-93149078,не указана,2022,356,none,,Сальск,165.5
2022-12-23,,,,0.6,0.0,OSM-Сальск-93149078,не указана,2022,357,none,,Сальск,165.5
2022-12-24,,,,1.7,0.0,OSM-Сальск-93149078,не указана,2022,358,none,,Сальск,165.5
2022-12-25,,,,1.1,0.0,OSM-Сальск-93149078,не указана,2022,359,none,,Сальск,165.5
2022-12-26,,,,1.1,0.3,OSM-Сальск-93149078,не указана,2022,360,none,,Сальск,165.5
2022-12-27,,,,1.9,4.5,OSM-Сальск-93149078,не указана,2022,361,none,,Сальск,165.5
2022-12-28,,,,3.7,8.4,OSM-Сальск-93149078,не указана,2022,362,none,,Сальск,165.5
2022-12-29,,,,0.4,0.0,OSM-Сальск-93149078,не указана,2022,363,none,,Сальск,165.5
2022-12-30,,,,2.6,0.0,OSM-Сальск-93149078,не указана,2022,364,none,,Сальск,165.5
2022-12-31,,,,5.6,0.0,OSM-Сальск-93149078,не указана,2022,365,none,,Сальск,165.5
2023-01-01,,,0.3007,6.7,0.0,OSM-Сальск-93149078,не указана,2023,1,modis,0.3007,Сальск,165.5
2023-01-02,,,,9.0,0.0,OSM-Сальск-93149078,не указана,2023,2,none,,Сальск,165.5
2023-01-03,,,,7.6,0.0,OSM-Сальск-93149078,не указана,2023,3,none,,Сальск,165.5
2023-01-04,,,,5.6,0.0,OSM-Сальск-93149078,не указана,2023,4,none,,Сальск,165.5
2023-01-05,,,,3.5,1.8,OSM-Сальск-93149078,не указана,2023,5,none,,Сальск,165.5
2023-01-06,,,,6.0,13.1,OSM-Сальск-93149078,не указана,2023,6,none,,Сальск,165.5
2023-01-07,,,,-9.9,0.4,OSM-Сальск-93149078,не указана,2023,7,none,,Сальск,165.5
2023-01-08,,,,-13.3,0.0,OSM-Сальск-93149078,не указана,2023,8,none,,Сальск,165.5
2023-01-09,,,,-10.9,0.0,OSM-Сальск-93149078,не указана,2023,9,none,,Сальск,165.5
2023-01-10,,,,-11.3,0.0,OSM-Сальск-93149078,не указана,2023,10,none,,Сальск,165.5
2023-01-11,,,,-7.2,0.0,OSM-Сальск-93149078,не указана,2023,11,none,,Сальск,165.5
2023-01-12,,,,-0.2,0.0,OSM-Сальск-93149078,не указана,2023,12,none,,Сальск,165.5
2023-01-13,,,,1.2,0.0,OSM-Сальск-93149078,не указана,2023,13,none,,Сальск,165.5
2023-01-14,,,,0.6,0.4,OSM-Сальск-93149078,не указана,2023,14,none,,Сальск,165.5
2023-01-15,,,,0.6,0.0,OSM-Сальск-93149078,не указана,2023,15,none,,Сальск,165.5
2023-01-16,,,,0.3,0.0,OSM-Сальск-93149078,не указана,2023,16,none,,Сальск,165.5
2023-01-17,,,0.30870000000000003,1.2,0.0,OSM-Сальск-93149078,не указана,2023,17,modis,0.30870000000000003,Сальск,165.5
2023-01-18,,,,2.1,0.0,OSM-Сальск-93149078,не указана,2023,18,none,,Сальск,165.5
2023-01-19,,,,2.7,0.0,OSM-Сальск-93149078,не указана,2023,19,none,,Сальск,165.5
2023-01-20,,,,0.8,0.0,OSM-Сальск-93149078,не указана,2023,20,none,,Сальск,165.5
2023-01-21,,,,1.2,0.0,OSM-Сальск-93149078,не указана,2023,21,none,,Сальск,165.5
2023-01-22,,,,1.2,0.0,OSM-Сальск-93149078,не указана,2023,22,none,,Сальск,165.5
2023-01-23,,,,-0.5,0.0,OSM-Сальск-93149078,не указана,2023,23,none,,Сальск,165.5
2023-01-24,,,,-0.7,0.0,OSM-Сальск-93149078,не указана,2023,24,none,,Сальск,165.5
2023-01-25,,,,-1.6,0.0,OSM-Сальск-93149078,не указана,2023,25,none,,Сальск,165.5
2023-01-26,,,,-2.8,0.0,OSM-Сальск-93149078,не указана,2023,26,none,,Сальск,165.5
2023-01-27,,,,-2.7,0.0,OSM-Сальск-93149078,не указана,2023,27,none,,Сальск,165.5
2023-01-28,,,,-0.4,0.0,OSM-Сальск-93149078,не указана,2023,28,none,,Сальск,165.5
2023-01-29,,,,0.2,0.0,OSM-Сальск-93149078,не указана,2023,29,none,,Сальск,165.5
2023-01-30,,,,0.6,0.0,OSM-Сальск-93149078,не указана,2023,30,none,,Сальск,165.5
2023-01-31,,,,0.4,0.1,OSM-Сальск-93149078,не указана,2023,31,none,,Сальск,165.5
2023-02-01,,,,1.4,1.4,OSM-Сальск-93149078,не указана,2023,32,none,,Сальск,165.5
2023-02-02,,,0.1474,-1.6,1.0,OSM-Сальск-93149078,не указана,2023,33,modis,0.1474,Сальск,165.5
2023-02-03,,,,-1.2,2.0,OSM-Сальск-93149078,не указана,2023,34,none,,Сальск,165.5
2023-02-04,,,,0.5,0.2,OSM-Сальск-93149078,не указана,2023,35,none,,Сальск,165.5
2023-02-05,,,,-0.6,0.0,OSM-Сальск-93149078,не указана,2023,36,none,,Сальск,165.5
2023-02-06,,,,-2.9,0.2,OSM-Сальск-93149078,не указана,2023,37,none,,Сальск,165.5
2023-02-07,,,,-5.3,6.9,OSM-Сальск-93149078,не указана,2023,38,none,,Сальск,165.5
2023-02-08,,,,-7.2,6.5,OSM-Сальск-93149078,не указана,2023,39,none,,Сальск,165.5
2023-02-09,,,,-12.4,0.0,OSM-Сальск-93149078,не указана,2023,40,none,,Сальск,165.5
2023-02-10,,,,-12.1,0.0,OSM-Сальск-93149078,не указана,2023,41,none,,Сальск,165.5
2023-02-11,,,,-9.5,0.0,OSM-Сальск-93149078,не указана,2023,42,none,,Сальск,165.5
2023-02-12,,,,-2.6,3.7,OSM-Сальск-93149078,не указана,2023,43,none,,Сальск,165.5
2023-02-13,,,,-5.4,0.4,OSM-Сальск-93149078,не указана,2023,44,none,,Сальск,165.5
2023-02-14,,,,0.1,7.3,OSM-Сальск-93149078,не указана,2023,45,none,,Сальск,165.5
2023-02-15,,,,-4.3,0.5,OSM-Сальск-93149078,не указана,2023,46,none,,Сальск,165.5
2023-02-16,,,,-6.9,0.1,OSM-Сальск-93149078,не указана,2023,47,none,,Сальск,165.5
2023-02-17,,,,-5.0,13.9,OSM-Сальск-93149078,не указана,2023,48,none,,Сальск,165.5
2023-02-18,,,0.3053,0.7,11.9,OSM-Сальск-93149078,не указана,2023,49,modis,0.3053,Сальск,165.5
2023-02-19,,,,2.3,2.2,OSM-Сальск-93149078,не указана,2023,50,none,,Сальск,165.5
2023-02-20,,,,0.1,6.7,OSM-Сальск-93149078,не указана,2023,51,none,,Сальск,165.5
2023-02-21,,,,1.5,13.1,OSM-Сальск-93149078,не указана,2023,52,none,,Сальск,165.5
2023-02-22,,,,-1.0,0.6,OSM-Сальск-93149078,не указана,2023,53,none,,Сальск,165.5
2023-02-23,,0.07425000000000001,,-6.5,0.0,OSM-Сальск-93149078,не указана,2023,54,landsat,0.07425000000000001,Сальск,165.5
2023-02-24,,,,-4.4,0.0,OSM-Сальск-93149078,не указана,2023,55,none,,Сальск,165.5
2023-02-25,,,,1.1,0.5,OSM-Сальск-93149078,не указана,2023,56,none,,Сальск,165.5
2023-02-26,,,,7.0,0.0,OSM-Сальск-93149078,не указана,2023,57,none,,Сальск,165.5
2023-02-27,,,,8.5,0.0,OSM-Сальск-93149078,не указана,2023,58,none,,Сальск,165.5
2023-02-28,,,,7.5,0.0,OSM-Сальск-93149078,не указана,2023,59,none,,Сальск,165.5
2023-03-01,,,,2.3,0.1,OSM-Сальск-93149078,не указана,2023,60,none,,Сальск,165.5
2023-03-02,,,,-0.3,0.1,OSM-Сальск-93149078,не указана,2023,61,none,,Сальск,165.5
2023-03-03,,,,1.6,0.0,OSM-Сальск-93149078,не указана,2023,62,none,,Сальск,165.5
2023-03-04,,,,4.5,0.1,OSM-Сальск-93149078,не указана,2023,63,none,,Сальск,165.5
2023-03-05,,,,6.3,1.4,OSM-Сальск-93149078,не указана,2023,64,none,,Сальск,165.5
2023-03-06,,,0.3392,2.0,7.0,OSM-Сальск-93149078,не указана,2023,65,modis,0.3392,Сальск,165.5
2023-03-07,,,,3.8,0.3,OSM-Сальск-93149078,не указана,2023,66,none,,Сальск,165.5
2023-03-08,,,,8.2,0.0,OSM-Сальск-93149078,не указана,2023,67,none,,Сальск,165.5
2023-03-09,,,,9.4,0.0,OSM-Сальск-93149078,не указана,2023,68,none,,Сальск,165.5
2023-03-10,,,,10.7,1.5,OSM-Сальск-93149078,не указана,2023,69,none,,Сальск,165.5
2023-03-11,,,,12.7,2.3,OSM-Сальск-93149078,не указана,2023,70,none,,Сальск,165.5
2023-03-12,,,,12.2,9.9,OSM-Сальск-93149078,не указана,2023,71,none,,Сальск,165.5
2023-03-13,,,,3.6,1.1,OSM-Сальск-93149078,не указана,2023,72,none,,Сальск,165.5
2023-03-14,,,,4.3,0.0,OSM-Сальск-93149078,не указана,2023,73,none,,Сальск,165.5
2023-03-15,,,,8.3,0.0,OSM-Сальск-93149078,не указана,2023,74,none,,Сальск,165.5
2023-03-16,,,,7.7,0.0,OSM-Сальск-93149078,не указана,2023,75,none,,Сальск,165.5
2023-03-17,,,,7.3,0.9,OSM-Сальск-93149078,не указана,2023,76,none,,Сальск,165.5
2023-03-18,,,,8.4,0.3,OSM-Сальск-93149078,не указана,2023,77,none,,Сальск,165.5
2023-03-19,,,,9.2,0.0,OSM-Сальск-93149078,не указана,2023,78,none,,Сальск,165.5
2023-03-20,,,,10.7,0.0,OSM-Сальск-93149078,не указана,2023,79,none,,Сальск,165.5
2023-03-21,,,,9.0,0.8,OSM-Сальск-93149078,не указана,2023,80,none,,Сальск,165.5
2023-03-22,,0.3351,0.5372,9.9,0.0,OSM-Сальск-93149078,не указана,2023,81,landsat,0.3351,Сальск,165.5
2023-03-23,,,,10.6,0.0,OSM-Сальск-93149078,не указана,2023,82,none,,Сальск,165.5
2023-03-24,,,,10.8,0.2,OSM-Сальск-93149078,не указана,2023,83,none,,Сальск,165.5
2023-03-25,,,,11.2,0.0,OSM-Сальск-93149078,не указана,2023,84,none,,Сальск,165.5
2023-03-26,,,,10.6,5.1,OSM-Сальск-93149078,не указана,2023,85,none,,Сальск,165.5
2023-03-27,,,,9.5,2.0,OSM-Сальск-93149078,не указана,2023,86,none,,Сальск,165.5
2023-03-28,,,,10.9,0.8,OSM-Сальск-93149078,не указана,2023,87,none,,Сальск,165.5
2023-03-29,,,,9.0,10.2,OSM-Сальск-93149078,не указана,2023,88,none,,Сальск,165.5
2023-03-30,,,,2.3,12.7,OSM-Сальск-93149078,не указана,2023,89,none,,Сальск,165.5
2023-03-31,,,,4.7,1.2,OSM-Сальск-93149078,не указана,2023,90,none,,Сальск,165.5
2023-04-01,,,,6.5,0.0,OSM-Сальск-93149078,не указана,2023,91,none,,Сальск,165.5
2023-04-02,,,,8.2,0.0,OSM-Сальск-93149078,не указана,2023,92,none,,Сальск,165.5
2023-04-03,,,,10.2,0.2,OSM-Сальск-93149078,не указана,2023,93,none,,Сальск,165.5
2023-04-04,,,,12.6,0.0,OSM-Сальск-93149078,не указана,2023,94,none,,Сальск,165.5
2023-04-05,,,,13.1,0.0,OSM-Сальск-93149078,не указана,2023,95,none,,Сальск,165.5
2023-04-06,,,,11.5,0.2,OSM-Сальск-93149078,не указана,2023,96,none,,Сальск,165.5
2023-04-07,,,0.6989000000000001,12.6,3.1,OSM-Сальск-93149078,не указана,2023,97,modis,0.6989000000000001,Сальск,165.5
2023-04-08,,,,12.0,0.2,OSM-Сальск-93149078,не указана,2023,98,none,,Сальск,165.5
2023-04-09,,,,10.0,1.8,OSM-Сальск-93149078,не указана,2023,99,none,,Сальск,165.5
2023-04-10,,,,13.0,0.0,OSM-Сальск-93149078,не указана,2023,100,none,,Сальск,165.5
2023-04-11,,,,14.6,0.7,OSM-Сальск-93149078,не указана,2023,101,none,,Сальск,165.5
2023-04-12,,,,15.4,0.3,OSM-Сальск-93149078,не указана,2023,102,none,,Сальск,165.5
2023-04-13,,,,12.3,3.0,OSM-Сальск-93149078,не указана,2023,103,none,,Сальск,165.5
2023-04-14,,,,10.0,15.7,OSM-Сальск-93149078,не указана,2023,104,none,,Сальск,165.5
2023-04-15,,,,5.5,1.4,OSM-Сальск-93149078,не указана,2023,105,none,,Сальск,165.5
2023-04-16,,,,6.4,0.0,OSM-Сальск-93149078,не указана,2023,106,none,,Сальск,165.5
2023-04-17,,,,9.0,0.0,OSM-Сальск-93149078,не указана,2023,107,none,,Сальск,165.5
2023-04-18,,,,10.6,1.3,OSM-Сальск-93149078,не указана,2023,108,none,,Сальск,165.5
2023-04-19,,,,10.9,2.2,OSM-Сальск-93149078,не указана,2023,109,none,,Сальск,165.5
2023-04-20,,,,11.4,8.3,OSM-Сальск-93149078,не указана,2023,110,none,,Сальск,165.5
2023-04-21,,,,11.8,2.5,OSM-Сальск-93149078,не указана,2023,111,none,,Сальск,165.5
2023-04-22,,,,11.5,2.6,OSM-Сальск-93149078,не указана,2023,112,none,,Сальск,165.5
2023-04-23,,,0.8027000000000001,11.4,0.1,OSM-Сальск-93149078,не указана,2023,113,modis,0.8027000000000001,Сальск,165.5
2023-04-24,,,,12.4,7.6,OSM-Сальск-93149078,не указана,2023,114,none,,Сальск,165.5
2023-04-25,,,,12.2,0.4,OSM-Сальск-93149078,не указана,2023,115,none,,Сальск,165.5
2023-04-26,,,,14.2,0.0,OSM-Сальск-93149078,не указана,2023,116,none,,Сальск,165.5
2023-04-27,,,,16.9,0.1,OSM-Сальск-93149078,не указана,2023,117,none,,Сальск,165.5
2023-04-28,,,,16.0,0.9,OSM-Сальск-93149078,не указана,2023,118,none,,Сальск,165.5
2023-04-29,,,,16.3,6.1,OSM-Сальск-93149078,не указана,2023,119,none,,Сальск,165.5
2023-04-30,,,,11.6,2.2,OSM-Сальск-93149078,не указана,2023,120,none,,Сальск,165.5
2023-05-01,,,,12.3,0.3,OSM-Сальск-93149078,не указана,2023,121,none,,Сальск,165.5
2023-05-02,,,,12.1,0.0,OSM-Сальск-93149078,не указана,2023,122,none,,Сальск,165.5
2023-05-03,,,,12.7,0.0,OSM-Сальск-93149078,не указана,2023,123,none,,Сальск,165.5
2023-05-04,,,,14.9,0.0,OSM-Сальск-93149078,не указана,2023,124,none,,Сальск,165.5
2023-05-05,,,,16.3,0.0,OSM-Сальск-93149078,не указана,2023,125,none,,Сальск,165.5
2023-05-06,,0.8262,,17.9,0.0,OSM-Сальск-93149078,не указана,2023,126,landsat,0.8262,Сальск,165.5
2023-05-07,,,,13.9,0.5,OSM-Сальск-93149078,не указана,2023,127,none,,Сальск,165.5
2023-05-08,,,,9.6,6.8,OSM-Сальск-93149078,не указана,2023,128,none,,Сальск,165.5
2023-05-09,,,0.898,8.8,7.4,OSM-Сальск-93149078,не указана,2023,129,modis,0.898,Сальск,165.5
2023-05-10,,,,10.5,1.9,OSM-Сальск-93149078,не указана,2023,130,none,,Сальск,165.5
2023-05-11,,,,9.5,0.1,OSM-Сальск-93149078,не указана,2023,131,none,,Сальск,165.5
2023-05-12,,,,12.9,0.0,OSM-Сальск-93149078,не указана,2023,132,none,,Сальск,165.5
2023-05-13,,,,14.4,0.0,OSM-Сальск-93149078,не указана,2023,133,none,,Сальск,165.5
2023-05-14,,,,14.5,0.7,OSM-Сальск-93149078,не указана,2023,134,none,,Сальск,165.5
2023-05-15,,,,16.2,0.3,OSM-Сальск-93149078,не указана,2023,135,none,,Сальск,165.5
2023-05-16,,,,16.0,0.2,OSM-Сальск-93149078,не указана,2023,136,none,,Сальск,165.5
2023-05-17,,0.8997,,15.9,0.2,OSM-Сальск-93149078,не указана,2023,137,landsat,0.8997,Сальск,165.5
2023-05-18,,,,18.3,0.0,OSM-Сальск-93149078,не указана,2023,138,none,,Сальск,165.5
2023-05-19,,,,18.9,0.0,OSM-Сальск-93149078,не указана,2023,139,none,,Сальск,165.5
2023-05-20,,,,19.7,0.0,OSM-Сальск-93149078,не указана,2023,140,none,,Сальск,165.5
2023-05-21,,,,17.6,0.3,OSM-Сальск-93149078,не указана,2023,141,none,,Сальск,165.5
2023-05-22,,,,16.9,4.4,OSM-Сальск-93149078,не указана,2023,142,none,,Сальск,165.5
2023-05-23,,,,19.0,3.7,OSM-Сальск-93149078,не указана,2023,143,none,,Сальск,165.5
2023-05-24,,,,20.5,7.4,OSM-Сальск-93149078,не указана,2023,144,none,,Сальск,165.5
2023-05-25,,,0.8368,20.1,7.4,OSM-Сальск-93149078,не указана,2023,145,modis,0.8368,Сальск,165.5
2023-05-26,,,,21.2,6.7,OSM-Сальск-93149078,не указана,2023,146,none,,Сальск,165.5
2023-05-27,,,,19.3,2.1,OSM-Сальск-93149078,не указана,2023,147,none,,Сальск,165.5
2023-05-28,,,,20.7,2.4,OSM-Сальск-93149078,не указана,2023,148,none,,Сальск,165.5
2023-05-29,,,,19.5,4.4,OSM-Сальск-93149078,не указана,2023,149,none,,Сальск,165.5
2023-05-30,,,,19.7,1.8,OSM-Сальск-93149078,не указана,2023,150,none,,Сальск,165.5
2023-05-31,,,,19.5,0.8,OSM-Сальск-93149078,не указана,2023,151,none,,Сальск,165.5
2023-06-01,,,,18.7,13.8,OSM-Сальск-93149078,не указана,2023,152,none,,Сальск,165.5
2023-06-02,,,,18.7,12.9,OSM-Сальск-93149078,не указана,2023,153,none,,Сальск,165.5
2023-06-03,,,,19.8,3.2,OSM-Сальск-93149078,не указана,2023,154,none,,Сальск,165.5
2023-06-04,,,,20.1,9.7,OSM-Сальск-93149078,не указана,2023,155,none,,Сальск,165.5
2023-06-05,,,,17.8,14.9,OSM-Сальск-93149078,не указана,2023,156,none,,Сальск,165.5
2023-06-06,,,,17.8,0.0,OSM-Сальск-93149078,не указана,2023,157,none,,Сальск,165.5
2023-06-07,,0.8946,,18.1,0.0,OSM-Сальск-93149078,не указана,2023,158,landsat,0.8946,Сальск,165.5
2023-06-08,,0.8706,,19.4,0.0,OSM-Сальск-93149078,не указана,2023,159,landsat,0.8706,Сальск,165.5
2023-06-09,,,,21.4,0.0,OSM-Сальск-93149078,не указана,2023,160,none,,Сальск,165.5
2023-06-10,,,0.7064,21.5,0.2,OSM-Сальск-93149078,не указана,2023,161,modis,0.7064,Сальск,165.5
2023-06-11,,,,20.8,11.1,OSM-Сальск-93149078,не указана,2023,162,none,,Сальск,165.5
2023-06-12,,,,19.5,0.8,OSM-Сальск-93149078,не указана,2023,163,none,,Сальск,165.5
2023-06-13,,,,22.1,0.3,OSM-Сальск-93149078,не указана,2023,164,none,,Сальск,165.5
2023-06-14,,,,23.1,0.1,OSM-Сальск-93149078,не указана,2023,165,none,,Сальск,165.5
2023-06-15,,0.8504,,22.0,4.2,OSM-Сальск-93149078,не указана,2023,166,landsat,0.8504,Сальск,165.5
2023-06-16,,,,21.4,2.4,OSM-Сальск-93149078,не указана,2023,167,none,,Сальск,165.5
2023-06-17,,,,20.5,5.2,OSM-Сальск-93149078,не указана,2023,168,none,,Сальск,165.5
2023-06-18,,,,21.4,0.4,OSM-Сальск-93149078,не указана,2023,169,none,,Сальск,165.5
2023-06-19,,,,21.1,0.0,OSM-Сальск-93149078,не указана,2023,170,none,,Сальск,165.5
2023-06-20,,,,20.3,0.0,OSM-Сальск-93149078,не указана,2023,171,none,,Сальск,165.5
2023-06-21,,,,21.0,0.1,OSM-Сальск-93149078,не указана,2023,172,none,,Сальск,165.5
2023-06-22,,,,19.4,0.0,OSM-Сальск-93149078,не указана,2023,173,none,,Сальск,165.5
2023-06-23,,0.5439,,20.6,0.0,OSM-Сальск-93149078,не указана,2023,174,landsat,0.5439,Сальск,165.5
2023-06-24,,,,23.3,0.5,OSM-Сальск-93149078,не указана,2023,175,none,,Сальск,165.5
2023-06-25,,,,23.4,4.5,OSM-Сальск-93149078,не указана,2023,176,none,,Сальск,165.5
2023-06-26,,,0.4636,22.9,6.6,OSM-Сальск-93149078,не указана,2023,177,modis,0.4636,Сальск,165.5
2023-06-27,,,,21.9,1.6,OSM-Сальск-93149078,не указана,2023,178,none,,Сальск,165.5
2023-06-28,,,,23.1,1.0,OSM-Сальск-93149078,не указана,2023,179,none,,Сальск,165.5
2023-06-29,,,,24.2,0.1,OSM-Сальск-93149078,не указана,2023,180,none,,Сальск,165.5
2023-06-30,,,,21.3,0.4,OSM-Сальск-93149078,не указана,2023,181,none,,Сальск,165.5
2023-07-01,,,,21.0,11.5,OSM-Сальск-93149078,не указана,2023,182,none,,Сальск,165.5
2023-07-02,,,,23.6,0.3,OSM-Сальск-93149078,не указана,2023,183,none,,Сальск,165.5
2023-07-03,,,,25.9,0.0,OSM-Сальск-93149078,не указана,2023,184,none,,Сальск,165.5
2023-07-04,,,,27.9,0.3,OSM-Сальск-93149078,не указана,2023,185,none,,Сальск,165.5
2023-07-05,,0.2876,,29.5,0.0,OSM-Сальск-93149078,не указана,2023,186,landsat,0.2876,Сальск,165.5
2023-07-06,,,,30.2,0.0,OSM-Сальск-93149078,не указана,2023,187,none,,Сальск,165.5
2023-07-07,,,,31.1,0.0,OSM-Сальск-93149078,не указана,2023,188,none,,Сальск,165.5
2023-07-08,,,,26.0,0.1,OSM-Сальск-93149078,не указана,2023,189,none,,Сальск,165.5
2023-07-09,,0.3559,,24.9,2.4,OSM-Сальск-93149078,не указана,2023,190,landsat,0.3559,Сальск,165.5
2023-07-10,,,,21.9,3.4,OSM-Сальск-93149078,не указана,2023,191,none,,Сальск,165.5
2023-07-11,,,,19.7,4.9,OSM-Сальск-93149078,не указана,2023,192,none,,Сальск,165.5
2023-07-12,,,0.35700000000000004,19.5,12.0,OSM-Сальск-93149078,не указана,2023,193,modis,0.35700000000000004,Сальск,165.5
2023-07-13,,,,21.2,0.0,OSM-Сальск-93149078,не указана,2023,194,none,,Сальск,165.5
2023-07-14,,,,24.3,0.6,OSM-Сальск-93149078,не указана,2023,195,none,,Сальск,165.5
2023-07-15,,,,23.8,0.8,OSM-Сальск-93149078,не указана,2023,196,none,,Сальск,165.5
2023-07-16,,,,22.1,0.2,OSM-Сальск-93149078,не указана,2023,197,none,,Сальск,165.5
2023-07-17,,,,23.3,0.0,OSM-Сальск-93149078,не указана,2023,198,none,,Сальск,165.5
2023-07-18,,,,24.4,0.0,OSM-Сальск-93149078,не указана,2023,199,none,,Сальск,165.5
2023-07-19,,,,22.4,9.9,OSM-Сальск-93149078,не указана,2023,200,none,,Сальск,165.5
2023-07-20,,,,23.3,0.0,OSM-Сальск-93149078,не указана,2023,201,none,,Сальск,165.5
2023-07-21,,,,25.9,0.0,OSM-Сальск-93149078,не указана,2023,202,none,,Сальск,165.5
2023-07-22,,,,26.1,0.0,OSM-Сальск-93149078,не указана,2023,203,none,,Сальск,165.5
2023-07-23,,,,26.6,0.1,OSM-Сальск-93149078,не указана,2023,204,none,,Сальск,165.5
2023-07-24,,,,23.4,5.6,OSM-Сальск-93149078,не указана,2023,205,none,,Сальск,165.5
2023-07-25,,0.3208,,25.7,0.0,OSM-Сальск-93149078,не указана,2023,206,landsat,0.3208,Сальск,165.5
2023-07-26,,,,28.1,0.0,OSM-Сальск-93149078,не указана,2023,207,none,,Сальск,165.5
2023-07-27,,,,29.0,0.0,OSM-Сальск-93149078,не указана,2023,208,none,,Сальск,165.5
2023-07-28,,,0.31370000000000003,23.9,6.2,OSM-Сальск-93149078,не указана,2023,209,modis,0.31370000000000003,Сальск,165.5
2023-07-29,,,,22.7,0.0,OSM-Сальск-93149078,не указана,2023,210,none,,Сальск,165.5
2023-07-30,,,,23.6,0.0,OSM-Сальск-93149078,не указана,2023,211,none,,Сальск,165.5
2023-07-31,,,,25.9,0.0,OSM-Сальск-93149078,не указана,2023,212,none,,Сальск,165.5
2023-08-01,,0.2801,,28.2,0.0,OSM-Сальск-93149078,не указана,2023,213,landsat,0.2801,Сальск,165.5
2023-08-02,,,,27.4,0.6,OSM-Сальск-93149078,не указана,2023,214,none,,Сальск,165.5
2023-08-03,,,,26.1,0.7,OSM-Сальск-93149078,не указана,2023,215,none,,Сальск,165.5
2023-08-04,,,,27.7,0.0,OSM-Сальск-93149078,не указана,2023,216,none,,Сальск,165.5
2023-08-05,,,,30.2,0.0,OSM-Сальск-93149078,не указана,2023,217,none,,Сальск,165.5
2023-08-06,,,,32.3,0.0,OSM-Сальск-93149078,не указана,2023,218,none,,Сальск,165.5
2023-08-07,,,,31.3,0.0,OSM-Сальск-93149078,не указана,2023,219,none,,Сальск,165.5
2023-08-08,,,,29.7,0.0,OSM-Сальск-93149078,не указана,2023,220,none,,Сальск,165.5
2023-08-09,,,,29.9,0.1,OSM-Сальск-93149078,не указана,2023,221,none,,Сальск,165.5
2023-08-10,,,,28.3,7.5,OSM-Сальск-93149078,не указана,2023,222,none,,Сальск,165.5
2023-08-11,,,,31.0,0.0,OSM-Сальск-93149078,не указана,2023,223,none,,Сальск,165.5
2023-08-12,,,,27.0,2.5,OSM-Сальск-93149078,не указана,2023,224,none,,Сальск,165.5
2023-08-13,,,0.3143,26.6,0.0,OSM-Сальск-93149078,не указана,2023,225,modis,0.3143,Сальск,165.5
2023-08-14,,,,25.5,0.0,OSM-Сальск-93149078,не указана,2023,226,none,,Сальск,165.5
2023-08-15,,,,25.4,0.0,OSM-Сальск-93149078,не указана,2023,227,none,,Сальск,165.5
2023-08-16,,,,27.0,0.0,OSM-Сальск-93149078,не указана,2023,228,none,,Сальск,165.5
2023-08-17,,,,26.4,0.0,OSM-Сальск-93149078,не указана,2023,229,none,,Сальск,165.5
2023-08-18,,0.29600000000000004,,26.1,0.0,OSM-Сальск-93149078,не указана,2023,230,landsat,0.29600000000000004,Сальск,165.5
2023-08-19,,,,28.5,0.0,OSM-Сальск-93149078,не указана,2023,231,none,,Сальск,165.5
2023-08-20,,,,28.1,0.0,OSM-Сальск-93149078,не указана,2023,232,none,,Сальск,165.5
2023-08-21,,,,28.0,0.0,OSM-Сальск-93149078,не указана,2023,233,none,,Сальск,165.5
2023-08-22,,,,27.0,0.0,OSM-Сальск-93149078,не указана,2023,234,none,,Сальск,165.5
2023-08-23,,0.2682,,24.5,0.0,OSM-Сальск-93149078,не указана,2023,235,landsat,0.2682,Сальск,165.5
2023-08-24,,,,22.9,0.0,OSM-Сальск-93149078,не указана,2023,236,none,,Сальск,165.5
2023-08-25,,,,22.4,0.0,OSM-Сальск-93149078,не указана,2023,237,none,,Сальск,165.5
2023-08-26,,0.2985,,20.4,0.0,OSM-Сальск-93149078,не указана,2023,238,landsat,0.2985,Сальск,165.5
2023-08-27,,,,21.5,0.0,OSM-Сальск-93149078,не указана,2023,239,none,,Сальск,165.5
2023-08-28,,0.2563,,25.6,0.0,OSM-Сальск-93149078,не указана,2023,240,landsat,0.2563,Сальск,165.5
2023-08-29,,,0.3113,21.0,0.0,OSM-Сальск-93149078,не указана,2023,241,modis,0.3113,Сальск,165.5
2023-08-30,,,,20.7,0.0,OSM-Сальск-93149078,не указана,2023,242,none,,Сальск,165.5
2023-08-31,,,,23.4,0.0,OSM-Сальск-93149078,не указана,2023,243,none,,Сальск,165.5
2023-09-01,,,,25.4,0.5,OSM-Сальск-93149078,не указана,2023,244,none,,Сальск,165.5
2023-09-02,,,,25.8,0.5,OSM-Сальск-93149078,не указана,2023,245,none,,Сальск,165.5
2023-09-03,,0.3114,,26.0,0.0,OSM-Сальск-93149078,не указана,2023,246,landsat,0.3114,Сальск,165.5
2023-09-04,,,,23.8,2.6,OSM-Сальск-93149078,не указана,2023,247,none,,Сальск,165.5
2023-09-05,,,,23.4,0.1,OSM-Сальск-93149078,не указана,2023,248,none,,Сальск,165.5
2023-09-06,,,,22.0,0.0,OSM-Сальск-93149078,не указана,2023,249,none,,Сальск,165.5
2023-09-07,,,,21.1,0.0,OSM-Сальск-93149078,не указана,2023,250,none,,Сальск,165.5
2023-09-08,,,,16.6,0.0,OSM-Сальск-93149078,не указана,2023,251,none,,Сальск,165.5
2023-09-09,,,,15.2,0.5,OSM-Сальск-93149078,не указана,2023,252,none,,Сальск,165.5
2023-09-10,,,,14.2,0.0,OSM-Сальск-93149078,не указана,2023,253,none,,Сальск,165.5
2023-09-11,,0.2936,,16.3,0.1,OSM-Сальск-93149078,не указана,2023,254,landsat,0.2936,Сальск,165.5
2023-09-12,,,,16.1,0.0,OSM-Сальск-93149078,не указана,2023,255,none,,Сальск,165.5
2023-09-13,,,,16.6,0.0,OSM-Сальск-93149078,не указана,2023,256,none,,Сальск,165.5
2023-09-14,,,0.2773,17.4,0.0,OSM-Сальск-93149078,не указана,2023,257,modis,0.2773,Сальск,165.5
2023-09-15,,,,19.0,1.4,OSM-Сальск-93149078,не указана,2023,258,none,,Сальск,165.5
2023-09-16,,,,15.0,8.0,OSM-Сальск-93149078,не указана,2023,259,none,,Сальск,165.5
2023-09-17,,,,15.8,0.0,OSM-Сальск-93149078,не указана,2023,260,none,,Сальск,165.5
2023-09-18,,,,17.3,0.0,OSM-Сальск-93149078,не указана,2023,261,none,,Сальск,165.5
2023-09-19,,0.2816,,18.2,0.0,OSM-Сальск-93149078,не указана,2023,262,landsat,0.2816,Сальск,165.5
2023-09-20,,,,19.3,0.0,OSM-Сальск-93149078,не указана,2023,263,none,,Сальск,165.5
2023-09-21,,,,19.8,0.1,OSM-Сальск-93149078,не указана,2023,264,none,,Сальск,165.5
2023-09-22,,,,20.6,0.0,OSM-Сальск-93149078,не указана,2023,265,none,,Сальск,165.5
2023-09-23,,,,21.0,0.0,OSM-Сальск-93149078,не указана,2023,266,none,,Сальск,165.5
2023-09-24,,0.2712,,21.5,0.0,OSM-Сальск-93149078,не указана,2023,267,landsat,0.2712,Сальск,165.5
2023-09-25,,,,20.7,0.0,OSM-Сальск-93149078,не указана,2023,268,none,,Сальск,165.5
2023-09-26,,,,20.3,0.0,OSM-Сальск-93149078,не указана,2023,269,none,,Сальск,165.5
2023-09-27,,0.2909,,20.0,0.0,OSM-Сальск-93149078,не указана,2023,270,landsat,0.2909,Сальск,165.5
2023-09-28,,,,20.9,0.0,OSM-Сальск-93149078,не указана,2023,271,none,,Сальск,165.5
2023-09-29,,,,19.8,0.0,OSM-Сальск-93149078,не указана,2023,272,none,,Сальск,165.5
2023-09-30,,,0.30210000000000004,18.7,0.0,OSM-Сальск-93149078,не указана,2023,273,modis,0.30210000000000004,Сальск,165.5
2023-10-01,,,,19.0,0.0,OSM-Сальск-93149078,не указана,2023,274,none,,Сальск,165.5
2023-10-02,,,,18.5,0.0,OSM-Сальск-93149078,не указана,2023,275,none,,Сальск,165.5
2023-10-03,,,,16.7,0.0,OSM-Сальск-93149078,не указана,2023,276,none,,Сальск,165.5
2023-10-04,,,,15.0,0.0,OSM-Сальск-93149078,не указана,2023,277,none,,Сальск,165.5
2023-10-05,,,,14.5,0.0,OSM-Сальск-93149078,не указана,2023,278,none,,Сальск,165.5
2023-10-06,,,,15.1,1.0,OSM-Сальск-93149078,не указана,2023,279,none,,Сальск,165.5
2023-10-07,,,,14.3,0.1,OSM-Сальск-93149078,не указана,2023,280,none,,Сальск,165.5
2023-10-08,,,,15.7,24.3,OSM-Сальск-93149078,не указана,2023,281,none,,Сальск,165.5
2023-10-09,,,,8.6,0.8,OSM-Сальск-93149078,не указана,2023,282,none,,Сальск,165.5
2023-10-10,,,,8.7,0.0,OSM-Сальск-93149078,не указана,2023,283,none,,Сальск,165.5
2023-10-11,,0.2394,,5.4,0.0,OSM-Сальск-93149078,не указана,2023,284,landsat,0.2394,Сальск,165.5
2023-10-12,,,,6.0,0.0,OSM-Сальск-93149078,не указана,2023,285,none,,Сальск,165.5
2023-10-13,,,,9.3,0.0,OSM-Сальск-93149078,не указана,2023,286,none,,Сальск,165.5
2023-10-14,,,,12.1,0.0,OSM-Сальск-93149078,не указана,2023,287,none,,Сальск,165.5
2023-10-15,,,,13.9,0.0,OSM-Сальск-93149078,не указана,2023,288,none,,Сальск,165.5
2023-10-16,,,0.2586,14.8,0.4,OSM-Сальск-93149078,не указана,2023,289,modis,0.2586,Сальск,165.5
2023-10-17,,,,8.8,0.0,OSM-Сальск-93149078,не указана,2023,290,none,,Сальск,165.5
2023-10-18,,,,7.4,0.0,OSM-Сальск-93149078,не указана,2023,291,none,,Сальск,165.5
2023-10-19,,,,8.1,0.0,OSM-Сальск-93149078,не указана,2023,292,none,,Сальск,165.5
2023-10-20,,,,11.2,0.0,OSM-Сальск-93149078,не указана,2023,293,none,,Сальск,165.5
2023-10-21,,0.1418,,16.8,0.0,OSM-Сальск-93149078,не указана,2023,294,landsat,0.1418,Сальск,165.5
2023-10-22,,,,10.7,0.0,OSM-Сальск-93149078,не указана,2023,295,none,,Сальск,165.5
2023-10-23,,,,15.7,0.0,OSM-Сальск-93149078,не указана,2023,296,none,,Сальск,165.5
2023-10-24,,,,13.9,0.0,OSM-Сальск-93149078,не указана,2023,297,none,,Сальск,165.5
2023-10-25,,,,11.9,1.6,OSM-Сальск-93149078,не указана,2023,298,none,,Сальск,165.5
2023-10-26,,,,15.5,1.5,OSM-Сальск-93149078,не указана,2023,299,none,,Сальск,165.5
2023-10-27,,,,16.5,11.1,OSM-Сальск-93149078,не указана,2023,300,none,,Сальск,165.5
2023-10-28,,,,18.2,2.3,OSM-Сальск-93149078,не указана,2023,301,none,,Сальск,165.5
2023-10-29,,0.2526,,13.8,0.0,OSM-Сальск-93149078,не указана,2023,302,landsat,0.2526,Сальск,165.5
2023-10-30,,,,11.5,0.0,OSM-Сальск-93149078,не указана,2023,303,none,,Сальск,165.5
2023-10-31,,,,12.5,0.0,OSM-Сальск-93149078,не указана,2023,304,none,,Сальск,165.5
2023-11-01,,,0.25830000000000003,12.3,0.0,OSM-Сальск-93149078,не указана,2023,305,modis,0.25830000000000003,Сальск,165.5
2023-11-02,,,,13.7,0.5,OSM-Сальск-93149078,не указана,2023,306,none,,Сальск,165.5
2023-11-03,,,,11.5,8.8,OSM-Сальск-93149078,не указана,2023,307,none,,Сальск,165.5
2023-11-04,,,,12.8,0.0,OSM-Сальск-93149078,не указана,2023,308,none,,Сальск,165.5
2023-11-05,,,,13.7,0.0,OSM-Сальск-93149078,не указана,2023,309,none,,Сальск,165.5
2023-11-06,,,,13.2,5.6,OSM-Сальск-93149078,не указана,2023,310,none,,Сальск,165.5
2023-11-07,,,,12.3,0.0,OSM-Сальск-93149078,не указана,2023,311,none,,Сальск,165.5
2023-11-08,,,,10.5,0.0,OSM-Сальск-93149078,не указана,2023,312,none,,Сальск,165.5
2023-11-09,,,,10.4,3.5,OSM-Сальск-93149078,не указана,2023,313,none,,Сальск,165.5
2023-11-10,,,,6.4,0.0,OSM-Сальск-93149078,не указана,2023,314,none,,Сальск,165.5
2023-11-11,,,,7.7,0.0,OSM-Сальск-93149078,не указана,2023,315,none,,Сальск,165.5
2023-11-12,,,,12.1,2.9,OSM-Сальск-93149078,не указана,2023,316,none,,Сальск,165.5
2023-11-13,,,,11.1,3.5,OSM-Сальск-93149078,не указана,2023,317,none,,Сальск,165.5
2023-11-14,,,,6.1,22.7,OSM-Сальск-93149078,не указана,2023,318,none,,Сальск,165.5
2023-11-15,,,,9.5,47.5,OSM-Сальск-93149078,не указана,2023,319,none,,Сальск,165.5
2023-11-16,,,,7.8,0.9,OSM-Сальск-93149078,не указана,2023,320,none,,Сальск,165.5
2023-11-17,,,0.2748,6.1,0.7,OSM-Сальск-93149078,не указана,2023,321,modis,0.2748,Сальск,165.5
2023-11-18,,,,4.5,0.0,OSM-Сальск-93149078,не указана,2023,322,none,,Сальск,165.5
2023-11-19,,,,5.7,11.1,OSM-Сальск-93149078,не указана,2023,323,none,,Сальск,165.5
2023-11-20,,,,6.9,3.2,OSM-Сальск-93149078,не указана,2023,324,none,,Сальск,165.5
2023-11-21,,,,0.6,0.2,OSM-Сальск-93149078,не указана,2023,325,none,,Сальск,165.5
2023-11-22,,,,-2.2,8.3,OSM-Сальск-93149078,не указана,2023,326,none,,Сальск,165.5
2023-11-23,,,,-3.9,6.8,OSM-Сальск-93149078,не указана,2023,327,none,,Сальск,165.5
2023-11-24,,,,7.1,4.7,OSM-Сальск-93149078,не указана,2023,328,none,,Сальск,165.5
2023-11-25,,,,9.2,4.0,OSM-Сальск-93149078,не указана,2023,329,none,,Сальск,165.5
2023-11-26,,,,10.3,6.6,OSM-Сальск-93149078,не указана,2023,330,none,,Сальск,165.5
2023-11-27,,,,5.3,0.0,OSM-Сальск-93149078,не указана,2023,331,none,,Сальск,165.5
2023-11-28,,,,1.9,0.0,OSM-Сальск-93149078,не указана,2023,332,none,,Сальск,165.5
2023-11-29,,,,4.5,2.0,OSM-Сальск-93149078,не указана,2023,333,none,,Сальск,165.5
2023-11-30,,,,5.6,13.9,OSM-Сальск-93149078,не указана,2023,334,none,,Сальск,165.5
2023-12-01,,,,7.3,1.2,OSM-Сальск-93149078,не указана,2023,335,none,,Сальск,165.5
2023-12-02,,,,14.3,0.0,OSM-Сальск-93149078,не указана,2023,336,none,,Сальск,165.5
2023-12-03,,,-0.0699,13.2,0.0,OSM-Сальск-93149078,не указана,2023,337,modis,-0.0699,Сальск,165.5
2023-12-04,,,,6.1,6.6,OSM-Сальск-93149078,не указана,2023,338,none,,Сальск,165.5
2023-12-05,,,,-2.4,0.5,OSM-Сальск-93149078,не указана,2023,339,none,,Сальск,165.5
2023-12-06,,,,-1.9,0.0,OSM-Сальск-93149078,не указана,2023,340,none,,Сальск,165.5
2023-12-07,,,,-0.8,0.0,OSM-Сальск-93149078,не указана,2023,341,none,,Сальск,165.5
2023-12-08,,,,-0.2,0.0,OSM-Сальск-93149078,не указана,2023,342,none,,Сальск,165.5
2023-12-09,,,,1.4,0.0,OSM-Сальск-93149078,не указана,2023,343,none,,Сальск,165.5
2023-12-10,,,,-1.8,7.0,OSM-Сальск-93149078,не указана,2023,344,none,,Сальск,165.5
2023-12-11,,,,-1.3,0.7,OSM-Сальск-93149078,не указана,2023,345,none,,Сальск,165.5
2023-12-12,,,,-1.7,2.8,OSM-Сальск-93149078,не указана,2023,346,none,,Сальск,165.5
2023-12-13,,,,-3.8,1.3,OSM-Сальск-93149078,не указана,2023,347,none,,Сальск,165.5
2023-12-14,,,,-2.6,0.0,OSM-Сальск-93149078,не указана,2023,348,none,,Сальск,165.5
2023-12-15,,,,0.3,3.7,OSM-Сальск-93149078,не указана,2023,349,none,,Сальск,165.5
2023-12-16,,,,-3.2,0.4,OSM-Сальск-93149078,не указана,2023,350,none,,Сальск,165.5
2023-12-17,,,,-1.9,0.7,OSM-Сальск-93149078,не указана,2023,351,none,,Сальск,165.5
2023-12-18,,,,2.7,1.3,OSM-Сальск-93149078,не указана,2023,352,none,,Сальск,165.5
2023-12-19,,,0.2283,4.5,0.0,OSM-Сальск-93149078,не указана,2023,353,modis,0.2283,Сальск,165.5
2023-12-20,,,,4.9,0.0,OSM-Сальск-93149078,не указана,2023,354,none,,Сальск,165.5
2023-12-21,,,,2.2,0.0,OSM-Сальск-93149078,не указана,2023,355,none,,Сальск,165.5
2023-12-22,,,,5.4,3.5,OSM-Сальск-93149078,не указана,2023,356,none,,Сальск,165.5
2023-12-23,,,,3.7,9.4,OSM-Сальск-93149078,не указана,2023,357,none,,Сальск,165.5
2023-12-24,,,,0.4,2.0,OSM-Сальск-93149078,не указана,2023,358,none,,Сальск,165.5
2023-12-25,,,,2.5,7.5,OSM-Сальск-93149078,не указана,2023,359,none,,Сальск,165.5
2023-12-26,,,,7.4,1.2,OSM-Сальск-93149078,не указана,2023,360,none,,Сальск,165.5
2023-12-27,,,,8.7,6.9,OSM-Сальск-93149078,не указана,2023,361,none,,Сальск,165.5
2023-12-28,,,,2.1,0.0,OSM-Сальск-93149078,не указана,2023,362,none,,Сальск,165.5
2023-12-29,,,,5.5,0.0,OSM-Сальск-93149078,не указана,2023,363,none,,Сальск,165.5
2023-12-30,,,,6.1,0.0,OSM-Сальск-93149078,не указана,2023,364,none,,Сальск,165.5
2023-12-31,,,,6.5,0.1,OSM-Сальск-93149078,не указана,2023,365,none,,Сальск,165.5
2024-01-01,,,0.0027,1.3,0.0,OSM-Сальск-93149078,не указана,2024,1,modis,0.0027,Сальск,165.5
2024-01-02,,,,7.3,7.2,OSM-Сальск-93149078,не указана,2024,2,none,,Сальск,165.5
2024-01-03,,,,3.2,4.3,OSM-Сальск-93149078,не указана,2024,3,none,,Сальск,165.5
2024-01-04,,,,6.2,8.9,OSM-Сальск-93149078,не указана,2024,4,none,,Сальск,165.5
2024-01-05,,,,7.5,8.9,OSM-Сальск-93149078,не указана,2024,5,none,,Сальск,165.5
2024-01-06,,,,2.6,0.0,OSM-Сальск-93149078,не указана,2024,6,none,,Сальск,165.5
2024-01-07,,,,4.0,0.0,OSM-Сальск-93149078,не указана,2024,7,none,,Сальск,165.5
2024-01-08,,,,-1.5,15.5,OSM-Сальск-93149078,не указана,2024,8,none,,Сальск,165.5
2024-01-09,,,,-8.5,7.4,OSM-Сальск-93149078,не указана,2024,9,none,,Сальск,165.5
2024-01-10,,,,-7.9,0.0,OSM-Сальск-93149078,не указана,2024,10,none,,Сальск,165.5
2024-01-11,,,,-0.8,3.5,OSM-Сальск-93149078,не указана,2024,11,none,,Сальск,165.5
2024-01-12,,,,-6.4,6.6,OSM-Сальск-93149078,не указана,2024,12,none,,Сальск,165.5
2024-01-13,,,,-14.6,0.0,OSM-Сальск-93149078,не указана,2024,13,none,,Сальск,165.5
2024-01-14,,,,-8.6,0.5,OSM-Сальск-93149078,не указана,2024,14,none,,Сальск,165.5
2024-01-15,,,,-1.1,5.0,OSM-Сальск-93149078,не указана,2024,15,none,,Сальск,165.5
2024-01-16,,,,1.1,6.6,OSM-Сальск-93149078,не указана,2024,16,none,,Сальск,165.5
2024-01-17,,,-0.013800000000000002,-1.8,0.0,OSM-Сальск-93149078,не указана,2024,17,modis,-0.013800000000000002,Сальск,165.5
2024-01-18,,,,0.2,0.0,OSM-Сальск-93149078,не указана,2024,18,none,,Сальск,165.5
2024-01-19,,,,2.1,1.1,OSM-Сальск-93149078,не указана,2024,19,none,,Сальск,165.5
2024-01-20,,,,5.0,7.5,OSM-Сальск-93149078,не указана,2024,20,none,,Сальск,165.5
2024-01-21,,,,-2.4,1.7,OSM-Сальск-93149078,не указана,2024,21,none,,Сальск,165.5
2024-01-22,,,,-5.8,0.0,OSM-Сальск-93149078,не указана,2024,22,none,,Сальск,165.5
2024-01-23,,,,-7.9,0.0,OSM-Сальск-93149078,не указана,2024,23,none,,Сальск,165.5
2024-01-24,,,,-8.2,0.0,OSM-Сальск-93149078,не указана,2024,24,none,,Сальск,165.5
2024-01-25,,0.0058,,-1.2,0.1,OSM-Сальск-93149078,не указана,2024,25,landsat,0.0058,Сальск,165.5
2024-01-26,,,,1.4,2.1,OSM-Сальск-93149078,не указана,2024,26,none,,Сальск,165.5
2024-01-27,,,,-1.0,0.1,OSM-Сальск-93149078,не указана,2024,27,none,,Сальск,165.5
2024-01-28,,,,-1.0,1.1,OSM-Сальск-93149078,не указана,2024,28,none,,Сальск,165.5
2024-01-29,,,,-4.9,0.4,OSM-Сальск-93149078,не указана,2024,29,none,,Сальск,165.5
2024-01-30,,,,-6.1,0.0,OSM-Сальск-93149078,не указана,2024,30,none,,Сальск,165.5
2024-01-31,,,,-1.1,0.0,OSM-Сальск-93149078,не указана,2024,31,none,,Сальск,165.5
2024-02-01,,,,0.7,0.0,OSM-Сальск-93149078,не указана,2024,32,none,,Сальск,165.5
2024-02-02,,,0.2775,2.1,0.0,OSM-Сальск-93149078,не указана,2024,33,modis,0.2775,Сальск,165.5
2024-02-03,,,,1.0,1.2,OSM-Сальск-93149078,не указана,2024,34,none,,Сальск,165.5
2024-02-04,,,,4.1,5.3,OSM-Сальск-93149078,не указана,2024,35,none,,Сальск,165.5
2024-02-05,,,,3.6,5.0,OSM-Сальск-93149078,не указана,2024,36,none,,Сальск,165.5
2024-02-06,,,,2.0,2.2,OSM-Сальск-93149078,не указана,2024,37,none,,Сальск,165.5
2024-02-07,,,,8.4,1.6,OSM-Сальск-93149078,не указана,2024,38,none,,Сальск,165.5
2024-02-08,,,,9.8,0.9,OSM-Сальск-93149078,не указана,2024,39,none,,Сальск,165.5
2024-02-09,,,,6.1,6.4,OSM-Сальск-93149078,не указана,2024,40,none,,Сальск,165.5
2024-02-10,,,,10.0,2.4,OSM-Сальск-93149078,не указана,2024,41,none,,Сальск,165.5
2024-02-11,,,,10.5,2.2,OSM-Сальск-93149078,не указана,2024,42,none,,Сальск,165.5
2024-02-12,,,,10.7,0.0,OSM-Сальск-93149078,не указана,2024,43,none,,Сальск,165.5
2024-02-13,,,,7.1,0.0,OSM-Сальск-93149078,не указана,2024,44,none,,Сальск,165.5
2024-02-14,,,,6.7,0.0,OSM-Сальск-93149078,не указана,2024,45,none,,Сальск,165.5
2024-02-15,,,,0.4,0.0,OSM-Сальск-93149078,не указана,2024,46,none,,Сальск,165.5
2024-02-16,,,,-3.2,0.1,OSM-Сальск-93149078,не указана,2024,47,none,,Сальск,165.5
2024-02-17,,,,-2.9,4.4,OSM-Сальск-93149078,не указана,2024,48,none,,Сальск,165.5
2024-02-18,,,0.25630000000000003,-1.0,0.0,OSM-Сальск-93149078,не указана,2024,49,modis,0.25630000000000003,Сальск,165.5
2024-02-19,,,,-0.7,0.4,OSM-Сальск-93149078,не указана,2024,50,none,,Сальск,165.5
2024-02-20,,,,-1.7,0.0,OSM-Сальск-93149078,не указана,2024,51,none,,Сальск,165.5
2024-02-21,,,,-1.8,0.0,OSM-Сальск-93149078,не указана,2024,52,none,,Сальск,165.5
2024-02-22,,,,-0.6,0.0,OSM-Сальск-93149078,не указана,2024,53,none,,Сальск,165.5
2024-02-23,,,,0.6,0.0,OSM-Сальск-93149078,не указана,2024,54,none,,Сальск,165.5
2024-02-24,,,,-0.2,0.0,OSM-Сальск-93149078,не указана,2024,55,none,,Сальск,165.5
2024-02-25,,,,-0.6,0.0,OSM-Сальск-93149078,не указана,2024,56,none,,Сальск,165.5
2024-02-26,,0.2095,,0.5,0.0,OSM-Сальск-93149078,не указана,2024,57,landsat,0.2095,Сальск,165.5
2024-02-27,,,,1.4,0.0,OSM-Сальск-93149078,не указана,2024,58,none,,Сальск,165.5
2024-02-28,,,,1.1,0.0,OSM-Сальск-93149078,не указана,2024,59,none,,Сальск,165.5
2024-02-29,,,,1.5,0.0,OSM-Сальск-93149078,не указана,2024,60,none,,Сальск,165.5
2024-03-01,,,,1.6,0.0,OSM-Сальск-93149078,не указана,2024,61,none,,Сальск,165.5
2024-03-02,,,,4.1,0.0,OSM-Сальск-93149078,не указана,2024,62,none,,Сальск,165.5
2024-03-03,,,,3.2,0.0,OSM-Сальск-93149078,не указана,2024,63,none,,Сальск,165.5
2024-03-04,,,,2.9,0.0,OSM-Сальск-93149078,не указана,2024,64,none,,Сальск,165.5
2024-03-05,,0.1862,0.2459,1.5,0.0,OSM-Сальск-93149078,не указана,2024,65,landsat,0.1862,Сальск,165.5
2024-03-06,,,,3.5,0.0,OSM-Сальск-93149078,не указана,2024,66,none,,Сальск,165.5
2024-03-07,,,,0.9,0.0,OSM-Сальск-93149078,не указана,2024,67,none,,Сальск,165.5
2024-03-08,,,,-1.4,0.0,OSM-Сальск-93149078,не указана,2024,68,none,,Сальск,165.5
2024-03-09,,,,0.1,0.0,OSM-Сальск-93149078,не указана,2024,69,none,,Сальск,165.5
2024-03-10,,,,2.9,1.5,OSM-Сальск-93149078,не указана,2024,70,none,,Сальск,165.5
2024-03-11,,,,-0.4,6.3,OSM-Сальск-93149078,не указана,2024,71,none,,Сальск,165.5
2024-03-12,,,,-0.9,0.0,OSM-Сальск-93149078,не указана,2024,72,none,,Сальск,165.5
2024-03-13,,,,1.6,0.0,OSM-Сальск-93149078,не указана,2024,73,none,,Сальск,165.5
2024-03-14,,,,3.5,0.5,OSM-Сальск-93149078,не указана,2024,74,none,,Сальск,165.5
2024-03-15,,,,4.2,0.2,OSM-Сальск-93149078,не указана,2024,75,none,,Сальск,165.5
2024-03-16,,,,4.9,0.0,OSM-Сальск-93149078,не указана,2024,76,none,,Сальск,165.5
2024-03-17,,,,4.8,0.0,OSM-Сальск-93149078,не указана,2024,77,none,,Сальск,165.5
2024-03-18,,,,7.3,0.0,OSM-Сальск-93149078,не указана,2024,78,none,,Сальск,165.5
2024-03-19,,,,7.7,0.0,OSM-Сальск-93149078,не указана,2024,79,none,,Сальск,165.5
2024-03-20,,,,4.9,0.0,OSM-Сальск-93149078,не указана,2024,80,none,,Сальск,165.5
2024-03-21,,,0.23850000000000002,3.8,0.0,OSM-Сальск-93149078,не указана,2024,81,modis,0.23850000000000002,Сальск,165.5
2024-03-22,,,,3.9,0.0,OSM-Сальск-93149078,не указана,2024,82,none,,Сальск,165.5
2024-03-23,,,,4.1,0.9,OSM-Сальск-93149078,не указана,2024,83,none,,Сальск,165.5
2024-03-24,,,,6.9,0.0,OSM-Сальск-93149078,не указана,2024,84,none,,Сальск,165.5
2024-03-25,,,,7.9,0.2,OSM-Сальск-93149078,не указана,2024,85,none,,Сальск,165.5
2024-03-26,,,,6.0,1.1,OSM-Сальск-93149078,не указана,2024,86,none,,Сальск,165.5
2024-03-27,,,,8.7,0.4,OSM-Сальск-93149078,не указана,2024,87,none,,Сальск,165.5
2024-03-28,,,,10.1,0.1,OSM-Сальск-93149078,не указана,2024,88,none,,Сальск,165.5
2024-03-29,,,,11.3,3.4,OSM-Сальск-93149078,не указана,2024,89,none,,Сальск,165.5
2024-03-30,,,,11.7,2.3,OSM-Сальск-93149078,не указана,2024,90,none,,Сальск,165.5
2024-03-31,,,,12.2,0.0,OSM-Сальск-93149078,не указана,2024,91,none,,Сальск,165.5
2024-04-01,,,,14.5,0.0,OSM-Сальск-93149078,не указана,2024,92,none,,Сальск,165.5
2024-04-02,,,,16.1,0.0,OSM-Сальск-93149078,не указана,2024,93,none,,Сальск,165.5
2024-04-03,,,,15.7,12.5,OSM-Сальск-93149078,не указана,2024,94,none,,Сальск,165.5
2024-04-04,,,,12.8,2.0,OSM-Сальск-93149078,не указана,2024,95,none,,Сальск,165.5
2024-04-05,,,,12.0,0.1,OSM-Сальск-93149078,не указана,2024,96,none,,Сальск,165.5
2024-04-06,,0.2179,0.32830000000000004,10.1,0.0,OSM-Сальск-93149078,не указана,2024,97,landsat,0.2179,Сальск,165.5
2024-04-07,,,,11.5,0.0,OSM-Сальск-93149078,не указана,2024,98,none,,Сальск,165.5
2024-04-08,,,,13.7,0.0,OSM-Сальск-93149078,не указана,2024,99,none,,Сальск,165.5
2024-04-09,,,,13.8,0.0,OSM-Сальск-93149078,не указана,2024,100,none,,Сальск,165.5
2024-04-10,,,,15.4,0.0,OSM-Сальск-93149078,не указана,2024,101,none,,Сальск,165.5
2024-04-11,,,,16.6,0.0,OSM-Сальск-93149078,не указана,2024,102,none,,Сальск,165.5
2024-04-12,,,,18.4,0.2,OSM-Сальск-93149078,не указана,2024,103,none,,Сальск,165.5
2024-04-13,,,,16.6,3.1,OSM-Сальск-93149078,не указана,2024,104,none,,Сальск,165.5
2024-04-14,,0.2376,,15.9,0.0,OSM-Сальск-93149078,не указана,2024,105,landsat,0.2376,Сальск,165.5
2024-04-15,,,,15.9,1.3,OSM-Сальск-93149078,не указана,2024,106,none,,Сальск,165.5
2024-04-16,,,,18.5,0.0,OSM-Сальск-93149078,не указана,2024,107,none,,Сальск,165.5
2024-04-17,,,,20.6,0.0,OSM-Сальск-93149078,не указана,2024,108,none,,Сальск,165.5
2024-04-18,,,,20.9,0.0,OSM-Сальск-93149078,не указана,2024,109,none,,Сальск,165.5
2024-04-19,,,,15.1,5.7,OSM-Сальск-93149078,не указана,2024,110,none,,Сальск,165.5
2024-04-20,,,,17.5,0.0,OSM-Сальск-93149078,не указана,2024,111,none,,Сальск,165.5
2024-04-21,,,,17.1,2.1,OSM-Сальск-93149078,не указана,2024,112,none,,Сальск,165.5
2024-04-22,,0.2345,0.3126,14.0,0.0,OSM-Сальск-93149078,не указана,2024,113,landsat,0.2345,Сальск,165.5
2024-04-23,,,,14.8,0.0,OSM-Сальск-93149078,не указана,2024,114,none,,Сальск,165.5
2024-04-24,,,,17.0,0.0,OSM-Сальск-93149078,не указана,2024,115,none,,Сальск,165.5
2024-04-25,,,,21.6,0.0,OSM-Сальск-93149078,не указана,2024,116,none,,Сальск,165.5
2024-04-26,,,,21.1,0.0,OSM-Сальск-93149078,не указана,2024,117,none,,Сальск,165.5
2024-04-27,,,,18.2,0.3,OSM-Сальск-93149078,не указана,2024,118,none,,Сальск,165.5
2024-04-28,,,,20.1,0.0,OSM-Сальск-93149078,не указана,2024,119,none,,Сальск,165.5
2024-04-29,,,,20.2,0.1,OSM-Сальск-93149078,не указана,2024,120,none,,Сальск,165.5
2024-04-30,,,,12.7,8.2,OSM-Сальск-93149078,не указана,2024,121,none,,Сальск,165.5
2024-05-01,,,,13.2,0.4,OSM-Сальск-93149078,не указана,2024,122,none,,Сальск,165.5
2024-05-02,,,,16.0,0.0,OSM-Сальск-93149078,не указана,2024,123,none,,Сальск,165.5
2024-05-03,,,,16.6,0.0,OSM-Сальск-93149078,не указана,2024,124,none,,Сальск,165.5
2024-05-04,,,,10.0,0.0,OSM-Сальск-93149078,не указана,2024,125,none,,Сальск,165.5
2024-05-05,,,,10.1,0.0,OSM-Сальск-93149078,не указана,2024,126,none,,Сальск,165.5
2024-05-06,,,,12.1,0.0,OSM-Сальск-93149078,не указана,2024,127,none,,Сальск,165.5
2024-05-07,,,,15.6,0.0,OSM-Сальск-93149078,не указана,2024,128,none,,Сальск,165.5
2024-05-08,,,0.3932,13.6,0.9,OSM-Сальск-93149078,не указана,2024,129,modis,0.3932,Сальск,165.5
2024-05-09,,,,12.3,0.0,OSM-Сальск-93149078,не указана,2024,130,none,,Сальск,165.5
2024-05-10,,,,12.5,0.0,OSM-Сальск-93149078,не указана,2024,131,none,,Сальск,165.5
2024-05-11,,,,15.8,1.8,OSM-Сальск-93149078,не указана,2024,132,none,,Сальск,165.5
2024-05-12,,,,14.4,0.7,OSM-Сальск-93149078,не указана,2024,133,none,,Сальск,165.5
2024-05-13,,,,12.0,0.0,OSM-Сальск-93149078,не указана,2024,134,none,,Сальск,165.5
2024-05-14,,,,12.5,0.0,OSM-Сальск-93149078,не указана,2024,135,none,,Сальск,165.5
2024-05-15,,,,12.6,0.2,OSM-Сальск-93149078,не указана,2024,136,none,,Сальск,165.5
2024-05-16,,,,12.3,9.2,OSM-Сальск-93149078,не указана,2024,137,none,,Сальск,165.5
2024-05-17,,,,12.6,0.3,OSM-Сальск-93149078,не указана,2024,138,none,,Сальск,165.5
2024-05-18,,,,13.4,0.0,OSM-Сальск-93149078,не указана,2024,139,none,,Сальск,165.5
2024-05-19,,,,15.0,0.1,OSM-Сальск-93149078,не указана,2024,140,none,,Сальск,165.5
2024-05-20,,,,16.9,0.0,OSM-Сальск-93149078,не указана,2024,141,none,,Сальск,165.5
2024-05-21,,,,18.2,0.0,OSM-Сальск-93149078,не указана,2024,142,none,,Сальск,165.5
2024-05-22,,,,19.1,0.0,OSM-Сальск-93149078,не указана,2024,143,none,,Сальск,165.5
2024-05-23,,,,19.6,0.0,OSM-Сальск-93149078,не указана,2024,144,none,,Сальск,165.5
2024-05-24,,0.3098,0.5054000000000001,20.0,0.0,OSM-Сальск-93149078,не указана,2024,145,landsat,0.3098,Сальск,165.5
2024-05-25,,,,17.3,0.0,OSM-Сальск-93149078,не указана,2024,146,none,,Сальск,165.5
2024-05-26,,,,17.2,0.0,OSM-Сальск-93149078,не указана,2024,147,none,,Сальск,165.5
2024-05-27,,,,19.0,0.0,OSM-Сальск-93149078,не указана,2024,148,none,,Сальск,165.5
2024-05-28,,,,21.2,0.0,OSM-Сальск-93149078,не указана,2024,149,none,,Сальск,165.5
2024-05-29,,,,21.1,0.0,OSM-Сальск-93149078,не указана,2024,150,none,,Сальск,165.5
2024-05-30,,,,23.4,0.0,OSM-Сальск-93149078,не указана,2024,151,none,,Сальск,165.5
2024-05-31,,,,22.8,1.1,OSM-Сальск-93149078,не указана,2024,152,none,,Сальск,165.5
2024-06-01,,,,23.5,0.8,OSM-Сальск-93149078,не указана,2024,153,none,,Сальск,165.5
2024-06-02,,,,24.4,0.0,OSM-Сальск-93149078,не указана,2024,154,none,,Сальск,165.5
2024-06-03,,,,24.1,0.0,OSM-Сальск-93149078,не указана,2024,155,none,,Сальск,165.5
2024-06-04,,,,25.5,0.0,OSM-Сальск-93149078,не указана,2024,156,none,,Сальск,165.5
2024-06-05,,,,27.3,0.0,OSM-Сальск-93149078,не указана,2024,157,none,,Сальск,165.5
2024-06-06,,,,26.9,0.0,OSM-Сальск-93149078,не указана,2024,158,none,,Сальск,165.5
2024-06-07,,,,24.9,1.2,OSM-Сальск-93149078,не указана,2024,159,none,,Сальск,165.5
2024-06-08,,,,24.6,0.0,OSM-Сальск-93149078,не указана,2024,160,none,,Сальск,165.5
2024-06-09,,,0.7190000000000001,25.0,0.0,OSM-Сальск-93149078,не указана,2024,161,modis,0.7190000000000001,Сальск,165.5
2024-06-10,,,,24.4,0.6,OSM-Сальск-93149078,не указана,2024,162,none,,Сальск,165.5
2024-06-11,,,,24.9,0.3,OSM-Сальск-93149078,не указана,2024,163,none,,Сальск,165.5
2024-06-12,,,,26.6,0.3,OSM-Сальск-93149078,не указана,2024,164,none,,Сальск,165.5
2024-06-13,,,,25.2,0.9,OSM-Сальск-93149078,не указана,2024,165,none,,Сальск,165.5
2024-06-14,,,,25.9,0.0,OSM-Сальск-93149078,не указана,2024,166,none,,Сальск,165.5
2024-06-15,,,,27.7,0.3,OSM-Сальск-93149078,не указана,2024,167,none,,Сальск,165.5
2024-06-16,,,,24.5,0.1,OSM-Сальск-93149078,не указана,2024,168,none,,Сальск,165.5
2024-06-17,,0.7211,,24.9,0.3,OSM-Сальск-93149078,не указана,2024,169,landsat,0.7211,Сальск,165.5
2024-06-18,,,,25.6,0.1,OSM-Сальск-93149078,не указана,2024,170,none,,Сальск,165.5
2024-06-19,,,,26.9,0.0,OSM-Сальск-93149078,не указана,2024,171,none,,Сальск,165.5
2024-06-20,,,,28.1,0.1,OSM-Сальск-93149078,не указана,2024,172,none,,Сальск,165.5
2024-06-21,,,,22.2,0.0,OSM-Сальск-93149078,не указана,2024,173,none,,Сальск,165.5
2024-06-22,,,,23.6,0.0,OSM-Сальск-93149078,не указана,2024,174,none,,Сальск,165.5
2024-06-23,,,,24.6,0.0,OSM-Сальск-93149078,не указана,2024,175,none,,Сальск,165.5
2024-06-24,,,,26.9,0.0,OSM-Сальск-93149078,не указана,2024,176,none,,Сальск,165.5
2024-06-25,,0.773,0.7162000000000001,23.6,2.4,OSM-Сальск-93149078,не указана,2024,177,landsat,0.773,Сальск,165.5
2024-06-26,,,,21.5,2.0,OSM-Сальск-93149078,не указана,2024,178,none,,Сальск,165.5
2024-06-27,,,,20.2,9.5,OSM-Сальск-93149078,не указана,2024,179,none,,Сальск,165.5
2024-06-28,,,,21.8,0.0,OSM-Сальск-93149078,не указана,2024,180,none,,Сальск,165.5
2024-06-29,,,,23.0,0.0,OSM-Сальск-93149078,не указана,2024,181,none,,Сальск,165.5
2024-06-30,,,,25.6,0.0,OSM-Сальск-93149078,не указана,2024,182,none,,Сальск,165.5
2024-07-01,,,,25.4,0.0,OSM-Сальск-93149078,не указана,2024,183,none,,Сальск,165.5
2024-07-02,,,,25.4,0.0,OSM-Сальск-93149078,не указана,2024,184,none,,Сальск,165.5
2024-07-03,,0.7366,,26.7,0.0,OSM-Сальск-93149078,не указана,2024,185,landsat,0.7366,Сальск,165.5
2024-07-04,,,,28.7,0.4,OSM-Сальск-93149078,не указана,2024,186,none,,Сальск,165.5
2024-07-05,,,,30.6,0.0,OSM-Сальск-93149078,не указана,2024,187,none,,Сальск,165.5
2024-07-06,,,,31.1,0.5,OSM-Сальск-93149078,не указана,2024,188,none,,Сальск,165.5
2024-07-07,,,,31.0,0.0,OSM-Сальск-93149078,не указана,2024,189,none,,Сальск,165.5
2024-07-08,,,,32.4,0.8,OSM-Сальск-93149078,не указана,2024,190,none,,Сальск,165.5
2024-07-09,,,,31.7,0.0,OSM-Сальск-93149078,не указана,2024,191,none,,Сальск,165.5
2024-07-10,,,,29.8,0.0,OSM-Сальск-93149078,не указана,2024,192,none,,Сальск,165.5
2024-07-11,,,0.5912000000000001,29.5,0.0,OSM-Сальск-93149078,не указана,2024,193,modis,0.5912000000000001,Сальск,165.5
2024-07-12,,,,29.1,0.0,OSM-Сальск-93149078,не указана,2024,194,none,,Сальск,165.5
2024-07-13,,,,26.5,0.0,OSM-Сальск-93149078,не указана,2024,195,none,,Сальск,165.5
2024-07-14,,,,27.1,0.0,OSM-Сальск-93149078,не указана,2024,196,none,,Сальск,165.5
2024-07-15,,,,29.5,0.0,OSM-Сальск-93149078,не указана,2024,197,none,,Сальск,165.5
2024-07-16,,,,31.5,0.0,OSM-Сальск-93149078,не указана,2024,198,none,,Сальск,165.5
2024-07-17,,,,31.3,0.0,OSM-Сальск-93149078,не указана,2024,199,none,,Сальск,165.5
2024-07-18,,,,30.6,0.0,OSM-Сальск-93149078,не указана,2024,200,none,,Сальск,165.5
2024-07-19,,0.6023,,32.4,0.0,OSM-Сальск-93149078,не указана,2024,201,landsat,0.6023,Сальск,165.5
2024-07-20,,,,30.2,0.5,OSM-Сальск-93149078,не указана,2024,202,none,,Сальск,165.5
2024-07-21,,,,28.9,0.0,OSM-Сальск-93149078,не указана,2024,203,none,,Сальск,165.5
2024-07-22,,,,29.7,0.0,OSM-Сальск-93149078,не указана,2024,204,none,,Сальск,165.5
2024-07-23,,,,24.3,6.1,OSM-Сальск-93149078,не указана,2024,205,none,,Сальск,165.5
2024-07-24,,,,23.1,2.1,OSM-Сальск-93149078,не указана,2024,206,none,,Сальск,165.5
2024-07-25,,,,23.1,0.0,OSM-Сальск-93149078,не указана,2024,207,none,,Сальск,165.5
2024-07-26,,,,25.1,0.0,OSM-Сальск-93149078,не указана,2024,208,none,,Сальск,165.5
2024-07-27,,0.6641,0.5838,25.3,0.0,OSM-Сальск-93149078,не указана,2024,209,landsat,0.6641,Сальск,165.5
2024-07-28,,,,25.8,0.0,OSM-Сальск-93149078,не указана,2024,210,none,,Сальск,165.5
2024-07-29,,,,27.9,0.0,OSM-Сальск-93149078,не указана,2024,211,none,,Сальск,165.5
2024-07-30,,,,26.5,0.1,OSM-Сальск-93149078,не указана,2024,212,none,,Сальск,165.5
2024-07-31,,,,24.3,0.0,OSM-Сальск-93149078,не указана,2024,213,none,,Сальск,165.5
2024-08-01,,,,25.3,0.0,OSM-Сальск-93149078,не указана,2024,214,none,,Сальск,165.5
2024-08-02,,,,26.2,0.0,OSM-Сальск-93149078,не указана,2024,215,none,,Сальск,165.5
2024-08-03,,,,27.1,0.0,OSM-Сальск-93149078,не указана,2024,216,none,,Сальск,165.5
2024-08-04,,,,29.3,0.0,OSM-Сальск-93149078,не указана,2024,217,none,,Сальск,165.5
2024-08-05,,,,25.1,12.1,OSM-Сальск-93149078,не указана,2024,218,none,,Сальск,165.5
2024-08-06,,,,22.8,1.8,OSM-Сальск-93149078,не указана,2024,219,none,,Сальск,165.5
2024-08-07,,,,22.8,0.5,OSM-Сальск-93149078,не указана,2024,220,none,,Сальск,165.5
2024-08-08,,,,25.1,0.0,OSM-Сальск-93149078,не указана,2024,221,none,,Сальск,165.5
2024-08-09,,,,24.9,0.0,OSM-Сальск-93149078,не указана,2024,222,none,,Сальск,165.5
2024-08-10,,,,25.6,0.0,OSM-Сальск-93149078,не указана,2024,223,none,,Сальск,165.5
2024-08-11,,,,27.1,0.0,OSM-Сальск-93149078,не указана,2024,224,none,,Сальск,165.5
2024-08-12,,0.5645,0.5089,24.6,0.0,OSM-Сальск-93149078,не указана,2024,225,landsat,0.5645,Сальск,165.5
2024-08-13,,,,22.7,0.0,OSM-Сальск-93149078,не указана,2024,226,none,,Сальск,165.5
2024-08-14,,,,21.9,0.0,OSM-Сальск-93149078,не указана,2024,227,none,,Сальск,165.5
2024-08-15,,,,23.0,0.0,OSM-Сальск-93149078,не указана,2024,228,none,,Сальск,165.5
2024-08-16,,,,22.6,0.0,OSM-Сальск-93149078,не указана,2024,229,none,,Сальск,165.5
2024-08-17,,,,22.5,0.0,OSM-Сальск-93149078,не указана,2024,230,none,,Сальск,165.5
2024-08-18,,,,23.9,0.0,OSM-Сальск-93149078,не указана,2024,231,none,,Сальск,165.5
2024-08-19,,,,25.5,0.0,OSM-Сальск-93149078,не указана,2024,232,none,,Сальск,165.5
2024-08-20,,0.4726,,27.3,0.0,OSM-Сальск-93149078,не указана,2024,233,landsat,0.4726,Сальск,165.5
2024-08-21,,,,28.2,0.0,OSM-Сальск-93149078,не указана,2024,234,none,,Сальск,165.5
2024-08-22,,,,29.6,0.0,OSM-Сальск-93149078,не указана,2024,235,none,,Сальск,165.5
2024-08-23,,,,30.5,0.0,OSM-Сальск-93149078,не указана,2024,236,none,,Сальск,165.5
2024-08-24,,,,27.2,0.6,OSM-Сальск-93149078,не указана,2024,237,none,,Сальск,165.5
2024-08-25,,,,25.6,0.0,OSM-Сальск-93149078,не указана,2024,238,none,,Сальск,165.5
2024-08-26,,,,26.5,0.0,OSM-Сальск-93149078,не указана,2024,239,none,,Сальск,165.5
2024-08-27,,,,27.8,0.0,OSM-Сальск-93149078,не указана,2024,240,none,,Сальск,165.5
2024-08-28,,0.389,0.3513,27.8,0.0,OSM-Сальск-93149078,не указана,2024,241,landsat,0.389,Сальск,165.5
2024-08-29,,,,27.3,0.1,OSM-Сальск-93149078,не указана,2024,242,none,,Сальск,165.5
2024-08-30,,,,26.9,0.0,OSM-Сальск-93149078,не указана,2024,243,none,,Сальск,165.5
2024-08-31,,,,27.5,0.0,OSM-Сальск-93149078,не указана,2024,244,none,,Сальск,165.5
2024-09-01,,,,27.9,0.2,OSM-Сальск-93149078,не указана,2024,245,none,,Сальск,165.5
2024-09-02,,,,27.5,5.4,OSM-Сальск-93149078,не указана,2024,246,none,,Сальск,165.5
2024-09-03,,,,25.7,0.0,OSM-Сальск-93149078,не указана,2024,247,none,,Сальск,165.5
2024-09-04,,,,25.6,0.0,OSM-Сальск-93149078,не указана,2024,248,none,,Сальск,165.5
2024-09-05,,,,23.6,0.0,OSM-Сальск-93149078,не указана,2024,249,none,,Сальск,165.5
2024-09-06,,,,22.1,0.0,OSM-Сальск-93149078,не указана,2024,250,none,,Сальск,165.5
2024-09-07,,,,20.7,0.0,OSM-Сальск-93149078,не указана,2024,251,none,,Сальск,165.5
2024-09-08,,,,21.3,0.0,OSM-Сальск-93149078,не указана,2024,252,none,,Сальск,165.5
2024-09-09,,,,22.2,1.7,OSM-Сальск-93149078,не указана,2024,253,none,,Сальск,165.5
2024-09-10,,,,24.1,0.0,OSM-Сальск-93149078,не указана,2024,254,none,,Сальск,165.5
2024-09-11,,,,25.3,0.0,OSM-Сальск-93149078,не указана,2024,255,none,,Сальск,165.5
2024-09-12,,,,25.4,0.0,OSM-Сальск-93149078,не указана,2024,256,none,,Сальск,165.5
2024-09-13,,0.2963,0.3075,24.7,0.0,OSM-Сальск-93149078,не указана,2024,257,landsat,0.2963,Сальск,165.5
2024-09-14,,,,24.5,0.0,OSM-Сальск-93149078,не указана,2024,258,none,,Сальск,165.5
2024-09-15,,,,22.8,0.0,OSM-Сальск-93149078,не указана,2024,259,none,,Сальск,165.5
2024-09-16,,,,22.7,0.0,OSM-Сальск-93149078,не указана,2024,260,none,,Сальск,165.5
2024-09-17,,,,21.6,0.1,OSM-Сальск-93149078,не указана,2024,261,none,,Сальск,165.5
2024-09-18,,,,19.0,0.0,OSM-Сальск-93149078,не указана,2024,262,none,,Сальск,165.5
2024-09-19,,,,17.8,0.0,OSM-Сальск-93149078,не указана,2024,263,none,,Сальск,165.5
2024-09-20,,,,18.0,0.0,OSM-Сальск-93149078,не указана,2024,264,none,,Сальск,165.5
2024-09-21,,,,18.1,0.0,OSM-Сальск-93149078,не указана,2024,265,none,,Сальск,165.5
2024-09-22,,,,18.7,0.0,OSM-Сальск-93149078,не указана,2024,266,none,,Сальск,165.5
2024-09-23,,,,20.0,0.0,OSM-Сальск-93149078,не указана,2024,267,none,,Сальск,165.5
2024-09-24,,,,19.3,0.0,OSM-Сальск-93149078,не указана,2024,268,none,,Сальск,165.5
2024-09-25,,,,18.3,0.0,OSM-Сальск-93149078,не указана,2024,269,none,,Сальск,165.5
2024-09-26,,,,19.4,0.0,OSM-Сальск-93149078,не указана,2024,270,none,,Сальск,165.5
2024-09-27,,,,19.1,0.0,OSM-Сальск-93149078,не указана,2024,271,none,,Сальск,165.5
2024-09-28,,,,18.7,0.0,OSM-Сальск-93149078,не указана,2024,272,none,,Сальск,165.5
2024-09-29,,0.2228,0.25070000000000003,19.7,0.0,OSM-Сальск-93149078,не указана,2024,273,landsat,0.2228,Сальск,165.5
2024-09-30,,,,20.6,0.0,OSM-Сальск-93149078,не указана,2024,274,none,,Сальск,165.5
2024-10-01,,,,18.8,0.0,OSM-Сальск-93149078,не указана,2024,275,none,,Сальск,165.5
2024-10-02,,,,16.2,0.0,OSM-Сальск-93149078,не указана,2024,276,none,,Сальск,165.5
2024-10-03,,,,17.3,0.0,OSM-Сальск-93149078,не указана,2024,277,none,,Сальск,165.5
2024-10-04,,,,17.3,0.0,OSM-Сальск-93149078,не указана,2024,278,none,,Сальск,165.5
2024-10-05,,,,17.7,0.0,OSM-Сальск-93149078,не указана,2024,279,none,,Сальск,165.5
2024-10-06,,,,19.6,0.0,OSM-Сальск-93149078,не указана,2024,280,none,,Сальск,165.5
2024-10-07,,0.2238,,20.7,0.0,OSM-Сальск-93149078,не указана,2024,281,landsat,0.2238,Сальск,165.5
2024-10-08,,,,18.5,0.1,OSM-Сальск-93149078,не указана,2024,282,none,,Сальск,165.5
2024-10-09,,,,17.2,0.0,OSM-Сальск-93149078,не указана,2024,283,none,,Сальск,165.5
2024-10-10,,,,15.2,0.0,OSM-Сальск-93149078,не указана,2024,284,none,,Сальск,165.5
2024-10-11,,,,16.1,1.0,OSM-Сальск-93149078,не указана,2024,285,none,,Сальск,165.5
2024-10-12,,,,13.8,0.0,OSM-Сальск-93149078,не указана,2024,286,none,,Сальск,165.5
2024-10-13,,,,12.0,3.3,OSM-Сальск-93149078,не указана,2024,287,none,,Сальск,165.5
2024-10-14,,,,11.5,0.0,OSM-Сальск-93149078,не указана,2024,288,none,,Сальск,165.5
2024-10-15,,,0.2721,12.1,0.3,OSM-Сальск-93149078,не указана,2024,289,modis,0.2721,Сальск,165.5
2024-10-16,,,,11.6,0.2,OSM-Сальск-93149078,не указана,2024,290,none,,Сальск,165.5
2024-10-17,,,,10.2,1.6,OSM-Сальск-93149078,не указана,2024,291,none,,Сальск,165.5
2024-10-18,,,,7.4,0.0,OSM-Сальск-93149078,не указана,2024,292,none,,Сальск,165.5
2024-10-19,,,,6.5,0.0,OSM-Сальск-93149078,не указана,2024,293,none,,Сальск,165.5
2024-10-20,,,,5.9,0.0,OSM-Сальск-93149078,не указана,2024,294,none,,Сальск,165.5
2024-10-21,,,,7.7,0.7,OSM-Сальск-93149078,не указана,2024,295,none,,Сальск,165.5
2024-10-22,,,,8.0,0.0,OSM-Сальск-93149078,не указана,2024,296,none,,Сальск,165.5
2024-10-23,,0.2164,,10.8,0.0,OSM-Сальск-93149078,не указана,2024,297,landsat,0.2164,Сальск,165.5
2024-10-24,,,,9.8,0.1,OSM-Сальск-93149078,не указана,2024,298,none,,Сальск,165.5
2024-10-25,,,,8.2,1.5,OSM-Сальск-93149078,не указана,2024,299,none,,Сальск,165.5
2024-10-26,,,,6.1,0.0,OSM-Сальск-93149078,не указана,2024,300,none,,Сальск,165.5
2024-10-27,,,,4.6,0.0,OSM-Сальск-93149078,не указана,2024,301,none,,Сальск,165.5
2024-10-28,,,,7.5,2.9,OSM-Сальск-93149078,не указана,2024,302,none,,Сальск,165.5
2024-10-29,,,,11.1,5.4,OSM-Сальск-93149078,не указана,2024,303,none,,Сальск,165.5
2024-10-30,,,,9.2,0.0,OSM-Сальск-93149078,не указана,2024,304,none,,Сальск,165.5
2024-10-31,,0.2278,0.2544,11.5,5.8,OSM-Сальск-93149078,не указана,2024,305,landsat,0.2278,Сальск,165.5
2024-11-01,,,,11.6,0.5,OSM-Сальск-93149078,не указана,2024,306,none,,Сальск,165.5
2024-11-02,,,,14.0,5.3,OSM-Сальск-93149078,не указана,2024,307,none,,Сальск,165.5
2024-11-03,,,,4.1,0.0,OSM-Сальск-93149078,не указана,2024,308,none,,Сальск,165.5
2024-11-04,,,,4.1,2.5,OSM-Сальск-93149078,не указана,2024,309,none,,Сальск,165.5
2024-11-05,,,,1.4,0.4,OSM-Сальск-93149078,не указана,2024,310,none,,Сальск,165.5
2024-11-06,,,,4.1,0.1,OSM-Сальск-93149078,не указана,2024,311,none,,Сальск,165.5
2024-11-07,,,,7.3,0.1,OSM-Сальск-93149078,не указана,2024,312,none,,Сальск,165.5
2024-11-08,,-0.7645,,7.1,0.0,OSM-Сальск-93149078,не указана,2024,313,landsat,-0.7645,Сальск,165.5
2024-11-09,,,,6.0,0.0,OSM-Сальск-93149078,не указана,2024,314,none,,Сальск,165.5
2024-11-10,,,,4.3,0.0,OSM-Сальск-93149078,не указана,2024,315,none,,Сальск,165.5
2024-11-11,,,,3.9,0.0,OSM-Сальск-93149078,не указана,2024,316,none,,Сальск,165.5
2024-11-12,,,,5.0,0.0,OSM-Сальск-93149078,не указана,2024,317,none,,Сальск,165.5
2024-11-13,,,,4.4,0.0,OSM-Сальск-93149078,не указана,2024,318,none,,Сальск,165.5
2024-11-14,,,,4.4,0.0,OSM-Сальск-93149078,не указана,2024,319,none,,Сальск,165.5
2024-11-15,,,,5.3,0.4,OSM-Сальск-93149078,не указана,2024,320,none,,Сальск,165.5
2024-11-16,,,0.23,4.2,0.3,OSM-Сальск-93149078,не указана,2024,321,modis,0.23,Сальск,165.5
2024-11-17,,,,2.0,0.0,OSM-Сальск-93149078,не указана,2024,322,none,,Сальск,165.5
2024-11-18,,,,3.1,0.1,OSM-Сальск-93149078,не указана,2024,323,none,,Сальск,165.5
2024-11-19,,,,5.1,1.5,OSM-Сальск-93149078,не указана,2024,324,none,,Сальск,165.5
2024-11-20,,,,5.7,0.0,OSM-Сальск-93149078,не указана,2024,325,none,,Сальск,165.5
2024-11-21,,,,8.9,0.0,OSM-Сальск-93149078,не указана,2024,326,none,,Сальск,165.5
2024-11-22,,,,6.9,1.8,OSM-Сальск-93149078,не указана,2024,327,none,,Сальск,165.5
2024-11-23,,,,9.0,0.0,OSM-Сальск-93149078,не указана,2024,328,none,,Сальск,165.5
2024-11-24,,,,4.7,6.0,OSM-Сальск-93149078,не указана,2024,329,none,,Сальск,165.5
2024-11-25,,,,3.4,3.6,OSM-Сальск-93149078,не указана,2024,330,none,,Сальск,165.5
2024-11-26,,,,2.5,1.8,OSM-Сальск-93149078,не указана,2024,331,none,,Сальск,165.5
2024-11-27,,,,2.1,3.6,OSM-Сальск-93149078,не указана,2024,332,none,,Сальск,165.5
2024-11-28,,,,2.0,0.3,OSM-Сальск-93149078,не указана,2024,333,none,,Сальск,165.5
2024-11-29,,,,0.8,0.0,OSM-Сальск-93149078,не указана,2024,334,none,,Сальск,165.5
2024-11-30,,,,-0.3,0.0,OSM-Сальск-93149078,не указана,2024,335,none,,Сальск,165.5
2024-12-01,,,,-0.4,0.0,OSM-Сальск-93149078,не указана,2024,336,none,,Сальск,165.5
2024-12-02,,,0.032600000000000004,0.2,0.0,OSM-Сальск-93149078,не указана,2024,337,modis,0.032600000000000004,Сальск,165.5
2024-12-03,,,,1.4,0.0,OSM-Сальск-93149078,не указана,2024,338,none,,Сальск,165.5
2024-12-04,,,,1.0,0.0,OSM-Сальск-93149078,не указана,2024,339,none,,Сальск,165.5
2024-12-05,,,,0.9,0.0,OSM-Сальск-93149078,не указана,2024,340,none,,Сальск,165.5
2024-12-06,,,,1.0,3.5,OSM-Сальск-93149078,не указана,2024,341,none,,Сальск,165.5
2024-12-07,,,,-0.1,0.0,OSM-Сальск-93149078,не указана,2024,342,none,,Сальск,165.5
2024-12-08,,,,1.8,0.0,OSM-Сальск-93149078,не указана,2024,343,none,,Сальск,165.5
2024-12-09,,,,2.2,0.0,OSM-Сальск-93149078,не указана,2024,344,none,,Сальск,165.5
2024-12-10,,,,2.8,0.3,OSM-Сальск-93149078,не указана,2024,345,none,,Сальск,165.5
2024-12-11,,,,3.5,2.5,OSM-Сальск-93149078,не указана,2024,346,none,,Сальск,165.5
2024-12-12,,,,3.2,1.6,OSM-Сальск-93149078,не указана,2024,347,none,,Сальск,165.5
2024-12-13,,,,-2.5,5.2,OSM-Сальск-93149078,не указана,2024,348,none,,Сальск,165.5
2024-12-14,,,,-5.2,0.0,OSM-Сальск-93149078,не указана,2024,349,none,,Сальск,165.5
2024-12-15,,,,-2.2,2.3,OSM-Сальск-93149078,не указана,2024,350,none,,Сальск,165.5
2024-12-16,,,,1.8,4.4,OSM-Сальск-93149078,не указана,2024,351,none,,Сальск,165.5
2024-12-17,,,,5.0,13.2,OSM-Сальск-93149078,не указана,2024,352,none,,Сальск,165.5
2024-12-18,,,0.38520000000000004,2.9,1.7,OSM-Сальск-93149078,не указана,2024,353,modis,0.38520000000000004,Сальск,165.5
2024-12-19,,,,-0.2,0.0,OSM-Сальск-93149078,не указана,2024,354,none,,Сальск,165.5
2024-12-20,,,,2.0,0.0,OSM-Сальск-93149078,не указана,2024,355,none,,Сальск,165.5
2024-12-21,,,,1.8,0.0,OSM-Сальск-93149078,не указана,2024,356,none,,Сальск,165.5
2024-12-22,,,,3.0,0.0,OSM-Сальск-93149078,не указана,2024,357,none,,Сальск,165.5
2024-12-23,,,,4.6,0.4,OSM-Сальск-93149078,не указана,2024,358,none,,Сальск,165.5
2024-12-24,,,,3.3,0.9,OSM-Сальск-93149078,не указана,2024,359,none,,Сальск,165.5
2024-12-25,,,,3.7,0.0,OSM-Сальск-93149078,не указана,2024,360,none,,Сальск,165.5
2024-12-26,,,,2.5,1.2,OSM-Сальск-93149078,не указана,2024,361,none,,Сальск,165.5
2024-12-27,,,,-0.4,0.0,OSM-Сальск-93149078,не указана,2024,362,none,,Сальск,165.5
2024-12-28,,,,-1.4,0.3,OSM-Сальск-93149078,не указана,2024,363,none,,Сальск,165.5
2024-12-29,,,,-1.7,0.0,OSM-Сальск-93149078,не указана,2024,364,none,,Сальск,165.5
2024-12-30,,,,-1.6,0.0,OSM-Сальск-93149078,не указана,2024,365,none,,Сальск,165.5
2024-12-31,,,,2.0,0.0,OSM-Сальск-93149078,не указана,2024,366,none,,Сальск,165.5
2025-01-01,,,0.38520000000000004,4.0,0.0,OSM-Сальск-93149078,не указана,2025,1,modis,0.38520000000000004,Сальск,165.5
2025-01-02,,,,7.7,0.0,OSM-Сальск-93149078,не указана,2025,2,none,,Сальск,165.5
2025-01-03,,0.289,,9.0,0.0,OSM-Сальск-93149078,не указана,2025,3,landsat,0.289,Сальск,165.5
2025-01-04,,,,6.3,5.8,OSM-Сальск-93149078,не указана,2025,4,none,,Сальск,165.5
2025-01-05,,,,-2.2,0.0,OSM-Сальск-93149078,не указана,2025,5,none,,Сальск,165.5
2025-01-06,,,,-4.2,0.0,OSM-Сальск-93149078,не указана,2025,6,none,,Сальск,165.5
2025-01-07,,,,1.8,0.0,OSM-Сальск-93149078,не указана,2025,7,none,,Сальск,165.5
2025-01-08,,,,2.3,0.0,OSM-Сальск-93149078,не указана,2025,8,none,,Сальск,165.5
2025-01-09,,,,5.9,0.0,OSM-Сальск-93149078,не указана,2025,9,none,,Сальск,165.5
2025-01-10,,,,5.1,0.0,OSM-Сальск-93149078,не указана,2025,10,none,,Сальск,165.5
2025-01-11,,,,4.1,0.0,OSM-Сальск-93149078,не указана,2025,11,none,,Сальск,165.5
2025-01-12,,,,4.2,0.0,OSM-Сальск-93149078,не указана,2025,12,none,,Сальск,165.5
2025-01-13,,,,1.3,4.5,OSM-Сальск-93149078,не указана,2025,13,none,,Сальск,165.5
2025-01-14,,,,-1.4,0.0,OSM-Сальск-93149078,не указана,2025,14,none,,Сальск,165.5
2025-01-15,,,,-3.2,0.0,OSM-Сальск-93149078,не указана,2025,15,none,,Сальск,165.5
2025-01-16,,,,-1.8,0.0,OSM-Сальск-93149078,не указана,2025,16,none,,Сальск,165.5
2025-01-17,,,0.1892,0.8,2.4,OSM-Сальск-93149078,не указана,2025,17,modis,0.1892,Сальск,165.5
2025-01-18,,,,0.7,1.1,OSM-Сальск-93149078,не указана,2025,18,none,,Сальск,165.5
2025-01-19,,,,1.1,2.9,OSM-Сальск-93149078,не указана,2025,19,none,,Сальск,165.5
2025-01-20,,,,0.7,0.0,OSM-Сальск-93149078,не указана,2025,20,none,,Сальск,165.5
2025-01-21,,,,0.4,0.0,OSM-Сальск-93149078,не указана,2025,21,none,,Сальск,165.5
2025-01-22,,,,-0.5,0.0,OSM-Сальск-93149078,не указана,2025,22,none,,Сальск,165.5
2025-01-23,,,,0.5,0.0,OSM-Сальск-93149078,не указана,2025,23,none,,Сальск,165.5
2025-01-24,,,,0.9,2.2,OSM-Сальск-93149078,не указана,2025,24,none,,Сальск,165.5
2025-01-25,,,,2.7,0.0,OSM-Сальск-93149078,не указана,2025,25,none,,Сальск,165.5
2025-01-26,,,,2.3,0.0,OSM-Сальск-93149078,не указана,2025,26,none,,Сальск,165.5
2025-01-27,,,,1.5,0.0,OSM-Сальск-93149078,не указана,2025,27,none,,Сальск,165.5
2025-01-28,,,,0.5,0.0,OSM-Сальск-93149078,не указана,2025,28,none,,Сальск,165.5
2025-01-29,,,,1.9,0.0,OSM-Сальск-93149078,не указана,2025,29,none,,Сальск,165.5
2025-01-30,,,,1.7,0.0,OSM-Сальск-93149078,не указана,2025,30,none,,Сальск,165.5
2025-01-31,,,,2.2,0.0,OSM-Сальск-93149078,не указана,2025,31,none,,Сальск,165.5
2025-02-01,,,,3.6,0.0,OSM-Сальск-93149078,не указана,2025,32,none,,Сальск,165.5
2025-02-02,,,0.2873,1.9,0.0,OSM-Сальск-93149078,не указана,2025,33,modis,0.2873,Сальск,165.5
2025-02-03,,,,1.9,6.4,OSM-Сальск-93149078,не указана,2025,34,none,,Сальск,165.5
2025-02-04,,,,0.8,2.7,OSM-Сальск-93149078,не указана,2025,35,none,,Сальск,165.5
2025-02-05,,,,-0.7,0.0,OSM-Сальск-93149078,не указана,2025,36,none,,Сальск,165.5
2025-02-06,,,,-1.1,0.4,OSM-Сальск-93149078,не указана,2025,37,none,,Сальск,165.5
2025-02-07,,,,-2.4,0.0,OSM-Сальск-93149078,не указана,2025,38,none,,Сальск,165.5
2025-02-08,,,,-3.7,0.0,OSM-Сальск-93149078,не указана,2025,39,none,,Сальск,165.5
2025-02-09,,,,-4.6,0.0,OSM-Сальск-93149078,не указана,2025,40,none,,Сальск,165.5
2025-02-10,,,,-4.0,0.0,OSM-Сальск-93149078,не указана,2025,41,none,,Сальск,165.5
2025-02-11,,,,-4.0,0.0,OSM-Сальск-93149078,не указана,2025,42,none,,Сальск,165.5
2025-02-12,,0.2697,,-4.4,0.0,OSM-Сальск-93149078,не указана,2025,43,landsat,0.2697,Сальск,165.5
2025-02-13,,,,-4.2,0.0,OSM-Сальск-93149078,не указана,2025,44,none,,Сальск,165.5
2025-02-14,,,,-4.6,0.0,OSM-Сальск-93149078,не указана,2025,45,none,,Сальск,165.5
2025-02-15,,,,2.0,2.4,OSM-Сальск-93149078,не указана,2025,46,none,,Сальск,165.5
2025-02-16,,,,-3.2,0.0,OSM-Сальск-93149078,не указана,2025,47,none,,Сальск,165.5
2025-02-17,,,,-4.6,0.0,OSM-Сальск-93149078,не указана,2025,48,none,,Сальск,165.5
2025-02-18,,,0.28240000000000004,-4.8,0.0,OSM-Сальск-93149078,не указана,2025,49,modis,0.28240000000000004,Сальск,165.5
2025-02-19,,,,-4.4,0.5,OSM-Сальск-93149078,не указана,2025,50,none,,Сальск,165.5
2025-02-20,,0.1566,,-6.2,0.1,OSM-Сальск-93149078,не указана,2025,51,landsat,0.1566,Сальск,165.5
2025-02-21,,,,-5.6,0.0,OSM-Сальск-93149078,не указана,2025,52,none,,Сальск,165.5
2025-02-22,,,,-6.6,0.0,OSM-Сальск-93149078,не указана,2025,53,none,,Сальск,165.5
2025-02-23,,,,-5.9,1.9,OSM-Сальск-93149078,не указана,2025,54,none,,Сальск,165.5
2025-02-24,,,,-6.6,3.8,OSM-Сальск-93149078,не указана,2025,55,none,,Сальск,165.5
2025-02-25,,,,-9.4,1.2,OSM-Сальск-93149078,не указана,2025,56,none,,Сальск,165.5
2025-02-26,,,,-12.8,0.0,OSM-Сальск-93149078,не указана,2025,57,none,,Сальск,165.5
2025-02-27,,,,-7.9,0.0,OSM-Сальск-93149078,не указана,2025,58,none,,Сальск,165.5
2025-02-28,,-0.037,,-8.6,0.4,OSM-Сальск-93149078,не указана,2025,59,landsat,-0.037,Сальск,165.5
2025-03-01,,,,-12.7,0.0,OSM-Сальск-93149078,не указана,2025,60,none,,Сальск,165.5
2025-03-02,,,,-10.8,0.0,OSM-Сальск-93149078,не указана,2025,61,none,,Сальск,165.5
2025-03-03,,,,-6.4,0.0,OSM-Сальск-93149078,не указана,2025,62,none,,Сальск,165.5
2025-03-04,,,,-0.3,0.0,OSM-Сальск-93149078,не указана,2025,63,none,,Сальск,165.5
2025-03-05,,,,4.4,0.1,OSM-Сальск-93149078,не указана,2025,64,none,,Сальск,165.5
2025-03-06,,,0.3069,6.7,0.0,OSM-Сальск-93149078,не указана,2025,65,modis,0.3069,Сальск,165.5
2025-03-07,,,,8.2,0.0,OSM-Сальск-93149078,не указана,2025,66,none,,Сальск,165.5
2025-03-08,,0.3012,,6.9,0.0,OSM-Сальск-93149078,не указана,2025,67,landsat,0.3012,Сальск,165.5
2025-03-09,,,,5.2,0.0,OSM-Сальск-93149078,не указана,2025,68,none,,Сальск,165.5
2025-03-10,,,,5.2,0.0,OSM-Сальск-93149078,не указана,2025,69,none,,Сальск,165.5
2025-03-11,,,,7.2,0.0,OSM-Сальск-93149078,не указана,2025,70,none,,Сальск,165.5
2025-03-12,,,,12.7,0.5,OSM-Сальск-93149078,не указана,2025,71,none,,Сальск,165.5
2025-03-13,,,,15.1,0.8,OSM-Сальск-93149078,не указана,2025,72,none,,Сальск,165.5
2025-03-14,,,,15.9,0.1,OSM-Сальск-93149078,не указана,2025,73,none,,Сальск,165.5
2025-03-15,,,,16.3,0.0,OSM-Сальск-93149078,не указана,2025,74,none,,Сальск,165.5
2025-03-16,,0.2972,,19.8,0.0,OSM-Сальск-93149078,не указана,2025,75,landsat,0.2972,Сальск,165.5
2025-03-17,,,,14.6,1.4,OSM-Сальск-93149078,не указана,2025,76,none,,Сальск,165.5
2025-03-18,,,,8.0,10.6,OSM-Сальск-93149078,не указана,2025,77,none,,Сальск,165.5
2025-03-19,,,,3.3,0.0,OSM-Сальск-93149078,не указана,2025,78,none,,Сальск,165.5
2025-03-20,,,,3.0,0.5,OSM-Сальск-93149078,не указана,2025,79,none,,Сальск,165.5
2025-03-21,,,,5.8,0.0,OSM-Сальск-93149078,не указана,2025,80,none,,Сальск,165.5
2025-03-22,,,0.5011,5.8,0.6,OSM-Сальск-93149078,не указана,2025,81,modis,0.5011,Сальск,165.5
2025-03-23,,,,6.1,0.0,OSM-Сальск-93149078,не указана,2025,82,none,,Сальск,165.5
2025-03-24,,0.3494,,6.8,0.0,OSM-Сальск-93149078,не указана,2025,83,landsat,0.3494,Сальск,165.5
2025-03-25,,,,9.5,0.1,OSM-Сальск-93149078,не указана,2025,84,none,,Сальск,165.5
2025-03-26,,,,10.3,7.3,OSM-Сальск-93149078,не указана,2025,85,none,,Сальск,165.5
2025-03-27,,,,11.2,0.0,OSM-Сальск-93149078,не указана,2025,86,none,,Сальск,165.5
2025-03-28,,,,10.4,0.5,OSM-Сальск-93149078,не указана,2025,87,none,,Сальск,165.5
2025-03-29,,,,9.2,0.7,OSM-Сальск-93149078,не указана,2025,88,none,,Сальск,165.5
2025-03-30,,,,12.6,2.1,OSM-Сальск-93149078,не указана,2025,89,none,,Сальск,165.5
2025-03-31,,,,12.8,9.0,OSM-Сальск-93149078,не указана,2025,90,none,,Сальск,165.5
2025-04-01,,0.5245,,12.8,0.0,OSM-Сальск-93149078,не указана,2025,91,landsat,0.5245,Сальск,165.5
2025-04-02,,,,14.2,0.0,OSM-Сальск-93149078,не указана,2025,92,none,,Сальск,165.5
2025-04-03,,,,14.9,6.3,OSM-Сальск-93149078,не указана,2025,93,none,,Сальск,165.5
2025-04-04,,,,13.3,0.2,OSM-Сальск-93149078,не указана,2025,94,none,,Сальск,165.5
2025-04-05,,,,13.0,8.6,OSM-Сальск-93149078,не указана,2025,95,none,,Сальск,165.5
2025-04-06,,,,12.2,1.3,OSM-Сальск-93149078,не указана,2025,96,none,,Сальск,165.5
2025-04-07,,,0.792,13.3,13.7,OSM-Сальск-93149078,не указана,2025,97,modis,0.792,Сальск,165.5
2025-04-08,,,,6.2,6.5,OSM-Сальск-93149078,не указана,2025,98,none,,Сальск,165.5
2025-04-09,,,,3.7,1.0,OSM-Сальск-93149078,не указана,2025,99,none,,Сальск,165.5
2025-04-10,,,,5.1,0.3,OSM-Сальск-93149078,не указана,2025,100,none,,Сальск,165.5
2025-04-11,,,,6.8,0.1,OSM-Сальск-93149078,не указана,2025,101,none,,Сальск,165.5
2025-04-12,,,,4.7,10.3,OSM-Сальск-93149078,не указана,2025,102,none,,Сальск,165.5
2025-04-13,,,,6.2,0.0,OSM-Сальск-93149078,не указана,2025,103,none,,Сальск,165.5
2025-04-14,,,,9.0,0.0,OSM-Сальск-93149078,не указана,2025,104,none,,Сальск,165.5
2025-04-15,,,,12.7,0.3,OSM-Сальск-93149078,не указана,2025,105,none,,Сальск,165.5
2025-04-16,,,,13.5,0.0,OSM-Сальск-93149078,не указана,2025,106,none,,Сальск,165.5
2025-04-17,,0.7544,,13.5,0.0,OSM-Сальск-93149078,не указана,2025,107,landsat,0.7544,Сальск,165.5
2025-04-18,,,,14.0,0.0,OSM-Сальск-93149078,не указана,2025,108,none,,Сальск,165.5
2025-04-19,,,,15.4,0.0,OSM-Сальск-93149078,не указана,2025,109,none,,Сальск,165.5
2025-04-20,,,,15.7,0.0,OSM-Сальск-93149078,не указана,2025,110,none,,Сальск,165.5
2025-04-21,,,,13.3,0.1,OSM-Сальск-93149078,не указана,2025,111,none,,Сальск,165.5
2025-04-22,,,,14.6,0.3,OSM-Сальск-93149078,не указана,2025,112,none,,Сальск,165.5
2025-04-23,,,0.8804000000000001,16.3,0.0,OSM-Сальск-93149078,не указана,2025,113,modis,0.8804000000000001,Сальск,165.5
2025-04-24,,,,16.4,0.2,OSM-Сальск-93149078,не указана,2025,114,none,,Сальск,165.5
2025-04-25,,,,16.2,2.0,OSM-Сальск-93149078,не указана,2025,115,none,,Сальск,165.5
2025-04-26,,,,15.5,6.3,OSM-Сальск-93149078,не указана,2025,116,none,,Сальск,165.5
2025-04-27,,,,8.6,0.8,OSM-Сальск-93149078,не указана,2025,117,none,,Сальск,165.5
2025-04-28,,,,6.8,0.0,OSM-Сальск-93149078,не указана,2025,118,none,,Сальск,165.5
2025-04-29,,,,8.4,0.0,OSM-Сальск-93149078,не указана,2025,119,none,,Сальск,165.5
2025-04-30,,,,10.5,0.0,OSM-Сальск-93149078,не указана,2025,120,none,,Сальск,165.5
2025-05-01,,,,14.1,0.0,OSM-Сальск-93149078,не указана,2025,121,none,,Сальск,165.5
2025-05-02,,,,14.8,0.1,OSM-Сальск-93149078,не указана,2025,122,none,,Сальск,165.5
2025-05-03,,,,12.3,0.0,OSM-Сальск-93149078,не указана,2025,123,none,,Сальск,165.5
2025-05-04,,,,15.6,0.1,OSM-Сальск-93149078,не указана,2025,124,none,,Сальск,165.5
2025-05-05,,,,18.1,0.0,OSM-Сальск-93149078,не указана,2025,125,none,,Сальск,165.5
2025-05-06,,,,19.7,0.0,OSM-Сальск-93149078,не указана,2025,126,none,,Сальск,165.5
2025-05-07,,,,19.7,2.2,OSM-Сальск-93149078,не указана,2025,127,none,,Сальск,165.5
2025-05-08,,,,17.4,2.9,OSM-Сальск-93149078,не указана,2025,128,none,,Сальск,165.5
2025-05-09,,,0.8703000000000001,16.7,5.7,OSM-Сальск-93149078,не указана,2025,129,modis,0.8703000000000001,Сальск,165.5
2025-05-10,,,,14.5,9.5,OSM-Сальск-93149078,не указана,2025,130,none,,Сальск,165.5
2025-05-11,,,,12.5,0.2,OSM-Сальск-93149078,не указана,2025,131,none,,Сальск,165.5
2025-05-12,,,,13.9,3.7,OSM-Сальск-93149078,не указана,2025,132,none,,Сальск,165.5
2025-05-13,,,,15.5,1.7,OSM-Сальск-93149078,не указана,2025,133,none,,Сальск,165.5
2025-05-14,,,,13.7,0.0,OSM-Сальск-93149078,не указана,2025,134,none,,Сальск,165.5
2025-05-15,,,,14.0,0.0,OSM-Сальск-93149078,не указана,2025,135,none,,Сальск,165.5
2025-05-16,,,,16.8,0.1,OSM-Сальск-93149078,не указана,2025,136,none,,Сальск,165.5
2025-05-17,,,,19.6,0.0,OSM-Сальск-93149078,не указана,2025,137,none,,Сальск,165.5
2025-05-18,,,,18.4,0.1,OSM-Сальск-93149078,не указана,2025,138,none,,Сальск,165.5
2025-05-19,,,,15.7,3.6,OSM-Сальск-93149078,не указана,2025,139,none,,Сальск,165.5
2025-05-20,,,,16.0,1.9,OSM-Сальск-93149078,не указана,2025,140,none,,Сальск,165.5
2025-05-21,,,,15.1,1.7,OSM-Сальск-93149078,не указана,2025,141,none,,Сальск,165.5
2025-05-22,,,,18.0,0.6,OSM-Сальск-93149078,не указана,2025,142,none,,Сальск,165.5
2025-05-23,,,,20.5,0.0,OSM-Сальск-93149078,не указана,2025,143,none,,Сальск,165.5
2025-05-24,,,,21.5,0.0,OSM-Сальск-93149078,не указана,2025,144,none,,Сальск,165.5
2025-05-25,,,0.7874,22.9,0.0,OSM-Сальск-93149078,не указана,2025,145,modis,0.7874,Сальск,165.5
2025-05-26,,,,22.5,0.0,OSM-Сальск-93149078,не указана,2025,146,none,,Сальск,165.5
2025-05-27,,0.7473,,22.4,0.0,OSM-Сальск-93149078,не указана,2025,147,landsat,0.7473,Сальск,165.5
2025-05-28,,,,22.8,0.0,OSM-Сальск-93149078,не указана,2025,148,none,,Сальск,165.5
2025-05-29,,,,18.9,10.4,OSM-Сальск-93149078,не указана,2025,149,none,,Сальск,165.5
2025-05-30,,,,19.3,7.1,OSM-Сальск-93149078,не указана,2025,150,none,,Сальск,165.5
2025-05-31,,,,20.0,2.2,OSM-Сальск-93149078,не указана,2025,151,none,,Сальск,165.5
2025-06-01,,,,20.9,0.4,OSM-Сальск-93149078,не указана,2025,152,none,,Сальск,165.5
2025-06-02,,,,22.0,0.1,OSM-Сальск-93149078,не указана,2025,153,none,,Сальск,165.5
2025-06-03,,,,22.7,0.0,OSM-Сальск-93149078,не указана,2025,154,none,,Сальск,165.5
2025-06-04,,0.5594,,25.3,1.0,OSM-Сальск-93149078,не указана,2025,155,landsat,0.5594,Сальск,165.5
2025-06-05,,,,22.2,0.0,OSM-Сальск-93149078,не указана,2025,156,none,,Сальск,165.5
2025-06-06,,,,22.8,0.0,OSM-Сальск-93149078,не указана,2025,157,none,,Сальск,165.5
2025-06-07,,,,25.1,0.0,OSM-Сальск-93149078,не указана,2025,158,none,,Сальск,165.5
2025-06-08,,,,27.7,0.0,OSM-Сальск-93149078,не указана,2025,159,none,,Сальск,165.5
2025-06-09,,,,28.7,0.0,OSM-Сальск-93149078,не указана,2025,160,none,,Сальск,165.5
2025-06-10,,,0.3864,27.4,4.7,OSM-Сальск-93149078,не указана,2025,161,modis,0.3864,Сальск,165.5
2025-06-11,,,,24.4,0.0,OSM-Сальск-93149078,не указана,2025,162,none,,Сальск,165.5
2025-06-12,,,,21.6,2.8,OSM-Сальск-93149078,не указана,2025,163,none,,Сальск,165.5
2025-06-13,,,,22.1,2.2,OSM-Сальск-93149078,не указана,2025,164,none,,Сальск,165.5
2025-06-14,,,,20.7,0.0,OSM-Сальск-93149078,не указана,2025,165,none,,Сальск,165.5
2025-06-15,,,,18.9,0.7,OSM-Сальск-93149078,не указана,2025,166,none,,Сальск,165.5
2025-06-16,,,,17.9,0.7,OSM-Сальск-93149078,не указана,2025,167,none,,Сальск,165.5
2025-06-17,,,,20.0,1.1,OSM-Сальск-93149078,не указана,2025,168,none,,Сальск,165.5
2025-06-18,,,,20.8,2.8,OSM-Сальск-93149078,не указана,2025,169,none,,Сальск,165.5
2025-06-19,,,,22.0,8.7,OSM-Сальск-93149078,не указана,2025,170,none,,Сальск,165.5
2025-06-20,,,,19.1,7.2,OSM-Сальск-93149078,не указана,2025,171,none,,Сальск,165.5
2025-06-21,,,,17.8,0.0,OSM-Сальск-93149078,не указана,2025,172,none,,Сальск,165.5
2025-06-22,,,,19.0,0.4,OSM-Сальск-93149078,не указана,2025,173,none,,Сальск,165.5
2025-06-23,,,,17.1,10.7,OSM-Сальск-93149078,не указана,2025,174,none,,Сальск,165.5
2025-06-24,,,,18.5,0.2,OSM-Сальск-93149078,не указана,2025,175,none,,Сальск,165.5
2025-06-25,,,,20.3,0.4,OSM-Сальск-93149078,не указана,2025,176,none,,Сальск,165.5
2025-06-26,,,0.2811,22.6,0.0,OSM-Сальск-93149078,не указана,2025,177,modis,0.2811,Сальск,165.5
2025-06-27,,,,20.7,0.0,OSM-Сальск-93149078,не указана,2025,178,none,,Сальск,165.5
2025-06-28,,0.286,,22.7,0.0,OSM-Сальск-93149078,не указана,2025,179,landsat,0.286,Сальск,165.5
2025-06-29,,,,20.6,0.8,OSM-Сальск-93149078,не указана,2025,180,none,,Сальск,165.5
2025-06-30,,,,20.6,1.4,OSM-Сальск-93149078,не указана,2025,181,none,,Сальск,165.5
2025-07-01,,,,20.8,0.0,OSM-Сальск-93149078,не указана,2025,182,none,,Сальск,165.5
2025-07-02,,,,20.8,0.0,OSM-Сальск-93149078,не указана,2025,183,none,,Сальск,165.5
2025-07-03,,,,20.6,0.0,OSM-Сальск-93149078,не указана,2025,184,none,,Сальск,165.5
2025-07-04,,,,23.7,0.0,OSM-Сальск-93149078,не указана,2025,185,none,,Сальск,165.5
2025-07-05,,,,26.9,0.0,OSM-Сальск-93149078,не указана,2025,186,none,,Сальск,165.5
2025-07-06,,0.2523,,25.9,0.9,OSM-Сальск-93149078,не указана,2025,187,landsat,0.2523,Сальск,165.5
2025-07-07,,,,27.8,0.0,OSM-Сальск-93149078,не указана,2025,188,none,,Сальск,165.5
2025-07-08,,,,29.8,0.0,OSM-Сальск-93149078,не указана,2025,189,none,,Сальск,165.5
2025-07-09,,,,28.7,0.0,OSM-Сальск-93149078,не указана,2025,190,none,,Сальск,165.5
2025-07-10,,,,30.6,0.0,OSM-Сальск-93149078,не указана,2025,191,none,,Сальск,165.5
2025-07-11,,,,30.9,0.0,OSM-Сальск-93149078,не указана,2025,192,none,,Сальск,165.5
2025-07-12,,,0.2341,31.6,0.0,OSM-Сальск-93149078,не указана,2025,193,modis,0.2341,Сальск,165.5
2025-07-13,,,,33.3,0.0,OSM-Сальск-93149078,не указана,2025,194,none,,Сальск,165.5
2025-07-14,,0.2164,,31.3,0.0,OSM-Сальск-93149078,не указана,2025,195,landsat,0.2164,Сальск,165.5
2025-07-15,,,,30.6,0.0,OSM-Сальск-93149078,не указана,2025,196,none,,Сальск,165.5
2025-07-16,,,,30.2,0.0,OSM-Сальск-93149078,не указана,2025,197,none,,Сальск,165.5
2025-07-17,,,,30.1,0.1,OSM-Сальск-93149078,не указана,2025,198,none,,Сальск,165.5
2025-07-18,,,,31.0,0.0,OSM-Сальск-93149078,не указана,2025,199,none,,Сальск,165.5
2025-07-19,,,,32.7,0.0,OSM-Сальск-93149078,не указана,2025,200,none,,Сальск,165.5
2025-07-20,,,,23.7,8.1,OSM-Сальск-93149078,не указана,2025,201,none,,Сальск,165.5
2025-07-21,,,,26.4,0.0,OSM-Сальск-93149078,не указана,2025,202,none,,Сальск,165.5
2025-07-22,,0.2362,,28.3,0.0,OSM-Сальск-93149078,не указана,2025,203,landsat,0.2362,Сальск,165.5
2025-07-23,,,,28.9,0.0,OSM-Сальск-93149078,не указана,2025,204,none,,Сальск,165.5
2025-07-24,,,,28.0,0.0,OSM-Сальск-93149078,не указана,2025,205,none,,Сальск,165.5
2025-07-25,,,,27.4,0.0,OSM-Сальск-93149078,не указана,2025,206,none,,Сальск,165.5
2025-07-26,,,,28.4,0.0,OSM-Сальск-93149078,не указана,2025,207,none,,Сальск,165.5
2025-07-27,,,,27.6,0.4,OSM-Сальск-93149078,не указана,2025,208,none,,Сальск,165.5
2025-07-28,,,0.23190000000000002,25.8,0.0,OSM-Сальск-93149078,не указана,2025,209,modis,0.23190000000000002,Сальск,165.5
2025-07-29,,,,27.7,0.0,OSM-Сальск-93149078,не указана,2025,210,none,,Сальск,165.5
2025-07-30,,0.2249,,30.9,0.0,OSM-Сальск-93149078,не указана,2025,211,landsat,0.2249,Сальск,165.5
2025-07-31,,,,31.0,0.4,OSM-Сальск-93149078,не указана,2025,212,none,,Сальск,165.5
2025-08-01,,,,28.1,6.0,OSM-Сальск-93149078,не указана,2025,213,none,,Сальск,165.5
2025-08-02,,,,29.0,7.6,OSM-Сальск-93149078,не указана,2025,214,none,,Сальск,165.5
2025-08-03,,,,29.1,1.8,OSM-Сальск-93149078,не указана,2025,215,none,,Сальск,165.5
2025-08-04,,,,27.3,0.1,OSM-Сальск-93149078,не указана,2025,216,none,,Сальск,165.5
2025-08-05,,,,27.5,0.0,OSM-Сальск-93149078,не указана,2025,217,none,,Сальск,165.5
2025-08-06,,,,29.6,0.0,OSM-Сальск-93149078,не указана,2025,218,none,,Сальск,165.5
2025-08-07,,0.2243,,30.7,0.0,OSM-Сальск-93149078,не указана,2025,219,landsat,0.2243,Сальск,165.5
2025-08-08,,,,27.3,0.3,OSM-Сальск-93149078,не указана,2025,220,none,,Сальск,165.5
2025-08-09,,,,25.6,0.9,OSM-Сальск-93149078,не указана,2025,221,none,,Сальск,165.5
2025-08-10,,,,24.3,0.0,OSM-Сальск-93149078,не указана,2025,222,none,,Сальск,165.5
2025-08-11,,,,24.9,1.3,OSM-Сальск-93149078,не указана,2025,223,none,,Сальск,165.5
2025-08-12,,,,22.8,0.0,OSM-Сальск-93149078,не указана,2025,224,none,,Сальск,165.5
2025-08-13,,,0.22840000000000002,22.6,0.0,OSM-Сальск-93149078,не указана,2025,225,modis,0.22840000000000002,Сальск,165.5
2025-08-14,,,,23.3,0.0,OSM-Сальск-93149078,не указана,2025,226,none,,Сальск,165.5
2025-08-15,,,,22.0,0.0,OSM-Сальск-93149078,не указана,2025,227,none,,Сальск,165.5
2025-08-16,,,,22.8,0.0,OSM-Сальск-93149078,не указана,2025,228,none,,Сальск,165.5
2025-08-17,,,,25.5,0.0,OSM-Сальск-93149078,не указана,2025,229,none,,Сальск,165.5
2025-08-18,,,,27.8,0.0,OSM-Сальск-93149078,не указана,2025,230,none,,Сальск,165.5
2025-08-19,,,,23.1,0.0,OSM-Сальск-93149078,не указана,2025,231,none,,Сальск,165.5
2025-08-20,,,,24.8,0.0,OSM-Сальск-93149078,не указана,2025,232,none,,Сальск,165.5
2025-08-21,,,,24.2,1.6,OSM-Сальск-93149078,не указана,2025,233,none,,Сальск,165.5
2025-08-22,,,,26.3,0.0,OSM-Сальск-93149078,не указана,2025,234,none,,Сальск,165.5
2025-08-23,,0.2254,,27.2,0.0,OSM-Сальск-93149078,не указана,2025,235,landsat,0.2254,Сальск,165.5
2025-08-24,,,,24.5,0.0,OSM-Сальск-93149078,не указана,2025,236,none,,Сальск,165.5
2025-08-25,,,,20.7,0.0,OSM-Сальск-93149078,не указана,2025,237,none,,Сальск,165.5
2025-08-26,,,,18.6,0.2,OSM-Сальск-93149078,не указана,2025,238,none,,Сальск,165.5
2025-08-27,,,,20.6,0.0,OSM-Сальск-93149078,не указана,2025,239,none,,Сальск,165.5
2025-08-28,,,,23.6,0.0,OSM-Сальск-93149078,не указана,2025,240,none,,Сальск,165.5
2025-08-29,,,0.2525,25.4,0.0,OSM-Сальск-93149078,не указана,2025,241,modis,0.2525,Сальск,165.5
2025-08-30,,,,26.9,0.0,OSM-Сальск-93149078,не указана,2025,242,none,,Сальск,165.5
2025-08-31,,0.2097,,27.0,0.0,OSM-Сальск-93149078,не указана,2025,243,landsat,0.2097,Сальск,165.5
2025-09-01,,,,29.0,0.0,OSM-Сальск-93149078,не указана,2025,244,none,,Сальск,165.5
2025-09-02,,,,24.2,2.9,OSM-Сальск-93149078,не указана,2025,245,none,,Сальск,165.5
2025-09-03,,,,24.1,0.0,OSM-Сальск-93149078,не указана,2025,246,none,,Сальск,165.5
2025-09-04,,,,19.8,0.0,OSM-Сальск-93149078,не указана,2025,247,none,,Сальск,165.5
2025-09-05,,,,18.7,0.0,OSM-Сальск-93149078,не указана,2025,248,none,,Сальск,165.5
2025-09-06,,,,19.1,0.0,OSM-Сальск-93149078,не указана,2025,249,none,,Сальск,165.5
2025-09-07,,,,21.3,0.0,OSM-Сальск-93149078,не указана,2025,250,none,,Сальск,165.5
2025-09-08,0.135,0.1985,,22.6,0.8,OSM-Сальск-93149078,не указана,2025,251,s2,0.135,Сальск,165.5
2025-09-09,,,,21.1,2.3,OSM-Сальск-93149078,не указана,2025,252,none,,Сальск,165.5
2025-09-10,,,,19.8,0.0,OSM-Сальск-93149078,не указана,2025,253,none,,Сальск,165.5
2025-09-11,,,,18.6,0.0,OSM-Сальск-93149078,не указана,2025,254,none,,Сальск,165.5
2025-09-12,,,,18.1,0.0,OSM-Сальск-93149078,не указана,2025,255,none,,Сальск,165.5
2025-09-13,,,,15.8,0.0,OSM-Сальск-93149078,не указана,2025,256,none,,Сальск,165.5
2025-09-14,,,0.2521,17.7,0.0,OSM-Сальск-93149078,не указана,2025,257,modis,0.2521,Сальск,165.5
2025-09-15,,,,18.0,0.0,OSM-Сальск-93149078,не указана,2025,258,none,,Сальск,165.5
2025-09-16,,0.2065,,17.6,0.0,OSM-Сальск-93149078,не указана,2025,259,landsat,0.2065,Сальск,165.5
2025-09-17,,,,18.4,0.0,OSM-Сальск-93149078,не указана,2025,260,none,,Сальск,165.5
2025-09-18,,,,19.1,3.9,OSM-Сальск-93149078,не указана,2025,261,none,,Сальск,165.5
2025-09-19,,,,15.0,16.1,OSM-Сальск-93149078,не указана,2025,262,none,,Сальск,165.5
2025-09-20,,,,15.1,0.7,OSM-Сальск-93149078,не указана,2025,263,none,,Сальск,165.5
2025-09-21,,,,16.4,0.0,OSM-Сальск-93149078,не указана,2025,264,none,,Сальск,165.5
2025-09-22,,,,17.7,0.0,OSM-Сальск-93149078,не указана,2025,265,none,,Сальск,165.5
2025-09-23,,,,19.4,0.0,OSM-Сальск-93149078,не указана,2025,266,none,,Сальск,165.5
2025-09-24,,0.2055,,18.8,0.0,OSM-Сальск-93149078,не указана,2025,267,landsat,0.2055,Сальск,165.5
2025-09-25,,,,15.1,2.7,OSM-Сальск-93149078,не указана,2025,268,none,,Сальск,165.5
2025-09-26,,,,10.8,0.7,OSM-Сальск-93149078,не указана,2025,269,none,,Сальск,165.5
2025-09-27,,,,10.3,0.0,OSM-Сальск-93149078,не указана,2025,270,none,,Сальск,165.5
2025-09-28,,,,11.7,0.0,OSM-Сальск-93149078,не указана,2025,271,none,,Сальск,165.5
2025-09-29,,,,11.5,11.5,OSM-Сальск-93149078,не указана,2025,272,none,,Сальск,165.5
2025-09-30,,,0.23420000000000002,9.2,4.4,OSM-Сальск-93149078,не указана,2025,273,modis,0.23420000000000002,Сальск,165.5
2025-10-01,,,,11.5,0.0,OSM-Сальск-93149078,не указана,2025,274,none,,Сальск,165.5
2025-10-02,,,,12.0,0.0,OSM-Сальск-93149078,не указана,2025,275,none,,Сальск,165.5
2025-10-03,,,,13.6,0.0,OSM-Сальск-93149078,не указана,2025,276,none,,Сальск,165.5
2025-10-04,,,,15.9,0.0,OSM-Сальск-93149078,не указана,2025,277,none,,Сальск,165.5
2025-10-05,,,,15.4,0.4,OSM-Сальск-93149078,не указана,2025,278,none,,Сальск,165.5
2025-10-06,,,,14.4,0.0,OSM-Сальск-93149078,не указана,2025,279,none,,Сальск,165.5
2025-10-07,,,,16.5,0.0,OSM-Сальск-93149078,не указана,2025,280,none,,Сальск,165.5
2025-10-08,,,,16.9,0.0,OSM-Сальск-93149078,не указана,2025,281,none,,Сальск,165.5
2025-10-09,,,,16.1,3.6,OSM-Сальск-93149078,не указана,2025,282,none,,Сальск,165.5
2025-10-10,,,,15.3,0.8,OSM-Сальск-93149078,не указана,2025,283,none,,Сальск,165.5
2025-10-11,,,,13.9,0.4,OSM-Сальск-93149078,не указана,2025,284,none,,Сальск,165.5
2025-10-12,,,,13.0,0.0,OSM-Сальск-93149078,не указана,2025,285,none,,Сальск,165.5
2025-10-13,,,,12.8,1.4,OSM-Сальск-93149078,не указана,2025,286,none,,Сальск,165.5
2025-10-14,,,,10.1,0.0,OSM-Сальск-93149078,не указана,2025,287,none,,Сальск,165.5
2025-10-15,,,,10.7,1.8,OSM-Сальск-93149078,не указана,2025,288,none,,Сальск,165.5
2025-10-16,,,0.33390000000000003,7.8,0.0,OSM-Сальск-93149078,не указана,2025,289,modis,0.33390000000000003,Сальск,165.5
2025-10-17,,,,7.4,0.0,OSM-Сальск-93149078,не указана,2025,290,none,,Сальск,165.5
2025-10-18,,0.2114,,12.0,2.9,OSM-Сальск-93149078,не указана,2025,291,landsat,0.2114,Сальск,165.5
2025-10-19,,,,12.9,9.5,OSM-Сальск-93149078,не указана,2025,292,none,,Сальск,165.5
2025-10-20,,,,9.7,3.1,OSM-Сальск-93149078,не указана,2025,293,none,,Сальск,165.5
2025-10-21,,,,9.1,0.4,OSM-Сальск-93149078,не указана,2025,294,none,,Сальск,165.5
2025-10-22,,,,9.6,0.0,OSM-Сальск-93149078,не указана,2025,295,none,,Сальск,165.5
2025-10-23,,,,10.7,0.0,OSM-Сальск-93149078,не указана,2025,296,none,,Сальск,165.5
2025-10-24,,,,12.2,1.6,OSM-Сальск-93149078,не указана,2025,297,none,,Сальск,165.5
2025-10-25,,,,12.0,3.6,OSM-Сальск-93149078,не указана,2025,298,none,,Сальск,165.5
2025-10-26,,,,8.7,0.0,OSM-Сальск-93149078,не указана,2025,299,none,,Сальск,165.5
2025-10-27,,,,11.6,1.3,OSM-Сальск-93149078,не указана,2025,300,none,,Сальск,165.5
2025-10-28,,,,13.7,4.4,OSM-Сальск-93149078,не указана,2025,301,none,,Сальск,165.5
2025-10-29,,,,11.2,3.5,OSM-Сальск-93149078,не указана,2025,302,none,,Сальск,165.5
2025-10-30,,,,10.0,1.9,OSM-Сальск-93149078,не указана,2025,303,none,,Сальск,165.5
2025-10-31,,,,10.9,3.1,OSM-Сальск-93149078,не указана,2025,304,none,,Сальск,165.5
2025-11-01,,,0.24480000000000002,11.0,0.0,OSM-Сальск-93149078,не указана,2025,305,modis,0.24480000000000002,Сальск,165.5
