anon_polygon_id,date,primary_ndvi_pred
AOI-0001,2010-08-29,0.16191291505695254
AOI-0001,2010-10-25,0.16678725504305214
AOI-0001,2011-06-13,0.612838278843969
AOI-0001,2011-09-18,0.270616836806471
AOI-0001,2011-09-26,0.2307210692857648
AOI-0001,2011-09-30,0.38618981945176045
AOI-0001,2012-05-24,0.6950496419616552
AOI-0001,2012-07-09,0.2264759340764
AOI-0001,2012-07-11,0.32325746555302437
AOI-0001,2012-08-10,0.163821212544426
AOI-0001,2012-08-12,0.29640283004578605
AOI-0001,2012-10-15,0.36121948740630694
AOI-0001,2013-05-01,0.8522036386681817
AOI-0001,2013-07-12,0.22554138165956555
AOI-0001,2013-09-30,0.5311867383903413
AOI-0001,2014-04-18,0.22747488077212957
AOI-0001,2014-05-25,0.6856771638839683
AOI-0001,2014-06-26,0.7889077711934549
AOI-0001,2014-07-15,0.7320409965693606
AOI-0001,2014-07-28,0.5672511728057996
AOI-0001,2014-08-09,0.4191585987204861
AOI-0001,2014-08-13,0.38680702462266303
AOI-0001,2014-10-03,0.18592078295254505
AOI-0001,2014-10-16,0.26797637370537564
AOI-0001,2015-04-13,0.46989453993404684
AOI-0001,2015-08-11,0.21988503167667844
AOI-0001,2015-08-12,0.15953771826626884
AOI-0001,2015-08-27,0.21735222970955448
AOI-0001,2015-09-20,0.1482961499085309
AOI-0001,2015-09-28,0.1943155507119521
AOI-0001,2016-06-27,0.26710006972311606
AOI-0001,2016-07-04,0.2601449816448901
AOI-0001,2016-07-20,0.24722465379750222
AOI-0001,2016-07-27,0.3498781487234873
AOI-0001,2016-08-29,0.2833689793844347
AOI-0001,2016-08-30,0.2279899530790242
AOI-0001,2016-09-15,0.25564729535898956
AOI-0001,2016-09-29,0.431430844038005
AOI-0001,2017-05-12,0.8165248333587611
AOI-0001,2017-06-29,0.5667099701411975
AOI-0001,2017-07-12,0.5319109954753272
AOI-0001,2017-08-09,0.3204210549966161
AOI-0001,2017-08-29,0.19082945395348477
AOI-0001,2017-09-08,0.1958753984784044
AOI-0001,2017-09-14,0.3092288895212073
AOI-0001,2018-04-05,0.46015609976802796
AOI-0001,2018-04-23,0.8010161458787306
AOI-0001,2018-05-01,0.8464416455130643
AOI-0001,2018-06-08,0.666828895523722
AOI-0001,2018-07-12,0.3154609552407336
AOI-0001,2018-09-28,0.16344977255480947
AOI-0001,2018-10-13,0.1850021346884405
AOI-0001,2019-05-11,0.5042388082154206
AOI-0001,2019-05-31,0.7187397225578154
AOI-0001,2019-06-04,0.7234604385146504
AOI-0001,2019-06-05,0.725751657692066
AOI-0001,2019-06-25,0.3234009302269284
AOI-0001,2019-07-12,0.49994899261663905
AOI-0001,2019-07-22,0.41383394444281074
AOI-0001,2019-07-29,0.45731430486776015
AOI-0001,2019-08-30,0.22981125040932127
AOI-0001,2019-09-07,0.30445891783226287
AOI-0001,2019-09-08,0.21876002202185413
AOI-0001,2019-09-18,0.09260233472708121
AOI-0001,2020-04-03,0.553443219165442
AOI-0001,2020-04-26,0.6374523001890569
AOI-0001,2020-05-30,0.8143556435351735
AOI-0001,2020-06-09,0.8125948735135256
AOI-0001,2020-07-14,0.1460936969521553
AOI-0001,2020-07-23,0.23677827479895808
AOI-0001,2020-07-27,0.3141941501302272
AOI-0001,2020-08-08,0.2050925915926214
AOI-0001,2020-09-01,0.30149350752356463
AOI-0001,2020-09-02,0.29814393428289276
AOI-0001,2020-09-12,0.24773652473721194
AOI-0001,2020-09-22,0.2209429297030604
AOI-0001,2020-09-29,0.27295163742167716
AOI-0001,2020-10-11,0.22175707862922883
AOI-0001,2020-10-12,0.14272578021317744
AOI-0001,2020-10-19,0.18607390990351114
AOI-0001,2021-05-15,0.4181041711337736
AOI-0001,2021-05-20,0.3711482170591729
AOI-0001,2021-06-10,0.6766770622281382
AOI-0001,2021-07-02,0.6354607963381154
AOI-0001,2021-07-24,0.6997311309080212
AOI-0001,2021-09-17,0.24415326916923158
AOI-0001,2022-04-25,0.5596442665752586
AOI-0001,2022-06-03,0.8158162774450128
AOI-0001,2022-09-02,0.19651515221626464
AOI-0001,2022-09-30,0.28946579894470725
AOI-0001,2022-10-01,0.2625738246687267
AOI-0001,2022-10-17,0.2086871053535922
AOI-0001,2023-05-25,0.8458530580250418
AOI-0001,2023-06-23,0.7925788473155511
AOI-0001,2023-07-15,0.21730744883704672
AOI-0001,2023-07-29,0.1775893981215917
AOI-0001,2023-08-03,0.16703508536564254
AOI-0001,2023-08-08,0.1773309885819398
AOI-0001,2023-08-13,0.18815057483653674
AOI-0001,2023-08-17,0.2778541399277794
AOI-0001,2023-08-28,0.21562554380469673
AOI-0001,2023-08-29,0.3074364293631058
AOI-0001,2023-09-12,0.22085260294517012
AOI-0001,2024-04-06,0.6751725913946585
AOI-0001,2024-05-24,0.8086169407193298
AOI-0001,2024-06-01,0.7875763151223976
AOI-0001,2024-06-03,0.7964262938532998
AOI-0001,2024-06-09,0.6274791651487891
AOI-0001,2024-06-13,0.5172212309448744
AOI-0001,2024-06-17,0.4901591929221563
AOI-0001,2024-06-23,0.3418696318731317
AOI-0001,2024-06-25,0.37810276261128273
AOI-0001,2024-07-03,0.2811795108119667
AOI-0001,2024-09-11,0.1396904912405235
AOI-0001,2024-09-13,0.2156906579066049
AOI-0001,2024-09-16,0.1576968409256253
AOI-0001,2024-09-29,0.20085151979314825
AOI-0001,2025-04-23,0.47372610889473754
AOI-0001,2025-05-03,0.35268589652384674
AOI-0001,2025-06-03,0.5021722024294679
AOI-0001,2025-06-27,0.6992718128206057
AOI-0001,2025-07-05,0.6725942445394844
AOI-0001,2025-07-12,0.4804854120219558
AOI-0001,2025-07-13,0.4054552016015911
AOI-0001,2025-07-23,0.4280994178593692
AOI-0001,2025-07-28,0.39802570719994446
AOI-0001,2025-07-29,0.41598071512738233
AOI-0001,2025-08-02,0.3220985671589729
AOI-0001,2025-10-28,0.21232357568291493
AOI-0002,2025-05-03,0.8555529741600036
AOI-0002,2025-06-03,0.5984177914338018
AOI-0002,2025-06-26,0.4643725900319854
AOI-0002,2025-07-29,0.2563106653577436
AOI-0002,2025-08-02,0.1711365882323932
AOI-0002,2025-08-13,0.2753539885452264
AOI-0002,2025-08-19,0.16269002628713686
AOI-0003,2025-04-01,0.41258071088036974
AOI-0003,2025-04-18,0.8202753537445571
AOI-0003,2025-04-19,0.8513982943036105
AOI-0003,2025-05-06,0.8520312816312658
AOI-0003,2025-06-04,0.7969090420901563
AOI-0003,2025-06-13,0.4995313629434306
AOI-0003,2025-07-07,0.17597113239640233
AOI-0003,2025-07-13,0.1654675349326431
AOI-0003,2025-07-15,0.14888370144233712
AOI-0003,2025-08-04,0.1499858495999854
AOI-0003,2025-08-07,0.17715714885233086
AOI-0003,2025-08-14,0.1750060347574442
AOI-0003,2025-08-22,0.17264504147430038
AOI-0003,2025-08-23,0.2338788747744246
AOI-0004,2025-04-23,0.7163073656824073
AOI-0004,2025-05-04,0.6749248326192561
AOI-0004,2025-05-24,0.723562245119781
AOI-0004,2025-05-25,0.7048094892934895
AOI-0004,2025-06-30,0.6138907816620613
AOI-0004,2025-07-12,0.5226990335834754
AOI-0004,2025-07-23,0.4759742874174717
AOI-0004,2025-08-02,0.38743226072704284
AOI-0004,2025-09-14,0.3870983312326318
AOI-0004,2025-09-23,0.362289588921347
AOI-0005,2025-05-01,0.6633401298775325
AOI-0005,2025-05-03,0.6799581778394961
AOI-0005,2025-05-14,0.6324358908170788
AOI-0005,2025-06-11,0.5884505696007607
AOI-0005,2025-07-21,0.5040556263786568
AOI-0005,2025-08-17,0.31385545519939473
AOI-0005,2025-09-01,0.2317677387786234
AOI-0006,2025-04-01,0.17610301507655207
AOI-0006,2025-05-09,0.427764946172731
AOI-0006,2025-05-25,0.5884255937689724
AOI-0006,2025-07-28,0.4199161700154658
AOI-0006,2025-08-09,0.25782741470401094
AOI-0006,2025-08-22,0.28300342969117476
AOI-0006,2025-08-30,0.2626710298232297
AOI-0006,2025-09-07,0.22901398024137104
AOI-0006,2025-10-28,0.2532559305358116
AOI-0007,2025-04-01,0.16077245515602007
AOI-0007,2025-04-18,0.2551613770979765
AOI-0007,2025-04-29,0.3882842163163619
AOI-0007,2025-05-01,0.3920224254813711
AOI-0007,2025-06-26,0.312910104334993
AOI-0007,2025-07-28,0.14133461610844678
AOI-0007,2025-08-13,0.2192375236636494
AOI-0007,2025-08-14,0.14089202819614635
AOI-0007,2025-08-16,0.14526467924950726
AOI-0007,2025-09-11,0.1409359003569706
AOI-0007,2025-09-26,0.1684982957092624
AOI-0008,2025-04-17,0.8111150293720215
AOI-0008,2025-04-24,0.8249372766197147
AOI-0008,2025-05-19,0.8940062069509862
AOI-0008,2025-07-08,0.20514887132399634
AOI-0008,2025-07-15,0.15571828762748857
AOI-0008,2025-07-17,0.16120987392104175
AOI-0008,2025-08-13,0.23418264505690084
AOI-0008,2025-09-01,0.13251027068055665
AOI-0008,2025-09-30,0.2436870992442114
AOI-0008,2025-10-16,0.22224694914005616
AOI-0009,2025-04-01,0.42304663708113577
AOI-0009,2025-04-23,0.8301261609610697
AOI-0009,2025-05-04,0.8507725862384992
AOI-0009,2025-06-30,0.1858434474647146
AOI-0009,2025-07-05,0.1758051994318221
AOI-0009,2025-07-10,0.16581583255455945
AOI-0009,2025-07-25,0.15426236365779766
AOI-0009,2025-08-12,0.16682912630506797
AOI-0009,2025-08-17,0.15791495980229997
AOI-0009,2025-08-22,0.15910992393962514
AOI-0009,2025-08-24,0.13788733358394953
AOI-0009,2025-09-14,0.25805985098490436
AOI-0009,2025-09-16,0.16254559608879154
AOI-0009,2025-09-25,0.140941602328787
AOI-0009,2025-10-03,0.15756386986164495
AOI-0010,2010-06-19,0.3124419923941735
AOI-0010,2010-08-06,0.1793040470552552
AOI-0010,2010-08-22,0.1884404622205318
AOI-0010,2011-06-14,0.5446332703209706
AOI-0010,2011-07-12,0.3801906026619647
AOI-0010,2011-08-09,0.22895936188038551
AOI-0010,2011-08-13,0.31145722538713194
AOI-0010,2011-09-10,0.18853078383726252
AOI-0010,2012-04-13,0.27217855991714957
AOI-0010,2012-08-03,0.17576982668747837
AOI-0010,2013-04-16,0.7851212100420843
AOI-0010,2013-05-25,0.7112966178163298
AOI-0010,2013-06-26,0.33709477062994575
AOI-0010,2013-07-12,0.3019728688925845
AOI-0010,2014-05-29,0.762731084054282
AOI-0010,2014-06-06,0.5809895480199262
AOI-0010,2014-06-10,0.34019693854868116
AOI-0010,2014-08-29,0.23317726282156975
AOI-0010,2014-09-30,0.24681876666387986
AOI-0010,2015-04-07,0.2998696050746511
AOI-0010,2015-04-14,0.22522891653038019
AOI-0010,2015-05-25,0.34532749253229156
AOI-0010,2015-10-07,0.2118859856179104
AOI-0010,2016-07-27,0.3836262211428615
AOI-0010,2016-08-12,0.36369081250413726
AOI-0010,2016-09-13,0.27298926741679563
AOI-0010,2017-04-03,0.2918579208324237
AOI-0010,2017-04-07,0.5361734656825545
AOI-0010,2017-08-01,0.15806363893897324
AOI-0010,2017-08-04,0.14233523715592966
AOI-0010,2017-08-13,0.24093681772243714
AOI-0010,2017-08-29,0.1805865916713058
AOI-0010,2018-05-16,0.8308291207632006
AOI-0010,2018-07-28,0.23129912775547062
AOI-0010,2018-08-28,0.18433374900217075
AOI-0010,2018-09-14,0.2139954348938516
AOI-0010,2019-04-06,0.3271870634388214
AOI-0010,2019-04-28,0.7543740714297289
AOI-0010,2019-05-19,0.8036369763888915
AOI-0010,2019-06-20,0.18382095132143278
AOI-0010,2019-06-26,0.2532512663112714
AOI-0010,2019-06-27,0.13996595764929542
AOI-0010,2019-07-20,0.14404039366829618
AOI-0010,2019-08-13,0.31239744160741983
AOI-0010,2019-08-19,0.18689819780508776
AOI-0010,2019-08-21,0.18992548700071205
AOI-0010,2019-09-23,0.13193014239226952
AOI-0010,2020-06-06,0.3578950794631538
AOI-0010,2020-06-09,0.38538551316372804
AOI-0010,2020-07-16,0.12606651342377195
AOI-0010,2020-07-19,0.11509085340101476
AOI-0010,2020-07-26,0.14799055092709373
AOI-0010,2020-07-31,0.14686269214560438
AOI-0010,2020-09-09,0.16052849364612753
AOI-0010,2020-09-13,0.23929579661646555
AOI-0010,2020-09-19,0.12333669258513898
AOI-0010,2020-09-27,0.13663079796178007
AOI-0010,2021-05-05,0.32698740752858235
AOI-0010,2021-05-09,0.485074814806009
AOI-0010,2021-07-28,0.30307604404832555
AOI-0010,2021-08-05,0.22403779576076088
AOI-0010,2021-09-04,0.2143909365315581
AOI-0010,2021-09-17,0.3558392871943562
AOI-0010,2021-10-27,0.35001035646903556
AOI-0010,2022-06-06,0.717519639413285
AOI-0010,2022-06-10,0.6317235765686064
AOI-0010,2022-06-11,0.667743751234436
AOI-0010,2022-07-17,0.2500213506704232
AOI-0010,2022-07-28,0.3341675570168464
AOI-0010,2022-09-08,0.30559421272971343
AOI-0010,2023-04-02,0.4616553751265303
AOI-0010,2023-04-27,0.6394984179188237
AOI-0010,2023-06-08,0.7254010198136034
AOI-0010,2023-06-16,0.6305484013292956
AOI-0010,2023-08-23,0.23709870979000275
AOI-0010,2023-08-30,0.24939022483269624
AOI-0010,2023-09-19,0.2581305877837715
AOI-0010,2024-04-04,0.6300857429597426
AOI-0010,2024-04-26,0.5946355841571768
AOI-0010,2024-05-08,0.8101049585830018
AOI-0010,2024-05-21,0.7280290920219195
AOI-0010,2024-06-18,0.21767520094032172
AOI-0010,2024-06-20,0.2116401863219889
AOI-0010,2024-07-08,0.18019813196511636
AOI-0010,2024-07-15,0.1823537371164678
AOI-0010,2024-08-12,0.1964693756225815
AOI-0010,2024-09-06,0.21221351844615383
AOI-0010,2024-09-28,0.19446887934794327
AOI-0010,2024-10-01,0.19854295933687344
AOI-0010,2024-10-15,0.26877741785447495
AOI-0010,2024-10-23,0.2195903235059326
AOI-0010,2025-04-16,0.35213923388051904
AOI-0010,2025-04-18,0.42708532644532804
AOI-0010,2025-05-09,0.7124514061005163
AOI-0010,2025-06-05,0.5441696402534903
AOI-0010,2025-06-07,0.47605375547917717
AOI-0010,2025-06-28,0.14826686750215873
AOI-0010,2025-07-05,0.18546215503177604
AOI-0010,2025-07-06,0.2488738670668503
AOI-0010,2025-07-07,0.18266075569185475
AOI-0010,2025-07-25,0.15361462024781325
AOI-0010,2025-07-30,0.15526766705884504
AOI-0010,2025-08-16,0.17599500578499977
AOI-0010,2025-08-27,0.18056375388605866
AOI-0010,2025-09-16,0.2025211471843138
AOI-0010,2025-09-30,0.2970459227175721
AOI-0010,2025-10-05,0.19539547741561203
AOI-0011,2025-04-07,0.7906843460962298
AOI-0011,2025-04-17,0.7918466837812097
AOI-0011,2025-04-23,0.8389474118989622
AOI-0011,2025-04-28,0.8572122242390818
AOI-0011,2025-05-24,0.8336996794475449
AOI-0011,2025-06-03,0.5604921196362072
AOI-0011,2025-07-12,0.3030983930019452
AOI-0011,2025-08-06,0.22097994871417204
AOI-0011,2025-08-14,0.19113445967113624
AOI-0011,2025-08-19,0.19889796952453154
AOI-0011,2025-08-27,0.18259289718637023
AOI-0011,2025-09-30,0.2675134182353177
AOI-0011,2025-10-03,0.16971638202616257
AOI-0011,2025-10-05,0.12166535769528046
AOI-0012,2025-04-01,0.2000358853991961
AOI-0012,2025-04-28,0.48120439112106517
AOI-0012,2025-05-16,0.7720598210187786
AOI-0012,2025-06-03,0.6627817076779262
AOI-0012,2025-06-05,0.551600242601257
AOI-0012,2025-06-15,0.2687891814622825
AOI-0012,2025-06-26,0.3056844702573104
AOI-0012,2025-07-10,0.1690084521969047
AOI-0012,2025-07-18,0.14132582454784265
AOI-0012,2025-07-30,0.15651651688406917
AOI-0013,2010-04-16,0.7244774666485398
AOI-0013,2010-06-10,0.3573116423300685
AOI-0013,2010-06-19,0.3258641285013657
AOI-0013,2010-10-24,0.20297780758622735
AOI-0013,2011-04-18,0.23687352843600612
AOI-0013,2011-04-26,0.22802381182161235
AOI-0013,2012-05-08,0.48189932100448074
AOI-0013,2012-06-23,0.44742438241438875
AOI-0013,2012-08-12,0.4221772056888182
AOI-0013,2013-04-16,0.2878586766844067
AOI-0013,2013-04-24,0.2841012933386305
AOI-0013,2013-05-02,0.2825819354034894
AOI-0013,2013-05-09,0.37116681497024306
AOI-0013,2013-06-11,0.47965437846461123
AOI-0013,2013-07-12,0.4760657226847391
AOI-0013,2013-07-28,0.4193756217710468
AOI-0013,2014-05-29,0.4506507652685845
AOI-0013,2014-06-10,0.505048678236942
AOI-0013,2014-07-28,0.3486696671638333
AOI-0013,2014-08-01,0.37512532118058894
AOI-0013,2014-08-08,0.3665459270802087
AOI-0013,2014-08-13,0.35397577151273263
AOI-0013,2015-05-09,0.6124480938857997
AOI-0013,2015-05-23,0.4609645408727473
AOI-0013,2015-07-12,0.46568175480513874
AOI-0013,2015-08-20,0.4389268113858078
AOI-0013,2015-10-07,0.34284609609897254
AOI-0013,2015-10-16,0.32220974726680207
AOI-0013,2016-05-09,0.4622145630526101
AOI-0013,2016-05-10,0.42301641322508465
AOI-0013,2016-08-12,0.6591436611737205
AOI-0013,2016-08-21,0.6608109459426814
AOI-0013,2016-09-13,0.5540551754860441
AOI-0013,2016-10-09,0.6269119600695938
AOI-0013,2017-04-11,0.22267068284472313
AOI-0013,2017-04-28,0.3502030784342407
AOI-0013,2017-05-01,0.3383991846265524
AOI-0013,2017-05-21,0.5591348378247206
AOI-0013,2017-05-29,0.5227863106278124
AOI-0013,2017-06-30,0.7130355861810298
AOI-0013,2017-07-27,0.558979191500097
AOI-0013,2017-08-08,0.40895822368429047
AOI-0013,2017-08-24,0.3867799345779427
AOI-0013,2017-09-13,0.4557888248063201
AOI-0013,2017-09-17,0.5105853937603189
AOI-0013,2017-09-30,0.3702935552750012
AOI-0013,2018-05-25,0.46822832810910253
AOI-0013,2018-06-08,0.37286961646872196
AOI-0013,2018-06-15,0.3591590694680312
AOI-0013,2018-07-12,0.4558840788913633
AOI-0013,2018-08-13,0.37543498222478666
AOI-0013,2018-08-27,0.3997542919399326
AOI-0013,2018-09-28,0.39301985020803065
AOI-0013,2018-10-06,0.4359802005951362
AOI-0013,2019-04-01,0.25600719922479886
AOI-0013,2019-05-06,0.41217858109149474
AOI-0013,2019-06-02,0.38456712378270785
AOI-0013,2019-06-05,0.43823792962825536
AOI-0013,2019-06-12,0.4515673637783699
AOI-0013,2019-06-25,0.4299095968444011
AOI-0013,2019-07-17,0.42508275834486897
AOI-0013,2019-07-28,0.5615051120143659
AOI-0013,2019-08-24,0.47427115657801255
AOI-0013,2019-08-31,0.5216744957051249
AOI-0013,2019-09-08,0.5117706582695902
AOI-0013,2019-09-13,0.5150994207146482
AOI-0013,2019-10-02,0.557954892903314
AOI-0013,2019-10-10,0.5671608109331578
AOI-0013,2019-10-17,0.5105597431786801
AOI-0013,2020-04-22,0.3014856960793483
AOI-0013,2020-05-12,0.3496048545472763
AOI-0013,2020-06-24,0.48953666864500145
AOI-0013,2020-06-26,0.5099355004459903
AOI-0013,2020-08-12,0.37086692762122697
AOI-0013,2020-08-15,0.376236329535808
AOI-0013,2020-08-16,0.4214681594965527
AOI-0013,2020-08-20,0.40568246247657724
AOI-0013,2020-10-27,0.39065134733005735
AOI-0013,2021-04-23,0.5390397728686053
AOI-0013,2021-06-10,0.6574885203536833
AOI-0013,2021-06-11,0.5275684577775769
AOI-0013,2021-06-21,0.5309278282014507
AOI-0013,2021-07-12,0.5091954539341146
AOI-0013,2021-07-14,0.5240272732339373
AOI-0013,2021-08-20,0.4931739220571352
AOI-0013,2021-10-14,0.516783516212765
AOI-0013,2021-10-16,0.37686690876914
AOI-0013,2022-04-02,0.540121229937446
AOI-0013,2022-04-17,0.5899535857098654
AOI-0013,2022-04-24,0.5693362263958818
AOI-0013,2022-04-25,0.569073809952976
AOI-0013,2022-06-10,0.5106962881627989
AOI-0013,2022-06-16,0.3703489387924972
AOI-0013,2022-06-26,0.5304136533654589
AOI-0013,2022-07-05,0.5454102741602975
AOI-0013,2022-07-17,0.5782955767184401
AOI-0013,2022-07-22,0.5534659923546474
AOI-0013,2022-08-14,0.5488025893833683
AOI-0013,2022-09-14,0.3822167626978825
AOI-0013,2022-10-07,0.4616635020538359
AOI-0013,2022-10-14,0.439554012794938
AOI-0013,2023-04-10,0.4611384253337938
AOI-0013,2023-06-21,0.5351073843808792
AOI-0013,2023-06-29,0.5520167534810791
AOI-0013,2023-07-06,0.543090949392991
AOI-0013,2023-07-12,0.4808050980853803
AOI-0013,2023-07-24,0.48172975044668465
AOI-0013,2023-08-05,0.5206288392932592
AOI-0013,2023-08-20,0.5099519520167198
AOI-0013,2023-08-23,0.5441604762769092
AOI-0013,2023-08-26,0.523504445020677
AOI-0013,2023-09-11,0.5372080904584793
AOI-0013,2023-09-14,0.39683832347960246
AOI-0013,2023-09-24,0.5012188034446208
AOI-0013,2023-10-05,0.4532945618818245
AOI-0013,2023-10-14,0.39442718857622827
AOI-0013,2023-10-17,0.3360916566558938
AOI-0013,2023-10-19,0.3549291056918029
AOI-0013,2024-04-26,0.35031695073425273
AOI-0013,2024-05-04,0.5003511763540592
AOI-0013,2024-05-23,0.5406048613541508
AOI-0013,2024-05-24,0.5289416549878792
AOI-0013,2024-06-30,0.5086602978985804
AOI-0013,2024-07-02,0.5648615546367454
AOI-0013,2024-07-11,0.5153133406772779
AOI-0013,2024-07-26,0.4894105984623784
AOI-0013,2024-07-27,0.4978290682791296
AOI-0013,2024-08-09,0.5118047689687861
AOI-0013,2024-08-11,0.5161959891579879
AOI-0013,2024-09-03,0.4760785631168267
AOI-0013,2024-09-06,0.5123729111426314
AOI-0013,2024-09-26,0.4621329823706126
AOI-0013,2024-10-08,0.4070336552726491
AOI-0013,2025-04-01,0.3883141034295896
AOI-0013,2025-04-28,0.5441523477603893
AOI-0013,2025-05-16,0.495111825078663
AOI-0013,2025-05-19,0.5082183982991255
AOI-0013,2025-05-24,0.48231932527776655
AOI-0013,2025-07-07,0.5203235071589563
AOI-0013,2025-07-08,0.5065532999737776
AOI-0013,2025-07-14,0.5071435405087572
AOI-0013,2025-07-21,0.5990014268264796
AOI-0013,2025-07-27,0.5095255703805373
AOI-0013,2025-08-15,0.5131069016460601
AOI-0013,2025-09-03,0.4998855426836356
AOI-0013,2025-09-07,0.5385128366799261
AOI-0014,2010-04-07,0.4185114228243483
AOI-0014,2010-04-24,0.7234545709697158
AOI-0014,2010-06-10,0.7380915975791071
AOI-0014,2010-09-23,0.17094548003002485
AOI-0014,2011-04-19,0.19580168110523644
AOI-0014,2011-04-26,0.2127721349579168
AOI-0014,2011-05-09,0.6224438470914084
AOI-0014,2011-05-28,0.589711064226579
AOI-0014,2011-06-14,0.7705857704969152
AOI-0014,2011-08-01,0.4435972583492013
AOI-0014,2011-09-14,0.3061427891779571
AOI-0014,2011-09-17,0.1761219036423426
AOI-0014,2011-10-27,0.33306306103308514
AOI-0014,2012-05-06,0.7370821209512253
AOI-0014,2012-06-25,0.415930162654096
AOI-0014,2012-08-28,0.34254746244010903
AOI-0014,2012-09-04,0.18046734249444574
AOI-0014,2012-09-11,0.21369644499626478
AOI-0014,2012-09-27,0.15969401084855256
AOI-0014,2013-05-09,0.29836012098268316
AOI-0014,2013-06-11,0.6238160401810151
AOI-0014,2013-06-19,0.716852556781127
AOI-0014,2013-07-28,0.6224163749677571
AOI-0014,2013-09-14,0.3622750048394834
AOI-0014,2013-09-23,0.23757242820599642
AOI-0014,2014-06-26,0.4921214252995164
AOI-0014,2014-06-29,0.288606383202126
AOI-0014,2014-08-17,0.24182869770630833
AOI-0014,2014-09-30,0.33119013961877997
AOI-0014,2014-10-27,0.21672836920850214
AOI-0014,2015-04-14,0.34738351484711116
AOI-0014,2015-06-16,0.6153229867952053
AOI-0014,2015-06-26,0.4810072654511669
AOI-0014,2015-07-12,0.45721475024663705
AOI-0014,2015-07-27,0.2969419273731224
AOI-0014,2015-08-28,0.1694268451225589
AOI-0014,2016-04-22,0.4732292163636084
AOI-0014,2016-05-09,0.29401913946590486
AOI-0014,2016-06-03,0.7086225624423501
AOI-0014,2016-06-19,0.8535145304356282
AOI-0014,2016-08-13,0.4830768790539667
AOI-0014,2016-08-30,0.30870078193695216
AOI-0014,2017-04-26,0.8169785306712409
AOI-0014,2017-04-28,0.8312627755285469
AOI-0014,2017-05-21,0.9076121225834073
AOI-0014,2017-05-29,0.8797874243767623
AOI-0014,2017-07-23,0.2053446429343292
AOI-0014,2017-07-31,0.23503021850057304
AOI-0014,2017-08-06,0.11613338078149049
AOI-0014,2017-08-21,0.12197379665798413
AOI-0014,2017-09-10,0.15278083093107087
AOI-0014,2017-09-30,0.27016102441383627
AOI-0014,2017-10-08,0.17336724433580286
AOI-0014,2018-04-07,0.6063385475331158
AOI-0014,2018-05-03,0.835010871751336
AOI-0014,2018-06-24,0.23551521735350434
AOI-0014,2018-07-18,0.21389393444792953
AOI-0014,2018-08-27,0.16145213608002734
AOI-0014,2018-10-06,0.23160232940191589
AOI-0014,2019-04-01,0.19809383828960353
AOI-0014,2019-04-21,0.20565008683182978
AOI-0014,2019-05-01,0.2031212038242119
AOI-0014,2019-05-09,0.6055539201156421
AOI-0014,2019-05-27,0.728887309255835
AOI-0014,2019-05-28,0.6162005460322897
AOI-0014,2019-06-04,0.8097948334228353
AOI-0014,2019-06-11,0.8168323468637271
AOI-0014,2019-06-15,0.871243908516502
AOI-0014,2019-06-22,0.817691223911444
AOI-0014,2019-07-06,0.618129126852857
AOI-0014,2019-08-14,0.3295605903320402
AOI-0014,2019-08-26,0.18556261968592896
AOI-0014,2020-04-06,0.6804053812805388
AOI-0014,2020-04-07,0.723956705905076
AOI-0014,2020-04-17,0.6848544922243223
AOI-0014,2020-04-22,0.6126625868051294
AOI-0014,2020-04-25,0.7432814999360016
AOI-0014,2020-05-15,0.6064617560817912
AOI-0014,2020-05-17,0.654588734012957
AOI-0014,2020-06-04,0.6173689791172023
AOI-0014,2020-06-25,0.321596974997419
AOI-0014,2020-07-11,0.15355639780018449
AOI-0014,2020-07-27,0.2843087424840365
AOI-0014,2020-08-16,0.1720373568703864
AOI-0014,2020-09-09,0.15908525827843428
AOI-0014,2020-09-24,0.1312148485889651
AOI-0014,2021-04-07,0.4671722911413285
AOI-0014,2021-04-29,0.6893187351804679
AOI-0014,2021-05-25,0.8952076058682461
AOI-0014,2021-08-13,0.3223836832573068
AOI-0014,2021-08-18,0.16639445101539552
AOI-0014,2021-09-14,0.1774764763098624
AOI-0014,2021-10-12,0.03986664868476929
AOI-0014,2021-10-14,0.2034769236567634
AOI-0014,2022-05-15,0.23232355231133933
AOI-0014,2022-05-26,0.3245782158899324
AOI-0014,2022-05-27,0.26118079631624835
AOI-0014,2022-06-24,0.7665229165375367
AOI-0014,2022-07-14,0.8241508493561145
AOI-0014,2022-07-24,0.7700538542056021
AOI-0014,2022-08-22,0.3648039306717067
AOI-0014,2022-08-29,0.27831099181991004
AOI-0014,2022-09-02,0.17218438739823944
AOI-0014,2022-09-08,0.22319735908544608
AOI-0014,2022-09-14,0.18828074236306702
AOI-0014,2023-06-07,0.8934744781259272
AOI-0014,2023-08-10,0.19992974269301006
AOI-0014,2024-04-04,0.7529772193846771
AOI-0014,2024-05-08,0.8929875462715169
AOI-0014,2024-05-09,0.8475287226639956
AOI-0014,2024-05-21,0.8414347784342531
AOI-0014,2024-05-23,0.8600665371398237
AOI-0014,2024-06-08,0.5236089865312141
AOI-0014,2024-07-25,0.13057019226386296
AOI-0014,2024-08-11,0.20536338050318054
AOI-0014,2024-09-01,0.12107527149278949
AOI-0014,2024-09-08,0.14107229041723268
AOI-0014,2024-09-11,0.12464111355532417
AOI-0014,2024-09-18,0.14263002714966505
AOI-0014,2024-09-29,0.19226369451350317
AOI-0014,2024-10-07,0.18877000668725658
AOI-0014,2024-10-30,0.23679664933938438
AOI-0014,2025-04-23,0.42805448811315594
AOI-0014,2025-05-01,0.21908612908037017
AOI-0014,2025-05-27,0.4232240215931401
AOI-0014,2025-06-13,0.376451948077936
AOI-0014,2025-08-12,0.2996234398423203
AOI-0014,2025-08-15,0.3118667210717671
AOI-0014,2025-08-24,0.1863901285572308
AOI-0014,2025-09-11,0.1577559737481835
AOI-0014,2025-09-14,0.2654473030863642
AOI-0014,2025-09-23,0.17995074495957386
AOI-0014,2025-09-24,0.21720203238035302
AOI-0015,2025-05-04,0.3716062796672075
AOI-0015,2025-05-27,0.5079956356331665
AOI-0015,2025-06-07,0.42684241488806407
AOI-0015,2025-07-03,0.3114401298806466
AOI-0015,2025-07-05,0.39785114438122027
AOI-0015,2025-07-08,0.30596919038786263
AOI-0015,2025-07-13,0.2293995815961753
AOI-0015,2025-07-15,0.21674948853329673
AOI-0015,2025-07-18,0.23169188231712262
AOI-0015,2025-07-21,0.35676342349073464
AOI-0015,2025-07-23,0.25787101898547926
AOI-0015,2025-09-07,0.23197600005690816
AOI-0015,2025-10-13,0.17653641702990147
AOI-0015,2025-10-16,0.26130034787545364
AOI-0015,2025-10-18,0.24136340722146588
AOI-0016,2025-04-19,0.22815864634542732
AOI-0016,2025-05-25,0.5329186670859205
AOI-0016,2025-06-11,0.6065973215106304
AOI-0016,2025-06-26,0.8015826219504392
AOI-0016,2025-07-10,0.8028198491176712
AOI-0016,2025-07-17,0.7243501189366117
AOI-0016,2025-07-18,0.732665068425165
AOI-0016,2025-08-19,0.3499521370496447
AOI-0016,2025-08-29,0.3069638750874153
AOI-0016,2025-10-17,0.2670402607387141
AOI-0017,2010-06-10,0.5715331411627547
AOI-0017,2010-07-29,0.5964273856420701
AOI-0017,2010-09-23,0.4360775761721476
AOI-0017,2011-04-18,0.32048102721880345
AOI-0017,2011-09-17,0.5260205063519898
AOI-0017,2011-09-26,0.516620230604188
AOI-0017,2011-09-30,0.4507893556225092
AOI-0017,2011-10-11,0.46777285540484437
AOI-0017,2011-10-27,0.48118319364739914
AOI-0017,2012-07-18,0.6320957820751583
AOI-0017,2012-07-27,0.4780359360007095
AOI-0017,2012-08-28,0.43153385375205255
AOI-0017,2012-09-29,0.39620672867399465
AOI-0017,2013-05-25,0.6307238372961068
AOI-0017,2013-07-12,0.4760695885371561
AOI-0017,2013-08-14,0.5008668470480819
AOI-0017,2013-09-14,0.5373678624141556
AOI-0017,2013-09-30,0.5887983545694769
AOI-0017,2013-10-09,0.6827561735414609
AOI-0017,2013-10-25,0.586347200375432
AOI-0017,2014-04-23,0.7494487709473459
AOI-0017,2014-06-06,0.5972534466644108
AOI-0017,2014-07-24,0.43647113564351736
AOI-0017,2014-10-04,0.4950958335801291
AOI-0017,2015-04-23,0.44810296996855503
AOI-0017,2015-04-30,0.44790933409677836
AOI-0017,2015-07-11,0.6939359902140387
AOI-0017,2015-07-27,0.6266941047561234
AOI-0017,2015-08-03,0.5127384882704491
AOI-0017,2015-08-29,0.3620160244328938
AOI-0017,2015-10-16,0.34854712000596755
AOI-0017,2016-04-06,0.55783349894783
AOI-0017,2016-04-07,0.4374015743087166
AOI-0017,2016-06-18,0.5873887081912006
AOI-0017,2016-07-05,0.6007616160656379
AOI-0017,2016-07-27,0.5259301023200713
AOI-0017,2016-08-21,0.5567884297147108
AOI-0017,2016-09-15,0.5782877946824372
AOI-0017,2016-10-15,0.43771006610013774
AOI-0017,2016-10-17,0.5872721599870947
AOI-0017,2017-06-06,0.6695847331965241
AOI-0017,2017-07-31,0.7131845263740331
AOI-0017,2017-08-01,0.6486986426048174
AOI-0017,2017-09-02,0.5404049398404451
AOI-0017,2018-04-05,0.38380636733329443
AOI-0017,2018-05-09,0.6828306002905113
AOI-0017,2018-05-23,0.576141227668036
AOI-0017,2018-06-20,0.5737601821232658
AOI-0017,2018-07-11,0.4928710687789073
AOI-0017,2018-07-12,0.3770775460252799
AOI-0017,2019-04-25,0.47137711230814905
AOI-0017,2019-04-28,0.4726626226756099
AOI-0017,2019-05-13,0.4312684742044274
AOI-0017,2019-05-18,0.5855229578442258
AOI-0017,2019-05-28,0.6578218671447333
AOI-0017,2019-06-04,0.6716914025587866
AOI-0017,2019-06-12,0.6579657290998164
AOI-0017,2019-06-17,0.6431546873918059
AOI-0017,2019-07-17,0.5927842419792559
AOI-0017,2019-08-06,0.6802725872256281
AOI-0017,2019-08-11,0.6858430131407707
AOI-0017,2019-08-24,0.48703314587600743
AOI-0017,2019-08-29,0.5421303844542962
AOI-0017,2019-08-31,0.5485695031866021
AOI-0017,2019-09-13,0.5602379824556138
AOI-0017,2020-04-25,0.391652239480619
AOI-0017,2020-04-30,0.4442668557640843
AOI-0017,2020-05-08,0.6068275199728559
AOI-0017,2020-06-06,0.6080973570751225
AOI-0017,2020-06-26,0.5914753360419664
AOI-0017,2020-07-26,0.466178700874715
AOI-0017,2020-08-18,0.46878336608332527
AOI-0017,2020-09-02,0.479425221072432
AOI-0017,2020-09-04,0.47254371161685294
AOI-0017,2020-09-09,0.48963976225341554
AOI-0017,2020-09-10,0.446390575779529
AOI-0017,2020-09-19,0.44318719917400307
AOI-0017,2020-10-12,0.37351204693359075
AOI-0017,2021-04-07,0.33336760707479585
AOI-0017,2021-05-20,0.5491407697303052
AOI-0017,2021-07-02,0.6369453006004018
AOI-0017,2021-08-29,0.4309045247801214
AOI-0017,2021-09-04,0.4718514063209377
AOI-0017,2021-09-27,0.53261918576478
AOI-0017,2021-10-06,0.4380745733825746
AOI-0017,2021-10-27,0.5457775607959598
AOI-0017,2022-04-17,0.6289004587735654
AOI-0017,2022-04-23,0.6608629420483993
AOI-0017,2022-05-26,0.6621130579957215
AOI-0017,2022-05-27,0.6692978419100214
AOI-0017,2022-06-03,0.655589531786374
AOI-0017,2022-06-11,0.6059980964269545
AOI-0017,2022-06-30,0.6068104088879371
AOI-0017,2022-07-12,0.5668425574735307
AOI-0017,2022-07-19,0.5665492069473945
AOI-0017,2022-07-24,0.5410315765134621
AOI-0017,2022-08-07,0.5629037320483479
AOI-0017,2022-08-14,0.5434625949460805
AOI-0017,2022-08-15,0.505616343949228
AOI-0017,2022-08-23,0.5484482336743242
AOI-0017,2022-08-30,0.5135748112990646
AOI-0017,2022-09-17,0.44424527771083866
AOI-0017,2022-10-19,0.4903190606168605
AOI-0017,2023-04-02,0.4507724486584167
AOI-0017,2023-05-06,0.6386729054103253
AOI-0017,2023-06-11,0.55366281129934
AOI-0017,2023-06-19,0.6465799890101291
AOI-0017,2023-06-22,0.6539442847145244
AOI-0017,2023-07-24,0.5875258997136201
AOI-0017,2023-09-19,0.46494982519155004
AOI-0017,2023-10-12,0.30075359482134556
AOI-0017,2023-10-16,0.3276410190088205
AOI-0017,2023-10-21,0.26431298568033845
AOI-0017,2024-04-04,0.5286154618544646
AOI-0017,2024-06-05,0.24017841287931652
AOI-0017,2024-06-13,0.22532831753535382
AOI-0017,2024-06-28,0.20342609933015665
AOI-0017,2024-07-19,0.2738794633683837
AOI-0017,2024-08-22,0.202710603890013
AOI-0017,2024-09-01,0.23831774416436835
AOI-0017,2024-09-21,0.27542806613596704
AOI-0017,2024-09-29,0.26038929394623345
AOI-0017,2024-10-08,0.17915878548217173
AOI-0017,2024-10-22,0.27674298852453993
AOI-0017,2025-05-04,0.8750422197212582
AOI-0017,2025-05-27,0.8102404105324594
AOI-0017,2025-06-07,0.6311950158180988
AOI-0017,2025-06-28,0.2865607432966696
AOI-0017,2025-07-07,0.25633236878602406
AOI-0017,2025-08-23,0.2380914109322365
AOI-0017,2025-09-01,0.15000515665324055
AOI-0017,2025-10-02,0.28409001086425234
AOI-0018,2025-04-19,0.8650525604411625
AOI-0018,2025-05-27,0.6727299224221421
AOI-0018,2025-06-13,0.2986892649753711
AOI-0018,2025-06-15,0.29637173855777643
AOI-0018,2025-07-05,0.23195315854005577
AOI-0018,2025-07-07,0.24722275426346801
AOI-0018,2025-07-14,0.28786982510362424
AOI-0018,2025-07-21,0.37921285068160315
AOI-0018,2025-08-19,0.1604359103014516
AOI-0018,2025-08-27,0.16838624529006144
AOI-0018,2025-09-08,0.12450352884464809
AOI-0018,2025-09-24,0.2278890644152693
AOI-0018,2025-10-17,0.23956733724640067
AOI-0019,2025-04-14,0.5497351885937077
AOI-0019,2025-04-17,0.5815285036946996
AOI-0019,2025-04-28,0.615511998301767
AOI-0019,2025-05-14,0.5840925055912212
AOI-0019,2025-05-25,0.6354475505609383
AOI-0019,2025-06-15,0.37964139883045855
AOI-0019,2025-06-27,0.4309500487927582
AOI-0019,2025-06-30,0.3894447272163465
AOI-0019,2025-07-10,0.3102079842336627
AOI-0019,2025-07-14,0.31516970659611954
AOI-0019,2025-08-14,0.26386645295745803
AOI-0019,2025-08-31,0.2397534516425865
AOI-0019,2025-09-15,0.2242006898842785
AOI-0019,2025-09-23,0.21851822864436765
AOI-0019,2025-09-24,0.2551637994882803
AOI-0019,2025-10-18,0.2120743532019525
AOI-0020,2025-04-18,0.23750230055562038
AOI-0020,2025-04-23,0.5006742857462069
AOI-0020,2025-05-03,0.4355450390444542
AOI-0020,2025-06-03,0.6609485750153636
AOI-0020,2025-06-11,0.5335131488329721
AOI-0020,2025-07-12,0.4152038225375817
AOI-0020,2025-07-21,0.4484409830485424
AOI-0020,2025-07-29,0.3505404533611409
AOI-0020,2025-07-30,0.2745939908571303
AOI-0020,2025-08-19,0.22650135288908085
AOI-0020,2025-10-13,0.14445298662349085
AOI-0021,2025-04-28,0.41368102425044306
AOI-0021,2025-05-27,0.539356266918585
AOI-0021,2025-06-03,0.6101235805590188
AOI-0021,2025-07-06,0.3907720379996784
AOI-0021,2025-07-18,0.3022791804948608
AOI-0021,2025-07-29,0.3593143625323252
AOI-0021,2025-08-07,0.2688875957191297
AOI-0021,2025-08-22,0.2337770586803572
AOI-0021,2025-08-30,0.26610202697190133
AOI-0021,2025-09-15,0.22925089414137279
AOI-0021,2025-09-24,0.26286015120988127
AOI-0021,2025-10-03,0.2012274930956427
AOI-0022,2025-04-01,0.39043409018127717
AOI-0022,2025-05-03,0.8519234611317927
AOI-0022,2025-05-06,0.8419048012948769
AOI-0022,2025-05-25,0.8492927262146459
AOI-0022,2025-05-28,0.8045760626159066
AOI-0022,2025-07-08,0.17425418540899745
AOI-0022,2025-07-17,0.12490479371687557
AOI-0022,2025-07-21,0.2144847303795106
AOI-0022,2025-08-27,0.14428609550896376
AOI-0022,2025-08-31,0.18606512280478843
AOI-0022,2025-09-23,0.16025162830267103
AOI-0022,2025-09-24,0.20034870283346984
AOI-0022,2025-09-30,0.2557634774023995
AOI-0023,2025-04-16,0.18074235328106025
AOI-0023,2025-04-17,0.22083445273193764
AOI-0023,2025-04-24,0.18857049022359107
AOI-0023,2025-05-01,0.19669788789216264
AOI-0023,2025-05-04,0.2082364149837505
AOI-0023,2025-06-27,0.7852731134694797
AOI-0023,2025-07-05,0.7332530587837276
AOI-0023,2025-07-14,0.39281455140834787
AOI-0023,2025-07-15,0.3305717551427281
AOI-0023,2025-08-14,0.13869505399347948
AOI-0023,2025-08-22,0.1499180434170529
AOI-0023,2025-08-30,0.18784381113529225
AOI-0023,2025-09-21,0.14648970564698388
AOI-0023,2025-09-23,0.16706974250805157
AOI-0023,2025-10-17,0.21702366756968433
AOI-0024,2025-04-07,0.3985059556315924
AOI-0024,2025-04-23,0.4316132662794072
AOI-0024,2025-05-25,0.48990600445842125
AOI-0024,2025-05-28,0.2587983362158248
AOI-0024,2025-06-05,0.32798043385343056
AOI-0024,2025-07-03,0.5433928517913491
AOI-0024,2025-07-21,0.47067411614715904
AOI-0024,2025-07-25,0.40540175257505184
AOI-0024,2025-08-06,0.30707906356272696
AOI-0024,2025-08-09,0.24876168502209953
AOI-0024,2025-09-14,0.302527417973778
AOI-0024,2025-09-21,0.18679761104293463
AOI-0024,2025-09-30,0.26302028462789095
AOI-0024,2025-10-02,0.22286779057177308
AOI-0024,2025-10-18,0.18177475608397015
AOI-0025,2025-04-14,0.17975834543434066
AOI-0025,2025-04-23,0.3913854950057938
AOI-0025,2025-04-24,0.2008131827002007
AOI-0025,2025-04-29,0.18298247987761906
AOI-0025,2025-05-09,0.387995171267009
AOI-0025,2025-06-03,0.19234251083825415
AOI-0025,2025-06-13,0.16039072926022685
AOI-0025,2025-06-27,0.22503364682165178
AOI-0025,2025-07-21,0.22175954718326468
AOI-0025,2025-08-07,0.13411717330967932
AOI-0025,2025-08-30,0.19947768359375245
AOI-0025,2025-09-07,0.20932871724904023
AOI-0025,2025-09-14,0.29537000770904925
AOI-0025,2025-10-17,0.43218108818334966
AOI-0026,2025-04-07,0.7918450940232555
AOI-0026,2025-04-24,0.8537026959746692
AOI-0026,2025-05-09,0.8685405222150806
AOI-0026,2025-06-13,0.6542562614863663
AOI-0026,2025-07-08,0.21999670432997215
AOI-0026,2025-07-10,0.19632835018098255
AOI-0026,2025-07-12,0.2414277662056456
AOI-0026,2025-07-13,0.15657997946397806
AOI-0026,2025-07-18,0.126633100851335
AOI-0026,2025-07-30,0.12854321409389302
AOI-0026,2025-08-19,0.12136930334558178
AOI-0026,2025-09-08,0.10627205338374526
AOI-0026,2025-09-23,0.17489133338141233
AOI-0026,2025-09-30,0.29454679986569127
AOI-0027,2025-04-16,0.7428216008651762
AOI-0027,2025-04-24,0.8070646520206619
AOI-0027,2025-06-13,0.5473309515627889
AOI-0027,2025-06-27,0.44244232766854275
AOI-0027,2025-07-05,0.34120779419800884
AOI-0027,2025-07-12,0.4224519266970217
AOI-0027,2025-07-13,0.22315108222280572
AOI-0027,2025-07-23,0.2274451404068485
AOI-0027,2025-07-29,0.3058780819582555
AOI-0027,2025-08-19,0.24250816569964442
AOI-0027,2025-08-30,0.26420812983922115
AOI-0027,2025-09-16,0.21289969580303325
AOI-0027,2025-10-16,0.5051353481580514
AOI-0028,2010-04-07,0.6851961285648673
AOI-0028,2010-04-15,0.7161909704422043
AOI-0028,2010-10-24,0.2057583135913102
AOI-0028,2011-05-25,0.499323935848571
AOI-0028,2011-07-28,0.6301075183249807
AOI-0028,2011-08-08,0.589828274584139
AOI-0028,2011-10-11,0.2034911610754968
AOI-0028,2012-04-22,0.813925751370213
AOI-0028,2012-09-27,0.14557863950504973
AOI-0028,2012-10-15,0.27909965930952385
AOI-0028,2013-04-07,0.28757235251149726
AOI-0028,2013-06-10,0.2549231016453122
AOI-0028,2013-06-26,0.21408552770453299
AOI-0028,2013-08-29,0.2669481397801182
AOI-0028,2014-04-07,0.7633594597567968
AOI-0028,2014-05-04,0.9480478119867686
AOI-0028,2014-07-28,0.23717578815777535
AOI-0028,2014-10-11,0.1962765030820483
AOI-0028,2015-04-13,0.17801208262613988
AOI-0028,2015-08-27,0.2863502848464836
AOI-0028,2015-09-28,0.1962617907011947
AOI-0028,2016-04-07,0.6700301930338319
AOI-0028,2016-04-23,0.832676968701674
AOI-0028,2016-06-09,0.5986124391458223
AOI-0028,2016-06-10,0.7856748089371934
AOI-0028,2016-06-25,0.3377603446349774
AOI-0028,2016-07-27,0.255356019027575
AOI-0028,2016-09-06,0.14344989999166574
AOI-0028,2017-04-26,0.2769233681774844
AOI-0028,2017-07-23,0.16516939821356824
AOI-0028,2017-08-09,0.14070620044969662
AOI-0028,2017-08-13,0.22804472081999083
AOI-0028,2017-08-29,0.15038185789300546
AOI-0028,2017-09-17,0.23652523724187285
AOI-0028,2018-05-11,0.9059582402730393
AOI-0028,2018-08-19,0.19910662738154716
AOI-0028,2018-08-29,0.2295010985753565
AOI-0028,2018-09-12,0.17076367700106826
AOI-0028,2018-10-08,0.1586789468013948
AOI-0028,2019-04-06,0.13877162825268882
AOI-0028,2019-05-02,0.2530912913457265
AOI-0028,2019-05-25,0.40506096199590036
AOI-0028,2019-06-27,0.19324872112731262
AOI-0028,2019-08-09,0.14897823381845132
AOI-0028,2019-08-24,0.1251415107480189
AOI-0028,2019-10-17,0.6059330195251862
AOI-0028,2020-04-25,0.865565099556862
AOI-0028,2020-05-04,0.8975229090882528
AOI-0028,2020-05-08,0.8851976056452602
AOI-0028,2020-05-30,0.8618816018214375
AOI-0028,2020-07-14,0.13807844654343798
AOI-0028,2020-08-03,0.10027467562167669
AOI-0028,2020-08-08,0.13358551682715558
AOI-0028,2020-09-02,0.13573909761834957
AOI-0028,2020-09-13,0.20947019655238036
AOI-0028,2021-06-14,0.6685762937550612
AOI-0028,2021-06-16,0.7859002934763757
AOI-0028,2021-06-24,0.850418930815231
AOI-0028,2021-06-26,0.8425705081068762
AOI-0028,2021-07-24,0.8057902489484985
AOI-0028,2021-10-27,0.31421456582168095
AOI-0028,2022-04-07,0.6820689612970632
AOI-0028,2022-04-23,0.8607166566232902
AOI-0028,2022-06-09,0.9106967457212725
AOI-0028,2022-06-29,0.33424848308550825
AOI-0028,2022-07-28,0.23510523280061818
AOI-0028,2022-08-03,0.09714697039695055
AOI-0028,2022-08-08,0.13818568829438316
AOI-0028,2022-08-30,0.18249397129242606
AOI-0028,2022-10-01,0.20328667890489627
AOI-0028,2023-04-07,0.3729448971827024
AOI-0028,2023-04-11,0.24374508929994745
AOI-0028,2023-05-05,0.22351803775693596
AOI-0028,2023-05-09,0.42311979858413373
AOI-0028,2023-06-09,0.18319535404545279
AOI-0028,2023-08-06,0.1987422695559688
AOI-0028,2023-08-23,0.1255886369355651
AOI-0028,2023-08-29,0.23565391607423353
AOI-0028,2023-09-22,0.16433986099414938
AOI-0028,2023-09-24,0.1742197238834311
AOI-0028,2023-09-30,0.3603619560568043
AOI-0028,2024-05-07,0.891655774529944
AOI-0028,2024-05-23,0.8575913061116824
AOI-0028,2024-05-24,0.8515895278893746
AOI-0028,2024-07-27,0.1838197247942409
AOI-0028,2024-08-03,0.1803725018820535
AOI-0028,2024-08-12,0.12261861871019711
AOI-0028,2024-09-11,0.10527085912815676
AOI-0028,2024-09-16,0.12446650165398576
AOI-0028,2025-04-07,0.42577753771354765
AOI-0028,2025-05-24,0.6232948564138285
AOI-0028,2025-05-31,0.5955502290548198
AOI-0028,2025-06-11,0.7046205918685842
AOI-0028,2025-06-26,0.5294644361622347
AOI-0028,2025-06-27,0.6389691206052657
AOI-0028,2025-07-10,0.28796045099073403
AOI-0028,2025-07-13,0.20833654691865716
AOI-0028,2025-07-23,0.14947150654018565
AOI-0028,2025-08-13,0.20562017166279628
AOI-0028,2025-09-08,0.11053237923258868
AOI-0028,2025-09-11,0.1318933501821909
AOI-0028,2025-10-16,0.1922143634824081
AOI-0028,2025-10-28,0.23273215700118627
AOI-0029,2025-04-04,0.42914348974611055
AOI-0029,2025-04-24,0.8367649715169796
AOI-0029,2025-06-08,0.7765774166498369
AOI-0029,2025-06-10,0.5911562537322468
AOI-0029,2025-06-11,0.7184138798263311
AOI-0029,2025-06-13,0.5891029189165061
AOI-0029,2025-07-29,0.18197131378626796
AOI-0029,2025-08-02,0.09992887563308012
AOI-0029,2025-08-19,0.10995809906787454
AOI-0029,2025-09-11,0.11720559844259745
AOI-0029,2025-09-16,0.12831768650259923
AOI-0030,2025-04-21,0.505206724663176
AOI-0030,2025-04-24,0.5329711018187149
AOI-0030,2025-06-10,0.7232402733972889
AOI-0030,2025-08-07,0.6889411657291098
AOI-0031,2010-06-04,0.5584104091331219
AOI-0031,2010-09-14,0.19818186507048957
AOI-0031,2011-04-23,0.3037718847037182
AOI-0031,2011-06-10,0.49037624604999286
AOI-0031,2011-07-09,0.2270667611039976
AOI-0031,2011-08-11,0.19101255325142136
AOI-0031,2011-08-18,0.19742908460072311
AOI-0031,2011-08-19,0.18182406184574845
AOI-0031,2011-09-19,0.2310018722591416
AOI-0031,2012-04-06,0.2534542585410471
AOI-0031,2012-04-15,0.1779162992105081
AOI-0031,2013-04-07,0.5625781221363053
AOI-0031,2013-05-09,0.6450850177808913
AOI-0031,2013-05-12,0.6606941784054436
AOI-0031,2013-05-25,0.47981033319689315
AOI-0031,2013-06-12,0.21897774264379816
AOI-0031,2013-06-28,0.17136810855130996
AOI-0031,2013-07-23,0.1829027887361806
AOI-0031,2013-08-13,0.25425215656541744
AOI-0031,2013-10-16,0.31131275382214063
AOI-0031,2014-05-23,0.37552529873062424
AOI-0031,2014-06-23,0.3282291880621053
AOI-0031,2014-07-17,0.16600816554201966
AOI-0031,2014-07-28,0.20678373120952726
AOI-0031,2014-08-02,0.15435479002239355
AOI-0031,2014-08-13,0.1983924886484601
AOI-0031,2014-10-14,0.1509623429447593
AOI-0031,2015-09-22,0.20392177329700245
AOI-0031,2015-10-16,0.21892521651228125
AOI-0031,2016-04-01,0.24869240155525169
AOI-0031,2016-04-17,0.4086155096450049
AOI-0031,2016-04-22,0.6468557589118382
AOI-0031,2016-05-03,0.6464640613224537
AOI-0031,2016-05-24,0.7128486336608764
AOI-0031,2016-06-09,0.5592085702247231
AOI-0031,2016-06-12,0.6609348600295859
AOI-0031,2016-06-20,0.30472543099314664
AOI-0031,2016-06-25,0.29542677689853214
AOI-0031,2016-07-30,0.2812865184687436
AOI-0031,2017-05-06,0.7148767312615976
AOI-0031,2017-06-07,0.6586036852786019
AOI-0031,2017-08-03,0.17786950263121448
AOI-0031,2017-08-13,0.18503300094937158
AOI-0031,2017-09-04,0.1786261047483964
AOI-0031,2017-09-22,0.2959048864024146
AOI-0031,2018-04-23,0.6362618482156828
AOI-0031,2018-05-02,0.701513180963133
AOI-0031,2018-05-18,0.6182330909112068
AOI-0031,2018-06-03,0.29629977140744423
AOI-0031,2018-06-10,0.2244086428368479
AOI-0031,2018-06-11,0.2444878822718078
AOI-0031,2018-07-13,0.2654113648094041
AOI-0031,2018-09-06,0.2524053427998756
AOI-0031,2018-09-14,0.22076422672012125
AOI-0031,2018-10-07,0.1859977981220991
AOI-0031,2018-10-12,0.20138824849372577
AOI-0031,2019-04-10,0.4864840865220764
AOI-0031,2019-06-14,0.17536674849816575
AOI-0031,2019-06-22,0.14902767097733888
AOI-0031,2019-07-09,0.12897672939924543
AOI-0031,2019-07-23,0.28420007664731795
AOI-0031,2019-08-08,0.4604215721103442
AOI-0031,2019-08-31,0.24336211730777713
AOI-0031,2019-09-17,0.18393075805446646
AOI-0031,2019-10-03,0.27547770732952087
AOI-0031,2019-10-10,0.37439437764385985
AOI-0031,2019-10-12,0.25289363977110113
AOI-0031,2019-10-22,0.5002634407339329
AOI-0031,2020-04-13,0.4398991631435799
AOI-0031,2020-06-01,0.47359594277485695
AOI-0031,2020-06-06,0.5326884637078517
AOI-0031,2020-07-11,0.134306764520847
AOI-0031,2020-07-18,0.12805456521814002
AOI-0031,2020-07-28,0.1188488984785096
AOI-0031,2020-08-07,0.11113625465440014
AOI-0031,2020-08-17,0.12095437104833816
AOI-0031,2020-08-22,0.1160133998525186
AOI-0031,2020-09-27,0.15593420030457184
AOI-0031,2020-10-13,0.16967120771511163
AOI-0031,2020-10-19,0.09907174404212865
AOI-0031,2020-10-21,0.14440317870054675
AOI-0031,2021-04-07,0.23583418746541723
AOI-0031,2021-05-17,0.2893624622857982
AOI-0031,2021-06-11,0.13762659976711206
AOI-0031,2021-07-01,0.12175973355322176
AOI-0031,2021-07-16,0.11379739138442665
AOI-0031,2021-07-21,0.1266164395271716
AOI-0031,2021-08-06,0.18306968194000567
AOI-0031,2021-08-25,0.14385760706919243
AOI-0031,2021-08-30,0.1347436668719456
AOI-0031,2022-05-14,0.8618851917388983
AOI-0031,2022-06-10,0.5777309116226006
AOI-0031,2022-06-11,0.7275110588230855
AOI-0031,2022-06-20,0.39638452391999013
AOI-0031,2022-06-21,0.3562739448421747
AOI-0031,2022-07-08,0.1739886372925155
AOI-0031,2022-07-12,0.20231948395730942
AOI-0031,2022-09-08,0.13057104763562255
AOI-0031,2022-09-09,0.11718587197144437
AOI-0031,2022-09-10,0.1608578523169094
AOI-0031,2022-09-11,0.12703936108341363
AOI-0031,2022-09-26,0.10995469167154825
AOI-0031,2022-09-29,0.12644340426293874
AOI-0031,2023-04-04,0.30526544061642824
AOI-0031,2023-04-27,0.4289665804300745
AOI-0031,2023-05-17,0.43429718408942863
AOI-0031,2023-06-17,0.35226158719253153
AOI-0031,2023-06-23,0.22896262514991006
AOI-0031,2023-06-26,0.26739450684340305
AOI-0031,2023-07-11,0.3028647578985296
AOI-0031,2023-08-15,0.2577889044630699
AOI-0031,2023-09-19,0.18805499806958265
AOI-0031,2023-09-20,0.23045066871547537
AOI-0031,2023-09-30,0.24510469510640637
AOI-0031,2023-10-15,0.20221755147189902
AOI-0031,2023-10-24,0.13862161752644697
AOI-0031,2024-05-03,0.1957726768425837
AOI-0031,2024-06-02,0.17400275023515321
AOI-0031,2024-07-02,0.13276168546051015
AOI-0031,2024-07-10,0.12595026584551494
AOI-0031,2024-07-13,0.17097895403950852
AOI-0031,2024-08-09,0.1266058931172781
AOI-0031,2024-08-16,0.12609055708310507
AOI-0031,2024-08-26,0.12322774709781663
AOI-0031,2025-04-19,0.507593074403862
AOI-0031,2025-04-23,0.5882699398621272
AOI-0031,2025-06-21,0.5180662830180425
AOI-0031,2025-07-12,0.23786074659980905
AOI-0031,2025-07-15,0.18545355489513998
AOI-0031,2025-08-06,0.19311653957037594
AOI-0031,2025-08-09,0.1694114438656325
AOI-0031,2025-09-08,0.1334946769830323
AOI-0031,2025-09-15,0.14712660755072846
AOI-0031,2025-09-17,0.18717601944440082
AOI-0031,2025-10-02,0.17147649981614244
AOI-0031,2025-10-22,0.19295032411084784
AOI-0032,2010-06-04,0.24134183183944036
AOI-0032,2010-06-10,0.3155408311616766
AOI-0032,2010-06-20,0.18259091702493563
AOI-0032,2010-07-12,0.2353784865282692
AOI-0032,2010-08-16,0.1416610186862043
AOI-0032,2010-09-14,0.21169921793579138
AOI-0032,2010-09-30,0.21338404206348144
AOI-0032,2011-07-12,0.30227806134803203
AOI-0032,2011-08-29,0.2786456330337415
AOI-0032,2011-09-11,0.17300025006086678
AOI-0032,2011-09-28,0.17996789932402169
AOI-0032,2012-04-06,0.244685403511821
AOI-0032,2012-05-01,0.3363667662311783
AOI-0032,2012-06-25,0.31178525301308957
AOI-0032,2012-10-08,0.15146170537800843
AOI-0032,2013-05-19,0.47958502776610057
AOI-0032,2013-05-20,0.40090244850433443
AOI-0032,2013-06-10,0.34843502860879405
AOI-0032,2013-06-12,0.28746064662512916
AOI-0032,2013-06-13,0.3474196548085362
AOI-0032,2013-07-22,0.3919590023212751
AOI-0032,2013-07-30,0.3152452139558046
AOI-0032,2013-08-13,0.27173650464568067
AOI-0032,2013-08-29,0.2337288790420799
AOI-0032,2013-09-14,0.27646148045370633
AOI-0032,2014-06-16,0.2782005187908041
AOI-0032,2014-06-26,0.22272181100659022
AOI-0032,2014-07-12,0.19401572729086286
AOI-0032,2014-09-03,0.12870291466437261
AOI-0032,2015-04-23,0.2210817347138403
AOI-0032,2015-06-18,0.47541866102647157
AOI-0032,2015-07-13,0.3370470440139489
AOI-0032,2015-09-15,0.18368521657183212
AOI-0032,2015-09-23,0.2236101077016513
AOI-0032,2015-09-30,0.21516971262716272
AOI-0032,2016-04-06,0.2863922261352564
AOI-0032,2016-04-10,0.18615394848271033
AOI-0032,2016-05-03,0.20628634469985185
AOI-0032,2016-06-09,0.3267571375431725
AOI-0032,2016-06-28,0.2221715490137826
AOI-0032,2016-07-15,0.15406943255642852
AOI-0032,2016-07-30,0.20856224392187223
AOI-0032,2016-08-16,0.14444096690451447
AOI-0032,2016-09-09,0.18865008254846655
AOI-0032,2016-10-18,0.4483404618987211
AOI-0032,2017-04-04,0.3868505788954292
AOI-0032,2017-04-28,0.7245414273119104
AOI-0032,2017-05-09,0.7939218772998389
AOI-0032,2017-07-02,0.23516546793174642
AOI-0032,2017-08-02,0.19221682595076522
AOI-0032,2017-08-11,0.14321232424799024
AOI-0032,2017-08-19,0.12681481367346725
AOI-0032,2017-08-27,0.17955945355418385
AOI-0032,2017-09-03,0.18702746230539508
AOI-0032,2017-09-12,0.1486679474542817
AOI-0032,2018-04-15,0.2091997475266381
AOI-0032,2018-06-10,0.16766288294109533
AOI-0032,2018-06-19,0.1463078463448464
AOI-0032,2018-09-14,0.1751263857152459
AOI-0032,2018-09-23,0.15209186123177332
AOI-0032,2018-09-30,0.20652394121742695
AOI-0032,2018-10-07,0.2064501128912694
AOI-0032,2018-10-12,0.26350427872512544
AOI-0032,2019-04-26,0.6857593993528239
AOI-0032,2019-04-28,0.7016937663013822
AOI-0032,2019-05-18,0.825911045891909
AOI-0032,2019-05-20,0.8122453998951864
AOI-0032,2019-05-30,0.6837162905633716
AOI-0032,2019-06-14,0.2778876760448217
AOI-0032,2019-06-19,0.18752581333792828
AOI-0032,2019-07-23,0.17184545133672502
AOI-0032,2019-09-25,0.0653264434675738
AOI-0032,2019-10-05,0.13323441851228196
AOI-0032,2019-10-11,0.21627589916519002
AOI-0032,2019-10-25,0.3807244179078313
AOI-0032,2019-10-28,0.36221568129401194
AOI-0032,2020-05-27,0.3994313017645874
AOI-0032,2020-05-30,0.41675357429320237
AOI-0032,2020-06-24,0.19867284183637807
AOI-0032,2020-06-26,0.16878529492638122
AOI-0032,2020-08-05,0.11883859324307675
AOI-0032,2020-08-07,0.11141402544229778
AOI-0032,2020-09-13,0.1697481543258244
AOI-0032,2020-09-28,0.11515126250169097
AOI-0032,2020-09-29,0.1561360439212121
AOI-0032,2020-10-05,0.1324341827073991
AOI-0032,2020-10-06,0.15478313279179257
AOI-0032,2020-10-24,0.13995810819362803
AOI-0032,2021-04-04,0.06922659716720758
AOI-0032,2021-04-23,0.26067173469841015
AOI-0032,2021-05-01,0.17306738493116008
AOI-0032,2021-05-25,0.314503615333383
AOI-0032,2021-06-18,0.15651244017286303
AOI-0032,2021-07-01,0.13201428035306645
AOI-0032,2021-07-18,0.1250659512270636
AOI-0032,2021-09-06,0.14533302525345837
AOI-0032,2021-09-15,0.15401828627559855
AOI-0032,2021-10-08,0.3172700376878623
AOI-0032,2022-04-26,0.8476312340023717
AOI-0032,2022-05-09,0.8180313989176184
AOI-0032,2022-05-13,0.8862407400799677
AOI-0032,2022-05-29,0.8642096873030363
AOI-0032,2022-06-06,0.7903330355589788
AOI-0032,2022-06-13,0.5946555211835212
AOI-0032,2022-06-30,0.2980259401440456
AOI-0032,2022-08-01,0.16128072207330083
AOI-0032,2022-08-02,0.09732160281805077
AOI-0032,2022-08-15,0.10872941442765058
AOI-0032,2022-08-24,0.15523528373459283
AOI-0032,2022-08-29,0.17150962059100416
AOI-0032,2022-09-11,0.11869935618544314
AOI-0032,2023-04-07,0.28440552963385934
AOI-0032,2023-04-12,0.17394872204809336
AOI-0032,2023-05-12,0.21159584846480467
AOI-0032,2023-05-15,0.26897004171213146
AOI-0032,2023-05-24,0.27906501566415787
AOI-0032,2023-06-06,0.4036893884693388
AOI-0032,2023-06-18,0.5456087144432458
AOI-0032,2023-07-26,0.28874956367269367
AOI-0032,2023-07-28,0.28996687910752406
AOI-0032,2023-08-08,0.24233295402009175
AOI-0032,2023-09-01,0.20866274350562336
AOI-0032,2023-09-11,0.20511531174119463
AOI-0032,2023-09-24,0.1893453640438541
AOI-0032,2024-04-07,0.22090535649963933
AOI-0032,2024-05-06,0.18883363363295452
AOI-0032,2024-06-03,0.2496138558036603
AOI-0032,2024-07-12,0.14551271462137083
AOI-0032,2024-07-25,0.142659521653469
AOI-0032,2024-07-30,0.1304207069225654
AOI-0032,2024-08-22,0.16552394780329216
AOI-0032,2024-08-30,0.17307771106276132
AOI-0032,2024-09-13,0.14310709939994748
AOI-0032,2024-09-18,0.1487075002783123
AOI-0032,2024-10-05,0.12930638258627508
AOI-0032,2024-10-15,0.19974530906971621
AOI-0032,2024-10-23,0.14368450132604
AOI-0032,2025-05-06,0.646919813413388
AOI-0032,2025-05-28,0.7708813844130351
AOI-0032,2025-06-30,0.28350714165076296
AOI-0032,2025-07-07,0.18376087336961827
AOI-0032,2025-07-10,0.17961078703365163
AOI-0032,2025-08-13,0.21005030511854406
AOI-0032,2025-08-16,0.1501009041799461
AOI-0032,2025-08-24,0.13546982369645455
AOI-0032,2025-08-31,0.1428117453007978
AOI-0032,2025-09-03,0.1374596422072022
AOI-0032,2025-10-08,0.1369198493755594
AOI-0033,2025-04-28,0.18478595738082937
AOI-0033,2025-05-20,0.24886171082319117
AOI-0033,2025-06-10,0.63283724002473
AOI-0033,2025-06-22,0.7343543770422505
AOI-0033,2025-07-05,0.5265465820738713
AOI-0033,2025-07-10,0.33502854699277296
AOI-0033,2025-09-15,0.27986423344856487
AOI-0034,2025-04-25,0.18459828552835655
AOI-0034,2025-05-06,0.15472906298337102
AOI-0034,2025-05-09,0.329683576214452
AOI-0034,2025-06-10,0.19071209099037167
AOI-0034,2025-06-15,0.13486289168853732
AOI-0034,2025-06-21,0.2029618830581399
AOI-0034,2025-07-07,0.12192713305035167
AOI-0034,2025-07-10,0.12724126797227225
AOI-0034,2025-07-16,0.19281899831061117
AOI-0034,2025-08-31,0.12880175698142654
AOI-0034,2025-09-13,0.13413582580657074
AOI-0034,2025-09-23,0.15591884172066295
AOI-0034,2025-10-02,0.25267430309524896
AOI-0034,2025-10-16,0.6537962111860982
AOI-0035,2025-05-16,0.13443948294125602
AOI-0035,2025-05-20,0.1823202666562112
AOI-0035,2025-06-05,0.14779159819297066
AOI-0035,2025-06-07,0.139852466397842
AOI-0035,2025-06-10,0.16534719108003165
AOI-0035,2025-07-30,0.1147815909234578
AOI-0035,2025-08-31,0.11209754308569456
AOI-0035,2025-09-26,0.17530196189116642
AOI-0035,2025-09-28,0.14500524926887798
AOI-0035,2025-10-02,0.15398591655010552
AOI-0035,2025-10-30,0.6537299613525442
AOI-0036,2025-05-16,0.5558212729767278
AOI-0036,2025-07-16,0.27352500901191024
AOI-0036,2025-08-01,0.18164055906616217
AOI-0036,2025-08-09,0.14766003696280033
AOI-0036,2025-08-23,0.16178122595321637
AOI-0036,2025-10-02,0.17114958968220473
AOI-0037,2025-04-07,0.5737521916665913
AOI-0037,2025-04-16,0.5238890998473889
AOI-0037,2025-05-23,0.6141455303359453
AOI-0037,2025-06-30,0.3829808489066633
AOI-0037,2025-07-14,0.263468703401065
AOI-0037,2025-07-23,0.3155464510713034
AOI-0037,2025-08-09,0.2237663737626751
AOI-0037,2025-08-16,0.2351257611874934
AOI-0037,2025-09-12,0.20703079673735997
AOI-0037,2025-09-13,0.20563778066089838
AOI-0037,2025-09-23,0.19899221504488607
AOI-0037,2025-09-26,0.2434097852184941
AOI-0037,2025-09-30,0.24369554830994283
AOI-0037,2025-10-05,0.18587118238152628
AOI-0038,2025-04-07,0.5319909227193338
AOI-0038,2025-04-25,0.5014435508318632
AOI-0038,2025-06-14,0.4568779341186936
AOI-0038,2025-07-10,0.19783350561404178
AOI-0038,2025-07-15,0.17719883246530055
AOI-0038,2025-08-14,0.17161667544921577
AOI-0038,2025-09-02,0.20515517241119446
AOI-0038,2025-10-05,0.1648563037699205
AOI-0038,2025-10-08,0.16879803864959897
AOI-0038,2025-10-16,0.3437665845372294
AOI-0039,2025-05-04,0.7303887889714646
AOI-0039,2025-05-08,0.6799252775681253
AOI-0039,2025-05-28,0.6724124341505555
AOI-0039,2025-07-10,0.4489384373921085
AOI-0039,2025-08-06,0.3661364896592112
AOI-0039,2025-08-24,0.32503093100993186
AOI-0039,2025-09-08,0.3141837041046237
AOI-0039,2025-09-12,0.32813025023643183
AOI-0039,2025-09-14,0.32584657910242976
AOI-0039,2025-09-26,0.35184621457702436
AOI-0039,2025-10-23,0.35848098486415503
AOI-0040,2025-04-02,0.32962966019791273
AOI-0040,2025-04-03,0.32980636675094555
AOI-0040,2025-05-06,0.6988042234360081
AOI-0040,2025-06-07,0.7032001784088129
AOI-0040,2025-07-08,0.26588814041116277
AOI-0040,2025-09-12,0.14323141305747422
AOI-0040,2025-09-13,0.1399356587591163
AOI-0040,2025-09-28,0.14362119236914503
AOI-0040,2025-09-30,0.1899149798075066
AOI-0040,2025-10-02,0.1462462133395666
AOI-0041,2025-04-23,0.5928561840884191
AOI-0041,2025-05-20,0.6290512705993752
AOI-0041,2025-06-22,0.40230070777807947
AOI-0041,2025-06-27,0.4068283012684487
AOI-0041,2025-07-23,0.314221566099347
AOI-0041,2025-08-19,0.21905894123569536
AOI-0041,2025-09-30,0.25252609457213
AOI-0042,2025-04-18,0.15525557499779385
AOI-0042,2025-05-04,0.20055255541119604
AOI-0042,2025-06-13,0.22558568548246616
AOI-0042,2025-07-14,0.12586191382667597
AOI-0042,2025-07-16,0.18523726127198464
AOI-0042,2025-07-24,0.17292686351974712
AOI-0042,2025-08-17,0.16177541674929308
AOI-0042,2025-08-19,0.12085140097555438
AOI-0042,2025-08-24,0.1092100159691077
AOI-0042,2025-08-29,0.13075832107261007
AOI-0042,2025-09-15,0.12402275898593318
AOI-0042,2025-09-17,0.1598990635674581
AOI-0042,2025-10-02,0.1473223088518656
AOI-0043,2025-04-24,0.1975617976235347
AOI-0043,2025-04-29,0.19809264842469487
AOI-0043,2025-05-31,0.1620256150661794
AOI-0043,2025-06-08,0.17295528135307436
AOI-0043,2025-06-15,0.15698295388548228
AOI-0043,2025-06-17,0.13156694193442692
AOI-0043,2025-06-25,0.13648908741388
AOI-0043,2025-07-07,0.160330995686219
AOI-0043,2025-07-13,0.1532841915446161
AOI-0043,2025-08-12,0.15622215195059522
AOI-0043,2025-09-24,0.20463718926029933
AOI-0043,2025-10-13,0.1637494130408118
AOI-0043,2025-10-15,0.16106486031262668
AOI-0044,2010-04-16,0.2091368624408444
AOI-0044,2010-04-25,0.2875528926133484
AOI-0044,2010-05-09,0.4989014318984849
AOI-0044,2010-05-18,0.3743769888473444
AOI-0044,2010-06-12,0.4560711332119246
AOI-0044,2010-06-20,0.43370741939570523
AOI-0044,2010-06-28,0.4858783440688794
AOI-0044,2010-07-29,0.21816525285894434
AOI-0044,2010-08-06,0.1780384754948765
AOI-0044,2010-10-16,0.26549548449182747
AOI-0044,2010-10-25,0.15374537998069876
AOI-0044,2011-07-16,0.7080304022972683
AOI-0044,2011-08-01,0.37744017770010063
AOI-0044,2011-08-02,0.32556978907934997
AOI-0044,2011-10-16,0.33578618099716384
AOI-0044,2012-04-06,0.3124800330411779
AOI-0044,2012-05-08,0.6986455957381266
AOI-0044,2013-05-02,0.20307417126313404
AOI-0044,2013-05-03,0.2448971962869988
AOI-0044,2013-05-11,0.24145461981649102
AOI-0044,2014-04-07,0.3666141536507914
AOI-0044,2014-06-06,0.21338398964110739
AOI-0044,2014-06-14,0.2578935201629543
AOI-0044,2014-06-23,0.24978053808169842
AOI-0044,2014-08-02,0.16367574745017666
AOI-0044,2014-08-09,0.1580042658800952
AOI-0044,2014-08-29,0.23388167873107196
AOI-0044,2014-09-18,0.2050511536653326
AOI-0044,2014-09-19,0.16250519799874924
AOI-0044,2014-10-04,0.21497611260518124
AOI-0044,2014-10-12,0.1607946736085361
AOI-0044,2014-10-28,0.172583302253711
AOI-0044,2014-10-29,0.24183740623733274
AOI-0044,2015-06-26,0.39339969110022543
AOI-0044,2015-07-27,0.21086761699947243
AOI-0044,2015-07-28,0.2698927354622048
AOI-0044,2015-08-29,0.21674066293262662
AOI-0044,2015-10-08,0.15310332419740053
AOI-0044,2015-10-16,0.24364569917713966
AOI-0044,2016-04-08,0.4684154345226702
AOI-0044,2016-05-08,0.8397260122596408
AOI-0044,2016-05-11,0.8548308143272905
AOI-0044,2016-06-20,0.35742408610007537
AOI-0044,2016-06-25,0.36373158018874696
AOI-0044,2016-07-13,0.2718314956997543
AOI-0044,2016-07-27,0.34273560856165497
AOI-0044,2016-09-07,0.2514676639524527
AOI-0044,2016-09-13,0.2717595363985772
AOI-0044,2016-10-02,0.2314992803910096
AOI-0044,2016-10-26,0.16978571292860328
AOI-0044,2017-04-03,0.17064437732860377
AOI-0044,2017-04-04,0.1584559444852039
AOI-0044,2017-04-12,0.21761607874526062
AOI-0044,2017-06-27,0.1897363202490867
AOI-0044,2017-06-30,0.2182855388913163
AOI-0044,2017-08-10,0.15078553675641562
AOI-0044,2017-09-14,0.26968718168026107
AOI-0044,2018-04-06,0.6105612697554088
AOI-0044,2018-07-12,0.19346930015294184
AOI-0044,2018-07-19,0.1457253043822223
AOI-0044,2018-09-30,0.21699441174653772
AOI-0044,2019-04-25,0.3602681311383571
AOI-0044,2019-04-26,0.35587684903352224
AOI-0044,2019-06-02,0.6783310888309075
AOI-0044,2019-06-12,0.5020429792699469
AOI-0044,2019-06-20,0.2991387562790352
AOI-0044,2019-08-13,0.4412960115456076
AOI-0044,2019-09-10,0.1748191461684656
AOI-0044,2019-09-15,0.14448498670665205
AOI-0044,2019-09-16,0.2166810601112094
AOI-0044,2019-10-10,0.15974974107233075
AOI-0044,2020-04-17,0.17774677663087074
AOI-0044,2020-04-22,0.19035983164559805
AOI-0044,2020-05-17,0.1922502112816784
AOI-0044,2020-06-30,0.2070023996501677
AOI-0044,2020-08-10,0.1312231145490258
AOI-0044,2020-09-09,0.1419009660012951
AOI-0044,2020-09-10,0.1384058472636585
AOI-0044,2020-09-26,0.12639885532210926
AOI-0044,2020-09-29,0.16731443646309863
AOI-0044,2020-10-14,0.14825074700240537
AOI-0044,2020-10-21,0.1515345096956352
AOI-0044,2021-05-12,0.6965988996144761
AOI-0044,2021-05-17,0.7596529042465292
AOI-0044,2021-05-25,0.7999729993826454
AOI-0044,2021-07-16,0.1746999652921008
AOI-0044,2021-07-21,0.12430452319567531
AOI-0044,2021-09-30,0.2219960428622071
AOI-0044,2021-10-07,0.19350143353092097
AOI-0044,2022-05-27,0.7494280325835945
AOI-0044,2022-06-06,0.763741949936183
AOI-0044,2022-06-12,0.6860953838676316
AOI-0044,2022-07-07,0.20982761744969458
AOI-0044,2022-08-10,0.23224272217474823
AOI-0044,2022-08-13,0.29733263736062376
AOI-0044,2022-08-24,0.2657198479093609
AOI-0044,2022-09-25,0.2594700919423234
AOI-0044,2022-09-30,0.290793937457158
AOI-0044,2023-04-02,0.17315004776656262
AOI-0044,2023-04-07,0.33371984495045726
AOI-0044,2023-06-06,0.19984137794212836
AOI-0044,2023-06-30,0.21523259885531554
AOI-0044,2023-07-05,0.17917700124620023
AOI-0044,2023-07-09,0.22130536443772114
AOI-0044,2023-07-11,0.1248085795040127
AOI-0044,2023-07-16,0.14312965407588907
AOI-0044,2023-07-25,0.216935398624565
AOI-0044,2023-08-05,0.1375312190322594
AOI-0044,2023-08-25,0.136064461032459
AOI-0044,2023-09-30,0.297716406288413
AOI-0044,2023-10-14,0.21168676942502118
AOI-0044,2024-04-06,0.7813550164061236
AOI-0044,2024-04-14,0.8421772221106834
AOI-0044,2024-06-05,0.5647972100340675
AOI-0044,2024-09-06,0.16499186570655228
AOI-0044,2024-09-21,0.1695711497501547
AOI-0044,2025-04-02,0.22091580321266435
AOI-0044,2025-05-20,0.22760025196549216
AOI-0044,2025-07-06,0.20954118507555036
AOI-0044,2025-07-10,0.13834428759823864
AOI-0044,2025-08-14,0.1365975939157672
AOI-0044,2025-09-23,0.14707407025464886
AOI-0044,2025-10-03,0.15651945351750524
AOI-0044,2025-10-15,0.14841081795863537
AOI-0045,2025-04-26,0.19316566541341068
AOI-0045,2025-06-15,0.13276962936391284
AOI-0045,2025-06-27,0.14632440432989693
AOI-0045,2025-06-29,0.21105166875886266
AOI-0045,2025-07-31,0.1985289684310128
AOI-0045,2025-08-13,0.21174641174567405
AOI-0045,2025-08-15,0.19194546555781006
AOI-0045,2025-08-16,0.15427050266491238
AOI-0045,2025-09-30,0.2275264409745391
AOI-0045,2025-10-15,0.15355212540499463
AOI-0046,2010-06-26,0.38237939427051915
AOI-0046,2010-07-12,0.39573894130105136
AOI-0046,2010-09-14,0.40137419708334166
AOI-0046,2011-05-30,0.30110814648077966
AOI-0046,2011-08-17,0.17435967175460415
AOI-0046,2012-04-22,0.4108728499288369
AOI-0046,2012-04-29,0.30035757719686274
AOI-0046,2012-06-09,0.6113455556555243
AOI-0046,2013-04-25,0.20471364732969288
AOI-0046,2013-05-09,0.5123644335580002
AOI-0046,2013-06-11,0.6279493718611378
AOI-0046,2013-06-27,0.3990138208836995
AOI-0046,2013-07-21,0.2748708686054959
AOI-0046,2013-07-28,0.3749877866834679
AOI-0046,2013-07-30,0.26926049144647857
AOI-0046,2014-05-25,0.720544592005369
AOI-0046,2014-05-29,0.8178584870197805
AOI-0046,2014-07-01,0.31296903720953784
AOI-0046,2014-07-12,0.312253437512063
AOI-0046,2014-08-01,0.21339315532683956
AOI-0046,2014-08-25,0.13910313068223074
AOI-0046,2014-09-19,0.14939817813148032
AOI-0046,2015-05-17,0.26225273320609344
AOI-0046,2015-07-12,0.3677048194840298
AOI-0046,2015-09-22,0.1756347451810113
AOI-0046,2015-10-16,0.23048058708009656
AOI-0046,2016-05-02,0.868594383342175
AOI-0046,2016-05-10,0.8519739431750832
AOI-0046,2016-05-18,0.8800167141455153
AOI-0046,2016-06-03,0.7824541014870809
AOI-0046,2016-06-09,0.6534859656527429
AOI-0046,2016-07-13,0.17455614202785508
AOI-0046,2016-07-30,0.2622884883908113
AOI-0046,2016-10-02,0.24872831312774202
AOI-0046,2016-10-17,0.29047669847807867
AOI-0046,2016-10-25,0.3449377089179362
AOI-0046,2017-04-13,0.40817179926606106
AOI-0046,2017-06-27,0.4648462577169592
AOI-0046,2017-07-02,0.31012803768290353
AOI-0046,2017-07-24,0.23990302168760236
AOI-0046,2017-08-09,0.19217456746770734
AOI-0046,2017-08-21,0.14187047431339705
AOI-0046,2017-09-10,0.2268970265319773
AOI-0046,2017-09-15,0.2678530759781957
AOI-0046,2017-10-12,0.3728295113130057
AOI-0046,2018-05-09,0.3466770952886694
AOI-0046,2018-06-01,0.18700083879452228
AOI-0046,2018-07-20,0.21099178656614737
AOI-0046,2018-08-20,0.15619628691213255
AOI-0046,2018-08-29,0.16949301437811404
AOI-0046,2018-10-15,0.1935243214180673
AOI-0046,2018-10-24,0.24156424265634507
AOI-0046,2019-04-01,0.2224524899632998
AOI-0046,2019-04-18,0.3987311686781151
AOI-0046,2019-05-19,0.7917393111452213
AOI-0046,2019-08-01,0.19555757789644307
AOI-0046,2019-09-01,0.16463466652965725
AOI-0046,2019-10-20,0.4632365548076842
AOI-0046,2020-04-04,0.8319852661445364
AOI-0046,2020-04-07,0.8479810415599647
AOI-0046,2020-05-08,0.8697813200905604
AOI-0046,2020-05-24,0.8644458984849728
AOI-0046,2020-06-09,0.7027748867905719
AOI-0046,2020-09-10,0.12838600133716693
AOI-0046,2020-09-13,0.1857439416993164
AOI-0046,2020-09-26,0.1195303614574477
AOI-0046,2020-10-21,0.1266095358917757
AOI-0046,2021-05-02,0.5309532957001256
AOI-0046,2021-05-25,0.8480649564418496
AOI-0046,2021-07-11,0.2791139527689233
AOI-0046,2021-07-28,0.3061732913196932
AOI-0046,2021-08-13,0.39626326829990255
AOI-0046,2021-08-20,0.18272614976643975
AOI-0046,2021-08-29,0.4346035356191744
AOI-0046,2021-09-06,0.5252104871919794
AOI-0046,2022-06-05,0.2610316235114636
AOI-0046,2022-07-24,0.17977241810127892
AOI-0046,2022-07-29,0.1931043273498414
AOI-0046,2022-07-30,0.22615698199991807
AOI-0046,2022-08-24,0.2093383096618296
AOI-0046,2022-08-30,0.14906598052697195
AOI-0046,2023-04-02,0.5342293995711667
AOI-0046,2023-04-29,0.8535754086946166
AOI-0046,2023-05-06,0.8856621714696284
AOI-0046,2023-06-21,0.6232347158552074
AOI-0046,2023-06-24,0.522269382216072
AOI-0046,2023-07-22,0.21181370236025582
AOI-0046,2023-07-25,0.2550301684375115
AOI-0046,2023-08-13,0.21721599578251372
AOI-0046,2023-08-18,0.18753456053994633
AOI-0046,2023-08-25,0.14634298485288105
AOI-0046,2023-08-27,0.2002346407845093
AOI-0046,2023-08-28,0.15572204078411128
AOI-0046,2023-10-13,0.19139541612238792
AOI-0046,2023-10-29,0.289600355535657
AOI-0046,2024-04-06,0.7144991830244871
AOI-0046,2024-05-08,0.9038458798754467
AOI-0046,2024-05-09,0.9010768977027686
AOI-0046,2024-06-01,0.7685651128053703
AOI-0046,2024-06-09,0.5550894963119342
AOI-0046,2024-07-03,0.22793293119384128
AOI-0046,2024-07-19,0.18276734227604824
AOI-0046,2024-08-09,0.13461263646421234
AOI-0046,2024-08-20,0.19650288761006873
AOI-0046,2024-08-28,0.20294380565491754
AOI-0046,2024-09-13,0.14336172531459074
AOI-0046,2024-09-22,0.18571804683037235
AOI-0046,2024-10-13,0.12055984233021236
AOI-0046,2025-06-30,0.7090055051365061
AOI-0046,2025-07-15,0.4527394737749545
AOI-0046,2025-08-07,0.4510885669019168
AOI-0046,2025-08-15,0.42739500026995736
AOI-0046,2025-09-24,0.22560264485149834
AOI-0046,2025-10-02,0.21346245268980024
AOI-0047,2025-05-08,0.7999678966956838
AOI-0047,2025-05-16,0.8110777885762723
AOI-0047,2025-05-25,0.7233501362319348
AOI-0047,2025-06-15,0.39125993874221887
AOI-0047,2025-07-17,0.1632664558092386
AOI-0047,2025-07-18,0.16333379080767196
AOI-0047,2025-09-03,0.1319423259473358
AOI-0047,2025-10-15,0.14517121179547826
AOI-0047,2025-10-16,0.20069824170579414
AOI-0048,2025-04-07,0.7401655659630755
AOI-0048,2025-04-17,0.7303519496566178
AOI-0048,2025-05-09,0.7508598763684828
AOI-0048,2025-09-17,0.18769993460327966
AOI-0048,2025-09-24,0.18913277453522315
AOI-0049,2025-05-04,0.8315066763436967
AOI-0049,2025-06-26,0.2992506130257335
AOI-0049,2025-06-27,0.24787078080500569
AOI-0049,2025-07-29,0.22242085296939523
AOI-0049,2025-08-06,0.2178291849332913
AOI-0049,2025-08-12,0.15687126998479056
AOI-0049,2025-08-17,0.14383594473841166
AOI-0049,2025-09-06,0.1559075932310245
AOI-0049,2025-09-14,0.22337896598315782
AOI-0049,2025-09-26,0.1697088619765454
AOI-0049,2025-09-30,0.3042476904105911
AOI-0049,2025-10-08,0.15836711298098088
AOI-0049,2025-10-16,0.17752961386551874
AOI-0049,2025-10-28,0.23785540245655945
AOI-0050,2025-04-14,0.33472331760859153
AOI-0050,2025-04-15,0.37022167826248953
AOI-0050,2025-05-25,0.6319522234951511
AOI-0050,2025-06-27,0.49343191370585887
AOI-0050,2025-08-07,0.3052412015834939
AOI-0050,2025-08-09,0.3021894148656644
AOI-0050,2025-08-13,0.4003803804868712
AOI-0050,2025-08-17,0.3175493161220788
AOI-0050,2025-09-07,0.34588808990771924
AOI-0050,2025-09-30,0.4093784970884474
AOI-0050,2025-10-17,0.3944259405878977
AOI-0050,2025-10-28,0.3533468392512832
AOI-0051,2010-06-09,0.6926236047013983
AOI-0051,2011-06-04,0.49867567447628125
AOI-0051,2011-06-05,0.5369258504651826
AOI-0051,2011-06-12,0.6573880207131595
AOI-0051,2011-06-13,0.6975023020332298
AOI-0051,2011-09-01,0.5529539560099208
AOI-0051,2011-10-11,0.3362244390170649
AOI-0051,2012-04-27,0.5253158519031725
AOI-0051,2012-05-22,0.6387421265879384
AOI-0051,2012-08-12,0.47560157476976817
AOI-0051,2012-08-26,0.3569809959158815
AOI-0051,2012-08-28,0.47735136176889315
AOI-0051,2012-09-18,0.2942306428890574
AOI-0051,2012-10-13,0.4375459179785889
AOI-0051,2013-05-01,0.7959824240111315
AOI-0051,2013-07-19,0.3853528022538638
AOI-0051,2013-07-28,0.4433201700583428
AOI-0051,2013-08-29,0.43426046718146616
AOI-0051,2013-10-07,0.41312952775403533
AOI-0051,2013-10-16,0.43272096935070226
AOI-0051,2014-04-18,0.8205291409310502
AOI-0051,2014-06-05,0.7347186531014918
AOI-0051,2014-06-10,0.5942102380279541
AOI-0051,2014-06-28,0.4750103183738326
AOI-0051,2014-09-08,0.33821621075006736
AOI-0051,2014-09-16,0.3926414283133721
AOI-0051,2015-04-07,0.3726144826313337
AOI-0051,2015-05-23,0.7344006613178071
AOI-0051,2015-06-10,0.7504612956300656
AOI-0051,2015-06-15,0.7946030846207175
AOI-0051,2015-06-26,0.6523069919721508
AOI-0051,2015-09-14,0.38631503691106195
AOI-0051,2015-09-20,0.2986436608961215
AOI-0051,2015-10-06,0.22505406229307318
AOI-0051,2016-04-06,0.6670694498430148
AOI-0051,2016-06-25,0.5405165564029628
AOI-0051,2016-07-12,0.42217590797868987
AOI-0051,2016-08-28,0.37302447711978537
AOI-0051,2016-09-14,0.3960874264422807
AOI-0051,2016-09-29,0.4416378517365914
AOI-0051,2016-10-24,0.2249898564443219
AOI-0051,2017-05-28,0.4747042888990095
AOI-0051,2017-06-21,0.6149702745297754
AOI-0051,2017-06-28,0.6641604119746924
AOI-0051,2017-07-06,0.7261803580517099
AOI-0051,2017-07-23,0.7070608315747924
AOI-0051,2017-09-25,0.3290517176922796
AOI-0051,2017-09-30,0.37084093589549516
AOI-0051,2017-10-16,0.32374821461049014
AOI-0051,2018-04-11,0.4644171182533866
AOI-0051,2018-04-28,0.722185868745254
AOI-0051,2018-04-29,0.7524645331308788
AOI-0051,2018-05-30,0.7782662742306217
AOI-0051,2018-06-26,0.4714367758250344
AOI-0051,2018-07-02,0.3286221229064641
AOI-0051,2018-08-02,0.309733499743147
AOI-0051,2018-08-18,0.26607885565087797
AOI-0051,2018-09-14,0.4212049895464799
AOI-0051,2018-09-19,0.2615158497222503
AOI-0051,2018-10-14,0.22766275034846317
AOI-0051,2019-05-17,0.7869105284145899
AOI-0051,2019-05-31,0.7617478882365887
AOI-0051,2019-06-25,0.23344673812524908
AOI-0051,2019-06-30,0.2434590620647468
AOI-0051,2019-07-29,0.36657303548655107
AOI-0051,2019-08-05,0.3764371556677474
AOI-0051,2019-08-13,0.38688146189193995
AOI-0051,2019-08-22,0.34578104760315653
AOI-0051,2019-09-13,0.2245220851513567
AOI-0051,2019-10-16,0.326871925699901
AOI-0051,2020-04-26,0.3824885640686755
AOI-0051,2020-06-09,0.7890935469840039
AOI-0051,2020-07-04,0.4623266846379651
AOI-0051,2020-07-27,0.461858822804467
AOI-0051,2020-08-31,0.36368422654296173
AOI-0051,2020-09-07,0.2229730968498767
AOI-0051,2020-10-27,0.17303648021788448
AOI-0051,2021-05-06,0.7747992565755011
AOI-0051,2021-06-23,0.5195925785995856
AOI-0051,2021-07-19,0.2394288510552095
AOI-0051,2021-07-28,0.5157796877254833
AOI-0051,2021-08-23,0.3418469092028117
AOI-0051,2021-08-28,0.3776047055763011
AOI-0051,2021-08-29,0.5487228933937958
AOI-0051,2021-09-03,0.46061663220782456
AOI-0051,2021-09-07,0.30441130245548775
AOI-0051,2021-10-02,0.32321281975746885
AOI-0051,2021-10-21,0.31735209249222407
AOI-0051,2022-05-09,0.5183977824360253
AOI-0051,2022-05-26,0.46225716601381983
AOI-0051,2022-05-27,0.5041688776421349
AOI-0051,2022-06-11,0.638444065010405
AOI-0051,2022-06-19,0.7588890721309152
AOI-0051,2022-06-30,0.7835986889181137
AOI-0051,2022-07-09,0.7703217908241906
AOI-0051,2022-07-12,0.7027307858120388
AOI-0051,2022-07-22,0.7158395583913995
AOI-0051,2022-07-24,0.7415238186840802
AOI-0051,2022-07-29,0.7574531831321742
AOI-0051,2022-08-13,0.6889577195983073
AOI-0051,2022-08-28,0.49426906831754114
AOI-0051,2022-09-06,0.5241171075930585
AOI-0051,2022-09-14,0.45039304089367505
AOI-0051,2022-10-07,0.339738648067597
AOI-0051,2022-10-15,0.3522272778803396
AOI-0051,2023-04-23,0.8006559190166642
AOI-0051,2023-07-31,0.34948405785693637
AOI-0051,2023-08-28,0.31394680464101743
AOI-0051,2023-09-09,0.3968437748986593
AOI-0051,2023-09-27,0.3643366377471843
AOI-0051,2023-10-04,0.35645354083496084
AOI-0051,2024-04-05,0.3069850734185504
AOI-0051,2024-05-04,0.3707461377677963
AOI-0051,2024-05-22,0.5595370331080094
AOI-0051,2024-06-03,0.5639837584277543
AOI-0051,2024-06-23,0.4371077906971258
AOI-0051,2024-07-28,0.276890815868745
AOI-0051,2024-08-27,0.22697680738133563
AOI-0051,2024-09-03,0.3148832177687583
AOI-0051,2024-10-01,0.23780145973404898
AOI-0051,2024-10-05,0.295133846882725
AOI-0051,2024-10-06,0.23189503334967
AOI-0051,2024-10-15,0.329013603253944
AOI-0051,2025-05-09,0.8034844392499247
AOI-0051,2025-06-10,0.46177616052555204
AOI-0051,2025-06-27,0.3840348199226419
AOI-0051,2025-07-05,0.34088217650901687
AOI-0051,2025-07-10,0.21083264226394743
AOI-0051,2025-08-05,0.25612670688785566
AOI-0051,2025-08-12,0.17728195802343322
AOI-0051,2025-09-15,0.25359807573339976
AOI-0051,2025-09-16,0.18435584567382568
AOI-0052,2025-04-19,0.1814350998042521
AOI-0052,2025-06-08,0.362791019688537
AOI-0052,2025-06-11,0.4660672985427189
AOI-0052,2025-07-05,0.7234406027509972
AOI-0052,2025-07-18,0.30246401878586515
AOI-0052,2025-08-22,0.1218079329051922
AOI-0052,2025-08-27,0.13244433977424325
AOI-0052,2025-09-06,0.14784500164210668
AOI-0052,2025-09-14,0.20497436476348418
AOI-0052,2025-10-17,0.259033274562263
AOI-0053,2025-04-11,0.691748543590734
AOI-0053,2025-04-14,0.797708031889991
AOI-0053,2025-04-16,0.7996740759400973
AOI-0053,2025-04-19,0.8551657692696231
AOI-0053,2025-04-23,0.873300610715843
AOI-0053,2025-06-26,0.3578433037893043
AOI-0053,2025-07-28,0.12570096844750123
AOI-0053,2025-08-02,0.1135818060022809
AOI-0053,2025-08-09,0.11927039291354008
AOI-0053,2025-08-12,0.13658328532788788
AOI-0053,2025-08-29,0.13640773200382506
AOI-0053,2025-09-01,0.12379582019483285
AOI-0053,2025-09-07,0.1895392363537176
AOI-0053,2025-09-11,0.1346499897022821
AOI-0053,2025-09-14,0.20439896763445548
AOI-0053,2025-09-15,0.18719745306177832
AOI-0053,2025-09-21,0.14464491401810792
AOI-0053,2025-09-26,0.160401550203503
AOI-0053,2025-10-28,0.307020076447177
AOI-0054,2025-04-11,0.5212691771844473
AOI-0054,2025-04-19,0.7203769614099065
AOI-0054,2025-05-04,0.796439685971911
AOI-0054,2025-06-03,0.8164554978465426
AOI-0054,2025-07-28,0.7276682529911731
AOI-0054,2025-08-12,0.7245482940751149
AOI-0054,2025-09-21,0.7145129075737049
AOI-0054,2025-09-30,0.6861982103373736
AOI-0054,2025-10-16,0.5986398185954824
AOI-0055,2025-04-01,0.33929185461494227
AOI-0055,2025-04-11,0.39889608448938463
AOI-0055,2025-05-09,0.5025386260618686
AOI-0055,2025-07-04,0.5461272353351907
AOI-0055,2025-07-05,0.55060643781703
AOI-0055,2025-07-08,0.5164638065857053
AOI-0055,2025-07-23,0.4090711570481166
AOI-0055,2025-08-17,0.3906040743878628
AOI-0055,2025-09-14,0.41360334985938085
AOI-0055,2025-09-22,0.4130899401270187
AOI-0056,2025-04-23,0.8215730554939564
AOI-0056,2025-05-24,0.8144860211277087
AOI-0056,2025-06-10,0.4188335470464649
AOI-0056,2025-06-19,0.37357458286552947
AOI-0056,2025-07-18,0.15114675537088101
AOI-0056,2025-07-23,0.1595229968671894
AOI-0056,2025-08-09,0.15216185415412914
AOI-0056,2025-09-06,0.18947397739583388
AOI-0056,2025-09-08,0.15817390978207346
AOI-0056,2025-10-16,0.20877959586149342
AOI-0057,2025-05-04,0.8272241436636689
AOI-0057,2025-05-09,0.7583836533422446
AOI-0057,2025-05-19,0.5568617877124229
AOI-0057,2025-06-26,0.32867477047750715
AOI-0057,2025-06-27,0.2719585060959129
AOI-0057,2025-07-10,0.17704710362571374
AOI-0057,2025-07-13,0.17335160244512965
AOI-0057,2025-07-18,0.1733389760750066
AOI-0057,2025-08-05,0.21203968685432212
AOI-0057,2025-08-27,0.13779087644955046
AOI-0057,2025-09-01,0.12520217115940968
AOI-0057,2025-09-21,0.15393914916531531
AOI-0058,2010-04-23,0.37146842271168545
AOI-0058,2010-08-13,0.42038253107637813
AOI-0058,2010-08-29,0.34060715002976716
AOI-0058,2010-09-05,0.30709541789698247
AOI-0058,2011-04-02,0.2681852150008275
AOI-0058,2011-04-26,0.4423175431629639
AOI-0058,2011-06-12,0.7658875860806715
AOI-0058,2011-07-15,0.44868411362971716
AOI-0058,2011-08-29,0.4823792853021627
AOI-0058,2011-09-01,0.25718179150682896
AOI-0058,2011-10-02,0.2523122185354415
AOI-0058,2011-10-27,0.35389160510159534
AOI-0058,2012-04-22,0.6017781899777175
AOI-0058,2012-06-09,0.6877561546979012
AOI-0058,2012-06-23,0.611087857385548
AOI-0058,2012-07-11,0.6256857609572426
AOI-0058,2012-08-12,0.445299327663114
AOI-0058,2012-09-11,0.453547430560884
AOI-0058,2013-04-07,0.41549942795990213
AOI-0058,2013-04-23,0.44964854493650985
AOI-0058,2013-05-09,0.34855333375578323
AOI-0058,2013-06-09,0.6077390915003766
AOI-0058,2013-06-10,0.5991455006362094
AOI-0058,2013-07-11,0.7243855760231683
AOI-0058,2013-07-19,0.6710129802529263
AOI-0058,2013-08-28,0.25726869430729316
AOI-0058,2013-10-16,0.20974956119319554
AOI-0058,2013-10-24,0.3199350222384547
AOI-0058,2014-04-25,0.8825701585394972
AOI-0058,2014-06-05,0.7318679365969107
AOI-0058,2014-06-10,0.5485386995736465
AOI-0058,2014-09-14,0.3798174052151768
AOI-0058,2015-04-28,0.4118589056436789
AOI-0058,2015-05-09,0.7279380853492896
AOI-0058,2015-09-03,0.5488991977214415
AOI-0058,2015-09-27,0.48841632485543285
AOI-0058,2016-04-06,0.7932989276409386
AOI-0058,2016-04-30,0.8772136632417058
AOI-0058,2016-06-09,0.772677208148081
AOI-0058,2016-07-27,0.5233613311265998
AOI-0058,2016-07-28,0.5736575395529777
AOI-0058,2016-08-13,0.5261092680130157
AOI-0058,2017-04-25,0.8373275526241324
AOI-0058,2017-07-15,0.29541010532733103
AOI-0058,2017-09-13,0.16919251233200938
AOI-0058,2017-09-16,0.1868130023283514
AOI-0058,2018-05-15,0.6953030669381681
AOI-0058,2018-07-26,0.5142896826202022
AOI-0058,2018-08-02,0.5023853695000428
AOI-0058,2019-04-23,0.8599565356657393
AOI-0058,2019-05-25,0.8959967080260869
AOI-0058,2019-06-25,0.2376078266070708
AOI-0058,2019-06-27,0.29641593176343023
AOI-0058,2019-07-04,0.27086180489074896
AOI-0058,2019-08-30,0.18357345369959
AOI-0058,2019-09-28,0.10623088534523345
AOI-0058,2019-09-30,0.31700485958929786
AOI-0058,2020-04-17,0.40884401814403415
AOI-0058,2020-05-04,0.5811303253452083
AOI-0058,2020-06-05,0.6882371210869083
AOI-0058,2020-06-29,0.5202897408057678
AOI-0058,2020-07-06,0.5038719403325987
AOI-0058,2020-07-22,0.48520989486043253
AOI-0058,2020-07-30,0.4368173201441309
AOI-0058,2020-08-07,0.3855752284359655
AOI-0058,2020-08-12,0.5062679146963355
AOI-0058,2020-08-23,0.3173294845845376
AOI-0058,2020-08-28,0.41616381626422083
AOI-0058,2020-09-24,0.29087983755685864
AOI-0058,2020-10-27,0.2770023024710848
AOI-0058,2021-04-15,0.29293760780323186
AOI-0058,2021-05-09,0.7563119021803368
AOI-0058,2021-05-31,0.7512311398156177
AOI-0058,2021-07-09,0.5902623527830146
AOI-0058,2021-07-14,0.5328318222577431
AOI-0058,2021-07-25,0.4422524728831073
AOI-0058,2021-08-13,0.42683995183943957
AOI-0058,2021-08-28,0.3508415946854939
AOI-0058,2021-09-27,0.44140883563290356
AOI-0058,2022-06-10,0.8523756184619435
AOI-0058,2022-06-18,0.8099157822867049
AOI-0058,2022-07-04,0.2790694333741972
AOI-0058,2022-07-12,0.2906277660414933
AOI-0058,2022-07-17,0.2476616726443852
AOI-0058,2022-07-29,0.1772005284877734
AOI-0058,2022-09-14,0.33900201205648384
AOI-0058,2023-05-09,0.7970883456017319
AOI-0058,2023-05-20,0.615336472851169
AOI-0058,2023-06-28,0.8291899402834046
AOI-0058,2023-08-17,0.5303401961607879
AOI-0058,2023-09-02,0.39590603171291283
AOI-0058,2023-09-10,0.5322876291224394
AOI-0058,2023-09-27,0.5135829887295977
AOI-0058,2023-10-12,0.505558173244806
AOI-0058,2024-04-09,0.7887548453935964
AOI-0058,2024-05-09,0.7410316907951546
AOI-0058,2024-06-03,0.63435186138345
AOI-0058,2024-06-23,0.33182558429238906
AOI-0058,2024-06-28,0.3445389318304434
AOI-0058,2024-07-09,0.3431610665804935
AOI-0058,2024-07-26,0.2783798580314637
AOI-0058,2024-07-27,0.37335130887740564
AOI-0058,2024-08-18,0.2844131974066437
AOI-0058,2024-08-27,0.1811770350238413
AOI-0058,2024-08-28,0.33698420692453934
AOI-0058,2024-09-21,0.20547399106713804
AOI-0058,2024-09-28,0.2606504784851946
AOI-0058,2024-10-01,0.19807439317065112
AOI-0058,2024-10-30,0.24920493980252423
AOI-0058,2025-04-07,0.5698630546618435
AOI-0058,2025-04-16,0.5120115176396579
AOI-0058,2025-04-24,0.5424072138599942
AOI-0058,2025-07-18,0.3121096007887897
AOI-0058,2025-07-28,0.2935891695319143
AOI-0058,2025-08-02,0.2522313976153077
AOI-0058,2025-08-06,0.2974896319265392
AOI-0058,2025-08-09,0.19209955384796457
AOI-0058,2025-08-12,0.19306758269785174
AOI-0058,2025-08-14,0.24033846736118547
AOI-0058,2025-09-14,0.23482394818361765
AOI-0058,2025-09-22,0.22550385733881573
AOI-0059,2010-06-26,0.7825237661709987
AOI-0059,2010-07-19,0.6762817589152534
AOI-0059,2010-08-28,0.29572971662192993
AOI-0059,2011-04-23,0.7541632618929515
AOI-0059,2011-05-27,0.6773752542403744
AOI-0059,2011-05-28,0.655851325074019
AOI-0059,2011-06-12,0.6803783733242632
AOI-0059,2011-06-26,0.6860470352537897
AOI-0059,2011-07-07,0.8263808849209993
AOI-0059,2011-07-28,0.49151665498065705
AOI-0059,2011-08-08,0.5310012142729783
AOI-0059,2011-08-23,0.4919810262182306
AOI-0059,2012-04-04,0.526656128616555
AOI-0059,2012-08-12,0.42961847897809147
AOI-0059,2012-08-26,0.24403499443869822
AOI-0059,2012-09-11,0.24617449944177497
AOI-0059,2012-10-13,0.3155951852009137
AOI-0059,2013-05-09,0.8924408256803871
AOI-0059,2013-06-18,0.3491685623808696
AOI-0059,2013-07-20,0.24237045713911115
AOI-0059,2013-08-13,0.25082652111632486
AOI-0059,2013-08-21,0.23062044841241663
AOI-0059,2013-10-16,0.3005785529532613
AOI-0059,2014-05-09,0.868629900870296
AOI-0059,2014-10-27,0.23645046504562978
AOI-0059,2015-04-13,0.31396561254618716
AOI-0059,2015-05-22,0.35772002076731524
AOI-0059,2015-06-07,0.7483082598746633
AOI-0059,2015-08-02,0.8383277749717548
AOI-0059,2015-08-10,0.6944188444096677
AOI-0059,2015-08-29,0.5720355085869633
AOI-0059,2015-09-27,0.4841179826147125
AOI-0059,2015-09-30,0.38099211562339563
AOI-0059,2016-05-25,0.9117454205505158
AOI-0059,2016-07-04,0.31391140004988816
AOI-0059,2016-09-14,0.24298399442833046
AOI-0059,2016-10-24,0.1941338155173261
AOI-0059,2017-04-02,0.5481245059344579
AOI-0059,2017-05-06,0.9165522305784237
AOI-0059,2017-05-27,0.9237822732036127
AOI-0059,2017-06-04,0.9174498424500406
AOI-0059,2017-06-10,0.8188384525752723
AOI-0059,2017-07-12,0.35010139803969764
AOI-0059,2017-07-23,0.2011600325325527
AOI-0059,2017-07-28,0.3468187951962257
AOI-0059,2017-08-13,0.2977701618316987
AOI-0059,2017-08-29,0.17479619695948612
AOI-0059,2017-09-24,0.21724421173455533
AOI-0059,2018-04-07,0.44568918438339444
AOI-0059,2018-05-22,0.43473829386593654
AOI-0059,2018-05-31,0.36809183049566585
AOI-0059,2018-07-09,0.6266036318877576
AOI-0059,2018-07-18,0.5951418727594626
AOI-0059,2018-07-26,0.47063894823855623
AOI-0059,2018-08-02,0.4041457038163311
AOI-0059,2018-08-10,0.3608222893794202
AOI-0059,2018-08-13,0.350829011605608
AOI-0059,2018-10-06,0.2318196063620928
AOI-0059,2019-04-11,0.6344981531934064
AOI-0059,2019-04-21,0.8144614935382595
AOI-0059,2019-04-23,0.8263181036104059
AOI-0059,2019-05-21,0.8925487426183192
AOI-0059,2019-06-02,0.8469092172278423
AOI-0059,2019-06-05,0.8151771846299454
AOI-0059,2019-06-10,0.7762791124572626
AOI-0059,2019-06-15,0.5376524387405028
AOI-0059,2019-06-30,0.2262840703459451
AOI-0059,2019-07-29,0.26408339832398264
AOI-0059,2019-08-21,0.20921115015590086
AOI-0059,2019-08-24,0.1307812134841885
AOI-0059,2019-09-03,0.14193114325340195
AOI-0059,2019-10-13,0.18465319064146624
AOI-0059,2019-10-24,0.20448376097890025
AOI-0059,2020-04-09,0.23261806080593161
AOI-0059,2020-04-18,0.26280722756048525
AOI-0059,2020-04-25,0.1947537425630052
AOI-0059,2020-05-08,0.5324313694396552
AOI-0059,2020-05-12,0.2872253503359463
AOI-0059,2020-06-05,0.6522474897768273
AOI-0059,2020-07-11,0.6827535372446614
AOI-0059,2020-07-30,0.7386858707729484
AOI-0059,2020-10-26,0.13288661672150476
AOI-0059,2021-06-19,0.6868815253925646
AOI-0059,2021-06-23,0.6334393528616011
AOI-0059,2021-06-29,0.3146443437580625
AOI-0059,2021-07-28,0.4278886344009891
AOI-0059,2021-07-29,0.1799065513356088
AOI-0059,2021-08-18,0.35258221661655664
AOI-0059,2021-08-28,0.5675003516923585
AOI-0059,2021-09-07,0.7374859489842001
AOI-0059,2021-09-17,0.6964081004368865
AOI-0059,2021-09-28,0.37201690798071607
AOI-0059,2021-09-30,0.36875109832676145
AOI-0059,2021-10-16,0.31056722480344634
AOI-0059,2022-04-15,0.28570258456637077
AOI-0059,2022-06-10,0.7838644235310934
AOI-0059,2022-06-11,0.7952195930448942
AOI-0059,2022-07-20,0.8130548493987764
AOI-0059,2022-08-18,0.7322829310974182
AOI-0059,2022-09-27,0.3847513998807147
AOI-0059,2022-10-08,0.4358876768908311
AOI-0059,2023-05-13,0.9015488514747272
AOI-0059,2023-05-25,0.856029978073767
AOI-0059,2023-06-18,0.8389448114668363
AOI-0059,2023-07-16,0.31966785498456174
AOI-0059,2023-07-29,0.14727167343212566
AOI-0059,2023-09-30,0.25046021872539326
AOI-0059,2023-10-12,0.1807807468421016
AOI-0059,2023-10-16,0.2719132900627267
AOI-0059,2024-04-04,0.2771921065986933
AOI-0059,2024-04-13,0.33526171435115826
AOI-0059,2024-04-22,0.5304607721018546
AOI-0059,2024-05-19,0.2453050020337698
AOI-0059,2024-06-09,0.6212311277110947
AOI-0059,2024-07-13,0.39130843073262656
AOI-0059,2024-07-17,0.38174138101030897
AOI-0059,2024-07-27,0.2884903924270432
AOI-0059,2024-09-11,0.14297497242103874
AOI-0059,2025-04-01,0.5379124491303677
AOI-0059,2025-04-23,0.8652835729916835
AOI-0059,2025-05-01,0.8483549637225325
AOI-0059,2025-05-09,0.8044656511931003
AOI-0059,2025-05-17,0.7889458988105009
AOI-0059,2025-06-10,0.38045481093110556
AOI-0059,2025-08-29,0.1324312486267249
AOI-0059,2025-09-07,0.1875889673409703
AOI-0059,2025-10-08,0.17561041707980496
AOI-0059,2025-10-28,0.34046012842019324
AOI-0060,2025-04-14,0.7683860462065089
AOI-0060,2025-04-29,0.8380951077299554
AOI-0060,2025-06-03,0.4947611061807756
AOI-0060,2025-07-04,0.6626214408775919
AOI-0060,2025-07-05,0.6349218166647879
AOI-0060,2025-07-21,0.3916488176654681
AOI-0060,2025-08-05,0.2582673489998486
AOI-0060,2025-08-29,0.16385484474074397
AOI-0060,2025-08-30,0.21362419733231996
AOI-0060,2025-09-01,0.1494743200714425
AOI-0060,2025-09-11,0.164865826595763
AOI-0061,2010-04-23,0.43956504568487664
AOI-0061,2010-05-26,0.6126601715221309
AOI-0061,2010-06-11,0.7277897139688712
AOI-0061,2011-06-30,0.45933290271191896
AOI-0061,2011-07-28,0.5017359783268187
AOI-0061,2011-09-18,0.27646135361244306
AOI-0061,2011-09-26,0.27555682251080826
AOI-0061,2012-04-06,0.36864367069720905
AOI-0061,2012-05-24,0.678439515768424
AOI-0061,2012-08-28,0.5033121417296729
AOI-0061,2012-09-04,0.4530639369172791
AOI-0061,2012-10-22,0.17639237145098202
AOI-0061,2013-04-16,0.6940025232133373
AOI-0061,2013-06-10,0.6644540601271238
AOI-0061,2013-06-26,0.5146087619013626
AOI-0061,2013-08-29,0.28699242518944945
AOI-0061,2013-09-14,0.31069381432913257
AOI-0061,2013-10-09,0.1882175456811815
AOI-0061,2014-04-27,0.8679340202294707
AOI-0061,2014-06-26,0.3872858882916157
AOI-0061,2014-07-28,0.30077912001006135
AOI-0061,2015-04-07,0.38155864574946197
AOI-0061,2015-05-08,0.27514380249286274
AOI-0061,2015-09-29,0.228074236073529
AOI-0061,2016-04-22,0.8059523014659278
AOI-0061,2016-06-19,0.664458718086933
AOI-0061,2016-06-27,0.4368936138845638
AOI-0061,2016-07-13,0.34805182338500085
AOI-0061,2017-04-03,0.1833658489675462
AOI-0061,2017-05-25,0.5376204108176504
AOI-0061,2017-07-02,0.8420185575510011
AOI-0061,2017-07-27,0.7863628143893793
AOI-0061,2017-08-11,0.5263518379658461
AOI-0061,2017-09-02,0.27733396168433855
AOI-0061,2018-04-07,0.7916981222067445
AOI-0061,2018-06-10,0.7239971344291185
AOI-0061,2019-04-09,0.21669099820221716
AOI-0061,2019-05-13,0.25585772303377863
AOI-0061,2019-05-21,0.43775725043945823
AOI-0061,2019-05-25,0.7234409685246883
AOI-0061,2019-06-27,0.7470892208154569
AOI-0061,2019-07-12,0.7627430845408731
AOI-0061,2019-08-21,0.7083368805769044
AOI-0061,2019-09-14,0.2774238574515122
AOI-0061,2019-09-23,0.15818901092305032
AOI-0061,2019-10-18,0.2622013947340893
AOI-0061,2019-10-20,0.22598300521700115
AOI-0061,2020-04-17,0.4738171288783989
AOI-0061,2020-05-24,0.7089068314134701
AOI-0061,2020-07-16,0.2976288888857126
AOI-0061,2020-07-19,0.2770360594930352
AOI-0061,2020-07-24,0.31259678674785596
AOI-0061,2020-07-27,0.3582509995215173
AOI-0061,2020-08-08,0.25549700359169014
AOI-0061,2020-08-17,0.29919575717299374
AOI-0061,2020-08-18,0.22292734083652144
AOI-0061,2020-08-23,0.207402904350608
AOI-0061,2020-09-18,0.19879886551200432
AOI-0061,2020-10-17,0.12581899238520794
AOI-0061,2020-10-29,0.03151319201589807
AOI-0061,2021-05-05,0.925876227459544
AOI-0061,2021-05-08,0.9169506449833786
AOI-0061,2021-05-15,0.8793678991906497
AOI-0061,2021-07-21,0.15882413082714936
AOI-0061,2021-07-24,0.18819173026896308
AOI-0061,2021-08-04,0.3154795230750709
AOI-0061,2021-08-28,0.3510491868902864
AOI-0061,2021-08-29,0.37631884934676585
AOI-0061,2021-10-29,0.09414427115807324
AOI-0061,2022-04-09,0.2855972880201231
AOI-0061,2022-05-09,0.41861451795185334
AOI-0061,2022-05-22,0.3675832946744567
AOI-0061,2022-05-25,0.588583067784566
AOI-0061,2022-05-27,0.44043065455881536
AOI-0061,2022-06-12,0.7990159772962233
AOI-0061,2022-06-29,0.8695785104551044
AOI-0061,2022-07-06,0.8392444841294715
AOI-0061,2022-07-21,0.7818457769129752
AOI-0061,2022-07-22,0.8133399416142819
AOI-0061,2022-07-28,0.7286551024512513
AOI-0061,2022-08-23,0.3877009594128943
AOI-0061,2023-04-07,0.6925444781650529
AOI-0061,2023-04-25,0.6335758895373362
AOI-0061,2023-05-05,0.7256303069010528
AOI-0061,2023-05-06,0.6991690451323207
AOI-0061,2023-05-17,0.723262290062002
AOI-0061,2023-06-06,0.7809282420979895
AOI-0061,2023-06-21,0.7533283353032296
AOI-0061,2023-07-17,0.48412528413990624
AOI-0061,2023-07-21,0.44327277435771817
AOI-0061,2023-07-27,0.4592301243888064
AOI-0061,2023-09-24,0.1596827481438144
AOI-0061,2023-10-14,0.14828618019282008
AOI-0061,2023-10-29,0.2065633206165104
AOI-0061,2024-04-29,0.4603878849724443
AOI-0061,2024-05-01,0.4308179875381162
AOI-0061,2024-05-08,0.6157613603031904
AOI-0061,2024-06-20,0.4992575278446837
AOI-0061,2024-07-15,0.43241275917186195
AOI-0061,2024-08-09,0.3412905125749436
AOI-0061,2024-08-12,0.3389951146291469
AOI-0061,2024-09-06,0.21394225292875846
AOI-0061,2024-09-26,0.15662103280862022
AOI-0061,2024-10-07,0.22197733444881934
AOI-0061,2025-04-16,0.6321033916453369
AOI-0061,2025-04-19,0.7510067192022896
AOI-0061,2025-05-28,0.8341159689033901
AOI-0061,2025-06-28,0.4829503056209773
AOI-0061,2025-07-07,0.3912071152642641
AOI-0061,2025-07-10,0.3324888041501305
AOI-0061,2025-07-28,0.17025617241571067
AOI-0061,2025-08-16,0.17183399989377174
AOI-0061,2025-08-29,0.19235667284232072
AOI-0061,2025-09-24,0.32709309539321174
AOI-0061,2025-09-26,0.3107680081812879
AOI-0061,2025-10-16,0.41662320698141364
AOI-0062,2010-04-24,0.8183315767791235
AOI-0062,2010-05-09,0.8367708216644016
AOI-0062,2010-05-26,0.8682245253974314
AOI-0062,2010-08-13,0.25562761984778165
AOI-0062,2010-10-16,0.353851165742174
AOI-0062,2011-06-14,0.7847779348889108
AOI-0062,2011-07-28,0.4434337612390281
AOI-0062,2011-10-16,0.5018257551090235
AOI-0062,2012-06-09,0.613905022645848
AOI-0062,2012-08-28,0.3015727873797587
AOI-0062,2012-09-04,0.17626921473802187
AOI-0062,2012-09-13,0.2909488436956964
AOI-0062,2013-04-23,0.43150904802307766
AOI-0062,2013-07-12,0.7173682008514188
AOI-0062,2013-07-28,0.6776765038105379
AOI-0062,2013-09-14,0.3393921800209281
AOI-0062,2013-10-16,0.299103533896514
AOI-0062,2014-06-30,0.31467366211682923
AOI-0062,2014-10-04,0.39991376336432904
AOI-0062,2015-04-22,0.5991192931811964
AOI-0062,2015-05-09,0.7490165338355286
AOI-0062,2015-09-05,0.2012609212183375
AOI-0062,2015-09-21,0.22101801999258375
AOI-0062,2016-05-08,0.9057472730778144
AOI-0062,2016-07-11,0.3270062477340493
AOI-0062,2016-07-27,0.3701769648771287
AOI-0062,2016-09-13,0.25792521467673607
AOI-0062,2016-10-25,0.3319682679186964
AOI-0062,2017-04-07,0.33811073312603546
AOI-0062,2017-07-28,0.6662100181250941
AOI-0062,2017-09-15,0.16967769380858416
AOI-0062,2018-04-06,0.7067083621639221
AOI-0062,2018-04-07,0.7700787673277696
AOI-0062,2018-06-02,0.8490443042618054
AOI-0062,2018-06-25,0.3485831511412527
AOI-0062,2018-07-28,0.27339656468116424
AOI-0062,2018-08-28,0.20787140980107094
AOI-0062,2019-04-08,0.16611129540372344
AOI-0062,2019-04-11,0.15584819497627542
AOI-0062,2019-06-17,0.705109529224619
AOI-0062,2019-07-06,0.6789154652021601
AOI-0062,2019-08-09,0.729884425480199
AOI-0062,2019-08-23,0.28828972981340806
AOI-0062,2019-09-23,0.14311671521231126
AOI-0062,2019-10-18,0.17908654856034656
AOI-0062,2019-10-23,0.21496704971566638
AOI-0062,2019-10-28,0.15789096737908848
AOI-0062,2020-04-30,0.799397477037072
AOI-0062,2020-05-30,0.7674414407087247
AOI-0062,2020-06-16,0.5458369458496406
AOI-0062,2020-07-26,0.1424044620797274
AOI-0062,2020-08-18,0.1368625676982136
AOI-0062,2020-08-20,0.14097033373245832
AOI-0062,2020-08-23,0.14058506162998896
AOI-0062,2020-08-25,0.15845615382070788
AOI-0062,2020-09-07,0.11801206541409814
AOI-0062,2020-09-09,0.14396381085068782
AOI-0062,2020-10-07,0.1528837274371298
AOI-0062,2020-10-15,0.24130827128960206
AOI-0062,2021-04-23,0.39130686762233635
AOI-0062,2021-05-05,0.19752722940024353
AOI-0062,2021-05-08,0.24433324747166052
AOI-0062,2021-05-12,0.1966126090609231
AOI-0062,2021-06-06,0.3191157107622018
AOI-0062,2021-06-10,0.6922751960532874
AOI-0062,2021-07-01,0.7388689817953513
AOI-0062,2021-07-26,0.7257720409322654
AOI-0062,2021-07-29,0.729229691637397
AOI-0062,2021-09-12,0.2168781026168391
AOI-0062,2021-09-13,0.24405863369326852
AOI-0062,2021-09-19,0.1721818088196212
AOI-0062,2021-09-27,0.20672009885057185
AOI-0062,2021-09-29,0.1383011632350119
AOI-0062,2021-10-07,0.15382397873574538
AOI-0062,2021-10-16,0.26821122191828395
AOI-0062,2022-04-10,0.7546277806879242
AOI-0062,2022-04-27,0.8163317981353915
AOI-0062,2022-05-11,0.8939877978943185
AOI-0062,2022-05-25,0.8639636731310663
AOI-0062,2022-07-21,0.16799155178296643
AOI-0062,2022-07-24,0.17196479360461564
AOI-0062,2022-08-23,0.17390603024113227
AOI-0062,2022-09-14,0.1816195183067586
AOI-0062,2022-09-18,0.1510798936229074
AOI-0062,2022-09-30,0.23945351961420452
AOI-0062,2022-10-19,0.16043420408894576
AOI-0062,2023-05-17,0.2769893767793702
AOI-0062,2023-06-18,0.8773359278660926
AOI-0062,2023-06-24,0.890260475050753
AOI-0062,2023-07-14,0.8461643968105854
AOI-0062,2023-08-05,0.4928575431994817
AOI-0062,2023-08-25,0.13558005537907813
AOI-0062,2023-09-17,0.14544854576408245
AOI-0062,2023-10-12,0.17663811738947588
AOI-0062,2023-10-16,0.18301228597359886
AOI-0062,2024-04-22,0.929804571458474
AOI-0062,2024-06-03,0.8497520067405364
AOI-0062,2024-06-08,0.7213890093554742
AOI-0062,2024-06-23,0.25861316184842653
AOI-0062,2024-07-30,0.1131523685602438
AOI-0062,2024-08-04,0.13932317983786263
AOI-0062,2024-08-12,0.14083317945827897
AOI-0062,2024-09-06,0.1370911536166925
AOI-0062,2024-10-26,0.10315724585461211
AOI-0062,2025-04-01,0.1910291019349118
AOI-0062,2025-04-07,0.4192622730852166
AOI-0062,2025-04-11,0.2474251488412812
AOI-0062,2025-04-24,0.2657560084072307
AOI-0062,2025-04-29,0.24540626208211536
AOI-0062,2025-05-28,0.3711151018018223
AOI-0062,2025-06-28,0.8432258031507018
AOI-0062,2025-07-06,0.8138555379128023
AOI-0062,2025-07-07,0.7905049775512341
AOI-0062,2025-07-15,0.5122533558968057
AOI-0062,2025-07-25,0.40505861193917714
AOI-0062,2025-08-02,0.3018349068166022
AOI-0062,2025-08-17,0.2172082105216483
AOI-0062,2025-09-24,0.22609736054116625
AOI-0062,2025-09-30,0.27388931371169134
AOI-0062,2025-10-08,0.1743014643631422
AOI-0062,2025-10-13,0.17445716668134031
AOI-0063,2025-04-14,0.20908990533232508
AOI-0063,2025-04-19,0.20891693531401595
AOI-0063,2025-04-23,0.380393797334036
AOI-0063,2025-04-24,0.2237163195664124
AOI-0063,2025-05-06,0.19779621752742105
AOI-0063,2025-05-25,0.6463149671153732
AOI-0063,2025-06-05,0.7064878344676142
AOI-0063,2025-06-25,0.8534979797417142
AOI-0063,2025-06-28,0.8460952020805108
AOI-0063,2025-06-30,0.7945210329464123
AOI-0063,2025-07-06,0.8103258369789428
AOI-0063,2025-07-07,0.7883928474929374
AOI-0063,2025-07-22,0.5428420469824198
AOI-0063,2025-08-23,0.43210949934720755
AOI-0063,2025-09-13,0.21015986767507
AOI-0063,2025-09-14,0.2858942322603937
AOI-0064,2025-04-14,0.43138972963387057
AOI-0064,2025-04-23,0.640904820254369
AOI-0064,2025-04-24,0.4623801944545223
AOI-0064,2025-06-03,0.77585324711079
AOI-0064,2025-06-05,0.7623874006976161
AOI-0064,2025-06-26,0.44757578335809467
AOI-0064,2025-06-27,0.43879571003639606
AOI-0064,2025-06-28,0.3449897718388205
AOI-0064,2025-07-10,0.24448496766296374
AOI-0064,2025-08-12,0.1652256596347056
AOI-0064,2025-08-19,0.1518450225941167
AOI-0064,2025-08-27,0.17357096305117775
AOI-0064,2025-08-31,0.21743180530495843
AOI-0064,2025-09-13,0.1985012595444327
AOI-0064,2025-10-06,0.18765382710486367
AOI-0064,2025-10-13,0.17825445463528816
AOI-0065,2025-04-19,0.4229536592882277
AOI-0065,2025-05-01,0.4666178236181716
AOI-0065,2025-06-04,0.5829437541822413
AOI-0065,2025-06-05,0.5556342473751954
AOI-0065,2025-06-08,0.5452602294528937
AOI-0065,2025-06-26,0.6295171961714138
AOI-0065,2025-07-15,0.44656436778560316
AOI-0065,2025-07-18,0.4198242347440556
AOI-0065,2025-08-07,0.20300513276973137
AOI-0065,2025-08-17,0.21810048833364531
AOI-0065,2025-09-14,0.3000108546291689
AOI-0065,2025-09-25,0.19540007518118718
AOI-0065,2025-09-30,0.3164662398811604
AOI-0065,2025-10-08,0.22111943918527638
AOI-0066,2025-06-05,0.48199001033869004
AOI-0066,2025-07-05,0.8186294618961631
AOI-0066,2025-07-15,0.6762830532066209
AOI-0066,2025-07-25,0.5865173470421361
AOI-0066,2025-07-27,0.46296185381436117
AOI-0066,2025-08-14,0.27758839493700094
AOI-0066,2025-09-01,0.1778480742920276
AOI-0067,2010-04-25,0.18481259065210903
AOI-0067,2010-06-20,0.184232130503866
AOI-0067,2010-06-26,0.2877559265222611
AOI-0067,2010-07-13,0.15904157250022727
AOI-0067,2010-07-21,0.14719210995755333
AOI-0067,2010-08-06,0.14069295597327863
AOI-0067,2010-08-07,0.14944061132949837
AOI-0067,2010-08-15,0.1424404139697813
AOI-0067,2010-09-23,0.14120912321100504
AOI-0067,2010-10-09,0.13438423280902378
AOI-0067,2011-05-09,0.35378015193630175
AOI-0067,2011-05-14,0.24080802762890507
AOI-0067,2011-09-03,0.3431424903586606
AOI-0067,2011-09-19,0.32917164645603203
AOI-0067,2012-05-08,0.4078517092841363
AOI-0067,2012-06-09,0.178930866369013
AOI-0067,2012-07-27,0.13179686252000056
AOI-0067,2012-09-29,0.12638205200788855
AOI-0067,2013-07-30,0.19755109292228562
AOI-0067,2013-08-29,0.3429894419956393
AOI-0067,2014-05-21,0.18651291665544467
AOI-0067,2014-05-25,0.28886630011286274
AOI-0067,2014-06-06,0.17184038108174843
AOI-0067,2014-06-07,0.20424937518713437
AOI-0067,2014-07-01,0.17945782771684154
AOI-0067,2014-07-16,0.21384369530878677
AOI-0067,2014-07-17,0.16135337846409842
AOI-0067,2014-09-14,0.22090081081375945
AOI-0067,2014-10-12,0.13433936003208619
AOI-0067,2015-04-15,0.14742192749681043
AOI-0067,2015-05-09,0.2941173123168487
AOI-0067,2015-06-02,0.1999046105318673
AOI-0067,2015-06-18,0.21631069459871494
AOI-0067,2015-07-12,0.42669817331229465
AOI-0067,2015-07-20,0.41339083359982765
AOI-0067,2015-08-29,0.5446125680004539
AOI-0067,2015-09-14,0.3851890355054508
AOI-0067,2015-09-29,0.23229863736429696
AOI-0067,2016-05-03,0.1989359188005701
AOI-0067,2016-05-10,0.2191324532760135
AOI-0067,2016-05-11,0.26518586422600676
AOI-0067,2016-06-25,0.2734004736793052
AOI-0067,2016-07-14,0.21794066711853272
AOI-0067,2016-07-27,0.4030827150875753
AOI-0067,2016-09-29,0.26519071775240954
AOI-0067,2016-10-25,0.21188598553515414
AOI-0067,2017-04-04,0.12530522293979846
AOI-0067,2017-04-28,0.15643045166855674
AOI-0067,2017-05-05,0.2051318169896968
AOI-0067,2017-06-07,0.2155549747722747
AOI-0067,2017-07-09,0.4452141109953641
AOI-0067,2017-07-25,0.539261770784994
AOI-0067,2017-08-02,0.597728420582746
AOI-0067,2017-08-11,0.5711083486743329
AOI-0067,2017-08-13,0.5051186646782686
AOI-0067,2017-08-29,0.4896798039399326
AOI-0067,2017-09-14,0.43303586441749664
AOI-0067,2017-09-20,0.41230267584411606
AOI-0067,2018-04-06,0.17542217974849722
AOI-0067,2018-04-23,0.23954278934130097
AOI-0067,2018-05-25,0.19616960809194156
AOI-0067,2018-07-11,0.1786600096038568
AOI-0067,2018-08-29,0.14773479365373182
AOI-0067,2019-05-08,0.7420657028466455
AOI-0067,2019-05-28,0.8094326738279709
AOI-0067,2019-06-12,0.49490585099026874
AOI-0067,2019-07-12,0.2655676979186846
AOI-0067,2019-07-14,0.2393397684895633
AOI-0067,2019-07-28,0.4570703009002739
AOI-0067,2019-08-08,0.45687468416116583
AOI-0067,2019-08-11,0.40039301523034443
AOI-0067,2019-08-29,0.3289241069080272
AOI-0067,2019-09-05,0.27243744683252835
AOI-0067,2019-09-16,0.3028510317360972
AOI-0067,2019-09-24,0.25126150254376656
AOI-0067,2019-10-02,0.31154794368614114
AOI-0067,2019-10-03,0.27675789704816256
AOI-0067,2019-10-15,0.29531288911201825
AOI-0067,2020-04-22,0.15104124849954426
AOI-0067,2020-04-27,0.1392821035048561
AOI-0067,2020-05-02,0.1283723505468105
AOI-0067,2020-05-08,0.30902286824857694
AOI-0067,2020-07-06,0.6210897319583356
AOI-0067,2020-07-25,0.5252807408470896
AOI-0067,2020-07-26,0.4902315868561745
AOI-0067,2020-07-27,0.4505104212865948
AOI-0067,2020-08-25,0.38052941615315616
AOI-0067,2020-10-15,0.251887571757766
AOI-0067,2021-05-16,0.24463162915085498
AOI-0067,2021-06-06,0.5366303636278937
AOI-0067,2021-06-16,0.6893464020626558
AOI-0067,2021-06-18,0.7049413810410947
AOI-0067,2021-07-04,0.4520236115138594
AOI-0067,2021-08-30,0.26998009119151634
AOI-0067,2021-09-09,0.3431511753724178
AOI-0067,2021-10-09,0.16583788642940728
AOI-0067,2022-04-02,0.1396836153583455
AOI-0067,2022-04-23,0.26807818719095455
AOI-0067,2022-04-26,0.20268671709845998
AOI-0067,2022-06-01,0.2147875151542707
AOI-0067,2022-07-01,0.6422700803908596
AOI-0067,2022-08-23,0.46690060815619916
AOI-0067,2022-08-24,0.4501234093453109
AOI-0067,2022-08-29,0.3920260741094429
AOI-0067,2022-09-01,0.33694047308816344
AOI-0067,2022-09-25,0.4524235155027697
AOI-0067,2022-10-09,0.2841987659136137
AOI-0067,2022-10-14,0.2638185753451229
AOI-0067,2023-04-23,0.2927319485939467
AOI-0067,2023-05-31,0.2327184216941442
AOI-0067,2023-06-30,0.7293570190533807
AOI-0067,2023-07-12,0.5393804989762641
AOI-0067,2023-07-21,0.6161933473709056
AOI-0067,2023-07-27,0.47161762936078055
AOI-0067,2023-08-26,0.3232345908447042
AOI-0067,2023-09-24,0.2185801745765979
AOI-0067,2023-09-27,0.26001496555164094
AOI-0067,2023-10-05,0.2442324248780077
AOI-0067,2023-10-13,0.21961678445567495
AOI-0067,2024-04-01,0.19507486472657476
AOI-0067,2024-04-11,0.2115516873991799
AOI-0067,2024-05-09,0.4718221675748381
AOI-0067,2024-05-24,0.6128426811236445
AOI-0067,2024-07-05,0.27053376405549956
AOI-0067,2024-07-10,0.25178481646254264
AOI-0067,2024-08-29,0.13723501692533552
AOI-0067,2024-09-06,0.18049424274571368
AOI-0067,2024-09-23,0.13214426034457505
AOI-0067,2025-04-17,0.16738233601010888
AOI-0067,2025-04-23,0.19950955690275518
AOI-0067,2025-04-28,0.13162307650421273
AOI-0067,2025-06-05,0.14200021272664906
AOI-0067,2025-06-21,0.2761984026688977
AOI-0067,2025-06-26,0.47410077386591853
AOI-0067,2025-07-05,0.45549794705746327
AOI-0067,2025-07-14,0.49542233676679015
AOI-0067,2025-07-15,0.4821513270911858
AOI-0067,2025-08-06,0.5918291784994272
AOI-0067,2025-09-01,0.4785917044062227
AOI-0067,2025-09-23,0.2738189772430667
AOI-0067,2025-10-03,0.23643103953346434
AOI-0068,2010-04-16,0.12216535506028034
AOI-0068,2010-05-02,0.1608508899419795
AOI-0068,2010-05-09,0.30781573250143857
AOI-0068,2010-06-20,0.1575512575100864
AOI-0068,2010-07-13,0.1498562594600464
AOI-0068,2010-07-14,0.15279121573769744
AOI-0068,2010-07-28,0.206840183066275
AOI-0068,2010-08-07,0.1377124159527861
AOI-0068,2010-08-29,0.20361965255443604
AOI-0068,2011-04-07,0.481467103360641
AOI-0068,2011-05-30,0.6411408274467727
AOI-0068,2011-06-15,0.4237443942754914
AOI-0068,2011-06-23,0.24298177001808463
AOI-0068,2011-07-16,0.19582162347942111
AOI-0068,2011-08-09,0.16542623366292508
AOI-0068,2011-09-03,0.18375309713135374
AOI-0068,2012-07-27,0.16757370054356985
AOI-0068,2012-08-03,0.14864234668689152
AOI-0068,2012-10-22,0.1845113171680277
AOI-0068,2013-06-19,0.25075836118740535
AOI-0068,2013-06-27,0.276036563928202
AOI-0068,2013-07-28,0.2548463502386452
AOI-0068,2014-04-27,0.45801964855741306
AOI-0068,2014-07-28,0.19701086396422235
AOI-0068,2014-08-17,0.18476392497072536
AOI-0068,2014-08-25,0.12682953491954813
AOI-0068,2014-10-05,0.13649604285068984
AOI-0068,2014-10-16,0.2011334221223905
AOI-0068,2014-10-29,0.1841690221630432
AOI-0068,2015-06-09,0.3196334931519822
AOI-0068,2015-07-27,0.2366535655502326
AOI-0068,2015-08-04,0.2883238002894969
AOI-0068,2016-05-02,0.31634505490827475
AOI-0068,2016-05-11,0.3390602154336009
AOI-0068,2016-07-14,0.37933098212449845
AOI-0068,2016-08-28,0.30180293635761446
AOI-0068,2016-09-13,0.2888399496074212
AOI-0068,2016-09-29,0.39242824702940715
AOI-0068,2017-05-14,0.5366266359161262
AOI-0068,2017-06-10,0.43893194081926856
AOI-0068,2017-06-22,0.4007759831858798
AOI-0068,2017-06-27,0.2908137101521833
AOI-0068,2017-07-12,0.26184682835759876
AOI-0068,2017-08-02,0.20844802922829714
AOI-0068,2017-08-11,0.15020981744262507
AOI-0068,2017-08-13,0.21086271513911303
AOI-0068,2017-09-02,0.1488084875100718
AOI-0068,2017-09-03,0.22170861036857115
AOI-0068,2018-04-28,0.2394376222730739
AOI-0068,2018-05-09,0.3952930061363803
AOI-0068,2018-06-07,0.18398965228719977
AOI-0068,2018-07-11,0.1829958459076224
AOI-0068,2018-08-28,0.1710172389785315
AOI-0068,2018-09-06,0.17149239953330198
AOI-0068,2018-09-21,0.13219641240688146
AOI-0068,2019-05-25,0.5885809568358025
AOI-0068,2019-05-28,0.5787584988533911
AOI-0068,2019-06-28,0.22992299202384242
AOI-0068,2019-08-07,0.20197972108821233
AOI-0068,2019-09-01,0.165027567116162
AOI-0068,2019-09-05,0.1701422324208498
AOI-0068,2019-09-15,0.15183225526369026
AOI-0068,2019-09-24,0.18669765200433913
AOI-0068,2019-09-25,0.1986787690294904
AOI-0068,2019-09-30,0.3248254158655218
AOI-0068,2019-10-02,0.304273343384852
AOI-0068,2019-10-25,0.31375847142679286
AOI-0068,2020-04-02,0.31960841442323273
AOI-0068,2020-04-06,0.4171901259787605
AOI-0068,2020-04-12,0.30673836828703693
AOI-0068,2020-04-19,0.29861855503983503
AOI-0068,2020-06-26,0.18594631495492936
AOI-0068,2020-07-27,0.18972073930374572
AOI-0068,2020-07-31,0.11131638600781363
AOI-0068,2020-09-03,0.13336312048627819
AOI-0068,2020-10-05,0.1280475534754167
AOI-0068,2020-10-20,0.20443040040801974
AOI-0068,2021-05-01,0.2683373527630717
AOI-0068,2021-05-16,0.45321494480195124
AOI-0068,2021-06-11,0.42994797907269366
AOI-0068,2021-06-16,0.3931557152342886
AOI-0068,2021-07-19,0.27567789126339315
AOI-0068,2021-07-31,0.19430319762184095
AOI-0068,2021-09-30,0.44100476470496586
AOI-0068,2022-04-02,0.29649260478244643
AOI-0068,2022-04-12,0.34883134638577096
AOI-0068,2022-04-23,0.5386816683789912
AOI-0068,2022-05-12,0.49391371279863516
AOI-0068,2022-05-27,0.36098005192447113
AOI-0068,2022-06-08,0.34360989523579144
AOI-0068,2022-06-20,0.24838623333725987
AOI-0068,2022-07-01,0.17115143845355607
AOI-0068,2022-07-14,0.19943971849902237
AOI-0068,2022-07-30,0.19019948395985353
AOI-0068,2022-08-15,0.1464729940079546
AOI-0068,2023-04-03,0.5196664892656705
AOI-0068,2023-04-17,0.5175001467407767
AOI-0068,2023-05-09,0.6198646871146912
AOI-0068,2023-06-06,0.517803033657761
AOI-0068,2023-06-30,0.28148506224979053
AOI-0068,2023-07-05,0.24312121056426783
AOI-0068,2023-08-03,0.285116175626527
AOI-0068,2023-08-13,0.313151063156374
AOI-0068,2023-09-03,0.34333477814045377
AOI-0068,2023-09-24,0.3276744597273644
AOI-0068,2023-10-06,0.3182782754536016
AOI-0068,2023-10-11,0.304979593076211
AOI-0068,2024-05-01,0.23173371195409714
AOI-0068,2024-05-09,0.24894483775282317
AOI-0068,2024-06-15,0.1295690919299467
AOI-0068,2024-08-05,0.18106384116403967
AOI-0068,2024-08-09,0.12784833907334636
AOI-0068,2024-08-19,0.13857579356999644
AOI-0068,2024-08-28,0.18251852027547483
AOI-0068,2024-09-08,0.14352748286468275
AOI-0068,2024-09-14,0.17626279619813756
AOI-0068,2024-09-29,0.17538909214880993
AOI-0068,2024-10-13,0.1294632258728597
AOI-0068,2025-05-08,0.6725402055361398
AOI-0068,2025-05-11,0.5890235748588217
AOI-0068,2025-05-20,0.7241559661791659
AOI-0068,2025-06-10,0.3763103063342673
AOI-0068,2025-06-15,0.3198451545243386
AOI-0068,2025-06-17,0.304361761055556
AOI-0068,2025-06-30,0.22337678122661048
AOI-0068,2025-07-22,0.2138870444536694
AOI-0068,2025-07-28,0.2515945353408527
AOI-0068,2025-08-13,0.25523716064963986
AOI-0068,2025-08-14,0.17778221654718418
AOI-0068,2025-08-23,0.2518623538212159
AOI-0068,2025-08-24,0.18472664332419658
AOI-0068,2025-09-08,0.19140774869595156
AOI-0068,2025-09-14,0.25134078068315796
AOI-0068,2025-09-24,0.2477580726817314
AOI-0069,2025-04-16,0.16214867629785407
AOI-0069,2025-04-21,0.17681568813439225
AOI-0069,2025-04-23,0.2531294152946828
AOI-0069,2025-05-01,0.17806497910618668
AOI-0069,2025-05-11,0.23628365444722493
AOI-0069,2025-05-25,0.5223601192381326
AOI-0069,2025-05-28,0.4572823625533785
AOI-0069,2025-06-10,0.3639378872832021
AOI-0069,2025-06-25,0.22034795211993785
AOI-0069,2025-06-26,0.27089805470534223
AOI-0069,2025-07-05,0.18824543490000956
AOI-0069,2025-07-06,0.2491547607446793
AOI-0069,2025-07-22,0.18179847549043976
AOI-0069,2025-08-07,0.1728101187452653
AOI-0069,2025-08-14,0.12830580409081765
AOI-0069,2025-09-01,0.1739896952219615
AOI-0069,2025-09-14,0.19751261527689518
AOI-0069,2025-09-24,0.17446948683620433
AOI-0069,2025-09-25,0.14297430902701708
AOI-0069,2025-09-28,0.14855153530758647
AOI-0070,2025-05-11,0.264636096438974
AOI-0070,2025-05-25,0.329291996567337
AOI-0070,2025-06-07,0.19602111573016062
AOI-0070,2025-06-10,0.18706607911047707
AOI-0070,2025-06-25,0.1688475197705887
AOI-0070,2025-07-12,0.2320286821305541
AOI-0070,2025-08-24,0.14483049964292666
AOI-0070,2025-08-31,0.17862797325186303
AOI-0070,2025-09-25,0.16004837371779534
AOI-0070,2025-10-02,0.20216165430385608
AOI-0070,2025-10-13,0.16168877901019335
AOI-0070,2025-10-23,0.20917426513559761
AOI-0071,2025-04-16,0.3007760574839734
AOI-0071,2025-04-18,0.3071910223208306
AOI-0071,2025-04-21,0.31298598065374716
AOI-0071,2025-05-25,0.6005502806509435
AOI-0071,2025-06-26,0.542223315173912
AOI-0071,2025-07-06,0.5911922517021002
AOI-0071,2025-07-07,0.5378334680191696
AOI-0071,2025-07-12,0.4190288158734037
AOI-0071,2025-08-13,0.41242935205582865
AOI-0071,2025-08-23,0.4281559904937774
AOI-0071,2025-08-24,0.3744140487523171
AOI-0071,2025-08-26,0.39005136899986703
AOI-0071,2025-08-29,0.3768005672574586
AOI-0071,2025-09-01,0.39646761939574626
AOI-0071,2025-09-15,0.3303728661515981
AOI-0071,2025-09-28,0.31661132311030193
AOI-0072,2025-05-08,0.7883261076256576
AOI-0072,2025-06-04,0.700531546757216
AOI-0072,2025-07-05,0.1680760084040957
AOI-0072,2025-07-06,0.24774153822010303
AOI-0072,2025-07-14,0.21817851749867007
AOI-0072,2025-07-17,0.13501197741423032
AOI-0072,2025-08-07,0.19632244795026382
AOI-0072,2025-08-19,0.1573449597247198
AOI-0072,2025-08-29,0.1700328389437965
AOI-0072,2025-09-03,0.13524748392916913
AOI-0072,2025-09-15,0.14162859979964332
AOI-0072,2025-09-16,0.1906813273601845
AOI-0072,2025-09-30,0.2274922783043234
AOI-0072,2025-10-03,0.15736779519184863
AOI-0072,2025-10-13,0.14316187233570343
AOI-0073,2010-06-26,0.6037405473298143
AOI-0073,2010-07-12,0.5523556742036126
AOI-0073,2011-04-07,0.265321341095469
AOI-0073,2011-07-14,0.5603218136350603
AOI-0073,2011-09-14,0.3798016387404468
AOI-0073,2012-04-22,0.5226423585242044
AOI-0073,2012-04-27,0.3707195336872561
AOI-0073,2012-05-24,0.7105328792248715
AOI-0073,2012-09-29,0.2981991753340183
AOI-0073,2013-04-03,0.24950135539670237
AOI-0073,2013-06-10,0.5501692948298688
AOI-0073,2013-06-25,0.5341079162295634
AOI-0073,2013-07-12,0.5305888883759902
AOI-0073,2013-07-28,0.5642883938435219
AOI-0073,2013-09-30,0.3919805828290489
AOI-0073,2014-05-27,0.5830938616044474
AOI-0073,2014-07-12,0.7773890647548405
AOI-0073,2014-07-30,0.6818733210856958
AOI-0073,2014-08-13,0.47979606152868204
AOI-0073,2014-09-14,0.39055219788943396
AOI-0073,2014-10-10,0.23192974912819175
AOI-0073,2015-05-22,0.34162964169505095
AOI-0073,2015-05-30,0.4084087206848037
AOI-0073,2015-06-10,0.6027015150366697
AOI-0073,2015-06-15,0.4942931974719367
AOI-0073,2015-07-01,0.6743799885070862
AOI-0073,2015-07-09,0.6295895253250218
AOI-0073,2015-08-26,0.3381194463735139
AOI-0073,2015-10-05,0.22639361209775383
AOI-0073,2016-04-06,0.3550501788459225
AOI-0073,2017-04-23,0.31495407296984557
AOI-0073,2017-06-04,0.3472027094676179
AOI-0073,2017-06-12,0.474370244552329
AOI-0073,2017-07-06,0.8013387479442027
AOI-0073,2017-07-18,0.7933923673705199
AOI-0073,2017-08-07,0.6792640908331351
AOI-0073,2017-08-12,0.6675575857205556
AOI-0073,2017-10-11,0.27509752759026795
AOI-0073,2017-10-16,0.2928557069538473
AOI-0073,2018-04-16,0.16135439435599336
AOI-0073,2019-05-17,0.329226441548915
AOI-0073,2019-05-19,0.2735705063140921
AOI-0073,2019-06-03,0.5166033874250817
AOI-0073,2019-07-13,0.6629977857743587
AOI-0073,2019-08-07,0.6872358658737117
AOI-0073,2019-08-12,0.6132883999017564
AOI-0073,2019-09-06,0.34761900326114537
AOI-0073,2019-09-11,0.31187792550825444
AOI-0073,2019-09-15,0.31660828050069423
AOI-0073,2019-09-16,0.3125844441965764
AOI-0073,2019-09-28,0.23920841354817263
AOI-0073,2019-10-16,0.2207673912283819
AOI-0073,2019-10-26,0.22139683304373303
AOI-0073,2020-04-05,0.108154372589539
AOI-0073,2020-04-15,0.03131210811703368
AOI-0073,2020-04-22,0.45290200937222824
AOI-0073,2020-05-18,0.35563365758115895
AOI-0073,2020-07-04,0.2698223568536946
AOI-0073,2020-07-06,0.32619771730518266
AOI-0073,2020-07-24,0.17712553966729438
AOI-0073,2020-07-29,0.14853769523003446
AOI-0073,2020-08-12,0.3029288936645367
AOI-0073,2020-09-01,0.2021689446032608
AOI-0073,2020-09-20,0.16346728676551414
AOI-0073,2020-10-20,0.18859063040086477
AOI-0073,2020-10-26,0.18456913673995035
AOI-0073,2021-05-06,0.24799302972033882
AOI-0073,2021-05-13,0.20555748500692855
AOI-0073,2021-05-15,0.20679829047123727
AOI-0073,2021-06-29,0.5411399942184315
AOI-0073,2021-07-25,0.7790714953217159
AOI-0073,2021-08-02,0.7283490324861766
AOI-0073,2021-09-07,0.3668285016932792
AOI-0073,2021-09-14,0.3704513046342631
AOI-0073,2021-09-15,0.2898316568826089
AOI-0073,2022-04-23,0.20695990608020795
AOI-0073,2022-04-25,0.18372667202531556
AOI-0073,2022-06-04,0.228329216707789
AOI-0073,2022-06-07,0.26502652375360936
AOI-0073,2022-06-09,0.28307121356587783
AOI-0073,2022-06-14,0.3920173755608669
AOI-0073,2022-07-05,0.8115754786049503
AOI-0073,2022-07-07,0.8025315370620201
AOI-0073,2022-09-10,0.39245698134965634
AOI-0073,2022-09-30,0.3921688539062377
AOI-0073,2023-04-02,0.21728895414282218
AOI-0073,2023-04-28,0.2269819177470926
AOI-0073,2023-05-03,0.23600512452076644
AOI-0073,2023-05-05,0.24993384860614362
AOI-0073,2023-05-13,0.2857128056748439
AOI-0073,2023-06-04,0.5313129838896649
AOI-0073,2023-06-07,0.5405388893546013
AOI-0073,2023-07-25,0.319862133099568
AOI-0073,2023-07-31,0.307042625297984
AOI-0073,2023-08-06,0.21123292052794823
AOI-0073,2023-08-16,0.22670445730154792
AOI-0073,2023-08-28,0.1858542017220441
AOI-0073,2023-09-07,0.1804811767659012
AOI-0073,2023-09-12,0.1872836964951462
AOI-0073,2023-09-29,0.21209304526670586
AOI-0073,2023-10-11,0.2739939541797192
AOI-0073,2023-10-15,0.22812120919479995
AOI-0073,2024-04-14,0.45543540089751133
AOI-0073,2024-04-20,0.5986833400084071
AOI-0073,2024-05-06,0.6264596593766136
AOI-0073,2024-05-07,0.5861560710638591
AOI-0073,2024-06-23,0.31802213333298
AOI-0073,2024-07-03,0.2511023002848143
AOI-0073,2024-07-11,0.2647821247010581
AOI-0073,2024-07-13,0.2562666673556326
AOI-0073,2024-07-21,0.20467522674180944
AOI-0073,2024-07-25,0.2640102297127003
AOI-0073,2024-08-12,0.1878656653357716
AOI-0073,2024-08-28,0.2910174329321975
AOI-0073,2024-09-01,0.16659615319885507
AOI-0073,2024-09-13,0.27475657530576514
AOI-0073,2024-09-29,0.1829869899348861
AOI-0073,2025-04-07,0.22218638284743936
AOI-0073,2025-04-15,0.2146399495204115
AOI-0073,2025-04-19,0.1740333044215207
AOI-0073,2025-04-22,0.17405377218595175
AOI-0073,2025-04-23,0.2515311014379615
AOI-0073,2025-04-29,0.19049578795295308
AOI-0073,2025-05-11,0.2026313290303579
AOI-0073,2025-05-22,0.2097789039051135
AOI-0073,2025-05-29,0.2525435541966524
AOI-0073,2025-06-03,0.31844668724235503
AOI-0073,2025-06-30,0.8039362208045924
AOI-0073,2025-07-06,0.8146707211726523
AOI-0073,2025-07-08,0.8168317522077515
AOI-0073,2025-07-28,0.7788011335340994
AOI-0073,2025-08-05,0.7148885098060092
AOI-0073,2025-08-07,0.6758301824383801
AOI-0073,2025-08-22,0.4618932096190683
AOI-0073,2025-08-27,0.34355017012709144
AOI-0073,2025-09-22,0.328421501915205
AOI-0074,2010-07-12,0.3720250103966841
AOI-0074,2010-08-29,0.3075728196886802
AOI-0074,2011-05-27,0.34546799391380756
AOI-0074,2011-06-20,0.5830208722681045
AOI-0074,2011-06-26,0.7809096510815547
AOI-0074,2011-07-06,0.7725394835945187
AOI-0074,2011-09-24,0.23056118730347563
AOI-0074,2013-06-25,0.4311444909292895
AOI-0074,2013-07-03,0.37290589733988866
AOI-0074,2013-07-11,0.3509122863171743
AOI-0074,2013-08-13,0.3409537812552882
AOI-0074,2014-07-14,0.8334295314781461
AOI-0074,2014-07-28,0.6853950711550705
AOI-0074,2014-09-14,0.32698795461544383
AOI-0074,2014-10-16,0.25588604450924834
AOI-0074,2015-04-23,0.26018749089336957
AOI-0074,2015-04-28,0.2188679286668873
AOI-0074,2015-07-25,0.6763541521293994
AOI-0074,2015-10-16,0.2551140674995928
AOI-0074,2015-10-29,0.18131443219831767
AOI-0074,2016-08-12,0.2935062699079306
AOI-0074,2016-08-20,0.2527719005068075
AOI-0074,2017-04-23,0.31186815535273216
AOI-0074,2017-05-04,0.19830241693280248
AOI-0074,2017-05-06,0.19662349938072765
AOI-0074,2017-06-04,0.3531546465691733
AOI-0074,2017-06-05,0.28606079094299075
AOI-0074,2017-06-10,0.6426561289167583
AOI-0074,2017-06-20,0.5971294281762041
AOI-0074,2017-06-26,0.7784119811604175
AOI-0074,2017-07-18,0.7878509043279123
AOI-0074,2017-08-07,0.6680200601580362
AOI-0074,2017-08-17,0.4804688610786227
AOI-0074,2017-09-16,0.28428544468460293
AOI-0074,2017-10-11,0.23316352372099314
AOI-0074,2017-10-16,0.2824777516150663
AOI-0074,2018-04-04,0.11484048542354015
AOI-0074,2018-04-23,0.3771844684624208
AOI-0074,2018-05-06,0.2944399692562396
AOI-0074,2018-05-11,0.30349203112124934
AOI-0074,2018-05-22,0.4340832786676636
AOI-0074,2018-05-26,0.2797996398620318
AOI-0074,2018-05-30,0.3358473230672895
AOI-0074,2018-07-13,0.6798379286097211
AOI-0074,2018-08-18,0.7606440293797898
AOI-0074,2018-09-14,0.3927109217013173
AOI-0074,2018-09-19,0.32724752689361336
AOI-0074,2018-09-30,0.30973019532067314
AOI-0074,2019-04-23,0.17540269088674787
AOI-0074,2019-05-04,0.19089001942084444
AOI-0074,2019-05-14,0.2118875533076341
AOI-0074,2019-05-16,0.2691857201648571
AOI-0074,2019-05-31,0.4215842749229477
AOI-0074,2019-06-13,0.6949301414699811
AOI-0074,2019-07-13,0.6614991362021299
AOI-0074,2019-08-05,0.6556519320900973
AOI-0074,2019-08-09,0.48218421956509844
AOI-0074,2019-09-14,0.28091243014152434
AOI-0074,2020-04-09,0.20831235307676838
AOI-0074,2020-07-06,0.28694860256969856
AOI-0074,2020-07-22,0.18558956319751307
AOI-0074,2020-08-07,0.21893788421222282
AOI-0074,2020-08-26,0.1563503728533121
AOI-0074,2020-09-07,0.14357172584644007
AOI-0074,2020-09-08,0.20287872394541218
AOI-0074,2020-09-12,0.1564909068878957
AOI-0074,2020-10-07,0.1699210310991991
AOI-0074,2020-10-12,0.12121164786762206
AOI-0074,2020-10-18,0.25182760647097724
AOI-0074,2020-10-22,0.12927851671217322
AOI-0074,2021-04-25,0.21959230694293497
AOI-0074,2021-06-23,0.6358879943424918
AOI-0074,2021-06-27,0.6303771606796176
AOI-0074,2021-07-17,0.7253404519313829
AOI-0074,2021-08-03,0.5795825567888866
AOI-0074,2021-08-06,0.5745758621606614
AOI-0074,2021-08-19,0.49608507904420857
AOI-0074,2021-09-03,0.40972539652673856
AOI-0074,2021-10-06,0.25038507797158344
AOI-0074,2021-10-17,0.18824157308464085
AOI-0074,2021-10-20,0.2468029357808894
AOI-0074,2021-10-27,0.19611667151175688
AOI-0074,2022-05-30,0.21248148062447608
AOI-0074,2022-07-12,0.7833295930728366
AOI-0074,2022-08-29,0.5223143786471638
AOI-0074,2022-10-16,0.2972465140006306
AOI-0074,2023-04-28,0.20932487600528005
AOI-0074,2023-05-30,0.42227684805883814
AOI-0074,2023-06-09,0.5347464269006641
AOI-0074,2023-06-19,0.3064051270260314
AOI-0074,2023-07-14,0.25050761159519774
AOI-0074,2023-08-16,0.20636892296209264
AOI-0074,2023-09-14,0.33038605779150787
AOI-0074,2023-10-11,0.27114758567317954
AOI-0074,2024-04-17,0.5745619056522282
AOI-0074,2024-05-08,0.701039314768501
AOI-0074,2024-05-09,0.6115513508942854
AOI-0074,2024-06-06,0.5096630936912984
AOI-0074,2024-07-08,0.2539889600807176
AOI-0074,2024-07-18,0.24528134890451628
AOI-0074,2024-07-27,0.3276293647073822
AOI-0074,2024-08-12,0.1593535142181306
AOI-0074,2024-08-28,0.2882109847033746
AOI-0074,2024-09-04,0.1619643648701083
AOI-0074,2024-09-09,0.16195060364679803
AOI-0074,2025-04-07,0.22993160529606094
AOI-0074,2025-04-15,0.21296642394595527
AOI-0074,2025-05-12,0.2066553309620538
AOI-0074,2025-05-14,0.1853185194440219
AOI-0074,2025-06-01,0.3083639318690675
AOI-0074,2025-06-10,0.5841672148166811
AOI-0074,2025-07-06,0.8029502020440578
AOI-0074,2025-07-16,0.6754373307330674
AOI-0074,2025-08-05,0.6695739396282874
AOI-0074,2025-08-19,0.44342083863952686
AOI-0074,2025-09-08,0.24392572673826388
AOI-0074,2025-09-22,0.2880402291453902
AOI-0074,2025-10-01,0.22319462780030425
AOI-0074,2025-10-26,0.2467178856711038
AOI-0075,2025-04-07,0.3085546739121746
AOI-0075,2025-04-12,0.23614006939839988
AOI-0075,2025-07-12,0.6384877845866537
AOI-0075,2025-07-18,0.4981431172439903
AOI-0075,2025-08-21,0.5279150170556788
AOI-0075,2025-08-30,0.4593510770097553
AOI-0075,2025-09-08,0.43071971835954415
AOI-0075,2025-09-16,0.30606484512208443
AOI-0075,2025-09-21,0.22703942782676578
AOI-0075,2025-10-29,0.24957200560203843
AOI-0076,2025-04-19,0.19949067990047686
AOI-0076,2025-05-01,0.2504889853395398
AOI-0076,2025-05-11,0.2527988759137041
AOI-0076,2025-05-25,0.4976885209360013
AOI-0076,2025-07-10,0.8162885779773486
AOI-0076,2025-07-31,0.709443245201905
AOI-0076,2025-08-21,0.43772382203072946
AOI-0076,2025-08-27,0.300889934209738
AOI-0076,2025-09-01,0.28590199303869035
AOI-0076,2025-09-21,0.22389527025057693
AOI-0076,2025-09-22,0.2802688881739561
AOI-0076,2025-10-01,0.20333516553629738
AOI-0076,2025-10-04,0.1900383847990446
AOI-0077,2025-05-09,0.7667235007995665
AOI-0077,2025-06-06,0.5319329030703273
AOI-0077,2025-06-21,0.37477681693928266
AOI-0077,2025-07-12,0.34306684624527983
AOI-0077,2025-08-22,0.17131970819557046
AOI-0077,2025-08-27,0.1737619248265848
AOI-0077,2025-08-30,0.1982112970745436
AOI-0077,2025-09-11,0.18798703335147898
AOI-0077,2025-09-22,0.2491112368282924
AOI-0078,2025-05-02,0.8231103592793341
AOI-0078,2025-05-25,0.8171321095581316
AOI-0078,2025-06-01,0.7433993014274451
AOI-0078,2025-06-03,0.760061151017644
AOI-0078,2025-06-06,0.7093472350860064
AOI-0078,2025-06-10,0.5918557681384446
AOI-0078,2025-07-04,0.35269338199160416
AOI-0078,2025-07-10,0.18319239177733754
AOI-0078,2025-07-11,0.19947557243900366
AOI-0078,2025-07-13,0.1725813595357365
AOI-0078,2025-08-10,0.1504176848215939
AOI-0078,2025-08-15,0.16448853538420327
AOI-0078,2025-09-08,0.14038742027124296
AOI-0078,2025-10-04,0.22824657386042813
