anon_polygon_id,year,start,end,duration_days,n_points,min_z,mean_z,ndvi_deficit,severity,kind,confidence,drivers,explanation,sensors
AOI-0002,2010,2010-04-24,2010-05-09,16,4,-2.12,-1.63,0.304,критическая,стресс,0.7,[],"24 апреля – 9 мая 2010, 16 дней, 4 наблюдения. NDVI ниже нормы в среднем на 1.6σ (минимум -2.1σ), это 0.30 по шкале NDVI. Осадки за 60 дней до эпизода: 33 мм при норме 34 мм (95 % нормы). Подтверждено несколькими сенсорами: Landsat, MODIS. Погодного объяснения не нашлось: возможны агротехнические причины (поздний сев, болезни, смена культуры) или локальное событие.","['landsat', 'modis']"
AOI-0002,2011,2011-04-02,2011-04-19,18,4,-1.58,-1.41,0.258,угнетение,стресс,0.71,[],"2 апреля – 19 апреля 2011, 18 дней, 4 наблюдения. NDVI ниже нормы в среднем на 1.4σ (минимум -1.6σ), это 0.26 по шкале NDVI. Подтверждено несколькими сенсорами: Landsat, MODIS. Погодного объяснения не нашлось: возможны агротехнические причины (поздний сев, болезни, смена культуры) или локальное событие.","['landsat', 'modis']"
AOI-0002,2014,2014-07-24,2014-09-17,56,11,-1.41,-1.19,0.173,угнетение,уборка,0.9,[],"24 июля – 17 сентября 2014, 56 дней, 11 наблюдений. NDVI ниже нормы в среднем на 1.2σ (минимум -1.4σ), это 0.17 по шкале NDVI. Осадки за 60 дней до эпизода: 122 мм при норме 89 мм (136 % нормы). Дней жарче 30 °C за предшествующий месяц: 1 при норме 0. Подтверждено несколькими сенсорами: Landsat, MODIS. Эпизод начинается заметно позже пика сезона у зерновой культуры — скорее всего это уборка, а не угнетение посева.","['landsat', 'modis']"
AOI-0002,2019,2019-06-11,2019-07-22,42,13,-2.21,-1.54,0.26,критическая,стресс,0.9,[],"11 июня – 22 июля 2019, 42 дня, 13 наблюдений. NDVI ниже нормы в среднем на 1.5σ (минимум -2.2σ), это 0.26 по шкале NDVI. Осадки за 60 дней до эпизода: 93 мм при норме 110 мм (85 % нормы). Подтверждено несколькими сенсорами: Landsat, MODIS, Sentinel-2. Погодного объяснения не нашлось: возможны агротехнические причины (поздний сев, болезни, смена культуры) или локальное событие.","['landsat', 'modis', 's2']"
AOI-0002,2020,2020-05-12,2020-05-20,9,3,-1.96,-1.81,0.3,угнетение,стресс,0.64,[],"12 мая – 20 мая 2020, 9 дней, 3 наблюдения. NDVI ниже нормы в среднем на 1.8σ (минимум -2.0σ), это 0.30 по шкале NDVI. Осадки за 60 дней до эпизода: 46 мм при норме 68 мм (68 % нормы). Подтверждено несколькими сенсорами: Landsat, Sentinel-2. Погодного объяснения не нашлось: возможны агротехнические причины (поздний сев, болезни, смена культуры) или локальное событие.","['landsat', 's2']"
AOI-0002,2021,2021-04-15,2021-04-22,8,3,-2.89,-1.9,0.364,критическая,стресс,0.73,['избыток осадков'],"15 апреля – 22 апреля 2021, 8 дней, 3 наблюдения. NDVI ниже нормы в среднем на 1.9σ (минимум -2.9σ), это 0.36 по шкале NDVI. Осадки за 60 дней до эпизода: 60 мм при норме 20 мм (303 % нормы). Подтверждено несколькими сенсорами: Landsat, Sentinel-2. Вероятная причина: переувлажнение — вымокание посева или сорванные полевые работы.","['landsat', 's2']"
AOI-0002,2021,2021-07-18,2021-07-24,7,3,-1.19,-1.12,0.204,угнетение,уборка,0.63,[],"18 июля – 24 июля 2021, 7 дней, 3 наблюдения. NDVI ниже нормы в среднем на 1.1σ (минимум -1.2σ), это 0.20 по шкале NDVI. Осадки за 60 дней до эпизода: 125 мм при норме 95 мм (132 % нормы). Дней жарче 30 °C за предшествующий месяц: 1 при норме 0. Подтверждено несколькими сенсорами: Landsat, Sentinel-2. Эпизод начинается заметно позже пика сезона у зерновой культуры — скорее всего это уборка, а не угнетение посева.","['landsat', 's2']"
AOI-0002,2022,2022-07-04,2022-07-24,21,8,-1.51,-1.16,0.206,угнетение,уборка,0.95,['дефицит осадков'],"4 июля – 24 июля 2022, 21 день, 8 наблюдений. NDVI ниже нормы в среднем на 1.2σ (минимум -1.5σ), это 0.21 по шкале NDVI. Осадки за 60 дней до эпизода: 52 мм при норме 123 мм (42 % нормы). Подтверждено несколькими сенсорами: Landsat, MODIS, Sentinel-2. Эпизод начинается заметно позже пика сезона у зерновой культуры — скорее всего это уборка, а не угнетение посева.","['landsat', 'modis', 's2']"
AOI-0002,2023,2023-05-13,2023-05-20,8,4,-1.67,-1.42,0.244,угнетение,стресс,0.77,['избыток осадков'],"13 мая – 20 мая 2023, 8 дней, 4 наблюдения. NDVI ниже нормы в среднем на 1.4σ (минимум -1.7σ), это 0.24 по шкале NDVI. Осадки за 60 дней до эпизода: 141 мм при норме 66 мм (214 % нормы). Подтверждено несколькими сенсорами: Landsat, Sentinel-2. Вероятная причина: переувлажнение — вымокание посева или сорванные полевые работы.","['landsat', 's2']"
AOI-0002,2024,2024-06-08,2024-06-13,6,3,-1.76,-1.45,0.207,угнетение,стресс,0.72,['дефицит осадков'],"8 июня – 13 июня 2024, 6 дней, 3 наблюдения. NDVI ниже нормы в среднем на 1.5σ (минимум -1.8σ), это 0.21 по шкале NDVI. Осадки за 60 дней до эпизода: 27 мм при норме 105 мм (26 % нормы). Подтверждено несколькими сенсорами: MODIS, Sentinel-2. Вероятная причина: дефицит влаги.","['modis', 's2']"
AOI-0003,2010,2010-08-29,2010-09-07,10,4,-1.19,-1.12,0.106,угнетение,стресс,0.62,"['дефицит осадков', 'аномальная жара']","29 августа – 7 сентября 2010, 10 дней, 4 наблюдения. NDVI ниже нормы в среднем на 1.1σ (минимум -1.2σ), это 0.11 по шкале NDVI. Осадки за 60 дней до эпизода: 29 мм при норме 57 мм (51 % нормы). Дней жарче 30 °C за предшествующий месяц: 17 при норме 2. Все наблюдения эпизода с одного сенсора (Landsat). Вероятная причина: почвенная засуха на фоне аномальной жары.",['landsat']
AOI-0003,2012,2012-04-22,2012-05-31,40,7,-2.09,-1.55,0.329,критическая,стресс,0.97,['избыток осадков'],"22 апреля – 31 мая 2012, 40 дней, 7 наблюдений. NDVI ниже нормы в среднем на 1.6σ (минимум -2.1σ), это 0.33 по шкале NDVI. Осадки за 60 дней до эпизода: 65 мм при норме 31 мм (211 % нормы). Подтверждено несколькими сенсорами: Landsat, MODIS. Вероятная причина: переувлажнение — вымокание посева или сорванные полевые работы.","['landsat', 'modis']"
AOI-0003,2015,2015-05-08,2015-05-24,17,5,-2.01,-1.72,0.355,критическая,стресс,0.84,['избыток осадков'],"8 мая – 24 мая 2015, 17 дней, 5 наблюдений. NDVI ниже нормы в среднем на 1.7σ (минимум -2.0σ), это 0.35 по шкале NDVI. Осадки за 60 дней до эпизода: 110 мм при норме 50 мм (219 % нормы). Подтверждено несколькими сенсорами: Landsat, MODIS. Вероятная причина: переувлажнение — вымокание посева или сорванные полевые работы.","['landsat', 'modis']"
AOI-0003,2017,2017-04-01,2017-04-03,3,3,-1.4,-1.23,0.233,угнетение,стресс,0.61,[],"1 апреля – 3 апреля 2017, 3 дня, 3 наблюдения. NDVI ниже нормы в среднем на 1.2σ (минимум -1.4σ), это 0.23 по шкале NDVI. Подтверждено несколькими сенсорами: Landsat, Sentinel-2. Погодного объяснения не нашлось: возможны агротехнические причины (поздний сев, болезни, смена культуры) или локальное событие.","['landsat', 's2']"
AOI-0003,2017,2017-04-26,2017-05-06,11,5,-2.32,-1.89,0.414,критическая,стресс,0.81,['избыток осадков'],"26 апреля – 6 мая 2017, 11 дней, 5 наблюдений. NDVI ниже нормы в среднем на 1.9σ (минимум -2.3σ), это 0.41 по шкале NDVI. Осадки за 60 дней до эпизода: 55 мм при норме 31 мм (175 % нормы). Подтверждено несколькими сенсорами: Landsat, Sentinel-2. Вероятная причина: переувлажнение — вымокание посева или сорванные полевые работы.","['landsat', 's2']"
AOI-0003,2020,2020-04-17,2020-05-17,31,11,-1.75,-1.47,0.324,угнетение,стресс,0.99,['дефицит осадков'],"17 апреля – 17 мая 2020, 31 день, 11 наблюдений. NDVI ниже нормы в среднем на 1.5σ (минимум -1.8σ), это 0.32 по шкале NDVI. Осадки за 60 дней до эпизода: 6 мм при норме 25 мм (23 % нормы). Подтверждено несколькими сенсорами: Landsat, MODIS, Sentinel-2. Вероятная причина: дефицит влаги.","['landsat', 'modis', 's2']"
AOI-0003,2022,2022-05-15,2022-06-19,36,13,-2.52,-1.93,0.364,критическая,стресс,0.9,[],"15 мая – 19 июня 2022, 36 дней, 13 наблюдений. NDVI ниже нормы в среднем на 1.9σ (минимум -2.5σ), это 0.36 по шкале NDVI. Осадки за 60 дней до эпизода: 70 мм при норме 70 мм (100 % нормы). Подтверждено несколькими сенсорами: Landsat, MODIS, Sentinel-2. Погодного объяснения не нашлось: возможны агротехнические причины (поздний сев, болезни, смена культуры) или локальное событие.","['landsat', 'modis', 's2']"
AOI-0003,2024,2024-06-09,2024-06-25,17,9,-1.37,-1.15,0.254,угнетение,уборка,0.93,['дефицит осадков'],"9 июня – 25 июня 2024, 17 дней, 9 наблюдений. NDVI ниже нормы в среднем на 1.2σ (минимум -1.4σ), это 0.25 по шкале NDVI. Осадки за 60 дней до эпизода: 28 мм при норме 107 мм (26 % нормы). Подтверждено несколькими сенсорами: Landsat, MODIS, Sentinel-2. Эпизод начинается заметно позже пика сезона у зерновой культуры — скорее всего это уборка, а не угнетение посева.","['landsat', 'modis', 's2']"
AOI-0004,2010,2010-04-15,2010-06-26,73,12,-4.57,-2.4,0.266,критическая,стресс,0.9,[],"15 апреля – 26 июня 2010, 73 дня, 12 наблюдений. NDVI ниже нормы в среднем на 2.4σ (минимум -4.6σ), это 0.27 по шкале NDVI. Осадки за 60 дней до эпизода: 19 мм при норме 21 мм (89 % нормы). Подтверждено несколькими сенсорами: Landsat, MODIS. Погодного объяснения не нашлось: возможны агротехнические причины (поздний сев, болезни, смена культуры) или локальное событие.","['landsat', 'modis']"
AOI-0004,2011,2011-07-08,2011-08-29,53,9,-3.44,-1.86,0.204,критическая,уборка,0.9,[],"8 июля – 29 августа 2011, 53 дня, 9 наблюдений. NDVI ниже нормы в среднем на 1.9σ (минимум -3.4σ), это 0.20 по шкале NDVI. Осадки за 60 дней до эпизода: 147 мм при норме 115 мм (127 % нормы). Подтверждено несколькими сенсорами: Landsat, MODIS. Эпизод начинается заметно позже пика сезона у зерновой культуры — скорее всего это уборка, а не угнетение посева.","['landsat', 'modis']"
AOI-0004,2012,2012-06-09,2012-07-09,31,4,-1.77,-1.32,0.156,угнетение,стресс,0.78,[],"9 июня – 9 июля 2012, 31 день, 4 наблюдения. NDVI ниже нормы в среднем на 1.3σ (минимум -1.8σ), это 0.16 по шкале NDVI. Осадки за 60 дней до эпизода: 137 мм при норме 105 мм (130 % нормы). Подтверждено несколькими сенсорами: Landsat, MODIS. Погодного объяснения не нашлось: возможны агротехнические причины (поздний сев, болезни, смена культуры) или локальное событие.","['landsat', 'modis']"
AOI-0004,2018,2018-06-16,2018-07-12,27,6,-1.9,-1.43,0.162,угнетение,стресс,0.92,['дефицит осадков'],"16 июня – 12 июля 2018, 27 дней, 6 наблюдений. NDVI ниже нормы в среднем на 1.4σ (минимум -1.9σ), это 0.16 по шкале NDVI. Осадки за 60 дней до эпизода: 53 мм при норме 104 мм (51 % нормы). Подтверждено несколькими сенсорами: Landsat, MODIS, Sentinel-2. Вероятная причина: дефицит влаги.","['landsat', 'modis', 's2']"
AOI-0007,2018,2018-04-06,2018-06-15,71,18,-2.47,-1.6,0.318,критическая,стресс,0.9,[],"6 апреля – 15 июня 2018, 71 день, 18 наблюдений. NDVI ниже нормы в среднем на 1.6σ (минимум -2.5σ), это 0.32 по шкале NDVI. Осадки за 60 дней до эпизода: 4 мм при норме 4 мм (91 % нормы). Подтверждено несколькими сенсорами: Landsat, MODIS, Sentinel-2. Погодного объяснения не нашлось: возможны агротехнические причины (поздний сев, болезни, смена культуры) или локальное событие.","['landsat', 'modis', 's2']"
AOI-0007,2021,2021-04-02,2021-05-20,49,16,-1.48,-1.2,0.251,угнетение,стресс,0.9,[],"2 апреля – 20 мая 2021, 49 дней, 16 наблюдений. NDVI ниже нормы в среднем на 1.2σ (минимум -1.5σ), это 0.25 по шкале NDVI. Подтверждено несколькими сенсорами: Landsat, MODIS, Sentinel-2. Погодного объяснения не нашлось: возможны агротехнические причины (поздний сев, болезни, смена культуры) или локальное событие.","['landsat', 'modis', 's2']"
AOI-0007,2023,2023-05-12,2023-05-20,9,4,-1.75,-1.7,0.365,угнетение,стресс,0.52,[],"12 мая – 20 мая 2023, 9 дней, 4 наблюдения. NDVI ниже нормы в среднем на 1.7σ (минимум -1.7σ), это 0.36 по шкале NDVI. Осадки за 60 дней до эпизода: 91 мм при норме 60 мм (153 % нормы). Все наблюдения эпизода с одного сенсора (Sentinel-2). Погодного объяснения не нашлось: возможны агротехнические причины (поздний сев, болезни, смена культуры) или локальное событие.",['s2']
AOI-0007,2024,2024-06-09,2024-06-15,7,3,-1.3,-1.18,0.257,угнетение,стресс,0.73,['дефицит осадков'],"9 июня – 15 июня 2024, 7 дней, 3 наблюдения. NDVI ниже нормы в среднем на 1.2σ (минимум -1.3σ), это 0.26 по шкале NDVI. Осадки за 60 дней до эпизода: 27 мм при норме 107 мм (26 % нормы). Подтверждено несколькими сенсорами: MODIS, Sentinel-2. Вероятная причина: дефицит влаги.","['modis', 's2']"
AOI-0008,2013,2013-04-24,2013-06-03,41,5,-1.45,-1.3,0.289,угнетение,стресс,0.81,[],"24 апреля – 3 июня 2013, 41 день, 5 наблюдений. NDVI ниже нормы в среднем на 1.3σ (минимум -1.4σ), это 0.29 по шкале NDVI. Подтверждено несколькими сенсорами: Landsat, MODIS. Погодного объяснения не нашлось: возможны агротехнические причины (поздний сев, болезни, смена культуры) или локальное событие.","['landsat', 'modis']"
AOI-0008,2014,2014-05-21,2014-06-22,33,6,-1.73,-1.45,0.291,угнетение,стресс,0.84,[],"21 мая – 22 июня 2014, 33 дня, 6 наблюдений. NDVI ниже нормы в среднем на 1.4σ (минимум -1.7σ), это 0.29 по шкале NDVI. Подтверждено несколькими сенсорами: Landsat, MODIS. Погодного объяснения не нашлось: возможны агротехнические причины (поздний сев, болезни, смена культуры) или локальное событие.","['landsat', 'modis']"
AOI-0008,2017,2017-04-26,2017-05-01,6,4,-1.21,-1.11,0.273,угнетение,стресс,0.66,[],"26 апреля – 1 мая 2017, 6 дней, 4 наблюдения. NDVI ниже нормы в среднем на 1.1σ (минимум -1.2σ), это 0.27 по шкале NDVI. Подтверждено несколькими сенсорами: Landsat, Sentinel-2. Погодного объяснения не нашлось: возможны агротехнические причины (поздний сев, болезни, смена культуры) или локальное событие.","['landsat', 's2']"
AOI-0008,2019,2019-07-17,2019-07-22,6,3,-1.13,-1.1,0.102,угнетение,уборка,0.47,[],"17 июля – 22 июля 2019, 6 дней, 3 наблюдения. NDVI ниже нормы в среднем на 1.1σ (минимум -1.1σ), это 0.10 по шкале NDVI. Все наблюдения эпизода с одного сенсора (Sentinel-2). Эпизод начинается заметно позже пика сезона у зерновой культуры — скорее всего это уборка, а не угнетение посева.",['s2']
AOI-0008,2020,2020-04-17,2020-05-17,31,10,-2.32,-1.79,0.375,критическая,стресс,0.9,[],"17 апреля – 17 мая 2020, 31 день, 10 наблюдений. NDVI ниже нормы в среднем на 1.8σ (минимум -2.3σ), это 0.37 по шкале NDVI. Подтверждено несколькими сенсорами: Landsat, MODIS, Sentinel-2. Погодного объяснения не нашлось: возможны агротехнические причины (поздний сев, болезни, смена культуры) или локальное событие.","['landsat', 'modis', 's2']"
AOI-0008,2024,2024-05-09,2024-06-30,53,15,-2.82,-1.62,0.309,критическая,стресс,0.9,[],"9 мая – 30 июня 2024, 53 дня, 15 наблюдений. NDVI ниже нормы в среднем на 1.6σ (минимум -2.8σ), это 0.31 по шкале NDVI. Подтверждено несколькими сенсорами: Landsat, MODIS, Sentinel-2. Погодного объяснения не нашлось: возможны агротехнические причины (поздний сев, болезни, смена культуры) или локальное событие.","['landsat', 'modis', 's2']"
AOI-0011,2010,2010-04-24,2010-05-26,33,5,-3.31,-2.29,0.378,критическая,стресс,0.81,[],"24 апреля – 26 мая 2010, 33 дня, 5 наблюдений. NDVI ниже нормы в среднем на 2.3σ (минимум -3.3σ), это 0.38 по шкале NDVI. Осадки за 60 дней до эпизода: 33 мм при норме 35 мм (92 % нормы). Подтверждено несколькими сенсорами: Landsat, MODIS. Погодного объяснения не нашлось: возможны агротехнические причины (поздний сев, болезни, смена культуры) или локальное событие.","['landsat', 'modis']"
AOI-0011,2013,2013-04-07,2013-06-03,58,8,-2.12,-1.71,0.316,критическая,стресс,0.9,[],"7 апреля – 3 июня 2013, 58 дней, 8 наблюдений. NDVI ниже нормы в среднем на 1.7σ (минимум -2.1σ), это 0.32 по шкале NDVI. Осадки за 60 дней до эпизода: 3 мм при норме 5 мм (70 % нормы). Подтверждено несколькими сенсорами: Landsat, MODIS. Погодного объяснения не нашлось: возможны агротехнические причины (поздний сев, болезни, смена культуры) или локальное событие.","['landsat', 'modis']"
AOI-0011,2018,2018-06-10,2018-06-20,11,3,-1.64,-1.5,0.246,угнетение,стресс,0.75,['дефицит осадков'],"10 июня – 20 июня 2018, 11 дней, 3 наблюдения. NDVI ниже нормы в среднем на 1.5σ (минимум -1.6σ), это 0.25 по шкале NDVI. Осадки за 60 дней до эпизода: 35 мм при норме 107 мм (33 % нормы). Подтверждено несколькими сенсорами: MODIS, Sentinel-2. Вероятная причина: дефицит влаги.","['modis', 's2']"
AOI-0011,2019,2019-04-01,2019-05-16,46,14,-2.34,-1.58,0.288,критическая,стресс,0.9,[],"1 апреля – 16 мая 2019, 46 дней, 14 наблюдений. NDVI ниже нормы в среднем на 1.6σ (минимум -2.3σ), это 0.29 по шкале NDVI. Подтверждено несколькими сенсорами: Landsat, MODIS, Sentinel-2. Погодного объяснения не нашлось: возможны агротехнические причины (поздний сев, болезни, смена культуры) или локальное событие.","['landsat', 'modis', 's2']"
AOI-0011,2024,2024-04-01,2024-05-24,54,14,-2.3,-1.54,0.274,критическая,стресс,0.9,[],"1 апреля – 24 мая 2024, 54 дня, 14 наблюдений. NDVI ниже нормы в среднем на 1.5σ (минимум -2.3σ), это 0.27 по шкале NDVI. Подтверждено несколькими сенсорами: Landsat, MODIS, Sentinel-2. Погодного объяснения не нашлось: возможны агротехнические причины (поздний сев, болезни, смена культуры) или локальное событие.","['landsat', 'modis', 's2']"
AOI-0015,2010,2010-04-07,2010-05-02,26,6,-1.64,-1.49,0.281,угнетение,стресс,0.67,[],"7 апреля – 2 мая 2010, 26 дней, 6 наблюдений. NDVI ниже нормы в среднем на 1.5σ (минимум -1.6σ), это 0.28 по шкале NDVI. Осадки за 60 дней до эпизода: 7 мм при норме 6 мм (110 % нормы). Все наблюдения эпизода с одного сенсора (Landsat). Погодного объяснения не нашлось: возможны агротехнические причины (поздний сев, болезни, смена культуры) или локальное событие.",['landsat']
AOI-0015,2011,2011-04-18,2011-05-04,17,5,-1.46,-1.31,0.256,угнетение,стресс,0.74,[],"18 апреля – 4 мая 2011, 17 дней, 5 наблюдений. NDVI ниже нормы в среднем на 1.3σ (минимум -1.5σ), это 0.26 по шкале NDVI. Осадки за 60 дней до эпизода: 34 мм при норме 25 мм (138 % нормы). Подтверждено несколькими сенсорами: Landsat, MODIS. Погодного объяснения не нашлось: возможны агротехнические причины (поздний сев, болезни, смена культуры) или локальное событие.","['landsat', 'modis']"
AOI-0015,2013,2013-06-10,2013-06-27,18,5,-1.78,-1.46,0.27,угнетение,стресс,0.85,['дефицит осадков'],"10 июня – 27 июня 2013, 18 дней, 5 наблюдений. NDVI ниже нормы в среднем на 1.5σ (минимум -1.8σ), это 0.27 по шкале NDVI. Осадки за 60 дней до эпизода: 65 мм при норме 113 мм (57 % нормы). Подтверждено несколькими сенсорами: Landsat, MODIS. Вероятная причина: дефицит влаги.","['landsat', 'modis']"
AOI-0015,2015,2015-04-29,2015-06-09,42,12,-2.4,-1.62,0.299,критическая,стресс,0.99,['избыток осадков'],"29 апреля – 9 июня 2015, 42 дня, 12 наблюдений. NDVI ниже нормы в среднем на 1.6σ (минимум -2.4σ), это 0.30 по шкале NDVI. Осадки за 60 дней до эпизода: 67 мм при норме 39 мм (172 % нормы). Подтверждено несколькими сенсорами: Landsat, MODIS. Вероятная причина: переувлажнение — вымокание посева или сорванные полевые работы.","['landsat', 'modis']"
AOI-0015,2023,2023-04-27,2023-06-07,42,13,-3.42,-1.85,0.337,критическая,стресс,0.99,['избыток осадков'],"27 апреля – 7 июня 2023, 42 дня, 13 наблюдений. NDVI ниже нормы в среднем на 1.9σ (минимум -3.4σ), это 0.34 по шкале NDVI. Осадки за 60 дней до эпизода: 81 мм при норме 34 мм (237 % нормы). Подтверждено несколькими сенсорами: Landsat, MODIS, Sentinel-2. Вероятная причина: переувлажнение — вымокание посева или сорванные полевые работы.","['landsat', 'modis', 's2']"
AOI-0015,2024,2024-06-09,2024-07-18,40,19,-1.76,-1.29,0.241,угнетение,стресс,0.99,['дефицит осадков'],"9 июня – 18 июля 2024, 40 дней, 19 наблюдений. NDVI ниже нормы в среднем на 1.3σ (минимум -1.8σ), это 0.24 по шкале NDVI. Осадки за 60 дней до эпизода: 27 мм при норме 113 мм (24 % нормы). Подтверждено несколькими сенсорами: Landsat, MODIS, Sentinel-2. Вероятная причина: дефицит влаги.","['landsat', 'modis', 's2']"
AOI-0019,2011,2011-04-18,2011-04-26,9,4,-1.31,-1.17,0.2,угнетение,стресс,0.67,[],"18 апреля – 26 апреля 2011, 9 дней, 4 наблюдения. NDVI ниже нормы в среднем на 1.2σ (минимум -1.3σ), это 0.20 по шкале NDVI. Осадки за 60 дней до эпизода: 29 мм при норме 24 мм (119 % нормы). Подтверждено несколькими сенсорами: Landsat, MODIS. Погодного объяснения не нашлось: возможны агротехнические причины (поздний сев, болезни, смена культуры) или локальное событие.","['landsat', 'modis']"
AOI-0019,2011,2011-05-28,2011-06-06,10,3,-1.42,-1.35,0.19,угнетение,низкое качество данных,0.29,[],"28 мая – 6 июня 2011, 10 дней, 3 наблюдения. NDVI ниже нормы в среднем на 1.3σ (минимум -1.4σ), это 0.19 по шкале NDVI. Осадки за 60 дней до эпизода: 112 мм при норме 97 мм (115 % нормы). Все наблюдения эпизода с одного сенсора (Landsat). Мало наблюдений и один источник — возможен остаточный облачный эффект.",['landsat']
AOI-0019,2013,2013-06-03,2013-06-11,9,3,-1.85,-1.49,0.21,угнетение,стресс,0.74,['дефицит осадков'],"3 июня – 11 июня 2013, 9 дней, 3 наблюдения. NDVI ниже нормы в среднем на 1.5σ (минимум -1.8σ), это 0.21 по шкале NDVI. Осадки за 60 дней до эпизода: 48 мм при норме 115 мм (41 % нормы). Подтверждено несколькими сенсорами: Landsat, MODIS. Вероятная причина: дефицит влаги.","['landsat', 'modis']"
AOI-0019,2015,2015-05-24,2015-06-16,24,8,-2.95,-1.38,0.19,критическая,стресс,0.87,[],"24 мая – 16 июня 2015, 24 дня, 8 наблюдений. NDVI ниже нормы в среднем на 1.4σ (минимум -2.9σ), это 0.19 по шкале NDVI. Осадки за 60 дней до эпизода: 131 мм при норме 91 мм (144 % нормы). Подтверждено несколькими сенсорами: Landsat, MODIS. Погодного объяснения не нашлось: возможны агротехнические причины (поздний сев, болезни, смена культуры) или локальное событие.","['landsat', 'modis']"
AOI-0019,2018,2018-04-11,2018-06-02,53,17,-2.16,-1.55,0.237,критическая,стресс,0.99,['дефицит осадков'],"11 апреля – 2 июня 2018, 53 дня, 17 наблюдений. NDVI ниже нормы в среднем на 1.5σ (минимум -2.2σ), это 0.24 по шкале NDVI. Осадки за 60 дней до эпизода: 5 мм при норме 12 мм (40 % нормы). Подтверждено несколькими сенсорами: Landsat, MODIS, Sentinel-2. Вероятная причина: дефицит влаги.","['landsat', 'modis', 's2']"
AOI-0019,2021,2021-04-15,2021-05-20,36,14,-2.34,-1.25,0.204,критическая,стресс,0.99,['избыток осадков'],"15 апреля – 20 мая 2021, 36 дней, 14 наблюдений. NDVI ниже нормы в среднем на 1.3σ (минимум -2.3σ), это 0.20 по шкале NDVI. Осадки за 60 дней до эпизода: 51 мм при норме 20 мм (249 % нормы). Подтверждено несколькими сенсорами: Landsat, MODIS, Sentinel-2. Вероятная причина: переувлажнение — вымокание посева или сорванные полевые работы.","['landsat', 'modis', 's2']"
AOI-0019,2022,2022-07-14,2022-07-21,8,4,-1.51,-1.23,0.192,угнетение,стресс,0.77,['дефицит осадков'],"14 июля – 21 июля 2022, 8 дней, 4 наблюдения. NDVI ниже нормы в среднем на 1.2σ (минимум -1.5σ), это 0.19 по шкале NDVI. Осадки за 60 дней до эпизода: 63 мм при норме 106 мм (59 % нормы). Дней жарче 30 °C за предшествующий месяц: 0 при норме 1. Подтверждено несколькими сенсорами: Landsat, Sentinel-2. Вероятная причина: дефицит влаги.","['landsat', 's2']"
AOI-0019,2024,2024-06-15,2024-07-30,46,24,-1.79,-1.25,0.191,угнетение,стресс,0.99,['дефицит осадков'],"15 июня – 30 июля 2024, 46 дней, 24 наблюдения. NDVI ниже нормы в среднем на 1.2σ (минимум -1.8σ), это 0.19 по шкале NDVI. Осадки за 60 дней до эпизода: 30 мм при норме 109 мм (28 % нормы). Подтверждено несколькими сенсорами: Landsat, MODIS, Sentinel-2. Вероятная причина: дефицит влаги.","['landsat', 'modis', 's2']"
AOI-0020,2010,2010-04-07,2010-06-11,66,12,-2.29,-1.59,0.265,критическая,стресс,0.9,[],"7 апреля – 11 июня 2010, 66 дней, 12 наблюдений. NDVI ниже нормы в среднем на 1.6σ (минимум -2.3σ), это 0.27 по шкале NDVI. Осадки за 60 дней до эпизода: 6 мм при норме 5 мм (123 % нормы). Подтверждено несколькими сенсорами: Landsat, MODIS. Погодного объяснения не нашлось: возможны агротехнические причины (поздний сев, болезни, смена культуры) или локальное событие.","['landsat', 'modis']"
AOI-0020,2012,2012-04-29,2012-05-22,24,4,-2.13,-1.68,0.303,критическая,стресс,0.74,[],"29 апреля – 22 мая 2012, 24 дня, 4 наблюдения. NDVI ниже нормы в среднем на 1.7σ (минимум -2.1σ), это 0.30 по шкале NDVI. Осадки за 60 дней до эпизода: 47 мм при норме 37 мм (125 % нормы). Подтверждено несколькими сенсорами: Landsat, MODIS. Погодного объяснения не нашлось: возможны агротехнические причины (поздний сев, болезни, смена культуры) или локальное событие.","['landsat', 'modis']"
AOI-0020,2014,2014-06-05,2014-06-14,10,5,-1.56,-1.23,0.208,угнетение,стресс,0.71,[],"5 июня – 14 июня 2014, 10 дней, 5 наблюдений. NDVI ниже нормы в среднем на 1.2σ (минимум -1.6σ), это 0.21 по шкале NDVI. Осадки за 60 дней до эпизода: 94 мм при норме 116 мм (81 % нормы). Подтверждено несколькими сенсорами: Landsat, MODIS. Погодного объяснения не нашлось: возможны агротехнические причины (поздний сев, болезни, смена культуры) или локальное событие.","['landsat', 'modis']"
AOI-0020,2017,2017-04-01,2017-04-03,3,3,-1.47,-1.24,0.173,угнетение,стресс,0.61,[],"1 апреля – 3 апреля 2017, 3 дня, 3 наблюдения. NDVI ниже нормы в среднем на 1.2σ (минимум -1.5σ), это 0.17 по шкале NDVI. Подтверждено несколькими сенсорами: Landsat, Sentinel-2. Погодного объяснения не нашлось: возможны агротехнические причины (поздний сев, болезни, смена культуры) или локальное событие.","['landsat', 's2']"
AOI-0020,2020,2020-06-24,2020-07-19,26,13,-1.27,-1.15,0.221,угнетение,стресс,0.88,[],"24 июня – 19 июля 2020, 26 дней, 13 наблюдений. NDVI ниже нормы в среднем на 1.1σ (минимум -1.3σ), это 0.22 по шкале NDVI. Осадки за 60 дней до эпизода: 140 мм при норме 107 мм (131 % нормы). Подтверждено несколькими сенсорами: Landsat, MODIS, Sentinel-2. Погодного объяснения не нашлось: возможны агротехнические причины (поздний сев, болезни, смена культуры) или локальное событие.","['landsat', 'modis', 's2']"
AOI-0020,2021,2021-05-15,2021-05-23,9,5,-1.87,-1.63,0.283,угнетение,стресс,0.8,['избыток осадков'],"15 мая – 23 мая 2021, 9 дней, 5 наблюдений. NDVI ниже нормы в среднем на 1.6σ (минимум -1.9σ), это 0.28 по шкале NDVI. Осадки за 60 дней до эпизода: 154 мм при норме 69 мм (223 % нормы). Подтверждено несколькими сенсорами: Landsat, Sentinel-2. Вероятная причина: переувлажнение — вымокание посева или сорванные полевые работы.","['landsat', 's2']"
AOI-0020,2022,2022-07-19,2022-08-05,18,9,-1.27,-1.05,0.199,угнетение,стресс,0.94,['дефицит осадков'],"19 июля – 5 августа 2022, 18 дней, 9 наблюдений. NDVI ниже нормы в среднем на 1.1σ (минимум -1.3σ), это 0.20 по шкале NDVI. Осадки за 60 дней до эпизода: 52 мм при норме 100 мм (52 % нормы). Дней жарче 30 °C за предшествующий месяц: 0 при норме 1. Подтверждено несколькими сенсорами: Landsat, MODIS, Sentinel-2. Вероятная причина: дефицит влаги.","['landsat', 'modis', 's2']"
AOI-0020,2023,2023-04-27,2023-06-07,42,11,-2.76,-1.4,0.238,критическая,стресс,0.99,['избыток осадков'],"27 апреля – 7 июня 2023, 42 дня, 11 наблюдений. NDVI ниже нормы в среднем на 1.4σ (минимум -2.8σ), это 0.24 по шкале NDVI. Осадки за 60 дней до эпизода: 67 мм при норме 33 мм (205 % нормы). Подтверждено несколькими сенсорами: Landsat, MODIS, Sentinel-2. Вероятная причина: переувлажнение — вымокание посева или сорванные полевые работы.","['landsat', 'modis', 's2']"
AOI-0020,2024,2024-06-18,2024-06-30,13,7,-1.37,-1.16,0.206,угнетение,стресс,0.88,['дефицит осадков'],"18 июня – 30 июня 2024, 13 дней, 7 наблюдений. NDVI ниже нормы в среднем на 1.2σ (минимум -1.4σ), это 0.21 по шкале NDVI. Осадки за 60 дней до эпизода: 33 мм при норме 109 мм (31 % нормы). Подтверждено несколькими сенсорами: Landsat, MODIS, Sentinel-2. Вероятная причина: дефицит влаги.","['landsat', 'modis', 's2']"
AOI-0020,2024,2024-07-20,2024-07-27,8,4,-1.23,-1.15,0.222,угнетение,стресс,0.77,"['дефицит осадков', 'аномальная жара']","20 июля – 27 июля 2024, 8 дней, 4 наблюдения. NDVI ниже нормы в среднем на 1.1σ (минимум -1.2σ), это 0.22 по шкале NDVI. Осадки за 60 дней до эпизода: 24 мм при норме 93 мм (26 % нормы). Дней жарче 30 °C за предшествующий месяц: 9 при норме 1. Подтверждено несколькими сенсорами: Landsat, Sentinel-2. Вероятная причина: почвенная засуха на фоне аномальной жары.","['landsat', 's2']"
AOI-0021,2010,2010-04-07,2010-05-18,42,9,-1.55,-1.32,0.294,угнетение,стресс,0.9,[],"7 апреля – 18 мая 2010, 42 дня, 9 наблюдений. NDVI ниже нормы в среднем на 1.3σ (минимум -1.5σ), это 0.29 по шкале NDVI. Осадки за 60 дней до эпизода: 6 мм при норме 5 мм (123 % нормы). Подтверждено несколькими сенсорами: Landsat, MODIS. Погодного объяснения не нашлось: возможны агротехнические причины (поздний сев, болезни, смена культуры) или локальное событие.","['landsat', 'modis']"
AOI-0021,2010,2010-06-02,2010-06-11,10,3,-1.66,-1.45,0.297,угнетение,низкое качество данных,0.29,[],"2 июня – 11 июня 2010, 10 дней, 3 наблюдения. NDVI ниже нормы в среднем на 1.4σ (минимум -1.7σ), это 0.30 по шкале NDVI. Осадки за 60 дней до эпизода: 135 мм при норме 105 мм (129 % нормы). Все наблюдения эпизода с одного сенсора (Landsat). Мало наблюдений и один источник — возможен остаточный облачный эффект.",['landsat']
AOI-0021,2013,2013-06-19,2013-06-27,9,3,-1.48,-1.37,0.23,угнетение,стресс,0.59,['дефицит осадков'],"19 июня – 27 июня 2013, 9 дней, 3 наблюдения. NDVI ниже нормы в среднем на 1.4σ (минимум -1.5σ), это 0.23 по шкале NDVI. Осадки за 60 дней до эпизода: 61 мм при норме 109 мм (56 % нормы). Все наблюдения эпизода с одного сенсора (Landsat). Вероятная причина: дефицит влаги.",['landsat']
AOI-0021,2015,2015-04-06,2015-04-14,9,4,-1.39,-1.22,0.223,угнетение,стресс,0.77,['избыток осадков'],"6 апреля – 14 апреля 2015, 9 дней, 4 наблюдения. NDVI ниже нормы в среднем на 1.2σ (минимум -1.4σ), это 0.22 по шкале NDVI. Осадки за 60 дней до эпизода: 25 мм при норме 4 мм (576 % нормы). Подтверждено несколькими сенсорами: Landsat, MODIS. Вероятная причина: переувлажнение — вымокание посева или сорванные полевые работы.","['landsat', 'modis']"
AOI-0021,2015,2015-06-08,2015-06-16,9,4,-1.83,-1.47,0.275,угнетение,стресс,0.67,[],"8 июня – 16 июня 2015, 9 дней, 4 наблюдения. NDVI ниже нормы в среднем на 1.5σ (минимум -1.8σ), это 0.27 по шкале NDVI. Осадки за 60 дней до эпизода: 115 мм при норме 99 мм (116 % нормы). Подтверждено несколькими сенсорами: Landsat, MODIS. Погодного объяснения не нашлось: возможны агротехнические причины (поздний сев, болезни, смена культуры) или локальное событие.","['landsat', 'modis']"
AOI-0021,2017,2017-04-01,2017-05-06,36,14,-1.7,-1.32,0.276,угнетение,стресс,0.9,[],"1 апреля – 6 мая 2017, 36 дней, 14 наблюдений. NDVI ниже нормы в среднем на 1.3σ (минимум -1.7σ), это 0.28 по шкале NDVI. Подтверждено несколькими сенсорами: Landsat, MODIS, Sentinel-2. Погодного объяснения не нашлось: возможны агротехнические причины (поздний сев, болезни, смена культуры) или локальное событие.","['landsat', 'modis', 's2']"
AOI-0021,2017,2017-05-29,2017-06-06,9,3,-1.82,-1.67,0.357,угнетение,низкое качество данных,0.29,[],"29 мая – 6 июня 2017, 9 дней, 3 наблюдения. NDVI ниже нормы в среднем на 1.7σ (минимум -1.8σ), это 0.36 по шкале NDVI. Осадки за 60 дней до эпизода: 113 мм при норме 98 мм (116 % нормы). Все наблюдения эпизода с одного сенсора (Landsat). Мало наблюдений и один источник — возможен остаточный облачный эффект.",['landsat']
AOI-0021,2019,2019-04-21,2019-06-07,48,23,-1.93,-1.31,0.304,угнетение,стресс,0.9,[],"21 апреля – 7 июня 2019, 48 дней, 23 наблюдения. NDVI ниже нормы в среднем на 1.3σ (минимум -1.9σ), это 0.30 по шкале NDVI. Осадки за 60 дней до эпизода: 27 мм при норме 31 мм (89 % нормы). Подтверждено несколькими сенсорами: Landsat, MODIS, Sentinel-2. Погодного объяснения не нашлось: возможны агротехнические причины (поздний сев, болезни, смена культуры) или локальное событие.","['landsat', 'modis', 's2']"
AOI-0021,2020,2020-06-26,2020-08-16,52,24,-1.56,-1.12,0.24,угнетение,стресс,0.9,[],"26 июня – 16 августа 2020, 52 дня, 24 наблюдения. NDVI ниже нормы в среднем на 1.1σ (минимум -1.6σ), это 0.24 по шкале NDVI. Осадки за 60 дней до эпизода: 140 мм при норме 108 мм (130 % нормы). Подтверждено несколькими сенсорами: Landsat, MODIS, Sentinel-2. Погодного объяснения не нашлось: возможны агротехнические причины (поздний сев, болезни, смена культуры) или локальное событие.","['landsat', 'modis', 's2']"
AOI-0021,2020,2020-09-01,2020-09-07,7,4,-1.25,-1.12,0.107,угнетение,стресс,0.76,['дефицит осадков'],"1 сентября – 7 сентября 2020, 7 дней, 4 наблюдения. NDVI ниже нормы в среднем на 1.1σ (минимум -1.3σ), это 0.11 по шкале NDVI. Осадки за 60 дней до эпизода: 27 мм при норме 62 мм (44 % нормы). Дней жарче 30 °C за предшествующий месяц: 0 при норме 2. Подтверждено несколькими сенсорами: Landsat, Sentinel-2. Вероятная причина: дефицит влаги.","['landsat', 's2']"
AOI-0021,2021,2021-05-15,2021-05-20,6,3,-1.15,-1.09,0.274,угнетение,стресс,0.72,['избыток осадков'],"15 мая – 20 мая 2021, 6 дней, 3 наблюдения. NDVI ниже нормы в среднем на 1.1σ (минимум -1.2σ), это 0.27 по шкале NDVI. Осадки за 60 дней до эпизода: 154 мм при норме 69 мм (223 % нормы). Подтверждено несколькими сенсорами: Landsat, Sentinel-2. Вероятная причина: переувлажнение — вымокание посева или сорванные полевые работы.","['landsat', 's2']"
AOI-0021,2023,2023-05-12,2023-06-07,27,8,-2.06,-1.51,0.346,критическая,стресс,0.98,['избыток осадков'],"12 мая – 7 июня 2023, 27 дней, 8 наблюдений. NDVI ниже нормы в среднем на 1.5σ (минимум -2.1σ), это 0.35 по шкале NDVI. Осадки за 60 дней до эпизода: 112 мм при норме 58 мм (191 % нормы). Подтверждено несколькими сенсорами: Landsat, MODIS, Sentinel-2. Вероятная причина: переувлажнение — вымокание посева или сорванные полевые работы.","['landsat', 'modis', 's2']"
AOI-0021,2024,2024-07-18,2024-07-20,3,3,-1.04,-1.02,0.244,угнетение,стресс,0.71,"['дефицит осадков', 'аномальная жара']","18 июля – 20 июля 2024, 3 дня, 3 наблюдения. NDVI ниже нормы в среднем на 1.0σ (минимум -1.0σ), это 0.24 по шкале NDVI. Осадки за 60 дней до эпизода: 28 мм при норме 100 мм (28 % нормы). Дней жарче 30 °C за предшествующий месяц: 8 при норме 1. Подтверждено несколькими сенсорами: Landsat, Sentinel-2. Вероятная причина: почвенная засуха на фоне аномальной жары.","['landsat', 's2']"
AOI-0022,2013,2013-04-24,2013-05-09,16,4,-1.59,-1.35,0.343,угнетение,стресс,0.55,[],"24 апреля – 9 мая 2013, 16 дней, 4 наблюдения. NDVI ниже нормы в среднем на 1.3σ (минимум -1.6σ), это 0.34 по шкале NDVI. Осадки за 60 дней до эпизода: 27 мм при норме 34 мм (79 % нормы). Все наблюдения эпизода с одного сенсора (Landsat). Погодного объяснения не нашлось: возможны агротехнические причины (поздний сев, болезни, смена культуры) или локальное событие.",['landsat']
AOI-0022,2015,2015-05-15,2015-06-16,33,10,-2.11,-1.73,0.37,критическая,стресс,0.99,['избыток осадков'],"15 мая – 16 июня 2015, 33 дня, 10 наблюдений. NDVI ниже нормы в среднем на 1.7σ (минимум -2.1σ), это 0.37 по шкале NDVI. Осадки за 60 дней до эпизода: 130 мм при норме 69 мм (188 % нормы). Подтверждено несколькими сенсорами: Landsat, MODIS. Вероятная причина: переувлажнение — вымокание посева или сорванные полевые работы.","['landsat', 'modis']"
AOI-0022,2018,2018-04-29,2018-05-03,5,4,-1.37,-1.28,0.33,угнетение,стресс,0.75,['дефицит осадков'],"29 апреля – 3 мая 2018, 5 дней, 4 наблюдения. NDVI ниже нормы в среднем на 1.3σ (минимум -1.4σ), это 0.33 по шкале NDVI. Осадки за 60 дней до эпизода: 22 мм при норме 39 мм (56 % нормы). Подтверждено несколькими сенсорами: Landsat, Sentinel-2. Вероятная причина: дефицит влаги.","['landsat', 's2']"
AOI-0022,2020,2020-05-10,2020-05-20,11,5,-1.28,-1.17,0.293,угнетение,стресс,0.71,[],"10 мая – 20 мая 2020, 11 дней, 5 наблюдений. NDVI ниже нормы в среднем на 1.2σ (минимум -1.3σ), это 0.29 по шкале NDVI. Осадки за 60 дней до эпизода: 44 мм при норме 70 мм (64 % нормы). Подтверждено несколькими сенсорами: Landsat, Sentinel-2. Погодного объяснения не нашлось: возможны агротехнические причины (поздний сев, болезни, смена культуры) или локальное событие.","['landsat', 's2']"
AOI-0022,2022,2022-05-09,2022-06-01,24,8,-1.86,-1.48,0.353,угнетение,стресс,0.87,[],"9 мая – 1 июня 2022, 24 дня, 8 наблюдений. NDVI ниже нормы в среднем на 1.5σ (минимум -1.9σ), это 0.35 по шкале NDVI. Осадки за 60 дней до эпизода: 67 мм при норме 53 мм (128 % нормы). Подтверждено несколькими сенсорами: Landsat, MODIS, Sentinel-2. Погодного объяснения не нашлось: возможны агротехнические причины (поздний сев, болезни, смена культуры) или локальное событие.","['landsat', 'modis', 's2']"
AOI-0022,2024,2024-05-04,2024-05-07,4,3,-1.31,-1.28,0.341,угнетение,стресс,0.71,['дефицит осадков'],"4 мая – 7 мая 2024, 4 дня, 3 наблюдения. NDVI ниже нормы в среднем на 1.3σ (минимум -1.3σ), это 0.34 по шкале NDVI. Осадки за 60 дней до эпизода: 20 мм при норме 47 мм (43 % нормы). Подтверждено несколькими сенсорами: Landsat, Sentinel-2. Вероятная причина: дефицит влаги.","['landsat', 's2']"
AOI-0022,2024,2024-05-21,2024-06-30,41,18,-2.86,-1.93,0.376,критическая,стресс,0.99,['дефицит осадков'],"21 мая – 30 июня 2024, 41 день, 18 наблюдений. NDVI ниже нормы в среднем на 1.9σ (минимум -2.9σ), это 0.38 по шкале NDVI. Осадки за 60 дней до эпизода: 30 мм при норме 99 мм (30 % нормы). Подтверждено несколькими сенсорами: Landsat, MODIS, Sentinel-2. Вероятная причина: дефицит влаги.","['landsat', 'modis', 's2']"
AOI-0023,2010,2010-04-15,2010-05-01,17,5,-1.52,-1.39,0.364,угнетение,стресс,0.59,[],"15 апреля – 1 мая 2010, 17 дней, 5 наблюдений. NDVI ниже нормы в среднем на 1.4σ (минимум -1.5σ), это 0.36 по шкале NDVI. Осадки за 60 дней до эпизода: 24 мм при норме 21 мм (114 % нормы). Все наблюдения эпизода с одного сенсора (Landsat). Погодного объяснения не нашлось: возможны агротехнические причины (поздний сев, болезни, смена культуры) или локальное событие.",['landsat']
AOI-0023,2010,2010-06-02,2010-06-11,10,3,-3.05,-2.29,0.402,критическая,низкое качество данных,0.29,[],"2 июня – 11 июня 2010, 10 дней, 3 наблюдения. NDVI ниже нормы в среднем на 2.3σ (минимум -3.0σ), это 0.40 по шкале NDVI. Осадки за 60 дней до эпизода: 140 мм при норме 109 мм (128 % нормы). Все наблюдения эпизода с одного сенсора (Landsat). Мало наблюдений и один источник — возможен остаточный облачный эффект.",['landsat']
AOI-0023,2013,2013-06-10,2013-07-04,25,6,-2.04,-1.52,0.336,критическая,стресс,0.91,['дефицит осадков'],"10 июня – 4 июля 2013, 25 дней, 6 наблюдений. NDVI ниже нормы в среднем на 1.5σ (минимум -2.0σ), это 0.34 по шкале NDVI. Осадки за 60 дней до эпизода: 48 мм при норме 110 мм (43 % нормы). Подтверждено несколькими сенсорами: Landsat, MODIS. Вероятная причина: дефицит влаги.","['landsat', 'modis']"
AOI-0023,2014,2014-04-18,2014-05-04,17,4,-1.35,-1.23,0.338,угнетение,стресс,0.71,[],"18 апреля – 4 мая 2014, 17 дней, 4 наблюдения. NDVI ниже нормы в среднем на 1.2σ (минимум -1.4σ), это 0.34 по шкале NDVI. Осадки за 60 дней до эпизода: 22 мм при норме 28 мм (76 % нормы). Подтверждено несколькими сенсорами: Landsat, MODIS. Погодного объяснения не нашлось: возможны агротехнические причины (поздний сев, болезни, смена культуры) или локальное событие.","['landsat', 'modis']"
AOI-0023,2014,2014-05-29,2014-06-06,9,3,-1.56,-1.23,0.229,угнетение,низкое качество данных,0.29,[],"29 мая – 6 июня 2014, 9 дней, 3 наблюдения. NDVI ниже нормы в среднем на 1.2σ (минимум -1.6σ), это 0.23 по шкале NDVI. Осадки за 60 дней до эпизода: 100 мм при норме 108 мм (93 % нормы). Все наблюдения эпизода с одного сенсора (Landsat). Мало наблюдений и один источник — возможен остаточный облачный эффект.",['landsat']
AOI-0023,2016,2016-04-07,2016-05-01,25,7,-1.4,-1.2,0.319,угнетение,стресс,0.94,['дефицит осадков'],"7 апреля – 1 мая 2016, 25 дней, 7 наблюдений. NDVI ниже нормы в среднем на 1.2σ (минимум -1.4σ), это 0.32 по шкале NDVI. Осадки за 60 дней до эпизода: 4 мм при норме 8 мм (43 % нормы). Подтверждено несколькими сенсорами: Landsat, MODIS. Вероятная причина: дефицит влаги.","['landsat', 'modis']"
AOI-0023,2018,2018-04-11,2018-05-03,23,8,-1.71,-1.36,0.361,угнетение,стресс,0.96,['дефицит осадков'],"11 апреля – 3 мая 2018, 23 дня, 8 наблюдений. NDVI ниже нормы в среднем на 1.4σ (минимум -1.7σ), это 0.36 по шкале NDVI. Осадки за 60 дней до эпизода: 4 мм при норме 11 мм (42 % нормы). Подтверждено несколькими сенсорами: Landsat, MODIS, Sentinel-2. Вероятная причина: дефицит влаги.","['landsat', 'modis', 's2']"
AOI-0023,2019,2019-06-20,2019-07-02,13,7,-1.35,-1.22,0.303,угнетение,стресс,0.78,[],"20 июня – 2 июля 2019, 13 дней, 7 наблюдений. NDVI ниже нормы в среднем на 1.2σ (минимум -1.3σ), это 0.30 по шкале NDVI. Осадки за 60 дней до эпизода: 72 мм при норме 112 мм (65 % нормы). Подтверждено несколькими сенсорами: Landsat, MODIS, Sentinel-2. Погодного объяснения не нашлось: возможны агротехнические причины (поздний сев, болезни, смена культуры) или локальное событие.","['landsat', 'modis', 's2']"
AOI-0023,2020,2020-06-14,2020-07-06,23,9,-2.05,-1.26,0.298,критическая,стресс,0.86,[],"14 июня – 6 июля 2020, 23 дня, 9 наблюдений. NDVI ниже нормы в среднем на 1.3σ (минимум -2.1σ), это 0.30 по шкале NDVI. Осадки за 60 дней до эпизода: 148 мм при норме 109 мм (136 % нормы). Подтверждено несколькими сенсорами: Landsat, MODIS, Sentinel-2. Погодного объяснения не нашлось: возможны агротехнические причины (поздний сев, болезни, смена культуры) или локальное событие.","['landsat', 'modis', 's2']"
AOI-0023,2021,2021-04-30,2021-05-16,17,8,-1.29,-1.13,0.311,угнетение,стресс,0.93,['избыток осадков'],"30 апреля – 16 мая 2021, 17 дней, 8 наблюдений. NDVI ниже нормы в среднем на 1.1σ (минимум -1.3σ), это 0.31 по шкале NDVI. Осадки за 60 дней до эпизода: 105 мм при норме 38 мм (274 % нормы). Подтверждено несколькими сенсорами: Landsat, MODIS, Sentinel-2. Вероятная причина: переувлажнение — вымокание посева или сорванные полевые работы.","['landsat', 'modis', 's2']"
AOI-0023,2023,2023-04-27,2023-06-07,42,11,-2.64,-1.58,0.366,критическая,стресс,0.99,['избыток осадков'],"27 апреля – 7 июня 2023, 42 дня, 11 наблюдений. NDVI ниже нормы в среднем на 1.6σ (минимум -2.6σ), это 0.37 по шкале NDVI. Осадки за 60 дней до эпизода: 63 мм при норме 34 мм (186 % нормы). Подтверждено несколькими сенсорами: Landsat, MODIS, Sentinel-2. Вероятная причина: переувлажнение — вымокание посева или сорванные полевые работы.","['landsat', 'modis', 's2']"
AOI-0023,2024,2024-06-28,2024-07-18,21,11,-1.32,-1.13,0.29,угнетение,стресс,0.95,['дефицит осадков'],"28 июня – 18 июля 2024, 21 день, 11 наблюдений. NDVI ниже нормы в среднем на 1.1σ (минимум -1.3σ), это 0.29 по шкале NDVI. Осадки за 60 дней до эпизода: 38 мм при норме 121 мм (32 % нормы). Подтверждено несколькими сенсорами: Landsat, MODIS, Sentinel-2. Вероятная причина: дефицит влаги.","['landsat', 'modis', 's2']"
AOI-0026,2016,2016-05-25,2016-06-18,25,4,-1.52,-1.22,0.308,угнетение,стресс,0.75,[],"25 мая – 18 июня 2016, 25 дней, 4 наблюдения. NDVI ниже нормы в среднем на 1.2σ (минимум -1.5σ), это 0.31 по шкале NDVI. Осадки за 60 дней до эпизода: 147 мм при норме 100 мм (147 % нормы). Подтверждено несколькими сенсорами: Landsat, MODIS. Погодного объяснения не нашлось: возможны агротехнические причины (поздний сев, болезни, смена культуры) или локальное событие.","['landsat', 'modis']"
AOI-0026,2019,2019-09-15,2019-09-28,14,3,-1.34,-1.2,0.119,угнетение,стресс,0.66,[],"15 сентября – 28 сентября 2019, 14 дней, 3 наблюдения. NDVI ниже нормы в среднем на 1.2σ (минимум -1.3σ), это 0.12 по шкале NDVI. Осадки за 60 дней до эпизода: 50 мм при норме 37 мм (135 % нормы). Дней жарче 30 °C за предшествующий месяц: 2 при норме 0. Подтверждено несколькими сенсорами: Landsat, Sentinel-2. Эпизод приходится на осень: у озимых это период сева и всходов, низкий NDVI здесь говорит о плохом развитии всходов, а не о гибели посева. Погодного объяснения не нашлось: возможны агротехнические причины (поздний сев, болезни, смена культуры) или локальное событие.","['landsat', 's2']"
AOI-0026,2020,2020-04-25,2020-06-14,51,16,-2.54,-1.7,0.425,критическая,стресс,0.99,['дефицит осадков'],"25 апреля – 14 июня 2020, 51 день, 16 наблюдений. NDVI ниже нормы в среднем на 1.7σ (минимум -2.5σ), это 0.42 по шкале NDVI. Осадки за 60 дней до эпизода: 17 мм при норме 35 мм (50 % нормы). Подтверждено несколькими сенсорами: Landsat, MODIS, Sentinel-2. Вероятная причина: дефицит влаги.","['landsat', 'modis', 's2']"
AOI-0026,2024,2024-05-09,2024-06-13,36,9,-2.08,-1.75,0.434,критическая,стресс,0.99,['дефицит осадков'],"9 мая – 13 июня 2024, 36 дней, 9 наблюдений. NDVI ниже нормы в среднем на 1.7σ (минимум -2.1σ), это 0.43 по шкале NDVI. Осадки за 60 дней до эпизода: 14 мм при норме 72 мм (20 % нормы). Подтверждено несколькими сенсорами: Landsat, MODIS, Sentinel-2. Вероятная причина: дефицит влаги.","['landsat', 'modis', 's2']"
AOI-0027,2013,2013-06-10,2013-06-26,17,3,-1.79,-1.57,0.26,угнетение,низкое качество данных,0.33,[],"10 июня – 26 июня 2013, 17 дней, 3 наблюдения. NDVI ниже нормы в среднем на 1.6σ (минимум -1.8σ), это 0.26 по шкале NDVI. Все наблюдения эпизода с одного сенсора (Landsat). Мало наблюдений и один источник — возможен остаточный облачный эффект.",['landsat']
AOI-0027,2014,2014-07-31,2014-08-24,25,5,-1.5,-1.23,0.21,угнетение,уборка,0.78,[],"31 июля – 24 августа 2014, 25 дней, 5 наблюдений. NDVI ниже нормы в среднем на 1.2σ (минимум -1.5σ), это 0.21 по шкале NDVI. Подтверждено несколькими сенсорами: Landsat, MODIS. Эпизод начинается заметно позже пика сезона у зерновой культуры — скорее всего это уборка, а не угнетение посева.","['landsat', 'modis']"
AOI-0027,2017,2017-08-04,2017-08-29,26,8,-1.68,-1.38,0.223,угнетение,уборка,0.88,[],"4 августа – 29 августа 2017, 26 дней, 8 наблюдений. NDVI ниже нормы в среднем на 1.4σ (минимум -1.7σ), это 0.22 по шкале NDVI. Подтверждено несколькими сенсорами: Landsat, MODIS, Sentinel-2. Эпизод начинается заметно позже пика сезона у зерновой культуры — скорее всего это уборка, а не угнетение посева.","['landsat', 'modis', 's2']"
AOI-0027,2019,2019-04-26,2019-05-21,26,8,-1.49,-1.11,0.232,угнетение,стресс,0.88,[],"26 апреля – 21 мая 2019, 26 дней, 8 наблюдений. NDVI ниже нормы в среднем на 1.1σ (минимум -1.5σ), это 0.23 по шкале NDVI. Подтверждено несколькими сенсорами: Landsat, MODIS, Sentinel-2. Погодного объяснения не нашлось: возможны агротехнические причины (поздний сев, болезни, смена культуры) или локальное событие.","['landsat', 'modis', 's2']"
AOI-0027,2020,2020-07-14,2020-07-19,6,3,-1.62,-1.32,0.241,угнетение,уборка,0.62,[],"14 июля – 19 июля 2020, 6 дней, 3 наблюдения. NDVI ниже нормы в среднем на 1.3σ (минимум -1.6σ), это 0.24 по шкале NDVI. Подтверждено несколькими сенсорами: Landsat, Sentinel-2. Эпизод начинается заметно позже пика сезона у зерновой культуры — скорее всего это уборка, а не угнетение посева.","['landsat', 's2']"
AOI-0027,2021,2021-04-29,2021-05-23,25,8,-1.76,-1.22,0.256,угнетение,стресс,0.88,[],"29 апреля – 23 мая 2021, 25 дней, 8 наблюдений. NDVI ниже нормы в среднем на 1.2σ (минимум -1.8σ), это 0.26 по шкале NDVI. Подтверждено несколькими сенсорами: Landsat, MODIS, Sentinel-2. Погодного объяснения не нашлось: возможны агротехнические причины (поздний сев, болезни, смена культуры) или локальное событие.","['landsat', 'modis', 's2']"
AOI-0027,2024,2024-05-23,2024-06-08,17,4,-2.33,-1.97,0.364,критическая,стресс,0.71,[],"23 мая – 8 июня 2024, 17 дней, 4 наблюдения. NDVI ниже нормы в среднем на 2.0σ (минимум -2.3σ), это 0.36 по шкале NDVI. Подтверждено несколькими сенсорами: Landsat, Sentinel-2. Погодного объяснения не нашлось: возможны агротехнические причины (поздний сев, болезни, смена культуры) или локальное событие.","['landsat', 's2']"
AOI-0027,2024,2024-06-28,2024-07-03,6,3,-1.48,-1.35,0.243,угнетение,уборка,0.62,[],"28 июня – 3 июля 2024, 6 дней, 3 наблюдения. NDVI ниже нормы в среднем на 1.4σ (минимум -1.5σ), это 0.24 по шкале NDVI. Подтверждено несколькими сенсорами: Landsat, Sentinel-2. Эпизод начинается заметно позже пика сезона у зерновой культуры — скорее всего это уборка, а не угнетение посева.","['landsat', 's2']"
AOI-0027,2024,2024-08-17,2024-08-27,11,4,-1.28,-1.25,0.198,угнетение,уборка,0.68,[],"17 августа – 27 августа 2024, 11 дней, 4 наблюдения. NDVI ниже нормы в среднем на 1.2σ (минимум -1.3σ), это 0.20 по шкале NDVI. Подтверждено несколькими сенсорами: Landsat, Sentinel-2. Эпизод начинается заметно позже пика сезона у зерновой культуры — скорее всего это уборка, а не угнетение посева.","['landsat', 's2']"
AOI-0030,2010,2010-04-23,2010-05-09,17,3,-1.49,-1.34,0.166,угнетение,стресс,0.68,[],"23 апреля – 9 мая 2010, 17 дней, 3 наблюдения. NDVI ниже нормы в среднем на 1.3σ (минимум -1.5σ), это 0.17 по шкале NDVI. Осадки за 60 дней до эпизода: 30 мм при норме 33 мм (92 % нормы). Подтверждено несколькими сенсорами: Landsat, MODIS. Погодного объяснения не нашлось: возможны агротехнические причины (поздний сев, болезни, смена культуры) или локальное событие.","['landsat', 'modis']"
AOI-0030,2011,2011-04-18,2011-04-26,9,3,-2.06,-1.79,0.225,критическая,стресс,0.74,['избыток осадков'],"18 апреля – 26 апреля 2011, 9 дней, 3 наблюдения. NDVI ниже нормы в среднем на 1.8σ (минимум -2.1σ), это 0.23 по шкале NDVI. Осадки за 60 дней до эпизода: 36 мм при норме 22 мм (163 % нормы). Подтверждено несколькими сенсорами: Landsat, MODIS. Вероятная причина: переувлажнение — вымокание посева или сорванные полевые работы.","['landsat', 'modis']"
AOI-0030,2020,2020-04-25,2020-05-04,10,4,-1.28,-1.14,0.154,угнетение,стресс,0.78,['дефицит осадков'],"25 апреля – 4 мая 2020, 10 дней, 4 наблюдения. NDVI ниже нормы в среднем на 1.1σ (минимум -1.3σ), это 0.15 по шкале NDVI. Осадки за 60 дней до эпизода: 17 мм при норме 34 мм (51 % нормы). Подтверждено несколькими сенсорами: Landsat, Sentinel-2. Вероятная причина: дефицит влаги.","['landsat', 's2']"
AOI-0033,2010,2010-04-25,2010-05-04,10,3,-1.07,-1.05,0.259,угнетение,стресс,0.59,['дефицит осадков'],"25 апреля – 4 мая 2010, 10 дней, 3 наблюдения. NDVI ниже нормы в среднем на 1.1σ (минимум -1.1σ), это 0.26 по шкале NDVI. Осадки за 60 дней до эпизода: 19 мм при норме 33 мм (58 % нормы). Все наблюдения эпизода с одного сенсора (Landsat). Вероятная причина: дефицит влаги.",['landsat']
AOI-0033,2011,2011-05-30,2011-06-08,10,3,-1.25,-1.16,0.237,угнетение,низкое качество данных,0.29,[],"30 мая – 8 июня 2011, 10 дней, 3 наблюдения. NDVI ниже нормы в среднем на 1.2σ (минимум -1.3σ), это 0.24 по шкале NDVI. Осадки за 60 дней до эпизода: 137 мм при норме 87 мм (158 % нормы). Все наблюдения эпизода с одного сенсора (Landsat). Мало наблюдений и один источник — возможен остаточный облачный эффект.",['landsat']
AOI-0033,2013,2013-05-04,2013-06-12,40,10,-1.29,-1.16,0.26,угнетение,стресс,0.9,[],"4 мая – 12 июня 2013, 40 дней, 10 наблюдений. NDVI ниже нормы в среднем на 1.2σ (минимум -1.3σ), это 0.26 по шкале NDVI. Осадки за 60 дней до эпизода: 35 мм при норме 39 мм (89 % нормы). Подтверждено несколькими сенсорами: Landsat, MODIS. Погодного объяснения не нашлось: возможны агротехнические причины (поздний сев, болезни, смена культуры) или локальное событие.","['landsat', 'modis']"
AOI-0033,2015,2015-04-07,2015-04-24,18,4,-1.27,-1.18,0.264,угнетение,стресс,0.81,['избыток осадков'],"7 апреля – 24 апреля 2015, 18 дней, 4 наблюдения. NDVI ниже нормы в среднем на 1.2σ (минимум -1.3σ), это 0.26 по шкале NDVI. Осадки за 60 дней до эпизода: 17 мм при норме 3 мм (548 % нормы). Подтверждено несколькими сенсорами: Landsat, MODIS. Вероятная причина: переувлажнение — вымокание посева или сорванные полевые работы.","['landsat', 'modis']"
AOI-0033,2017,2017-04-29,2017-05-07,9,4,-1.1,-1.06,0.268,угнетение,стресс,0.67,[],"29 апреля – 7 мая 2017, 9 дней, 4 наблюдения. NDVI ниже нормы в среднем на 1.1σ (минимум -1.1σ), это 0.27 по шкале NDVI. Осадки за 60 дней до эпизода: 51 мм при норме 33 мм (153 % нормы). Подтверждено несколькими сенсорами: Landsat, Sentinel-2. Погодного объяснения не нашлось: возможны агротехнические причины (поздний сев, болезни, смена культуры) или локальное событие.","['landsat', 's2']"
AOI-0033,2019,2019-04-10,2019-04-19,10,3,-1.06,-1.04,0.228,угнетение,стресс,0.74,['избыток осадков'],"10 апреля – 19 апреля 2019, 10 дней, 3 наблюдения. NDVI ниже нормы в среднем на 1.0σ (минимум -1.1σ), это 0.23 по шкале NDVI. Осадки за 60 дней до эпизода: 13 мм при норме 6 мм (202 % нормы). Подтверждено несколькими сенсорами: Landsat, Sentinel-2. Вероятная причина: переувлажнение — вымокание посева или сорванные полевые работы.","['landsat', 's2']"
AOI-0033,2019,2019-05-12,2019-06-22,42,19,-1.55,-1.3,0.26,угнетение,стресс,0.99,['избыток осадков'],"12 мая – 22 июня 2019, 42 дня, 19 наблюдений. NDVI ниже нормы в среднем на 1.3σ (минимум -1.5σ), это 0.26 по шкале NDVI. Осадки за 60 дней до эпизода: 76 мм при норме 40 мм (187 % нормы). Подтверждено несколькими сенсорами: Landsat, MODIS, Sentinel-2. Вероятная причина: переувлажнение — вымокание посева или сорванные полевые работы.","['landsat', 'modis', 's2']"
AOI-0033,2021,2021-04-04,2021-04-22,19,5,-1.61,-1.41,0.292,угнетение,стресс,0.85,['избыток осадков'],"4 апреля – 22 апреля 2021, 19 дней, 5 наблюдений. NDVI ниже нормы в среднем на 1.4σ (минимум -1.6σ), это 0.29 по шкале NDVI. Осадки за 60 дней до эпизода: 6 мм при норме 2 мм (236 % нормы). Подтверждено несколькими сенсорами: Landsat, MODIS, Sentinel-2. Вероятная причина: переувлажнение — вымокание посева или сорванные полевые работы.","['landsat', 'modis', 's2']"
AOI-0033,2023,2023-05-15,2023-05-24,10,4,-1.17,-1.14,0.288,угнетение,стресс,0.68,[],"15 мая – 24 мая 2023, 10 дней, 4 наблюдения. NDVI ниже нормы в среднем на 1.1σ (минимум -1.2σ), это 0.29 по шкале NDVI. Осадки за 60 дней до эпизода: 67 мм при норме 47 мм (143 % нормы). Подтверждено несколькими сенсорами: Landsat, Sentinel-2. Погодного объяснения не нашлось: возможны агротехнические причины (поздний сев, болезни, смена культуры) или локальное событие.","['landsat', 's2']"
AOI-0035,2012,2012-05-01,2012-06-09,40,5,-1.26,-1.15,0.29,угнетение,стресс,0.81,[],"1 мая – 9 июня 2012, 40 дней, 5 наблюдений. NDVI ниже нормы в среднем на 1.2σ (минимум -1.3σ), это 0.29 по шкале NDVI. Подтверждено несколькими сенсорами: Landsat, MODIS. Погодного объяснения не нашлось: возможны агротехнические причины (поздний сев, болезни, смена культуры) или локальное событие.","['landsat', 'modis']"
AOI-0035,2014,2014-05-23,2014-06-16,25,7,-1.35,-1.16,0.283,угнетение,стресс,0.84,[],"23 мая – 16 июня 2014, 25 дней, 7 наблюдений. NDVI ниже нормы в среднем на 1.2σ (минимум -1.3σ), это 0.28 по шкале NDVI. Подтверждено несколькими сенсорами: Landsat, MODIS. Погодного объяснения не нашлось: возможны агротехнические причины (поздний сев, болезни, смена культуры) или локальное событие.","['landsat', 'modis']"
AOI-0035,2018,2018-04-24,2018-06-14,52,14,-1.42,-1.26,0.304,угнетение,стресс,0.9,[],"24 апреля – 14 июня 2018, 52 дня, 14 наблюдений. NDVI ниже нормы в среднем на 1.3σ (минимум -1.4σ), это 0.30 по шкале NDVI. Подтверждено несколькими сенсорами: Landsat, MODIS, Sentinel-2. Погодного объяснения не нашлось: возможны агротехнические причины (поздний сев, болезни, смена культуры) или локальное событие.","['landsat', 'modis', 's2']"
AOI-0035,2020,2020-04-29,2020-06-08,41,17,-1.35,-1.19,0.298,угнетение,стресс,0.9,[],"29 апреля – 8 июня 2020, 41 день, 17 наблюдений. NDVI ниже нормы в среднем на 1.2σ (минимум -1.4σ), это 0.30 по шкале NDVI. Подтверждено несколькими сенсорами: Landsat, MODIS, Sentinel-2. Погодного объяснения не нашлось: возможны агротехнические причины (поздний сев, болезни, смена культуры) или локальное событие.","['landsat', 'modis', 's2']"
AOI-0035,2024,2024-05-02,2024-06-12,42,17,-1.37,-1.24,0.309,угнетение,стресс,0.9,[],"2 мая – 12 июня 2024, 42 дня, 17 наблюдений. NDVI ниже нормы в среднем на 1.2σ (минимум -1.4σ), это 0.31 по шкале NDVI. Подтверждено несколькими сенсорами: Landsat, MODIS, Sentinel-2. Погодного объяснения не нашлось: возможны агротехнические причины (поздний сев, болезни, смена культуры) или локальное событие.","['landsat', 'modis', 's2']"
AOI-0037,2010,2010-04-25,2010-05-04,10,3,-1.92,-1.72,0.171,угнетение,низкое качество данных,0.29,[],"25 апреля – 4 мая 2010, 10 дней, 3 наблюдения. NDVI ниже нормы в среднем на 1.7σ (минимум -1.9σ), это 0.17 по шкале NDVI. Осадки за 60 дней до эпизода: 25 мм при норме 29 мм (87 % нормы). Все наблюдения эпизода с одного сенсора (Landsat). Мало наблюдений и один источник — возможен остаточный облачный эффект.",['landsat']
AOI-0037,2012,2012-05-24,2012-06-25,33,3,-1.5,-1.42,0.147,угнетение,стресс,0.84,['дефицит осадков'],"24 мая – 25 июня 2012, 33 дня, 3 наблюдения. NDVI ниже нормы в среднем на 1.4σ (минимум -1.5σ), это 0.15 по шкале NDVI. Осадки за 60 дней до эпизода: 34 мм при норме 71 мм (48 % нормы). Подтверждено несколькими сенсорами: Landsat, MODIS. Вероятная причина: дефицит влаги.","['landsat', 'modis']"
AOI-0037,2015,2015-04-07,2015-04-15,9,3,-1.64,-1.47,0.134,угнетение,стресс,0.74,['избыток осадков'],"7 апреля – 15 апреля 2015, 9 дней, 3 наблюдения. NDVI ниже нормы в среднем на 1.5σ (минимум -1.6σ), это 0.13 по шкале NDVI. Осадки за 60 дней до эпизода: 15 мм при норме 3 мм (541 % нормы). Подтверждено несколькими сенсорами: Landsat, MODIS. Вероятная причина: переувлажнение — вымокание посева или сорванные полевые работы.","['landsat', 'modis']"
AOI-0037,2019,2019-07-04,2019-07-08,5,3,-1.75,-1.3,0.12,угнетение,уборка,0.72,['дефицит осадков'],"4 июля – 8 июля 2019, 5 дней, 3 наблюдения. NDVI ниже нормы в среднем на 1.3σ (минимум -1.7σ), это 0.12 по шкале NDVI. Осадки за 60 дней до эпизода: 32 мм при норме 62 мм (52 % нормы). Дней жарче 30 °C за предшествующий месяц: 3 при норме 0. Подтверждено несколькими сенсорами: Landsat, Sentinel-2. Эпизод начинается заметно позже пика сезона у зерновой культуры — скорее всего это уборка, а не угнетение посева.","['landsat', 's2']"
AOI-0037,2020,2020-07-27,2020-08-18,23,12,-2.23,-1.43,0.113,критическая,уборка,0.96,['дефицит осадков'],"27 июля – 18 августа 2020, 23 дня, 12 наблюдений. NDVI ниже нормы в среднем на 1.4σ (минимум -2.2σ), это 0.11 по шкале NDVI. Осадки за 60 дней до эпизода: 28 мм при норме 54 мм (51 % нормы). Дней жарче 30 °C за предшествующий месяц: 6 при норме 4. Подтверждено несколькими сенсорами: Landsat, MODIS, Sentinel-2. Эпизод начинается заметно позже пика сезона у зерновой культуры — скорее всего это уборка, а не угнетение посева.","['landsat', 'modis', 's2']"
AOI-0037,2020,2020-09-12,2020-10-19,38,17,-1.73,-1.32,0.122,угнетение,стресс,0.99,['дефицит осадков'],"12 сентября – 19 октября 2020, 38 дней, 17 наблюдений. NDVI ниже нормы в среднем на 1.3σ (минимум -1.7σ), это 0.12 по шкале NDVI. Осадки за 60 дней до эпизода: 7 мм при норме 40 мм (17 % нормы). Дней жарче 30 °C за предшествующий месяц: 0 при норме 0. Подтверждено несколькими сенсорами: Landsat, MODIS, Sentinel-2. Эпизод приходится на осень: у озимых это период сева и всходов, низкий NDVI здесь говорит о плохом развитии всходов, а не о гибели посева. Вероятная причина: дефицит влаги.","['landsat', 'modis', 's2']"
AOI-0037,2021,2021-04-08,2021-04-16,9,3,-2.16,-1.62,0.147,критическая,стресс,0.74,['избыток осадков'],"8 апреля – 16 апреля 2021, 9 дней, 3 наблюдения. NDVI ниже нормы в среднем на 1.6σ (минимум -2.2σ), это 0.15 по шкале NDVI. Осадки за 60 дней до эпизода: 27 мм при норме 5 мм (563 % нормы). Подтверждено несколькими сенсорами: Landsat, Sentinel-2. Вероятная причина: переувлажнение — вымокание посева или сорванные полевые работы.","['landsat', 's2']"
AOI-0037,2024,2024-09-29,2024-10-30,32,8,-1.66,-1.34,0.121,угнетение,стресс,0.99,['дефицит осадков'],"29 сентября – 30 октября 2024, 32 дня, 8 наблюдений. NDVI ниже нормы в среднем на 1.3σ (минимум -1.7σ), это 0.12 по шкале NDVI. Осадки за 60 дней до эпизода: 4 мм при норме 36 мм (10 % нормы). Подтверждено несколькими сенсорами: Landsat, MODIS, Sentinel-2. Эпизод приходится на осень: у озимых это период сева и всходов, низкий NDVI здесь говорит о плохом развитии всходов, а не о гибели посева. Вероятная причина: дефицит влаги.","['landsat', 'modis', 's2']"
AOI-0038,2010,2010-04-07,2010-05-04,28,6,-2.03,-1.62,0.208,критическая,стресс,0.93,['дефицит осадков'],"7 апреля – 4 мая 2010, 28 дней, 6 наблюдений. NDVI ниже нормы в среднем на 1.6σ (минимум -2.0σ), это 0.21 по шкале NDVI. Осадки за 60 дней до эпизода: 2 мм при норме 5 мм (35 % нормы). Подтверждено несколькими сенсорами: Landsat, MODIS. Вероятная причина: дефицит влаги.","['landsat', 'modis']"
AOI-0038,2010,2010-05-25,2010-06-20,27,8,-1.88,-1.24,0.167,угнетение,стресс,0.98,['избыток осадков'],"25 мая – 20 июня 2010, 27 дней, 8 наблюдений. NDVI ниже нормы в среднем на 1.2σ (минимум -1.9σ), это 0.17 по шкале NDVI. Осадки за 60 дней до эпизода: 130 мм при норме 68 мм (192 % нормы). Подтверждено несколькими сенсорами: Landsat, MODIS. Вероятная причина: переувлажнение — вымокание посева или сорванные полевые работы.","['landsat', 'modis']"
AOI-0038,2010,2010-07-31,2010-08-24,25,8,-1.26,-1.11,0.105,угнетение,уборка,0.97,"['дефицит осадков', 'аномальная жара']","31 июля – 24 августа 2010, 25 дней, 8 наблюдений. NDVI ниже нормы в среднем на 1.1σ (минимум -1.3σ), это 0.10 по шкале NDVI. Осадки за 60 дней до эпизода: 25 мм при норме 52 мм (47 % нормы). Дней жарче 30 °C за предшествующий месяц: 11 при норме 5. Подтверждено несколькими сенсорами: Landsat, MODIS. Эпизод начинается заметно позже пика сезона у зерновой культуры — скорее всего это уборка, а не угнетение посева.","['landsat', 'modis']"
AOI-0038,2010,2010-09-25,2010-10-26,32,3,-1.42,-1.19,0.118,угнетение,стресс,0.84,['дефицит осадков'],"25 сентября – 26 октября 2010, 32 дня, 3 наблюдения. NDVI ниже нормы в среднем на 1.2σ (минимум -1.4σ), это 0.12 по шкале NDVI. Осадки за 60 дней до эпизода: 19 мм при норме 38 мм (51 % нормы). Подтверждено несколькими сенсорами: Landsat, MODIS. Эпизод приходится на осень: у озимых это период сева и всходов, низкий NDVI здесь говорит о плохом развитии всходов, а не о гибели посева. Вероятная причина: дефицит влаги.","['landsat', 'modis']"
AOI-0038,2012,2012-04-15,2012-05-24,40,6,-2.19,-1.5,0.198,критическая,стресс,0.94,['дефицит осадков'],"15 апреля – 24 мая 2012, 40 дней, 6 наблюдений. NDVI ниже нормы в среднем на 1.5σ (минимум -2.2σ), это 0.20 по шкале NDVI. Осадки за 60 дней до эпизода: 8 мм при норме 18 мм (45 % нормы). Подтверждено несколькими сенсорами: Landsat, MODIS. Вероятная причина: дефицит влаги.","['landsat', 'modis']"
AOI-0038,2013,2013-04-02,2013-05-04,33,10,-1.78,-1.58,0.187,угнетение,стресс,0.9,[],"2 апреля – 4 мая 2013, 33 дня, 10 наблюдений. NDVI ниже нормы в среднем на 1.6σ (минимум -1.8σ), это 0.19 по шкале NDVI. Подтверждено несколькими сенсорами: Landsat, MODIS. Погодного объяснения не нашлось: возможны агротехнические причины (поздний сев, болезни, смена культуры) или локальное событие.","['landsat', 'modis']"
AOI-0038,2013,2013-05-20,2013-06-28,40,8,-2.2,-1.61,0.199,критическая,стресс,0.99,['дефицит осадков'],"20 мая – 28 июня 2013, 40 дней, 8 наблюдений. NDVI ниже нормы в среднем на 1.6σ (минимум -2.2σ), это 0.20 по шкале NDVI. Осадки за 60 дней до эпизода: 36 мм при норме 68 мм (53 % нормы). Подтверждено несколькими сенсорами: Landsat, MODIS. Вероятная причина: дефицит влаги.","['landsat', 'modis']"
AOI-0038,2014,2014-07-12,2014-08-02,22,5,-1.41,-1.31,0.112,угнетение,уборка,0.77,[],"12 июля – 2 августа 2014, 22 дня, 5 наблюдений. NDVI ниже нормы в среднем на 1.3σ (минимум -1.4σ), это 0.11 по шкале NDVI. Осадки за 60 дней до эпизода: 56 мм при норме 63 мм (89 % нормы). Дней жарче 30 °C за предшествующий месяц: 0 при норме 3. Подтверждено несколькими сенсорами: Landsat, MODIS. Эпизод начинается заметно позже пика сезона у зерновой культуры — скорее всего это уборка, а не угнетение посева.","['landsat', 'modis']"
AOI-0038,2014,2014-09-19,2014-10-30,42,9,-1.71,-1.51,0.145,угнетение,стресс,0.99,['дефицит осадков'],"19 сентября – 30 октября 2014, 42 дня, 9 наблюдений. NDVI ниже нормы в среднем на 1.5σ (минимум -1.7σ), это 0.15 по шкале NDVI. Осадки за 60 дней до эпизода: 11 мм при норме 43 мм (26 % нормы). Подтверждено несколькими сенсорами: Landsat, MODIS. Эпизод приходится на осень: у озимых это период сева и всходов, низкий NDVI здесь говорит о плохом развитии всходов, а не о гибели посева. Вероятная причина: дефицит влаги.","['landsat', 'modis']"
AOI-0038,2015,2015-04-07,2015-05-26,50,10,-2.25,-1.82,0.217,критическая,стресс,0.99,['избыток осадков'],"7 апреля – 26 мая 2015, 50 дней, 10 наблюдений. NDVI ниже нормы в среднем на 1.8σ (минимум -2.2σ), это 0.22 по шкале NDVI. Осадки за 60 дней до эпизода: 15 мм при норме 3 мм (494 % нормы). Подтверждено несколькими сенсорами: Landsat, MODIS. Вероятная причина: переувлажнение — вымокание посева или сорванные полевые работы.","['landsat', 'modis']"
AOI-0038,2019,2019-06-12,2019-06-14,3,3,-1.37,-1.22,0.165,угнетение,уборка,0.61,[],"12 июня – 14 июня 2019, 3 дня, 3 наблюдения. NDVI ниже нормы в среднем на 1.2σ (минимум -1.4σ), это 0.16 по шкале NDVI. Осадки за 60 дней до эпизода: 92 мм при норме 76 мм (121 % нормы). Подтверждено несколькими сенсорами: Landsat, Sentinel-2. Эпизод начинается заметно позже пика сезона у зерновой культуры — скорее всего это уборка, а не угнетение посева.","['landsat', 's2']"
AOI-0038,2020,2020-09-24,2020-10-19,26,13,-1.42,-1.13,0.111,угнетение,стресс,0.98,['дефицит осадков'],"24 сентября – 19 октября 2020, 26 дней, 13 наблюдений. NDVI ниже нормы в среднем на 1.1σ (минимум -1.4σ), это 0.11 по шкале NDVI. Осадки за 60 дней до эпизода: 3 мм при норме 38 мм (8 % нормы). Подтверждено несколькими сенсорами: Landsat, MODIS, Sentinel-2. Эпизод приходится на осень: у озимых это период сева и всходов, низкий NDVI здесь говорит о плохом развитии всходов, а не о гибели посева. Вероятная причина: дефицит влаги.","['landsat', 'modis', 's2']"
AOI-0040,2022,2022-05-12,2022-06-01,21,8,-1.16,-1.05,0.249,угнетение,стресс,0.95,['дефицит осадков'],"12 мая – 1 июня 2022, 21 день, 8 наблюдений. NDVI ниже нормы в среднем на 1.0σ (минимум -1.2σ), это 0.25 по шкале NDVI. Осадки за 60 дней до эпизода: 28 мм при норме 50 мм (56 % нормы). Подтверждено несколькими сенсорами: Landsat, MODIS, Sentinel-2. Вероятная причина: дефицит влаги.","['landsat', 'modis', 's2']"
AOI-0040,2024,2024-05-09,2024-05-13,5,4,-1.21,-1.09,0.27,угнетение,стресс,0.75,['дефицит осадков'],"9 мая – 13 мая 2024, 5 дней, 4 наблюдения. NDVI ниже нормы в среднем на 1.1σ (минимум -1.2σ), это 0.27 по шкале NDVI. Осадки за 60 дней до эпизода: 21 мм при норме 37 мм (56 % нормы). Подтверждено несколькими сенсорами: Landsat, Sentinel-2. Вероятная причина: дефицит влаги.","['landsat', 's2']"
AOI-0041,2011,2011-06-10,2011-06-26,17,3,-1.14,-1.1,0.123,угнетение,уборка,0.68,[],"10 июня – 26 июня 2011, 17 дней, 3 наблюдения. NDVI ниже нормы в среднем на 1.1σ (минимум -1.1σ), это 0.12 по шкале NDVI. Подтверждено несколькими сенсорами: Landsat, MODIS. Эпизод начинается заметно позже пика сезона у зерновой культуры — скорее всего это уборка, а не угнетение посева.","['landsat', 'modis']"
AOI-0041,2012,2012-05-08,2012-06-25,49,5,-1.85,-1.48,0.14,угнетение,стресс,0.81,[],"8 мая – 25 июня 2012, 49 дней, 5 наблюдений. NDVI ниже нормы в среднем на 1.5σ (минимум -1.8σ), это 0.14 по шкале NDVI. Подтверждено несколькими сенсорами: Landsat, MODIS. Погодного объяснения не нашлось: возможны агротехнические причины (поздний сев, болезни, смена культуры) или локальное событие.","['landsat', 'modis']"
AOI-0041,2015,2015-05-26,2015-06-11,17,4,-1.34,-1.19,0.137,угнетение,стресс,0.56,[],"26 мая – 11 июня 2015, 17 дней, 4 наблюдения. NDVI ниже нормы в среднем на 1.2σ (минимум -1.3σ), это 0.14 по шкале NDVI. Все наблюдения эпизода с одного сенсора (Landsat). Погодного объяснения не нашлось: возможны агротехнические причины (поздний сев, болезни, смена культуры) или локальное событие.",['landsat']
AOI-0041,2018,2018-06-03,2018-06-11,9,3,-2.39,-1.93,0.224,критическая,низкое качество данных,0.29,[],"3 июня – 11 июня 2018, 9 дней, 3 наблюдения. NDVI ниже нормы в среднем на 1.9σ (минимум -2.4σ), это 0.22 по шкале NDVI. Все наблюдения эпизода с одного сенсора (Landsat). Мало наблюдений и один источник — возможен остаточный облачный эффект.",['landsat']
AOI-0041,2020,2020-04-27,2020-05-08,12,4,-2.11,-1.56,0.129,критическая,стресс,0.68,[],"27 апреля – 8 мая 2020, 12 дней, 4 наблюдения. NDVI ниже нормы в среднем на 1.6σ (минимум -2.1σ), это 0.13 по шкале NDVI. Подтверждено несколькими сенсорами: MODIS, Sentinel-2. Погодного объяснения не нашлось: возможны агротехнические причины (поздний сев, болезни, смена культуры) или локальное событие.","['modis', 's2']"
AOI-0041,2020,2020-09-12,2020-10-19,38,16,-2.58,-1.55,0.155,критическая,стресс,0.9,[],"12 сентября – 19 октября 2020, 38 дней, 16 наблюдений. NDVI ниже нормы в среднем на 1.5σ (минимум -2.6σ), это 0.16 по шкале NDVI. Подтверждено несколькими сенсорами: Landsat, MODIS, Sentinel-2. Эпизод приходится на осень: у озимых это период сева и всходов, низкий NDVI здесь говорит о плохом развитии всходов, а не о гибели посева. Погодного объяснения не нашлось: возможны агротехнические причины (поздний сев, болезни, смена культуры) или локальное событие.","['landsat', 'modis', 's2']"
AOI-0041,2024,2024-09-29,2024-10-15,17,6,-1.79,-1.43,0.148,угнетение,стресс,0.77,[],"29 сентября – 15 октября 2024, 17 дней, 6 наблюдений. NDVI ниже нормы в среднем на 1.4σ (минимум -1.8σ), это 0.15 по шкале NDVI. Подтверждено несколькими сенсорами: Landsat, MODIS, Sentinel-2. Эпизод приходится на осень: у озимых это период сева и всходов, низкий NDVI здесь говорит о плохом развитии всходов, а не о гибели посева. Погодного объяснения не нашлось: возможны агротехнические причины (поздний сев, болезни, смена культуры) или локальное событие.","['landsat', 'modis', 's2']"
AOI-0043,2012,2012-04-06,2012-06-09,65,7,-1.55,-1.36,0.349,угнетение,стресс,0.87,[],"6 апреля – 9 июня 2012, 65 дней, 7 наблюдений. NDVI ниже нормы в среднем на 1.4σ (минимум -1.6σ), это 0.35 по шкале NDVI. Осадки за 60 дней до эпизода: 6 мм при норме 5 мм (132 % нормы). Подтверждено несколькими сенсорами: Landsat, MODIS. Погодного объяснения не нашлось: возможны агротехнические причины (поздний сев, болезни, смена культуры) или локальное событие.","['landsat', 'modis']"
AOI-0043,2014,2014-04-07,2014-04-27,21,3,-1.3,-1.18,0.309,угнетение,стресс,0.8,['избыток осадков'],"7 апреля – 27 апреля 2014, 21 день, 3 наблюдения. NDVI ниже нормы в среднем на 1.2σ (минимум -1.3σ), это 0.31 по шкале NDVI. Осадки за 60 дней до эпизода: 10 мм при норме 5 мм (202 % нормы). Подтверждено несколькими сенсорами: Landsat, MODIS. Вероятная причина: переувлажнение — вымокание посева или сорванные полевые работы.","['landsat', 'modis']"
AOI-0043,2016,2016-04-08,2016-06-09,63,11,-1.64,-1.38,0.347,угнетение,стресс,0.99,['дефицит осадков'],"8 апреля – 9 июня 2016, 63 дня, 11 наблюдений. NDVI ниже нормы в среднем на 1.4σ (минимум -1.6σ), это 0.35 по шкале NDVI. Осадки за 60 дней до эпизода: 5 мм при норме 9 мм (56 % нормы). Подтверждено несколькими сенсорами: Landsat, MODIS. Вероятная причина: дефицит влаги.","['landsat', 'modis']"
AOI-0043,2019,2019-04-01,2019-06-20,81,30,-1.88,-1.48,0.356,угнетение,стресс,0.9,[],"1 апреля – 20 июня 2019, 81 день, 30 наблюдений. NDVI ниже нормы в среднем на 1.5σ (минимум -1.9σ), это 0.36 по шкале NDVI. Подтверждено несколькими сенсорами: Landsat, MODIS, Sentinel-2. Погодного объяснения не нашлось: возможны агротехнические причины (поздний сев, болезни, смена культуры) или локальное событие.","['landsat', 'modis', 's2']"
AOI-0043,2020,2020-07-27,2020-08-03,8,3,-2.08,-1.49,0.105,критическая,уборка,0.63,[],"27 июля – 3 августа 2020, 8 дней, 3 наблюдения. NDVI ниже нормы в среднем на 1.5σ (минимум -2.1σ), это 0.11 по шкале NDVI. Осадки за 60 дней до эпизода: 55 мм при норме 75 мм (73 % нормы). Дней жарче 30 °C за предшествующий месяц: 6 при норме 3. Подтверждено несколькими сенсорами: Landsat, MODIS, Sentinel-2. Эпизод начинается заметно позже пика сезона у зерновой культуры — скорее всего это уборка, а не угнетение посева.","['landsat', 'modis', 's2']"
AOI-0043,2021,2021-04-02,2021-04-22,21,5,-1.59,-1.23,0.324,угнетение,стресс,0.76,[],"2 апреля – 22 апреля 2021, 21 день, 5 наблюдений. NDVI ниже нормы в среднем на 1.2σ (минимум -1.6σ), это 0.32 по шкале NDVI. Подтверждено несколькими сенсорами: Landsat, MODIS, Sentinel-2. Погодного объяснения не нашлось: возможны агротехнические причины (поздний сев, болезни, смена культуры) или локальное событие.","['landsat', 'modis', 's2']"
AOI-0043,2022,2022-04-02,2022-04-12,11,4,-1.11,-1.06,0.288,угнетение,стресс,0.53,[],"2 апреля – 12 апреля 2022, 11 дней, 4 наблюдения. NDVI ниже нормы в среднем на 1.1σ (минимум -1.1σ), это 0.29 по шкале NDVI. Все наблюдения эпизода с одного сенсора (Sentinel-2). Погодного объяснения не нашлось: возможны агротехнические причины (поздний сев, болезни, смена культуры) или локальное событие.",['s2']
AOI-0043,2022,2022-05-07,2022-06-19,44,19,-1.69,-1.49,0.348,угнетение,стресс,0.9,[],"7 мая – 19 июня 2022, 44 дня, 19 наблюдений. NDVI ниже нормы в среднем на 1.5σ (минимум -1.7σ), это 0.35 по шкале NDVI. Осадки за 60 дней до эпизода: 48 мм при норме 41 мм (117 % нормы). Подтверждено несколькими сенсорами: Landsat, MODIS, Sentinel-2. Погодного объяснения не нашлось: возможны агротехнические причины (поздний сев, болезни, смена культуры) или локальное событие.","['landsat', 'modis', 's2']"
AOI-0045,2011,2011-05-30,2011-06-07,9,3,-1.27,-1.25,0.324,угнетение,низкое качество данных,0.29,[],"30 мая – 7 июня 2011, 9 дней, 3 наблюдения. NDVI ниже нормы в среднем на 1.3σ (минимум -1.3σ), это 0.32 по шкале NDVI. Осадки за 60 дней до эпизода: 86 мм при норме 89 мм (97 % нормы). Все наблюдения эпизода с одного сенсора (Landsat). Мало наблюдений и один источник — возможен остаточный облачный эффект.",['landsat']
AOI-0045,2014,2014-05-25,2014-06-07,14,5,-1.41,-1.23,0.324,угнетение,стресс,0.73,[],"25 мая – 7 июня 2014, 14 дней, 5 наблюдений. NDVI ниже нормы в среднем на 1.2σ (минимум -1.4σ), это 0.32 по шкале NDVI. Осадки за 60 дней до эпизода: 62 мм при норме 85 мм (73 % нормы). Подтверждено несколькими сенсорами: Landsat, MODIS. Погодного объяснения не нашлось: возможны агротехнические причины (поздний сев, болезни, смена культуры) или локальное событие.","['landsat', 'modis']"
AOI-0045,2019,2019-04-09,2019-06-05,58,20,-1.59,-1.13,0.3,угнетение,стресс,0.9,[],"9 апреля – 5 июня 2019, 58 дней, 20 наблюдений. NDVI ниже нормы в среднем на 1.1σ (минимум -1.6σ), это 0.30 по шкале NDVI. Осадки за 60 дней до эпизода: 5 мм при норме 8 мм (64 % нормы). Подтверждено несколькими сенсорами: Landsat, MODIS, Sentinel-2. Погодного объяснения не нашлось: возможны агротехнические причины (поздний сев, болезни, смена культуры) или локальное событие.","['landsat', 'modis', 's2']"
AOI-0045,2020,2020-08-09,2020-08-15,7,4,-1.3,-1.13,0.085,угнетение,уборка,0.76,['дефицит осадков'],"9 августа – 15 августа 2020, 7 дней, 4 наблюдения. NDVI ниже нормы в среднем на 1.1σ (минимум -1.3σ), это 0.08 по шкале NDVI. Осадки за 60 дней до эпизода: 35 мм при норме 63 мм (56 % нормы). Дней жарче 30 °C за предшествующий месяц: 2 при норме 4. Подтверждено несколькими сенсорами: Landsat, MODIS, Sentinel-2. Эпизод начинается заметно позже пика сезона у зерновой культуры — скорее всего это уборка, а не угнетение посева.","['landsat', 'modis', 's2']"
AOI-0045,2021,2021-04-02,2021-04-22,21,4,-1.25,-1.13,0.289,угнетение,стресс,0.73,[],"2 апреля – 22 апреля 2021, 21 день, 4 наблюдения. NDVI ниже нормы в среднем на 1.1σ (минимум -1.2σ), это 0.29 по шкале NDVI. Подтверждено несколькими сенсорами: Landsat, MODIS, Sentinel-2. Погодного объяснения не нашлось: возможны агротехнические причины (поздний сев, болезни, смена культуры) или локальное событие.","['landsat', 'modis', 's2']"
AOI-0045,2021,2021-05-12,2021-05-17,6,3,-1.17,-1.15,0.312,угнетение,стресс,0.72,['избыток осадков'],"12 мая – 17 мая 2021, 6 дней, 3 наблюдения. NDVI ниже нормы в среднем на 1.1σ (минимум -1.2σ), это 0.31 по шкале NDVI. Осадки за 60 дней до эпизода: 142 мм при норме 50 мм (283 % нормы). Подтверждено несколькими сенсорами: Landsat, Sentinel-2. Вероятная причина: переувлажнение — вымокание посева или сорванные полевые работы.","['landsat', 's2']"
AOI-0045,2023,2023-05-31,2023-06-08,9,4,-1.18,-1.13,0.29,угнетение,стресс,0.67,[],"31 мая – 8 июня 2023, 9 дней, 4 наблюдения. NDVI ниже нормы в среднем на 1.1σ (минимум -1.2σ), это 0.29 по шкале NDVI. Осадки за 60 дней до эпизода: 92 мм при норме 87 мм (106 % нормы). Подтверждено несколькими сенсорами: Landsat, Sentinel-2. Погодного объяснения не нашлось: возможны агротехнические причины (поздний сев, болезни, смена культуры) или локальное событие.","['landsat', 's2']"
AOI-0048,2010,2010-04-24,2010-05-02,9,3,-1.26,-1.11,0.243,угнетение,низкое качество данных,0.29,[],"24 апреля – 2 мая 2010, 9 дней, 3 наблюдения. NDVI ниже нормы в среднем на 1.1σ (минимум -1.3σ), это 0.24 по шкале NDVI. Осадки за 60 дней до эпизода: 32 мм при норме 32 мм (97 % нормы). Все наблюдения эпизода с одного сенсора (Landsat). Мало наблюдений и один источник — возможен остаточный облачный эффект.",['landsat']
AOI-0048,2014,2014-05-09,2014-05-22,14,4,-1.62,-1.39,0.314,угнетение,стресс,0.69,[],"9 мая – 22 мая 2014, 14 дней, 4 наблюдения. NDVI ниже нормы в среднем на 1.4σ (минимум -1.6σ), это 0.31 по шкале NDVI. Осадки за 60 дней до эпизода: 54 мм при норме 46 мм (117 % нормы). Подтверждено несколькими сенсорами: Landsat, MODIS. Погодного объяснения не нашлось: возможны агротехнические причины (поздний сев, болезни, смена культуры) или локальное событие.","['landsat', 'modis']"
AOI-0048,2016,2016-04-24,2016-05-18,25,7,-1.59,-1.3,0.276,угнетение,стресс,0.84,[],"24 апреля – 18 мая 2016, 25 дней, 7 наблюдений. NDVI ниже нормы в среднем на 1.3σ (минимум -1.6σ), это 0.28 по шкале NDVI. Осадки за 60 дней до эпизода: 23 мм при норме 33 мм (69 % нормы). Подтверждено несколькими сенсорами: Landsat, MODIS. Погодного объяснения не нашлось: возможны агротехнические причины (поздний сев, болезни, смена культуры) или локальное событие.","['landsat', 'modis']"
AOI-0048,2018,2018-04-06,2018-05-17,42,12,-1.65,-1.35,0.259,угнетение,стресс,0.99,['дефицит осадков'],"6 апреля – 17 мая 2018, 42 дня, 12 наблюдений. NDVI ниже нормы в среднем на 1.4σ (минимум -1.6σ), это 0.26 по шкале NDVI. Осадки за 60 дней до эпизода: 2 мм при норме 5 мм (49 % нормы). Подтверждено несколькими сенсорами: Landsat, MODIS, Sentinel-2. Вероятная причина: дефицит влаги.","['landsat', 'modis', 's2']"
AOI-0048,2020,2020-07-26,2020-08-15,21,8,-1.45,-1.15,0.146,угнетение,уборка,0.85,[],"26 июля – 15 августа 2020, 21 день, 8 наблюдений. NDVI ниже нормы в среднем на 1.2σ (минимум -1.5σ), это 0.15 по шкале NDVI. Осадки за 60 дней до эпизода: 57 мм при норме 75 мм (77 % нормы). Дней жарче 30 °C за предшествующий месяц: 5 при норме 3. Подтверждено несколькими сенсорами: Landsat, MODIS, Sentinel-2. Эпизод начинается заметно позже пика сезона у зерновой культуры — скорее всего это уборка, а не угнетение посева.","['landsat', 'modis', 's2']"
AOI-0048,2020,2020-09-19,2020-09-26,8,3,-1.62,-1.41,0.115,угнетение,стресс,0.73,['дефицит осадков'],"19 сентября – 26 сентября 2020, 8 дней, 3 наблюдения. NDVI ниже нормы в среднем на 1.4σ (минимум -1.6σ), это 0.11 по шкале NDVI. Осадки за 60 дней до эпизода: 14 мм при норме 49 мм (29 % нормы). Подтверждено несколькими сенсорами: Landsat, Sentinel-2. Эпизод приходится на осень: у озимых это период сева и всходов, низкий NDVI здесь говорит о плохом развитии всходов, а не о гибели посева. Вероятная причина: дефицит влаги.","['landsat', 's2']"
AOI-0048,2022,2022-05-25,2022-07-07,44,20,-2.16,-1.52,0.315,критическая,стресс,0.9,[],"25 мая – 7 июля 2022, 44 дня, 20 наблюдений. NDVI ниже нормы в среднем на 1.5σ (минимум -2.2σ), это 0.31 по шкале NDVI. Осадки за 60 дней до эпизода: 91 мм при норме 90 мм (101 % нормы). Подтверждено несколькими сенсорами: Landsat, MODIS, Sentinel-2. Погодного объяснения не нашлось: возможны агротехнические причины (поздний сев, болезни, смена культуры) или локальное событие.","['landsat', 'modis', 's2']"
AOI-0048,2024,2024-04-21,2024-04-23,3,3,-1.21,-1.11,0.225,угнетение,стресс,0.61,[],"21 апреля – 23 апреля 2024, 3 дня, 3 наблюдения. NDVI ниже нормы в среднем на 1.1σ (минимум -1.2σ), это 0.22 по шкале NDVI. Осадки за 60 дней до эпизода: 34 мм при норме 31 мм (108 % нормы). Подтверждено несколькими сенсорами: Landsat, Sentinel-2. Погодного объяснения не нашлось: возможны агротехнические причины (поздний сев, болезни, смена культуры) или локальное событие.","['landsat', 's2']"
AOI-0048,2024,2024-05-09,2024-06-20,43,13,-2.03,-1.59,0.354,критическая,стресс,0.9,[],"9 мая – 20 июня 2024, 43 дня, 13 наблюдений. NDVI ниже нормы в среднем на 1.6σ (минимум -2.0σ), это 0.35 по шкале NDVI. Осадки за 60 дней до эпизода: 38 мм при норме 57 мм (68 % нормы). Подтверждено несколькими сенсорами: Landsat, Sentinel-2. Погодного объяснения не нашлось: возможны агротехнические причины (поздний сев, болезни, смена культуры) или локальное событие.","['landsat', 's2']"
AOI-0050,2015,2015-05-14,2015-05-23,10,4,-2.0,-1.74,0.225,угнетение,стресс,0.53,[],"14 мая – 23 мая 2015, 10 дней, 4 наблюдения. NDVI ниже нормы в среднем на 1.7σ (минимум -2.0σ), это 0.22 по шкале NDVI. Все наблюдения эпизода с одного сенсора (Landsat). Погодного объяснения не нашлось: возможны агротехнические причины (поздний сев, болезни, смена культуры) или локальное событие.",['landsat']
AOI-0050,2016,2016-08-04,2016-08-13,10,3,-1.44,-1.28,0.173,угнетение,уборка,0.49,[],"4 августа – 13 августа 2016, 10 дней, 3 наблюдения. NDVI ниже нормы в среднем на 1.3σ (минимум -1.4σ), это 0.17 по шкале NDVI. Все наблюдения эпизода с одного сенсора (Landsat). Эпизод начинается заметно позже пика сезона у зерновой культуры — скорее всего это уборка, а не угнетение посева.",['landsat']
AOI-0050,2018,2018-04-28,2018-05-01,4,3,-1.65,-1.45,0.203,угнетение,стресс,0.61,[],"28 апреля – 1 мая 2018, 4 дня, 3 наблюдения. NDVI ниже нормы в среднем на 1.5σ (минимум -1.7σ), это 0.20 по шкале NDVI. Подтверждено несколькими сенсорами: Landsat, Sentinel-2. Погодного объяснения не нашлось: возможны агротехнические причины (поздний сев, болезни, смена культуры) или локальное событие.","['landsat', 's2']"
AOI-0050,2018,2018-06-15,2018-06-20,6,3,-1.12,-1.09,0.169,угнетение,стресс,0.62,[],"15 июня – 20 июня 2018, 6 дней, 3 наблюдения. NDVI ниже нормы в среднем на 1.1σ (минимум -1.1σ), это 0.17 по шкале NDVI. Подтверждено несколькими сенсорами: Landsat, Sentinel-2. Погодного объяснения не нашлось: возможны агротехнические причины (поздний сев, болезни, смена культуры) или локальное событие.","['landsat', 's2']"
AOI-0050,2022,2022-05-30,2022-06-11,13,6,-1.67,-1.34,0.196,угнетение,стресс,0.75,[],"30 мая – 11 июня 2022, 13 дней, 6 наблюдений. NDVI ниже нормы в среднем на 1.3σ (минимум -1.7σ), это 0.20 по шкале NDVI. Подтверждено несколькими сенсорами: Landsat, Sentinel-2. Погодного объяснения не нашлось: возможны агротехнические причины (поздний сев, болезни, смена культуры) или локальное событие.","['landsat', 's2']"
AOI-0050,2023,2023-06-19,2023-06-24,6,4,-2.58,-2.05,0.276,критическая,стресс,0.66,[],"19 июня – 24 июня 2023, 6 дней, 4 наблюдения. NDVI ниже нормы в среднем на 2.1σ (минимум -2.6σ), это 0.28 по шкале NDVI. Подтверждено несколькими сенсорами: Landsat, Sentinel-2. Погодного объяснения не нашлось: возможны агротехнические причины (поздний сев, болезни, смена культуры) или локальное событие.","['landsat', 's2']"
AOI-0050,2023,2023-07-29,2023-08-03,6,4,-1.97,-1.71,0.201,угнетение,уборка,0.66,[],"29 июля – 3 августа 2023, 6 дней, 4 наблюдения. NDVI ниже нормы в среднем на 1.7σ (минимум -2.0σ), это 0.20 по шкале NDVI. Подтверждено несколькими сенсорами: Landsat, Sentinel-2. Эпизод начинается заметно позже пика сезона у зерновой культуры — скорее всего это уборка, а не угнетение посева.","['landsat', 's2']"
AOI-0050,2024,2024-05-24,2024-08-27,96,33,-2.72,-1.61,0.191,критическая,стресс,0.9,[],"24 мая – 27 августа 2024, 96 дней, 33 наблюдения. NDVI ниже нормы в среднем на 1.6σ (минимум -2.7σ), это 0.19 по шкале NDVI. Подтверждено несколькими сенсорами: Landsat, MODIS, Sentinel-2. Погодного объяснения не нашлось: возможны агротехнические причины (поздний сев, болезни, смена культуры) или локальное событие.","['landsat', 'modis', 's2']"
AOI-0052,2010,2010-04-30,2010-05-09,10,4,-1.26,-1.14,0.287,угнетение,стресс,0.68,[],"30 апреля – 9 мая 2010, 10 дней, 4 наблюдения. NDVI ниже нормы в среднем на 1.1σ (минимум -1.3σ), это 0.29 по шкале NDVI. Осадки за 60 дней до эпизода: 42 мм при норме 54 мм (78 % нормы). Подтверждено несколькими сенсорами: Landsat, MODIS. Погодного объяснения не нашлось: возможны агротехнические причины (поздний сев, болезни, смена культуры) или локальное событие.","['landsat', 'modis']"
AOI-0052,2018,2018-04-04,2018-05-15,42,14,-1.98,-1.47,0.343,угнетение,стресс,0.99,['избыток осадков'],"4 апреля – 15 мая 2018, 42 дня, 14 наблюдений. NDVI ниже нормы в среднем на 1.5σ (минимум -2.0σ), это 0.34 по шкале NDVI. Осадки за 60 дней до эпизода: 9 мм при норме 4 мм (212 % нормы). Подтверждено несколькими сенсорами: Landsat, MODIS, Sentinel-2. Вероятная причина: переувлажнение — вымокание посева или сорванные полевые работы.","['landsat', 'modis', 's2']"
AOI-0052,2019,2019-06-15,2019-06-27,13,7,-1.64,-1.44,0.266,угнетение,уборка,0.78,[],"15 июня – 27 июня 2019, 13 дней, 7 наблюдений. NDVI ниже нормы в среднем на 1.4σ (минимум -1.6σ), это 0.27 по шкале NDVI. Осадки за 60 дней до эпизода: 69 мм при норме 108 мм (65 % нормы). Подтверждено несколькими сенсорами: Landsat, Sentinel-2. Эпизод начинается заметно позже пика сезона у зерновой культуры — скорее всего это уборка, а не угнетение посева.","['landsat', 's2']"
AOI-0052,2020,2020-04-09,2020-05-30,52,19,-1.92,-1.51,0.345,угнетение,стресс,0.99,['дефицит осадков'],"9 апреля – 30 мая 2020, 52 дня, 19 наблюдений. NDVI ниже нормы в среднем на 1.5σ (минимум -1.9σ), это 0.35 по шкале NDVI. Осадки за 60 дней до эпизода: 0 мм при норме 13 мм (1 % нормы). Подтверждено несколькими сенсорами: Landsat, MODIS, Sentinel-2. Вероятная причина: дефицит влаги.","['landsat', 'modis', 's2']"
AOI-0052,2022,2022-07-14,2022-07-20,7,4,-1.24,-1.15,0.232,угнетение,уборка,0.66,[],"14 июля – 20 июля 2022, 7 дней, 4 наблюдения. NDVI ниже нормы в среднем на 1.2σ (минимум -1.2σ), это 0.23 по шкале NDVI. Осадки за 60 дней до эпизода: 82 мм при норме 113 мм (72 % нормы). Подтверждено несколькими сенсорами: Landsat, Sentinel-2. Эпизод начинается заметно позже пика сезона у зерновой культуры — скорее всего это уборка, а не угнетение посева.","['landsat', 's2']"
AOI-0052,2023,2023-04-26,2023-06-06,42,13,-2.37,-1.62,0.353,критическая,стресс,0.99,['избыток осадков'],"26 апреля – 6 июня 2023, 42 дня, 13 наблюдений. NDVI ниже нормы в среднем на 1.6σ (минимум -2.4σ), это 0.35 по шкале NDVI. Осадки за 60 дней до эпизода: 94 мм при норме 41 мм (230 % нормы). Подтверждено несколькими сенсорами: Landsat, MODIS, Sentinel-2. Вероятная причина: переувлажнение — вымокание посева или сорванные полевые работы.","['landsat', 'modis', 's2']"
AOI-0052,2024,2024-06-25,2024-08-17,54,20,-1.5,-1.26,0.244,угнетение,уборка,0.99,['дефицит осадков'],"25 июня – 17 августа 2024, 54 дня, 20 наблюдений. NDVI ниже нормы в среднем на 1.3σ (минимум -1.5σ), это 0.24 по шкале NDVI. Осадки за 60 дней до эпизода: 47 мм при норме 120 мм (39 % нормы). Подтверждено несколькими сенсорами: Landsat, MODIS, Sentinel-2. Эпизод начинается заметно позже пика сезона у зерновой культуры — скорее всего это уборка, а не угнетение посева.","['landsat', 'modis', 's2']"
AOI-0053,2010,2010-04-06,2010-05-09,34,7,-1.51,-1.39,0.204,угнетение,стресс,0.87,[],"6 апреля – 9 мая 2010, 34 дня, 7 наблюдений. NDVI ниже нормы в среднем на 1.4σ (минимум -1.5σ), это 0.20 по шкале NDVI. Осадки за 60 дней до эпизода: 9 мм при норме 7 мм (119 % нормы). Подтверждено несколькими сенсорами: Landsat, MODIS. Погодного объяснения не нашлось: возможны агротехнические причины (поздний сев, болезни, смена культуры) или локальное событие.","['landsat', 'modis']"
AOI-0053,2011,2011-04-02,2011-05-03,32,6,-2.02,-1.58,0.237,критическая,стресс,0.84,[],"2 апреля – 3 мая 2011, 32 дня, 6 наблюдений. NDVI ниже нормы в среднем на 1.6σ (минимум -2.0σ), это 0.24 по шкале NDVI. Подтверждено несколькими сенсорами: Landsat, MODIS. Погодного объяснения не нашлось: возможны агротехнические причины (поздний сев, болезни, смена культуры) или локальное событие.","['landsat', 'modis']"
AOI-0053,2011,2011-05-28,2011-06-05,9,3,-1.63,-1.46,0.201,угнетение,низкое качество данных,0.29,[],"28 мая – 5 июня 2011, 9 дней, 3 наблюдения. NDVI ниже нормы в среднем на 1.5σ (минимум -1.6σ), это 0.20 по шкале NDVI. Осадки за 60 дней до эпизода: 136 мм при норме 113 мм (121 % нормы). Все наблюдения эпизода с одного сенсора (Landsat). Мало наблюдений и один источник — возможен остаточный облачный эффект.",['landsat']
AOI-0053,2018,2018-06-20,2018-07-17,28,9,-2.27,-1.5,0.182,критическая,стресс,0.99,['дефицит осадков'],"20 июня – 17 июля 2018, 28 дней, 9 наблюдений. NDVI ниже нормы в среднем на 1.5σ (минимум -2.3σ), это 0.18 по шкале NDVI. Осадки за 60 дней до эпизода: 31 мм при норме 105 мм (30 % нормы). Подтверждено несколькими сенсорами: Landsat, MODIS, Sentinel-2. Вероятная причина: дефицит влаги.","['landsat', 'modis', 's2']"
AOI-0053,2020,2020-07-04,2020-07-23,20,7,-2.27,-1.4,0.173,критическая,уборка,0.82,[],"4 июля – 23 июля 2020, 20 дней, 7 наблюдений. NDVI ниже нормы в среднем на 1.4σ (минимум -2.3σ), это 0.17 по шкале NDVI. Осадки за 60 дней до эпизода: 93 мм при норме 126 мм (74 % нормы). Подтверждено несколькими сенсорами: Landsat, MODIS, Sentinel-2. Эпизод начинается заметно позже пика сезона у зерновой культуры — скорее всего это уборка, а не угнетение посева.","['landsat', 'modis', 's2']"
AOI-0053,2023,2023-07-16,2023-08-24,40,15,-1.67,-1.24,0.162,угнетение,уборка,0.99,['избыток осадков'],"16 июля – 24 августа 2023, 40 дней, 15 наблюдений. NDVI ниже нормы в среднем на 1.2σ (минимум -1.7σ), это 0.16 по шкале NDVI. Осадки за 60 дней до эпизода: 184 мм при норме 101 мм (182 % нормы). Подтверждено несколькими сенсорами: Landsat, MODIS, Sentinel-2. Эпизод начинается заметно позже пика сезона у зерновой культуры — скорее всего это уборка, а не угнетение посева.","['landsat', 'modis', 's2']"
AOI-0053,2024,2024-05-09,2024-06-13,36,12,-2.49,-1.96,0.259,критическая,стресс,0.99,['дефицит осадков'],"9 мая – 13 июня 2024, 36 дней, 12 наблюдений. NDVI ниже нормы в среднем на 2.0σ (минимум -2.5σ), это 0.26 по шкале NDVI. Осадки за 60 дней до эпизода: 13 мм при норме 70 мм (18 % нормы). Подтверждено несколькими сенсорами: Landsat, MODIS, Sentinel-2. Вероятная причина: дефицит влаги.","['landsat', 'modis', 's2']"
AOI-0055,2010,2010-08-13,2010-09-06,25,4,-1.81,-1.6,0.13,угнетение,уборка,0.6,[],"13 августа – 6 сентября 2010, 25 дней, 4 наблюдения. NDVI ниже нормы в среднем на 1.6σ (минимум -1.8σ), это 0.13 по шкале NDVI. Все наблюдения эпизода с одного сенсора (Landsat). Эпизод начинается заметно позже пика сезона у зерновой культуры — скорее всего это уборка, а не угнетение посева.",['landsat']
AOI-0055,2011,2011-05-28,2011-06-05,9,3,-1.38,-1.27,0.092,угнетение,низкое качество данных,0.29,[],"28 мая – 5 июня 2011, 9 дней, 3 наблюдения. NDVI ниже нормы в среднем на 1.3σ (минимум -1.4σ), это 0.09 по шкале NDVI. Все наблюдения эпизода с одного сенсора (Landsat). Мало наблюдений и один источник — возможен остаточный облачный эффект.",['landsat']
AOI-0055,2024,2024-06-09,2024-07-18,40,15,-2.51,-1.62,0.126,критическая,стресс,0.9,[],"9 июня – 18 июля 2024, 40 дней, 15 наблюдений. NDVI ниже нормы в среднем на 1.6σ (минимум -2.5σ), это 0.13 по шкале NDVI. Подтверждено несколькими сенсорами: Landsat, MODIS, Sentinel-2. Погодного объяснения не нашлось: возможны агротехнические причины (поздний сев, болезни, смена культуры) или локальное событие.","['landsat', 'modis', 's2']"
AOI-0056,2011,2011-04-02,2011-06-05,65,11,-2.76,-2.05,0.289,критическая,стресс,0.9,[],"2 апреля – 5 июня 2011, 65 дней, 11 наблюдений. NDVI ниже нормы в среднем на 2.0σ (минимум -2.8σ), это 0.29 по шкале NDVI. Подтверждено несколькими сенсорами: Landsat, MODIS. Погодного объяснения не нашлось: возможны агротехнические причины (поздний сев, болезни, смена культуры) или локальное событие.","['landsat', 'modis']"
AOI-0056,2013,2013-06-10,2013-06-18,9,3,-1.54,-1.29,0.194,угнетение,низкое качество данных,0.29,[],"10 июня – 18 июня 2013, 9 дней, 3 наблюдения. NDVI ниже нормы в среднем на 1.3σ (минимум -1.5σ), это 0.19 по шкале NDVI. Все наблюдения эпизода с одного сенсора (Landsat). Мало наблюдений и один источник — возможен остаточный облачный эффект.",['landsat']
AOI-0056,2017,2017-07-06,2017-08-29,55,17,-1.8,-1.36,0.159,угнетение,уборка,0.9,[],"6 июля – 29 августа 2017, 55 дней, 17 наблюдений. NDVI ниже нормы в среднем на 1.4σ (минимум -1.8σ), это 0.16 по шкале NDVI. Подтверждено несколькими сенсорами: Landsat, MODIS, Sentinel-2. Эпизод начинается заметно позже пика сезона у зерновой культуры — скорее всего это уборка, а не угнетение посева.","['landsat', 'modis', 's2']"
AOI-0056,2018,2018-04-05,2018-05-11,37,11,-1.69,-1.32,0.204,угнетение,стресс,0.9,[],"5 апреля – 11 мая 2018, 37 дней, 11 наблюдений. NDVI ниже нормы в среднем на 1.3σ (минимум -1.7σ), это 0.20 по шкале NDVI. Подтверждено несколькими сенсорами: Landsat, MODIS, Sentinel-2. Погодного объяснения не нашлось: возможны агротехнические причины (поздний сев, болезни, смена культуры) или локальное событие.","['landsat', 'modis', 's2']"
AOI-0056,2019,2019-06-15,2019-07-12,28,10,-1.54,-1.26,0.193,угнетение,стресс,0.89,[],"15 июня – 12 июля 2019, 28 дней, 10 наблюдений. NDVI ниже нормы в среднем на 1.3σ (минимум -1.5σ), это 0.19 по шкале NDVI. Подтверждено несколькими сенсорами: Landsat, Sentinel-2. Погодного объяснения не нашлось: возможны агротехнические причины (поздний сев, болезни, смена культуры) или локальное событие.","['landsat', 's2']"
AOI-0056,2022,2022-06-30,2022-08-05,37,16,-1.82,-1.38,0.186,угнетение,уборка,0.9,[],"30 июня – 5 августа 2022, 37 дней, 16 наблюдений. NDVI ниже нормы в среднем на 1.4σ (минимум -1.8σ), это 0.19 по шкале NDVI. Подтверждено несколькими сенсорами: Landsat, Sentinel-2. Эпизод начинается заметно позже пика сезона у зерновой культуры — скорее всего это уборка, а не угнетение посева.","['landsat', 's2']"
AOI-0056,2024,2024-06-03,2024-07-02,30,10,-2.49,-1.56,0.223,критическая,стресс,0.9,[],"3 июня – 2 июля 2024, 30 дней, 10 наблюдений. NDVI ниже нормы в среднем на 1.6σ (минимум -2.5σ), это 0.22 по шкале NDVI. Подтверждено несколькими сенсорами: Landsat, MODIS, Sentinel-2. Погодного объяснения не нашлось: возможны агротехнические причины (поздний сев, болезни, смена культуры) или локальное событие.","['landsat', 'modis', 's2']"
AOI-0060,2010,2010-07-12,2010-09-06,57,11,-1.81,-1.6,0.289,угнетение,уборка,0.75,[],"12 июля – 6 сентября 2010, 57 дней, 11 наблюдений. NDVI ниже нормы в среднем на 1.6σ (минимум -1.8σ), это 0.29 по шкале NDVI. Осадки за 60 дней до эпизода: 102 мм при норме 113 мм (90 % нормы). Все наблюдения эпизода с одного сенсора (Landsat). Эпизод начинается заметно позже пика сезона у зерновой культуры — скорее всего это уборка, а не угнетение посева.",['landsat']
AOI-0060,2011,2011-07-06,2011-08-08,34,8,-1.78,-1.34,0.285,угнетение,уборка,0.9,[],"6 июля – 8 августа 2011, 34 дня, 8 наблюдений. NDVI ниже нормы в среднем на 1.3σ (минимум -1.8σ), это 0.28 по шкале NDVI. Осадки за 60 дней до эпизода: 142 мм при норме 108 мм (132 % нормы). Подтверждено несколькими сенсорами: Landsat, MODIS. Эпизод начинается заметно позже пика сезона у зерновой культуры — скорее всего это уборка, а не угнетение посева.","['landsat', 'modis']"
AOI-0060,2015,2015-05-14,2015-06-15,33,9,-2.18,-1.55,0.261,критическая,стресс,0.99,['избыток осадков'],"14 мая – 15 июня 2015, 33 дня, 9 наблюдений. NDVI ниже нормы в среднем на 1.5σ (минимум -2.2σ), это 0.26 по шкале NDVI. Осадки за 60 дней до эпизода: 126 мм при норме 73 мм (174 % нормы). Подтверждено несколькими сенсорами: Landsat, MODIS. Вероятная причина: переувлажнение — вымокание посева или сорванные полевые работы.","['landsat', 'modis']"
AOI-0060,2016,2016-04-07,2016-04-30,24,4,-1.53,-1.31,0.236,угнетение,стресс,0.84,['дефицит осадков'],"7 апреля – 30 апреля 2016, 24 дня, 4 наблюдения. NDVI ниже нормы в среднем на 1.3σ (минимум -1.5σ), это 0.24 по шкале NDVI. Осадки за 60 дней до эпизода: 3 мм при норме 11 мм (30 % нормы). Подтверждено несколькими сенсорами: Landsat, MODIS. Вероятная причина: дефицит влаги.","['landsat', 'modis']"
AOI-0060,2017,2017-05-11,2017-06-21,42,12,-1.96,-1.32,0.228,угнетение,стресс,0.9,[],"11 мая – 21 июня 2017, 42 дня, 12 наблюдений. NDVI ниже нормы в среднем на 1.3σ (минимум -2.0σ), это 0.23 по шкале NDVI. Осадки за 60 дней до эпизода: 93 мм при норме 65 мм (143 % нормы). Подтверждено несколькими сенсорами: Landsat, MODIS, Sentinel-2. Погодного объяснения не нашлось: возможны агротехнические причины (поздний сев, болезни, смена культуры) или локальное событие.","['landsat', 'modis', 's2']"
AOI-0060,2019,2019-04-23,2019-04-26,4,3,-1.5,-1.2,0.208,угнетение,стресс,0.61,[],"23 апреля – 26 апреля 2019, 4 дня, 3 наблюдения. NDVI ниже нормы в среднем на 1.2σ (минимум -1.5σ), это 0.21 по шкале NDVI. Осадки за 60 дней до эпизода: 46 мм при норме 49 мм (94 % нормы). Подтверждено несколькими сенсорами: Landsat, Sentinel-2. Погодного объяснения не нашлось: возможны агротехнические причины (поздний сев, болезни, смена культуры) или локальное событие.","['landsat', 's2']"
AOI-0060,2019,2019-05-16,2019-06-05,21,7,-2.2,-1.52,0.258,критическая,стресс,0.82,[],"16 мая – 5 июня 2019, 21 день, 7 наблюдений. NDVI ниже нормы в среднем на 1.5σ (минимум -2.2σ), это 0.26 по шкале NDVI. Осадки за 60 дней до эпизода: 67 мм при норме 84 мм (81 % нормы). Подтверждено несколькими сенсорами: Landsat, MODIS, Sentinel-2. Погодного объяснения не нашлось: возможны агротехнические причины (поздний сев, болезни, смена культуры) или локальное событие.","['landsat', 'modis', 's2']"
AOI-0060,2019,2019-09-13,2019-09-23,11,5,-3.21,-1.78,0.186,критическая,стресс,0.71,[],"13 сентября – 23 сентября 2019, 11 дней, 5 наблюдений. NDVI ниже нормы в среднем на 1.8σ (минимум -3.2σ), это 0.19 по шкале NDVI. Осадки за 60 дней до эпизода: 69 мм при норме 54 мм (128 % нормы). Дней жарче 30 °C за предшествующий месяц: 2 при норме 0. Подтверждено несколькими сенсорами: Landsat, Sentinel-2. Эпизод приходится на осень: у озимых это период сева и всходов, низкий NDVI здесь говорит о плохом развитии всходов, а не о гибели посева. Погодного объяснения не нашлось: возможны агротехнические причины (поздний сев, болезни, смена культуры) или локальное событие.","['landsat', 's2']"
AOI-0060,2020,2020-06-25,2020-09-07,75,30,-1.83,-1.3,0.252,угнетение,уборка,0.9,[],"25 июня – 7 сентября 2020, 75 дней, 30 наблюдений. NDVI ниже нормы в среднем на 1.3σ (минимум -1.8σ), это 0.25 по шкале NDVI. Осадки за 60 дней до эпизода: 111 мм при норме 111 мм (100 % нормы). Подтверждено несколькими сенсорами: Landsat, MODIS, Sentinel-2. Эпизод начинается заметно позже пика сезона у зерновой культуры — скорее всего это уборка, а не угнетение посева.","['landsat', 'modis', 's2']"
AOI-0060,2020,2020-09-24,2020-10-12,19,7,-1.66,-1.32,0.147,угнетение,стресс,0.91,['дефицит осадков'],"24 сентября – 12 октября 2020, 19 дней, 7 наблюдений. NDVI ниже нормы в среднем на 1.3σ (минимум -1.7σ), это 0.15 по шкале NDVI. Осадки за 60 дней до эпизода: 28 мм при норме 52 мм (53 % нормы). Подтверждено несколькими сенсорами: Landsat, MODIS, Sentinel-2. Эпизод приходится на осень: у озимых это период сева и всходов, низкий NDVI здесь говорит о плохом развитии всходов, а не о гибели посева. Вероятная причина: дефицит влаги.","['landsat', 'modis', 's2']"
AOI-0060,2022,2022-06-29,2022-07-29,31,15,-1.94,-1.52,0.312,угнетение,уборка,0.9,[],"29 июня – 29 июля 2022, 31 день, 15 наблюдений. NDVI ниже нормы в среднем на 1.5σ (минимум -1.9σ), это 0.31 по шкале NDVI. Осадки за 60 дней до эпизода: 85 мм при норме 131 мм (65 % нормы). Подтверждено несколькими сенсорами: Landsat, Sentinel-2. Эпизод начинается заметно позже пика сезона у зерновой культуры — скорее всего это уборка, а не угнетение посева.","['landsat', 's2']"
AOI-0060,2022,2022-08-13,2022-09-07,26,11,-1.79,-1.37,0.228,угнетение,уборка,0.98,['избыток осадков'],"13 августа – 7 сентября 2022, 26 дней, 11 наблюдений. NDVI ниже нормы в среднем на 1.4σ (минимум -1.8σ), это 0.23 по шкале NDVI. Осадки за 60 дней до эпизода: 117 мм при норме 72 мм (163 % нормы). Дней жарче 30 °C за предшествующий месяц: 0 при норме 3. Подтверждено несколькими сенсорами: Landsat, MODIS, Sentinel-2. Эпизод начинается заметно позже пика сезона у зерновой культуры — скорее всего это уборка, а не угнетение посева.","['landsat', 'modis', 's2']"
AOI-0063,2015,2015-04-14,2015-05-08,25,5,-1.79,-1.47,0.335,угнетение,стресс,0.88,['избыток осадков'],"14 апреля – 8 мая 2015, 25 дней, 5 наблюдений. NDVI ниже нормы в среднем на 1.5σ (минимум -1.8σ), это 0.34 по шкале NDVI. Осадки за 60 дней до эпизода: 42 мм при норме 17 мм (251 % нормы). Подтверждено несколькими сенсорами: Landsat, MODIS. Вероятная причина: переувлажнение — вымокание посева или сорванные полевые работы.","['landsat', 'modis']"
AOI-0063,2018,2018-04-30,2018-05-03,4,3,-1.99,-1.84,0.397,угнетение,стресс,0.71,['дефицит осадков'],"30 апреля – 3 мая 2018, 4 дня, 3 наблюдения. NDVI ниже нормы в среднем на 1.8σ (минимум -2.0σ), это 0.40 по шкале NDVI. Осадки за 60 дней до эпизода: 26 мм при норме 47 мм (55 % нормы). Подтверждено несколькими сенсорами: Landsat, Sentinel-2. Вероятная причина: дефицит влаги.","['landsat', 's2']"
AOI-0063,2018,2018-05-31,2018-06-09,10,4,-1.81,-1.62,0.203,угнетение,стресс,0.78,['дефицит осадков'],"31 мая – 9 июня 2018, 10 дней, 4 наблюдения. NDVI ниже нормы в среднем на 1.6σ (минимум -1.8σ), это 0.20 по шкале NDVI. Осадки за 60 дней до эпизода: 69 мм при норме 143 мм (48 % нормы). Подтверждено несколькими сенсорами: Landsat, Sentinel-2. Вероятная причина: дефицит влаги.","['landsat', 's2']"
AOI-0063,2020,2020-04-07,2020-06-01,56,21,-2.56,-1.63,0.293,критическая,стресс,0.99,['дефицит осадков'],"7 апреля – 1 июня 2020, 56 дней, 21 наблюдение. NDVI ниже нормы в среднем на 1.6σ (минимум -2.6σ), это 0.29 по шкале NDVI. Осадки за 60 дней до эпизода: 0 мм при норме 11 мм (0 % нормы). Подтверждено несколькими сенсорами: Landsat, MODIS, Sentinel-2. Вероятная причина: дефицит влаги.","['landsat', 'modis', 's2']"
AOI-0063,2021,2021-07-16,2021-08-03,19,9,-1.17,-0.96,0.168,угнетение,уборка,0.84,[],"16 июля – 3 августа 2021, 19 дней, 9 наблюдений. NDVI ниже нормы в среднем на 1.0σ (минимум -1.2σ), это 0.17 по шкале NDVI. Осадки за 60 дней до эпизода: 150 мм при норме 131 мм (115 % нормы). Подтверждено несколькими сенсорами: MODIS, Sentinel-2. Эпизод начинается заметно позже пика сезона у зерновой культуры — скорее всего это уборка, а не угнетение посева.","['modis', 's2']"
AOI-0063,2024,2024-06-17,2024-08-12,57,22,-1.53,-1.2,0.21,угнетение,стресс,0.99,['дефицит осадков'],"17 июня – 12 августа 2024, 57 дней, 22 наблюдения. NDVI ниже нормы в среднем на 1.2σ (минимум -1.5σ), это 0.21 по шкале NDVI. Осадки за 60 дней до эпизода: 72 мм при норме 140 мм (51 % нормы). Подтверждено несколькими сенсорами: Landsat, MODIS, Sentinel-2. Вероятная причина: дефицит влаги.","['landsat', 'modis', 's2']"
AOI-0064,2013,2013-06-10,2013-06-27,18,5,-2.23,-1.69,0.3,критическая,стресс,0.75,[],"10 июня – 27 июня 2013, 18 дней, 5 наблюдений. NDVI ниже нормы в среднем на 1.7σ (минимум -2.2σ), это 0.30 по шкале NDVI. Осадки за 60 дней до эпизода: 90 мм при норме 116 мм (77 % нормы). Подтверждено несколькими сенсорами: Landsat, MODIS. Погодного объяснения не нашлось: возможны агротехнические причины (поздний сев, болезни, смена культуры) или локальное событие.","['landsat', 'modis']"
AOI-0064,2015,2015-05-16,2015-06-09,25,5,-2.02,-1.64,0.29,критическая,стресс,0.78,[],"16 мая – 9 июня 2015, 25 дней, 5 наблюдений. NDVI ниже нормы в среднем на 1.6σ (минимум -2.0σ), это 0.29 по шкале NDVI. Осадки за 60 дней до эпизода: 116 мм при норме 79 мм (146 % нормы). Подтверждено несколькими сенсорами: Landsat, MODIS. Погодного объяснения не нашлось: возможны агротехнические причины (поздний сев, болезни, смена культуры) или локальное событие.","['landsat', 'modis']"
AOI-0064,2017,2017-07-12,2017-07-16,5,3,-1.19,-1.16,0.24,угнетение,уборка,0.62,[],"12 июля – 16 июля 2017, 5 дней, 3 наблюдения. NDVI ниже нормы в среднем на 1.2σ (минимум -1.2σ), это 0.24 по шкале NDVI. Осадки за 60 дней до эпизода: 146 мм при норме 125 мм (116 % нормы). Дней жарче 30 °C за предшествующий месяц: 2 при норме 1. Подтверждено несколькими сенсорами: Landsat, Sentinel-2. Эпизод начинается заметно позже пика сезона у зерновой культуры — скорее всего это уборка, а не угнетение посева.","['landsat', 's2']"
AOI-0064,2017,2017-08-01,2017-08-11,11,4,-1.41,-1.2,0.181,угнетение,уборка,0.53,[],"1 августа – 11 августа 2017, 11 дней, 4 наблюдения. NDVI ниже нормы в среднем на 1.2σ (минимум -1.4σ), это 0.18 по шкале NDVI. Осадки за 60 дней до эпизода: 74 мм при норме 93 мм (80 % нормы). Дней жарче 30 °C за предшествующий месяц: 4 при норме 2. Все наблюдения эпизода с одного сенсора (Sentinel-2). Эпизод начинается заметно позже пика сезона у зерновой культуры — скорее всего это уборка, а не угнетение посева.",['s2']
AOI-0064,2018,2018-04-30,2018-05-03,4,3,-2.0,-1.88,0.407,угнетение,стресс,0.71,['дефицит осадков'],"30 апреля – 3 мая 2018, 4 дня, 3 наблюдения. NDVI ниже нормы в среднем на 1.9σ (минимум -2.0σ), это 0.41 по шкале NDVI. Осадки за 60 дней до эпизода: 22 мм при норме 43 мм (50 % нормы). Подтверждено несколькими сенсорами: Landsat, Sentinel-2. Вероятная причина: дефицит влаги.","['landsat', 's2']"
AOI-0064,2019,2019-06-17,2019-07-22,36,16,-2.04,-1.29,0.251,критическая,стресс,0.99,['дефицит осадков'],"17 июня – 22 июля 2019, 36 дней, 16 наблюдений. NDVI ниже нормы в среднем на 1.3σ (минимум -2.0σ), это 0.25 по шкале NDVI. Осадки за 60 дней до эпизода: 59 мм при норме 128 мм (46 % нормы). Подтверждено несколькими сенсорами: Landsat, MODIS, Sentinel-2. Вероятная причина: дефицит влаги.","['landsat', 'modis', 's2']"
AOI-0064,2021,2021-04-15,2021-06-09,56,19,-3.07,-1.6,0.296,критическая,стресс,0.99,['избыток осадков'],"15 апреля – 9 июня 2021, 56 дней, 19 наблюдений. NDVI ниже нормы в среднем на 1.6σ (минимум -3.1σ), это 0.30 по шкале NDVI. Осадки за 60 дней до эпизода: 45 мм при норме 18 мм (249 % нормы). Подтверждено несколькими сенсорами: Landsat, MODIS, Sentinel-2. Вероятная причина: переувлажнение — вымокание посева или сорванные полевые работы.","['landsat', 'modis', 's2']"
AOI-0064,2023,2023-05-12,2023-05-17,6,3,-1.37,-1.17,0.232,угнетение,стресс,0.57,['избыток осадков'],"12 мая – 17 мая 2023, 6 дней, 3 наблюдения. NDVI ниже нормы в среднем на 1.2σ (минимум -1.4σ), это 0.23 по шкале NDVI. Осадки за 60 дней до эпизода: 105 мм при норме 65 мм (162 % нормы). Все наблюдения эпизода с одного сенсора (Sentinel-2). Вероятная причина: переувлажнение — вымокание посева или сорванные полевые работы.",['s2']
AOI-0065,2010,2010-07-21,2010-08-22,33,6,-1.48,-1.2,0.212,угнетение,уборка,0.84,[],"21 июля – 22 августа 2010, 33 дня, 6 наблюдений. NDVI ниже нормы в среднем на 1.2σ (минимум -1.5σ), это 0.21 по шкале NDVI. Осадки за 60 дней до эпизода: 91 мм при норме 127 мм (71 % нормы). Дней жарче 30 °C за предшествующий месяц: 0 при норме 1. Подтверждено несколькими сенсорами: Landsat, MODIS. Эпизод начинается заметно позже пика сезона у зерновой культуры — скорее всего это уборка, а не угнетение посева.","['landsat', 'modis']"
AOI-0065,2013,2013-06-10,2013-06-19,10,3,-2.05,-1.64,0.249,критическая,стресс,0.64,[],"10 июня – 19 июня 2013, 10 дней, 3 наблюдения. NDVI ниже нормы в среднем на 1.6σ (минимум -2.0σ), это 0.25 по шкале NDVI. Осадки за 60 дней до эпизода: 86 мм при норме 121 мм (71 % нормы). Подтверждено несколькими сенсорами: Landsat, MODIS. Погодного объяснения не нашлось: возможны агротехнические причины (поздний сев, болезни, смена культуры) или локальное событие.","['landsat', 'modis']"
AOI-0065,2015,2015-04-07,2015-05-24,48,9,-2.55,-1.63,0.321,критическая,стресс,0.99,['избыток осадков'],"7 апреля – 24 мая 2015, 48 дней, 9 наблюдений. NDVI ниже нормы в среднем на 1.6σ (минимум -2.6σ), это 0.32 по шкале NDVI. Осадки за 60 дней до эпизода: 23 мм при норме 8 мм (283 % нормы). Подтверждено несколькими сенсорами: Landsat, MODIS. Вероятная причина: переувлажнение — вымокание посева или сорванные полевые работы.","['landsat', 'modis']"
AOI-0065,2017,2017-04-13,2017-05-05,23,8,-2.0,-1.7,0.364,угнетение,стресс,0.96,['дефицит осадков'],"13 апреля – 5 мая 2017, 23 дня, 8 наблюдений. NDVI ниже нормы в среднем на 1.7σ (минимум -2.0σ), это 0.36 по шкале NDVI. Осадки за 60 дней до эпизода: 11 мм при норме 21 мм (53 % нормы). Подтверждено несколькими сенсорами: Landsat, MODIS, Sentinel-2. Вероятная причина: дефицит влаги.","['landsat', 'modis', 's2']"
AOI-0065,2019,2019-04-08,2019-04-28,21,8,-1.51,-1.3,0.292,угнетение,стресс,0.85,[],"8 апреля – 28 апреля 2019, 21 день, 8 наблюдений. NDVI ниже нормы в среднем на 1.3σ (минимум -1.5σ), это 0.29 по шкале NDVI. Осадки за 60 дней до эпизода: 7 мм при норме 11 мм (65 % нормы). Подтверждено несколькими сенсорами: Landsat, Sentinel-2. Погодного объяснения не нашлось: возможны агротехнические причины (поздний сев, болезни, смена культуры) или локальное событие.","['landsat', 's2']"
AOI-0065,2021,2021-05-15,2021-06-06,23,7,-1.45,-1.14,0.187,угнетение,стресс,0.93,['избыток осадков'],"15 мая – 6 июня 2021, 23 дня, 7 наблюдений. NDVI ниже нормы в среднем на 1.1σ (минимум -1.5σ), это 0.19 по шкале NDVI. Осадки за 60 дней до эпизода: 143 мм при норме 75 мм (190 % нормы). Подтверждено несколькими сенсорами: Landsat, MODIS, Sentinel-2. Вероятная причина: переувлажнение — вымокание посева или сорванные полевые работы.","['landsat', 'modis', 's2']"
AOI-0065,2022,2022-07-29,2022-08-15,18,10,-1.39,-1.19,0.209,угнетение,уборка,0.84,[],"29 июля – 15 августа 2022, 18 дней, 10 наблюдений. NDVI ниже нормы в среднем на 1.2σ (минимум -1.4σ), это 0.21 по шкале NDVI. Осадки за 60 дней до эпизода: 83 мм при норме 110 мм (76 % нормы). Дней жарче 30 °C за предшествующий месяц: 0 при норме 2. Подтверждено несколькими сенсорами: Landsat, Sentinel-2. Эпизод начинается заметно позже пика сезона у зерновой культуры — скорее всего это уборка, а не угнетение посева.","['landsat', 's2']"
AOI-0065,2024,2024-06-09,2024-08-24,77,29,-2.18,-1.51,0.258,критическая,стресс,0.99,['дефицит осадков'],"9 июня – 24 августа 2024, 77 дней, 29 наблюдений. NDVI ниже нормы в среднем на 1.5σ (минимум -2.2σ), это 0.26 по шкале NDVI. Осадки за 60 дней до эпизода: 59 мм при норме 121 мм (49 % нормы). Подтверждено несколькими сенсорами: Landsat, MODIS, Sentinel-2. Вероятная причина: дефицит влаги.","['landsat', 'modis', 's2']"
AOI-0065,2024,2024-09-08,2024-09-16,9,4,-1.05,-1.03,0.107,угнетение,стресс,0.52,[],"8 сентября – 16 сентября 2024, 9 дней, 4 наблюдения. NDVI ниже нормы в среднем на 1.0σ (минимум -1.1σ), это 0.11 по шкале NDVI. Осадки за 60 дней до эпизода: 39 мм при норме 65 мм (61 % нормы). Дней жарче 30 °C за предшествующий месяц: 1 при норме 0. Все наблюдения эпизода с одного сенсора (Sentinel-2). Эпизод приходится на осень: у озимых это период сева и всходов, низкий NDVI здесь говорит о плохом развитии всходов, а не о гибели посева. Погодного объяснения не нашлось: возможны агротехнические причины (поздний сев, болезни, смена культуры) или локальное событие.",['s2']
AOI-0069,2012,2012-05-08,2012-07-02,56,5,-1.76,-1.18,0.205,угнетение,стресс,0.91,['дефицит осадков'],"8 мая – 2 июля 2012, 56 дней, 5 наблюдений. NDVI ниже нормы в среднем на 1.2σ (минимум -1.8σ), это 0.21 по шкале NDVI. Осадки за 60 дней до эпизода: 17 мм при норме 40 мм (41 % нормы). Подтверждено несколькими сенсорами: Landsat, MODIS. Вероятная причина: дефицит влаги.","['landsat', 'modis']"
AOI-0069,2015,2015-04-15,2015-06-18,65,12,-1.88,-1.39,0.291,угнетение,стресс,0.9,[],"15 апреля – 18 июня 2015, 65 дней, 12 наблюдений. NDVI ниже нормы в среднем на 1.4σ (минимум -1.9σ), это 0.29 по шкале NDVI. Осадки за 60 дней до эпизода: 25 мм при норме 17 мм (145 % нормы). Подтверждено несколькими сенсорами: Landsat, MODIS. Погодного объяснения не нашлось: возможны агротехнические причины (поздний сев, болезни, смена культуры) или локальное событие.","['landsat', 'modis']"
AOI-0069,2017,2017-04-27,2017-06-10,45,14,-1.74,-1.39,0.299,угнетение,стресс,0.9,[],"27 апреля – 10 июня 2017, 45 дней, 14 наблюдений. NDVI ниже нормы в среднем на 1.4σ (минимум -1.7σ), это 0.30 по шкале NDVI. Осадки за 60 дней до эпизода: 42 мм при норме 29 мм (148 % нормы). Подтверждено несколькими сенсорами: Landsat, MODIS, Sentinel-2. Погодного объяснения не нашлось: возможны агротехнические причины (поздний сев, болезни, смена культуры) или локальное событие.","['landsat', 'modis', 's2']"
AOI-0069,2019,2019-04-23,2019-05-20,28,10,-1.43,-1.22,0.3,угнетение,стресс,0.99,['избыток осадков'],"23 апреля – 20 мая 2019, 28 дней, 10 наблюдений. NDVI ниже нормы в среднем на 1.2σ (минимум -1.4σ), это 0.30 по шкале NDVI. Осадки за 60 дней до эпизода: 60 мм при норме 27 мм (217 % нормы). Подтверждено несколькими сенсорами: Landsat, MODIS, Sentinel-2. Вероятная причина: переувлажнение — вымокание посева или сорванные полевые работы.","['landsat', 'modis', 's2']"
AOI-0069,2020,2020-04-27,2020-06-16,51,15,-1.69,-1.37,0.275,угнетение,стресс,0.9,[],"27 апреля – 16 июня 2020, 51 день, 15 наблюдений. NDVI ниже нормы в среднем на 1.4σ (минимум -1.7σ), это 0.27 по шкале NDVI. Осадки за 60 дней до эпизода: 19 мм при норме 30 мм (63 % нормы). Подтверждено несколькими сенсорами: Landsat, MODIS, Sentinel-2. Погодного объяснения не нашлось: возможны агротехнические причины (поздний сев, болезни, смена культуры) или локальное событие.","['landsat', 'modis', 's2']"
AOI-0070,2010,2010-04-24,2010-05-02,9,3,-1.31,-1.21,0.218,угнетение,низкое качество данных,0.29,[],"24 апреля – 2 мая 2010, 9 дней, 3 наблюдения. NDVI ниже нормы в среднем на 1.2σ (минимум -1.3σ), это 0.22 по шкале NDVI. Осадки за 60 дней до эпизода: 33 мм при норме 29 мм (114 % нормы). Все наблюдения эпизода с одного сенсора (Landsat). Мало наблюдений и один источник — возможен остаточный облачный эффект.",['landsat']
AOI-0070,2012,2012-05-24,2012-06-25,33,3,-1.94,-1.46,0.204,угнетение,стресс,0.84,['дефицит осадков'],"24 мая – 25 июня 2012, 33 дня, 3 наблюдения. NDVI ниже нормы в среднем на 1.5σ (минимум -1.9σ), это 0.20 по шкале NDVI. Осадки за 60 дней до эпизода: 27 мм при норме 81 мм (33 % нормы). Подтверждено несколькими сенсорами: Landsat, MODIS. Вероятная причина: дефицит влаги.","['landsat', 'modis']"
AOI-0070,2012,2012-07-27,2012-08-12,17,3,-1.33,-1.28,0.122,угнетение,уборка,0.53,[],"27 июля – 12 августа 2012, 17 дней, 3 наблюдения. NDVI ниже нормы в среднем на 1.3σ (минимум -1.3σ), это 0.12 по шкале NDVI. Осадки за 60 дней до эпизода: 61 мм при норме 67 мм (92 % нормы). Дней жарче 30 °C за предшествующий месяц: 2 при норме 4. Все наблюдения эпизода с одного сенсора (Landsat). Эпизод начинается заметно позже пика сезона у зерновой культуры — скорее всего это уборка, а не угнетение посева.",['landsat']
AOI-0070,2012,2012-09-29,2012-10-22,24,3,-1.43,-1.27,0.169,угнетение,низкое качество данных,0.36,[],"29 сентября – 22 октября 2012, 24 дня, 3 наблюдения. NDVI ниже нормы в среднем на 1.3σ (минимум -1.4σ), это 0.17 по шкале NDVI. Осадки за 60 дней до эпизода: 28 мм при норме 38 мм (74 % нормы). Все наблюдения эпизода с одного сенсора (Landsat). Эпизод приходится на осень: у озимых это период сева и всходов, низкий NDVI здесь говорит о плохом развитии всходов, а не о гибели посева. Мало наблюдений и один источник — возможен остаточный облачный эффект.",['landsat']
AOI-0070,2014,2014-05-25,2014-06-10,17,5,-1.43,-1.22,0.209,угнетение,стресс,0.74,[],"25 мая – 10 июня 2014, 17 дней, 5 наблюдений. NDVI ниже нормы в среднем на 1.2σ (минимум -1.4σ), это 0.21 по шкале NDVI. Осадки за 60 дней до эпизода: 54 мм при норме 81 мм (67 % нормы). Подтверждено несколькими сенсорами: Landsat, MODIS. Погодного объяснения не нашлось: возможны агротехнические причины (поздний сев, болезни, смена культуры) или локальное событие.","['landsat', 'modis']"
AOI-0070,2014,2014-10-05,2014-10-28,24,4,-1.33,-1.19,0.161,угнетение,стресс,0.74,[],"5 октября – 28 октября 2014, 24 дня, 4 наблюдения. NDVI ниже нормы в среднем на 1.2σ (минимум -1.3σ), это 0.16 по шкале NDVI. Осадки за 60 дней до эпизода: 36 мм при норме 40 мм (90 % нормы). Подтверждено несколькими сенсорами: Landsat, MODIS. Эпизод приходится на осень: у озимых это период сева и всходов, низкий NDVI здесь говорит о плохом развитии всходов, а не о гибели посева. Погодного объяснения не нашлось: возможны агротехнические причины (поздний сев, болезни, смена культуры) или локальное событие.","['landsat', 'modis']"
AOI-0070,2018,2018-04-30,2018-06-18,50,15,-1.51,-1.19,0.205,угнетение,стресс,0.9,[],"30 апреля – 18 июня 2018, 50 дней, 15 наблюдений. NDVI ниже нормы в среднем на 1.2σ (минимум -1.5σ), это 0.20 по шкале NDVI. Осадки за 60 дней до эпизода: 19 мм при норме 31 мм (62 % нормы). Подтверждено несколькими сенсорами: Landsat, MODIS, Sentinel-2. Погодного объяснения не нашлось: возможны агротехнические причины (поздний сев, болезни, смена культуры) или локальное событие.","['landsat', 'modis', 's2']"
AOI-0070,2020,2020-04-12,2020-04-19,8,3,-1.23,-1.13,0.188,угнетение,стресс,0.73,['дефицит осадков'],"12 апреля – 19 апреля 2020, 8 дней, 3 наблюдения. NDVI ниже нормы в среднем на 1.1σ (минимум -1.2σ), это 0.19 по шкале NDVI. Осадки за 60 дней до эпизода: 3 мм при норме 14 мм (19 % нормы). Подтверждено несколькими сенсорами: Landsat, Sentinel-2. Вероятная причина: дефицит влаги.","['landsat', 's2']"
AOI-0070,2020,2020-05-02,2020-05-27,26,9,-1.33,-1.14,0.212,угнетение,стресс,0.88,[],"2 мая – 27 мая 2020, 26 дней, 9 наблюдений. NDVI ниже нормы в среднем на 1.1σ (минимум -1.3σ), это 0.21 по шкале NDVI. Осадки за 60 дней до эпизода: 22 мм при норме 32 мм (70 % нормы). Подтверждено несколькими сенсорами: Landsat, MODIS, Sentinel-2. Погодного объяснения не нашлось: возможны агротехнические причины (поздний сев, болезни, смена культуры) или локальное событие.","['landsat', 'modis', 's2']"
AOI-0070,2020,2020-10-05,2020-10-12,8,3,-1.8,-1.37,0.182,угнетение,стресс,0.73,['дефицит осадков'],"5 октября – 12 октября 2020, 8 дней, 3 наблюдения. NDVI ниже нормы в среднем на 1.4σ (минимум -1.8σ), это 0.18 по шкале NDVI. Осадки за 60 дней до эпизода: 2 мм при норме 46 мм (3 % нормы). Подтверждено несколькими сенсорами: Landsat, Sentinel-2. Эпизод приходится на осень: у озимых это период сева и всходов, низкий NDVI здесь говорит о плохом развитии всходов, а не о гибели посева. Вероятная причина: дефицит влаги.","['landsat', 's2']"
AOI-0070,2023,2023-05-12,2023-05-15,4,3,-1.1,-1.07,0.202,угнетение,стресс,0.71,['избыток осадков'],"12 мая – 15 мая 2023, 4 дня, 3 наблюдения. NDVI ниже нормы в среднем на 1.1σ (минимум -1.1σ), это 0.20 по шкале NDVI. Осадки за 60 дней до эпизода: 74 мм при норме 43 мм (170 % нормы). Подтверждено несколькими сенсорами: Landsat, Sentinel-2. Вероятная причина: переувлажнение — вымокание посева или сорванные полевые работы.","['landsat', 's2']"
AOI-0070,2024,2024-10-13,2024-10-24,12,4,-1.14,-1.09,0.148,угнетение,стресс,0.78,['дефицит осадков'],"13 октября – 24 октября 2024, 12 дней, 4 наблюдения. NDVI ниже нормы в среднем на 1.1σ (минимум -1.1σ), это 0.15 по шкале NDVI. Осадки за 60 дней до эпизода: 2 мм при норме 58 мм (3 % нормы). Подтверждено несколькими сенсорами: Landsat, MODIS, Sentinel-2. Эпизод приходится на осень: у озимых это период сева и всходов, низкий NDVI здесь говорит о плохом развитии всходов, а не о гибели посева. Вероятная причина: дефицит влаги.","['landsat', 'modis', 's2']"
AOI-0071,2018,2018-05-17,2018-06-07,22,6,-1.59,-1.36,0.188,угнетение,стресс,0.8,[],"17 мая – 7 июня 2018, 22 дня, 6 наблюдений. NDVI ниже нормы в среднем на 1.4σ (минимум -1.6σ), это 0.19 по шкале NDVI. Подтверждено несколькими сенсорами: Landsat, Sentinel-2. Погодного объяснения не нашлось: возможны агротехнические причины (поздний сев, болезни, смена культуры) или локальное событие.","['landsat', 's2']"
AOI-0071,2022,2022-05-27,2022-06-01,6,3,-1.33,-1.27,0.189,угнетение,стресс,0.62,[],"27 мая – 1 июня 2022, 6 дней, 3 наблюдения. NDVI ниже нормы в среднем на 1.3σ (минимум -1.3σ), это 0.19 по шкале NDVI. Подтверждено несколькими сенсорами: Landsat, Sentinel-2. Погодного объяснения не нашлось: возможны агротехнические причины (поздний сев, болезни, смена культуры) или локальное событие.","['landsat', 's2']"
AOI-0071,2024,2024-05-21,2024-07-30,71,25,-1.9,-1.32,0.159,угнетение,стресс,0.9,[],"21 мая – 30 июля 2024, 71 день, 25 наблюдений. NDVI ниже нормы в среднем на 1.3σ (минимум -1.9σ), это 0.16 по шкале NDVI. Подтверждено несколькими сенсорами: Landsat, Sentinel-2. Погодного объяснения не нашлось: возможны агротехнические причины (поздний сев, болезни, смена культуры) или локальное событие.","['landsat', 's2']"
AOI-0071,2024,2024-08-14,2024-10-15,63,21,-1.51,-1.15,0.107,угнетение,уборка,0.9,[],"14 августа – 15 октября 2024, 63 дня, 21 наблюдение. NDVI ниже нормы в среднем на 1.1σ (минимум -1.5σ), это 0.11 по шкале NDVI. Подтверждено несколькими сенсорами: Landsat, MODIS, Sentinel-2. Эпизод начинается заметно позже пика сезона у зерновой культуры — скорее всего это уборка, а не угнетение посева.","['landsat', 'modis', 's2']"
AOI-0075,2010,2010-07-19,2010-08-29,42,4,-1.68,-1.38,0.284,угнетение,стресс,0.78,[],"19 июля – 29 августа 2010, 42 дня, 4 наблюдения. NDVI ниже нормы в среднем на 1.4σ (минимум -1.7σ), это 0.28 по шкале NDVI. Осадки за 60 дней до эпизода: 74 мм при норме 97 мм (76 % нормы). Подтверждено несколькими сенсорами: Landsat, MODIS. Погодного объяснения не нашлось: возможны агротехнические причины (поздний сев, болезни, смена культуры) или локальное событие.","['landsat', 'modis']"
AOI-0075,2012,2012-07-27,2012-08-12,17,3,-1.53,-1.41,0.283,угнетение,стресс,0.68,[],"27 июля – 12 августа 2012, 17 дней, 3 наблюдения. NDVI ниже нормы в среднем на 1.4σ (минимум -1.5σ), это 0.28 по шкале NDVI. Осадки за 60 дней до эпизода: 100 мм при норме 99 мм (101 % нормы). Подтверждено несколькими сенсорами: Landsat, MODIS. Погодного объяснения не нашлось: возможны агротехнические причины (поздний сев, болезни, смена культуры) или локальное событие.","['landsat', 'modis']"
AOI-0075,2013,2013-07-12,2013-07-27,16,3,-1.31,-1.15,0.253,угнетение,стресс,0.67,[],"12 июля – 27 июля 2013, 16 дней, 3 наблюдения. NDVI ниже нормы в среднем на 1.1σ (минимум -1.3σ), это 0.25 по шкале NDVI. Осадки за 60 дней до эпизода: 97 мм при норме 101 мм (97 % нормы). Подтверждено несколькими сенсорами: Landsat, MODIS. Погодного объяснения не нашлось: возможны агротехнические причины (поздний сев, болезни, смена культуры) или локальное событие.","['landsat', 'modis']"
AOI-0075,2017,2017-04-29,2017-05-06,8,4,-1.54,-1.31,0.256,угнетение,стресс,0.67,[],"29 апреля – 6 мая 2017, 8 дней, 4 наблюдения. NDVI ниже нормы в среднем на 1.3σ (минимум -1.5σ), это 0.26 по шкале NDVI. Осадки за 60 дней до эпизода: 66 мм при норме 48 мм (137 % нормы). Подтверждено несколькими сенсорами: Landsat, Sentinel-2. Погодного объяснения не нашлось: возможны агротехнические причины (поздний сев, болезни, смена культуры) или локальное событие.","['landsat', 's2']"
AOI-0075,2018,2018-06-28,2018-07-09,12,4,-1.64,-1.41,0.296,угнетение,стресс,0.78,['дефицит осадков'],"28 июня – 9 июля 2018, 12 дней, 4 наблюдения. NDVI ниже нормы в среднем на 1.4σ (минимум -1.6σ), это 0.30 по шкале NDVI. Осадки за 60 дней до эпизода: 58 мм при норме 97 мм (60 % нормы). Подтверждено несколькими сенсорами: Landsat, Sentinel-2. Вероятная причина: дефицит влаги.","['landsat', 's2']"
AOI-0075,2019,2019-05-17,2019-05-24,8,4,-1.77,-1.51,0.256,угнетение,стресс,0.77,['избыток осадков'],"17 мая – 24 мая 2019, 8 дней, 4 наблюдения. NDVI ниже нормы в среднем на 1.5σ (минимум -1.8σ), это 0.26 по шкале NDVI. Осадки за 60 дней до эпизода: 143 мм при норме 76 мм (187 % нормы). Подтверждено несколькими сенсорами: Landsat, Sentinel-2. Вероятная причина: переувлажнение — вымокание посева или сорванные полевые работы.","['landsat', 's2']"
AOI-0075,2020,2020-08-21,2020-09-12,23,11,-1.52,-1.27,0.212,угнетение,стресс,0.86,[],"21 августа – 12 сентября 2020, 23 дня, 11 наблюдений. NDVI ниже нормы в среднем на 1.3σ (минимум -1.5σ), это 0.21 по шкале NDVI. Осадки за 60 дней до эпизода: 59 мм при норме 80 мм (74 % нормы). Подтверждено несколькими сенсорами: Landsat, MODIS, Sentinel-2. Погодного объяснения не нашлось: возможны агротехнические причины (поздний сев, болезни, смена культуры) или локальное событие.","['landsat', 'modis', 's2']"
AOI-0075,2021,2021-06-27,2021-08-28,63,28,-2.32,-1.74,0.329,критическая,стресс,0.9,[],"27 июня – 28 августа 2021, 63 дня, 28 наблюдений. NDVI ниже нормы в среднем на 1.7σ (минимум -2.3σ), это 0.33 по шкале NDVI. Осадки за 60 дней до эпизода: 146 мм при норме 96 мм (152 % нормы). Подтверждено несколькими сенсорами: Landsat, MODIS, Sentinel-2. Погодного объяснения не нашлось: возможны агротехнические причины (поздний сев, болезни, смена культуры) или локальное событие.","['landsat', 'modis', 's2']"
AOI-0076,2017,2017-08-14,2017-08-19,6,4,-1.24,-1.18,0.186,угнетение,уборка,0.66,[],"14 августа – 19 августа 2017, 6 дней, 4 наблюдения. NDVI ниже нормы в среднем на 1.2σ (минимум -1.2σ), это 0.19 по шкале NDVI. Подтверждено несколькими сенсорами: Landsat, Sentinel-2. Эпизод начинается заметно позже пика сезона у зерновой культуры — скорее всего это уборка, а не угнетение посева.","['landsat', 's2']"
AOI-0076,2018,2018-04-28,2018-05-06,9,4,-1.2,-1.11,0.204,угнетение,стресс,0.67,[],"28 апреля – 6 мая 2018, 9 дней, 4 наблюдения. NDVI ниже нормы в среднем на 1.1σ (минимум -1.2σ), это 0.20 по шкале NDVI. Подтверждено несколькими сенсорами: Landsat, Sentinel-2. Погодного объяснения не нашлось: возможны агротехнические причины (поздний сев, болезни, смена культуры) или локальное событие.","['landsat', 's2']"
AOI-0076,2019,2019-06-20,2019-07-23,34,14,-1.84,-1.42,0.271,угнетение,стресс,0.9,[],"20 июня – 23 июля 2019, 34 дня, 14 наблюдений. NDVI ниже нормы в среднем на 1.4σ (минимум -1.8σ), это 0.27 по шкале NDVI. Подтверждено несколькими сенсорами: Landsat, MODIS, Sentinel-2. Погодного объяснения не нашлось: возможны агротехнические причины (поздний сев, болезни, смена культуры) или локальное событие.","['landsat', 'modis', 's2']"
AOI-0076,2020,2020-06-27,2020-07-07,11,4,-1.69,-1.5,0.295,угнетение,стресс,0.53,[],"27 июня – 7 июля 2020, 11 дней, 4 наблюдения. NDVI ниже нормы в среднем на 1.5σ (минимум -1.7σ), это 0.29 по шкале NDVI. Все наблюдения эпизода с одного сенсора (Sentinel-2). Погодного объяснения не нашлось: возможны агротехнические причины (поздний сев, болезни, смена культуры) или локальное событие.",['s2']
AOI-0076,2021,2021-04-23,2021-05-25,33,10,-2.23,-1.2,0.218,критическая,стресс,0.9,[],"23 апреля – 25 мая 2021, 33 дня, 10 наблюдений. NDVI ниже нормы в среднем на 1.2σ (минимум -2.2σ), это 0.22 по шкале NDVI. Подтверждено несколькими сенсорами: Landsat, MODIS, Sentinel-2. Погодного объяснения не нашлось: возможны агротехнические причины (поздний сев, болезни, смена культуры) или локальное событие.","['landsat', 'modis', 's2']"
AOI-0076,2022,2022-05-10,2022-06-14,36,14,-2.1,-1.51,0.249,критическая,стресс,0.9,[],"10 мая – 14 июня 2022, 36 дней, 14 наблюдений. NDVI ниже нормы в среднем на 1.5σ (минимум -2.1σ), это 0.25 по шкале NDVI. Подтверждено несколькими сенсорами: Landsat, MODIS, Sentinel-2. Погодного объяснения не нашлось: возможны агротехнические причины (поздний сев, болезни, смена культуры) или локальное событие.","['landsat', 'modis', 's2']"
AOI-0076,2023,2023-04-26,2023-05-25,30,11,-1.55,-1.19,0.225,угнетение,стресс,0.9,[],"26 апреля – 25 мая 2023, 30 дней, 11 наблюдений. NDVI ниже нормы в среднем на 1.2σ (минимум -1.5σ), это 0.22 по шкале NDVI. Подтверждено несколькими сенсорами: Landsat, MODIS, Sentinel-2. Погодного объяснения не нашлось: возможны агротехнические причины (поздний сев, болезни, смена культуры) или локальное событие.","['landsat', 'modis', 's2']"
AOI-0076,2024,2024-06-11,2024-06-18,8,5,-1.87,-1.41,0.207,угнетение,стресс,0.7,[],"11 июня – 18 июня 2024, 8 дней, 5 наблюдений. NDVI ниже нормы в среднем на 1.4σ (минимум -1.9σ), это 0.21 по шкале NDVI. Подтверждено несколькими сенсорами: Landsat, Sentinel-2. Погодного объяснения не нашлось: возможны агротехнические причины (поздний сев, болезни, смена культуры) или локальное событие.","['landsat', 's2']"
AOI-0076,2024,2024-07-11,2024-08-02,23,13,-1.56,-1.19,0.264,угнетение,стресс,0.86,[],"11 июля – 2 августа 2024, 23 дня, 13 наблюдений. NDVI ниже нормы в среднем на 1.2σ (минимум -1.6σ), это 0.26 по шкале NDVI. Подтверждено несколькими сенсорами: Landsat, MODIS, Sentinel-2. Погодного объяснения не нашлось: возможны агротехнические причины (поздний сев, болезни, смена культуры) или локальное событие.","['landsat', 'modis', 's2']"
AOI-0077,2020,2020-08-31,2020-10-17,48,24,-1.59,-1.31,0.204,угнетение,стресс,0.9,[],"31 августа – 17 октября 2020, 48 дней, 24 наблюдения. NDVI ниже нормы в среднем на 1.3σ (минимум -1.6σ), это 0.20 по шкале NDVI. Подтверждено несколькими сенсорами: Landsat, MODIS, Sentinel-2. Погодного объяснения не нашлось: возможны агротехнические причины (поздний сев, болезни, смена культуры) или локальное событие.","['landsat', 'modis', 's2']"
AOI-0077,2021,2021-04-25,2021-05-06,12,6,-1.51,-1.36,0.299,угнетение,стресс,0.75,[],"25 апреля – 6 мая 2021, 12 дней, 6 наблюдений. NDVI ниже нормы в среднем на 1.4σ (минимум -1.5σ), это 0.30 по шкале NDVI. Подтверждено несколькими сенсорами: Landsat, Sentinel-2. Погодного объяснения не нашлось: возможны агротехнические причины (поздний сев, болезни, смена культуры) или локальное событие.","['landsat', 's2']"
AOI-0077,2021,2021-06-12,2021-09-10,91,43,-2.53,-1.61,0.249,критическая,стресс,0.9,[],"12 июня – 10 сентября 2021, 91 день, 43 наблюдения. NDVI ниже нормы в среднем на 1.6σ (минимум -2.5σ), это 0.25 по шкале NDVI. Подтверждено несколькими сенсорами: Landsat, MODIS, Sentinel-2. Погодного объяснения не нашлось: возможны агротехнические причины (поздний сев, болезни, смена культуры) или локальное событие.","['landsat', 'modis', 's2']"
AOI-0077,2022,2022-04-23,2022-06-04,43,15,-1.98,-1.47,0.301,угнетение,стресс,0.9,[],"23 апреля – 4 июня 2022, 43 дня, 15 наблюдений. NDVI ниже нормы в среднем на 1.5σ (минимум -2.0σ), это 0.30 по шкале NDVI. Подтверждено несколькими сенсорами: Landsat, MODIS, Sentinel-2. Погодного объяснения не нашлось: возможны агротехнические причины (поздний сев, болезни, смена культуры) или локальное событие.","['landsat', 'modis', 's2']"
