pid,year,start,end,days,n_obs,min_z,mean_z,critical_days,max_deficit,mean_deficit,worst_date,ndvi_at_worst,norm_at_worst,phase,phase_end,start_doy,end_doy,severity,cause,confidence,norm_source,weather_source,artifacts_near,region_z,region_share_depressed,weather,reasons,text
AOI-0001,2010,2010-08-15,2010-09-28,45,6,-2.283236689737511,-1.5377705605175767,10,-0.10983206387994382,-0.08825459075630261,2010-08-31,0.11751596558557716,0.22419627565233088,лето после уборки,осень (озимые всходы),227,271,критическая,weather_drought,0.75,история полигона,ERA5 полигона,0,-0.5984611327410521,0.22807017543859648,"{""available"": true, ""before"": {""precip_mm"": 6.386664147626675, ""temp_c"": 30.66099192301435, ""dry_days"": 28, ""hot_days"": 26, ""max_dry_spell"": 20, ""n_days"": 30, ""precip_deficit_pct"": 76.42087884986394, ""temp_anomaly_c"": 4.502615201738148, ""precip_norm_mm"": 27.086099210232103, ""temp_norm_c"": 26.158376721276202, ""norm_years"": 15}, ""during"": {""precip_mm"": 15.727727982440598, ""temp_c"": 22.14098872432005, ""dry_days"": 40, ""hot_days"": 5, ""max_dry_spell"": 18, ""n_days"": 45, ""precip_deficit_pct"": 56.02735261236298, ""temp_anomaly_c"": 0.9473794018780808, ""precip_norm_mm"": 35.76707093342411, ""temp_norm_c"": 21.19360932244197, ""norm_years"": 15}, ""combined"": {""precip_mm"": 22.114392130067273, ""temp_c"": 25.548990003797766, ""dry_days"": 68, ""hot_days"": 31, ""max_dry_spell"": 38, ""n_days"": 75, ""precip_deficit_pct"": 64.81578879868277, ""temp_anomaly_c"": 2.3694737218221, ""precip_norm_mm"": 62.85317014365622, ""temp_norm_c"": 23.179516281975665, ""norm_years"": 15}, ""source"": ""ERA5 полигона""}","за 30 дней до и во время эпизода осадков 22 мм при норме 63 мм (дефицит 65 %) | температура выше нормы на 2.4 °C (25.5 против 23.2 °C), жарких дней 31 | сухая серия 38 дней подряд | за 30 дней до эпизода: осадков 6 мм при норме 27 мм | во время эпизода: осадков 16 мм при норме 36 мм | соседние поля региона в эти дни чуть ниже нормы (медианный Z -0.6) | пик на уровне нормы (118%), но спад начался на 20 дней раньше обычного","AOI-0001, сезон 2010: критическая аномалия с 2010-08-15 по 2010-09-28 (45 дней, 6 наблюдений), фаза — лето после уборки. NDVI в худший день 2010-08-31: 0.12 при норме 0.22 (Z = -2.3). Вероятная причина — погодный стресс: дефицит осадков и/или жара (уверенность 75%). Аргументы: за 30 дней до и во время эпизода осадков 22 мм при норме 63 мм (дефицит 65 %); температура выше нормы на 2.4 °C (25.5 против 23.2 °C), жарких дней 31; сухая серия 38 дней подряд; за 30 дней до эпизода: осадков 6 мм при норме 27 мм; во время эпизода: осадков 16 мм при норме 36 мм; соседние поля региона в эти дни чуть ниже нормы (медианный Z -0.6); пик на уровне нормы (118%), но спад начался на 20 дней раньше обычного. Норма: история полигона."
AOI-0001,2010,2010-10-08,2010-10-30,23,2,-1.5496266177118851,-1.2891234992347498,0,-0.12085870040466547,-0.10957440649434798,2010-10-20,0.10568523173284293,0.2265439321375084,осень (озимые всходы),осень (озимые всходы),281,303,умеренная,early_decline,0.6,история полигона,ERA5 полигона,0,-0.553280587474668,0.22807017543859648,"{""available"": true, ""before"": {""precip_mm"": 25.391369799365293, ""temp_c"": 16.858423360188826, ""dry_days"": 24, ""hot_days"": 0, ""max_dry_spell"": 13, ""n_days"": 30, ""precip_deficit_pct"": 12.094595572052135, ""temp_anomaly_c"": -0.20320167353123608, ""precip_norm_mm"": 28.88487910908534, ""temp_norm_c"": 17.061625033720063, ""norm_years"": 15}, ""during"": {""precip_mm"": 29.91269093561577, ""temp_c"": 9.82165433911312, ""dry_days"": 16, ""hot_days"": 0, ""max_dry_spell"": 6, ""n_days"": 23, ""precip_deficit_pct"": 2.996923537195384, ""temp_anomaly_c"": -0.8879675261640312, ""precip_norm_mm"": 30.836847681924453, ""temp_norm_c"": 10.709621865277152, ""norm_years"": 15}, ""combined"": {""precip_mm"": 55.304060734981064, ""temp_c"": 13.804731143495596, ""dry_days"": 40, ""hot_days"": 0, ""max_dry_spell"": 13, ""n_days"": 53, ""precip_deficit_pct"": 7.3970835965408765, ""temp_anomaly_c"": -0.5003642133530164, ""precip_norm_mm"": 59.72172679100981, ""temp_norm_c"": 14.305095356848613, ""norm_years"": 15}, ""source"": ""ERA5 полигона""}","соседние поля региона в эти дни чуть ниже нормы (медианный Z -0.6) | пик на уровне нормы (118%), но спад начался на 20 дней раньше обычного","AOI-0001, сезон 2010: умеренная аномалия с 2010-10-08 по 2010-10-30 (23 дней, 2 наблюдений), фаза — осень (озимые всходы). NDVI в худший день 2010-10-20: 0.11 при норме 0.23 (Z = -1.5). Вероятная причина — ранний спад вегетации (уборка, полегание, болезнь) (уверенность 60%). Аргументы: соседние поля региона в эти дни чуть ниже нормы (медианный Z -0.6); пик на уровне нормы (118%), но спад начался на 20 дней раньше обычного. Норма: история полигона."
AOI-0001,2011,2011-04-01,2011-05-16,46,6,-2.120469003822667,-1.6945430099213443,11,-0.40649615349871715,-0.30518458063122206,2011-04-23,0.14603506077349868,0.526503216393926,весна (всходы и рост),пик вегетации,91,136,критическая,crop_rotation,0.7,история полигона,ERA5 полигона,2,-0.44802294080913563,0.24561403508771928,"{""available"": true, ""during"": {""precip_mm"": 93.97853508035325, ""temp_c"": 10.543782405576867, ""dry_days"": 23, ""hot_days"": 0, ""max_dry_spell"": 8, ""n_days"": 46, ""precip_deficit_pct"": -20.78595223478745, ""temp_anomaly_c"": -2.6628383180369486, ""precip_norm_mm"": 77.80584856231864, ""temp_norm_c"": 13.206620723613815, ""norm_years"": 15}, ""combined"": {""precip_mm"": 93.97853508035325, ""temp_c"": 10.543782405576867, ""dry_days"": 23, ""hot_days"": 0, ""max_dry_spell"": 8, ""n_days"": 76}, ""source"": ""ERA5 полигона""}","соседние поля региона в эти дни чуть ниже нормы (медианный Z -0.4) | пик достигнут (112% нормы), но на 39 дней позже обычного: на поле яровая культура вместо привычной озимой, весеннее отставание — смена фазы, а не угнетение","AOI-0001, сезон 2011: критическая аномалия с 2011-04-01 по 2011-05-16 (46 дней, 6 наблюдений), фаза — весна (всходы и рост). NDVI в худший день 2011-04-23: 0.15 при норме 0.53 (Z = -2.1). Вероятная причина — смена культуры: яровая вместо озимой, весеннее отставание — не угнетение (уверенность 70%). Аргументы: соседние поля региона в эти дни чуть ниже нормы (медианный Z -0.4); пик достигнут (112% нормы), но на 39 дней позже обычного: на поле яровая культура вместо привычной озимой, весеннее отставание — смена фазы, а не угнетение. Норма: история полигона."
AOI-0001,2013,2013-06-03,2013-07-07,35,3,-2.1812368617681033,-1.633074664454084,8,-0.26375144339174,-0.22807314471741283,2013-06-12,0.31330968206216137,0.5701176294510452,пик вегетации,созревание и уборка,154,188,критическая,weather_drought,0.75,история полигона,ERA5 полигона,0,-0.4200956486365557,0.19298245614035087,"{""available"": true, ""before"": {""precip_mm"": 41.01033216067762, ""temp_c"": 20.858912086486836, ""dry_days"": 25, ""hot_days"": 0, ""max_dry_spell"": 11, ""n_days"": 30, ""precip_deficit_pct"": 43.2095558284147, ""temp_anomaly_c"": 3.1527329727455395, ""precip_norm_mm"": 72.21343794524653, ""temp_norm_c"": 17.706179113741296, ""norm_years"": 15}, ""during"": {""precip_mm"": 44.76707018061887, ""temp_c"": 24.138120124453614, ""dry_days"": 26, ""hot_days"": 9, ""max_dry_spell"": 6, ""n_days"": 35, ""precip_deficit_pct"": 3.0488811063115406, ""temp_anomaly_c"": 0.7082776193770179, ""precip_norm_mm"": 46.174887604657876, ""temp_norm_c"": 23.429842505076596, ""norm_years"": 15}, ""combined"": {""precip_mm"": 85.7774023412965, ""temp_c"": 22.624639491545867, ""dry_days"": 51, ""hot_days"": 9, ""max_dry_spell"": 11, ""n_days"": 65, ""precip_deficit_pct"": 27.545725524145016, ""temp_anomaly_c"": 1.8364877824701757, ""precip_norm_mm"": 118.38832554990441, ""temp_norm_c"": 20.78815170907569, ""norm_years"": 15}, ""source"": ""ERA5 полигона""}","температура выше нормы на 1.8 °C (22.6 против 20.8 °C), жарких дней 9 | за 30 дней до эпизода: осадков 41 мм при норме 72 мм | соседние поля региона в эти дни чуть ниже нормы (медианный Z -0.4) | пик на уровне нормы (121%), но спад начался на 30 дней раньше обычного","AOI-0001, сезон 2013: критическая аномалия с 2013-06-03 по 2013-07-07 (35 дней, 3 наблюдений), фаза — пик вегетации. NDVI в худший день 2013-06-12: 0.31 при норме 0.57 (Z = -2.2). Вероятная причина — погодный стресс: дефицит осадков и/или жара (уверенность 75%). Аргументы: температура выше нормы на 1.8 °C (22.6 против 20.8 °C), жарких дней 9; за 30 дней до эпизода: осадков 41 мм при норме 72 мм; соседние поля региона в эти дни чуть ниже нормы (медианный Z -0.4); пик на уровне нормы (121%), но спад начался на 30 дней раньше обычного. Норма: история полигона."
AOI-0001,2014,2014-04-07,2014-05-29,53,7,-2.661129221701779,-1.7475031690430758,19,-0.3503069851582472,-0.2829320234742701,2014-05-17,0.3243079282853763,0.6645347271769325,весна (всходы и рост),пик вегетации,97,149,критическая,crop_rotation,0.7,история полигона,ERA5 полигона,1,0.6240590359806343,0.03508771929824561,"{""available"": true, ""before"": {""precip_mm"": 9.098934956341509, ""temp_c"": 3.872376908196363, ""dry_days"": 4, ""hot_days"": 0, ""max_dry_spell"": 2, ""n_days"": 30}, ""during"": {""precip_mm"": 77.66281388178697, ""temp_c"": 16.11645018619563, ""dry_days"": 32, ""hot_days"": 0, ""max_dry_spell"": 6, ""n_days"": 53, ""precip_deficit_pct"": 22.615512889818568, ""temp_anomaly_c"": 1.32208911407918, ""precip_norm_mm"": 100.35966739846613, ""temp_norm_c"": 14.794361072116452, ""norm_years"": 15}, ""combined"": {""precip_mm"": 86.76174883812848, ""temp_c"": 14.871290191822828, ""dry_days"": 36, ""hot_days"": 0, ""max_dry_spell"": 8, ""n_days"": 83}, ""source"": ""ERA5 полигона""}","другие поля региона в эти дни в норме (медианный Z 0.6, ниже нормы 4% из 57) — причина локальная, на самом поле | пик достигнут (120% нормы), но на 46 дней позже обычного: на поле яровая культура вместо привычной озимой, весеннее отставание — смена фазы, а не угнетение","AOI-0001, сезон 2014: критическая аномалия с 2014-04-07 по 2014-05-29 (53 дней, 7 наблюдений), фаза — весна (всходы и рост). NDVI в худший день 2014-05-17: 0.32 при норме 0.66 (Z = -2.7). Вероятная причина — смена культуры: яровая вместо озимой, весеннее отставание — не угнетение (уверенность 70%). Аргументы: другие поля региона в эти дни в норме (медианный Z 0.6, ниже нормы 4% из 57) — причина локальная, на самом поле; пик достигнут (120% нормы), но на 46 дней позже обычного: на поле яровая культура вместо привычной озимой, весеннее отставание — смена фазы, а не угнетение. Норма: история полигона."
AOI-0001,2015,2015-07-31,2015-09-11,43,4,-1.4314033134106654,-1.2160103425955135,0,-0.13713128669777144,-0.0882806842511284,2015-09-01,0.14754940101200698,0.22113698790421846,созревание и уборка,лето после уборки,212,254,умеренная,weather_drought,0.65,история полигона,ERA5 полигона,0,0.020456273245227502,0.017543859649122806,"{""available"": true, ""before"": {""precip_mm"": 14.030286268958747, ""temp_c"": 24.39678558773466, ""dry_days"": 27, ""hot_days"": 7, ""max_dry_spell"": 14, ""n_days"": 30, ""precip_deficit_pct"": 58.058824120840036, ""temp_anomaly_c"": -1.375453878332081, ""precip_norm_mm"": 33.45229592365868, ""temp_norm_c"": 25.77223946606674, ""norm_years"": 15}, ""during"": {""precip_mm"": 9.695055794114893, ""temp_c"": 25.385815970842255, ""dry_days"": 40, ""hot_days"": 16, ""max_dry_spell"": 20, ""n_days"": 43, ""precip_deficit_pct"": 68.21164085121751, ""temp_anomaly_c"": 1.005039010060237, ""precip_norm_mm"": 30.498761350776483, ""temp_norm_c"": 24.38077696078202, ""norm_years"": 15}, ""combined"": {""precip_mm"": 23.72534206307364, ""temp_c"": 24.97936512846927, ""dry_days"": 67, ""hot_days"": 23, ""max_dry_spell"": 30, ""n_days"": 73, ""precip_deficit_pct"": 62.90078213834629, ""temp_anomaly_c"": 0.026754261405862678, ""precip_norm_mm"": 63.951057274435165, ""temp_norm_c"": 24.952610867063406, ""norm_years"": 15}, ""source"": ""ERA5 полигона""}","за 30 дней до и во время эпизода осадков 24 мм при норме 64 мм (дефицит 63 %) | сухая серия 30 дней подряд | за 30 дней до эпизода: осадков 14 мм при норме 33 мм | во время эпизода: осадков 10 мм при норме 30 мм | другие поля региона в эти дни в норме (медианный Z 0.0, ниже нормы 2% из 57) — причина локальная, на самом поле","AOI-0001, сезон 2015: умеренная аномалия с 2015-07-31 по 2015-09-11 (43 дней, 4 наблюдений), фаза — созревание и уборка. NDVI в худший день 2015-09-01: 0.15 при норме 0.22 (Z = -1.4). Вероятная причина — погодный стресс: дефицит осадков и/или жара (уверенность 65%). Аргументы: за 30 дней до и во время эпизода осадков 24 мм при норме 64 мм (дефицит 63 %); сухая серия 30 дней подряд; за 30 дней до эпизода: осадков 14 мм при норме 33 мм; во время эпизода: осадков 10 мм при норме 30 мм; другие поля региона в эти дни в норме (медианный Z 0.0, ниже нормы 2% из 57) — причина локальная, на самом поле. Норма: история полигона."
AOI-0001,2015,2015-09-22,2015-10-24,33,4,-1.609000393709798,-1.2068629571861715,0,-0.10955057186069304,-0.089976440500028,2015-09-26,0.1300524569692415,0.19441247271763343,осень (озимые всходы),осень (озимые всходы),265,297,умеренная,weak_season,0.4,история полигона,ERA5 полигона,0,-0.5381583178016659,0.22807017543859648,"{""available"": true, ""before"": {""precip_mm"": 4.717521163030369, ""temp_c"": 22.36307939953277, ""dry_days"": 28, ""hot_days"": 4, ""max_dry_spell"": 16, ""n_days"": 30, ""precip_deficit_pct"": 79.97474948386262, ""temp_anomaly_c"": 1.1375201239409343, ""precip_norm_mm"": 23.55786340464879, ""temp_norm_c"": 21.225559275591834, ""norm_years"": 15}, ""during"": {""precip_mm"": 52.92637479945128, ""temp_c"": 13.158867984347898, ""dry_days"": 28, ""hot_days"": 0, ""max_dry_spell"": 22, ""n_days"": 33, ""precip_deficit_pct"": -29.47798934096997, ""temp_anomaly_c"": -0.0825293672606584, ""precip_norm_mm"": 40.876735164672574, ""temp_norm_c"": 13.241397351608557, ""norm_years"": 15}, ""combined"": {""precip_mm"": 57.64389596248165, ""temp_c"": 17.541825801102586, ""dry_days"": 56, ""hot_days"": 4, ""max_dry_spell"": 30, ""n_days"": 63, ""precip_deficit_pct"": 10.538907291451483, ""temp_anomaly_c"": 0.4984465809305654, ""precip_norm_mm"": 64.43459856932135, ""temp_norm_c"": 17.04337922017202, ""norm_years"": 15}, ""source"": ""ERA5 полигона""}",сухая серия 30 дней подряд | соседние поля региона в эти дни чуть ниже нормы (медианный Z -0.5) | погодного сигнала нет; вероятны агротехнические причины,"AOI-0001, сезон 2015: умеренная аномалия с 2015-09-22 по 2015-10-24 (33 дней, 4 наблюдений), фаза — осень (озимые всходы). NDVI в худший день 2015-09-26: 0.13 при норме 0.19 (Z = -1.6). Вероятная причина — ослабленный сезон без явной погодной причины (уверенность 40%). Аргументы: сухая серия 30 дней подряд; соседние поля региона в эти дни чуть ниже нормы (медианный Z -0.5); погодного сигнала нет; вероятны агротехнические причины. Норма: история полигона."
AOI-0001,2016,2016-04-05,2016-06-25,82,12,-1.7467943877228043,-1.2965136159814312,0,-0.32110752122733704,-0.20485732418381167,2016-06-04,0.4057603060228212,0.6096282121478654,весна (всходы и рост),созревание и уборка,96,177,умеренная,late_start,0.6,история полигона,ERA5 полигона,2,0.5755194277373723,0.05263157894736842,"{""available"": true, ""before"": {""precip_mm"": 4.208998896391591, ""temp_c"": 8.408923880259223, ""dry_days"": 3, ""hot_days"": 0, ""max_dry_spell"": 2, ""n_days"": 30}, ""during"": {""precip_mm"": 203.9415561012703, ""temp_c"": 16.855381219755365, ""dry_days"": 45, ""hot_days"": 4, ""max_dry_spell"": 7, ""n_days"": 82, ""precip_deficit_pct"": -46.800950332985366, ""temp_anomaly_c"": -0.4662524977996725, ""precip_norm_mm"": 138.92386639096964, ""temp_norm_c"": 17.321633717555038, ""norm_years"": 15}, ""combined"": {""precip_mm"": 208.15055499766189, ""temp_c"": 16.46252273884857, ""dry_days"": 48, ""hot_days"": 4, ""max_dry_spell"": 9, ""n_days"": 112}, ""source"": ""ERA5 полигона""}","другие поля региона в эти дни в норме (медианный Z 0.6, ниже нормы 5% из 57) — причина локальная, на самом поле | рост начался на 15 дней позже нормы, но пик достигнут (71% нормы)","AOI-0001, сезон 2016: умеренная аномалия с 2016-04-05 по 2016-06-25 (82 дней, 12 наблюдений), фаза — весна (всходы и рост). NDVI в худший день 2016-06-04: 0.41 при норме 0.61 (Z = -1.7). Вероятная причина — запаздывание всходов и роста (уверенность 60%). Аргументы: другие поля региона в эти дни в норме (медианный Z 0.6, ниже нормы 5% из 57) — причина локальная, на самом поле; рост начался на 15 дней позже нормы, но пик достигнут (71% нормы). Норма: история полигона."
AOI-0001,2021,2021-05-17,2021-06-13,28,4,-1.7611576628996737,-1.472557204934798,0,-0.20743282465942092,-0.19035918769965346,2021-06-05,0.40444305609851,0.6097160288094862,пик вегетации,пик вегетации,137,164,умеренная,crop_rotation,0.7,история полигона,ERA5 полигона,0,0.4677235320339154,0.17543859649122806,"{""available"": true, ""before"": {""precip_mm"": 77.50712367181123, ""temp_c"": 13.666999838087317, ""dry_days"": 20, ""hot_days"": 0, ""max_dry_spell"": 7, ""n_days"": 30, ""precip_deficit_pct"": -55.833545538861415, ""temp_anomaly_c"": -1.097312867199932, ""precip_norm_mm"": 49.73712393169074, ""temp_norm_c"": 14.76431270528725, ""norm_years"": 15}, ""during"": {""precip_mm"": 101.26893454559927, ""temp_c"": 18.830593885694253, ""dry_days"": 10, ""hot_days"": 0, ""max_dry_spell"": 4, ""n_days"": 28, ""precip_deficit_pct"": -108.80769055715555, ""temp_anomaly_c"": -1.6468889584617017, ""precip_norm_mm"": 48.498661268359555, ""temp_norm_c"": 20.477482844155954, ""norm_years"": 15}, ""combined"": {""precip_mm"": 178.77605821741048, ""temp_c"": 16.159769378311353, ""dry_days"": 30, ""hot_days"": 0, ""max_dry_spell"": 7, ""n_days"": 58, ""precip_deficit_pct"": -81.98669441420512, ""temp_anomaly_c"": -1.3626254629814802, ""precip_norm_mm"": 98.2357852000503, ""temp_norm_c"": 17.522394841292833, ""norm_years"": 15}, ""source"": ""ERA5 полигона""}","другие поля региона в эти дни в норме (медианный Z 0.5, ниже нормы 18% из 57) — причина локальная, на самом поле | пик достигнут (97% нормы), но на 52 дней позже обычного: на поле яровая культура вместо привычной озимой, весеннее отставание — смена фазы, а не угнетение","AOI-0001, сезон 2021: умеренная аномалия с 2021-05-17 по 2021-06-13 (28 дней, 4 наблюдений), фаза — пик вегетации. NDVI в худший день 2021-06-05: 0.40 при норме 0.61 (Z = -1.8). Вероятная причина — смена культуры: яровая вместо озимой, весеннее отставание — не угнетение (уверенность 70%). Аргументы: другие поля региона в эти дни в норме (медианный Z 0.5, ниже нормы 18% из 57) — причина локальная, на самом поле; пик достигнут (97% нормы), но на 52 дней позже обычного: на поле яровая культура вместо привычной озимой, весеннее отставание — смена фазы, а не угнетение. Норма: история полигона."
AOI-0001,2024,2024-08-07,2024-09-03,28,8,-1.3362778901874675,-1.213512649811799,0,-0.10452067735855178,-0.07812272658424982,2024-08-15,0.1742179858331636,0.2659747324980515,созревание и уборка,лето после уборки,220,247,умеренная,weather_drought,0.75,история полигона,ERA5 полигона,0,-0.6986994301648802,0.24561403508771928,"{""available"": true, ""before"": {""precip_mm"": 24.1615088633651, ""temp_c"": 27.507262102762873, ""dry_days"": 27, ""hot_days"": 16, ""max_dry_spell"": 15, ""n_days"": 30, ""precip_deficit_pct"": 14.168192629414333, ""temp_anomaly_c"": 1.4877486610412483, ""precip_norm_mm"": 28.149831168119135, ""temp_norm_c"": 26.019513441721625, ""norm_years"": 15}, ""during"": {""precip_mm"": 4.684065130785342, ""temp_c"": 25.88627965563822, ""dry_days"": 25, ""hot_days"": 10, ""max_dry_spell"": 25, ""n_days"": 28, ""precip_deficit_pct"": 74.86857141202455, ""temp_anomaly_c"": 0.8094836628626325, ""precip_norm_mm"": 18.63827642900695, ""temp_norm_c"": 25.076795992775587, ""norm_years"": 15}, ""combined"": {""precip_mm"": 28.845573994150442, ""temp_c"": 26.72471885242683, ""dry_days"": 52, ""hot_days"": 26, ""max_dry_spell"": 25, ""n_days"": 58, ""precip_deficit_pct"": 38.348491795119635, ""temp_anomaly_c"": 1.160310386058466, ""precip_norm_mm"": 46.788107597126086, ""temp_norm_c"": 25.564408466368363, ""norm_years"": 15}, ""source"": ""ERA5 полигона""}","температура выше нормы на 1.2 °C (26.7 против 25.6 °C), жарких дней 26 | сухая серия 25 дней подряд | во время эпизода: осадков 5 мм при норме 19 мм | соседние поля региона в эти дни чуть ниже нормы (медианный Z -0.7) | пик на уровне нормы (119%), но спад начался на 16 дней раньше обычного","AOI-0001, сезон 2024: умеренная аномалия с 2024-08-07 по 2024-09-03 (28 дней, 8 наблюдений), фаза — созревание и уборка. NDVI в худший день 2024-08-15: 0.17 при норме 0.27 (Z = -1.3). Вероятная причина — погодный стресс: дефицит осадков и/или жара (уверенность 75%). Аргументы: температура выше нормы на 1.2 °C (26.7 против 25.6 °C), жарких дней 26; сухая серия 25 дней подряд; во время эпизода: осадков 5 мм при норме 19 мм; соседние поля региона в эти дни чуть ниже нормы (медианный Z -0.7); пик на уровне нормы (119%), но спад начался на 16 дней раньше обычного. Норма: история полигона."
AOI-0001,2025,2025-04-22,2025-06-04,44,7,-2.0732312007920495,-1.5302977788844565,6,-0.28353472739843194,-0.23434628863740786,2025-05-17,0.37722052834562564,0.6607552557440576,весна (всходы и рост),пик вегетации,112,155,критическая,crop_rotation,0.7,история полигона,ERA5 полигона,0,0.06013558797629381,0.24675324675324675,"{""available"": true, ""before"": {""precip_mm"": 23.991229557907445, ""temp_c"": 10.872409287710061, ""dry_days"": 15, ""hot_days"": 0, ""max_dry_spell"": 9, ""n_days"": 30}, ""during"": {""precip_mm"": 64.0721321679969, ""temp_c"": 16.73974829876064, ""dry_days"": 30, ""hot_days"": 0, ""max_dry_spell"": 8, ""n_days"": 44, ""precip_deficit_pct"": 25.570362315354622, ""temp_anomaly_c"": -0.2911840562467205, ""precip_norm_mm"": 86.08416507341778, ""temp_norm_c"": 17.030932355007362, ""norm_years"": 15}, ""combined"": {""precip_mm"": 88.06336172590434, ""temp_c"": 14.844146464421224, ""dry_days"": 45, ""hot_days"": 0, ""max_dry_spell"": 9, ""n_days"": 74, ""precip_deficit_pct"": 29.41327604318158, ""temp_anomaly_c"": -0.054354358466596864, ""precip_norm_mm"": 124.75910028035483, ""temp_norm_c"": 14.89850082288782, ""norm_years"": 15}, ""source"": ""ERA5 полигона""}","другие поля региона в эти дни в норме (медианный Z 0.1, ниже нормы 25% из 77) — причина локальная, на самом поле | пик достигнут (87% нормы), но на 38 дней позже обычного: на поле яровая культура вместо привычной озимой, весеннее отставание — смена фазы, а не угнетение","AOI-0001, сезон 2025: критическая аномалия с 2025-04-22 по 2025-06-04 (44 дней, 7 наблюдений), фаза — весна (всходы и рост). NDVI в худший день 2025-05-17: 0.38 при норме 0.66 (Z = -2.1). Вероятная причина — смена культуры: яровая вместо озимой, весеннее отставание — не угнетение (уверенность 70%). Аргументы: другие поля региона в эти дни в норме (медианный Z 0.1, ниже нормы 25% из 77) — причина локальная, на самом поле; пик достигнут (87% нормы), но на 38 дней позже обычного: на поле яровая культура вместо привычной озимой, весеннее отставание — смена фазы, а не угнетение. Норма: история полигона."
AOI-0002,2010,2010-04-07,2010-06-04,59,9,-2.0766718653898146,-1.4985173541908017,7,-0.32051871545368915,-0.21027237911158594,2010-05-03,0.26027936302943916,0.5788855402148917,весна (всходы и рост),пик вегетации,97,155,критическая,crop_rotation,0.7,история полигона,ERA5 полигона,0,-0.490861233661991,0.24561403508771928,"{""available"": true, ""before"": {""precip_mm"": 6.1613132199340725, ""temp_c"": 10.049806849161797, ""dry_days"": 4, ""hot_days"": 0, ""max_dry_spell"": 4, ""n_days"": 6}, ""during"": {""precip_mm"": 134.95920573940978, ""temp_c"": 15.145030378352473, ""dry_days"": 38, ""hot_days"": 0, ""max_dry_spell"": 15, ""n_days"": 59, ""precip_deficit_pct"": -22.133762598300933, ""temp_anomaly_c"": -0.37647075437556765, ""precip_norm_mm"": 110.50114470254375, ""temp_norm_c"": 15.52150113272804, ""norm_years"": 15}, ""combined"": {""precip_mm"": 141.12051895934385, ""temp_c"": 14.674702052581027, ""dry_days"": 42, ""hot_days"": 0, ""max_dry_spell"": 15, ""n_days"": 65}, ""source"": ""ERA5 полигона""}","соседние поля региона в эти дни чуть ниже нормы (медианный Z -0.5) | пик достигнут (100% нормы), но на 45 дней позже обычного: на поле яровая культура вместо привычной озимой, весеннее отставание — смена фазы, а не угнетение","AOI-0002, сезон 2010: критическая аномалия с 2010-04-07 по 2010-06-04 (59 дней, 9 наблюдений), фаза — весна (всходы и рост). NDVI в худший день 2010-05-03: 0.26 при норме 0.58 (Z = -2.1). Вероятная причина — смена культуры: яровая вместо озимой, весеннее отставание — не угнетение (уверенность 70%). Аргументы: соседние поля региона в эти дни чуть ниже нормы (медианный Z -0.5); пик достигнут (100% нормы), но на 45 дней позже обычного: на поле яровая культура вместо привычной озимой, весеннее отставание — смена фазы, а не угнетение. Норма: история полигона."
AOI-0002,2011,2011-04-01,2011-05-03,33,6,-1.9037858848771778,-1.5613878053103583,0,-0.26868830488200734,-0.2335194222735386,2011-04-01,0.1459820842463164,0.36529580986267296,весна (всходы и рост),весна (всходы и рост),91,123,умеренная,late_start,0.6,история полигона,ERA5 полигона,0,-0.5578980113770734,0.2631578947368421,"{""available"": true, ""during"": {""precip_mm"": 46.904895002395364, ""temp_c"": 9.20317973897917, ""dry_days"": 18, ""hot_days"": 0, ""max_dry_spell"": 8, ""n_days"": 33, ""precip_deficit_pct"": 6.998312824534048, ""temp_anomaly_c"": -2.7543446980742896, ""precip_norm_mm"": 50.43445600497555, ""temp_norm_c"": 11.95752443705346, ""norm_years"": 15}, ""combined"": {""precip_mm"": 46.904895002395364, ""temp_c"": 9.20317973897917, ""dry_days"": 18, ""hot_days"": 0, ""max_dry_spell"": 8, ""n_days"": 63}, ""source"": ""ERA5 полигона""}","соседние поля региона в эти дни чуть ниже нормы (медианный Z -0.6) | рост начался на 22 дней позже нормы, но пик достигнут (87% нормы)","AOI-0002, сезон 2011: умеренная аномалия с 2011-04-01 по 2011-05-03 (33 дней, 6 наблюдений), фаза — весна (всходы и рост). NDVI в худший день 2011-04-01: 0.15 при норме 0.37 (Z = -1.9). Вероятная причина — запаздывание всходов и роста (уверенность 60%). Аргументы: соседние поля региона в эти дни чуть ниже нормы (медианный Z -0.6); рост начался на 22 дней позже нормы, но пик достигнут (87% нормы). Норма: история полигона."
AOI-0002,2011,2011-05-17,2011-06-03,18,3,-1.3985186184901233,-1.2298799652773378,0,-0.14016714749845005,-0.12740828423141376,2011-05-27,0.5506765903314056,0.6841860938105396,пик вегетации,пик вегетации,137,154,умеренная,late_start,0.6,история полигона,ERA5 полигона,0,0.165489463345837,0.22807017543859648,"{""available"": true, ""before"": {""precip_mm"": 58.34555252429041, ""temp_c"": 12.512341986762173, ""dry_days"": 18, ""hot_days"": 0, ""max_dry_spell"": 8, ""n_days"": 30, ""precip_deficit_pct"": -15.770774488280148, ""temp_anomaly_c"": -2.329649769111919, ""precip_norm_mm"": 50.39747965942555, ""temp_norm_c"": 14.841991755874092, ""norm_years"": 15}, ""during"": {""precip_mm"": 7.849832820507885, ""temp_c"": 20.026442499514, ""dry_days"": 15, ""hot_days"": 0, ""max_dry_spell"": 8, ""n_days"": 18, ""precip_deficit_pct"": 82.31597785932962, ""temp_anomaly_c"": 0.7840328145910149, ""precip_norm_mm"": 44.389408461859745, ""temp_norm_c"": 19.242409684922986, ""norm_years"": 15}, ""combined"": {""precip_mm"": 66.1953853447983, ""temp_c"": 15.330129679044108, ""dry_days"": 33, ""hot_days"": 0, ""max_dry_spell"": 8, ""n_days"": 48, ""precip_deficit_pct"": 30.16398506500447, ""temp_anomaly_c"": -1.1620188002233203, ""precip_norm_mm"": 94.78688812128529, ""temp_norm_c"": 16.492148479267428, ""norm_years"": 15}, ""source"": ""ERA5 полигона""}","другие поля региона в эти дни в норме (медианный Z 0.2, ниже нормы 23% из 57) — причина локальная, на самом поле | рост начался на 22 дней позже нормы, но пик достигнут (87% нормы)","AOI-0002, сезон 2011: умеренная аномалия с 2011-05-17 по 2011-06-03 (18 дней, 3 наблюдений), фаза — пик вегетации. NDVI в худший день 2011-05-27: 0.55 при норме 0.68 (Z = -1.4). Вероятная причина — запаздывание всходов и роста (уверенность 60%). Аргументы: другие поля региона в эти дни в норме (медианный Z 0.2, ниже нормы 23% из 57) — причина локальная, на самом поле; рост начался на 22 дней позже нормы, но пик достигнут (87% нормы). Норма: история полигона."
AOI-0002,2014,2014-06-19,2014-10-17,121,21,-1.7345819503541737,-1.3723779479979734,0,-0.20615366623358838,-0.14292480458487547,2014-09-08,0.13827839279437176,0.2665945227012653,пик вегетации,осень (озимые всходы),170,290,умеренная,early_decline,0.6,история полигона,ERA5 полигона,1,-0.6694857420767437,0.17543859649122806,"{""available"": true, ""before"": {""precip_mm"": 64.00877336813338, ""temp_c"": 22.245078765021457, ""dry_days"": 18, ""hot_days"": 0, ""max_dry_spell"": 7, ""n_days"": 30, ""precip_deficit_pct"": -26.040622435181437, ""temp_anomaly_c"": 1.213826979177977, ""precip_norm_mm"": 50.784240930776896, ""temp_norm_c"": 21.03125178584348, ""norm_years"": 15}, ""during"": {""precip_mm"": 110.11531942114061, ""temp_c"": 21.740379256781818, ""dry_days"": 100, ""hot_days"": 24, ""max_dry_spell"": 29, ""n_days"": 121, ""precip_deficit_pct"": 6.181742657326772, ""temp_anomaly_c"": -0.2943180541361663, ""precip_norm_mm"": 117.3708855185212, ""temp_norm_c"": 22.034697310917984, ""norm_years"": 15}, ""combined"": {""precip_mm"": 174.124092789274, ""temp_c"": 21.84065068225989, ""dry_days"": 118, ""hot_days"": 24, ""max_dry_spell"": 29, ""n_days"": 151, ""precip_deficit_pct"": -3.5496784820150173, ""temp_anomaly_c"": 0.0053134094361766415, ""precip_norm_mm"": 168.1551264492981, ""temp_norm_c"": 21.835337272823715, ""norm_years"": 15}, ""source"": ""ERA5 полигона""}","сухая серия 29 дней подряд | соседние поля региона в эти дни чуть ниже нормы (медианный Z -0.7) | пик на уровне нормы (116%), но спад начался на 16 дней раньше обычного","AOI-0002, сезон 2014: умеренная аномалия с 2014-06-19 по 2014-10-17 (121 дней, 21 наблюдений), фаза — пик вегетации. NDVI в худший день 2014-09-08: 0.14 при норме 0.27 (Z = -1.7). Вероятная причина — ранний спад вегетации (уборка, полегание, болезнь) (уверенность 60%). Аргументы: сухая серия 29 дней подряд; соседние поля региона в эти дни чуть ниже нормы (медианный Z -0.7); пик на уровне нормы (116%), но спад начался на 16 дней раньше обычного. Норма: история полигона."
AOI-0002,2019,2019-06-10,2019-07-28,49,15,-2.3114877595811287,-1.6630399049171352,14,-0.2694242712995801,-0.21536810688219934,2019-06-21,0.28787263615796554,0.5463918830190484,пик вегетации,созревание и уборка,161,209,критическая,early_decline,0.6,история полигона,ERA5 полигона,0,-0.38157005480424455,0.15789473684210525,"{""available"": true, ""before"": {""precip_mm"": 27.269634840926926, ""temp_c"": 21.67947885725236, ""dry_days"": 26, ""hot_days"": 1, ""max_dry_spell"": 14, ""n_days"": 30, ""precip_deficit_pct"": 55.465905604558884, ""temp_anomaly_c"": 2.605106445595073, ""precip_norm_mm"": 61.23316351464526, ""temp_norm_c"": 19.074372411657286, ""norm_years"": 15}, ""during"": {""precip_mm"": 72.37910090318778, ""temp_c"": 24.32982234046575, ""dry_days"": 33, ""hot_days"": 11, ""max_dry_spell"": 14, ""n_days"": 49, ""precip_deficit_pct"": -16.927472890456087, ""temp_anomaly_c"": -0.4329558024330744, ""precip_norm_mm"": 61.9008511122073, ""temp_norm_c"": 24.762778142898824, ""norm_years"": 15}, ""combined"": {""precip_mm"": 99.6487357441147, ""temp_c"": 23.323362789878384, ""dry_days"": 59, ""hot_days"": 12, ""max_dry_spell"": 28, ""n_days"": 79, ""precip_deficit_pct"": 19.072941748799522, ""temp_anomaly_c"": 0.7207387221345769, ""precip_norm_mm"": 123.13401462685258, ""temp_norm_c"": 22.602624067743808, ""norm_years"": 15}, ""source"": ""ERA5 полигона""}","сухая серия 28 дней подряд | соседние поля региона в эти дни чуть ниже нормы (медианный Z -0.4) | пик на уровне нормы (128%), но спад начался на 24 дней раньше обычного","AOI-0002, сезон 2019: критическая аномалия с 2019-06-10 по 2019-07-28 (49 дней, 15 наблюдений), фаза — пик вегетации. NDVI в худший день 2019-06-21: 0.29 при норме 0.55 (Z = -2.3). Вероятная причина — ранний спад вегетации (уборка, полегание, болезнь) (уверенность 60%). Аргументы: сухая серия 28 дней подряд; соседние поля региона в эти дни чуть ниже нормы (медианный Z -0.4); пик на уровне нормы (128%), но спад начался на 24 дней раньше обычного. Норма: история полигона."
AOI-0002,2020,2020-04-05,2020-06-03,60,15,-2.2498551476140256,-1.5176644257408751,11,-0.23675159082418173,-0.1994958543081762,2020-05-25,0.4838961289140945,0.6884719391312869,весна (всходы и рост),пик вегетации,96,155,критическая,weak_season,0.45,история полигона,ERA5 полигона,1,-0.14724750203208864,0.21052631578947367,"{""available"": true, ""before"": {""precip_mm"": 0.112356037845984, ""temp_c"": 5.444304402669289, ""dry_days"": 4, ""hot_days"": 0, ""max_dry_spell"": 4, ""n_days"": 30}, ""during"": {""precip_mm"": 130.36417048052584, ""temp_c"": 13.472981198628768, ""dry_days"": 38, ""hot_days"": 0, ""max_dry_spell"": 12, ""n_days"": 60, ""precip_deficit_pct"": -15.61831606563835, ""temp_anomaly_c"": -1.8370213935993327, ""precip_norm_mm"": 112.75390865104455, ""temp_norm_c"": 15.3100025922281, ""norm_years"": 15}, ""combined"": {""precip_mm"": 130.47652651837183, ""temp_c"": 12.9711888988813, ""dry_days"": 42, ""hot_days"": 0, ""max_dry_spell"": 12, ""n_days"": 90}, ""source"": ""ERA5 полигона""}","другие поля региона в эти дни в норме (медианный Z -0.1, ниже нормы 21% из 57) — причина локальная, на самом поле | погодного сигнала нет; вероятны агротехнические причины","AOI-0002, сезон 2020: критическая аномалия с 2020-04-05 по 2020-06-03 (60 дней, 15 наблюдений), фаза — весна (всходы и рост). NDVI в худший день 2020-05-25: 0.48 при норме 0.69 (Z = -2.2). Вероятная причина — ослабленный сезон без явной погодной причины (уверенность 45%). Аргументы: другие поля региона в эти дни в норме (медианный Z -0.1, ниже нормы 21% из 57) — причина локальная, на самом поле; погодного сигнала нет; вероятны агротехнические причины. Норма: история полигона."
AOI-0002,2021,2021-04-07,2021-04-24,18,3,-1.404352658832979,-1.2704215733109026,0,-0.22379801023462015,-0.198782803647005,2021-04-15,0.22833862460171025,0.4491529984179112,весна (всходы и рост),весна (всходы и рост),97,114,умеренная,weather_drought,0.5,история полигона,ERA5 полигона,2,-0.8563870753054404,0.3684210526315789,"{""available"": true, ""before"": {""precip_mm"": 37.60661055840586, ""temp_c"": 7.3199373245239485, ""dry_days"": 3, ""hot_days"": 0, ""max_dry_spell"": 2, ""n_days"": 30}, ""during"": {""precip_mm"": 54.95187090671294, ""temp_c"": 10.676044082641624, ""dry_days"": 6, ""hot_days"": 0, ""max_dry_spell"": 2, ""n_days"": 18, ""precip_deficit_pct"": -71.89441571129227, ""temp_anomaly_c"": -0.4884272445867097, ""precip_norm_mm"": 31.968386337231657, ""temp_norm_c"": 11.164471327228334, ""norm_years"": 15}, ""combined"": {""precip_mm"": 92.5584814651188, ""temp_c"": 9.837017393112205, ""dry_days"": 9, ""hot_days"": 0, ""max_dry_spell"": 2, ""n_days"": 48}, ""source"": ""ERA5 полигона""}","соседние поля региона в эти дни тоже ниже нормы (медианный Z -0.9, ниже нормы 37% из 57 полей) — явление региональное | явного дефицита осадков в ERA5 нет, но угнетены все поля региона — вероятен региональный погодный фактор (заморозки, суховей, град)","AOI-0002, сезон 2021: умеренная аномалия с 2021-04-07 по 2021-04-24 (18 дней, 3 наблюдений), фаза — весна (всходы и рост). NDVI в худший день 2021-04-15: 0.23 при норме 0.45 (Z = -1.4). Вероятная причина — погодный стресс: дефицит осадков и/или жара (уверенность 50%). Аргументы: соседние поля региона в эти дни тоже ниже нормы (медианный Z -0.9, ниже нормы 37% из 57 полей) — явление региональное; явного дефицита осадков в ERA5 нет, но угнетены все поля региона — вероятен региональный погодный фактор (заморозки, суховей, град). Норма: история полигона."
AOI-0002,2023,2023-05-01,2023-05-27,27,7,-1.6145302893302953,-1.373434137137422,0,-0.22870434787449273,-0.18668174862900103,2023-05-13,0.42073741058359865,0.6436272818995346,весна (всходы и рост),пик вегетации,121,147,умеренная,crop_rotation,0.7,история полигона,ERA5 полигона,1,0.4677571953143957,0.19298245614035087,"{""available"": true, ""before"": {""precip_mm"": 102.70867686648799, ""temp_c"": 11.375995890299501, ""dry_days"": 13, ""hot_days"": 0, ""max_dry_spell"": 4, ""n_days"": 30, ""precip_deficit_pct"": -132.63485778749043, ""temp_anomaly_c"": -0.024446182250978055, ""precip_norm_mm"": 44.150166421023336, ""temp_norm_c"": 11.40044207255048, ""norm_years"": 15}, ""during"": {""precip_mm"": 54.608658338686666, ""temp_c"": 15.097539426073636, ""dry_days"": 18, ""hot_days"": 0, ""max_dry_spell"": 11, ""n_days"": 27, ""precip_deficit_pct"": -0.026739427591504494, ""temp_anomaly_c"": -2.0809949105659147, ""precip_norm_mm"": 54.594060199490364, ""temp_norm_c"": 17.17853433663955, ""norm_years"": 15}, ""combined"": {""precip_mm"": 157.31733520517466, ""temp_c"": 13.138832301981987, ""dry_days"": 31, ""hot_days"": 0, ""max_dry_spell"": 11, ""n_days"": 57, ""precip_deficit_pct"": -59.31800834266967, ""temp_anomaly_c"": -0.9986008430317383, ""precip_norm_mm"": 98.7442266205137, ""temp_norm_c"": 14.137433145013725, ""norm_years"": 15}, ""source"": ""ERA5 полигона""}","другие поля региона в эти дни в норме (медианный Z 0.5, ниже нормы 19% из 57) — причина локальная, на самом поле | пик достигнут (111% нормы), но на 26 дней позже обычного: на поле яровая культура вместо привычной озимой, весеннее отставание — смена фазы, а не угнетение","AOI-0002, сезон 2023: умеренная аномалия с 2023-05-01 по 2023-05-27 (27 дней, 7 наблюдений), фаза — весна (всходы и рост). NDVI в худший день 2023-05-13: 0.42 при норме 0.64 (Z = -1.6). Вероятная причина — смена культуры: яровая вместо озимой, весеннее отставание — не угнетение (уверенность 70%). Аргументы: другие поля региона в эти дни в норме (медианный Z 0.5, ниже нормы 19% из 57) — причина локальная, на самом поле; пик достигнут (111% нормы), но на 26 дней позже обычного: на поле яровая культура вместо привычной озимой, весеннее отставание — смена фазы, а не угнетение. Норма: история полигона."
AOI-0002,2025,2025-06-01,2025-06-27,27,5,-2.930148867345008,-1.9835484781673887,13,-0.25061011369103153,-0.1926106395819947,2025-06-10,0.3974192375479328,0.6396558031589044,пик вегетации,созревание и уборка,152,178,критическая,early_decline,0.6,история полигона,ERA5 полигона,0,-0.20610250191290233,0.2597402597402597,"{""available"": true, ""before"": {""precip_mm"": 41.84365907685539, ""temp_c"": 17.293973170386447, ""dry_days"": 21, ""hot_days"": 0, ""max_dry_spell"": 8, ""n_days"": 30, ""precip_deficit_pct"": 34.47382207616839, ""temp_anomaly_c"": -0.2909059489214805, ""precip_norm_mm"": 63.85792732409167, ""temp_norm_c"": 17.584879119307928, ""norm_years"": 15}, ""during"": {""precip_mm"": 59.335826665558145, ""temp_c"": 21.426663817888446, ""dry_days"": 18, ""hot_days"": 3, ""max_dry_spell"": 8, ""n_days"": 27, ""precip_deficit_pct"": -51.0525602192961, ""temp_anomaly_c"": -1.533175143489128, ""precip_norm_mm"": 39.28157628008104, ""temp_norm_c"": 22.959838961377574, ""norm_years"": 15}, ""combined"": {""precip_mm"": 101.17948574241353, ""temp_c"": 19.251563477097925, ""dry_days"": 39, ""hot_days"": 3, ""max_dry_spell"": 8, ""n_days"": 57, ""precip_deficit_pct"": 1.9003561130963909, ""temp_anomaly_c"": -0.8793492516114192, ""precip_norm_mm"": 103.1395036041727, ""temp_norm_c"": 20.130912728709344, ""norm_years"": 15}, ""source"": ""ERA5 полигона""}","другие поля региона в эти дни в норме (медианный Z -0.2, ниже нормы 26% из 77) — причина локальная, на самом поле | пик на уровне нормы (118%), но спад начался на 27 дней раньше обычного","AOI-0002, сезон 2025: критическая аномалия с 2025-06-01 по 2025-06-27 (27 дней, 5 наблюдений), фаза — пик вегетации. NDVI в худший день 2025-06-10: 0.40 при норме 0.64 (Z = -2.9). Вероятная причина — ранний спад вегетации (уборка, полегание, болезнь) (уверенность 60%). Аргументы: другие поля региона в эти дни в норме (медианный Z -0.2, ниже нормы 26% из 77) — причина локальная, на самом поле; пик на уровне нормы (118%), но спад начался на 27 дней раньше обычного. Норма: история полигона."
AOI-0003,2012,2012-04-17,2012-06-01,46,7,-1.926273161112895,-1.6656761090300543,0,-0.3835827547169277,-0.31293086974277756,2012-05-09,0.26425696172955876,0.6415533690874995,весна (всходы и рост),пик вегетации,108,153,умеренная,crop_rotation,0.7,история полигона,ERA5 полигона,0,-0.296694984132594,0.25,"{""available"": true, ""before"": {""precip_mm"": 52.640951922985124, ""temp_c"": 12.267448759078999, ""dry_days"": 8, ""hot_days"": 0, ""max_dry_spell"": 4, ""n_days"": 30}, ""during"": {""precip_mm"": 88.54016099091311, ""temp_c"": 19.18051225413449, ""dry_days"": 33, ""hot_days"": 0, ""max_dry_spell"": 14, ""n_days"": 46, ""precip_deficit_pct"": 0.6880793003128494, ""temp_anomaly_c"": 3.1563023041987748, ""precip_norm_mm"": 89.15360851659777, ""temp_norm_c"": 16.024209949935717, ""norm_years"": 15}, ""combined"": {""precip_mm"": 141.18111291389823, ""temp_c"": 17.396495868313718, ""dry_days"": 41, ""hot_days"": 0, ""max_dry_spell"": 14, ""n_days"": 76, ""precip_deficit_pct"": -23.0699399709426, ""temp_anomaly_c"": 2.982227049182656, ""precip_norm_mm"": 114.71616297792278, ""temp_norm_c"": 14.414268819131062, ""norm_years"": 15}, ""source"": ""ERA5 полигона""}","другие поля региона в эти дни в норме (медианный Z -0.3, ниже нормы 25% из 56) — причина локальная, на самом поле | пик достигнут (107% нормы), но на 33 дней позже обычного: на поле яровая культура вместо привычной озимой, весеннее отставание — смена фазы, а не угнетение","AOI-0003, сезон 2012: умеренная аномалия с 2012-04-17 по 2012-06-01 (46 дней, 7 наблюдений), фаза — весна (всходы и рост). NDVI в худший день 2012-05-09: 0.26 при норме 0.64 (Z = -1.9). Вероятная причина — смена культуры: яровая вместо озимой, весеннее отставание — не угнетение (уверенность 70%). Аргументы: другие поля региона в эти дни в норме (медианный Z -0.3, ниже нормы 25% из 56) — причина локальная, на самом поле; пик достигнут (107% нормы), но на 33 дней позже обычного: на поле яровая культура вместо привычной озимой, весеннее отставание — смена фазы, а не угнетение. Норма: история полигона."
AOI-0003,2015,2015-04-05,2015-06-02,59,13,-1.7520630172966403,-1.3814981860716233,0,-0.3263251446741723,-0.26520692003615626,2015-05-19,0.338077512050779,0.6549043598390182,весна (всходы и рост),пик вегетации,95,153,умеренная,crop_rotation,0.7,история полигона,ERA5 полигона,0,-0.549652223316396,0.3157894736842105,"{""available"": true, ""before"": {""precip_mm"": 23.642336375417017, ""temp_c"": 6.231916364034049, ""dry_days"": 0, ""hot_days"": 0, ""max_dry_spell"": 0, ""n_days"": 30}, ""during"": {""precip_mm"": 113.8816221253478, ""temp_c"": 13.969142564676599, ""dry_days"": 38, ""hot_days"": 0, ""max_dry_spell"": 15, ""n_days"": 59, ""precip_deficit_pct"": -0.9800651790610848, ""temp_anomaly_c"": -1.19941953490234, ""precip_norm_mm"": 112.77634048206372, ""temp_norm_c"": 15.168562099578939, ""norm_years"": 15}, ""combined"": {""precip_mm"": 137.52395850076482, ""temp_c"": 13.477890107492943, ""dry_days"": 38, ""hot_days"": 0, ""max_dry_spell"": 15, ""n_days"": 89}, ""source"": ""ERA5 полигона""}","соседние поля региона в эти дни чуть ниже нормы (медианный Z -0.5) | пик достигнут (111% нормы), но на 53 дней позже обычного: на поле яровая культура вместо привычной озимой, весеннее отставание — смена фазы, а не угнетение","AOI-0003, сезон 2015: умеренная аномалия с 2015-04-05 по 2015-06-02 (59 дней, 13 наблюдений), фаза — весна (всходы и рост). NDVI в худший день 2015-05-19: 0.34 при норме 0.65 (Z = -1.8). Вероятная причина — смена культуры: яровая вместо озимой, весеннее отставание — не угнетение (уверенность 70%). Аргументы: соседние поля региона в эти дни чуть ниже нормы (медианный Z -0.5); пик достигнут (111% нормы), но на 53 дней позже обычного: на поле яровая культура вместо привычной озимой, весеннее отставание — смена фазы, а не угнетение. Норма: история полигона."
AOI-0003,2015,2015-09-29,2015-10-25,27,4,-1.585816315495854,-1.40769693377984,0,-0.09335560086625339,-0.08420235958667749,2015-10-07,0.14346080529808952,0.23190815680074225,осень (озимые всходы),осень (озимые всходы),272,298,умеренная,weak_season,0.4,история полигона,ERA5 полигона,0,-0.5631322722204397,0.24561403508771928,"{""available"": true, ""before"": {""precip_mm"": 4.718375939852137, ""temp_c"": 22.34199807908802, ""dry_days"": 28, ""hot_days"": 4, ""max_dry_spell"": 15, ""n_days"": 30, ""precip_deficit_pct"": 82.63882376199477, ""temp_anomaly_c"": 3.0389860280354846, ""precip_norm_mm"": 27.177743461431923, ""temp_norm_c"": 19.303012051052537, ""norm_years"": 15}, ""during"": {""precip_mm"": 54.554191711812194, ""temp_c"": 10.458265017285784, ""dry_days"": 21, ""hot_days"": 0, ""max_dry_spell"": 15, ""n_days"": 27, ""precip_deficit_pct"": -60.40870001249144, ""temp_anomaly_c"": -1.849853120026765, ""precip_norm_mm"": 34.00949680881643, ""temp_norm_c"": 12.30811813731255, ""norm_years"": 15}, ""combined"": {""precip_mm"": 59.27256765166433, ""temp_c"": 16.712861365602752, ""dry_days"": 49, ""hot_days"": 4, ""max_dry_spell"": 30, ""n_days"": 57, ""precip_deficit_pct"": 3.129202445031687, ""temp_anomaly_c"": 0.7232201157954723, ""precip_norm_mm"": 61.18724027024836, ""temp_norm_c"": 15.98964124980728, ""norm_years"": 15}, ""source"": ""ERA5 полигона""}",сухая серия 30 дней подряд | соседние поля региона в эти дни чуть ниже нормы (медианный Z -0.6) | погодного сигнала нет; вероятны агротехнические причины,"AOI-0003, сезон 2015: умеренная аномалия с 2015-09-29 по 2015-10-25 (27 дней, 4 наблюдений), фаза — осень (озимые всходы). NDVI в худший день 2015-10-07: 0.14 при норме 0.23 (Z = -1.6). Вероятная причина — ослабленный сезон без явной погодной причины (уверенность 40%). Аргументы: сухая серия 30 дней подряд; соседние поля региона в эти дни чуть ниже нормы (медианный Z -0.6); погодного сигнала нет; вероятны агротехнические причины. Норма: история полигона."
AOI-0003,2017,2017-04-01,2017-06-03,64,16,-2.1207961725048663,-1.675692217385266,19,-0.4092331629477895,-0.3103983599204683,2017-05-11,0.24168195437065146,0.6455730170195834,весна (всходы и рост),пик вегетации,91,154,критическая,crop_rotation,0.7,история полигона,ERA5 полигона,2,0.30484270801595753,0.14035087719298245,"{""available"": true, ""during"": {""precip_mm"": 116.1209621423609, ""temp_c"": 13.353082861502987, ""dry_days"": 47, ""hot_days"": 0, ""max_dry_spell"": 15, ""n_days"": 64, ""precip_deficit_pct"": 3.645766998398936, ""temp_anomaly_c"": -1.539807566164665, ""precip_norm_mm"": 120.51464530928432, ""temp_norm_c"": 14.892890427667652, ""norm_years"": 15}, ""combined"": {""precip_mm"": 116.1209621423609, ""temp_c"": 13.353082861502989, ""dry_days"": 47, ""hot_days"": 0, ""max_dry_spell"": 15, ""n_days"": 94}, ""source"": ""ERA5 полигона""}","другие поля региона в эти дни в норме (медианный Z 0.3, ниже нормы 14% из 57) — причина локальная, на самом поле | пик достигнут (122% нормы), но на 38 дней позже обычного: на поле яровая культура вместо привычной озимой, весеннее отставание — смена фазы, а не угнетение","AOI-0003, сезон 2017: критическая аномалия с 2017-04-01 по 2017-06-03 (64 дней, 16 наблюдений), фаза — весна (всходы и рост). NDVI в худший день 2017-05-11: 0.24 при норме 0.65 (Z = -2.1). Вероятная причина — смена культуры: яровая вместо озимой, весеннее отставание — не угнетение (уверенность 70%). Аргументы: другие поля региона в эти дни в норме (медианный Z 0.3, ниже нормы 14% из 57) — причина локальная, на самом поле; пик достигнут (122% нормы), но на 38 дней позже обычного: на поле яровая культура вместо привычной озимой, весеннее отставание — смена фазы, а не угнетение. Норма: история полигона."
AOI-0003,2020,2020-04-01,2020-05-16,46,16,-1.617727951403596,-1.3507354262141487,0,-0.3341173166361949,-0.27151444976334116,2020-04-24,0.22582851614451838,0.5573926787849871,весна (всходы и рост),пик вегетации,92,137,умеренная,late_start,0.6,история полигона,ERA5 полигона,0,-0.12062977391142542,0.14035087719298245,"{""available"": true, ""during"": {""precip_mm"": 50.425504404536525, ""temp_c"": 11.669022040436255, ""dry_days"": 35, ""hot_days"": 0, ""max_dry_spell"": 12, ""n_days"": 46, ""precip_deficit_pct"": 36.958532675008236, ""temp_anomaly_c"": -1.4575222473431175, ""precip_norm_mm"": 79.98783426880382, ""temp_norm_c"": 13.126544287779373, ""norm_years"": 15}, ""combined"": {""precip_mm"": 50.425504404536525, ""temp_c"": 11.669022040436255, ""dry_days"": 35, ""hot_days"": 0, ""max_dry_spell"": 12, ""n_days"": 76}, ""source"": ""ERA5 полигона""}","другие поля региона в эти дни в норме (медианный Z -0.1, ниже нормы 14% из 57) — причина локальная, на самом поле | рост начался на 21 дней позже нормы, но пик достигнут (113% нормы)","AOI-0003, сезон 2020: умеренная аномалия с 2020-04-01 по 2020-05-16 (46 дней, 16 наблюдений), фаза — весна (всходы и рост). NDVI в худший день 2020-04-24: 0.23 при норме 0.56 (Z = -1.6). Вероятная причина — запаздывание всходов и роста (уверенность 60%). Аргументы: другие поля региона в эти дни в норме (медианный Z -0.1, ниже нормы 14% из 57) — причина локальная, на самом поле; рост начался на 21 дней позже нормы, но пик достигнут (113% нормы). Норма: история полигона."
AOI-0003,2020,2020-09-17,2020-10-30,44,19,-2.4679645297174586,-1.3532711954846786,1,-0.19028935078099152,-0.08697453791631439,2020-10-30,0.08619362532619863,0.18491220651489698,осень (озимые всходы),осень (озимые всходы),261,304,умеренная,weather_drought,0.8,история полигона,ERA5 полигона,0,-0.8925806750754973,0.40350877192982454,"{""available"": true, ""before"": {""precip_mm"": 2.4778268979908082, ""temp_c"": 23.936853514777304, ""dry_days"": 29, ""hot_days"": 4, ""max_dry_spell"": 19, ""n_days"": 30, ""precip_deficit_pct"": 89.05826229946517, ""temp_anomaly_c"": 1.6661271695737376, ""precip_norm_mm"": 22.645643368600336, ""temp_norm_c"": 22.270726345203567, ""norm_years"": 15}, ""during"": {""precip_mm"": 26.877936886840814, ""temp_c"": 16.2978535796657, ""dry_days"": 39, ""hot_days"": 0, ""max_dry_spell"": 16, ""n_days"": 44, ""precip_deficit_pct"": 51.665582653027364, ""temp_anomaly_c"": 3.3139001971543447, ""precip_norm_mm"": 55.6082774183359, ""temp_norm_c"": 12.983953382511354, ""norm_years"": 15}, ""combined"": {""precip_mm"": 29.355763784831623, ""temp_c"": 19.394745445251488, ""dry_days"": 68, ""hot_days"": 4, ""max_dry_spell"": 33, ""n_days"": 74, ""precip_deficit_pct"": 62.4865265668167, ""temp_anomaly_c"": 2.645884104891941, ""precip_norm_mm"": 78.25392078693623, ""temp_norm_c"": 16.748861340359547, ""norm_years"": 15}, ""source"": ""ERA5 полигона""}","за 30 дней до и во время эпизода осадков 29 мм при норме 78 мм (дефицит 62 %) | сухая серия 33 дней подряд | за 30 дней до эпизода: осадков 2 мм при норме 23 мм | во время эпизода: осадков 27 мм при норме 56 мм | соседние поля региона в эти дни тоже ниже нормы (медианный Z -0.9, ниже нормы 40% из 57 полей) — явление региональное","AOI-0003, сезон 2020: умеренная аномалия с 2020-09-17 по 2020-10-30 (44 дней, 19 наблюдений), фаза — осень (озимые всходы). NDVI в худший день 2020-10-30: 0.09 при норме 0.18 (Z = -2.5). Вероятная причина — погодный стресс: дефицит осадков и/или жара (уверенность 80%). Аргументы: за 30 дней до и во время эпизода осадков 29 мм при норме 78 мм (дефицит 62 %); сухая серия 33 дней подряд; за 30 дней до эпизода: осадков 2 мм при норме 23 мм; во время эпизода: осадков 27 мм при норме 56 мм; соседние поля региона в эти дни тоже ниже нормы (медианный Z -0.9, ниже нормы 40% из 57 полей) — явление региональное. Норма: история полигона."
AOI-0003,2022,2022-05-17,2022-06-25,40,15,-3.7267533166451217,-2.36514291528114,24,-0.3872452618712285,-0.31458754688601376,2022-06-06,0.253685273222826,0.6390012010475462,пик вегетации,созревание и уборка,137,176,критическая,weather_drought,0.65,история полигона,ERA5 полигона,2,0.7010079457164444,0.17543859649122806,"{""available"": true, ""before"": {""precip_mm"": 33.45483978967323, ""temp_c"": 13.422675175137014, ""dry_days"": 23, ""hot_days"": 0, ""max_dry_spell"": 9, ""n_days"": 30, ""precip_deficit_pct"": 35.72218908439968, ""temp_anomaly_c"": -1.3512059338887532, ""precip_norm_mm"": 52.04726065360401, ""temp_norm_c"": 14.773881109025767, ""norm_years"": 15}, ""during"": {""precip_mm"": 36.66475833869498, ""temp_c"": 20.874770069122338, ""dry_days"": 32, ""hot_days"": 0, ""max_dry_spell"": 22, ""n_days"": 40, ""precip_deficit_pct"": 49.10765131755367, ""temp_anomaly_c"": -0.4880406125386578, ""precip_norm_mm"": 72.0437537034743, ""temp_norm_c"": 21.362810681660996, ""norm_years"": 15}, ""combined"": {""precip_mm"": 70.11959812836821, ""temp_c"": 17.6810151145572, ""dry_days"": 55, ""hot_days"": 0, ""max_dry_spell"": 22, ""n_days"": 70, ""precip_deficit_pct"": 43.493412080108044, ""temp_anomaly_c"": -0.8579686074029809, ""precip_norm_mm"": 124.09101435707832, ""temp_norm_c"": 18.538983721960182, ""norm_years"": 15}, ""source"": ""ERA5 полигона""}","за 30 дней до и во время эпизода осадков 70 мм при норме 124 мм (дефицит 43 %) | сухая серия 22 дней подряд | во время эпизода: осадков 37 мм при норме 72 мм | другие поля региона в эти дни в норме (медианный Z 0.7, ниже нормы 18% из 57) — причина локальная, на самом поле","AOI-0003, сезон 2022: критическая аномалия с 2022-05-17 по 2022-06-25 (40 дней, 15 наблюдений), фаза — пик вегетации. NDVI в худший день 2022-06-06: 0.25 при норме 0.64 (Z = -3.7). Вероятная причина — погодный стресс: дефицит осадков и/или жара (уверенность 65%). Аргументы: за 30 дней до и во время эпизода осадков 70 мм при норме 124 мм (дефицит 43 %); сухая серия 22 дней подряд; во время эпизода: осадков 37 мм при норме 72 мм; другие поля региона в эти дни в норме (медианный Z 0.7, ниже нормы 18% из 57) — причина локальная, на самом поле. Норма: история полигона."
AOI-0003,2024,2024-06-09,2024-07-04,26,13,-1.4791968954525183,-1.278005712173306,0,-0.23431947507320572,-0.21169277155901292,2024-06-17,0.28589514143397204,0.5117506562835582,пик вегетации,созревание и уборка,161,186,умеренная,weather_drought,0.75,история полигона,ERA5 полигона,0,-0.8584629796074178,0.42105263157894735,"{""available"": true, ""before"": {""precip_mm"": 18.335485287920505, ""temp_c"": 19.062622748480926, ""dry_days"": 23, ""hot_days"": 1, ""max_dry_spell"": 8, ""n_days"": 30, ""precip_deficit_pct"": 71.96474277014246, ""temp_anomaly_c"": 0.08337975537335396, ""precip_norm_mm"": 65.401523294722, ""temp_norm_c"": 18.979242993107572, ""norm_years"": 15}, ""during"": {""precip_mm"": 9.987647484081208, ""temp_c"": 25.33954071142737, ""dry_days"": 21, ""hot_days"": 7, ""max_dry_spell"": 9, ""n_days"": 26, ""precip_deficit_pct"": 74.87858772669063, ""temp_anomaly_c"": 1.7205610585008912, ""precip_norm_mm"": 39.75750795942604, ""temp_norm_c"": 23.61897965292648, ""norm_years"": 15}, ""combined"": {""precip_mm"": 28.323132772001713, ""temp_c"": 21.976906088420346, ""dry_days"": 44, ""hot_days"": 8, ""max_dry_spell"": 9, ""n_days"": 56, ""precip_deficit_pct"": 73.06638104762449, ""temp_anomaly_c"": 0.843499646111141, ""precip_norm_mm"": 105.15903125414803, ""temp_norm_c"": 21.133406442309205, ""norm_years"": 15}, ""source"": ""ERA5 полигона""}","за 30 дней до и во время эпизода осадков 28 мм при норме 105 мм (дефицит 73 %) | за 30 дней до эпизода: осадков 18 мм при норме 65 мм | во время эпизода: осадков 10 мм при норме 40 мм | соседние поля региона в эти дни тоже ниже нормы (медианный Z -0.9, ниже нормы 42% из 57 полей) — явление региональное | пик на уровне нормы (109%), но спад начался на 20 дней раньше обычного","AOI-0003, сезон 2024: умеренная аномалия с 2024-06-09 по 2024-07-04 (26 дней, 13 наблюдений), фаза — пик вегетации. NDVI в худший день 2024-06-17: 0.29 при норме 0.51 (Z = -1.5). Вероятная причина — погодный стресс: дефицит осадков и/или жара (уверенность 75%). Аргументы: за 30 дней до и во время эпизода осадков 28 мм при норме 105 мм (дефицит 73 %); за 30 дней до эпизода: осадков 18 мм при норме 65 мм; во время эпизода: осадков 10 мм при норме 40 мм; соседние поля региона в эти дни тоже ниже нормы (медианный Z -0.9, ниже нормы 42% из 57 полей) — явление региональное; пик на уровне нормы (109%), но спад начался на 20 дней раньше обычного. Норма: история полигона."
AOI-0004,2010,2010-04-06,2010-06-09,65,10,-5.230537594962525,-3.304586370062977,56,-0.29310218078404415,-0.2404432677601403,2010-05-29,0.4263194449047962,0.7141234796210262,весна (всходы и рост),пик вегетации,96,160,критическая,late_start,0.6,история полигона,ERA5 полигона,2,-0.4631714891678479,0.24561403508771928,"{""available"": true, ""before"": {""precip_mm"": 6.246345206272963, ""temp_c"": 10.050139592488627, ""dry_days"": 3, ""hot_days"": 0, ""max_dry_spell"": 3, ""n_days"": 5}, ""during"": {""precip_mm"": 134.45499264651062, ""temp_c"": 15.606233747433416, ""dry_days"": 43, ""hot_days"": 0, ""max_dry_spell"": 15, ""n_days"": 65, ""precip_deficit_pct"": -15.93260110697592, ""temp_anomaly_c"": -0.3171676369691543, ""precip_norm_mm"": 115.97686186859839, ""temp_norm_c"": 15.92340138440257, ""norm_years"": 15}, ""combined"": {""precip_mm"": 140.70133785278358, ""temp_c"": 15.209369879223072, ""dry_days"": 46, ""hot_days"": 0, ""max_dry_spell"": 15, ""n_days"": 70}, ""source"": ""ERA5 полигона""}","соседние поля региона в эти дни чуть ниже нормы (медианный Z -0.5) | рост начался на 20 дней позже нормы, но пик достигнут (74% нормы)","AOI-0004, сезон 2010: критическая аномалия с 2010-04-06 по 2010-06-09 (65 дней, 10 наблюдений), фаза — весна (всходы и рост). NDVI в худший день 2010-05-29: 0.43 при норме 0.71 (Z = -5.2). Вероятная причина — запаздывание всходов и роста (уверенность 60%). Аргументы: соседние поля региона в эти дни чуть ниже нормы (медианный Z -0.5); рост начался на 20 дней позже нормы, но пик достигнут (74% нормы). Норма: история полигона."
AOI-0004,2011,2011-04-13,2011-05-06,24,3,-2.537773195065096,-1.7414397721990307,7,-0.27631691268974096,-0.18660790966696847,2011-04-30,0.27127394475260497,0.5475908574423459,весна (всходы и рост),весна (всходы и рост),103,126,критическая,early_decline,0.6,история полигона,ERA5 полигона,1,-0.5661282212753714,0.2807017543859649,"{""available"": true, ""before"": {""precip_mm"": 30.694041128590044, ""temp_c"": 6.699727111392577, ""dry_days"": 4, ""hot_days"": 0, ""max_dry_spell"": 2, ""n_days"": 30}, ""during"": {""precip_mm"": 25.652001844515837, ""temp_c"": 11.331429195404075, ""dry_days"": 15, ""hot_days"": 0, ""max_dry_spell"": 8, ""n_days"": 24, ""precip_deficit_pct"": 27.259720645687903, ""temp_anomaly_c"": -2.238257616890799, ""precip_norm_mm"": 35.26519566905563, ""temp_norm_c"": 13.569686812294874, ""norm_years"": 15}, ""combined"": {""precip_mm"": 56.34604297310588, ""temp_c"": 9.787528500733579, ""dry_days"": 19, ""hot_days"": 0, ""max_dry_spell"": 8, ""n_days"": 54}, ""source"": ""ERA5 полигона""}","соседние поля региона в эти дни чуть ниже нормы (медианный Z -0.6) | пик на уровне нормы (105%), но спад начался на 37 дней раньше обычного","AOI-0004, сезон 2011: критическая аномалия с 2011-04-13 по 2011-05-06 (24 дней, 3 наблюдений), фаза — весна (всходы и рост). NDVI в худший день 2011-04-30: 0.27 при норме 0.55 (Z = -2.5). Вероятная причина — ранний спад вегетации (уборка, полегание, болезнь) (уверенность 60%). Аргументы: соседние поля региона в эти дни чуть ниже нормы (медианный Z -0.6); пик на уровне нормы (105%), но спад начался на 37 дней раньше обычного. Норма: история полигона."
AOI-0004,2011,2011-07-08,2011-09-05,60,9,-4.6147246814074405,-2.9098715699857802,43,-0.25978664267168916,-0.16857298183153224,2011-08-04,0.2320655715718865,0.4913882478223031,созревание и уборка,лето после уборки,189,248,критическая,early_decline,0.6,история полигона,ERA5 полигона,1,0.008654964344986305,0.017543859649122806,"{""available"": true, ""before"": {""precip_mm"": 108.3881793798291, ""temp_c"": 22.285375701056605, ""dry_days"": 13, ""hot_days"": 0, ""max_dry_spell"": 4, ""n_days"": 30, ""precip_deficit_pct"": -189.20411821189765, ""temp_anomaly_c"": -1.672753854539664, ""precip_norm_mm"": 37.47808988681617, ""temp_norm_c"": 23.95812955559627, ""norm_years"": 15}, ""during"": {""precip_mm"": 68.80341045735321, ""temp_c"": 25.049755475786018, ""dry_days"": 48, ""hot_days"": 19, ""max_dry_spell"": 22, ""n_days"": 60, ""precip_deficit_pct"": -52.53286022941801, ""temp_anomaly_c"": -0.5128695499985341, ""precip_norm_mm"": 45.10727088829843, ""temp_norm_c"": 25.562625025784552, ""norm_years"": 15}, ""combined"": {""precip_mm"": 177.1915898371823, ""temp_c"": 24.12829555087621, ""dry_days"": 61, ""hot_days"": 19, ""max_dry_spell"": 22, ""n_days"": 90, ""precip_deficit_pct"": -114.5556890157406, ""temp_anomaly_c"": -0.8994976515122453, ""precip_norm_mm"": 82.58536077511461, ""temp_norm_c"": 25.027793202388455, ""norm_years"": 15}, ""source"": ""ERA5 полигона""}","сухая серия 22 дней подряд | другие поля региона в эти дни в норме (медианный Z 0.0, ниже нормы 2% из 57) — причина локальная, на самом поле | пик на уровне нормы (105%), но спад начался на 37 дней раньше обычного","AOI-0004, сезон 2011: критическая аномалия с 2011-07-08 по 2011-09-05 (60 дней, 9 наблюдений), фаза — созревание и уборка. NDVI в худший день 2011-08-04: 0.23 при норме 0.49 (Z = -4.6). Вероятная причина — ранний спад вегетации (уборка, полегание, болезнь) (уверенность 60%). Аргументы: сухая серия 22 дней подряд; другие поля региона в эти дни в норме (медианный Z 0.0, ниже нормы 2% из 57) — причина локальная, на самом поле; пик на уровне нормы (105%), но спад начался на 37 дней раньше обычного. Норма: история полигона."
AOI-0004,2011,2011-09-20,2011-10-03,14,2,-1.8158710380255216,-1.4979191838680792,0,-0.08210083856780254,-0.06922673315292661,2011-09-26,0.2769697238603136,0.35907056242811614,осень (озимые всходы),осень (озимые всходы),263,276,умеренная,early_decline,0.6,история полигона,ERA5 полигона,1,0.4188525416244315,0.0,"{""available"": true, ""before"": {""precip_mm"": 74.35131593578603, ""temp_c"": 19.280602162679052, ""dry_days"": 23, ""hot_days"": 0, ""max_dry_spell"": 10, ""n_days"": 30, ""precip_deficit_pct"": -308.84755096753514, ""temp_anomaly_c"": -2.680515630086269, ""precip_norm_mm"": 18.185584274586972, ""temp_norm_c"": 21.96111779276532, ""norm_years"": 15}, ""during"": {""precip_mm"": 8.638103034729738, ""temp_c"": 14.62344519297284, ""dry_days"": 12, ""hot_days"": 0, ""max_dry_spell"": 9, ""n_days"": 14, ""precip_deficit_pct"": 51.27658688275525, ""temp_anomaly_c"": -1.5815436762855182, ""precip_norm_mm"": 17.728854532303778, ""temp_norm_c"": 16.204988869258358, ""norm_years"": 15}, ""combined"": {""precip_mm"": 82.98941897051577, ""temp_c"": 17.798779490499808, ""dry_days"": 35, ""hot_days"": 0, ""max_dry_spell"": 19, ""n_days"": 44, ""precip_deficit_pct"": -131.07536057223027, ""temp_anomaly_c"": -2.3308427356951142, ""precip_norm_mm"": 35.91443880689074, ""temp_norm_c"": 20.129622226194922, ""norm_years"": 15}, ""source"": ""ERA5 полигона""}","сухая серия 19 дней подряд | другие поля региона в эти дни в норме (медианный Z 0.4, ниже нормы 0% из 57) — причина локальная, на самом поле | пик на уровне нормы (105%), но спад начался на 37 дней раньше обычного","AOI-0004, сезон 2011: умеренная аномалия с 2011-09-20 по 2011-10-03 (14 дней, 2 наблюдений), фаза — осень (озимые всходы). NDVI в худший день 2011-09-26: 0.28 при норме 0.36 (Z = -1.8). Вероятная причина — ранний спад вегетации (уборка, полегание, болезнь) (уверенность 60%). Аргументы: сухая серия 19 дней подряд; другие поля региона в эти дни в норме (медианный Z 0.4, ниже нормы 0% из 57) — причина локальная, на самом поле; пик на уровне нормы (105%), но спад начался на 37 дней раньше обычного. Норма: история полигона."
AOI-0004,2012,2012-06-09,2012-07-27,49,7,-1.7779455525143841,-1.511579354610753,0,-0.13187991714647035,-0.11330472544818325,2012-07-07,0.4249563969468532,0.5522764783100598,пик вегетации,созревание и уборка,161,209,умеренная,early_decline,0.6,история полигона,ERA5 полигона,0,-0.2823281351263618,0.24561403508771928,"{""available"": true, ""before"": {""precip_mm"": 82.92537483665541, ""temp_c"": 20.669728529188394, ""dry_days"": 19, ""hot_days"": 0, ""max_dry_spell"": 7, ""n_days"": 30, ""precip_deficit_pct"": -35.15547246007375, ""temp_anomaly_c"": 1.7767419738769554, ""precip_norm_mm"": 61.35554360268495, ""temp_norm_c"": 18.89298655531144, ""norm_years"": 15}, ""during"": {""precip_mm"": 51.49939952705509, ""temp_c"": 25.072542123080943, ""dry_days"": 39, ""hot_days"": 15, ""max_dry_spell"": 14, ""n_days"": 49, ""precip_deficit_pct"": 19.117935786535188, ""temp_anomaly_c"": 0.42147728952421204, ""precip_norm_mm"": 63.67221216206516, ""temp_norm_c"": 24.65106483355673, ""norm_years"": 15}, ""combined"": {""precip_mm"": 134.4247743637105, ""temp_c"": 23.40058759375466, ""dry_days"": 58, ""hot_days"": 15, ""max_dry_spell"": 14, ""n_days"": 79, ""precip_deficit_pct"": -7.515945992537554, ""temp_anomaly_c"": 0.9361347645948754, ""precip_norm_mm"": 125.02775576475013, ""temp_norm_c"": 22.464452829159786, ""norm_years"": 15}, ""source"": ""ERA5 полигона""}","другие поля региона в эти дни в норме (медианный Z -0.3, ниже нормы 25% из 57) — причина локальная, на самом поле | пик на уровне нормы (96%), но спад начался на 31 дней раньше обычного","AOI-0004, сезон 2012: умеренная аномалия с 2012-06-09 по 2012-07-27 (49 дней, 7 наблюдений), фаза — пик вегетации. NDVI в худший день 2012-07-07: 0.42 при норме 0.55 (Z = -1.8). Вероятная причина — ранний спад вегетации (уборка, полегание, болезнь) (уверенность 60%). Аргументы: другие поля региона в эти дни в норме (медианный Z -0.3, ниже нормы 25% из 57) — причина локальная, на самом поле; пик на уровне нормы (96%), но спад начался на 31 дней раньше обычного. Норма: история полигона."
AOI-0004,2013,2013-05-01,2013-05-22,22,2,-2.0557833278612607,-1.5799826546136189,5,-0.1874009585996626,-0.14613880654108263,2013-05-09,0.44623043607025065,0.6316329595860549,весна (всходы и рост),пик вегетации,121,142,критическая,crop_rotation,0.7,история полигона,ERA5 полигона,0,-0.22115059431005243,0.22807017543859648,"{""available"": true, ""before"": {""precip_mm"": 23.11684282409274, ""temp_c"": 11.779278806050637, ""dry_days"": 23, ""hot_days"": 0, ""max_dry_spell"": 9, ""n_days"": 30, ""precip_deficit_pct"": 53.730279088209166, ""temp_anomaly_c"": 0.3889742814523167, ""precip_norm_mm"": 49.961059562392805, ""temp_norm_c"": 11.39030452459832, ""norm_years"": 15}, ""during"": {""precip_mm"": 36.35315027112398, ""temp_c"": 20.048292859395374, ""dry_days"": 18, ""hot_days"": 0, ""max_dry_spell"": 14, ""n_days"": 22, ""precip_deficit_pct"": 19.494495697386192, ""temp_anomaly_c"": 3.6450893854854165, ""precip_norm_mm"": 45.15610527011342, ""temp_norm_c"": 16.403203473909958, ""norm_years"": 15}, ""combined"": {""precip_mm"": 59.46999309521672, ""temp_c"": 15.277707828619564, ""dry_days"": 41, ""hot_days"": 0, ""max_dry_spell"": 21, ""n_days"": 52, ""precip_deficit_pct"": 37.47711761600691, ""temp_anomaly_c"": 1.7665614408509338, ""precip_norm_mm"": 95.11716483250625, ""temp_norm_c"": 13.51114638776863, ""norm_years"": 15}, ""source"": ""ERA5 полигона""}","сухая серия 21 дней подряд | другие поля региона в эти дни в норме (медианный Z -0.2, ниже нормы 23% из 57) — причина локальная, на самом поле | пик достигнут (92% нормы), но на 50 дней позже обычного: на поле яровая культура вместо привычной озимой, весеннее отставание — смена фазы, а не угнетение","AOI-0004, сезон 2013: критическая аномалия с 2013-05-01 по 2013-05-22 (22 дней, 2 наблюдений), фаза — весна (всходы и рост). NDVI в худший день 2013-05-09: 0.45 при норме 0.63 (Z = -2.1). Вероятная причина — смена культуры: яровая вместо озимой, весеннее отставание — не угнетение (уверенность 70%). Аргументы: сухая серия 21 дней подряд; другие поля региона в эти дни в норме (медианный Z -0.2, ниже нормы 23% из 57) — причина локальная, на самом поле; пик достигнут (92% нормы), но на 50 дней позже обычного: на поле яровая культура вместо привычной озимой, весеннее отставание — смена фазы, а не угнетение. Норма: история полигона."
AOI-0004,2014,2014-06-27,2014-08-12,47,5,-1.5094454915182667,-1.2303600303813786,0,-0.12102500274956762,-0.09448289288387716,2014-07-02,0.4589038973419265,0.5799289000914941,созревание и уборка,лето после уборки,178,224,умеренная,early_decline,0.6,история полигона,ERA5 полигона,2,-0.653605856066707,0.19298245614035087,"{""available"": true, ""before"": {""precip_mm"": 64.78504653120112, ""temp_c"": 21.905764634874156, ""dry_days"": 17, ""hot_days"": 0, ""max_dry_spell"": 7, ""n_days"": 30, ""precip_deficit_pct"": -41.62656491416619, ""temp_anomaly_c"": -0.6732815602620477, ""precip_norm_mm"": 45.743569767765365, ""temp_norm_c"": 22.579046195136204, ""norm_years"": 15}, ""during"": {""precip_mm"": 50.97870391952242, ""temp_c"": 25.942111381909548, ""dry_days"": 38, ""hot_days"": 19, ""max_dry_spell"": 23, ""n_days"": 47, ""precip_deficit_pct"": -8.830015517343748, ""temp_anomaly_c"": 0.06742542212735714, ""precip_norm_mm"": 46.84250358431509, ""temp_norm_c"": 25.87468595978219, ""norm_years"": 15}, ""combined"": {""precip_mm"": 115.76375045072353, ""temp_c"": 24.369508753194456, ""dry_days"": 55, ""hot_days"": 19, ""max_dry_spell"": 23, ""n_days"": 77, ""precip_deficit_pct"": -25.03365383096494, ""temp_anomaly_c"": -0.22116171386851136, ""precip_norm_mm"": 92.58607335208045, ""temp_norm_c"": 24.590670467062967, ""norm_years"": 15}, ""source"": ""ERA5 полигона""}","сухая серия 23 дней подряд | соседние поля региона в эти дни чуть ниже нормы (медианный Z -0.7) | пик на уровне нормы (103%), но спад начался на 25 дней раньше обычного","AOI-0004, сезон 2014: умеренная аномалия с 2014-06-27 по 2014-08-12 (47 дней, 5 наблюдений), фаза — созревание и уборка. NDVI в худший день 2014-07-02: 0.46 при норме 0.58 (Z = -1.5). Вероятная причина — ранний спад вегетации (уборка, полегание, болезнь) (уверенность 60%). Аргументы: сухая серия 23 дней подряд; соседние поля региона в эти дни чуть ниже нормы (медианный Z -0.7); пик на уровне нормы (103%), но спад начался на 25 дней раньше обычного. Норма: история полигона."
AOI-0004,2014,2014-08-28,2014-10-24,58,7,-3.0107620210107444,-1.4124184744083115,5,-0.16909275024461767,-0.07040839261651889,2014-10-24,0.14727118817323376,0.31636393841785143,лето после уборки,осень (озимые всходы),240,297,критическая,early_decline,0.6,история полигона,ERA5 полигона,1,-0.6830533827287288,0.15789473684210525,"{""available"": true, ""before"": {""precip_mm"": 3.3784686194678666, ""temp_c"": 27.4616667641534, ""dry_days"": 28, ""hot_days"": 18, ""max_dry_spell"": 14, ""n_days"": 30, ""precip_deficit_pct"": 82.4680600763741, ""temp_anomaly_c"": 1.5837731420728964, ""precip_norm_mm"": 19.27036388548804, ""temp_norm_c"": 25.877893622080503, ""norm_years"": 15}, ""during"": {""precip_mm"": 82.30791620054774, ""temp_c"": 15.349727393840945, ""dry_days"": 46, ""hot_days"": 0, ""max_dry_spell"": 14, ""n_days"": 58, ""precip_deficit_pct"": -38.50460960419746, ""temp_anomaly_c"": -1.2218951901987598, ""precip_norm_mm"": 59.42612049935221, ""temp_norm_c"": 16.571622584039705, ""norm_years"": 15}, ""combined"": {""precip_mm"": 85.6863848200156, ""temp_c"": 19.47879763372019, ""dry_days"": 74, ""hot_days"": 18, ""max_dry_spell"": 20, ""n_days"": 88, ""precip_deficit_pct"": -8.882099994446314, ""temp_anomaly_c"": -0.26541734965160657, ""precip_norm_mm"": 78.69648438484026, ""temp_norm_c"": 19.744214983371798, ""norm_years"": 15}, ""source"": ""ERA5 полигона""}","сухая серия 20 дней подряд | соседние поля региона в эти дни чуть ниже нормы (медианный Z -0.7) | пик на уровне нормы (103%), но спад начался на 25 дней раньше обычного","AOI-0004, сезон 2014: критическая аномалия с 2014-08-28 по 2014-10-24 (58 дней, 7 наблюдений), фаза — лето после уборки. NDVI в худший день 2014-10-24: 0.15 при норме 0.32 (Z = -3.0). Вероятная причина — ранний спад вегетации (уборка, полегание, болезнь) (уверенность 60%). Аргументы: сухая серия 20 дней подряд; соседние поля региона в эти дни чуть ниже нормы (медианный Z -0.7); пик на уровне нормы (103%), но спад начался на 25 дней раньше обычного. Норма: история полигона."
AOI-0004,2015,2015-09-17,2015-10-20,34,5,-2.3529496451358316,-1.7044750359081784,11,-0.10084816646250647,-0.0789380059008159,2015-10-06,0.2415981065800472,0.34222008064524634,лето после уборки,осень (озимые всходы),260,293,критическая,weather_drought,0.65,история полигона,ERA5 полигона,0,-0.48683153169513094,0.21052631578947367,"{""available"": true, ""before"": {""precip_mm"": 7.048733053030531, ""temp_c"": 22.453280843098987, ""dry_days"": 28, ""hot_days"": 4, ""max_dry_spell"": 25, ""n_days"": 30, ""precip_deficit_pct"": 68.15100894362817, ""temp_anomaly_c"": 0.040900423685712894, ""precip_norm_mm"": 22.131731082326812, ""temp_norm_c"": 22.412380419413275, ""norm_years"": 15}, ""during"": {""precip_mm"": 12.19881516111272, ""temp_c"": 14.877666510787687, ""dry_days"": 33, ""hot_days"": 0, ""max_dry_spell"": 27, ""n_days"": 34, ""precip_deficit_pct"": 71.17757071154266, ""temp_anomaly_c"": 0.539405082877165, ""precip_norm_mm"": 42.3240353511702, ""temp_norm_c"": 14.338261427910522, ""norm_years"": 15}, ""combined"": {""precip_mm"": 19.24754821414325, ""temp_c"": 18.428735729058605, ""dry_days"": 61, ""hot_days"": 4, ""max_dry_spell"": 30, ""n_days"": 64, ""precip_deficit_pct"": 70.13836111311758, ""temp_anomaly_c"": 0.3057310238811688, ""precip_norm_mm"": 64.455766433497, ""temp_norm_c"": 18.123004705177436, ""norm_years"": 15}, ""source"": ""ERA5 полигона""}",за 30 дней до и во время эпизода осадков 19 мм при норме 64 мм (дефицит 70 %) | сухая серия 30 дней подряд | за 30 дней до эпизода: осадков 7 мм при норме 22 мм | во время эпизода: осадков 12 мм при норме 42 мм | соседние поля региона в эти дни чуть ниже нормы (медианный Z -0.5),"AOI-0004, сезон 2015: критическая аномалия с 2015-09-17 по 2015-10-20 (34 дней, 5 наблюдений), фаза — лето после уборки. NDVI в худший день 2015-10-06: 0.24 при норме 0.34 (Z = -2.4). Вероятная причина — погодный стресс: дефицит осадков и/или жара (уверенность 65%). Аргументы: за 30 дней до и во время эпизода осадков 19 мм при норме 64 мм (дефицит 70 %); сухая серия 30 дней подряд; за 30 дней до эпизода: осадков 7 мм при норме 22 мм; во время эпизода: осадков 12 мм при норме 42 мм; соседние поля региона в эти дни чуть ниже нормы (медианный Z -0.5). Норма: история полигона."
AOI-0004,2018,2018-06-10,2018-07-16,37,8,-1.9658707962518285,-1.7054918063995763,0,-0.14482068945754367,-0.12802052831256008,2018-06-18,0.5221882842480136,0.664559196767217,пик вегетации,созревание и уборка,161,197,умеренная,weather_drought,0.75,история полигона,ERA5 полигона,0,-0.7312404213275595,0.2982456140350877,"{""available"": true, ""before"": {""precip_mm"": 34.782309230441655, ""temp_c"": 19.222067595587855, ""dry_days"": 23, ""hot_days"": 0, ""max_dry_spell"": 16, ""n_days"": 30, ""precip_deficit_pct"": 43.05706030424501, ""temp_anomaly_c"": -0.03319253963895008, ""precip_norm_mm"": 61.08274250729389, ""temp_norm_c"": 19.255260135226806, ""norm_years"": 15}, ""during"": {""precip_mm"": 27.685498894098256, ""temp_c"": 26.29315264246487, ""dry_days"": 32, ""hot_days"": 14, ""max_dry_spell"": 13, ""n_days"": 37, ""precip_deficit_pct"": 44.92775037836911, ""temp_anomaly_c"": 2.0398426613793355, ""precip_norm_mm"": 50.27123294274172, ""temp_norm_c"": 24.253309981085536, ""norm_years"": 15}, ""combined"": {""precip_mm"": 62.467808124539914, ""temp_c"": 23.126995158788603, ""dry_days"": 55, ""hot_days"": 14, ""max_dry_spell"": 29, ""n_days"": 67, ""precip_deficit_pct"": 43.90159141415732, ""temp_anomaly_c"": 1.1116179445054861, ""precip_norm_mm"": 111.3539754500356, ""temp_norm_c"": 22.015377214283117, ""norm_years"": 15}, ""source"": ""ERA5 полигона""}","за 30 дней до и во время эпизода осадков 62 мм при норме 111 мм (дефицит 44 %) | температура выше нормы на 1.1 °C (23.1 против 22.0 °C), жарких дней 14 | сухая серия 29 дней подряд | за 30 дней до эпизода: осадков 35 мм при норме 61 мм | во время эпизода: осадков 28 мм при норме 50 мм | соседние поля региона в эти дни тоже ниже нормы (медианный Z -0.7, ниже нормы 30% из 57 полей) — явление региональное | пик на уровне нормы (93%), но спад начался на 36 дней раньше обычного","AOI-0004, сезон 2018: умеренная аномалия с 2018-06-10 по 2018-07-16 (37 дней, 8 наблюдений), фаза — пик вегетации. NDVI в худший день 2018-06-18: 0.52 при норме 0.66 (Z = -2.0). Вероятная причина — погодный стресс: дефицит осадков и/или жара (уверенность 75%). Аргументы: за 30 дней до и во время эпизода осадков 62 мм при норме 111 мм (дефицит 44 %); температура выше нормы на 1.1 °C (23.1 против 22.0 °C), жарких дней 14; сухая серия 29 дней подряд; за 30 дней до эпизода: осадков 35 мм при норме 61 мм; во время эпизода: осадков 28 мм при норме 50 мм; соседние поля региона в эти дни тоже ниже нормы (медианный Z -0.7, ниже нормы 30% из 57 полей) — явление региональное; пик на уровне нормы (93%), но спад начался на 36 дней раньше обычного. Норма: история полигона."
AOI-0004,2025,2025-08-12,2025-09-18,38,15,-1.7948479208780137,-1.3858121036818145,0,-0.08520717913119219,-0.0774081534469595,2025-09-04,0.3274856751830621,0.40139910507603344,лето после уборки,осень (озимые всходы),224,261,умеренная,early_decline,0.6,история полигона,ERA5 полигона,0,-0.536104912257561,0.24675324675324675,"{""available"": true, ""before"": {""precip_mm"": 23.646278459148107, ""temp_c"": 27.798808767530673, ""dry_days"": 22, ""hot_days"": 22, ""max_dry_spell"": 12, ""n_days"": 30, ""precip_deficit_pct"": 7.257525359903116, ""temp_anomaly_c"": 1.5054918181807864, ""precip_norm_mm"": 25.496708547956647, ""temp_norm_c"": 26.293316949349887, ""norm_years"": 15}, ""during"": {""precip_mm"": 8.174129941584596, ""temp_c"": 22.302416443406507, ""dry_days"": 35, ""hot_days"": 4, ""max_dry_spell"": 21, ""n_days"": 38, ""precip_deficit_pct"": 69.85531327762655, ""temp_anomaly_c"": -0.5491180326227614, ""precip_norm_mm"": 27.116320752863363, ""temp_norm_c"": 22.85153447602927, ""norm_years"": 15}, ""combined"": {""precip_mm"": 31.820408400732703, ""temp_c"": 24.727295409931884, ""dry_days"": 57, ""hot_days"": 26, ""max_dry_spell"": 21, ""n_days"": 68, ""precip_deficit_pct"": 39.5199082364247, ""temp_anomaly_c"": 0.35732748979058115, ""precip_norm_mm"": 52.61302930082001, ""temp_norm_c"": 24.369967920141303, ""norm_years"": 15}, ""source"": ""ERA5 полигона""}","сухая серия 21 дней подряд | соседние поля региона в эти дни чуть ниже нормы (медианный Z -0.5) | пик на уровне нормы (93%), но спад начался на 20 дней раньше обычного","AOI-0004, сезон 2025: умеренная аномалия с 2025-08-12 по 2025-09-18 (38 дней, 15 наблюдений), фаза — лето после уборки. NDVI в худший день 2025-09-04: 0.33 при норме 0.40 (Z = -1.8). Вероятная причина — ранний спад вегетации (уборка, полегание, болезнь) (уверенность 60%). Аргументы: сухая серия 21 дней подряд; соседние поля региона в эти дни чуть ниже нормы (медианный Z -0.5); пик на уровне нормы (93%), но спад начался на 20 дней раньше обычного. Норма: история полигона."
AOI-0006,2025,2025-04-17,2025-05-28,42,9,-1.7236002289963066,-1.4266855825416644,0,-0.3340847035650203,-0.27871744193089887,2025-05-14,0.24182412722572422,0.5735865754488209,весна (всходы и рост),пик вегетации,107,148,умеренная,weak_season,0.45,среднее по культуре (истории полигона нет),ERA5 региона (медиана соседних полей),0,0.1970004131190284,0.22077922077922077,"{""available"": true, ""before"": {""precip_mm"": 23.192470323757725, ""temp_c"": 9.734909788767519, ""dry_days"": 12, ""hot_days"": 0, ""max_dry_spell"": 4, ""n_days"": 30}, ""during"": {""precip_mm"": 45.08738106662512, ""temp_c"": 15.744161329896567, ""dry_days"": 32, ""hot_days"": 0, ""max_dry_spell"": 11, ""n_days"": 42, ""precip_deficit_pct"": 26.10746378598854, ""temp_anomaly_c"": -0.12191519971997877, ""precip_norm_mm"": 61.01750376525265, ""temp_norm_c"": 15.866076529616546, ""norm_years"": 15}, ""combined"": {""precip_mm"": 68.27985139038285, ""temp_c"": 14.086436766826484, ""dry_days"": 44, ""hot_days"": 0, ""max_dry_spell"": 11, ""n_days"": 72, ""precip_deficit_pct"": 17.322628354045765, ""temp_anomaly_c"": -0.13154524552548708, ""precip_norm_mm"": 82.58589990351257, ""temp_norm_c"": 14.217982012351971, ""norm_years"": 15}, ""source"": ""ERA5 региона (медиана соседних полей)""}","другие поля региона в эти дни в норме (медианный Z 0.2, ниже нормы 22% из 77) — причина локальная, на самом поле | погодного сигнала нет; вероятны агротехнические причины","AOI-0006, сезон 2025: умеренная аномалия с 2025-04-17 по 2025-05-28 (42 дней, 9 наблюдений), фаза — весна (всходы и рост). NDVI в худший день 2025-05-14: 0.24 при норме 0.57 (Z = -1.7). Вероятная причина — ослабленный сезон без явной погодной причины (уверенность 45%). Аргументы: другие поля региона в эти дни в норме (медианный Z 0.2, ниже нормы 22% из 77) — причина локальная, на самом поле; погодного сигнала нет; вероятны агротехнические причины. Норма: среднее по культуре (истории полигона нет)."
AOI-0007,2011,2011-05-12,2011-06-16,36,3,-2.2931838260288266,-1.5624229494669566,2,-0.4334826805307189,-0.2582886536090312,2011-05-18,0.1495592330681164,0.5830419135988353,весна (всходы и рост),пик вегетации,132,167,умеренная,crop_rotation,0.7,история полигона,ERA5 полигона,3,0.13986086926419217,0.14035087719298245,"{""available"": true, ""before"": {""precip_mm"": 67.69898366972171, ""temp_c"": 11.422525109185134, ""dry_days"": 18, ""hot_days"": 0, ""max_dry_spell"": 9, ""n_days"": 30, ""precip_deficit_pct"": -34.00447076601449, ""temp_anomaly_c"": -2.556696739196779, ""precip_norm_mm"": 50.51994406062098, ""temp_norm_c"": 13.979221848381913, ""norm_years"": 15}, ""during"": {""precip_mm"": 56.536505452012165, ""temp_c"": 19.911168758957494, ""dry_days"": 24, ""hot_days"": 0, ""max_dry_spell"": 12, ""n_days"": 36, ""precip_deficit_pct"": 0.2009123928290446, ""temp_anomaly_c"": -0.6661539195496395, ""precip_norm_mm"": 56.650322971439465, ""temp_norm_c"": 20.577322678507134, ""norm_years"": 15}, ""combined"": {""precip_mm"": 124.23548912173388, ""temp_c"": 16.05269437269733, ""dry_days"": 42, ""hot_days"": 0, ""max_dry_spell"": 12, ""n_days"": 66, ""precip_deficit_pct"": -15.923466986014212, ""temp_anomaly_c"": -1.5254915648437937, ""precip_norm_mm"": 107.17026703206047, ""temp_norm_c"": 17.578185937541125, ""norm_years"": 15}, ""source"": ""ERA5 полигона""}","другие поля региона в эти дни в норме (медианный Z 0.1, ниже нормы 14% из 57) — причина локальная, на самом поле | пик достигнут (95% нормы), но на 51 дней позже обычного: на поле яровая культура вместо привычной озимой, весеннее отставание — смена фазы, а не угнетение","AOI-0007, сезон 2011: умеренная аномалия с 2011-05-12 по 2011-06-16 (36 дней, 3 наблюдений), фаза — весна (всходы и рост). NDVI в худший день 2011-05-18: 0.15 при норме 0.58 (Z = -2.3). Вероятная причина — смена культуры: яровая вместо озимой, весеннее отставание — не угнетение (уверенность 70%). Аргументы: другие поля региона в эти дни в норме (медианный Z 0.1, ниже нормы 14% из 57) — причина локальная, на самом поле; пик достигнут (95% нормы), но на 51 дней позже обычного: на поле яровая культура вместо привычной озимой, весеннее отставание — смена фазы, а не угнетение. Норма: история полигона."
AOI-0007,2014,2014-10-04,2014-10-23,20,3,-1.3282853756185027,-1.2369591460532345,0,-0.11529718727273852,-0.07441184291692089,2014-10-13,0.1408482375459105,0.21181199369823642,осень (озимые всходы),осень (озимые всходы),277,296,умеренная,early_decline,0.6,история полигона,ERA5 полигона,0,-0.7251649335599402,0.22807017543859648,"{""available"": true, ""before"": {""precip_mm"": 24.304350835336663, ""temp_c"": 17.081370374891517, ""dry_days"": 23, ""hot_days"": 0, ""max_dry_spell"": 10, ""n_days"": 30, ""precip_deficit_pct"": 27.294395882541423, ""temp_anomaly_c"": -1.1718374040391737, ""precip_norm_mm"": 33.42844218180498, ""temp_norm_c"": 18.25320777893069, ""norm_years"": 15}, ""during"": {""precip_mm"": 47.98500750703383, ""temp_c"": 11.194978650410992, ""dry_days"": 16, ""hot_days"": 0, ""max_dry_spell"": 13, ""n_days"": 20, ""precip_deficit_pct"": -94.02249722828896, ""temp_anomaly_c"": -0.9854741350809721, ""precip_norm_mm"": 24.73167194141108, ""temp_norm_c"": 12.180452785491964, ""norm_years"": 15}, ""combined"": {""precip_mm"": 72.28935834237049, ""temp_c"": 14.726813685099305, ""dry_days"": 39, ""hot_days"": 0, ""max_dry_spell"": 15, ""n_days"": 50, ""precip_deficit_pct"": -24.29370098762307, ""temp_anomaly_c"": -1.097292096455888, ""precip_norm_mm"": 58.160114123216054, ""temp_norm_c"": 15.824105781555193, ""norm_years"": 15}, ""source"": ""ERA5 полигона""}","сухая серия 15 дней подряд | соседние поля региона в эти дни тоже ниже нормы (медианный Z -0.7, ниже нормы 23% из 57 полей) — явление региональное | пик на уровне нормы (134%), но спад начался на 16 дней раньше обычного","AOI-0007, сезон 2014: умеренная аномалия с 2014-10-04 по 2014-10-23 (20 дней, 3 наблюдений), фаза — осень (озимые всходы). NDVI в худший день 2014-10-13: 0.14 при норме 0.21 (Z = -1.3). Вероятная причина — ранний спад вегетации (уборка, полегание, болезнь) (уверенность 60%). Аргументы: сухая серия 15 дней подряд; соседние поля региона в эти дни тоже ниже нормы (медианный Z -0.7, ниже нормы 23% из 57 полей) — явление региональное; пик на уровне нормы (134%), но спад начался на 16 дней раньше обычного. Норма: история полигона."
AOI-0007,2018,2018-04-08,2018-06-25,79,18,-2.5996372251416062,-1.7569082040980581,22,-0.35636453209589036,-0.28493677655422367,2018-06-03,0.21726203914975536,0.5632843598821816,весна (всходы и рост),созревание и уборка,98,176,критическая,unsown_or_changed,0.8,история полигона,ERA5 полигона,0,-0.32452668029686804,0.21052631578947367,"{""available"": true, ""before"": {""precip_mm"": 3.595379743217108, ""temp_c"": 8.832008616129583, ""dry_days"": 5, ""hot_days"": 0, ""max_dry_spell"": 4, ""n_days"": 30}, ""during"": {""precip_mm"": 39.371691234080686, ""temp_c"": 18.994680184151072, ""dry_days"": 68, ""hot_days"": 6, ""max_dry_spell"": 33, ""n_days"": 79, ""precip_deficit_pct"": 70.37010628622163, ""temp_anomaly_c"": 1.1900040933686817, ""precip_norm_mm"": 132.87827359222766, ""temp_norm_c"": 17.80467609078239, ""norm_years"": 15}, ""combined"": {""precip_mm"": 42.967070977297794, ""temp_c"": 18.16748598675397, ""dry_days"": 73, ""hot_days"": 6, ""max_dry_spell"": 33, ""n_days"": 109}, ""source"": ""ERA5 полигона""}","соседние поля региона в эти дни чуть ниже нормы (медианный Z -0.3) | пик главного сезона всего 0.25 при норме 0.60: кривая плоская с весны — поле не засеяно, под паром или занято другой культурой","AOI-0007, сезон 2018: критическая аномалия с 2018-04-08 по 2018-06-25 (79 дней, 18 наблюдений), фаза — весна (всходы и рост). NDVI в худший день 2018-06-03: 0.22 при норме 0.56 (Z = -2.6). Вероятная причина — поле не засеяно, под паром или сменилась культура (уверенность 80%). Аргументы: соседние поля региона в эти дни чуть ниже нормы (медианный Z -0.3); пик главного сезона всего 0.25 при норме 0.60: кривая плоская с весны — поле не засеяно, под паром или занято другой культурой. Норма: история полигона."
AOI-0007,2020,2020-09-15,2020-10-15,31,12,-1.5390154972696168,-1.3014150669740436,0,-0.06705475450462303,-0.05614415096525603,2020-10-06,0.13820147409161151,0.20022623601874434,лето после уборки,осень (озимые всходы),259,289,умеренная,weather_drought,0.75,история полигона,ERA5 полигона,0,-0.9398002084561802,0.40350877192982454,"{""available"": true, ""before"": {""precip_mm"": 1.3458125042866689, ""temp_c"": 24.140633095635323, ""dry_days"": 30, ""hot_days"": 4, ""max_dry_spell"": 30, ""n_days"": 30, ""precip_deficit_pct"": 94.7839439073259, ""temp_anomaly_c"": 1.1789370120013096, ""precip_norm_mm"": 25.80134263082125, ""temp_norm_c"": 22.961696083634013, ""norm_years"": 15}, ""during"": {""precip_mm"": 7.321731291238365, ""temp_c"": 17.701701100667343, ""dry_days"": 29, ""hot_days"": 0, ""max_dry_spell"": 16, ""n_days"": 31, ""precip_deficit_pct"": 82.27109559126575, ""temp_anomaly_c"": 2.4518451649655617, ""precip_norm_mm"": 41.29827271013581, ""temp_norm_c"": 15.249855935701781, ""norm_years"": 15}, ""combined"": {""precip_mm"": 8.667543795525035, ""temp_c"": 20.86838896704504, ""dry_days"": 59, ""hot_days"": 4, ""max_dry_spell"": 46, ""n_days"": 61, ""precip_deficit_pct"": 87.08257304981235, ""temp_anomaly_c"": 1.8258247618683932, ""precip_norm_mm"": 67.09961534095707, ""temp_norm_c"": 19.042564205176646, ""norm_years"": 15}, ""source"": ""ERA5 полигона""}","за 30 дней до и во время эпизода осадков 9 мм при норме 67 мм (дефицит 87 %) | сухая серия 46 дней подряд | за 30 дней до эпизода: осадков 1 мм при норме 26 мм | во время эпизода: осадков 7 мм при норме 41 мм | соседние поля региона в эти дни тоже ниже нормы (медианный Z -0.9, ниже нормы 40% из 57 полей) — явление региональное | пик на уровне нормы (120%), но спад начался на 15 дней раньше обычного","AOI-0007, сезон 2020: умеренная аномалия с 2020-09-15 по 2020-10-15 (31 дней, 12 наблюдений), фаза — лето после уборки. NDVI в худший день 2020-10-06: 0.14 при норме 0.20 (Z = -1.5). Вероятная причина — погодный стресс: дефицит осадков и/или жара (уверенность 75%). Аргументы: за 30 дней до и во время эпизода осадков 9 мм при норме 67 мм (дефицит 87 %); сухая серия 46 дней подряд; за 30 дней до эпизода: осадков 1 мм при норме 26 мм; во время эпизода: осадков 7 мм при норме 41 мм; соседние поля региона в эти дни тоже ниже нормы (медианный Z -0.9, ниже нормы 40% из 57 полей) — явление региональное; пик на уровне нормы (120%), но спад начался на 15 дней раньше обычного. Норма: история полигона."
AOI-0007,2023,2023-04-23,2023-05-28,36,10,-1.6667832744023783,-1.3548331795787392,0,-0.30686029699251455,-0.25440866986502747,2023-05-11,0.269483495682817,0.5763437926753315,весна (всходы и рост),пик вегетации,113,148,умеренная,crop_rotation,0.7,история полигона,ERA5 полигона,0,0.47923440768145453,0.19298245614035087,"{""available"": true, ""before"": {""precip_mm"": 45.99043912230982, ""temp_c"": 10.748942571697835, ""dry_days"": 11, ""hot_days"": 0, ""max_dry_spell"": 4, ""n_days"": 30}, ""during"": {""precip_mm"": 70.99448583176837, ""temp_c"": 15.225924410643428, ""dry_days"": 19, ""hot_days"": 0, ""max_dry_spell"": 10, ""n_days"": 36, ""precip_deficit_pct"": -20.43185776563017, ""temp_anomaly_c"": -1.509654158721732, ""precip_norm_mm"": 58.94992168096352, ""temp_norm_c"": 16.73557856936516, ""norm_years"": 15}, ""combined"": {""precip_mm"": 116.9849249540782, ""temp_c"": 13.527758885526133, ""dry_days"": 30, ""hot_days"": 0, ""max_dry_spell"": 10, ""n_days"": 66, ""precip_deficit_pct"": -24.070299180988798, ""temp_anomaly_c"": -0.9024964578290984, ""precip_norm_mm"": 94.2892261293134, ""temp_norm_c"": 14.430255343355231, ""norm_years"": 15}, ""source"": ""ERA5 полигона""}","другие поля региона в эти дни в норме (медианный Z 0.5, ниже нормы 19% из 57) — причина локальная, на самом поле | пик достигнут (137% нормы), но на 37 дней позже обычного: на поле яровая культура вместо привычной озимой, весеннее отставание — смена фазы, а не угнетение","AOI-0007, сезон 2023: умеренная аномалия с 2023-04-23 по 2023-05-28 (36 дней, 10 наблюдений), фаза — весна (всходы и рост). NDVI в худший день 2023-05-11: 0.27 при норме 0.58 (Z = -1.7). Вероятная причина — смена культуры: яровая вместо озимой, весеннее отставание — не угнетение (уверенность 70%). Аргументы: другие поля региона в эти дни в норме (медианный Z 0.5, ниже нормы 19% из 57) — причина локальная, на самом поле; пик достигнут (137% нормы), но на 37 дней позже обычного: на поле яровая культура вместо привычной озимой, весеннее отставание — смена фазы, а не угнетение. Норма: история полигона."
AOI-0007,2023,2023-10-16,2023-10-30,15,4,-1.546311640298917,-1.242429758573024,0,-0.19566454895717525,-0.1302894283798246,2023-10-30,0.03847185960633971,0.2151189386158891,осень (озимые всходы),осень (озимые всходы),289,303,умеренная,weak_season,0.45,история полигона,ERA5 полигона,1,-0.2959314725561937,0.12280701754385964,"{""available"": true, ""before"": {""precip_mm"": 32.891860188097866, ""temp_c"": 16.17172425587974, ""dry_days"": 26, ""hot_days"": 0, ""max_dry_spell"": 19, ""n_days"": 30, ""precip_deficit_pct"": 16.05286063203406, ""temp_anomaly_c"": 0.9937412940131285, ""precip_norm_mm"": 39.181633151217696, ""temp_norm_c"": 15.177982961866613, ""norm_years"": 15}, ""during"": {""precip_mm"": 21.85415080378661, ""temp_c"": 13.176180224948485, ""dry_days"": 13, ""hot_days"": 0, ""max_dry_spell"": 10, ""n_days"": 15, ""precip_deficit_pct"": 8.372566593233577, ""temp_anomaly_c"": 3.406164002595128, ""precip_norm_mm"": 23.85110003765831, ""temp_norm_c"": 9.770016222353357, ""norm_years"": 15}, ""combined"": {""precip_mm"": 54.746010991884475, ""temp_c"": 15.173209578902657, ""dry_days"": 39, ""hot_days"": 0, ""max_dry_spell"": 19, ""n_days"": 45, ""precip_deficit_pct"": 13.146696609459351, ""temp_anomaly_c"": 1.797882196873795, ""precip_norm_mm"": 63.032733188875994, ""temp_norm_c"": 13.375327382028862, ""norm_years"": 15}, ""source"": ""ERA5 полигона""}","сухая серия 19 дней подряд | другие поля региона в эти дни в норме (медианный Z -0.3, ниже нормы 12% из 57) — причина локальная, на самом поле | погодного сигнала нет; вероятны агротехнические причины","AOI-0007, сезон 2023: умеренная аномалия с 2023-10-16 по 2023-10-30 (15 дней, 4 наблюдений), фаза — осень (озимые всходы). NDVI в худший день 2023-10-30: 0.04 при норме 0.22 (Z = -1.5). Вероятная причина — ослабленный сезон без явной погодной причины (уверенность 45%). Аргументы: сухая серия 19 дней подряд; другие поля региона в эти дни в норме (медианный Z -0.3, ниже нормы 12% из 57) — причина локальная, на самом поле; погодного сигнала нет; вероятны агротехнические причины. Норма: история полигона."
AOI-0008,2013,2013-04-11,2013-06-07,58,7,-1.4635617711377646,-1.3062914671792063,0,-0.31584867324643967,-0.266556879524427,2013-05-03,0.27381452553583135,0.589663198782271,весна (всходы и рост),пик вегетации,101,158,умеренная,weak_season,0.6,история полигона,ERA5 региона (медиана соседних полей),0,-0.2789622867028941,0.21052631578947367,"{""available"": true, ""before"": {""precip_mm"": 7.6449795741268645, ""temp_c"": 11.581573973761692, ""dry_days"": 8, ""hot_days"": 0, ""max_dry_spell"": 4, ""n_days"": 30}, ""during"": {""precip_mm"": 40.66534874399963, ""temp_c"": 17.667520274708835, ""dry_days"": 45, ""hot_days"": 0, ""max_dry_spell"": 21, ""n_days"": 58, ""precip_deficit_pct"": 52.14540587761516, ""temp_anomaly_c"": 1.5217003126236577, ""precip_norm_mm"": 84.97689613666095, ""temp_norm_c"": 16.145819962085177, ""norm_years"": 15}, ""combined"": {""precip_mm"": 48.310328318126494, ""temp_c"": 16.772528171628373, ""dry_days"": 53, ""hot_days"": 0, ""max_dry_spell"": 21, ""n_days"": 88}, ""source"": ""ERA5 региона (медиана соседних полей)""}","другие поля региона в эти дни в норме (медианный Z -0.3, ниже нормы 21% из 57) — причина локальная, на самом поле | пик сезона 69% от нормы без явного погодного сигнала","AOI-0008, сезон 2013: умеренная аномалия с 2013-04-11 по 2013-06-07 (58 дней, 7 наблюдений), фаза — весна (всходы и рост). NDVI в худший день 2013-05-03: 0.27 при норме 0.59 (Z = -1.5). Вероятная причина — ослабленный сезон без явной погодной причины (уверенность 60%). Аргументы: другие поля региона в эти дни в норме (медианный Z -0.3, ниже нормы 21% из 57) — причина локальная, на самом поле; пик сезона 69% от нормы без явного погодного сигнала. Норма: история полигона."
AOI-0008,2014,2014-05-14,2014-06-30,48,7,-1.9098341253300932,-1.6061232470953613,0,-0.31414659145861873,-0.24901147028293336,2014-06-15,0.19417252677327076,0.4390567185287404,весна (всходы и рост),созревание и уборка,134,181,умеренная,weak_season,0.45,история полигона,ERA5 региона (медиана соседних полей),1,-0.04978810822581834,0.08771929824561403,"{""available"": true, ""before"": {""precip_mm"": 47.39794439156262, ""temp_c"": 14.70656569586862, ""dry_days"": 16, ""hot_days"": 0, ""max_dry_spell"": 4, ""n_days"": 30, ""precip_deficit_pct"": -20.861908311424603, ""temp_anomaly_c"": 0.6789763845346144, ""precip_norm_mm"": 39.21661096847192, ""temp_norm_c"": 14.027589311334006, ""norm_years"": 15}, ""during"": {""precip_mm"": 48.75587909250052, ""temp_c"": 22.122200901546204, ""dry_days"": 31, ""hot_days"": 0, ""max_dry_spell"": 8, ""n_days"": 48, ""precip_deficit_pct"": 22.2915771613743, ""temp_anomaly_c"": 0.6056690494317643, ""precip_norm_mm"": 62.74207777160799, ""temp_norm_c"": 21.51653185211444, ""norm_years"": 15}, ""combined"": {""precip_mm"": 96.15382348406314, ""temp_c"": 19.27003351474713, ""dry_days"": 47, ""hot_days"": 0, ""max_dry_spell"": 8, ""n_days"": 78, ""precip_deficit_pct"": 5.693350245818596, ""temp_anomaly_c"": 0.6338641783174737, ""precip_norm_mm"": 101.9586887400799, ""temp_norm_c"": 18.636169336429656, ""norm_years"": 15}, ""source"": ""ERA5 региона (медиана соседних полей)""}","другие поля региона в эти дни в норме (медианный Z -0.0, ниже нормы 9% из 57) — причина локальная, на самом поле | погодного сигнала нет; вероятны агротехнические причины","AOI-0008, сезон 2014: умеренная аномалия с 2014-05-14 по 2014-06-30 (48 дней, 7 наблюдений), фаза — весна (всходы и рост). NDVI в худший день 2014-06-15: 0.19 при норме 0.44 (Z = -1.9). Вероятная причина — ослабленный сезон без явной погодной причины (уверенность 45%). Аргументы: другие поля региона в эти дни в норме (медианный Z -0.0, ниже нормы 9% из 57) — причина локальная, на самом поле; погодного сигнала нет; вероятны агротехнические причины. Норма: история полигона."
AOI-0008,2017,2017-10-02,2017-10-22,21,4,-3.468088131115442,-2.175032704068116,11,-0.16637535598354772,-0.09456650136504387,2017-10-22,0.04717509732914688,0.2135504533126946,осень (озимые всходы),осень (озимые всходы),275,295,критическая,weak_season,0.4,история полигона,ERA5 региона (медиана соседних полей),0,-0.3124216753586336,0.15789473684210525,"{""available"": true, ""before"": {""precip_mm"": 11.238169568823903, ""temp_c"": 19.989620984395366, ""dry_days"": 28, ""hot_days"": 0, ""max_dry_spell"": 24, ""n_days"": 30, ""precip_deficit_pct"": 55.0716108445157, ""temp_anomaly_c"": 1.5085584606459967, ""precip_norm_mm"": 25.01351546331166, ""temp_norm_c"": 18.48106252374937, ""norm_years"": 15}, ""during"": {""precip_mm"": 29.812002879268107, ""temp_c"": 12.337391443749969, ""dry_days"": 16, ""hot_days"": 0, ""max_dry_spell"": 10, ""n_days"": 21, ""precip_deficit_pct"": -26.639164440392715, ""temp_anomaly_c"": 0.21776775780118207, ""precip_norm_mm"": 23.540903014485856, ""temp_norm_c"": 12.119623685948786, ""norm_years"": 15}, ""combined"": {""precip_mm"": 41.05017244809201, ""temp_c"": 16.838702938247266, ""dry_days"": 44, ""hot_days"": 0, ""max_dry_spell"": 34, ""n_days"": 51, ""precip_deficit_pct"": 15.455330874031514, ""temp_anomaly_c"": 0.977056406533432, ""precip_norm_mm"": 48.55441847779751, ""temp_norm_c"": 15.861646531713834, ""norm_years"": 15}, ""source"": ""ERA5 региона (медиана соседних полей)""}",сухая серия 34 дней подряд | соседние поля региона в эти дни чуть ниже нормы (медианный Z -0.3) | погодного сигнала нет; вероятны агротехнические причины,"AOI-0008, сезон 2017: критическая аномалия с 2017-10-02 по 2017-10-22 (21 дней, 4 наблюдений), фаза — осень (озимые всходы). NDVI в худший день 2017-10-22: 0.05 при норме 0.21 (Z = -3.5). Вероятная причина — ослабленный сезон без явной погодной причины (уверенность 40%). Аргументы: сухая серия 34 дней подряд; соседние поля региона в эти дни чуть ниже нормы (медианный Z -0.3); погодного сигнала нет; вероятны агротехнические причины. Норма: история полигона."
AOI-0008,2018,2018-07-11,2018-09-07,59,9,-1.623246592209323,-1.3290312615718782,0,-0.09362626438936661,-0.08076390462930906,2018-08-20,0.10423297770176992,0.1965439252858597,созревание и уборка,лето после уборки,192,250,умеренная,weak_season,0.4,история полигона,ERA5 региона (медиана соседних полей),0,-0.3775170045147975,0.12280701754385964,"{""available"": true, ""before"": {""precip_mm"": 12.13375697178588, ""temp_c"": 26.502267409026963, ""dry_days"": 25, ""hot_days"": 11, ""max_dry_spell"": 13, ""n_days"": 30, ""precip_deficit_pct"": 62.03901503659453, ""temp_anomaly_c"": 2.25041331566705, ""precip_norm_mm"": 31.963756955945335, ""temp_norm_c"": 24.251854093359913, ""norm_years"": 15}, ""during"": {""precip_mm"": 39.36492096819677, ""temp_c"": 25.65152258792168, ""dry_days"": 52, ""hot_days"": 20, ""max_dry_spell"": 45, ""n_days"": 59, ""precip_deficit_pct"": -8.412950962269061, ""temp_anomaly_c"": 0.18209847737701423, ""precip_norm_mm"": 36.31016462405579, ""temp_norm_c"": 25.469424110544665, ""norm_years"": 15}, ""combined"": {""precip_mm"": 51.49867793998265, ""temp_c"": 25.938290505148185, ""dry_days"": 77, ""hot_days"": 31, ""max_dry_spell"": 45, ""n_days"": 89, ""precip_deficit_pct"": 24.570499616550954, ""temp_anomaly_c"": 0.8792832543287155, ""precip_norm_mm"": 68.27392158000113, ""temp_norm_c"": 25.05900725081947, ""norm_years"": 15}, ""source"": ""ERA5 региона (медиана соседних полей)""}",сухая серия 45 дней подряд | соседние поля региона в эти дни чуть ниже нормы (медианный Z -0.4) | погодного сигнала нет; вероятны агротехнические причины,"AOI-0008, сезон 2018: умеренная аномалия с 2018-07-11 по 2018-09-07 (59 дней, 9 наблюдений), фаза — созревание и уборка. NDVI в худший день 2018-08-20: 0.10 при норме 0.20 (Z = -1.6). Вероятная причина — ослабленный сезон без явной погодной причины (уверенность 40%). Аргументы: сухая серия 45 дней подряд; соседние поля региона в эти дни чуть ниже нормы (медианный Z -0.4); погодного сигнала нет; вероятны агротехнические причины. Норма: история полигона."
AOI-0008,2019,2019-06-22,2019-07-24,33,14,-1.3398146019414805,-1.224349639744141,0,-0.12315475918975069,-0.10009788814030028,2019-07-15,0.13716271834509355,0.22649824790897574,пик вегетации,созревание и уборка,173,205,умеренная,weak_season,0.4,история полигона,ERA5 региона (медиана соседних полей),0,-0.556658717118032,0.21052631578947367,"{""available"": true, ""before"": {""precip_mm"": 14.924698127050558, ""temp_c"": 24.626615472823882, ""dry_days"": 26, ""hot_days"": 8, ""max_dry_spell"": 25, ""n_days"": 30, ""precip_deficit_pct"": 58.43791783784666, ""temp_anomaly_c"": 2.952241703197167, ""precip_norm_mm"": 35.90940913119379, ""temp_norm_c"": 21.674373769626715, ""norm_years"": 15}, ""during"": {""precip_mm"": 52.114516703510006, ""temp_c"": 23.955034958553657, ""dry_days"": 22, ""hot_days"": 5, ""max_dry_spell"": 14, ""n_days"": 33, ""precip_deficit_pct"": -63.38607365025193, ""temp_anomaly_c"": -1.3983464569194552, ""precip_norm_mm"": 31.896547569328074, ""temp_norm_c"": 25.353381415473113, ""norm_years"": 15}, ""combined"": {""precip_mm"": 67.03921483056055, ""temp_c"": 24.274835203444237, ""dry_days"": 48, ""hot_days"": 13, ""max_dry_spell"": 27, ""n_days"": 63, ""precip_deficit_pct"": 1.1307883662017848, ""temp_anomaly_c"": 0.6733621907551246, ""precip_norm_mm"": 67.80595670052188, ""temp_norm_c"": 23.601473012689112, ""norm_years"": 15}, ""source"": ""ERA5 региона (медиана соседних полей)""}",сухая серия 27 дней подряд | соседние поля региона в эти дни чуть ниже нормы (медианный Z -0.6) | погодного сигнала нет; вероятны агротехнические причины,"AOI-0008, сезон 2019: умеренная аномалия с 2019-06-22 по 2019-07-24 (33 дней, 14 наблюдений), фаза — пик вегетации. NDVI в худший день 2019-07-15: 0.14 при норме 0.23 (Z = -1.3). Вероятная причина — ослабленный сезон без явной погодной причины (уверенность 40%). Аргументы: сухая серия 27 дней подряд; соседние поля региона в эти дни чуть ниже нормы (медианный Z -0.6); погодного сигнала нет; вероятны агротехнические причины. Норма: история полигона."
AOI-0008,2020,2020-04-01,2020-05-25,55,14,-1.7842547259301742,-1.4825416766051829,0,-0.36947686461972584,-0.2967025502732777,2020-05-07,0.2409179399200059,0.6069366372591757,весна (всходы и рост),пик вегетации,92,146,умеренная,crop_rotation,0.7,история полигона,ERA5 региона (медиана соседних полей),2,-0.13302830286126371,0.17543859649122806,"{""available"": true, ""during"": {""precip_mm"": 75.25751058043798, ""temp_c"": 12.160119153858117, ""dry_days"": 37, ""hot_days"": 0, ""max_dry_spell"": 12, ""n_days"": 55, ""precip_deficit_pct"": 4.633636551700915, ""temp_anomaly_c"": -1.885520965573722, ""precip_norm_mm"": 78.91410331614175, ""temp_norm_c"": 14.04564011943184, ""norm_years"": 15}, ""combined"": {""precip_mm"": 75.25751058043798, ""temp_c"": 12.160119153858117, ""dry_days"": 37, ""hot_days"": 0, ""max_dry_spell"": 12, ""n_days"": 85}, ""source"": ""ERA5 региона (медиана соседних полей)""}","другие поля региона в эти дни в норме (медианный Z -0.1, ниже нормы 18% из 57) — причина локальная, на самом поле | пик достигнут (89% нормы), но на 43 дней позже обычного: на поле яровая культура вместо привычной озимой, весеннее отставание — смена фазы, а не угнетение","AOI-0008, сезон 2020: умеренная аномалия с 2020-04-01 по 2020-05-25 (55 дней, 14 наблюдений), фаза — весна (всходы и рост). NDVI в худший день 2020-05-07: 0.24 при норме 0.61 (Z = -1.8). Вероятная причина — смена культуры: яровая вместо озимой, весеннее отставание — не угнетение (уверенность 70%). Аргументы: другие поля региона в эти дни в норме (медианный Z -0.1, ниже нормы 18% из 57) — причина локальная, на самом поле; пик достигнут (89% нормы), но на 43 дней позже обычного: на поле яровая культура вместо привычной озимой, весеннее отставание — смена фазы, а не угнетение. Норма: история полигона."
AOI-0008,2024,2024-04-02,2024-07-30,120,37,-2.5802527796508388,-1.6665704668909527,44,-0.43712350949955475,-0.25316773876709314,2024-05-26,0.18273355344289288,0.6134096452127212,весна (всходы и рост),созревание и уборка,93,212,критическая,unsown_or_changed,0.8,история полигона,ERA5 региона (медиана соседних полей),1,0.018107732220134502,0.14035087719298245,"{""available"": true, ""before"": {""precip_mm"": 0.0008523463179699, ""temp_c"": 14.399471537272149, ""dry_days"": 1, ""hot_days"": 0, ""max_dry_spell"": 1, ""n_days"": 30}, ""during"": {""precip_mm"": 50.10502326630574, ""temp_c"": 21.55096473458375, ""dry_days"": 105, ""hot_days"": 27, ""max_dry_spell"": 25, ""n_days"": 120, ""precip_deficit_pct"": 66.51146660208728, ""temp_anomaly_c"": 2.095180605744286, ""precip_norm_mm"": 149.61844602435986, ""temp_norm_c"": 19.455784128839465, ""norm_years"": 15}, ""combined"": {""precip_mm"": 50.10587561262371, ""temp_c"": 21.491861485019193, ""dry_days"": 106, ""hot_days"": 27, ""max_dry_spell"": 25, ""n_days"": 150, ""precip_deficit_pct"": 66.73021022128114, ""temp_anomaly_c"": 2.128476323071549, ""precip_norm_mm"": 150.60472562611173, ""temp_norm_c"": 19.363385161947644, ""norm_years"": 15}, ""source"": ""ERA5 региона (медиана соседних полей)""}","за 30 дней до и во время эпизода осадков 50 мм при норме 151 мм (дефицит 67 %) | температура выше нормы на 2.1 °C (21.5 против 19.4 °C), жарких дней 27 | сухая серия 25 дней подряд | во время эпизода: осадков 50 мм при норме 150 мм | другие поля региона в эти дни в норме (медианный Z 0.0, ниже нормы 14% из 57) — причина локальная, на самом поле | пик главного сезона всего 0.23 при норме 0.63: кривая плоская с весны — поле не засеяно, под паром или занято другой культурой","AOI-0008, сезон 2024: критическая аномалия с 2024-04-02 по 2024-07-30 (120 дней, 37 наблюдений), фаза — весна (всходы и рост). NDVI в худший день 2024-05-26: 0.18 при норме 0.61 (Z = -2.6). Вероятная причина — поле не засеяно, под паром или сменилась культура (уверенность 80%). Аргументы: за 30 дней до и во время эпизода осадков 50 мм при норме 151 мм (дефицит 67 %); температура выше нормы на 2.1 °C (21.5 против 19.4 °C), жарких дней 27; сухая серия 25 дней подряд; во время эпизода: осадков 50 мм при норме 150 мм; другие поля региона в эти дни в норме (медианный Z 0.0, ниже нормы 14% из 57) — причина локальная, на самом поле; пик главного сезона всего 0.23 при норме 0.63: кривая плоская с весны — поле не засеяно, под паром или занято другой культурой. Норма: история полигона."
AOI-0009,2025,2025-06-07,2025-08-21,76,30,-1.6681131104160936,-1.3007698160590002,0,-0.2539427856277312,-0.22119067414424629,2025-06-17,0.3017242728426247,0.538510007555825,пик вегетации,лето после уборки,158,233,умеренная,early_decline,0.6,среднее по культуре (истории полигона нет),ERA5 полигона,0,-0.35356053572525487,0.2077922077922078,"{""available"": true, ""before"": {""precip_mm"": 46.060489426128726, ""temp_c"": 18.445747778150793, ""dry_days"": 20, ""hot_days"": 0, ""max_dry_spell"": 7, ""n_days"": 30}, ""during"": {""precip_mm"": 65.98347991647557, ""temp_c"": 25.31262438255446, ""dry_days"": 61, ""hot_days"": 30, ""max_dry_spell"": 19, ""n_days"": 76}, ""combined"": {""precip_mm"": 112.0439693426043, ""temp_c"": 23.36916873979871, ""dry_days"": 81, ""hot_days"": 30, ""max_dry_spell"": 19, ""n_days"": 106}, ""source"": ""ERA5 полигона""}","соседние поля региона в эти дни чуть ниже нормы (медианный Z -0.4) | пик на уровне нормы (137%), но спад начался на 38 дней раньше обычного","AOI-0009, сезон 2025: умеренная аномалия с 2025-06-07 по 2025-08-21 (76 дней, 30 наблюдений), фаза — пик вегетации. NDVI в худший день 2025-06-17: 0.30 при норме 0.54 (Z = -1.7). Вероятная причина — ранний спад вегетации (уборка, полегание, болезнь) (уверенность 60%). Аргументы: соседние поля региона в эти дни чуть ниже нормы (медианный Z -0.4); пик на уровне нормы (137%), но спад начался на 38 дней раньше обычного. Норма: среднее по культуре (истории полигона нет)."
AOI-0010,2011,2011-04-13,2011-04-26,14,2,-1.3360398290300277,-1.2047567878825824,0,-0.21459362766955004,-0.19672582181809894,2011-04-20,0.36599446357442633,0.5758449480571777,весна (всходы и рост),весна (всходы и рост),103,116,умеренная,weak_season,0.4,история полигона,ERA5 региона (медиана соседних полей),0,-0.6223705403617213,0.2982456140350877,"{""available"": true, ""before"": {""precip_mm"": 25.183327140709764, ""temp_c"": 6.801999823252377, ""dry_days"": 4, ""hot_days"": 0, ""max_dry_spell"": 2, ""n_days"": 30}, ""during"": {""precip_mm"": 9.960688539617228, ""temp_c"": 8.724845045440082, ""dry_days"": 11, ""hot_days"": 0, ""max_dry_spell"": 6, ""n_days"": 14, ""precip_deficit_pct"": 51.84837043316526, ""temp_anomaly_c"": -3.444980674680208, ""precip_norm_mm"": 20.68608815365581, ""temp_norm_c"": 12.16982572012029, ""norm_years"": 15}, ""combined"": {""precip_mm"": 35.14401568032699, ""temp_c"": 7.837378019814987, ""dry_days"": 15, ""hot_days"": 0, ""max_dry_spell"": 6, ""n_days"": 44}, ""source"": ""ERA5 региона (медиана соседних полей)""}",соседние поля региона в эти дни чуть ниже нормы (медианный Z -0.6) | погодного сигнала нет; вероятны агротехнические причины,"AOI-0010, сезон 2011: умеренная аномалия с 2011-04-13 по 2011-04-26 (14 дней, 2 наблюдений), фаза — весна (всходы и рост). NDVI в худший день 2011-04-20: 0.37 при норме 0.58 (Z = -1.3). Вероятная причина — ослабленный сезон без явной погодной причины (уверенность 40%). Аргументы: соседние поля региона в эти дни чуть ниже нормы (медианный Z -0.6); погодного сигнала нет; вероятны агротехнические причины. Норма: история полигона."
AOI-0010,2012,2012-04-01,2012-06-21,82,6,-2.4391631855774327,-1.9115687569903783,39,-0.3988876169373422,-0.283046684456581,2012-05-13,0.26107650539441113,0.644782798300551,весна (всходы и рост),пик вегетации,92,173,критическая,unsown_or_changed,0.8,история полигона,ERA5 региона (медиана соседних полей),0,-0.3525371077915116,0.19298245614035087,"{""available"": true, ""during"": {""precip_mm"": 93.97267129703225, ""temp_c"": 19.17717715233955, ""dry_days"": 60, ""hot_days"": 5, ""max_dry_spell"": 23, ""n_days"": 82, ""precip_deficit_pct"": 13.754106738852723, ""temp_anomaly_c"": 2.706081429909503, ""precip_norm_mm"": 108.95900980756123, ""temp_norm_c"": 16.471095722430046, ""norm_years"": 15}, ""combined"": {""precip_mm"": 93.97267129703225, ""temp_c"": 19.17717715233955, ""dry_days"": 60, ""hot_days"": 5, ""max_dry_spell"": 23, ""n_days"": 112}, ""source"": ""ERA5 региона (медиана соседних полей)""}","соседние поля региона в эти дни чуть ниже нормы (медианный Z -0.4) | пик главного сезона всего 0.39 при норме 0.66: кривая плоская с весны — поле не засеяно, под паром или занято другой культурой","AOI-0010, сезон 2012: критическая аномалия с 2012-04-01 по 2012-06-21 (82 дней, 6 наблюдений), фаза — весна (всходы и рост). NDVI в худший день 2012-05-13: 0.26 при норме 0.64 (Z = -2.4). Вероятная причина — поле не засеяно, под паром или сменилась культура (уверенность 80%). Аргументы: соседние поля региона в эти дни чуть ниже нормы (медианный Z -0.4); пик главного сезона всего 0.39 при норме 0.66: кривая плоская с весны — поле не засеяно, под паром или занято другой культурой. Норма: история полигона."
AOI-0010,2014,2014-09-15,2014-10-30,46,6,-2.0962677884765792,-1.675591760498306,6,-0.10539006591878781,-0.08805864154817238,2014-10-17,0.13406062379776934,0.23158877977306375,лето после уборки,осень (озимые всходы),258,303,критическая,weak_season,0.4,история полигона,ERA5 региона (медиана соседних полей),0,-0.6931421665225728,0.21052631578947367,"{""available"": true, ""before"": {""precip_mm"": 9.580401649262882, ""temp_c"": 24.134113744099963, ""dry_days"": 27, ""hot_days"": 5, ""max_dry_spell"": 20, ""n_days"": 30, ""precip_deficit_pct"": 41.46188789762607, ""temp_anomaly_c"": 1.398311078057585, ""precip_norm_mm"": 16.366092627839226, ""temp_norm_c"": 22.735802666042378, ""norm_years"": 15}, ""during"": {""precip_mm"": 53.64249938081258, ""temp_c"": 10.825671124112802, ""dry_days"": 35, ""hot_days"": 0, ""max_dry_spell"": 14, ""n_days"": 46, ""precip_deficit_pct"": -6.488060259462758, ""temp_anomaly_c"": -2.75604350591472, ""precip_norm_mm"": 50.37419148222844, ""temp_norm_c"": 13.581714630027522, ""norm_years"": 15}, ""combined"": {""precip_mm"": 63.22290103007546, ""temp_c"": 16.07900373726563, ""dry_days"": 62, ""hot_days"": 5, ""max_dry_spell"": 20, ""n_days"": 76, ""precip_deficit_pct"": 5.270254879633662, ""temp_anomaly_c"": -1.1161666964519625, ""precip_norm_mm"": 66.74028411006768, ""temp_norm_c"": 17.195170433717593, ""norm_years"": 15}, ""source"": ""ERA5 региона (медиана соседних полей)""}",сухая серия 20 дней подряд | соседние поля региона в эти дни чуть ниже нормы (медианный Z -0.7) | погодного сигнала нет; вероятны агротехнические причины,"AOI-0010, сезон 2014: критическая аномалия с 2014-09-15 по 2014-10-30 (46 дней, 6 наблюдений), фаза — лето после уборки. NDVI в худший день 2014-10-17: 0.13 при норме 0.23 (Z = -2.1). Вероятная причина — ослабленный сезон без явной погодной причины (уверенность 40%). Аргументы: сухая серия 20 дней подряд; соседние поля региона в эти дни чуть ниже нормы (медианный Z -0.7); погодного сигнала нет; вероятны агротехнические причины. Норма: история полигона."
AOI-0010,2015,2015-04-01,2015-06-19,80,9,-3.2624550301248245,-2.3629710007693765,64,-0.4140060338788884,-0.33619058079166714,2015-04-26,0.2103879518234128,0.6243939857023012,весна (всходы и рост),пик вегетации,91,170,критическая,unsown_or_changed,0.8,история полигона,ERA5 региона (медиана соседних полей),0,-0.41405958897462564,0.2631578947368421,"{""available"": true, ""during"": {""precip_mm"": 127.68508920232091, ""temp_c"": 15.761070599555993, ""dry_days"": 50, ""hot_days"": 0, ""max_dry_spell"": 16, ""n_days"": 80, ""precip_deficit_pct"": -21.868593680165826, ""temp_anomaly_c"": -0.7366292306321434, ""precip_norm_mm"": 104.7727600249659, ""temp_norm_c"": 16.497699830188136, ""norm_years"": 15}, ""combined"": {""precip_mm"": 127.68508920232092, ""temp_c"": 15.761070599555993, ""dry_days"": 50, ""hot_days"": 0, ""max_dry_spell"": 16, ""n_days"": 110}, ""source"": ""ERA5 региона (медиана соседних полей)""}","соседние поля региона в эти дни чуть ниже нормы (медианный Z -0.4) | пик главного сезона всего 0.28 при норме 0.66: кривая плоская с весны — поле не засеяно, под паром или занято другой культурой","AOI-0010, сезон 2015: критическая аномалия с 2015-04-01 по 2015-06-19 (80 дней, 9 наблюдений), фаза — весна (всходы и рост). NDVI в худший день 2015-04-26: 0.21 при норме 0.62 (Z = -3.3). Вероятная причина — поле не засеяно, под паром или сменилась культура (уверенность 80%). Аргументы: соседние поля региона в эти дни чуть ниже нормы (медианный Z -0.4); пик главного сезона всего 0.28 при норме 0.66: кривая плоская с весны — поле не засеяно, под паром или занято другой культурой. Норма: история полигона."
AOI-0010,2017,2017-08-02,2017-08-18,17,5,-1.3561561156684168,-1.237932091664776,0,-0.06278010816320881,-0.05753288047273519,2017-08-11,0.14108871359409814,0.20386882175730694,созревание и уборка,лето после уборки,214,230,умеренная,weather_drought,0.65,история полигона,ERA5 региона (медиана соседних полей),0,-0.3480724003751548,0.15789473684210525,"{""available"": true, ""before"": {""precip_mm"": 16.80854993851416, ""temp_c"": 25.455309795399838, ""dry_days"": 26, ""hot_days"": 10, ""max_dry_spell"": 12, ""n_days"": 30, ""precip_deficit_pct"": 34.30441710602852, ""temp_anomaly_c"": -0.6754181688231391, ""precip_norm_mm"": 25.585510011597123, ""temp_norm_c"": 26.130727964222977, ""norm_years"": 15}, ""during"": {""precip_mm"": 0.010100582052529603, ""temp_c"": 29.145427349101286, ""dry_days"": 17, ""hot_days"": 15, ""max_dry_spell"": 17, ""n_days"": 17, ""precip_deficit_pct"": 99.88010492070171, ""temp_anomaly_c"": 2.614434573279091, ""precip_norm_mm"": 8.424517596256154, ""temp_norm_c"": 26.530992775822195, ""norm_years"": 15}, ""combined"": {""precip_mm"": 16.818650520566692, ""temp_c"": 26.790033165887603, ""dry_days"": 43, ""hot_days"": 25, ""max_dry_spell"": 20, ""n_days"": 47, ""precip_deficit_pct"": 50.547965692673856, ""temp_anomaly_c"": 0.5145285676819285, ""precip_norm_mm"": 34.010027607853274, ""temp_norm_c"": 26.275504598205675, ""norm_years"": 15}, ""source"": ""ERA5 региона (медиана соседних полей)""}",за 30 дней до и во время эпизода осадков 17 мм при норме 34 мм (дефицит 51 %) | сухая серия 20 дней подряд | во время эпизода: осадков 0 мм при норме 8 мм | соседние поля региона в эти дни чуть ниже нормы (медианный Z -0.3),"AOI-0010, сезон 2017: умеренная аномалия с 2017-08-02 по 2017-08-18 (17 дней, 5 наблюдений), фаза — созревание и уборка. NDVI в худший день 2017-08-11: 0.14 при норме 0.20 (Z = -1.4). Вероятная причина — погодный стресс: дефицит осадков и/или жара (уверенность 65%). Аргументы: за 30 дней до и во время эпизода осадков 17 мм при норме 34 мм (дефицит 51 %); сухая серия 20 дней подряд; во время эпизода: осадков 0 мм при норме 8 мм; соседние поля региона в эти дни чуть ниже нормы (медианный Z -0.3). Норма: история полигона."
AOI-0010,2018,2018-08-02,2018-10-22,82,13,-1.903793221652547,-1.5069012942967308,0,-0.08996288029026814,-0.07343902040167155,2018-09-03,0.11562038958352157,0.20224144872005187,созревание и уборка,осень (озимые всходы),214,295,умеренная,weak_season,0.4,история полигона,ERA5 региона (медиана соседних полей),0,-0.39286001851541785,0.05263157894736842,"{""available"": true, ""before"": {""precip_mm"": 41.92227303127065, ""temp_c"": 26.67848706987172, ""dry_days"": 22, ""hot_days"": 14, ""max_dry_spell"": 9, ""n_days"": 30, ""precip_deficit_pct"": -75.32438635998588, ""temp_anomaly_c"": 0.6293042572802001, ""precip_norm_mm"": 23.911261805413357, ""temp_norm_c"": 26.04918281259152, ""norm_years"": 15}, ""during"": {""precip_mm"": 29.97495951142747, ""temp_c"": 20.30005748296866, ""dry_days"": 73, ""hot_days"": 8, ""max_dry_spell"": 36, ""n_days"": 82, ""precip_deficit_pct"": 53.43777154596321, ""temp_anomaly_c"": 0.7388281324498713, ""precip_norm_mm"": 64.37612740338835, ""temp_norm_c"": 19.56122935051879, ""norm_years"": 15}, ""combined"": {""precip_mm"": 71.8972325426981, ""temp_c"": 22.00856540803198, ""dry_days"": 95, ""hot_days"": 22, ""max_dry_spell"": 45, ""n_days"": 112, ""precip_deficit_pct"": 18.564550173004303, ""temp_anomaly_c"": 0.7094913801722811, ""precip_norm_mm"": 88.28738920880168, ""temp_norm_c"": 21.2990740278597, ""norm_years"": 15}, ""source"": ""ERA5 региона (медиана соседних полей)""}",сухая серия 45 дней подряд | соседние поля региона в эти дни чуть ниже нормы (медианный Z -0.4) | погодного сигнала нет; вероятны агротехнические причины,"AOI-0010, сезон 2018: умеренная аномалия с 2018-08-02 по 2018-10-22 (82 дней, 13 наблюдений), фаза — созревание и уборка. NDVI в худший день 2018-09-03: 0.12 при норме 0.20 (Z = -1.9). Вероятная причина — ослабленный сезон без явной погодной причины (уверенность 40%). Аргументы: сухая серия 45 дней подряд; соседние поля региона в эти дни чуть ниже нормы (медианный Z -0.4); погодного сигнала нет; вероятны агротехнические причины. Норма: история полигона."
AOI-0010,2019,2019-06-23,2019-07-15,23,7,-1.9149996795275799,-1.5373024931461798,0,-0.09782322800760807,-0.08625937358817519,2019-07-05,0.1328388971588237,0.2286498872478554,пик вегетации,созревание и уборка,174,196,умеренная,weather_drought,0.65,история полигона,ERA5 региона (медиана соседних полей),0,-0.6558428457090092,0.2631578947368421,"{""available"": true, ""before"": {""precip_mm"": 12.434995224954287, ""temp_c"": 25.03383271050835, ""dry_days"": 27, ""hot_days"": 9, ""max_dry_spell"": 26, ""n_days"": 30, ""precip_deficit_pct"": 65.30961520279526, ""temp_anomaly_c"": 3.2140006403264394, ""precip_norm_mm"": 35.8456537673121, ""temp_norm_c"": 21.81983207018191, ""norm_years"": 15}, ""during"": {""precip_mm"": 21.48136950496696, ""temp_c"": 24.13136662100826, ""dry_days"": 17, ""hot_days"": 4, ""max_dry_spell"": 14, ""n_days"": 23, ""precip_deficit_pct"": 1.8492119874747526, ""temp_anomaly_c"": -1.0100589838255445, ""precip_norm_mm"": 21.886089699275438, ""temp_norm_c"": 25.141425604833806, ""norm_years"": 15}, ""combined"": {""precip_mm"": 33.91636472992124, ""temp_c"": 24.64219648298944, ""dry_days"": 44, ""hot_days"": 13, ""max_dry_spell"": 27, ""n_days"": 53, ""precip_deficit_pct"": 41.2517920066792, ""temp_anomaly_c"": 1.3809181619208601, ""precip_norm_mm"": 57.73174346658754, ""temp_norm_c"": 23.26127832106858, ""norm_years"": 15}, ""source"": ""ERA5 региона (медиана соседних полей)""}","за 30 дней до и во время эпизода осадков 34 мм при норме 58 мм (дефицит 41 %) | температура выше нормы на 1.4 °C (24.6 против 23.3 °C), жарких дней 13 | сухая серия 27 дней подряд | за 30 дней до эпизода: осадков 12 мм при норме 36 мм | соседние поля региона в эти дни чуть ниже нормы (медианный Z -0.7)","AOI-0010, сезон 2019: умеренная аномалия с 2019-06-23 по 2019-07-15 (23 дней, 7 наблюдений), фаза — пик вегетации. NDVI в худший день 2019-07-05: 0.13 при норме 0.23 (Z = -1.9). Вероятная причина — погодный стресс: дефицит осадков и/или жара (уверенность 65%). Аргументы: за 30 дней до и во время эпизода осадков 34 мм при норме 58 мм (дефицит 41 %); температура выше нормы на 1.4 °C (24.6 против 23.3 °C), жарких дней 13; сухая серия 27 дней подряд; за 30 дней до эпизода: осадков 12 мм при норме 36 мм; соседние поля региона в эти дни чуть ниже нормы (медианный Z -0.7). Норма: история полигона."
AOI-0010,2020,2020-06-30,2020-08-11,43,14,-1.5632912798264147,-1.3397630992186444,0,-0.07573008156764599,-0.06293881325587178,2020-07-20,0.143290810653572,0.21102722781072025,созревание и уборка,лето после уборки,182,224,умеренная,weather_drought,0.5,история полигона,ERA5 региона (медиана соседних полей),0,-0.7384950405916096,0.2807017543859649,"{""available"": true, ""before"": {""precip_mm"": 31.69039057911216, ""temp_c"": 23.4174224217733, ""dry_days"": 24, ""hot_days"": 2, ""max_dry_spell"": 15, ""n_days"": 30, ""precip_deficit_pct"": 0.83825643932528, ""temp_anomaly_c"": 0.34219636525328667, ""precip_norm_mm"": 31.95828294378624, ""temp_norm_c"": 23.075226056520012, ""norm_years"": 15}, ""during"": {""precip_mm"": 22.273171774070224, ""temp_c"": 26.406160408828327, ""dry_days"": 37, ""hot_days"": 19, ""max_dry_spell"": 14, ""n_days"": 43, ""precip_deficit_pct"": 31.923492470321367, ""temp_anomaly_c"": 0.22325587526777468, ""precip_norm_mm"": 32.717853165954516, ""temp_norm_c"": 26.182904533560553, ""norm_years"": 15}, ""combined"": {""precip_mm"": 53.96356235318238, ""temp_c"": 25.17791192099749, ""dry_days"": 61, ""hot_days"": 21, ""max_dry_spell"": 15, ""n_days"": 73, ""precip_deficit_pct"": 16.563410248227527, ""temp_anomaly_c"": 0.27213552868647994, ""precip_norm_mm"": 64.67613610974077, ""temp_norm_c"": 24.90577639231101, ""norm_years"": 15}, ""source"": ""ERA5 региона (медиана соседних полей)""}","сухая серия 15 дней подряд | соседние поля региона в эти дни тоже ниже нормы (медианный Z -0.7, ниже нормы 28% из 57 полей) — явление региональное | явного дефицита осадков в ERA5 нет, но угнетены все поля региона — вероятен региональный погодный фактор (заморозки, суховей, град)","AOI-0010, сезон 2020: умеренная аномалия с 2020-06-30 по 2020-08-11 (43 дней, 14 наблюдений), фаза — созревание и уборка. NDVI в худший день 2020-07-20: 0.14 при норме 0.21 (Z = -1.6). Вероятная причина — погодный стресс: дефицит осадков и/или жара (уверенность 50%). Аргументы: сухая серия 15 дней подряд; соседние поля региона в эти дни тоже ниже нормы (медианный Z -0.7, ниже нормы 28% из 57 полей) — явление региональное; явного дефицита осадков в ERA5 нет, но угнетены все поля региона — вероятен региональный погодный фактор (заморозки, суховей, град). Норма: история полигона."
AOI-0010,2021,2021-04-03,2021-06-12,71,17,-2.168748110243041,-1.5924949942619555,14,-0.3589337730804074,-0.2535948911491351,2021-05-15,0.2869471728341076,0.6426485503354674,весна (всходы и рост),пик вегетации,93,163,критическая,unsown_or_changed,0.8,история полигона,ERA5 региона (медиана соседних полей),0,-0.21889130488260478,0.21052631578947367,"{""available"": true, ""before"": {""precip_mm"": 0.0025763440021364, ""temp_c"": 8.344263966878287, ""dry_days"": 2, ""hot_days"": 0, ""max_dry_spell"": 2, ""n_days"": 30}, ""during"": {""precip_mm"": 187.33535889805384, ""temp_c"": 14.85237037132215, ""dry_days"": 38, ""hot_days"": 0, ""max_dry_spell"": 12, ""n_days"": 71, ""precip_deficit_pct"": -109.40022963352534, ""temp_anomaly_c"": -1.1848061294493117, ""precip_norm_mm"": 89.46282400258701, ""temp_norm_c"": 16.037176500771462, ""norm_years"": 15}, ""combined"": {""precip_mm"": 187.33793524205598, ""temp_c"": 14.674066086268901, ""dry_days"": 40, ""hot_days"": 0, ""max_dry_spell"": 12, ""n_days"": 101}, ""source"": ""ERA5 региона (медиана соседних полей)""}","другие поля региона в эти дни в норме (медианный Z -0.2, ниже нормы 21% из 57) — причина локальная, на самом поле | пик главного сезона всего 0.37 при норме 0.66: кривая плоская с весны — поле не засеяно, под паром или занято другой культурой","AOI-0010, сезон 2021: критическая аномалия с 2021-04-03 по 2021-06-12 (71 дней, 17 наблюдений), фаза — весна (всходы и рост). NDVI в худший день 2021-05-15: 0.29 при норме 0.64 (Z = -2.2). Вероятная причина — поле не засеяно, под паром или сменилась культура (уверенность 80%). Аргументы: другие поля региона в эти дни в норме (медианный Z -0.2, ниже нормы 21% из 57) — причина локальная, на самом поле; пик главного сезона всего 0.37 при норме 0.66: кривая плоская с весны — поле не засеяно, под паром или занято другой культурой. Норма: история полигона."
AOI-0011,2010,2010-04-17,2010-06-08,53,5,-2.50165484909573,-1.930759399487568,26,-0.37833374616370513,-0.29537921090252023,2010-05-20,0.334284048208752,0.6975567299406499,весна (всходы и рост),пик вегетации,107,159,критическая,early_decline,0.6,история полигона,ERA5 полигона,3,-0.4185680146138338,0.24561403508771928,"{""available"": true, ""before"": {""precip_mm"": 22.784485979741476, ""temp_c"": 8.823531762758922, ""dry_days"": 12, ""hot_days"": 0, ""max_dry_spell"": 5, ""n_days"": 16}, ""during"": {""precip_mm"": 124.91853200877046, ""temp_c"": 17.023423359229156, ""dry_days"": 35, ""hot_days"": 0, ""max_dry_spell"": 16, ""n_days"": 53, ""precip_deficit_pct"": -44.078918095072915, ""temp_anomaly_c"": -0.13125315012421623, ""precip_norm_mm"": 86.70146448930221, ""temp_norm_c"": 17.154676509353372, ""norm_years"": 15}, ""combined"": {""precip_mm"": 147.70301798851193, ""temp_c"": 15.121999220917218, ""dry_days"": 47, ""hot_days"": 0, ""max_dry_spell"": 16, ""n_days"": 69, ""precip_deficit_pct"": -33.5221622973052, ""temp_anomaly_c"": -0.4097236280088019, ""precip_norm_mm"": 110.62060069071615, ""temp_norm_c"": 15.53172284892602, ""norm_years"": 15}, ""source"": ""ERA5 полигона""}","сухая серия 16 дней подряд | соседние поля региона в эти дни чуть ниже нормы (медианный Z -0.4) | пик на уровне нормы (269%), но спад начался на 68 дней раньше обычного","AOI-0011, сезон 2010: критическая аномалия с 2010-04-17 по 2010-06-08 (53 дней, 5 наблюдений), фаза — весна (всходы и рост). NDVI в худший день 2010-05-20: 0.33 при норме 0.70 (Z = -2.5). Вероятная причина — ранний спад вегетации (уборка, полегание, болезнь) (уверенность 60%). Аргументы: сухая серия 16 дней подряд; соседние поля региона в эти дни чуть ниже нормы (медианный Z -0.4); пик на уровне нормы (269%), но спад начался на 68 дней раньше обычного. Норма: история полигона."
AOI-0011,2012,2012-06-03,2012-06-27,25,2,-1.7685736054811303,-1.383882187739185,0,-0.18747044453288236,-0.1676385541950462,2012-06-10,0.40019009161574143,0.5876605361486238,пик вегетации,созревание и уборка,155,179,умеренная,weather_drought,0.65,история полигона,ERA5 полигона,0,-0.3089625120929432,0.3157894736842105,"{""available"": true, ""before"": {""precip_mm"": 49.13025422484907, ""temp_c"": 21.245559989081514, ""dry_days"": 22, ""hot_days"": 0, ""max_dry_spell"": 14, ""n_days"": 30, ""precip_deficit_pct"": 22.697465335470035, ""temp_anomaly_c"": 3.2700346586439366, ""precip_norm_mm"": 63.5558128049226, ""temp_norm_c"": 17.975525330437577, ""norm_years"": 15}, ""during"": {""precip_mm"": 31.4334895061279, ""temp_c"": 25.612937698364277, ""dry_days"": 21, ""hot_days"": 8, ""max_dry_spell"": 9, ""n_days"": 25, ""precip_deficit_pct"": -3.561262031777801, ""temp_anomaly_c"": 2.220317847357851, ""precip_norm_mm"": 30.352555472414508, ""temp_norm_c"": 23.392619851006426, ""norm_years"": 15}, ""combined"": {""precip_mm"": 80.56374373097697, ""temp_c"": 23.230731675119127, ""dry_days"": 43, ""hot_days"": 8, ""max_dry_spell"": 14, ""n_days"": 55, ""precip_deficit_pct"": 14.210261333633023, ""temp_anomaly_c"": 2.7928906535138864, ""precip_norm_mm"": 93.9083682773371, ""temp_norm_c"": 20.43784102160524, ""norm_years"": 15}, ""source"": ""ERA5 полигона""}","температура выше нормы на 2.8 °C (23.2 против 20.4 °C), жарких дней 8 | соседние поля региона в эти дни чуть ниже нормы (медианный Z -0.3)","AOI-0011, сезон 2012: умеренная аномалия с 2012-06-03 по 2012-06-27 (25 дней, 2 наблюдений), фаза — пик вегетации. NDVI в худший день 2012-06-10: 0.40 при норме 0.59 (Z = -1.8). Вероятная причина — погодный стресс: дефицит осадков и/или жара (уверенность 65%). Аргументы: температура выше нормы на 2.8 °C (23.2 против 20.4 °C), жарких дней 8; соседние поля региона в эти дни чуть ниже нормы (медианный Z -0.3). Норма: история полигона."
AOI-0011,2013,2013-04-01,2013-06-06,67,8,-2.391589172667591,-2.001222663336861,41,-0.42439961134781246,-0.3140225781054236,2013-05-26,0.3900154086399056,0.6916870559941929,весна (всходы и рост),пик вегетации,91,157,критическая,crop_rotation,0.7,история полигона,ERA5 полигона,0,-0.2252992626753249,0.17543859649122806,"{""available"": true, ""during"": {""precip_mm"": 39.762965904373004, ""temp_c"": 16.976291692553488, ""dry_days"": 56, ""hot_days"": 0, ""max_dry_spell"": 21, ""n_days"": 67, ""precip_deficit_pct"": 65.95710750704164, ""temp_anomaly_c"": 1.7733752397755467, ""precip_norm_mm"": 116.802548175358, ""temp_norm_c"": 15.202916452777941, ""norm_years"": 15}, ""combined"": {""precip_mm"": 39.762965904373004, ""temp_c"": 16.97629169255349, ""dry_days"": 56, ""hot_days"": 0, ""max_dry_spell"": 21, ""n_days"": 97}, ""source"": ""ERA5 полигона""}","другие поля региона в эти дни в норме (медианный Z -0.2, ниже нормы 18% из 57) — причина локальная, на самом поле | пик достигнут (95% нормы), но на 34 дней позже обычного: на поле яровая культура вместо привычной озимой, весеннее отставание — смена фазы, а не угнетение","AOI-0011, сезон 2013: критическая аномалия с 2013-04-01 по 2013-06-06 (67 дней, 8 наблюдений), фаза — весна (всходы и рост). NDVI в худший день 2013-05-26: 0.39 при норме 0.69 (Z = -2.4). Вероятная причина — смена культуры: яровая вместо озимой, весеннее отставание — не угнетение (уверенность 70%). Аргументы: другие поля региона в эти дни в норме (медианный Z -0.2, ниже нормы 18% из 57) — причина локальная, на самом поле; пик достигнут (95% нормы), но на 34 дней позже обычного: на поле яровая культура вместо привычной озимой, весеннее отставание — смена фазы, а не угнетение. Норма: история полигона."
AOI-0011,2014,2014-06-12,2014-06-28,17,2,-1.8110474465040551,-1.4558759044483316,0,-0.22303684787778927,-0.18447895249808777,2014-06-19,0.2586810855052282,0.4817179333830175,пик вегетации,созревание и уборка,163,179,умеренная,data_suspect,0.4,история полигона,ERA5 полигона,2,-0.5403526544012575,0.3157894736842105,"{""available"": true, ""before"": {""precip_mm"": 39.52480288810278, ""temp_c"": 22.624182976616783, ""dry_days"": 19, ""hot_days"": 0, ""max_dry_spell"": 6, ""n_days"": 30, ""precip_deficit_pct"": 21.440876470830506, ""temp_anomaly_c"": 2.708009797555434, ""precip_norm_mm"": 50.312173955743, ""temp_norm_c"": 19.91617317906135, ""norm_years"": 15}, ""during"": {""precip_mm"": 18.390219628280136, ""temp_c"": 21.412989515416786, ""dry_days"": 12, ""hot_days"": 0, ""max_dry_spell"": 6, ""n_days"": 17, ""precip_deficit_pct"": 24.77049306729353, ""temp_anomaly_c"": -3.033664080052599, ""precip_norm_mm"": 24.445487386658492, ""temp_norm_c"": 24.446653595469385, ""norm_years"": 15}, ""combined"": {""precip_mm"": 57.91502251638292, ""temp_c"": 22.18609172469338, ""dry_days"": 31, ""hot_days"": 0, ""max_dry_spell"": 6, ""n_days"": 47, ""precip_deficit_pct"": 22.529649167162567, ""temp_anomaly_c"": 0.631234139697213, ""precip_norm_mm"": 74.75766134240149, ""temp_norm_c"": 21.554857584996167, ""norm_years"": 15}, ""source"": ""ERA5 полигона""}","соседние поля региона в эти дни чуть ниже нормы (медианный Z -0.5) | внутри эпизода всего 2 наблюдений, рядом 2 артефактов","AOI-0011, сезон 2014: умеренная аномалия с 2014-06-12 по 2014-06-28 (17 дней, 2 наблюдений), фаза — пик вегетации. NDVI в худший день 2014-06-19: 0.26 при норме 0.48 (Z = -1.8). Вероятная причина — вероятная ошибка данных (мало наблюдений, артефакты рядом) (уверенность 40%). Аргументы: соседние поля региона в эти дни чуть ниже нормы (медианный Z -0.5); внутри эпизода всего 2 наблюдений, рядом 2 артефактов. Норма: история полигона."
AOI-0011,2018,2018-07-31,2018-09-12,44,5,-1.4329537708342344,-1.2192531273113436,0,-0.11987796910476578,-0.09086547897139967,2018-09-01,0.1331847899305951,0.21089976515931777,созревание и уборка,лето после уборки,212,255,умеренная,weak_season,0.4,история полигона,ERA5 полигона,0,-0.3498509842683468,0.14035087719298245,"{""available"": true, ""before"": {""precip_mm"": 54.42021216655491, ""temp_c"": 26.878690359327553, ""dry_days"": 21, ""hot_days"": 13, ""max_dry_spell"": 8, ""n_days"": 30, ""precip_deficit_pct"": -41.36594348431662, ""temp_anomaly_c"": 0.7079906230502679, ""precip_norm_mm"": 38.49598483569162, ""temp_norm_c"": 26.170699736277285, ""norm_years"": 15}, ""during"": {""precip_mm"": 7.23482073714976, ""temp_c"": 24.86854601773351, ""dry_days"": 42, ""hot_days"": 12, ""max_dry_spell"": 38, ""n_days"": 44, ""precip_deficit_pct"": 78.32881458779725, ""temp_anomaly_c"": 0.21394539698205506, ""precip_norm_mm"": 33.38451773420725, ""temp_norm_c"": 24.654600620751456, ""norm_years"": 15}, ""combined"": {""precip_mm"": 61.65503290370467, ""temp_c"": 25.683469399460822, ""dry_days"": 63, ""hot_days"": 25, ""max_dry_spell"": 45, ""n_days"": 74, ""precip_deficit_pct"": 14.22565132492032, ""temp_anomaly_c"": 0.4142340021448412, ""precip_norm_mm"": 71.88050256989888, ""temp_norm_c"": 25.26923539731598, ""norm_years"": 15}, ""source"": ""ERA5 полигона""}",сухая серия 45 дней подряд | соседние поля региона в эти дни чуть ниже нормы (медианный Z -0.3) | погодного сигнала нет; вероятны агротехнические причины,"AOI-0011, сезон 2018: умеренная аномалия с 2018-07-31 по 2018-09-12 (44 дней, 5 наблюдений), фаза — созревание и уборка. NDVI в худший день 2018-09-01: 0.13 при норме 0.21 (Z = -1.4). Вероятная причина — ослабленный сезон без явной погодной причины (уверенность 40%). Аргументы: сухая серия 45 дней подряд; соседние поля региона в эти дни чуть ниже нормы (медианный Z -0.3); погодного сигнала нет; вероятны агротехнические причины. Норма: история полигона."
AOI-0011,2019,2019-04-01,2019-05-15,45,12,-1.7108611015767794,-1.5103975196920054,0,-0.3813121215864067,-0.26729379955073973,2019-04-01,0.19631563221383708,0.3540623819104303,весна (всходы и рост),весна (всходы и рост),91,135,умеренная,late_start,0.6,история полигона,ERA5 полигона,1,0.42855329690055866,0.17543859649122806,"{""available"": true, ""during"": {""precip_mm"": 75.63005845372572, ""temp_c"": 12.961846386944828, ""dry_days"": 32, ""hot_days"": 0, ""max_dry_spell"": 11, ""n_days"": 45, ""precip_deficit_pct"": -3.885657013847732, ""temp_anomaly_c"": -0.12824905254223218, ""precip_norm_mm"": 72.80125151794958, ""temp_norm_c"": 13.09009543948706, ""norm_years"": 15}, ""combined"": {""precip_mm"": 75.63005845372572, ""temp_c"": 12.961846386944828, ""dry_days"": 32, ""hot_days"": 0, ""max_dry_spell"": 11, ""n_days"": 75}, ""source"": ""ERA5 полигона""}","другие поля региона в эти дни в норме (медианный Z 0.4, ниже нормы 18% из 57) — причина локальная, на самом поле | рост начался на 27 дней позже нормы, но пик достигнут (102% нормы)","AOI-0011, сезон 2019: умеренная аномалия с 2019-04-01 по 2019-05-15 (45 дней, 12 наблюдений), фаза — весна (всходы и рост). NDVI в худший день 2019-04-01: 0.20 при норме 0.35 (Z = -1.7). Вероятная причина — запаздывание всходов и роста (уверенность 60%). Аргументы: другие поля региона в эти дни в норме (медианный Z 0.4, ниже нормы 18% из 57) — причина локальная, на самом поле; рост начался на 27 дней позже нормы, но пик достигнут (102% нормы). Норма: история полигона."
AOI-0011,2024,2024-04-01,2024-06-02,63,14,-2.0973694351372276,-1.6689679000397832,13,-0.3555662510608653,-0.27494668495177993,2024-05-21,0.3907559129976857,0.695274002839884,весна (всходы и рост),пик вегетации,92,154,критическая,crop_rotation,0.7,история полигона,ERA5 полигона,0,0.7476123761978151,0.19298245614035087,"{""available"": true, ""during"": {""precip_mm"": 43.160490088688164, ""temp_c"": 16.582336599360087, ""dry_days"": 51, ""hot_days"": 0, ""max_dry_spell"": 10, ""n_days"": 63, ""precip_deficit_pct"": 61.5846231117644, ""temp_anomaly_c"": 1.7888827009385988, ""precip_norm_mm"": 112.35211934600524, ""temp_norm_c"": 14.793453898421488, ""norm_years"": 15}, ""combined"": {""precip_mm"": 43.160490088688164, ""temp_c"": 16.582336599360087, ""dry_days"": 51, ""hot_days"": 0, ""max_dry_spell"": 10, ""n_days"": 93}, ""source"": ""ERA5 полигона""}","другие поля региона в эти дни в норме (медианный Z 0.7, ниже нормы 19% из 57) — причина локальная, на самом поле | пик достигнут (100% нормы), но на 34 дней позже обычного: на поле яровая культура вместо привычной озимой, весеннее отставание — смена фазы, а не угнетение","AOI-0011, сезон 2024: критическая аномалия с 2024-04-01 по 2024-06-02 (63 дней, 14 наблюдений), фаза — весна (всходы и рост). NDVI в худший день 2024-05-21: 0.39 при норме 0.70 (Z = -2.1). Вероятная причина — смена культуры: яровая вместо озимой, весеннее отставание — не угнетение (уверенность 70%). Аргументы: другие поля региона в эти дни в норме (медианный Z 0.7, ниже нормы 19% из 57) — причина локальная, на самом поле; пик достигнут (100% нормы), но на 34 дней позже обычного: на поле яровая культура вместо привычной озимой, весеннее отставание — смена фазы, а не угнетение. Норма: история полигона."
AOI-0011,2025,2025-06-02,2025-06-26,25,8,-2.4432772603478936,-1.690356274213885,8,-0.2408022227351761,-0.1926431500384208,2025-06-11,0.35041376529360063,0.5912159880287767,пик вегетации,созревание и уборка,153,177,критическая,early_decline,0.6,история полигона,ERA5 полигона,1,-0.20132794345006313,0.2597402597402597,"{""available"": true, ""before"": {""precip_mm"": 46.82684701932871, ""temp_c"": 17.459862581888856, ""dry_days"": 20, ""hot_days"": 0, ""max_dry_spell"": 7, ""n_days"": 30, ""precip_deficit_pct"": 24.735026718445262, ""temp_anomaly_c"": -0.5776907009548609, ""precip_norm_mm"": 62.21598836441042, ""temp_norm_c"": 18.037553282843717, ""norm_years"": 15}, ""during"": {""precip_mm"": 46.194626223764246, ""temp_c"": 21.919066060384143, ""dry_days"": 16, ""hot_days"": 1, ""max_dry_spell"": 8, ""n_days"": 25, ""precip_deficit_pct"": -60.33227702378281, ""temp_anomaly_c"": -1.571181989881719, ""precip_norm_mm"": 28.81180700559251, ""temp_norm_c"": 23.490248050265862, ""norm_years"": 15}, ""combined"": {""precip_mm"": 93.02147324309296, ""temp_c"": 19.486773253932167, ""dry_days"": 36, ""hot_days"": 1, ""max_dry_spell"": 8, ""n_days"": 55, ""precip_deficit_pct"": -2.1901858272918684, ""temp_anomaly_c"": -1.0292776504670762, ""precip_norm_mm"": 91.0277953700029, ""temp_norm_c"": 20.516050904399243, ""norm_years"": 15}, ""source"": ""ERA5 полигона""}","другие поля региона в эти дни в норме (медианный Z -0.2, ниже нормы 26% из 77) — причина локальная, на самом поле | пик на уровне нормы (121%), но спад начался на 21 дней раньше обычного","AOI-0011, сезон 2025: критическая аномалия с 2025-06-02 по 2025-06-26 (25 дней, 8 наблюдений), фаза — пик вегетации. NDVI в худший день 2025-06-11: 0.35 при норме 0.59 (Z = -2.4). Вероятная причина — ранний спад вегетации (уборка, полегание, болезнь) (уверенность 60%). Аргументы: другие поля региона в эти дни в норме (медианный Z -0.2, ниже нормы 26% из 77) — причина локальная, на самом поле; пик на уровне нормы (121%), но спад начался на 21 дней раньше обычного. Норма: история полигона."
AOI-0012,2025,2025-06-06,2025-08-18,74,23,-1.886875487072018,-1.331911776850705,0,-0.2669451858244378,-0.22671944438562053,2025-06-12,0.301813569392343,0.5644732407973904,пик вегетации,лето после уборки,157,230,умеренная,early_decline,0.6,среднее по культуре (истории полигона нет),ERA5 региона (медиана соседних полей),1,-0.3450879166192179,0.2077922077922078,"{""available"": true, ""before"": {""precip_mm"": 39.56227303001864, ""temp_c"": 18.257452668084063, ""dry_days"": 21, ""hot_days"": 0, ""max_dry_spell"": 7, ""n_days"": 30, ""precip_deficit_pct"": 21.365838081145373, ""temp_anomaly_c"": -0.2689304453352399, ""precip_norm_mm"": 50.311813675644366, ""temp_norm_c"": 18.526383113419303, ""norm_years"": 15}, ""during"": {""precip_mm"": 58.78067927895443, ""temp_c"": 25.05388310043902, ""dry_days"": 59, ""hot_days"": 28, ""max_dry_spell"": 16, ""n_days"": 74, ""precip_deficit_pct"": 1.7810511494759207, ""temp_anomaly_c"": -0.2913308443960183, ""precip_norm_mm"": 59.846577434269484, ""temp_norm_c"": 25.345213944835038, ""norm_years"": 15}, ""combined"": {""precip_mm"": 98.34295230897308, ""temp_c"": 23.093374321875096, ""dry_days"": 80, ""hot_days"": 28, ""max_dry_spell"": 16, ""n_days"": 104, ""precip_deficit_pct"": 10.725863624089726, ""temp_anomaly_c"": -0.2848691908207961, ""precip_norm_mm"": 110.15839110991382, ""temp_norm_c"": 23.378243512695892, ""norm_years"": 15}, ""source"": ""ERA5 региона (медиана соседних полей)""}","сухая серия 16 дней подряд | соседние поля региона в эти дни чуть ниже нормы (медианный Z -0.3) | пик на уровне нормы (102%), но спад начался на 33 дней раньше обычного","AOI-0012, сезон 2025: умеренная аномалия с 2025-06-06 по 2025-08-18 (74 дней, 23 наблюдений), фаза — пик вегетации. NDVI в худший день 2025-06-12: 0.30 при норме 0.56 (Z = -1.9). Вероятная причина — ранний спад вегетации (уборка, полегание, болезнь) (уверенность 60%). Аргументы: сухая серия 16 дней подряд; соседние поля региона в эти дни чуть ниже нормы (медианный Z -0.3); пик на уровне нормы (102%), но спад начался на 33 дней раньше обычного. Норма: среднее по культуре (истории полигона нет)."
AOI-0013,2010,2010-06-01,2010-07-24,54,5,-3.0761852595934607,-2.169261954938441,25,-0.19791676444327544,-0.15580381370966814,2010-07-09,0.28865910903540815,0.48434687976869134,пик вегетации,созревание и уборка,152,205,критическая,weather_drought,0.75,история полигона,ERA5 региона (медиана соседних полей),1,-0.1485917575029621,0.10526315789473684,"{""available"": true, ""before"": {""precip_mm"": 89.08163911899909, ""temp_c"": 18.120604266413963, ""dry_days"": 15, ""hot_days"": 0, ""max_dry_spell"": 7, ""n_days"": 30, ""precip_deficit_pct"": -100.48508856918818, ""temp_anomaly_c"": 0.4963084122502508, ""precip_norm_mm"": 44.43304973689187, ""temp_norm_c"": 17.624295854163712, ""norm_years"": 15}, ""during"": {""precip_mm"": 26.443751364751847, ""temp_c"": 25.880491490357546, ""dry_days"": 46, ""hot_days"": 17, ""max_dry_spell"": 21, ""n_days"": 54, ""precip_deficit_pct"": 53.47575036305277, ""temp_anomaly_c"": 1.6960837296756104, ""precip_norm_mm"": 56.83864129159762, ""temp_norm_c"": 24.184407760681935, ""norm_years"": 15}, ""combined"": {""precip_mm"": 115.52539048375095, ""temp_c"": 23.109103196091986, ""dry_days"": 61, ""hot_days"": 17, ""max_dry_spell"": 22, ""n_days"": 84, ""precip_deficit_pct"": -14.0747125978687, ""temp_anomaly_c"": 1.267592544880845, ""precip_norm_mm"": 101.27169102848949, ""temp_norm_c"": 21.84151065121114, ""norm_years"": 15}, ""source"": ""ERA5 региона (медиана соседних полей)""}","температура выше нормы на 1.3 °C (23.1 против 21.8 °C), жарких дней 17 | сухая серия 22 дней подряд | за 30 дней до эпизода: осадков 89 мм при норме 44 мм | во время эпизода: осадков 26 мм при норме 57 мм | другие поля региона в эти дни в норме (медианный Z -0.1, ниже нормы 11% из 57) — причина локальная, на самом поле | пик на уровне нормы (143%), но спад начался на 128 дней раньше обычного","AOI-0013, сезон 2010: критическая аномалия с 2010-06-01 по 2010-07-24 (54 дней, 5 наблюдений), фаза — пик вегетации. NDVI в худший день 2010-07-09: 0.29 при норме 0.48 (Z = -3.1). Вероятная причина — погодный стресс: дефицит осадков и/или жара (уверенность 75%). Аргументы: температура выше нормы на 1.3 °C (23.1 против 21.8 °C), жарких дней 17; сухая серия 22 дней подряд; за 30 дней до эпизода: осадков 89 мм при норме 44 мм; во время эпизода: осадков 26 мм при норме 57 мм; другие поля региона в эти дни в норме (медианный Z -0.1, ниже нормы 11% из 57) — причина локальная, на самом поле; пик на уровне нормы (143%), но спад начался на 128 дней раньше обычного. Норма: история полигона."
AOI-0013,2010,2010-08-03,2010-10-30,89,13,-3.2931805703392794,-2.5925547189494544,70,-0.2875002396555624,-0.22959561185737987,2010-09-02,0.18725050307522137,0.4459669056362036,созревание и уборка,осень (озимые всходы),215,303,критическая,weather_drought,0.75,история полигона,ERA5 региона (медиана соседних полей),0,-0.5564123222694514,0.17543859649122806,"{""available"": true, ""before"": {""precip_mm"": 17.141750960370672, ""temp_c"": 28.586481950547977, ""dry_days"": 25, ""hot_days"": 21, ""max_dry_spell"": 14, ""n_days"": 30, ""precip_deficit_pct"": 31.10189766007696, ""temp_anomaly_c"": 2.5927308538707123, ""precip_norm_mm"": 24.879859354903996, ""temp_norm_c"": 25.993751096677265, ""norm_years"": 15}, ""during"": {""precip_mm"": 65.43664513454235, ""temp_c"": 19.275161000068046, ""dry_days"": 74, ""hot_days"": 18, ""max_dry_spell"": 30, ""n_days"": 89, ""precip_deficit_pct"": 9.750298670842861, ""temp_anomaly_c"": 0.7669242840487165, ""precip_norm_mm"": 72.506217938476, ""temp_norm_c"": 18.50823671601933, ""norm_years"": 15}, ""combined"": {""precip_mm"": 82.578396094913, ""temp_c"": 21.622552836323493, ""dry_days"": 99, ""hot_days"": 39, ""max_dry_spell"": 44, ""n_days"": 119, ""precip_deficit_pct"": 15.2051315855532, ""temp_anomaly_c"": 1.2272116545920788, ""precip_norm_mm"": 97.38607729337997, ""temp_norm_c"": 20.395341181731414, ""norm_years"": 15}, ""source"": ""ERA5 региона (медиана соседних полей)""}","температура выше нормы на 1.2 °C (21.6 против 20.4 °C), жарких дней 39 | сухая серия 44 дней подряд | соседние поля региона в эти дни чуть ниже нормы (медианный Z -0.6) | пик на уровне нормы (143%), но спад начался на 128 дней раньше обычного","AOI-0013, сезон 2010: критическая аномалия с 2010-08-03 по 2010-10-30 (89 дней, 13 наблюдений), фаза — созревание и уборка. NDVI в худший день 2010-09-02: 0.19 при норме 0.45 (Z = -3.3). Вероятная причина — погодный стресс: дефицит осадков и/или жара (уверенность 75%). Аргументы: температура выше нормы на 1.2 °C (21.6 против 20.4 °C), жарких дней 39; сухая серия 44 дней подряд; соседние поля региона в эти дни чуть ниже нормы (медианный Z -0.6); пик на уровне нормы (143%), но спад начался на 128 дней раньше обычного. Норма: история полигона."
AOI-0013,2011,2011-04-01,2011-06-21,82,11,-2.839445899623061,-1.732805973806499,22,-0.2275895397420754,-0.16198936609805514,2011-06-20,0.24696290983602814,0.4737016038515189,весна (всходы и рост),пик вегетации,91,172,критическая,early_decline,0.6,история полигона,ERA5 региона (медиана соседних полей),3,-0.1673761008973682,0.14035087719298245,"{""available"": true, ""during"": {""precip_mm"": 114.07549642504327, ""temp_c"": 15.241335499352825, ""dry_days"": 49, ""hot_days"": 0, ""max_dry_spell"": 13, ""n_days"": 82, ""precip_deficit_pct"": -5.999577835376746, ""temp_anomaly_c"": -1.49214966660967, ""precip_norm_mm"": 107.61882146569383, ""temp_norm_c"": 16.733485165962495, ""norm_years"": 15}, ""combined"": {""precip_mm"": 114.07549642504326, ""temp_c"": 15.241335499352822, ""dry_days"": 49, ""hot_days"": 0, ""max_dry_spell"": 13, ""n_days"": 112}, ""source"": ""ERA5 региона (медиана соседних полей)""}","другие поля региона в эти дни в норме (медианный Z -0.2, ниже нормы 14% из 57) — причина локальная, на самом поле | пик на уровне нормы (111%), но спад начался на 18 дней раньше обычного","AOI-0013, сезон 2011: критическая аномалия с 2011-04-01 по 2011-06-21 (82 дней, 11 наблюдений), фаза — весна (всходы и рост). NDVI в худший день 2011-06-20: 0.25 при норме 0.47 (Z = -2.8). Вероятная причина — ранний спад вегетации (уборка, полегание, болезнь) (уверенность 60%). Аргументы: другие поля региона в эти дни в норме (медианный Z -0.2, ниже нормы 14% из 57) — причина локальная, на самом поле; пик на уровне нормы (111%), но спад начался на 18 дней раньше обычного. Норма: история полигона."
AOI-0013,2011,2011-07-25,2011-08-20,27,8,-1.6956453601429984,-1.4344498064706361,0,-0.13999159656431975,-0.11847977119604954,2011-08-04,0.3162282831896779,0.45097780235438,созревание и уборка,лето после уборки,206,232,умеренная,early_decline,0.6,история полигона,ERA5 региона (медиана соседних полей),0,-0.07718583192580415,0.05263157894736842,"{""available"": true, ""before"": {""precip_mm"": 58.1998290472967, ""temp_c"": 25.052627800230017, ""dry_days"": 20, ""hot_days"": 9, ""max_dry_spell"": 11, ""n_days"": 30, ""precip_deficit_pct"": -107.66474202874305, ""temp_anomaly_c"": -0.3746304005617809, ""precip_norm_mm"": 28.025859603668884, ""temp_norm_c"": 25.427258200791798, ""norm_years"": 15}, ""during"": {""precip_mm"": 17.675339202373014, ""temp_c"": 26.680813876493495, ""dry_days"": 24, ""hot_days"": 12, ""max_dry_spell"": 12, ""n_days"": 27, ""precip_deficit_pct"": -41.39181718938389, ""temp_anomaly_c"": 0.07240678212497187, ""precip_norm_mm"": 12.500963318618505, ""temp_norm_c"": 26.608407094368523, ""norm_years"": 15}, ""combined"": {""precip_mm"": 75.87516824966971, ""temp_c"": 25.82387383635482, ""dry_days"": 44, ""hot_days"": 21, ""max_dry_spell"": 12, ""n_days"": 57, ""precip_deficit_pct"": -87.22209830058698, ""temp_anomaly_c"": -0.16287594560489893, ""precip_norm_mm"": 40.52682292228739, ""temp_norm_c"": 25.98674978195972, ""norm_years"": 15}, ""source"": ""ERA5 региона (медиана соседних полей)""}","другие поля региона в эти дни в норме (медианный Z -0.1, ниже нормы 5% из 57) — причина локальная, на самом поле | пик на уровне нормы (111%), но спад начался на 18 дней раньше обычного","AOI-0013, сезон 2011: умеренная аномалия с 2011-07-25 по 2011-08-20 (27 дней, 8 наблюдений), фаза — созревание и уборка. NDVI в худший день 2011-08-04: 0.32 при норме 0.45 (Z = -1.7). Вероятная причина — ранний спад вегетации (уборка, полегание, болезнь) (уверенность 60%). Аргументы: другие поля региона в эти дни в норме (медианный Z -0.1, ниже нормы 5% из 57) — причина локальная, на самом поле; пик на уровне нормы (111%), но спад начался на 18 дней раньше обычного. Норма: история полигона."
AOI-0013,2012,2012-09-10,2012-10-23,44,7,-1.6339169450387967,-1.3676931261005967,0,-0.15566326048896145,-0.14301293612742333,2012-09-26,0.2716401716654182,0.4267300351881245,лето после уборки,осень (озимые всходы),254,297,умеренная,early_decline,0.6,история полигона,ERA5 региона (медиана соседних полей),0,-0.3064883061835238,0.21052631578947367,"{""available"": true, ""before"": {""precip_mm"": 28.247527533723133, ""temp_c"": 21.870333079383503, ""dry_days"": 24, ""hot_days"": 3, ""max_dry_spell"": 11, ""n_days"": 30, ""precip_deficit_pct"": -75.89848280898129, ""temp_anomaly_c"": -2.272651131506045, ""precip_norm_mm"": 16.058994416909677, ""temp_norm_c"": 24.142984210889548, ""norm_years"": 15}, ""during"": {""precip_mm"": 20.374788472972327, ""temp_c"": 17.172893945777478, ""dry_days"": 38, ""hot_days"": 0, ""max_dry_spell"": 14, ""n_days"": 44, ""precip_deficit_pct"": 53.84359624770937, ""temp_anomaly_c"": 2.4679503724099874, ""precip_norm_mm"": 44.142928860572624, ""temp_norm_c"": 14.70494357336749, ""norm_years"": 15}, ""combined"": {""precip_mm"": 48.62231600669546, ""temp_c"": 19.077261162104254, ""dry_days"": 62, ""hot_days"": 3, ""max_dry_spell"": 23, ""n_days"": 74, ""precip_deficit_pct"": 19.234613514611798, ""temp_anomaly_c"": 0.5460848978494397, ""precip_norm_mm"": 60.2019232774823, ""temp_norm_c"": 18.531176264254814, ""norm_years"": 15}, ""source"": ""ERA5 региона (медиана соседних полей)""}","сухая серия 23 дней подряд | соседние поля региона в эти дни чуть ниже нормы (медианный Z -0.3) | пик на уровне нормы (126%), но спад начался на 79 дней раньше обычного","AOI-0013, сезон 2012: умеренная аномалия с 2012-09-10 по 2012-10-23 (44 дней, 7 наблюдений), фаза — лето после уборки. NDVI в худший день 2012-09-26: 0.27 при норме 0.43 (Z = -1.6). Вероятная причина — ранний спад вегетации (уборка, полегание, болезнь) (уверенность 60%). Аргументы: сухая серия 23 дней подряд; соседние поля региона в эти дни чуть ниже нормы (медианный Z -0.3); пик на уровне нормы (126%), но спад начался на 79 дней раньше обычного. Норма: история полигона."
AOI-0013,2014,2014-05-24,2014-09-06,106,20,-2.071420326626851,-1.41355612490095,7,-0.13640197293075962,-0.11142857904420098,2014-07-25,0.34668595394853124,0.4702886209217486,пик вегетации,лето после уборки,144,249,критическая,early_decline,0.6,история полигона,ERA5 региона (медиана соседних полей),1,-0.5110514334917625,0.10526315789473684,"{""available"": true, ""before"": {""precip_mm"": 42.168439998403585, ""temp_c"": 17.519021458096, ""dry_days"": 17, ""hot_days"": 0, ""max_dry_spell"": 4, ""n_days"": 30, ""precip_deficit_pct"": -2.4333408136607337, ""temp_anomaly_c"": 1.3985513088219612, ""precip_norm_mm"": 41.16671355580732, ""temp_norm_c"": 16.120470149274038, ""norm_years"": 15}, ""during"": {""precip_mm"": 71.33144130278859, ""temp_c"": 24.769558751465308, ""dry_days"": 83, ""hot_days"": 26, ""max_dry_spell"": 29, ""n_days"": 106, ""precip_deficit_pct"": 19.979103303727463, ""temp_anomaly_c"": 0.3418101809055081, ""precip_norm_mm"": 89.14101721895761, ""temp_norm_c"": 24.4277485705598, ""norm_years"": 15}, ""combined"": {""precip_mm"": 113.49988130119218, ""temp_c"": 23.17017552498678, ""dry_days"": 100, ""hot_days"": 26, ""max_dry_spell"": 29, ""n_days"": 136, ""precip_deficit_pct"": 12.898581974867563, ""temp_anomaly_c"": 0.5749148414753122, ""precip_norm_mm"": 130.30773077476496, ""temp_norm_c"": 22.59526068351147, ""norm_years"": 15}, ""source"": ""ERA5 региона (медиана соседних полей)""}","сухая серия 29 дней подряд | соседние поля региона в эти дни чуть ниже нормы (медианный Z -0.5) | пик на уровне нормы (117%), но спад начался на 128 дней раньше обычного","AOI-0013, сезон 2014: критическая аномалия с 2014-05-24 по 2014-09-06 (106 дней, 20 наблюдений), фаза — пик вегетации. NDVI в худший день 2014-07-25: 0.35 при норме 0.47 (Z = -2.1). Вероятная причина — ранний спад вегетации (уборка, полегание, болезнь) (уверенность 60%). Аргументы: сухая серия 29 дней подряд; соседние поля региона в эти дни чуть ниже нормы (медианный Z -0.5); пик на уровне нормы (117%), но спад начался на 128 дней раньше обычного. Норма: история полигона."
AOI-0013,2018,2018-04-23,2018-08-06,106,23,-2.379439493086204,-1.6624778643632174,30,-0.14916705337894948,-0.12334824587343349,2018-07-18,0.34001628702943293,0.47752639505967237,весна (всходы и рост),созревание и уборка,113,218,критическая,weather_drought,0.65,история полигона,ERA5 региона (медиана соседних полей),1,-0.39264750381294433,0.14035087719298245,"{""available"": true, ""before"": {""precip_mm"": 17.72467098866163, ""temp_c"": 10.537372872323722, ""dry_days"": 17, ""hot_days"": 0, ""max_dry_spell"": 15, ""n_days"": 30}, ""during"": {""precip_mm"": 71.36511856888745, ""temp_c"": 23.09826731760371, ""dry_days"": 90, ""hot_days"": 24, ""max_dry_spell"": 33, ""n_days"": 106, ""precip_deficit_pct"": 39.88741468871032, ""temp_anomaly_c"": 1.3157877125104882, ""precip_norm_mm"": 118.7190971729583, ""temp_norm_c"": 21.782479605093222, ""norm_years"": 15}, ""combined"": {""precip_mm"": 89.08978955754907, ""temp_c"": 20.93936358482121, ""dry_days"": 107, ""hot_days"": 24, ""max_dry_spell"": 33, ""n_days"": 136, ""precip_deficit_pct"": 41.34003324169555, ""temp_anomaly_c"": 1.1030482293888788, ""precip_norm_mm"": 151.8749404080368, ""temp_norm_c"": 19.83631535543233, ""norm_years"": 15}, ""source"": ""ERA5 региона (медиана соседних полей)""}","за 30 дней до и во время эпизода осадков 89 мм при норме 152 мм (дефицит 41 %) | температура выше нормы на 1.1 °C (20.9 против 19.8 °C), жарких дней 24 | сухая серия 33 дней подряд | соседние поля региона в эти дни чуть ниже нормы (медианный Z -0.4)","AOI-0013, сезон 2018: критическая аномалия с 2018-04-23 по 2018-08-06 (106 дней, 23 наблюдений), фаза — весна (всходы и рост). NDVI в худший день 2018-07-18: 0.34 при норме 0.48 (Z = -2.4). Вероятная причина — погодный стресс: дефицит осадков и/или жара (уверенность 65%). Аргументы: за 30 дней до и во время эпизода осадков 89 мм при норме 152 мм (дефицит 41 %); температура выше нормы на 1.1 °C (20.9 против 19.8 °C), жарких дней 24; сухая серия 33 дней подряд; соседние поля региона в эти дни чуть ниже нормы (медианный Z -0.4). Норма: история полигона."
AOI-0013,2020,2020-05-09,2020-05-29,21,6,-1.6056199938244635,-1.3822554911304559,0,-0.09461323009166173,-0.08726292609365635,2020-05-20,0.36945189895992764,0.4633876791564339,весна (всходы и рост),пик вегетации,130,150,умеренная,late_start,0.6,история полигона,ERA5 региона (медиана соседних полей),2,-0.16094914960359333,0.24561403508771928,"{""available"": true, ""before"": {""precip_mm"": 33.21942310715208, ""temp_c"": 12.30604774838405, ""dry_days"": 23, ""hot_days"": 0, ""max_dry_spell"": 12, ""n_days"": 30, ""precip_deficit_pct"": 7.971021411895296, ""temp_anomaly_c"": -0.9389194209094871, ""precip_norm_mm"": 36.096698688608384, ""temp_norm_c"": 13.244967169293536, ""norm_years"": 15}, ""during"": {""precip_mm"": 47.91372122440289, ""temp_c"": 15.665367542246683, ""dry_days"": 8, ""hot_days"": 0, ""max_dry_spell"": 3, ""n_days"": 21, ""precip_deficit_pct"": -31.62564249705553, ""temp_anomaly_c"": -2.3406117153640285, ""precip_norm_mm"": 36.40150985433915, ""temp_norm_c"": 18.00597925761071, ""norm_years"": 15}, ""combined"": {""precip_mm"": 81.13314433155497, ""temp_c"": 13.689297075268662, ""dry_days"": 31, ""hot_days"": 0, ""max_dry_spell"": 12, ""n_days"": 51, ""precip_deficit_pct"": -11.910550566904199, ""temp_anomaly_c"": -1.5160868362731215, ""precip_norm_mm"": 72.49820854294755, ""temp_norm_c"": 15.205383911541784, ""norm_years"": 15}, ""source"": ""ERA5 региона (медиана соседних полей)""}","другие поля региона в эти дни в норме (медианный Z -0.2, ниже нормы 25% из 57) — причина локальная, на самом поле | рост начался на 22 дней позже нормы, но пик достигнут (103% нормы)","AOI-0013, сезон 2020: умеренная аномалия с 2020-05-09 по 2020-05-29 (21 дней, 6 наблюдений), фаза — весна (всходы и рост). NDVI в худший день 2020-05-20: 0.37 при норме 0.46 (Z = -1.6). Вероятная причина — запаздывание всходов и роста (уверенность 60%). Аргументы: другие поля региона в эти дни в норме (медианный Z -0.2, ниже нормы 25% из 57) — причина локальная, на самом поле; рост начался на 22 дней позже нормы, но пик достигнут (103% нормы). Норма: история полигона."
AOI-0014,2011,2011-04-01,2011-05-06,36,5,-1.5445100742377027,-1.1246809880554527,0,-0.2705264571938281,-0.23582296846859663,2011-04-01,0.1337537064791585,0.3458516481329488,весна (всходы и рост),весна (всходы и рост),91,126,умеренная,late_start,0.6,история полигона,ERA5 полигона,0,-0.5457483200243591,0.2631578947368421,"{""available"": true, ""during"": {""precip_mm"": 60.105658450913424, ""temp_c"": 9.594596039807378, ""dry_days"": 19, ""hot_days"": 0, ""max_dry_spell"": 8, ""n_days"": 36, ""precip_deficit_pct"": -10.137249738743503, ""temp_anomaly_c"": -2.7228579375689197, ""precip_norm_mm"": 54.57341507391006, ""temp_norm_c"": 12.317453977376298, ""norm_years"": 15}, ""combined"": {""precip_mm"": 60.105658450913424, ""temp_c"": 9.594596039807378, ""dry_days"": 19, ""hot_days"": 0, ""max_dry_spell"": 8, ""n_days"": 66}, ""source"": ""ERA5 полигона""}","соседние поля региона в эти дни чуть ниже нормы (медианный Z -0.5) | рост начался на 24 дней позже нормы, но пик достигнут (101% нормы)","AOI-0014, сезон 2011: умеренная аномалия с 2011-04-01 по 2011-05-06 (36 дней, 5 наблюдений), фаза — весна (всходы и рост). NDVI в худший день 2011-04-01: 0.13 при норме 0.35 (Z = -1.5). Вероятная причина — запаздывание всходов и роста (уверенность 60%). Аргументы: соседние поля региона в эти дни чуть ниже нормы (медианный Z -0.5); рост начался на 24 дней позже нормы, но пик достигнут (101% нормы). Норма: история полигона."
AOI-0014,2013,2013-04-07,2013-06-09,64,7,-1.560712010373314,-1.3019135454373685,0,-0.35458042951626423,-0.24244180249157984,2013-05-03,0.2092859208303395,0.5638663503466037,весна (всходы и рост),пик вегетации,97,160,умеренная,crop_rotation,0.7,история полигона,ERA5 полигона,2,-0.27324987783255206,0.19298245614035087,"{""available"": true, ""before"": {""precip_mm"": 3.6550104615002965, ""temp_c"": 13.011024305555594, ""dry_days"": 4, ""hot_days"": 0, ""max_dry_spell"": 3, ""n_days"": 30}, ""during"": {""precip_mm"": 70.60889242645274, ""temp_c"": 17.246775588393238, ""dry_days"": 51, ""hot_days"": 0, ""max_dry_spell"": 21, ""n_days"": 64, ""precip_deficit_pct"": 39.76521073163407, ""temp_anomaly_c"": 1.3642767503305695, ""precip_norm_mm"": 117.22277654507388, ""temp_norm_c"": 15.882498838062668, ""norm_years"": 15}, ""combined"": {""precip_mm"": 74.26390288795304, ""temp_c"": 16.88371119272144, ""dry_days"": 55, ""hot_days"": 0, ""max_dry_spell"": 21, ""n_days"": 94}, ""source"": ""ERA5 полигона""}","другие поля региона в эти дни в норме (медианный Z -0.3, ниже нормы 19% из 57) — причина локальная, на самом поле | пик достигнут (114% нормы), но на 32 дней позже обычного: на поле яровая культура вместо привычной озимой, весеннее отставание — смена фазы, а не угнетение","AOI-0014, сезон 2013: умеренная аномалия с 2013-04-07 по 2013-06-09 (64 дней, 7 наблюдений), фаза — весна (всходы и рост). NDVI в худший день 2013-05-03: 0.21 при норме 0.56 (Z = -1.6). Вероятная причина — смена культуры: яровая вместо озимой, весеннее отставание — не угнетение (уверенность 70%). Аргументы: другие поля региона в эти дни в норме (медианный Z -0.3, ниже нормы 19% из 57) — причина локальная, на самом поле; пик достигнут (114% нормы), но на 32 дней позже обычного: на поле яровая культура вместо привычной озимой, весеннее отставание — смена фазы, а не угнетение. Норма: история полигона."
AOI-0014,2016,2016-04-01,2016-05-31,61,9,-1.5580440019662436,-1.3118681351517665,0,-0.3191367311252342,-0.2562346390478865,2016-05-20,0.3838017026631472,0.6419981031899183,весна (всходы и рост),пик вегетации,92,152,умеренная,crop_rotation,0.7,история полигона,ERA5 полигона,3,0.6784609015770547,0.10526315789473684,"{""available"": true, ""during"": {""precip_mm"": 157.06836466729078, ""temp_c"": 14.590809492726164, ""dry_days"": 31, ""hot_days"": 0, ""max_dry_spell"": 9, ""n_days"": 61, ""precip_deficit_pct"": -47.17246639025245, ""temp_anomaly_c"": 0.11547789347844528, ""precip_norm_mm"": 106.72401470177016, ""temp_norm_c"": 14.475331599247719, ""norm_years"": 15}, ""combined"": {""precip_mm"": 157.06836466729078, ""temp_c"": 14.590809492726164, ""dry_days"": 31, ""hot_days"": 0, ""max_dry_spell"": 9, ""n_days"": 91}, ""source"": ""ERA5 полигона""}","другие поля региона в эти дни в норме (медианный Z 0.7, ниже нормы 11% из 57) — причина локальная, на самом поле | пик достигнут (115% нормы), но на 31 дней позже обычного: на поле яровая культура вместо привычной озимой, весеннее отставание — смена фазы, а не угнетение","AOI-0014, сезон 2016: умеренная аномалия с 2016-04-01 по 2016-05-31 (61 дней, 9 наблюдений), фаза — весна (всходы и рост). NDVI в худший день 2016-05-20: 0.38 при норме 0.64 (Z = -1.6). Вероятная причина — смена культуры: яровая вместо озимой, весеннее отставание — не угнетение (уверенность 70%). Аргументы: другие поля региона в эти дни в норме (медианный Z 0.7, ниже нормы 11% из 57) — причина локальная, на самом поле; пик достигнут (115% нормы), но на 31 дней позже обычного: на поле яровая культура вместо привычной озимой, весеннее отставание — смена фазы, а не угнетение. Норма: история полигона."
AOI-0014,2018,2018-06-08,2018-07-12,35,11,-1.7572139915392666,-1.4090494858461375,0,-0.2613474539452866,-0.22879965765022584,2018-06-16,0.360023006826405,0.5812646967006404,пик вегетации,созревание и уборка,159,193,умеренная,weather_drought,0.75,история полигона,ERA5 полигона,0,-0.7407408939402504,0.3333333333333333,"{""available"": true, ""before"": {""precip_mm"": 35.13905290772712, ""temp_c"": 19.21622551812068, ""dry_days"": 25, ""hot_days"": 0, ""max_dry_spell"": 15, ""n_days"": 30, ""precip_deficit_pct"": 46.83862753227272, ""temp_anomaly_c"": 0.5024957350742625, ""precip_norm_mm"": 66.09884447407563, ""temp_norm_c"": 18.713729783046418, ""norm_years"": 15}, ""during"": {""precip_mm"": 26.032346000198103, ""temp_c"": 25.98845225742887, ""dry_days"": 31, ""hot_days"": 14, ""max_dry_spell"": 15, ""n_days"": 35, ""precip_deficit_pct"": 46.88611732384427, ""temp_anomaly_c"": 2.0063542708139543, ""precip_norm_mm"": 49.01231973365926, ""temp_norm_c"": 23.982097986614917, ""norm_years"": 15}, ""combined"": {""precip_mm"": 61.17139890792522, ""temp_c"": 22.862809146978943, ""dry_days"": 56, ""hot_days"": 14, ""max_dry_spell"": 30, ""n_days"": 65, ""precip_deficit_pct"": 46.85884785464205, ""temp_anomaly_c"": 1.3122657158571798, ""precip_norm_mm"": 115.1111642077349, ""temp_norm_c"": 21.550543431121763, ""norm_years"": 15}, ""source"": ""ERA5 полигона""}","за 30 дней до и во время эпизода осадков 61 мм при норме 115 мм (дефицит 47 %) | температура выше нормы на 1.3 °C (22.9 против 21.6 °C), жарких дней 14 | сухая серия 30 дней подряд | за 30 дней до эпизода: осадков 35 мм при норме 66 мм | во время эпизода: осадков 26 мм при норме 49 мм | соседние поля региона в эти дни тоже ниже нормы (медианный Z -0.7, ниже нормы 33% из 57 полей) — явление региональное | пик на уровне нормы (114%), но спад начался на 29 дней раньше обычного","AOI-0014, сезон 2018: умеренная аномалия с 2018-06-08 по 2018-07-12 (35 дней, 11 наблюдений), фаза — пик вегетации. NDVI в худший день 2018-06-16: 0.36 при норме 0.58 (Z = -1.8). Вероятная причина — погодный стресс: дефицит осадков и/или жара (уверенность 75%). Аргументы: за 30 дней до и во время эпизода осадков 61 мм при норме 115 мм (дефицит 47 %); температура выше нормы на 1.3 °C (22.9 против 21.6 °C), жарких дней 14; сухая серия 30 дней подряд; за 30 дней до эпизода: осадков 35 мм при норме 66 мм; во время эпизода: осадков 26 мм при норме 49 мм; соседние поля региона в эти дни тоже ниже нормы (медианный Z -0.7, ниже нормы 33% из 57 полей) — явление региональное; пик на уровне нормы (114%), но спад начался на 29 дней раньше обычного. Норма: история полигона."
AOI-0014,2019,2019-04-11,2019-05-19,39,11,-1.410287438989842,-1.3095624510884325,0,-0.3203558058834435,-0.2782689188031237,2019-04-25,0.19358782639509223,0.5030963786992951,весна (всходы и рост),пик вегетации,101,139,умеренная,late_start,0.6,история полигона,ERA5 полигона,2,0.5541156956300537,0.17543859649122806,"{""available"": true, ""before"": {""precip_mm"": 3.814085821108648, ""temp_c"": 9.154616574887907, ""dry_days"": 8, ""hot_days"": 0, ""max_dry_spell"": 7, ""n_days"": 30}, ""during"": {""precip_mm"": 49.70595924918797, ""temp_c"": 14.857545870593494, ""dry_days"": 30, ""hot_days"": 0, ""max_dry_spell"": 11, ""n_days"": 39, ""precip_deficit_pct"": 31.32023031228883, ""temp_anomaly_c"": 0.6069041771087207, ""precip_norm_mm"": 72.37350893167283, ""temp_norm_c"": 14.250641693484773, ""norm_years"": 15}, ""combined"": {""precip_mm"": 53.52004507029662, ""temp_c"": 13.788246627648698, ""dry_days"": 38, ""hot_days"": 0, ""max_dry_spell"": 11, ""n_days"": 69}, ""source"": ""ERA5 полигона""}","другие поля региона в эти дни в норме (медианный Z 0.6, ниже нормы 18% из 57) — причина локальная, на самом поле | рост начался на 39 дней позже нормы, но пик достигнут (129% нормы)","AOI-0014, сезон 2019: умеренная аномалия с 2019-04-11 по 2019-05-19 (39 дней, 11 наблюдений), фаза — весна (всходы и рост). NDVI в худший день 2019-04-25: 0.19 при норме 0.50 (Z = -1.4). Вероятная причина — запаздывание всходов и роста (уверенность 60%). Аргументы: другие поля региона в эти дни в норме (медианный Z 0.6, ниже нормы 18% из 57) — причина локальная, на самом поле; рост начался на 39 дней позже нормы, но пик достигнут (129% нормы). Норма: история полигона."
AOI-0014,2020,2020-06-12,2020-08-24,74,27,-1.583123129952188,-1.2500022240303914,0,-0.3057591446055338,-0.20117616557523638,2020-06-27,0.19096823416092765,0.48830163902445245,пик вегетации,лето после уборки,164,237,умеренная,early_decline,0.6,история полигона,ERA5 полигона,0,-0.5769871698090542,0.15789473684210525,"{""available"": true, ""before"": {""precip_mm"": 97.67065063186564, ""temp_c"": 17.726885212792315, ""dry_days"": 17, ""hot_days"": 1, ""max_dry_spell"": 7, ""n_days"": 30, ""precip_deficit_pct"": -84.63295851739223, ""temp_anomaly_c"": -2.139907575536654, ""precip_norm_mm"": 52.899900113264536, ""temp_norm_c"": 19.86679278832897, ""norm_years"": 15}, ""during"": {""precip_mm"": 49.228780879253975, ""temp_c"": 25.32072935533955, ""dry_days"": 63, ""hot_days"": 20, ""max_dry_spell"": 23, ""n_days"": 74, ""precip_deficit_pct"": 41.389030348751575, ""temp_anomaly_c"": -0.007124655955546899, ""precip_norm_mm"": 83.99243549830163, ""temp_norm_c"": 25.3278540112951, ""norm_years"": 15}, ""combined"": {""precip_mm"": 146.89943151111962, ""temp_c"": 23.130197391143234, ""dry_days"": 80, ""hot_days"": 21, ""max_dry_spell"": 23, ""n_days"": 104, ""precip_deficit_pct"": -7.310194434806561, ""temp_anomaly_c"": -0.62235049814241, ""precip_norm_mm"": 136.89233561156618, ""temp_norm_c"": 23.752547889285644, ""norm_years"": 15}, ""source"": ""ERA5 полигона""}","сухая серия 23 дней подряд | соседние поля региона в эти дни чуть ниже нормы (медианный Z -0.6) | пик на уровне нормы (113%), но спад начался на 27 дней раньше обычного","AOI-0014, сезон 2020: умеренная аномалия с 2020-06-12 по 2020-08-24 (74 дней, 27 наблюдений), фаза — пик вегетации. NDVI в худший день 2020-06-27: 0.19 при норме 0.49 (Z = -1.6). Вероятная причина — ранний спад вегетации (уборка, полегание, болезнь) (уверенность 60%). Аргументы: сухая серия 23 дней подряд; соседние поля региона в эти дни чуть ниже нормы (медианный Z -0.6); пик на уровне нормы (113%), но спад начался на 27 дней раньше обычного. Норма: история полигона."
AOI-0014,2022,2022-04-01,2022-04-11,11,5,-1.5729548867083636,-1.1458984128606566,0,-0.25453426726038186,-0.2157780491112459,2022-04-01,0.13113759016550758,0.3462253790348989,весна (всходы и рост),весна (всходы и рост),91,101,умеренная,crop_rotation,0.7,история полигона,ERA5 полигона,0,0.15878003284287884,0.125,"{""available"": true, ""during"": {""precip_mm"": 9.932701175802805, ""temp_c"": 11.766180755152872, ""dry_days"": 7, ""hot_days"": 0, ""max_dry_spell"": 3, ""n_days"": 11, ""precip_deficit_pct"": 42.44744722416785, ""temp_anomaly_c"": 2.2931453269419038, ""precip_norm_mm"": 17.258489322777375, ""temp_norm_c"": 9.473035428210968, ""norm_years"": 15}, ""combined"": {""precip_mm"": 9.932701175802805, ""temp_c"": 11.766180755152872, ""dry_days"": 7, ""hot_days"": 0, ""max_dry_spell"": 3, ""n_days"": 41}, ""source"": ""ERA5 полигона""}","другие поля региона в эти дни в норме (медианный Z 0.2, ниже нормы 12% из 56) — причина локальная, на самом поле | пик достигнут (119% нормы), но на 41 дней позже обычного: на поле яровая культура вместо привычной озимой, весеннее отставание — смена фазы, а не угнетение","AOI-0014, сезон 2022: умеренная аномалия с 2022-04-01 по 2022-04-11 (11 дней, 5 наблюдений), фаза — весна (всходы и рост). NDVI в худший день 2022-04-01: 0.13 при норме 0.35 (Z = -1.6). Вероятная причина — смена культуры: яровая вместо озимой, весеннее отставание — не угнетение (уверенность 70%). Аргументы: другие поля региона в эти дни в норме (медианный Z 0.2, ниже нормы 12% из 56) — причина локальная, на самом поле; пик достигнут (119% нормы), но на 41 дней позже обычного: на поле яровая культура вместо привычной озимой, весеннее отставание — смена фазы, а не угнетение. Норма: история полигона."
AOI-0014,2022,2022-04-20,2022-06-09,51,12,-3.03006580309889,-1.8320589128962539,19,-0.35319063192364963,-0.29549874520576586,2022-05-30,0.31545956172779127,0.662605249423473,весна (всходы и рост),пик вегетации,110,160,критическая,crop_rotation,0.7,история полигона,ERA5 полигона,1,0.590188174627567,0.21052631578947367,"{""available"": true, ""before"": {""precip_mm"": 43.92238104198398, ""temp_c"": 11.46887219077665, ""dry_days"": 11, ""hot_days"": 0, ""max_dry_spell"": 4, ""n_days"": 30}, ""during"": {""precip_mm"": 50.74166171176486, ""temp_c"": 16.21898276385141, ""dry_days"": 42, ""hot_days"": 0, ""max_dry_spell"": 18, ""n_days"": 51, ""precip_deficit_pct"": 46.7428433706335, ""temp_anomaly_c"": -1.0859269007099002, ""precip_norm_mm"": 95.27670067873176, ""temp_norm_c"": 17.30490966456131, ""norm_years"": 15}, ""combined"": {""precip_mm"": 94.66404275374884, ""temp_c"": 14.929667036873973, ""dry_days"": 53, ""hot_days"": 0, ""max_dry_spell"": 18, ""n_days"": 81, ""precip_deficit_pct"": 24.472722112852054, ""temp_anomaly_c"": -0.4789560373673556, ""precip_norm_mm"": 125.33755406251348, ""temp_norm_c"": 15.408623074241328, ""norm_years"": 15}, ""source"": ""ERA5 полигона""}","сухая серия 18 дней подряд | другие поля региона в эти дни в норме (медианный Z 0.6, ниже нормы 21% из 57) — причина локальная, на самом поле | пик достигнут (119% нормы), но на 41 дней позже обычного: на поле яровая культура вместо привычной озимой, весеннее отставание — смена фазы, а не угнетение","AOI-0014, сезон 2022: критическая аномалия с 2022-04-20 по 2022-06-09 (51 дней, 12 наблюдений), фаза — весна (всходы и рост). NDVI в худший день 2022-05-30: 0.32 при норме 0.66 (Z = -3.0). Вероятная причина — смена культуры: яровая вместо озимой, весеннее отставание — не угнетение (уверенность 70%). Аргументы: сухая серия 18 дней подряд; другие поля региона в эти дни в норме (медианный Z 0.6, ниже нормы 21% из 57) — причина локальная, на самом поле; пик достигнут (119% нормы), но на 41 дней позже обычного: на поле яровая культура вместо привычной озимой, весеннее отставание — смена фазы, а не угнетение. Норма: история полигона."
AOI-0014,2024,2024-06-09,2024-08-19,72,29,-1.5331119388691936,-1.1510827679718447,0,-0.2352815144330931,-0.1881683812314685,2024-06-16,0.3672021248854358,0.5727330713773556,пик вегетации,лето после уборки,161,232,умеренная,weather_drought,0.75,история полигона,ERA5 полигона,0,-0.7814509243030311,0.3508771929824561,"{""available"": true, ""before"": {""precip_mm"": 18.145963725149983, ""temp_c"": 18.991251511043995, ""dry_days"": 22, ""hot_days"": 1, ""max_dry_spell"": 8, ""n_days"": 30, ""precip_deficit_pct"": 71.94661740502954, ""temp_anomaly_c"": 0.026260244581433057, ""precip_norm_mm"": 64.68369246995292, ""temp_norm_c"": 18.96499126646256, ""norm_years"": 15}, ""during"": {""precip_mm"": 38.74814611121913, ""temp_c"": 26.204889723989723, ""dry_days"": 64, ""hot_days"": 25, ""max_dry_spell"": 26, ""n_days"": 72, ""precip_deficit_pct"": 52.75117118485362, ""temp_anomaly_c"": 0.994629027519693, ""precip_norm_mm"": 82.0086911843152, ""temp_norm_c"": 25.21026069647003, ""norm_years"": 15}, ""combined"": {""precip_mm"": 56.89410983636911, ""temp_c"": 24.08323142606451, ""dry_days"": 86, ""hot_days"": 26, ""max_dry_spell"": 26, ""n_days"": 102, ""precip_deficit_pct"": 61.215362093740346, ""temp_anomaly_c"": 0.7098146795966755, ""precip_norm_mm"": 146.6923836542681, ""temp_norm_c"": 23.373416746467836, ""norm_years"": 15}, ""source"": ""ERA5 полигона""}","за 30 дней до и во время эпизода осадков 57 мм при норме 147 мм (дефицит 61 %) | сухая серия 26 дней подряд | за 30 дней до эпизода: осадков 18 мм при норме 65 мм | во время эпизода: осадков 39 мм при норме 82 мм | соседние поля региона в эти дни тоже ниже нормы (медианный Z -0.8, ниже нормы 35% из 57 полей) — явление региональное | пик на уровне нормы (136%), но спад начался на 39 дней раньше обычного","AOI-0014, сезон 2024: умеренная аномалия с 2024-06-09 по 2024-08-19 (72 дней, 29 наблюдений), фаза — пик вегетации. NDVI в худший день 2024-06-16: 0.37 при норме 0.57 (Z = -1.5). Вероятная причина — погодный стресс: дефицит осадков и/или жара (уверенность 75%). Аргументы: за 30 дней до и во время эпизода осадков 57 мм при норме 147 мм (дефицит 61 %); сухая серия 26 дней подряд; за 30 дней до эпизода: осадков 18 мм при норме 65 мм; во время эпизода: осадков 39 мм при норме 82 мм; соседние поля региона в эти дни тоже ниже нормы (медианный Z -0.8, ниже нормы 35% из 57 полей) — явление региональное; пик на уровне нормы (136%), но спад начался на 39 дней раньше обычного. Норма: история полигона."
AOI-0014,2025,2025-04-15,2025-06-14,61,21,-1.7973031192674942,-1.4407481483735924,0,-0.31549356172583837,-0.25177767051140276,2025-05-24,0.383556480891809,0.6513511818575913,весна (всходы и рост),пик вегетации,105,165,умеренная,weak_season,0.45,история полигона,ERA5 полигона,0,0.07705222184184729,0.22077922077922077,"{""available"": true, ""before"": {""precip_mm"": 24.753719546993125, ""temp_c"": 9.233844602675683, ""dry_days"": 8, ""hot_days"": 0, ""max_dry_spell"": 3, ""n_days"": 30}, ""during"": {""precip_mm"": 66.15944643779947, ""temp_c"": 17.55800048015159, ""dry_days"": 44, ""hot_days"": 1, ""max_dry_spell"": 11, ""n_days"": 61, ""precip_deficit_pct"": 38.029548579925255, ""temp_anomaly_c"": 0.26034954779786545, ""precip_norm_mm"": 106.75966516578858, ""temp_norm_c"": 17.297650932353726, ""norm_years"": 15}, ""combined"": {""precip_mm"": 90.9131659847926, ""temp_c"": 16.004158049689423, ""dry_days"": 52, ""hot_days"": 1, ""max_dry_spell"": 11, ""n_days"": 91, ""precip_deficit_pct"": 30.69485132780809, ""temp_anomaly_c"": 0.09416510718863691, ""precip_norm_mm"": 131.17808377384048, ""temp_norm_c"": 15.909992942500786, ""norm_years"": 15}, ""source"": ""ERA5 полигона""}","другие поля региона в эти дни в норме (медианный Z 0.1, ниже нормы 22% из 77) — причина локальная, на самом поле | погодного сигнала нет; вероятны агротехнические причины","AOI-0014, сезон 2025: умеренная аномалия с 2025-04-15 по 2025-06-14 (61 дней, 21 наблюдений), фаза — весна (всходы и рост). NDVI в худший день 2025-05-24: 0.38 при норме 0.65 (Z = -1.8). Вероятная причина — ослабленный сезон без явной погодной причины (уверенность 45%). Аргументы: другие поля региона в эти дни в норме (медианный Z 0.1, ниже нормы 22% из 77) — причина локальная, на самом поле; погодного сигнала нет; вероятны агротехнические причины. Норма: история полигона."
AOI-0015,2010,2010-04-01,2010-05-08,38,6,-2.0017094820192463,-1.5224101386365796,1,-0.2848921992753829,-0.24690770579682714,2010-04-01,0.061260550883462155,0.251719314747421,весна (всходы и рост),весна (всходы и рост),91,128,умеренная,crop_rotation,0.7,история полигона,ERA5 полигона,0,-0.6765642269990118,0.3508771929824561,"{""available"": true, ""during"": {""precip_mm"": 37.20413296116476, ""temp_c"": 11.635709899768518, ""dry_days"": 28, ""hot_days"": 0, ""max_dry_spell"": 16, ""n_days"": 38, ""precip_deficit_pct"": 37.3800123328743, ""temp_anomaly_c"": -0.7674622569167848, ""precip_norm_mm"": 59.4125523609712, ""temp_norm_c"": 12.403172156685303, ""norm_years"": 15}, ""combined"": {""precip_mm"": 37.20413296116476, ""temp_c"": 11.635709899768518, ""dry_days"": 28, ""hot_days"": 0, ""max_dry_spell"": 16, ""n_days"": 38}, ""source"": ""ERA5 полигона""}","соседние поля региона в эти дни чуть ниже нормы (медианный Z -0.7) | пик достигнут (101% нормы), но на 50 дней позже обычного: на поле яровая культура вместо привычной озимой, весеннее отставание — смена фазы, а не угнетение","AOI-0015, сезон 2010: умеренная аномалия с 2010-04-01 по 2010-05-08 (38 дней, 6 наблюдений), фаза — весна (всходы и рост). NDVI в худший день 2010-04-01: 0.06 при норме 0.25 (Z = -2.0). Вероятная причина — смена культуры: яровая вместо озимой, весеннее отставание — не угнетение (уверенность 70%). Аргументы: соседние поля региона в эти дни чуть ниже нормы (медианный Z -0.7); пик достигнут (101% нормы), но на 50 дней позже обычного: на поле яровая культура вместо привычной озимой, весеннее отставание — смена фазы, а не угнетение. Норма: история полигона."
AOI-0015,2010,2010-10-09,2010-10-25,17,3,-2.0841557374586794,-1.654310033086041,3,-0.08698919426247745,-0.07248626363742187,2010-10-18,0.10758139816760076,0.19151810681010648,осень (озимые всходы),осень (озимые всходы),282,298,умеренная,weak_season,0.4,история полигона,ERA5 полигона,0,-0.5300365310619429,0.21052631578947367,"{""available"": true, ""before"": {""precip_mm"": 24.320735072649313, ""temp_c"": 16.7348852157593, ""dry_days"": 24, ""hot_days"": 0, ""max_dry_spell"": 13, ""n_days"": 30, ""precip_deficit_pct"": 23.674564862948444, ""temp_anomaly_c"": -0.13024524406150917, ""precip_norm_mm"": 31.86452200236853, ""temp_norm_c"": 16.865130459820808, ""norm_years"": 15}, ""during"": {""precip_mm"": 23.54714256758683, ""temp_c"": 10.753316796994696, ""dry_days"": 11, ""hot_days"": 0, ""max_dry_spell"": 5, ""n_days"": 17, ""precip_deficit_pct"": 1.549686208739809, ""temp_anomaly_c"": -0.44278697344213036, ""precip_norm_mm"": 23.917793311977437, ""temp_norm_c"": 11.196103770436826, ""norm_years"": 15}, ""combined"": {""precip_mm"": 47.867877640236145, ""temp_c"": 14.571339191950823, ""dry_days"": 35, ""hot_days"": 0, ""max_dry_spell"": 13, ""n_days"": 47, ""precip_deficit_pct"": 14.188076686150753, ""temp_anomaly_c"": -0.24329225256088272, ""precip_norm_mm"": 55.782315314345965, ""temp_norm_c"": 14.814631444511706, ""norm_years"": 15}, ""source"": ""ERA5 полигона""}",соседние поля региона в эти дни чуть ниже нормы (медианный Z -0.5) | погодного сигнала нет; вероятны агротехнические причины,"AOI-0015, сезон 2010: умеренная аномалия с 2010-10-09 по 2010-10-25 (17 дней, 3 наблюдений), фаза — осень (озимые всходы). NDVI в худший день 2010-10-18: 0.11 при норме 0.19 (Z = -2.1). Вероятная причина — ослабленный сезон без явной погодной причины (уверенность 40%). Аргументы: соседние поля региона в эти дни чуть ниже нормы (медианный Z -0.5); погодного сигнала нет; вероятны агротехнические причины. Норма: история полигона."
AOI-0015,2011,2011-04-09,2011-05-01,23,4,-1.4566522847335492,-1.2878365442436772,0,-0.248692889824569,-0.21654207062414682,2011-04-21,0.2095297758576113,0.4554173607973277,весна (всходы и рост),весна (всходы и рост),99,121,умеренная,late_start,0.6,история полигона,ERA5 полигона,0,-0.588712758152205,0.2982456140350877,"{""available"": true, ""before"": {""precip_mm"": 17.658407101027507, ""temp_c"": 7.279318984349587, ""dry_days"": 4, ""hot_days"": 0, ""max_dry_spell"": 2, ""n_days"": 30}, ""during"": {""precip_mm"": 28.850264886688848, ""temp_c"": 9.254780208200675, ""dry_days"": 14, ""hot_days"": 0, ""max_dry_spell"": 8, ""n_days"": 23, ""precip_deficit_pct"": 20.15379900956945, ""temp_anomaly_c"": -3.2330966378179706, ""precip_norm_mm"": 36.13229499816342, ""temp_norm_c"": 12.487876846018645, ""norm_years"": 15}, ""combined"": {""precip_mm"": 46.508671987716355, ""temp_c"": 8.744983763335878, ""dry_days"": 18, ""hot_days"": 0, ""max_dry_spell"": 8, ""n_days"": 53}, ""source"": ""ERA5 полигона""}","соседние поля региона в эти дни чуть ниже нормы (медианный Z -0.6) | рост начался на 24 дней позже нормы, но пик достигнут (118% нормы)","AOI-0015, сезон 2011: умеренная аномалия с 2011-04-09 по 2011-05-01 (23 дней, 4 наблюдений), фаза — весна (всходы и рост). NDVI в худший день 2011-04-21: 0.21 при норме 0.46 (Z = -1.5). Вероятная причина — запаздывание всходов и роста (уверенность 60%). Аргументы: соседние поля региона в эти дни чуть ниже нормы (медианный Z -0.6); рост начался на 24 дней позже нормы, но пик достигнут (118% нормы). Норма: история полигона."
AOI-0015,2013,2013-06-05,2013-07-04,30,6,-2.2741447880411454,-1.7203380179549967,10,-0.257369412209124,-0.22169521203570947,2013-06-19,0.257576759254965,0.5145838647102446,пик вегетации,созревание и уборка,156,185,критическая,weather_drought,0.75,история полигона,ERA5 полигона,0,-0.42195575990267264,0.22807017543859648,"{""available"": true, ""before"": {""precip_mm"": 43.25263115744704, ""temp_c"": 20.616266271803138, ""dry_days"": 23, ""hot_days"": 0, ""max_dry_spell"": 9, ""n_days"": 30, ""precip_deficit_pct"": 37.18021283823704, ""temp_anomaly_c"": 2.5769125783001954, ""precip_norm_mm"": 68.85192247797677, ""temp_norm_c"": 18.039353693502942, ""norm_years"": 15}, ""during"": {""precip_mm"": 42.67447329210938, ""temp_c"": 23.98025366465253, ""dry_days"": 20, ""hot_days"": 7, ""max_dry_spell"": 8, ""n_days"": 30, ""precip_deficit_pct"": -8.464374390098994, ""temp_anomaly_c"": 0.5457932309751143, ""precip_norm_mm"": 39.344230335601196, ""temp_norm_c"": 23.434460433677415, ""norm_years"": 15}, ""combined"": {""precip_mm"": 85.92710444955642, ""temp_c"": 22.298259968227832, ""dry_days"": 43, ""hot_days"": 7, ""max_dry_spell"": 9, ""n_days"": 60, ""precip_deficit_pct"": 20.582107390076164, ""temp_anomaly_c"": 1.5613529046376549, ""precip_norm_mm"": 108.19615281357795, ""temp_norm_c"": 20.736907063590177, ""norm_years"": 15}, ""source"": ""ERA5 полигона""}","температура выше нормы на 1.6 °C (22.3 против 20.7 °C), жарких дней 7 | соседние поля региона в эти дни чуть ниже нормы (медианный Z -0.4) | пик на уровне нормы (117%), но спад начался на 37 дней раньше обычного","AOI-0015, сезон 2013: критическая аномалия с 2013-06-05 по 2013-07-04 (30 дней, 6 наблюдений), фаза — пик вегетации. NDVI в худший день 2013-06-19: 0.26 при норме 0.51 (Z = -2.3). Вероятная причина — погодный стресс: дефицит осадков и/или жара (уверенность 75%). Аргументы: температура выше нормы на 1.6 °C (22.3 против 20.7 °C), жарких дней 7; соседние поля региона в эти дни чуть ниже нормы (медианный Z -0.4); пик на уровне нормы (117%), но спад начался на 37 дней раньше обычного. Норма: история полигона."
AOI-0015,2014,2014-06-20,2014-07-04,15,4,-1.4239871349591777,-1.2576164872947542,0,-0.18620371156145266,-0.16977505113589267,2014-06-26,0.2779591939007734,0.46240444837475475,пик вегетации,созревание и уборка,171,185,умеренная,early_decline,0.6,история полигона,ERA5 полигона,0,-0.6658063196343083,0.2807017543859649,"{""available"": true, ""before"": {""precip_mm"": 61.02654437376387, ""temp_c"": 21.9869258032905, ""dry_days"": 15, ""hot_days"": 0, ""max_dry_spell"": 6, ""n_days"": 30, ""precip_deficit_pct"": -28.49918200971693, ""temp_anomaly_c"": 0.7376642340200945, ""precip_norm_mm"": 47.49177653842896, ""temp_norm_c"": 21.249261569270406, ""norm_years"": 15}, ""during"": {""precip_mm"": 31.64633773345571, ""temp_c"": 22.59269532097712, ""dry_days"": 12, ""hot_days"": 0, ""max_dry_spell"": 10, ""n_days"": 15, ""precip_deficit_pct"": -35.266420701774415, ""temp_anomaly_c"": -1.60190755349619, ""precip_norm_mm"": 23.395560826753343, ""temp_norm_c"": 24.19460287447331, ""norm_years"": 15}, ""combined"": {""precip_mm"": 92.67288210721958, ""temp_c"": 22.188848975852707, ""dry_days"": 27, ""hot_days"": 0, ""max_dry_spell"": 10, ""n_days"": 45, ""precip_deficit_pct"": -30.732632303294395, ""temp_anomaly_c"": -0.042193028485336015, ""precip_norm_mm"": 70.88733736518229, ""temp_norm_c"": 22.231042004338043, ""norm_years"": 15}, ""source"": ""ERA5 полигона""}","соседние поля региона в эти дни чуть ниже нормы (медианный Z -0.7) | пик на уровне нормы (131%), но спад начался на 29 дней раньше обычного","AOI-0015, сезон 2014: умеренная аномалия с 2014-06-20 по 2014-07-04 (15 дней, 4 наблюдений), фаза — пик вегетации. NDVI в худший день 2014-06-26: 0.28 при норме 0.46 (Z = -1.4). Вероятная причина — ранний спад вегетации (уборка, полегание, болезнь) (уверенность 60%). Аргументы: соседние поля региона в эти дни чуть ниже нормы (медианный Z -0.7); пик на уровне нормы (131%), но спад начался на 29 дней раньше обычного. Норма: история полигона."
AOI-0015,2015,2015-04-17,2015-06-12,57,13,-2.1434801211347536,-1.7048532387997912,10,-0.33121320453434705,-0.2745854096082725,2015-05-16,0.2744947455667621,0.6041787039568407,весна (всходы и рост),пик вегетации,107,163,критическая,crop_rotation,0.7,история полигона,ERA5 полигона,1,-0.39438856139275325,0.2631578947368421,"{""available"": true, ""before"": {""precip_mm"": 45.18815042058577, ""temp_c"": 7.9858945767085, ""dry_days"": 6, ""hot_days"": 0, ""max_dry_spell"": 5, ""n_days"": 30}, ""during"": {""precip_mm"": 102.00282412828798, ""temp_c"": 16.669102649800287, ""dry_days"": 39, ""hot_days"": 0, ""max_dry_spell"": 13, ""n_days"": 57, ""precip_deficit_pct"": -2.1588512157332485, ""temp_anomaly_c"": -0.6805040515654248, ""precip_norm_mm"": 99.84727012335351, ""temp_norm_c"": 17.349606701365712, ""norm_years"": 15}, ""combined"": {""precip_mm"": 147.19097454887375, ""temp_c"": 14.765933757067838, ""dry_days"": 45, ""hot_days"": 0, ""max_dry_spell"": 13, ""n_days"": 87, ""precip_deficit_pct"": -17.547470352793027, ""temp_anomaly_c"": -0.9907802300184656, ""precip_norm_mm"": 125.2183259300368, ""temp_norm_c"": 15.756713987086304, ""norm_years"": 15}, ""source"": ""ERA5 полигона""}","соседние поля региона в эти дни чуть ниже нормы (медианный Z -0.4) | пик достигнут (116% нормы), но на 60 дней позже обычного: на поле яровая культура вместо привычной озимой, весеннее отставание — смена фазы, а не угнетение","AOI-0015, сезон 2015: критическая аномалия с 2015-04-17 по 2015-06-12 (57 дней, 13 наблюдений), фаза — весна (всходы и рост). NDVI в худший день 2015-05-16: 0.27 при норме 0.60 (Z = -2.1). Вероятная причина — смена культуры: яровая вместо озимой, весеннее отставание — не угнетение (уверенность 70%). Аргументы: соседние поля региона в эти дни чуть ниже нормы (медианный Z -0.4); пик достигнут (116% нормы), но на 60 дней позже обычного: на поле яровая культура вместо привычной озимой, весеннее отставание — смена фазы, а не угнетение. Норма: история полигона."
AOI-0015,2020,2020-09-15,2020-10-30,46,20,-1.8897380647427804,-1.2966348537073689,0,-0.1271067205589898,-0.05884085658451608,2020-10-29,0.07115785522524791,0.1982645757842377,лето после уборки,осень (озимые всходы),259,304,умеренная,weather_drought,0.75,история полигона,ERA5 полигона,0,-0.8905692595120286,0.40350877192982454,"{""available"": true, ""before"": {""precip_mm"": 1.9011340784977897, ""temp_c"": 23.92246632046172, ""dry_days"": 30, ""hot_days"": 3, ""max_dry_spell"": 30, ""n_days"": 30, ""precip_deficit_pct"": 91.2375082184582, ""temp_anomaly_c"": 1.1877391928213576, ""precip_norm_mm"": 21.69627231494277, ""temp_norm_c"": 22.73472712764036, ""norm_years"": 15}, ""during"": {""precip_mm"": 31.869664954136567, ""temp_c"": 16.504829080554046, ""dry_days"": 41, ""hot_days"": 0, ""max_dry_spell"": 17, ""n_days"": 46, ""precip_deficit_pct"": 46.41481377916362, ""temp_anomaly_c"": 3.1685291115212575, ""precip_norm_mm"": 59.47476756504054, ""temp_norm_c"": 13.336299969032789, ""norm_years"": 15}, ""combined"": {""precip_mm"": 33.77079903263436, ""temp_c"": 19.4328437805176, ""dry_days"": 71, ""hot_days"": 3, ""max_dry_spell"": 47, ""n_days"": 76, ""precip_deficit_pct"": 58.395507705005755, ""temp_anomaly_c"": 2.38663835413972, ""precip_norm_mm"": 81.1710398799833, ""temp_norm_c"": 17.04620542637788, ""norm_years"": 15}, ""source"": ""ERA5 полигона""}","за 30 дней до и во время эпизода осадков 34 мм при норме 81 мм (дефицит 58 %) | сухая серия 47 дней подряд | за 30 дней до эпизода: осадков 2 мм при норме 22 мм | во время эпизода: осадков 32 мм при норме 59 мм | соседние поля региона в эти дни тоже ниже нормы (медианный Z -0.9, ниже нормы 40% из 57 полей) — явление региональное | пик на уровне нормы (109%), но спад начался на 22 дней раньше обычного","AOI-0015, сезон 2020: умеренная аномалия с 2020-09-15 по 2020-10-30 (46 дней, 20 наблюдений), фаза — лето после уборки. NDVI в худший день 2020-10-29: 0.07 при норме 0.20 (Z = -1.9). Вероятная причина — погодный стресс: дефицит осадков и/или жара (уверенность 75%). Аргументы: за 30 дней до и во время эпизода осадков 34 мм при норме 81 мм (дефицит 58 %); сухая серия 47 дней подряд; за 30 дней до эпизода: осадков 2 мм при норме 22 мм; во время эпизода: осадков 32 мм при норме 59 мм; соседние поля региона в эти дни тоже ниже нормы (медианный Z -0.9, ниже нормы 40% из 57 полей) — явление региональное; пик на уровне нормы (109%), но спад начался на 22 дней раньше обычного. Норма: история полигона."
AOI-0015,2021,2021-09-09,2021-09-26,18,6,-1.3502523167775047,-1.225271814778567,0,-0.054010092671100185,-0.049010872591142673,2021-09-18,0.12785002433547696,0.18186011700657714,лето после уборки,осень (озимые всходы),252,269,умеренная,weak_season,0.45,история полигона,ERA5 полигона,0,0.3945322999835355,0.0,"{""available"": true, ""before"": {""precip_mm"": 51.83532323276907, ""temp_c"": 22.8102244059245, ""dry_days"": 21, ""hot_days"": 3, ""max_dry_spell"": 9, ""n_days"": 30, ""precip_deficit_pct"": -173.09125828302987, ""temp_anomaly_c"": -1.4838242933485262, ""precip_norm_mm"": 18.98095294542431, ""temp_norm_c"": 24.294048699273027, ""norm_years"": 15}, ""during"": {""precip_mm"": 42.09788094533451, ""temp_c"": 16.947863868430826, ""dry_days"": 12, ""hot_days"": 0, ""max_dry_spell"": 10, ""n_days"": 18, ""precip_deficit_pct"": -169.67700064251073, ""temp_anomaly_c"": -1.5978324701756677, ""precip_norm_mm"": 15.610482482761038, ""temp_norm_c"": 18.545696338606493, ""norm_years"": 15}, ""combined"": {""precip_mm"": 93.93320417810358, ""temp_c"": 20.611839204364372, ""dry_days"": 33, ""hot_days"": 3, ""max_dry_spell"": 16, ""n_days"": 48, ""precip_deficit_pct"": -171.5504662219542, ""temp_anomaly_c"": -1.5265773596587024, ""precip_norm_mm"": 34.591435428185356, ""temp_norm_c"": 22.138416564023075, ""norm_years"": 15}, ""source"": ""ERA5 полигона""}","сухая серия 16 дней подряд | другие поля региона в эти дни в норме (медианный Z 0.4, ниже нормы 0% из 57) — причина локальная, на самом поле | погодного сигнала нет; вероятны агротехнические причины","AOI-0015, сезон 2021: умеренная аномалия с 2021-09-09 по 2021-09-26 (18 дней, 6 наблюдений), фаза — лето после уборки. NDVI в худший день 2021-09-18: 0.13 при норме 0.18 (Z = -1.4). Вероятная причина — ослабленный сезон без явной погодной причины (уверенность 45%). Аргументы: сухая серия 16 дней подряд; другие поля региона в эти дни в норме (медианный Z 0.4, ниже нормы 0% из 57) — причина локальная, на самом поле; погодного сигнала нет; вероятны агротехнические причины. Норма: история полигона."
AOI-0015,2023,2023-04-23,2023-06-14,53,10,-2.9025339377107504,-1.9705209453377635,27,-0.40408290314753387,-0.3009564786231578,2023-05-21,0.21828215785006794,0.6223650609976018,весна (всходы и рост),пик вегетации,113,165,критическая,crop_rotation,0.7,история полигона,ERA5 полигона,5,0.566616680527974,0.10526315789473684,"{""available"": true, ""before"": {""precip_mm"": 71.40061444579615, ""temp_c"": 10.655270252805787, ""dry_days"": 11, ""hot_days"": 0, ""max_dry_spell"": 4, ""n_days"": 30}, ""during"": {""precip_mm"": 136.5582283668374, ""temp_c"": 16.389161094329666, ""dry_days"": 28, ""hot_days"": 0, ""max_dry_spell"": 11, ""n_days"": 53, ""precip_deficit_pct"": -58.46408828749925, ""temp_anomaly_c"": -1.8963816056961313, ""precip_norm_mm"": 86.17613608395718, ""temp_norm_c"": 18.285542700025797, ""norm_years"": 15}, ""combined"": {""precip_mm"": 207.95884281263355, ""temp_c"": 14.707219780815997, ""dry_days"": 39, ""hot_days"": 0, ""max_dry_spell"": 11, ""n_days"": 83, ""precip_deficit_pct"": -68.25682337822066, ""temp_anomaly_c"": -1.2873996878729912, ""precip_norm_mm"": 123.59608284364649, ""temp_norm_c"": 15.994619468688988, ""norm_years"": 15}, ""source"": ""ERA5 полигона""}","другие поля региона в эти дни в норме (медианный Z 0.6, ниже нормы 11% из 57) — причина локальная, на самом поле | пик достигнут (122% нормы), но на 73 дней позже обычного: на поле яровая культура вместо привычной озимой, весеннее отставание — смена фазы, а не угнетение","AOI-0015, сезон 2023: критическая аномалия с 2023-04-23 по 2023-06-14 (53 дней, 10 наблюдений), фаза — весна (всходы и рост). NDVI в худший день 2023-05-21: 0.22 при норме 0.62 (Z = -2.9). Вероятная причина — смена культуры: яровая вместо озимой, весеннее отставание — не угнетение (уверенность 70%). Аргументы: другие поля региона в эти дни в норме (медианный Z 0.6, ниже нормы 11% из 57) — причина локальная, на самом поле; пик достигнут (122% нормы), но на 73 дней позже обычного: на поле яровая культура вместо привычной озимой, весеннее отставание — смена фазы, а не угнетение. Норма: история полигона."
AOI-0015,2024,2024-06-13,2024-10-23,133,60,-1.8573212667437142,-1.3687460859557894,0,-0.23107131855482563,-0.13777044541071512,2024-06-22,0.26395917525276263,0.4851761479093923,пик вегетации,осень (озимые всходы),165,297,умеренная,weather_drought,0.75,история полигона,ERA5 полигона,0,-0.7483229938047176,0.24561403508771928,"{""available"": true, ""before"": {""precip_mm"": 17.554790405355902, ""temp_c"": 20.597341643439428, ""dry_days"": 23, ""hot_days"": 2, ""max_dry_spell"": 12, ""n_days"": 30, ""precip_deficit_pct"": 69.66346160313661, ""temp_anomaly_c"": 0.658460015190979, ""precip_norm_mm"": 57.86682111091146, ""temp_norm_c"": 19.93888162824845, ""norm_years"": 15}, ""during"": {""precip_mm"": 59.75944116650922, ""temp_c"": 23.12457023563244, ""dry_days"": 120, ""hot_days"": 34, ""max_dry_spell"": 39, ""n_days"": 133, ""precip_deficit_pct"": 59.09183009829434, ""temp_anomaly_c"": 1.6404971222331746, ""precip_norm_mm"": 146.08192277997153, ""temp_norm_c"": 21.484073113399266, ""norm_years"": 15}, ""combined"": {""precip_mm"": 77.31423157186512, ""temp_c"": 22.6594361389098, ""dry_days"": 143, ""hot_days"": 36, ""max_dry_spell"": 39, ""n_days"": 163, ""precip_deficit_pct"": 62.09134212014078, ""temp_anomaly_c"": 1.4597540963971873, ""precip_norm_mm"": 203.94874389088298, ""temp_norm_c"": 21.199682042512613, ""norm_years"": 15}, ""source"": ""ERA5 полигона""}","за 30 дней до и во время эпизода осадков 77 мм при норме 204 мм (дефицит 62 %) | температура выше нормы на 1.5 °C (22.7 против 21.2 °C), жарких дней 36 | сухая серия 39 дней подряд | за 30 дней до эпизода: осадков 18 мм при норме 58 мм | во время эпизода: осадков 60 мм при норме 146 мм | соседние поля региона в эти дни тоже ниже нормы (медианный Z -0.7, ниже нормы 25% из 57 полей) — явление региональное | пик на уровне нормы (129%), но спад начался на 47 дней раньше обычного","AOI-0015, сезон 2024: умеренная аномалия с 2024-06-13 по 2024-10-23 (133 дней, 60 наблюдений), фаза — пик вегетации. NDVI в худший день 2024-06-22: 0.26 при норме 0.49 (Z = -1.9). Вероятная причина — погодный стресс: дефицит осадков и/или жара (уверенность 75%). Аргументы: за 30 дней до и во время эпизода осадков 77 мм при норме 204 мм (дефицит 62 %); температура выше нормы на 1.5 °C (22.7 против 21.2 °C), жарких дней 36; сухая серия 39 дней подряд; за 30 дней до эпизода: осадков 18 мм при норме 58 мм; во время эпизода: осадков 60 мм при норме 146 мм; соседние поля региона в эти дни тоже ниже нормы (медианный Z -0.7, ниже нормы 25% из 57 полей) — явление региональное; пик на уровне нормы (129%), но спад начался на 47 дней раньше обычного. Норма: история полигона."
AOI-0016,2025,2025-04-03,2025-06-04,63,16,-1.6987451355495653,-1.3081249427393,0,-0.32966577202774944,-0.2502500877965266,2025-04-03,0.016658061641676616,0.34632383366942604,весна (всходы и рост),пик вегетации,93,155,умеренная,crop_rotation,0.7,среднее по культуре (истории полигона нет),ERA5 региона (медиана соседних полей),3,0.1759006257243037,0.22077922077922077,"{""available"": true, ""before"": {""precip_mm"": 0.4983002843346184, ""temp_c"": 13.019552803039574, ""dry_days"": 2, ""hot_days"": 0, ""max_dry_spell"": 2, ""n_days"": 30}, ""during"": {""precip_mm"": 72.6873161900689, ""temp_c"": 14.902385451013382, ""dry_days"": 47, ""hot_days"": 0, ""max_dry_spell"": 11, ""n_days"": 63, ""precip_deficit_pct"": 20.722288877847937, ""temp_anomaly_c"": -0.25209796917157945, ""precip_norm_mm"": 91.6869510499255, ""temp_norm_c"": 15.154483420184961, ""norm_years"": 15}, ""combined"": {""precip_mm"": 73.18561647440352, ""temp_c"": 14.844452138768034, ""dry_days"": 49, ""hot_days"": 0, ""max_dry_spell"": 11, ""n_days"": 93}, ""source"": ""ERA5 региона (медиана соседних полей)""}","другие поля региона в эти дни в норме (медианный Z 0.2, ниже нормы 22% из 77) — причина локальная, на самом поле | пик достигнут (131% нормы), но на 37 дней позже обычного: на поле яровая культура вместо привычной озимой, весеннее отставание — смена фазы, а не угнетение","AOI-0016, сезон 2025: умеренная аномалия с 2025-04-03 по 2025-06-04 (63 дней, 16 наблюдений), фаза — весна (всходы и рост). NDVI в худший день 2025-04-03: 0.02 при норме 0.35 (Z = -1.7). Вероятная причина — смена культуры: яровая вместо озимой, весеннее отставание — не угнетение (уверенность 70%). Аргументы: другие поля региона в эти дни в норме (медианный Z 0.2, ниже нормы 22% из 77) — причина локальная, на самом поле; пик достигнут (131% нормы), но на 37 дней позже обычного: на поле яровая культура вместо привычной озимой, весеннее отставание — смена фазы, а не угнетение. Норма: среднее по культуре (истории полигона нет)."
AOI-0017,2021,2021-04-01,2021-04-15,15,2,-1.550264374411625,-1.1679565109452068,0,-0.19062734702548859,-0.16383904772330954,2021-04-01,0.22737889446166096,0.41800624148714954,весна (всходы и рост),весна (всходы и рост),91,105,умеренная,weather_drought,0.5,история полигона,ERA5 региона (медиана соседних полей),1,-0.9343209707843628,0.4909090909090909,"{""available"": true, ""during"": {""precip_mm"": 45.13425385355449, ""temp_c"": 8.95503963894317, ""dry_days"": 6, ""hot_days"": 0, ""max_dry_spell"": 3, ""n_days"": 15, ""precip_deficit_pct"": -139.8842418777516, ""temp_anomaly_c"": -0.8888246048664339, ""precip_norm_mm"": 18.81501406689129, ""temp_norm_c"": 9.843864243809604, ""norm_years"": 15}, ""combined"": {""precip_mm"": 45.13425385355449, ""temp_c"": 8.95503963894317, ""dry_days"": 6, ""hot_days"": 0, ""max_dry_spell"": 3, ""n_days"": 45}, ""source"": ""ERA5 региона (медиана соседних полей)""}","соседние поля региона в эти дни тоже ниже нормы (медианный Z -0.9, ниже нормы 49% из 55 полей) — явление региональное | явного дефицита осадков в ERA5 нет, но угнетены все поля региона — вероятен региональный погодный фактор (заморозки, суховей, град)","AOI-0017, сезон 2021: умеренная аномалия с 2021-04-01 по 2021-04-15 (15 дней, 2 наблюдений), фаза — весна (всходы и рост). NDVI в худший день 2021-04-01: 0.23 при норме 0.42 (Z = -1.6). Вероятная причина — погодный стресс: дефицит осадков и/или жара (уверенность 50%). Аргументы: соседние поля региона в эти дни тоже ниже нормы (медианный Z -0.9, ниже нормы 49% из 55 полей) — явление региональное; явного дефицита осадков в ERA5 нет, но угнетены все поля региона — вероятен региональный погодный фактор (заморозки, суховей, град). Норма: история полигона."
AOI-0017,2023,2023-10-07,2023-10-24,18,4,-1.383125212773077,-1.256240183632129,0,-0.16036093670529022,-0.1469189680425967,2023-10-16,0.2807098424670946,0.4405326664221408,осень (озимые всходы),осень (озимые всходы),280,297,умеренная,weak_season,0.45,история полигона,ERA5 региона (медиана соседних полей),0,-0.16864886265262963,0.0,"{""available"": true, ""before"": {""precip_mm"": 8.831121107306927, ""temp_c"": 17.96127291973728, ""dry_days"": 28, ""hot_days"": 0, ""max_dry_spell"": 19, ""n_days"": 30, ""precip_deficit_pct"": 68.49475829756199, ""temp_anomaly_c"": 0.8287514467906512, ""precip_norm_mm"": 28.03064071279141, ""temp_norm_c"": 17.132521472946628, ""norm_years"": 15}, ""during"": {""precip_mm"": 26.024268711128606, ""temp_c"": 11.16827008282699, ""dry_days"": 16, ""hot_days"": 0, ""max_dry_spell"": 8, ""n_days"": 18, ""precip_deficit_pct"": -27.79932359410495, ""temp_anomaly_c"": -0.28868394368400097, ""precip_norm_mm"": 20.36338532884773, ""temp_norm_c"": 11.45695402651099, ""norm_years"": 15}, ""combined"": {""precip_mm"": 34.85538981843553, ""temp_c"": 15.413896855895922, ""dry_days"": 44, ""hot_days"": 0, ""max_dry_spell"": 19, ""n_days"": 48, ""precip_deficit_pct"": 27.97584191808037, ""temp_anomaly_c"": 0.4097131753626577, ""precip_norm_mm"": 48.39402604163915, ""temp_norm_c"": 15.004183680533265, ""norm_years"": 15}, ""source"": ""ERA5 региона (медиана соседних полей)""}","сухая серия 19 дней подряд | другие поля региона в эти дни в норме (медианный Z -0.2, ниже нормы 0% из 57) — причина локальная, на самом поле | погодного сигнала нет; вероятны агротехнические причины","AOI-0017, сезон 2023: умеренная аномалия с 2023-10-07 по 2023-10-24 (18 дней, 4 наблюдений), фаза — осень (озимые всходы). NDVI в худший день 2023-10-16: 0.28 при норме 0.44 (Z = -1.4). Вероятная причина — ослабленный сезон без явной погодной причины (уверенность 45%). Аргументы: сухая серия 19 дней подряд; другие поля региона в эти дни в норме (медианный Z -0.2, ниже нормы 0% из 57) — причина локальная, на самом поле; погодного сигнала нет; вероятны агротехнические причины. Норма: история полигона."
AOI-0017,2024,2024-04-27,2024-10-30,187,62,-7.760089875991083,-3.0737178591742675,154,-0.35547533252243135,-0.2501143501453469,2024-06-04,0.2810908244077575,0.5978692859700331,весна (всходы и рост),осень (озимые всходы),118,304,критическая,weather_drought,0.75,история полигона,ERA5 региона (медиана соседних полей),1,-0.4608702828326974,0.14035087719298245,"{""available"": true, ""before"": {""precip_mm"": 12.7152376616678, ""temp_c"": 16.183477685390393, ""dry_days"": 23, ""hot_days"": 0, ""max_dry_spell"": 11, ""n_days"": 30, ""precip_deficit_pct"": 65.72453714862334, ""temp_anomaly_c"": 5.687175348447724, ""precip_norm_mm"": 37.09720191614305, ""temp_norm_c"": 10.49630233694267, ""norm_years"": 15}, ""during"": {""precip_mm"": 58.77496083911455, ""temp_c"": 21.503501996882598, ""dry_days"": 168, ""hot_days"": 38, ""max_dry_spell"": 67, ""n_days"": 187, ""precip_deficit_pct"": 69.10742822086192, ""temp_anomaly_c"": 1.2075887991906278, ""precip_norm_mm"": 190.25596593031338, ""temp_norm_c"": 20.29591319769197, ""norm_years"": 15}, ""combined"": {""precip_mm"": 71.49019850078236, ""temp_c"": 20.85410935792111, ""dry_days"": 191, ""hot_days"": 38, ""max_dry_spell"": 67, ""n_days"": 217, ""precip_deficit_pct"": 68.55544210007953, ""temp_anomaly_c"": 1.7543927911187254, ""precip_norm_mm"": 227.35316784645644, ""temp_norm_c"": 19.099716566802385, ""norm_years"": 15}, ""source"": ""ERA5 региона (медиана соседних полей)""}","за 30 дней до и во время эпизода осадков 71 мм при норме 227 мм (дефицит 69 %) | температура выше нормы на 1.8 °C (20.9 против 19.1 °C), жарких дней 38 | сухая серия 67 дней подряд | за 30 дней до эпизода: осадков 13 мм при норме 37 мм | во время эпизода: осадков 59 мм при норме 190 мм | соседние поля региона в эти дни чуть ниже нормы (медианный Z -0.5) | пик на уровне нормы (97%), но спад начался на 90 дней раньше обычного","AOI-0017, сезон 2024: критическая аномалия с 2024-04-27 по 2024-10-30 (187 дней, 62 наблюдений), фаза — весна (всходы и рост). NDVI в худший день 2024-06-04: 0.28 при норме 0.60 (Z = -7.8). Вероятная причина — погодный стресс: дефицит осадков и/или жара (уверенность 75%). Аргументы: за 30 дней до и во время эпизода осадков 71 мм при норме 227 мм (дефицит 69 %); температура выше нормы на 1.8 °C (20.9 против 19.1 °C), жарких дней 38; сухая серия 67 дней подряд; за 30 дней до эпизода: осадков 13 мм при норме 37 мм; во время эпизода: осадков 59 мм при норме 190 мм; соседние поля региона в эти дни чуть ниже нормы (медианный Z -0.5); пик на уровне нормы (97%), но спад начался на 90 дней раньше обычного. Норма: история полигона."
AOI-0017,2025,2025-06-15,2025-10-30,138,54,-3.685706335343052,-2.462162489917355,92,-0.28394073958920996,-0.22978827393420498,2025-09-05,0.1844430244622197,0.44534366148604526,пик вегетации,осень (озимые всходы),166,303,критическая,early_decline,0.6,история полигона,ERA5 региона (медиана соседних полей),0,-0.33371362504967783,0.15584415584415584,"{""available"": true, ""before"": {""precip_mm"": 23.703877407229296, ""temp_c"": 21.02509348127579, ""dry_days"": 22, ""hot_days"": 1, ""max_dry_spell"": 8, ""n_days"": 30, ""precip_deficit_pct"": 40.62480312015666, ""temp_anomaly_c"": 0.5015127007486022, ""precip_norm_mm"": 39.9221874669291, ""temp_norm_c"": 20.523580780527187, ""norm_years"": 15}, ""during"": {""precip_mm"": 119.90541430294411, ""temp_c"": 20.605086237250223, ""dry_days"": 107, ""hot_days"": 29, ""max_dry_spell"": 17, ""n_days"": 138, ""precip_deficit_pct"": -2.0825071353323565, ""temp_anomaly_c"": -0.3801952600129326, ""precip_norm_mm"": 117.45931567294252, ""temp_norm_c"": 20.985281497263156, ""norm_years"": 15}, ""combined"": {""precip_mm"": 143.6092917101734, ""temp_c"": 20.680087530826217, ""dry_days"": 129, ""hot_days"": 30, ""max_dry_spell"": 17, ""n_days"": 168, ""precip_deficit_pct"": 8.750845019861242, ""temp_anomaly_c"": -0.2227474098769413, ""precip_norm_mm"": 157.38150313987163, ""temp_norm_c"": 20.90283494070316, ""norm_years"": 15}, ""source"": ""ERA5 региона (медиана соседних полей)""}","сухая серия 17 дней подряд | соседние поля региона в эти дни чуть ниже нормы (медианный Z -0.3) | пик на уровне нормы (145%), но спад начался на 50 дней раньше обычного","AOI-0017, сезон 2025: критическая аномалия с 2025-06-15 по 2025-10-30 (138 дней, 54 наблюдений), фаза — пик вегетации. NDVI в худший день 2025-09-05: 0.18 при норме 0.45 (Z = -3.7). Вероятная причина — ранний спад вегетации (уборка, полегание, болезнь) (уверенность 60%). Аргументы: сухая серия 17 дней подряд; соседние поля региона в эти дни чуть ниже нормы (медианный Z -0.3); пик на уровне нормы (145%), но спад начался на 50 дней раньше обычного. Норма: история полигона."
AOI-0018,2025,2025-06-06,2025-07-05,30,8,-1.4186211352036429,-1.250766166755107,0,-0.20084304986687984,-0.19396411416954587,2025-06-15,0.35042208402340386,0.5493903547696568,пик вегетации,созревание и уборка,157,186,умеренная,early_decline,0.6,среднее по культуре (истории полигона нет),ERA5 полигона,0,-0.15463478357626123,0.2727272727272727,"{""available"": true, ""before"": {""precip_mm"": 42.76141458539229, ""temp_c"": 18.25743983586632, ""dry_days"": 20, ""hot_days"": 0, ""max_dry_spell"": 7, ""n_days"": 30}, ""during"": {""precip_mm"": 62.45590139188373, ""temp_c"": 21.35347676806982, ""dry_days"": 17, ""hot_days"": 1, ""max_dry_spell"": 4, ""n_days"": 30}, ""combined"": {""precip_mm"": 105.21731597727602, ""temp_c"": 19.80545830196807, ""dry_days"": 37, ""hot_days"": 1, ""max_dry_spell"": 8, ""n_days"": 60}, ""source"": ""ERA5 полигона""}","другие поля региона в эти дни в норме (медианный Z -0.2, ниже нормы 27% из 77) — причина локальная, на самом поле | пик на уровне нормы (136%), но спад начался на 40 дней раньше обычного","AOI-0018, сезон 2025: умеренная аномалия с 2025-06-06 по 2025-07-05 (30 дней, 8 наблюдений), фаза — пик вегетации. NDVI в худший день 2025-06-15: 0.35 при норме 0.55 (Z = -1.4). Вероятная причина — ранний спад вегетации (уборка, полегание, болезнь) (уверенность 60%). Аргументы: другие поля региона в эти дни в норме (медианный Z -0.2, ниже нормы 27% из 77) — причина локальная, на самом поле; пик на уровне нормы (136%), но спад начался на 40 дней раньше обычного. Норма: среднее по культуре (истории полигона нет)."
AOI-0019,2011,2011-04-13,2011-04-30,18,4,-1.3917628122074492,-1.2375197747625486,0,-0.19007276963541803,-0.16841777496202912,2011-04-22,0.31272912723427887,0.5026827829267219,весна (всходы и рост),весна (всходы и рост),103,120,умеренная,late_start,0.6,история полигона,ERA5 полигона,0,-0.5987653801850065,0.2982456140350877,"{""available"": true, ""before"": {""precip_mm"": 23.64674257798427, ""temp_c"": 6.783369689517571, ""dry_days"": 4, ""hot_days"": 0, ""max_dry_spell"": 2, ""n_days"": 30}, ""during"": {""precip_mm"": 17.601795666450926, ""temp_c"": 9.9106425603231, ""dry_days"": 13, ""hot_days"": 0, ""max_dry_spell"": 8, ""n_days"": 18, ""precip_deficit_pct"": 35.47129265735286, ""temp_anomaly_c"": -2.842434764202732, ""precip_norm_mm"": 27.27746516443522, ""temp_norm_c"": 12.753077324525831, ""norm_years"": 15}, ""combined"": {""precip_mm"": 41.248538244435196, ""temp_c"": 8.659733412000888, ""dry_days"": 17, ""hot_days"": 0, ""max_dry_spell"": 8, ""n_days"": 48}, ""source"": ""ERA5 полигона""}","соседние поля региона в эти дни чуть ниже нормы (медианный Z -0.6) | рост начался на 21 дней позже нормы, но пик достигнут (96% нормы)","AOI-0019, сезон 2011: умеренная аномалия с 2011-04-13 по 2011-04-30 (18 дней, 4 наблюдений), фаза — весна (всходы и рост). NDVI в худший день 2011-04-22: 0.31 при норме 0.50 (Z = -1.4). Вероятная причина — запаздывание всходов и роста (уверенность 60%). Аргументы: соседние поля региона в эти дни чуть ниже нормы (медианный Z -0.6); рост начался на 21 дней позже нормы, но пик достигнут (96% нормы). Норма: история полигона."
AOI-0019,2013,2013-05-24,2013-06-16,24,4,-1.7716657178041337,-1.4588740933572673,0,-0.16813815395149084,-0.13930570045768098,2013-06-06,0.4899848990793834,0.6581230530308743,пик вегетации,пик вегетации,144,167,умеренная,weather_drought,0.65,история полигона,ERA5 полигона,0,-0.4804380159087261,0.2807017543859649,"{""available"": true, ""before"": {""precip_mm"": 21.691412498512364, ""temp_c"": 18.88796600765654, ""dry_days"": 25, ""hot_days"": 0, ""max_dry_spell"": 21, ""n_days"": 30, ""precip_deficit_pct"": 60.40506482794432, ""temp_anomaly_c"": 2.9288413005404976, ""precip_norm_mm"": 54.78330095567673, ""temp_norm_c"": 15.959124707116043, ""norm_years"": 15}, ""during"": {""precip_mm"": 12.526750280564158, ""temp_c"": 23.21339529355369, ""dry_days"": 20, ""hot_days"": 3, ""max_dry_spell"": 9, ""n_days"": 24, ""precip_deficit_pct"": 66.07648874794243, ""temp_anomaly_c"": 1.7602032785062427, ""precip_norm_mm"": 36.92645548241818, ""temp_norm_c"": 21.453192015047446, ""norm_years"": 15}, ""combined"": {""precip_mm"": 34.21816277907652, ""temp_c"": 20.81037902361083, ""dry_days"": 45, ""hot_days"": 3, ""max_dry_spell"": 21, ""n_days"": 54, ""precip_deficit_pct"": 62.68863411258305, ""temp_anomaly_c"": 2.4094466240808288, ""precip_norm_mm"": 91.70975643809493, ""temp_norm_c"": 18.400932399530003, ""norm_years"": 15}, ""source"": ""ERA5 полигона""}",за 30 дней до и во время эпизода осадков 34 мм при норме 92 мм (дефицит 63 %) | сухая серия 21 дней подряд | за 30 дней до эпизода: осадков 22 мм при норме 55 мм | во время эпизода: осадков 13 мм при норме 37 мм | соседние поля региона в эти дни чуть ниже нормы (медианный Z -0.5),"AOI-0019, сезон 2013: умеренная аномалия с 2013-05-24 по 2013-06-16 (24 дней, 4 наблюдений), фаза — пик вегетации. NDVI в худший день 2013-06-06: 0.49 при норме 0.66 (Z = -1.8). Вероятная причина — погодный стресс: дефицит осадков и/или жара (уверенность 65%). Аргументы: за 30 дней до и во время эпизода осадков 34 мм при норме 92 мм (дефицит 63 %); сухая серия 21 дней подряд; за 30 дней до эпизода: осадков 22 мм при норме 55 мм; во время эпизода: осадков 13 мм при норме 37 мм; соседние поля региона в эти дни чуть ниже нормы (медианный Z -0.5). Норма: история полигона."
AOI-0019,2014,2014-07-19,2014-10-25,99,24,-1.6271511699797805,-1.3013998138452305,0,-0.13116632407583478,-0.08199125412046615,2014-10-18,0.13584328915782928,0.2009293359570205,созревание и уборка,осень (озимые всходы),200,298,умеренная,weak_season,0.4,история полигона,ERA5 полигона,0,-0.6875574481145242,0.15789473684210525,"{""available"": true, ""before"": {""precip_mm"": 63.036520769198745, ""temp_c"": 23.816586367289247, ""dry_days"": 21, ""hot_days"": 4, ""max_dry_spell"": 10, ""n_days"": 30, ""precip_deficit_pct"": -58.338867180692475, ""temp_anomaly_c"": -1.3053896628485795, ""precip_norm_mm"": 39.81114800907537, ""temp_norm_c"": 25.121976030137827, ""norm_years"": 15}, ""during"": {""precip_mm"": 82.43873241022825, ""temp_c"": 20.03255486151187, ""dry_days"": 82, ""hot_days"": 22, ""max_dry_spell"": 23, ""n_days"": 99, ""precip_deficit_pct"": 18.320120544740682, ""temp_anomaly_c"": -0.22830563640487256, ""precip_norm_mm"": 100.92905738846567, ""temp_norm_c"": 20.26086049791674, ""norm_years"": 15}, ""combined"": {""precip_mm"": 145.475253179427, ""temp_c"": 20.912562188436844, ""dry_days"": 103, ""hot_days"": 26, ""max_dry_spell"": 23, ""n_days"": 129, ""precip_deficit_pct"": -3.364388852859168, ""temp_anomaly_c"": -0.47879029371736337, ""precip_norm_mm"": 140.74020539754105, ""temp_norm_c"": 21.391352482154208, ""norm_years"": 15}, ""source"": ""ERA5 полигона""}",сухая серия 23 дней подряд | соседние поля региона в эти дни чуть ниже нормы (медианный Z -0.7) | погодного сигнала нет; вероятны агротехнические причины,"AOI-0019, сезон 2014: умеренная аномалия с 2014-07-19 по 2014-10-25 (99 дней, 24 наблюдений), фаза — созревание и уборка. NDVI в худший день 2014-10-18: 0.14 при норме 0.20 (Z = -1.6). Вероятная причина — ослабленный сезон без явной погодной причины (уверенность 40%). Аргументы: сухая серия 23 дней подряд; соседние поля региона в эти дни чуть ниже нормы (медианный Z -0.7); погодного сигнала нет; вероятны агротехнические причины. Норма: история полигона."
AOI-0019,2015,2015-05-19,2015-06-21,34,8,-1.451191456955928,-1.2960503129022858,0,-0.13245534873202086,-0.12604802042091123,2015-06-13,0.48049084011928206,0.6118753990462037,пик вегетации,пик вегетации,139,172,умеренная,weak_season,0.45,история полигона,ERA5 полигона,1,-0.027253068627622012,0.22807017543859648,"{""available"": true, ""before"": {""precip_mm"": 86.97639330550189, ""temp_c"": 13.234296438429114, ""dry_days"": 17, ""hot_days"": 0, ""max_dry_spell"": 12, ""n_days"": 30, ""precip_deficit_pct"": -61.57612906510883, ""temp_anomaly_c"": -1.9141424680639165, ""precip_norm_mm"": 53.82997711899251, ""temp_norm_c"": 15.14843890649303, ""norm_years"": 15}, ""during"": {""precip_mm"": 38.278620890306314, ""temp_c"": 22.04003694197713, ""dry_days"": 24, ""hot_days"": 0, ""max_dry_spell"": 15, ""n_days"": 34, ""precip_deficit_pct"": 27.438067352054528, ""temp_anomaly_c"": 0.7294213039423099, ""precip_norm_mm"": 52.75303384768672, ""temp_norm_c"": 21.31061563803482, ""norm_years"": 15}, ""combined"": {""precip_mm"": 125.2550141958082, ""temp_c"": 17.912346080939, ""dry_days"": 41, ""hot_days"": 0, ""max_dry_spell"": 15, ""n_days"": 64, ""precip_deficit_pct"": -17.518742489801053, ""temp_anomaly_c"": -0.5097492141856073, ""precip_norm_mm"": 106.58301096667924, ""temp_norm_c"": 18.422095295124606, ""norm_years"": 15}, ""source"": ""ERA5 полигона""}","сухая серия 15 дней подряд | другие поля региона в эти дни в норме (медианный Z -0.0, ниже нормы 23% из 57) — причина локальная, на самом поле | погодного сигнала нет; вероятны агротехнические причины","AOI-0019, сезон 2015: умеренная аномалия с 2015-05-19 по 2015-06-21 (34 дней, 8 наблюдений), фаза — пик вегетации. NDVI в худший день 2015-06-13: 0.48 при норме 0.61 (Z = -1.5). Вероятная причина — ослабленный сезон без явной погодной причины (уверенность 45%). Аргументы: сухая серия 15 дней подряд; другие поля региона в эти дни в норме (медианный Z -0.0, ниже нормы 23% из 57) — причина локальная, на самом поле; погодного сигнала нет; вероятны агротехнические причины. Норма: история полигона."
AOI-0019,2015,2015-08-17,2015-10-14,59,13,-1.692055880829145,-1.3016355478154416,0,-0.0780063189422707,-0.06119489104998565,2015-10-04,0.12720699452567572,0.19488922975884151,лето после уборки,осень (озимые всходы),229,287,умеренная,weather_drought,0.65,история полигона,ERA5 полигона,0,-0.2733025742199979,0.08771929824561403,"{""available"": true, ""before"": {""precip_mm"": 9.378465224788357, ""temp_c"": 27.85392411549889, ""dry_days"": 27, ""hot_days"": 20, ""max_dry_spell"": 14, ""n_days"": 30, ""precip_deficit_pct"": 66.80236713929544, ""temp_anomaly_c"": 1.4185298806649804, ""precip_norm_mm"": 28.250403467439618, ""temp_norm_c"": 26.43539423483391, ""norm_years"": 15}, ""during"": {""precip_mm"": 20.90738807826042, ""temp_c"": 19.655625053448887, ""dry_days"": 53, ""hot_days"": 4, ""max_dry_spell"": 29, ""n_days"": 59, ""precip_deficit_pct"": 64.38162660935942, ""temp_anomaly_c"": 0.7261579132798452, ""precip_norm_mm"": 58.698323612257504, ""temp_norm_c"": 18.92946714016904, ""norm_years"": 15}, ""combined"": {""precip_mm"": 30.285853303048782, ""temp_c"": 22.419096647398327, ""dry_days"": 80, ""hot_days"": 24, ""max_dry_spell"": 29, ""n_days"": 89, ""precip_deficit_pct"": 65.16814642347921, ""temp_anomaly_c"": 0.9595417225107923, ""precip_norm_mm"": 86.94872707969714, ""temp_norm_c"": 21.459554924887534, ""norm_years"": 15}, ""source"": ""ERA5 полигона""}","за 30 дней до и во время эпизода осадков 30 мм при норме 87 мм (дефицит 65 %) | сухая серия 29 дней подряд | за 30 дней до эпизода: осадков 9 мм при норме 28 мм | во время эпизода: осадков 21 мм при норме 59 мм | другие поля региона в эти дни в норме (медианный Z -0.3, ниже нормы 9% из 57) — причина локальная, на самом поле","AOI-0019, сезон 2015: умеренная аномалия с 2015-08-17 по 2015-10-14 (59 дней, 13 наблюдений), фаза — лето после уборки. NDVI в худший день 2015-10-04: 0.13 при норме 0.19 (Z = -1.7). Вероятная причина — погодный стресс: дефицит осадков и/или жара (уверенность 65%). Аргументы: за 30 дней до и во время эпизода осадков 30 мм при норме 87 мм (дефицит 65 %); сухая серия 29 дней подряд; за 30 дней до эпизода: осадков 9 мм при норме 28 мм; во время эпизода: осадков 21 мм при норме 59 мм; другие поля региона в эти дни в норме (медианный Z -0.3, ниже нормы 9% из 57) — причина локальная, на самом поле. Норма: история полигона."
AOI-0019,2018,2018-04-06,2018-06-10,66,21,-2.6755497504683374,-2.0584065074633995,40,-0.30672927633088787,-0.22764419706952854,2018-05-03,0.2909951990935476,0.5918525061337422,весна (всходы и рост),пик вегетации,96,161,критическая,weak_season,0.45,история полигона,ERA5 полигона,1,-0.22466812323612836,0.2631578947368421,"{""available"": true, ""before"": {""precip_mm"": 4.54436019390414, ""temp_c"": 8.367809168497752, ""dry_days"": 3, ""hot_days"": 0, ""max_dry_spell"": 2, ""n_days"": 30}, ""during"": {""precip_mm"": 48.92675306317784, ""temp_c"": 16.932452513954875, ""dry_days"": 58, ""hot_days"": 0, ""max_dry_spell"": 20, ""n_days"": 66, ""precip_deficit_pct"": 57.9333722687683, ""temp_anomaly_c"": 0.9815662663392342, ""precip_norm_mm"": 116.30776152482731, ""temp_norm_c"": 15.95088624761564, ""norm_years"": 15}, ""combined"": {""precip_mm"": 53.47111325708198, ""temp_c"": 16.329308616387475, ""dry_days"": 61, ""hot_days"": 0, ""max_dry_spell"": 20, ""n_days"": 96}, ""source"": ""ERA5 полигона""}","другие поля региона в эти дни в норме (медианный Z -0.2, ниже нормы 26% из 57) — причина локальная, на самом поле | погодного сигнала нет; вероятны агротехнические причины","AOI-0019, сезон 2018: критическая аномалия с 2018-04-06 по 2018-06-10 (66 дней, 21 наблюдений), фаза — весна (всходы и рост). NDVI в худший день 2018-05-03: 0.29 при норме 0.59 (Z = -2.7). Вероятная причина — ослабленный сезон без явной погодной причины (уверенность 45%). Аргументы: другие поля региона в эти дни в норме (медианный Z -0.2, ниже нормы 26% из 57) — причина локальная, на самом поле; погодного сигнала нет; вероятны агротехнические причины. Норма: история полигона."
AOI-0019,2021,2021-04-02,2021-05-25,54,15,-1.9808119880165236,-1.6409949836541369,0,-0.2468256179617025,-0.20120459574737717,2021-05-03,0.34791869256266955,0.588057606569134,весна (всходы и рост),пик вегетации,92,145,умеренная,late_start,0.6,история полигона,ERA5 полигона,4,-0.484323740348265,0.2982456140350877,"{""available"": true, ""before"": {""precip_mm"": 0.0017010105466397, ""temp_c"": 8.113809204101585, ""dry_days"": 1, ""hot_days"": 0, ""max_dry_spell"": 1, ""n_days"": 30}, ""during"": {""precip_mm"": 174.9240964414689, ""temp_c"": 13.31602401026975, ""dry_days"": 28, ""hot_days"": 0, ""max_dry_spell"": 12, ""n_days"": 54, ""precip_deficit_pct"": -94.40099707951065, ""temp_anomaly_c"": -0.7110637103579194, ""precip_norm_mm"": 89.98106957750035, ""temp_norm_c"": 14.02708772062767, ""norm_years"": 15}, ""combined"": {""precip_mm"": 174.92579745201553, ""temp_c"": 13.221438286521236, ""dry_days"": 29, ""hot_days"": 0, ""max_dry_spell"": 12, ""n_days"": 84}, ""source"": ""ERA5 полигона""}","соседние поля региона в эти дни чуть ниже нормы (медианный Z -0.5) | рост начался на 25 дней позже нормы, но пик достигнут (113% нормы)","AOI-0019, сезон 2021: умеренная аномалия с 2021-04-02 по 2021-05-25 (54 дней, 15 наблюдений), фаза — весна (всходы и рост). NDVI в худший день 2021-05-03: 0.35 при норме 0.59 (Z = -2.0). Вероятная причина — запаздывание всходов и роста (уверенность 60%). Аргументы: соседние поля региона в эти дни чуть ниже нормы (медианный Z -0.5); рост начался на 25 дней позже нормы, но пик достигнут (113% нормы). Норма: история полигона."
AOI-0019,2022,2022-06-30,2022-07-28,29,13,-1.2994585062210369,-1.207849891682924,0,-0.1541708512046533,-0.13983253487436473,2022-07-16,0.20798632278044593,0.3603192430137438,созревание и уборка,созревание и уборка,181,209,умеренная,weak_season,0.45,история полигона,ERA5 полигона,0,-0.14912162256735842,0.12280701754385964,"{""available"": true, ""before"": {""precip_mm"": 26.54033210250617, ""temp_c"": 23.4750091340807, ""dry_days"": 24, ""hot_days"": 0, ""max_dry_spell"": 14, ""n_days"": 30, ""precip_deficit_pct"": 36.653564672431095, ""temp_anomaly_c"": 0.43363730253997446, ""precip_norm_mm"": 41.89712012248871, ""temp_norm_c"": 23.041371831540726, ""norm_years"": 15}, ""during"": {""precip_mm"": 44.94631028266127, ""temp_c"": 23.447632660262908, ""dry_days"": 21, ""hot_days"": 2, ""max_dry_spell"": 11, ""n_days"": 29, ""precip_deficit_pct"": -12.082687225861344, ""temp_anomaly_c"": -2.3849502936176883, ""precip_norm_mm"": 40.10102844169729, ""temp_norm_c"": 25.832582953880596, ""norm_years"": 15}, ""combined"": {""precip_mm"": 71.48664238516744, ""temp_c"": 23.46155290118721, ""dry_days"": 45, ""hot_days"": 2, ""max_dry_spell"": 14, ""n_days"": 59, ""precip_deficit_pct"": 12.819199412521398, ""temp_anomaly_c"": -0.9517701599781958, ""precip_norm_mm"": 81.998148564186, ""temp_norm_c"": 24.413323061165407, ""norm_years"": 15}, ""source"": ""ERA5 полигона""}","другие поля региона в эти дни в норме (медианный Z -0.1, ниже нормы 12% из 57) — причина локальная, на самом поле | погодного сигнала нет; вероятны агротехнические причины","AOI-0019, сезон 2022: умеренная аномалия с 2022-06-30 по 2022-07-28 (29 дней, 13 наблюдений), фаза — созревание и уборка. NDVI в худший день 2022-07-16: 0.21 при норме 0.36 (Z = -1.3). Вероятная причина — ослабленный сезон без явной погодной причины (уверенность 45%). Аргументы: другие поля региона в эти дни в норме (медианный Z -0.1, ниже нормы 12% из 57) — причина локальная, на самом поле; погодного сигнала нет; вероятны агротехнические причины. Норма: история полигона."
AOI-0019,2024,2024-06-14,2024-08-16,64,30,-1.7872781916696494,-1.4333905488815293,0,-0.18429615015811454,-0.14796458381083932,2024-06-24,0.32270321945864383,0.4957027052309117,пик вегетации,лето после уборки,166,229,умеренная,weather_drought,0.75,история полигона,ERA5 полигона,0,-0.7911131271786955,0.3684210526315789,"{""available"": true, ""before"": {""precip_mm"": 20.303544441262034, ""temp_c"": 21.130598068237326, ""dry_days"": 24, ""hot_days"": 2, ""max_dry_spell"": 12, ""n_days"": 30, ""precip_deficit_pct"": 61.18179946522508, ""temp_anomaly_c"": 0.9047623662595363, ""precip_norm_mm"": 52.30418762733038, ""temp_norm_c"": 20.22583570197779, ""norm_years"": 15}, ""during"": {""precip_mm"": 31.562898935820982, ""temp_c"": 26.480720128615715, ""dry_days"": 57, ""hot_days"": 26, ""max_dry_spell"": 25, ""n_days"": 64, ""precip_deficit_pct"": 59.709810570198044, ""temp_anomaly_c"": 0.9491400748491294, ""precip_norm_mm"": 78.33891918233188, ""temp_norm_c"": 25.531580053766586, ""norm_years"": 15}, ""combined"": {""precip_mm"": 51.866443377083016, ""temp_c"": 24.773234364665164, ""dry_days"": 81, ""hot_days"": 28, ""max_dry_spell"": 25, ""n_days"": 94, ""precip_deficit_pct"": 60.29913506829815, ""temp_anomaly_c"": 0.9349769763630782, ""precip_norm_mm"": 130.6431068096623, ""temp_norm_c"": 23.838257388302086, ""norm_years"": 15}, ""source"": ""ERA5 полигона""}","за 30 дней до и во время эпизода осадков 52 мм при норме 131 мм (дефицит 60 %) | сухая серия 25 дней подряд | за 30 дней до эпизода: осадков 20 мм при норме 52 мм | во время эпизода: осадков 32 мм при норме 78 мм | соседние поля региона в эти дни тоже ниже нормы (медианный Z -0.8, ниже нормы 37% из 57 полей) — явление региональное | пик на уровне нормы (127%), но спад начался на 24 дней раньше обычного","AOI-0019, сезон 2024: умеренная аномалия с 2024-06-14 по 2024-08-16 (64 дней, 30 наблюдений), фаза — пик вегетации. NDVI в худший день 2024-06-24: 0.32 при норме 0.50 (Z = -1.8). Вероятная причина — погодный стресс: дефицит осадков и/или жара (уверенность 75%). Аргументы: за 30 дней до и во время эпизода осадков 52 мм при норме 131 мм (дефицит 60 %); сухая серия 25 дней подряд; за 30 дней до эпизода: осадков 20 мм при норме 52 мм; во время эпизода: осадков 32 мм при норме 78 мм; соседние поля региона в эти дни тоже ниже нормы (медианный Z -0.8, ниже нормы 37% из 57 полей) — явление региональное; пик на уровне нормы (127%), но спад начался на 24 дней раньше обычного. Норма: история полигона."
AOI-0019,2025,2025-05-27,2025-06-22,27,8,-2.061618122763531,-1.5579432000273423,4,-0.1841669415886612,-0.14420311601299168,2025-06-10,0.45266717039508775,0.636834111983749,пик вегетации,пик вегетации,147,173,умеренная,weak_season,0.45,история полигона,ERA5 полигона,1,-0.2287453175559515,0.2597402597402597,"{""available"": true, ""before"": {""precip_mm"": 38.3520931524739, ""temp_c"": 15.475732125176345, ""dry_days"": 24, ""hot_days"": 0, ""max_dry_spell"": 11, ""n_days"": 30, ""precip_deficit_pct"": 33.248734725777986, ""temp_anomaly_c"": -1.2932230023984541, ""precip_norm_mm"": 57.4552302415827, ""temp_norm_c"": 16.7689551275748, ""norm_years"": 15}, ""during"": {""precip_mm"": 47.62395106191519, ""temp_c"": 21.707294447628083, ""dry_days"": 17, ""hot_days"": 1, ""max_dry_spell"": 8, ""n_days"": 27, ""precip_deficit_pct"": -26.67798379667614, ""temp_anomaly_c"": -0.6419202961548933, ""precip_norm_mm"": 37.59449719246698, ""temp_norm_c"": 22.349214743782976, ""norm_years"": 15}, ""combined"": {""precip_mm"": 85.97604421438909, ""temp_c"": 18.42752480423243, ""dry_days"": 41, ""hot_days"": 1, ""max_dry_spell"": 11, ""n_days"": 57, ""precip_deficit_pct"": 9.54624854232894, ""temp_anomaly_c"": -0.9847111941778266, ""precip_norm_mm"": 95.04972743404969, ""temp_norm_c"": 19.412235998410257, ""norm_years"": 15}, ""source"": ""ERA5 полигона""}","другие поля региона в эти дни в норме (медианный Z -0.2, ниже нормы 26% из 77) — причина локальная, на самом поле | погодного сигнала нет; вероятны агротехнические причины","AOI-0019, сезон 2025: умеренная аномалия с 2025-05-27 по 2025-06-22 (27 дней, 8 наблюдений), фаза — пик вегетации. NDVI в худший день 2025-06-10: 0.45 при норме 0.64 (Z = -2.1). Вероятная причина — ослабленный сезон без явной погодной причины (уверенность 45%). Аргументы: другие поля региона в эти дни в норме (медианный Z -0.2, ниже нормы 26% из 77) — причина локальная, на самом поле; погодного сигнала нет; вероятны агротехнические причины. Норма: история полигона."
AOI-0020,2010,2010-04-01,2010-06-14,75,11,-2.48524654915735,-2.0006822413288976,30,-0.3562729021532003,-0.26721444885884027,2010-05-25,0.27084435012683505,0.6266178753949853,весна (всходы и рост),пик вегетации,91,165,критическая,crop_rotation,0.7,история полигона,ERA5 полигона,1,-0.4287789543429499,0.22807017543859648,"{""available"": true, ""during"": {""precip_mm"": 140.34036027538832, ""temp_c"": 15.846476652357335, ""dry_days"": 50, ""hot_days"": 3, ""max_dry_spell"": 16, ""n_days"": 75, ""precip_deficit_pct"": -13.771188396711809, ""temp_anomaly_c"": -0.10383591885036658, ""precip_norm_mm"": 123.35316370787282, ""temp_norm_c"": 15.950312571207702, ""norm_years"": 15}, ""combined"": {""precip_mm"": 140.34036027538832, ""temp_c"": 15.846476652357335, ""dry_days"": 50, ""hot_days"": 3, ""max_dry_spell"": 16, ""n_days"": 75}, ""source"": ""ERA5 полигона""}","соседние поля региона в эти дни чуть ниже нормы (медианный Z -0.4) | пик достигнут (87% нормы), но на 45 дней позже обычного: на поле яровая культура вместо привычной озимой, весеннее отставание — смена фазы, а не угнетение","AOI-0020, сезон 2010: критическая аномалия с 2010-04-01 по 2010-06-14 (75 дней, 11 наблюдений), фаза — весна (всходы и рост). NDVI в худший день 2010-05-25: 0.27 при норме 0.63 (Z = -2.5). Вероятная причина — смена культуры: яровая вместо озимой, весеннее отставание — не угнетение (уверенность 70%). Аргументы: соседние поля региона в эти дни чуть ниже нормы (медианный Z -0.4); пик достигнут (87% нормы), но на 45 дней позже обычного: на поле яровая культура вместо привычной озимой, весеннее отставание — смена фазы, а не угнетение. Норма: история полигона."
AOI-0020,2012,2012-04-23,2012-05-16,24,3,-1.660619584570057,-1.4112625609009033,0,-0.25567084403514384,-0.21616362661334076,2012-05-05,0.2663988953384714,0.5220697393736152,весна (всходы и рост),пик вегетации,114,137,умеренная,crop_rotation,0.7,история полигона,ERA5 полигона,2,-0.27416522336245436,0.21818181818181817,"{""available"": true, ""before"": {""precip_mm"": 43.815283185853815, ""temp_c"": 13.256289071747771, ""dry_days"": 12, ""hot_days"": 0, ""max_dry_spell"": 6, ""n_days"": 30}, ""during"": {""precip_mm"": 5.25532094331993, ""temp_c"": 20.10475046369767, ""dry_days"": 23, ""hot_days"": 0, ""max_dry_spell"": 23, ""n_days"": 24, ""precip_deficit_pct"": 87.61815011744136, ""temp_anomaly_c"": 5.065916884386986, ""precip_norm_mm"": 42.44374623474235, ""temp_norm_c"": 15.038833579310683, ""norm_years"": 15}, ""combined"": {""precip_mm"": 49.070604129173745, ""temp_c"": 16.829399363199887, ""dry_days"": 35, ""hot_days"": 0, ""max_dry_spell"": 23, ""n_days"": 54, ""precip_deficit_pct"": 38.34076838314997, ""temp_anomaly_c"": 4.067792888309642, ""precip_norm_mm"": 79.58354790098275, ""temp_norm_c"": 12.761606474890245, ""norm_years"": 15}, ""source"": ""ERA5 полигона""}","сухая серия 23 дней подряд | другие поля региона в эти дни в норме (медианный Z -0.3, ниже нормы 22% из 55) — причина локальная, на самом поле | пик достигнут (113% нормы), но на 35 дней позже обычного: на поле яровая культура вместо привычной озимой, весеннее отставание — смена фазы, а не угнетение","AOI-0020, сезон 2012: умеренная аномалия с 2012-04-23 по 2012-05-16 (24 дней, 3 наблюдений), фаза — весна (всходы и рост). NDVI в худший день 2012-05-05: 0.27 при норме 0.52 (Z = -1.7). Вероятная причина — смена культуры: яровая вместо озимой, весеннее отставание — не угнетение (уверенность 70%). Аргументы: сухая серия 23 дней подряд; другие поля региона в эти дни в норме (медианный Z -0.3, ниже нормы 22% из 55) — причина локальная, на самом поле; пик достигнут (113% нормы), но на 35 дней позже обычного: на поле яровая культура вместо привычной озимой, весеннее отставание — смена фазы, а не угнетение. Норма: история полигона."
AOI-0020,2014,2014-06-06,2014-06-22,17,6,-1.5539519830974793,-1.3364602715238016,0,-0.16929911234847744,-0.1535096842166951,2014-06-14,0.3810564474428695,0.5482727846505117,пик вегетации,пик вегетации,157,173,умеренная,early_decline,0.6,история полигона,ERA5 полигона,0,-0.3095318716088306,0.2631578947368421,"{""available"": true, ""before"": {""precip_mm"": 40.096492895525415, ""temp_c"": 21.06096176571318, ""dry_days"": 18, ""hot_days"": 0, ""max_dry_spell"": 6, ""n_days"": 30, ""precip_deficit_pct"": 37.77503942019924, ""temp_anomaly_c"": 2.800455199347603, ""precip_norm_mm"": 64.43795628299907, ""temp_norm_c"": 18.260506566365578, ""norm_years"": 15}, ""during"": {""precip_mm"": 28.791652356822794, ""temp_c"": 21.83449852887324, ""dry_days"": 7, ""hot_days"": 0, ""max_dry_spell"": 3, ""n_days"": 17, ""precip_deficit_pct"": -47.169284660267394, ""temp_anomaly_c"": -1.495943354936987, ""precip_norm_mm"": 19.563628662928423, ""temp_norm_c"": 23.330441883810227, ""norm_years"": 15}, ""combined"": {""precip_mm"": 68.88814525234821, ""temp_c"": 21.340751658771072, ""dry_days"": 25, ""hot_days"": 0, ""max_dry_spell"": 6, ""n_days"": 47, ""precip_deficit_pct"": 17.991850633899265, ""temp_anomaly_c"": 1.2464387009893443, ""precip_norm_mm"": 84.00158494592749, ""temp_norm_c"": 20.094312957781728, ""norm_years"": 15}, ""source"": ""ERA5 полигона""}","соседние поля региона в эти дни чуть ниже нормы (медианный Z -0.3) | пик на уровне нормы (103%), но спад начался на 24 дней раньше обычного","AOI-0020, сезон 2014: умеренная аномалия с 2014-06-06 по 2014-06-22 (17 дней, 6 наблюдений), фаза — пик вегетации. NDVI в худший день 2014-06-14: 0.38 при норме 0.55 (Z = -1.6). Вероятная причина — ранний спад вегетации (уборка, полегание, болезнь) (уверенность 60%). Аргументы: соседние поля региона в эти дни чуть ниже нормы (медианный Z -0.3); пик на уровне нормы (103%), но спад начался на 24 дней раньше обычного. Норма: история полигона."
AOI-0020,2015,2015-09-10,2015-10-21,42,8,-1.5855256437731673,-1.2905996192851272,0,-0.08955270092951502,-0.08070291239142058,2015-10-07,0.11560266312932062,0.2051297007136096,лето после уборки,осень (озимые всходы),253,294,умеренная,weather_drought,0.75,история полигона,ERA5 полигона,0,-0.4216136941774735,0.17543859649122806,"{""available"": true, ""before"": {""precip_mm"": 9.839605984033994, ""temp_c"": 24.84177508884009, ""dry_days"": 26, ""hot_days"": 9, ""max_dry_spell"": 19, ""n_days"": 30, ""precip_deficit_pct"": 59.12309671313285, ""temp_anomaly_c"": 0.9054523814166124, ""precip_norm_mm"": 24.071309695309633, ""temp_norm_c"": 23.93632270742348, ""norm_years"": 15}, ""during"": {""precip_mm"": 20.342643791536826, ""temp_c"": 15.28291014716741, ""dry_days"": 37, ""hot_days"": 0, ""max_dry_spell"": 29, ""n_days"": 42, ""precip_deficit_pct"": 59.25537148239095, ""temp_anomaly_c"": 0.16964572573464842, ""precip_norm_mm"": 49.927179438499785, ""temp_norm_c"": 15.113264421432762, ""norm_years"": 15}, ""combined"": {""precip_mm"": 30.18224977557082, ""temp_c"": 19.265770539531022, ""dry_days"": 63, ""hot_days"": 9, ""max_dry_spell"": 29, ""n_days"": 72, ""precip_deficit_pct"": 59.2123432128552, ""temp_anomaly_c"": 0.4762318322687946, ""precip_norm_mm"": 73.9984891338094, ""temp_norm_c"": 18.789538707262228, ""norm_years"": 15}, ""source"": ""ERA5 полигона""}","за 30 дней до и во время эпизода осадков 30 мм при норме 74 мм (дефицит 59 %) | сухая серия 29 дней подряд | за 30 дней до эпизода: осадков 10 мм при норме 24 мм | во время эпизода: осадков 20 мм при норме 50 мм | соседние поля региона в эти дни чуть ниже нормы (медианный Z -0.4) | пик на уровне нормы (119%), но спад начался на 19 дней раньше обычного","AOI-0020, сезон 2015: умеренная аномалия с 2015-09-10 по 2015-10-21 (42 дней, 8 наблюдений), фаза — лето после уборки. NDVI в худший день 2015-10-07: 0.12 при норме 0.21 (Z = -1.6). Вероятная причина — погодный стресс: дефицит осадков и/или жара (уверенность 75%). Аргументы: за 30 дней до и во время эпизода осадков 30 мм при норме 74 мм (дефицит 59 %); сухая серия 29 дней подряд; за 30 дней до эпизода: осадков 10 мм при норме 24 мм; во время эпизода: осадков 20 мм при норме 50 мм; соседние поля региона в эти дни чуть ниже нормы (медианный Z -0.4); пик на уровне нормы (119%), но спад начался на 19 дней раньше обычного. Норма: история полигона."
AOI-0020,2020,2020-06-19,2020-08-03,46,19,-1.4437657319815702,-1.3173840892197066,0,-0.2254560971228252,-0.19316873399408932,2020-07-01,0.22774435493977513,0.4421462952562088,пик вегетации,созревание и уборка,171,216,умеренная,early_decline,0.6,история полигона,ERA5 полигона,0,-0.6220751091591087,0.24561403508771928,"{""available"": true, ""before"": {""precip_mm"": 101.54643517689976, ""temp_c"": 20.05140548282202, ""dry_days"": 16, ""hot_days"": 1, ""max_dry_spell"": 8, ""n_days"": 30, ""precip_deficit_pct"": -133.45632009497513, ""temp_anomaly_c"": -1.2403517610055381, ""precip_norm_mm"": 43.496974138711884, ""temp_norm_c"": 21.291757243827558, ""norm_years"": 15}, ""during"": {""precip_mm"": 37.73686971142709, ""temp_c"": 26.03059893621917, ""dry_days"": 37, ""hot_days"": 16, ""max_dry_spell"": 12, ""n_days"": 46, ""precip_deficit_pct"": 38.77731889145668, ""temp_anomaly_c"": 0.5802859762440562, ""precip_norm_mm"": 61.63870811949968, ""temp_norm_c"": 25.450312959975115, ""norm_years"": 15}, ""combined"": {""precip_mm"": 139.28330488832685, ""temp_c"": 23.670390994088716, ""dry_days"": 53, ""hot_days"": 17, ""max_dry_spell"": 12, ""n_days"": 76, ""precip_deficit_pct"": -32.47957486617079, ""temp_anomaly_c"": -0.13838681477552228, ""precip_norm_mm"": 105.13568225821157, ""temp_norm_c"": 23.80877780886424, ""norm_years"": 15}, ""source"": ""ERA5 полигона""}","соседние поля региона в эти дни чуть ниже нормы (медианный Z -0.6) | пик на уровне нормы (105%), но спад начался на 28 дней раньше обычного","AOI-0020, сезон 2020: умеренная аномалия с 2020-06-19 по 2020-08-03 (46 дней, 19 наблюдений), фаза — пик вегетации. NDVI в худший день 2020-07-01: 0.23 при норме 0.44 (Z = -1.4). Вероятная причина — ранний спад вегетации (уборка, полегание, болезнь) (уверенность 60%). Аргументы: соседние поля региона в эти дни чуть ниже нормы (медианный Z -0.6); пик на уровне нормы (105%), но спад начался на 28 дней раньше обычного. Норма: история полигона."
AOI-0020,2023,2023-04-24,2023-06-15,53,12,-2.121670363546206,-1.5416531562479732,11,-0.2982919924558135,-0.22166395273274056,2023-06-04,0.33068444632319216,0.6071400390153046,весна (всходы и рост),пик вегетации,114,166,критическая,crop_rotation,0.7,история полигона,ERA5 полигона,1,0.5749267157658811,0.12280701754385964,"{""available"": true, ""before"": {""precip_mm"": 60.724245374789376, ""temp_c"": 10.631126741049966, ""dry_days"": 11, ""hot_days"": 0, ""max_dry_spell"": 7, ""n_days"": 30}, ""during"": {""precip_mm"": 122.41567429761346, ""temp_c"": 16.71628873093325, ""dry_days"": 29, ""hot_days"": 0, ""max_dry_spell"": 11, ""n_days"": 53, ""precip_deficit_pct"": -45.51613863988282, ""temp_anomaly_c"": -1.8646377715424727, ""precip_norm_mm"": 84.12515301863705, ""temp_norm_c"": 18.580926502475723, ""norm_years"": 15}, ""combined"": {""precip_mm"": 183.13991967240284, ""temp_c"": 14.874726549784363, ""dry_days"": 40, ""hot_days"": 0, ""max_dry_spell"": 11, ""n_days"": 83, ""precip_deficit_pct"": -50.457141304371, ""temp_anomaly_c"": -1.255545466127451, ""precip_norm_mm"": 121.72231778743915, ""temp_norm_c"": 16.130272015911814, ""norm_years"": 15}, ""source"": ""ERA5 полигона""}","другие поля региона в эти дни в норме (медианный Z 0.6, ниже нормы 12% из 57) — причина локальная, на самом поле | пик достигнут (121% нормы), но на 51 дней позже обычного: на поле яровая культура вместо привычной озимой, весеннее отставание — смена фазы, а не угнетение","AOI-0020, сезон 2023: критическая аномалия с 2023-04-24 по 2023-06-15 (53 дней, 12 наблюдений), фаза — весна (всходы и рост). NDVI в худший день 2023-06-04: 0.33 при норме 0.61 (Z = -2.1). Вероятная причина — смена культуры: яровая вместо озимой, весеннее отставание — не угнетение (уверенность 70%). Аргументы: другие поля региона в эти дни в норме (медианный Z 0.6, ниже нормы 12% из 57) — причина локальная, на самом поле; пик достигнут (121% нормы), но на 51 дней позже обычного: на поле яровая культура вместо привычной озимой, весеннее отставание — смена фазы, а не угнетение. Норма: история полигона."
AOI-0020,2024,2024-06-15,2024-08-28,75,36,-1.5561236036435573,-1.309451190621133,0,-0.2071867789527122,-0.1721048048268427,2024-06-22,0.30407571800331773,0.4886422333099157,пик вегетации,лето после уборки,167,241,умеренная,weather_drought,0.75,история полигона,ERA5 полигона,1,-0.77489771831181,0.3333333333333333,"{""available"": true, ""before"": {""precip_mm"": 19.57790893242972, ""temp_c"": 21.57645950317385, ""dry_days"": 24, ""hot_days"": 2, ""max_dry_spell"": 12, ""n_days"": 30, ""precip_deficit_pct"": 61.000091424460734, ""temp_anomaly_c"": 1.1441002987049274, ""precip_norm_mm"": 50.199884172828504, ""temp_norm_c"": 20.432359204468924, ""norm_years"": 15}, ""during"": {""precip_mm"": 31.62901435250376, ""temp_c"": 26.54520297580297, ""dry_days"": 68, ""hot_days"": 33, ""max_dry_spell"": 25, ""n_days"": 75, ""precip_deficit_pct"": 63.154448883570694, ""temp_anomaly_c"": 1.1472607554682916, ""precip_norm_mm"": 85.84215297135422, ""temp_norm_c"": 25.397942220334677, ""norm_years"": 15}, ""combined"": {""precip_mm"": 51.20692328493348, ""temp_c"": 25.125561983623225, ""dry_days"": 92, ""hot_days"": 35, ""max_dry_spell"": 25, ""n_days"": 105, ""precip_deficit_pct"": 62.359485082789256, ""temp_anomaly_c"": 1.1463577678216232, ""precip_norm_mm"": 136.04203714418273, ""temp_norm_c"": 23.9792042158016, ""norm_years"": 15}, ""source"": ""ERA5 полигона""}","за 30 дней до и во время эпизода осадков 51 мм при норме 136 мм (дефицит 62 %) | температура выше нормы на 1.1 °C (25.1 против 24.0 °C), жарких дней 35 | сухая серия 25 дней подряд | за 30 дней до эпизода: осадков 20 мм при норме 50 мм | во время эпизода: осадков 32 мм при норме 86 мм | соседние поля региона в эти дни тоже ниже нормы (медианный Z -0.8, ниже нормы 33% из 57 полей) — явление региональное | пик на уровне нормы (133%), но спад начался на 32 дней раньше обычного","AOI-0020, сезон 2024: умеренная аномалия с 2024-06-15 по 2024-08-28 (75 дней, 36 наблюдений), фаза — пик вегетации. NDVI в худший день 2024-06-22: 0.30 при норме 0.49 (Z = -1.6). Вероятная причина — погодный стресс: дефицит осадков и/или жара (уверенность 75%). Аргументы: за 30 дней до и во время эпизода осадков 51 мм при норме 136 мм (дефицит 62 %); температура выше нормы на 1.1 °C (25.1 против 24.0 °C), жарких дней 35; сухая серия 25 дней подряд; за 30 дней до эпизода: осадков 20 мм при норме 50 мм; во время эпизода: осадков 32 мм при норме 86 мм; соседние поля региона в эти дни тоже ниже нормы (медианный Z -0.8, ниже нормы 33% из 57 полей) — явление региональное; пик на уровне нормы (133%), но спад начался на 32 дней раньше обычного. Норма: история полигона."
AOI-0021,2010,2010-04-01,2010-06-17,78,13,-1.6055790632717073,-1.3927667457281487,0,-0.33032532211878296,-0.26702839724359373,2010-06-08,0.326685486536086,0.5800417222832913,весна (всходы и рост),пик вегетации,91,168,умеренная,crop_rotation,0.7,история полигона,ERA5 полигона,1,-0.41111725240823177,0.22807017543859648,"{""available"": true, ""during"": {""precip_mm"": 141.0871498499091, ""temp_c"": 16.28786489861645, ""dry_days"": 53, ""hot_days"": 5, ""max_dry_spell"": 18, ""n_days"": 78, ""precip_deficit_pct"": -9.599878844324984, ""temp_anomaly_c"": 0.06265899055024349, ""precip_norm_mm"": 128.72929362477532, ""temp_norm_c"": 16.225205908066208, ""norm_years"": 15}, ""combined"": {""precip_mm"": 141.0871498499091, ""temp_c"": 16.28786489861645, ""dry_days"": 53, ""hot_days"": 5, ""max_dry_spell"": 18, ""n_days"": 78}, ""source"": ""ERA5 полигона""}","соседние поля региона в эти дни чуть ниже нормы (медианный Z -0.4) | пик достигнут (126% нормы), но на 44 дней позже обычного: на поле яровая культура вместо привычной озимой, весеннее отставание — смена фазы, а не угнетение","AOI-0021, сезон 2010: умеренная аномалия с 2010-04-01 по 2010-06-17 (78 дней, 13 наблюдений), фаза — весна (всходы и рост). NDVI в худший день 2010-06-08: 0.33 при норме 0.58 (Z = -1.6). Вероятная причина — смена культуры: яровая вместо озимой, весеннее отставание — не угнетение (уверенность 70%). Аргументы: соседние поля региона в эти дни чуть ниже нормы (медианный Z -0.4); пик достигнут (126% нормы), но на 44 дней позже обычного: на поле яровая культура вместо привычной озимой, весеннее отставание — смена фазы, а не угнетение. Норма: история полигона."
AOI-0021,2013,2013-06-15,2013-07-27,43,8,-2.284995106505114,-1.4046564704354152,7,-0.22869480512649115,-0.20264716541096578,2013-06-23,0.30296929559926483,0.4872251282692488,пик вегетации,созревание и уборка,166,208,критическая,early_decline,0.6,история полигона,ERA5 полигона,0,-0.28773793589738594,0.15789473684210525,"{""available"": true, ""before"": {""precip_mm"": 23.944321248087874, ""temp_c"": 22.227325481838662, ""dry_days"": 23, ""hot_days"": 2, ""max_dry_spell"": 9, ""n_days"": 30, ""precip_deficit_pct"": 51.77856464003544, ""temp_anomaly_c"": 1.83941890080769, ""precip_norm_mm"": 49.65493264426435, ""temp_norm_c"": 20.387906581030972, ""norm_years"": 15}, ""during"": {""precip_mm"": 59.98749467893205, ""temp_c"": 24.741403834025085, ""dry_days"": 30, ""hot_days"": 11, ""max_dry_spell"": 11, ""n_days"": 43, ""precip_deficit_pct"": 4.455000691421707, ""temp_anomaly_c"": -0.323949286980838, ""precip_norm_mm"": 62.78454666705535, ""temp_norm_c"": 25.065353121005923, ""norm_years"": 15}, ""combined"": {""precip_mm"": 83.93181592701993, ""temp_c"": 23.708220949564915, ""dry_days"": 53, ""hot_days"": 13, ""max_dry_spell"": 11, ""n_days"": 73, ""precip_deficit_pct"": 25.353784594971707, ""temp_anomaly_c"": 0.5651061326582862, ""precip_norm_mm"": 112.4394793113197, ""temp_norm_c"": 23.14311481690663, ""norm_years"": 15}, ""source"": ""ERA5 полигона""}","другие поля региона в эти дни в норме (медианный Z -0.3, ниже нормы 16% из 57) — причина локальная, на самом поле | пик на уровне нормы (140%), но спад начался на 45 дней раньше обычного","AOI-0021, сезон 2013: критическая аномалия с 2013-06-15 по 2013-07-27 (43 дней, 8 наблюдений), фаза — пик вегетации. NDVI в худший день 2013-06-23: 0.30 при норме 0.49 (Z = -2.3). Вероятная причина — ранний спад вегетации (уборка, полегание, болезнь) (уверенность 60%). Аргументы: другие поля региона в эти дни в норме (медианный Z -0.3, ниже нормы 16% из 57) — причина локальная, на самом поле; пик на уровне нормы (140%), но спад начался на 45 дней раньше обычного. Норма: история полигона."
AOI-0021,2015,2015-06-06,2015-06-23,18,4,-1.8983384279007098,-1.544173386125074,0,-0.21298784318668862,-0.1797562195809515,2015-06-17,0.34320310324790215,0.5256874590379029,пик вегетации,пик вегетации,157,174,умеренная,crop_rotation,0.7,история полигона,ERA5 полигона,1,0.11808742542728982,0.15789473684210525,"{""available"": true, ""before"": {""precip_mm"": 45.56057553702075, ""temp_c"": 18.269807391696528, ""dry_days"": 18, ""hot_days"": 0, ""max_dry_spell"": 13, ""n_days"": 30, ""precip_deficit_pct"": 28.897200703313253, ""temp_anomaly_c"": -0.17731347190009217, ""precip_norm_mm"": 64.07704898777985, ""temp_norm_c"": 18.44712086359662, ""norm_years"": 15}, ""during"": {""precip_mm"": 36.6875130860258, ""temp_c"": 23.75853193071156, ""dry_days"": 11, ""hot_days"": 0, ""max_dry_spell"": 11, ""n_days"": 18, ""precip_deficit_pct"": -76.49675255040269, ""temp_anomaly_c"": 0.5167842417587494, ""precip_norm_mm"": 20.786508848398693, ""temp_norm_c"": 23.24174768895281, ""norm_years"": 15}, ""combined"": {""precip_mm"": 82.24808862304656, ""temp_c"": 20.328079093827167, ""dry_days"": 29, ""hot_days"": 0, ""max_dry_spell"": 15, ""n_days"": 48, ""precip_deficit_pct"": 3.081969787527561, ""temp_anomaly_c"": 0.08297317072197785, ""precip_norm_mm"": 84.86355783617856, ""temp_norm_c"": 20.24510592310519, ""norm_years"": 15}, ""source"": ""ERA5 полигона""}","сухая серия 15 дней подряд | другие поля региона в эти дни в норме (медианный Z 0.1, ниже нормы 16% из 57) — причина локальная, на самом поле | пик достигнут (121% нормы), но на 56 дней позже обычного: на поле яровая культура вместо привычной озимой, весеннее отставание — смена фазы, а не угнетение","AOI-0021, сезон 2015: умеренная аномалия с 2015-06-06 по 2015-06-23 (18 дней, 4 наблюдений), фаза — пик вегетации. NDVI в худший день 2015-06-17: 0.34 при норме 0.53 (Z = -1.9). Вероятная причина — смена культуры: яровая вместо озимой, весеннее отставание — не угнетение (уверенность 70%). Аргументы: сухая серия 15 дней подряд; другие поля региона в эти дни в норме (медианный Z 0.1, ниже нормы 16% из 57) — причина локальная, на самом поле; пик достигнут (121% нормы), но на 56 дней позже обычного: на поле яровая культура вместо привычной озимой, весеннее отставание — смена фазы, а не угнетение. Норма: история полигона."
AOI-0021,2017,2017-04-02,2017-06-14,74,17,-1.611156272256132,-1.3909469839700201,0,-0.3431783462489863,-0.27476102642382133,2017-05-28,0.2798505154673101,0.607114471193935,весна (всходы и рост),пик вегетации,92,165,умеренная,crop_rotation,0.7,история полигона,ERA5 полигона,4,0.4028947055006391,0.14035087719298245,"{""available"": true, ""before"": {""precip_mm"": 1.2713968753814695, ""temp_c"": 5.0672565460205305, ""dry_days"": 0, ""hot_days"": 0, ""max_dry_spell"": 0, ""n_days"": 30}, ""during"": {""precip_mm"": 149.00991638126015, ""temp_c"": 14.515758227442857, ""dry_days"": 51, ""hot_days"": 0, ""max_dry_spell"": 12, ""n_days"": 74, ""precip_deficit_pct"": -22.69915078037752, ""temp_anomaly_c"": -1.6266798726789258, ""precip_norm_mm"": 121.44331516032818, ""temp_norm_c"": 16.142438100121783, ""norm_years"": 15}, ""combined"": {""precip_mm"": 150.28131325664162, ""temp_c"": 14.38977820502389, ""dry_days"": 51, ""hot_days"": 0, ""max_dry_spell"": 12, ""n_days"": 104}, ""source"": ""ERA5 полигона""}","другие поля региона в эти дни в норме (медианный Z 0.4, ниже нормы 14% из 57) — причина локальная, на самом поле | пик достигнут (107% нормы), но на 61 дней позже обычного: на поле яровая культура вместо привычной озимой, весеннее отставание — смена фазы, а не угнетение","AOI-0021, сезон 2017: умеренная аномалия с 2017-04-02 по 2017-06-14 (74 дней, 17 наблюдений), фаза — весна (всходы и рост). NDVI в худший день 2017-05-28: 0.28 при норме 0.61 (Z = -1.6). Вероятная причина — смена культуры: яровая вместо озимой, весеннее отставание — не угнетение (уверенность 70%). Аргументы: другие поля региона в эти дни в норме (медианный Z 0.4, ниже нормы 14% из 57) — причина локальная, на самом поле; пик достигнут (107% нормы), но на 61 дней позже обычного: на поле яровая культура вместо привычной озимой, весеннее отставание — смена фазы, а не угнетение. Норма: история полигона."
AOI-0021,2018,2018-10-16,2018-10-30,15,2,-2.4371273029880225,-1.6940069621424234,4,-0.1236157347468892,-0.10360707647746584,2018-10-27,0.09400955172163859,0.20222406506287746,осень (озимые всходы),осень (озимые всходы),289,303,умеренная,early_decline,0.6,история полигона,ERA5 полигона,0,-0.3643381867778318,0.21052631578947367,"{""available"": true, ""before"": {""precip_mm"": 20.572011786285316, ""temp_c"": 15.445954937405078, ""dry_days"": 24, ""hot_days"": 0, ""max_dry_spell"": 11, ""n_days"": 30, ""precip_deficit_pct"": 44.94849733789823, ""temp_anomaly_c"": 0.3989370473225904, ""precip_norm_mm"": 37.368665325183535, ""temp_norm_c"": 15.047017890082488, ""norm_years"": 15}, ""during"": {""precip_mm"": 29.864488229577546, ""temp_c"": 13.263590537177212, ""dry_days"": 11, ""hot_days"": 0, ""max_dry_spell"": 6, ""n_days"": 15, ""precip_deficit_pct"": -31.937333424723093, ""temp_anomaly_c"": 3.6828084253381785, ""precip_norm_mm"": 22.635358358683778, ""temp_norm_c"": 9.580782111839033, ""norm_years"": 15}, ""combined"": {""precip_mm"": 50.43650001586286, ""temp_c"": 14.718500137329126, ""dry_days"": 35, ""hot_days"": 0, ""max_dry_spell"": 17, ""n_days"": 45, ""precip_deficit_pct"": 15.94480349919728, ""temp_anomaly_c"": 1.4935608399944567, ""precip_norm_mm"": 60.0040236838673, ""temp_norm_c"": 13.22493929733467, ""norm_years"": 15}, ""source"": ""ERA5 полигона""}","сухая серия 17 дней подряд | соседние поля региона в эти дни чуть ниже нормы (медианный Z -0.4) | пик на уровне нормы (142%), но спад начался на 32 дней раньше обычного","AOI-0021, сезон 2018: умеренная аномалия с 2018-10-16 по 2018-10-30 (15 дней, 2 наблюдений), фаза — осень (озимые всходы). NDVI в худший день 2018-10-27: 0.09 при норме 0.20 (Z = -2.4). Вероятная причина — ранний спад вегетации (уборка, полегание, болезнь) (уверенность 60%). Аргументы: сухая серия 17 дней подряд; соседние поля региона в эти дни чуть ниже нормы (медианный Z -0.4); пик на уровне нормы (142%), но спад начался на 32 дней раньше обычного. Норма: история полигона."
AOI-0021,2019,2019-04-12,2019-06-07,57,21,-1.6538294022598967,-1.4105184448702848,0,-0.35597947511298855,-0.2931452797025708,2019-05-21,0.24660062271586503,0.6003855878436287,весна (всходы и рост),пик вегетации,102,158,умеренная,crop_rotation,0.7,история полигона,ERA5 полигона,2,0.6114149016480154,0.15789473684210525,"{""available"": true, ""before"": {""precip_mm"": 5.776519619150378, ""temp_c"": 9.249094610503251, ""dry_days"": 8, ""hot_days"": 0, ""max_dry_spell"": 8, ""n_days"": 30}, ""during"": {""precip_mm"": 93.38519950884816, ""temp_c"": 17.303099044442895, ""dry_days"": 42, ""hot_days"": 1, ""max_dry_spell"": 11, ""n_days"": 57, ""precip_deficit_pct"": 9.241743763863774, ""temp_anomaly_c"": 1.0856287069487998, ""precip_norm_mm"": 102.89444000100345, ""temp_norm_c"": 16.217470337494095, ""norm_years"": 15}, ""combined"": {""precip_mm"": 99.16171912799854, ""temp_c"": 16.000245386011485, ""dry_days"": 50, ""hot_days"": 1, ""max_dry_spell"": 11, ""n_days"": 87}, ""source"": ""ERA5 полигона""}","другие поля региона в эти дни в норме (медианный Z 0.6, ниже нормы 16% из 57) — причина локальная, на самом поле | пик достигнут (111% нормы), но на 71 дней позже обычного: на поле яровая культура вместо привычной озимой, весеннее отставание — смена фазы, а не угнетение","AOI-0021, сезон 2019: умеренная аномалия с 2019-04-12 по 2019-06-07 (57 дней, 21 наблюдений), фаза — весна (всходы и рост). NDVI в худший день 2019-05-21: 0.25 при норме 0.60 (Z = -1.7). Вероятная причина — смена культуры: яровая вместо озимой, весеннее отставание — не угнетение (уверенность 70%). Аргументы: другие поля региона в эти дни в норме (медианный Z 0.6, ниже нормы 16% из 57) — причина локальная, на самом поле; пик достигнут (111% нормы), но на 71 дней позже обычного: на поле яровая культура вместо привычной озимой, весеннее отставание — смена фазы, а не угнетение. Норма: история полигона."
AOI-0021,2023,2023-04-29,2023-06-18,51,11,-2.0707541572669337,-1.703733472798154,12,-0.3899189414424059,-0.31707360770341575,2023-06-07,0.2641095634363198,0.5884335054203054,весна (всходы и рост),пик вегетации,119,169,критическая,crop_rotation,0.7,история полигона,ERA5 полигона,3,0.6059610824935845,0.12280701754385964,"{""available"": true, ""before"": {""precip_mm"": 68.52642934757469, ""temp_c"": 11.208911491575716, ""dry_days"": 14, ""hot_days"": 0, ""max_dry_spell"": 7, ""n_days"": 30, ""precip_deficit_pct"": -69.55195430386681, ""temp_anomaly_c"": 0.09607215608869168, ""precip_norm_mm"": 40.41618371721232, ""temp_norm_c"": 11.112839335487024, ""norm_years"": 15}, ""during"": {""precip_mm"": 124.14272424247486, ""temp_c"": 17.28234352660337, ""dry_days"": 27, ""hot_days"": 0, ""max_dry_spell"": 11, ""n_days"": 51, ""precip_deficit_pct"": -43.18280466381954, ""temp_anomaly_c"": -2.01040984218157, ""precip_norm_mm"": 86.70225767259616, ""temp_norm_c"": 19.29275336878494, ""norm_years"": 15}, ""combined"": {""precip_mm"": 192.66915359004955, ""temp_c"": 15.129734704061919, ""dry_days"": 41, ""hot_days"": 0, ""max_dry_spell"": 11, ""n_days"": 81, ""precip_deficit_pct"": -51.56664248205334, ""temp_anomaly_c"": -1.2638086276047726, ""precip_norm_mm"": 127.1184413898085, ""temp_norm_c"": 16.39354333166669, ""norm_years"": 15}, ""source"": ""ERA5 полигона""}","другие поля региона в эти дни в норме (медианный Z 0.6, ниже нормы 12% из 57) — причина локальная, на самом поле | пик достигнут (126% нормы), но на 53 дней позже обычного: на поле яровая культура вместо привычной озимой, весеннее отставание — смена фазы, а не угнетение","AOI-0021, сезон 2023: критическая аномалия с 2023-04-29 по 2023-06-18 (51 дней, 11 наблюдений), фаза — весна (всходы и рост). NDVI в худший день 2023-06-07: 0.26 при норме 0.59 (Z = -2.1). Вероятная причина — смена культуры: яровая вместо озимой, весеннее отставание — не угнетение (уверенность 70%). Аргументы: другие поля региона в эти дни в норме (медианный Z 0.6, ниже нормы 12% из 57) — причина локальная, на самом поле; пик достигнут (126% нормы), но на 53 дней позже обычного: на поле яровая культура вместо привычной озимой, весеннее отставание — смена фазы, а не угнетение. Норма: история полигона."
AOI-0022,2010,2010-04-04,2010-04-29,26,4,-2.5855403880865864,-1.5702611100083765,5,-0.4506558912533387,-0.3188361434424616,2010-04-04,-0.11126558617168811,0.3393903050816506,весна (всходы и рост),весна (всходы и рост),94,119,критическая,weather_drought,0.5,история полигона,ERA5 полигона,1,-0.7296271589312453,0.3508771929824561,"{""available"": true, ""before"": {""precip_mm"": 5.683263107414405, ""temp_c"": 10.205143229166689, ""dry_days"": 1, ""hot_days"": 0, ""max_dry_spell"": 1, ""n_days"": 3}, ""during"": {""precip_mm"": 27.49774741494093, ""temp_c"": 9.88913857386665, ""dry_days"": 19, ""hot_days"": 0, ""max_dry_spell"": 7, ""n_days"": 26, ""precip_deficit_pct"": 31.573470863007948, ""temp_anomaly_c"": -1.7644848929511152, ""precip_norm_mm"": 40.18579893171197, ""temp_norm_c"": 11.653623466817765, ""norm_years"": 15}, ""combined"": {""precip_mm"": 33.181010522355336, ""temp_c"": 9.921828710621826, ""dry_days"": 20, ""hot_days"": 0, ""max_dry_spell"": 7, ""n_days"": 29}, ""source"": ""ERA5 полигона""}","соседние поля региона в эти дни тоже ниже нормы (медианный Z -0.7, ниже нормы 35% из 57 полей) — явление региональное | явного дефицита осадков в ERA5 нет, но угнетены все поля региона — вероятен региональный погодный фактор (заморозки, суховей, град)","AOI-0022, сезон 2010: критическая аномалия с 2010-04-04 по 2010-04-29 (26 дней, 4 наблюдений), фаза — весна (всходы и рост). NDVI в худший день 2010-04-04: -0.11 при норме 0.34 (Z = -2.6). Вероятная причина — погодный стресс: дефицит осадков и/или жара (уверенность 50%). Аргументы: соседние поля региона в эти дни тоже ниже нормы (медианный Z -0.7, ниже нормы 35% из 57 полей) — явление региональное; явного дефицита осадков в ERA5 нет, но угнетены все поля региона — вероятен региональный погодный фактор (заморозки, суховей, град). Норма: история полигона."
AOI-0022,2010,2010-08-24,2010-09-07,15,3,-1.3131738991740196,-1.2052636499658362,0,-0.05252695596696079,-0.04895551715894174,2010-08-28,0.12272464983533886,0.17525160580229965,лето после уборки,лето после уборки,236,250,умеренная,weather_drought,0.65,история полигона,ERA5 полигона,0,-0.6753255440225953,0.23214285714285715,"{""available"": true, ""before"": {""precip_mm"": 2.3541337602601677, ""temp_c"": 29.735255940755234, ""dry_days"": 29, ""hot_days"": 25, ""max_dry_spell"": 29, ""n_days"": 30, ""precip_deficit_pct"": 89.68833163885844, ""temp_anomaly_c"": 3.5670308558146218, ""precip_norm_mm"": 22.82980481734143, ""temp_norm_c"": 26.168225084940612, ""norm_years"": 15}, ""during"": {""precip_mm"": 6.034945330991803, ""temp_c"": 24.911448160807314, ""dry_days"": 13, ""hot_days"": 3, ""max_dry_spell"": 9, ""n_days"": 15, ""precip_deficit_pct"": 44.069381431756696, ""temp_anomaly_c"": 1.8125584552906169, ""precip_norm_mm"": 10.790056476182741, ""temp_norm_c"": 23.098889705516697, ""norm_years"": 15}, ""combined"": {""precip_mm"": 8.389079091251972, ""temp_c"": 28.12732001410592, ""dry_days"": 42, ""hot_days"": 28, ""max_dry_spell"": 38, ""n_days"": 45, ""precip_deficit_pct"": 75.04725252133069, ""temp_anomaly_c"": 2.982206722306607, ""precip_norm_mm"": 33.619861293524174, ""temp_norm_c"": 25.145113291799312, ""norm_years"": 15}, ""source"": ""ERA5 полигона""}","за 30 дней до и во время эпизода осадков 8 мм при норме 34 мм (дефицит 75 %) | температура выше нормы на 3.0 °C (28.1 против 25.1 °C), жарких дней 28 | сухая серия 38 дней подряд | за 30 дней до эпизода: осадков 2 мм при норме 23 мм | во время эпизода: осадков 6 мм при норме 11 мм | соседние поля региона в эти дни чуть ниже нормы (медианный Z -0.7)","AOI-0022, сезон 2010: умеренная аномалия с 2010-08-24 по 2010-09-07 (15 дней, 3 наблюдений), фаза — лето после уборки. NDVI в худший день 2010-08-28: 0.12 при норме 0.18 (Z = -1.3). Вероятная причина — погодный стресс: дефицит осадков и/или жара (уверенность 65%). Аргументы: за 30 дней до и во время эпизода осадков 8 мм при норме 34 мм (дефицит 75 %); температура выше нормы на 3.0 °C (28.1 против 25.1 °C), жарких дней 28; сухая серия 38 дней подряд; за 30 дней до эпизода: осадков 2 мм при норме 23 мм; во время эпизода: осадков 6 мм при норме 11 мм; соседние поля региона в эти дни чуть ниже нормы (медианный Z -0.7). Норма: история полигона."
AOI-0022,2012,2012-06-10,2012-06-25,16,2,-1.332285057922529,-1.2108303464123202,0,-0.19503822027142087,-0.1860814653367807,2012-06-18,0.3274607680792298,0.5220913567730897,пик вегетации,созревание и уборка,162,177,умеренная,weather_drought,0.75,история полигона,ERA5 полигона,0,-0.29513937171040255,0.3508771929824561,"{""available"": true, ""before"": {""precip_mm"": 62.927363555409954, ""temp_c"": 21.059954431321913, ""dry_days"": 20, ""hot_days"": 0, ""max_dry_spell"": 6, ""n_days"": 30, ""precip_deficit_pct"": -17.054967085180373, ""temp_anomaly_c"": 1.896562464678734, ""precip_norm_mm"": 53.75881530052287, ""temp_norm_c"": 19.16339196664318, ""norm_years"": 15}, ""during"": {""precip_mm"": 16.506775862314527, ""temp_c"": 26.078052775065128, ""dry_days"": 14, ""hot_days"": 7, ""max_dry_spell"": 8, ""n_days"": 16, ""precip_deficit_pct"": 25.38400336947224, ""temp_anomaly_c"": 2.5493186977174602, ""precip_norm_mm"": 22.122301661465826, ""temp_norm_c"": 23.528734077347668, ""norm_years"": 15}, ""combined"": {""precip_mm"": 79.43413941772448, ""temp_c"": 22.80537994218911, ""dry_days"": 34, ""hot_days"": 7, ""max_dry_spell"": 8, ""n_days"": 46, ""precip_deficit_pct"": -4.682353921484328, ""temp_anomaly_c"": 2.1236081109530645, ""precip_norm_mm"": 75.8811169619887, ""temp_norm_c"": 20.681771831236045, ""norm_years"": 15}, ""source"": ""ERA5 полигона""}","температура выше нормы на 2.1 °C (22.8 против 20.7 °C), жарких дней 7 | другие поля региона в эти дни в норме (медианный Z -0.3, ниже нормы 35% из 57) — причина локальная, на самом поле | пик на уровне нормы (108%), но спад начался на 17 дней раньше обычного","AOI-0022, сезон 2012: умеренная аномалия с 2012-06-10 по 2012-06-25 (16 дней, 2 наблюдений), фаза — пик вегетации. NDVI в худший день 2012-06-18: 0.33 при норме 0.52 (Z = -1.3). Вероятная причина — погодный стресс: дефицит осадков и/или жара (уверенность 75%). Аргументы: температура выше нормы на 2.1 °C (22.8 против 20.7 °C), жарких дней 7; другие поля региона в эти дни в норме (медианный Z -0.3, ниже нормы 35% из 57) — причина локальная, на самом поле; пик на уровне нормы (108%), но спад начался на 17 дней раньше обычного. Норма: история полигона."
AOI-0022,2013,2013-04-10,2013-05-26,47,8,-1.5341301394728952,-1.2752354556169239,0,-0.3676476241321495,-0.2929329936694319,2013-05-06,0.20050534311278817,0.5681529672449377,весна (всходы и рост),пик вегетации,100,146,умеренная,crop_rotation,0.7,история полигона,ERA5 полигона,0,-0.22019821939309017,0.19298245614035087,"{""available"": true, ""before"": {""precip_mm"": 8.958908334932403, ""temp_c"": 12.33293240865074, ""dry_days"": 7, ""hot_days"": 0, ""max_dry_spell"": 4, ""n_days"": 30}, ""during"": {""precip_mm"": 40.864475334416284, ""temp_c"": 16.340446658844662, ""dry_days"": 37, ""hot_days"": 0, ""max_dry_spell"": 21, ""n_days"": 47, ""precip_deficit_pct"": 53.30829701360004, ""temp_anomaly_c"": 1.5800303001493923, ""precip_norm_mm"": 87.51977914859735, ""temp_norm_c"": 14.76041635869527, ""norm_years"": 15}, ""combined"": {""precip_mm"": 49.82338366934869, ""temp_c"": 15.696381868634925, ""dry_days"": 44, ""hot_days"": 0, ""max_dry_spell"": 21, ""n_days"": 77}, ""source"": ""ERA5 полигона""}","другие поля региона в эти дни в норме (медианный Z -0.2, ниже нормы 19% из 57) — причина локальная, на самом поле | пик достигнут (111% нормы), но на 30 дней позже обычного: на поле яровая культура вместо привычной озимой, весеннее отставание — смена фазы, а не угнетение","AOI-0022, сезон 2013: умеренная аномалия с 2013-04-10 по 2013-05-26 (47 дней, 8 наблюдений), фаза — весна (всходы и рост). NDVI в худший день 2013-05-06: 0.20 при норме 0.57 (Z = -1.5). Вероятная причина — смена культуры: яровая вместо озимой, весеннее отставание — не угнетение (уверенность 70%). Аргументы: другие поля региона в эти дни в норме (медианный Z -0.2, ниже нормы 19% из 57) — причина локальная, на самом поле; пик достигнут (111% нормы), но на 30 дней позже обычного: на поле яровая культура вместо привычной озимой, весеннее отставание — смена фазы, а не угнетение. Норма: история полигона."
AOI-0022,2015,2015-04-10,2015-07-01,83,18,-2.6940872477049456,-1.6362821326990702,22,-0.39787603832341767,-0.31009728189135194,2015-06-13,0.22644144539057204,0.5946375877674601,весна (всходы и рост),созревание и уборка,100,182,критическая,unsown_or_changed,0.8,история полигона,ERA5 полигона,0,-0.29727941540908204,0.19298245614035087,"{""available"": true, ""before"": {""precip_mm"": 35.653207861230385, ""temp_c"": 6.602168160897729, ""dry_days"": 2, ""hot_days"": 0, ""max_dry_spell"": 1, ""n_days"": 30}, ""during"": {""precip_mm"": 164.22842556880468, ""temp_c"": 17.78335549994168, ""dry_days"": 54, ""hot_days"": 0, ""max_dry_spell"": 15, ""n_days"": 83, ""precip_deficit_pct"": -20.103008568130832, ""temp_anomaly_c"": -0.5363155972686293, ""precip_norm_mm"": 136.7396433501021, ""temp_norm_c"": 18.31967109721031, ""norm_years"": 15}, ""combined"": {""precip_mm"": 199.88163343003507, ""temp_c"": 16.68954369503521, ""dry_days"": 56, ""hot_days"": 0, ""max_dry_spell"": 15, ""n_days"": 113, ""precip_deficit_pct"": -34.63693969954447, ""temp_anomaly_c"": -0.7738798186841969, ""precip_norm_mm"": 148.4597272309446, ""temp_norm_c"": 17.463423513719405, ""norm_years"": 15}, ""source"": ""ERA5 полигона""}","сухая серия 15 дней подряд | другие поля региона в эти дни в норме (медианный Z -0.3, ниже нормы 19% из 57) — причина локальная, на самом поле | пик главного сезона всего 0.27 при норме 0.65: кривая плоская с весны — поле не засеяно, под паром или занято другой культурой","AOI-0022, сезон 2015: критическая аномалия с 2015-04-10 по 2015-07-01 (83 дней, 18 наблюдений), фаза — весна (всходы и рост). NDVI в худший день 2015-06-13: 0.23 при норме 0.59 (Z = -2.7). Вероятная причина — поле не засеяно, под паром или сменилась культура (уверенность 80%). Аргументы: сухая серия 15 дней подряд; другие поля региона в эти дни в норме (медианный Z -0.3, ниже нормы 19% из 57) — причина локальная, на самом поле; пик главного сезона всего 0.27 при норме 0.65: кривая плоская с весны — поле не засеяно, под паром или занято другой культурой. Норма: история полигона."
AOI-0022,2022,2022-04-19,2022-06-03,46,12,-1.639574451772055,-1.364117194440709,0,-0.35691896706759935,-0.30907727869447227,2022-05-24,0.28821124595029246,0.6407324512067466,весна (всходы и рост),пик вегетации,109,154,умеренная,crop_rotation,0.7,история полигона,ERA5 полигона,0,0.5359098110951205,0.22807017543859648,"{""available"": true, ""before"": {""precip_mm"": 39.02454519137066, ""temp_c"": 11.247158658062993, ""dry_days"": 10, ""hot_days"": 0, ""max_dry_spell"": 3, ""n_days"": 30}, ""during"": {""precip_mm"": 56.9424594698944, ""temp_c"": 15.298512920434948, ""dry_days"": 33, ""hot_days"": 0, ""max_dry_spell"": 12, ""n_days"": 46, ""precip_deficit_pct"": 36.49197097782682, ""temp_anomaly_c"": -1.3665253662256767, ""precip_norm_mm"": 89.66182756201349, ""temp_norm_c"": 16.665038286660625, ""norm_years"": 15}, ""combined"": {""precip_mm"": 95.96700466126507, ""temp_c"": 14.159069534142837, ""dry_days"": 43, ""hot_days"": 0, ""max_dry_spell"": 12, ""n_days"": 76, ""precip_deficit_pct"": 16.846802481799617, ""temp_anomaly_c"": -0.6799738547053469, ""precip_norm_mm"": 115.40987902510908, ""temp_norm_c"": 14.839043388848184, ""norm_years"": 15}, ""source"": ""ERA5 полигона""}","другие поля региона в эти дни в норме (медианный Z 0.5, ниже нормы 23% из 57) — причина локальная, на самом поле | пик достигнут (124% нормы), но на 40 дней позже обычного: на поле яровая культура вместо привычной озимой, весеннее отставание — смена фазы, а не угнетение","AOI-0022, сезон 2022: умеренная аномалия с 2022-04-19 по 2022-06-03 (46 дней, 12 наблюдений), фаза — весна (всходы и рост). NDVI в худший день 2022-05-24: 0.29 при норме 0.64 (Z = -1.6). Вероятная причина — смена культуры: яровая вместо озимой, весеннее отставание — не угнетение (уверенность 70%). Аргументы: другие поля региона в эти дни в норме (медианный Z 0.5, ниже нормы 23% из 57) — причина локальная, на самом поле; пик достигнут (124% нормы), но на 40 дней позже обычного: на поле яровая культура вместо привычной озимой, весеннее отставание — смена фазы, а не угнетение. Норма: история полигона."
AOI-0022,2024,2024-04-24,2024-07-05,73,26,-3.229694561309809,-2.020232552700336,34,-0.4647002745424473,-0.35700475765504813,2024-06-12,0.18344700286556168,0.5975038839357941,весна (всходы и рост),созревание и уборка,115,187,критическая,unsown_or_changed,0.8,история полигона,ERA5 полигона,1,-0.02136383537728998,0.24561403508771928,"{""available"": true, ""before"": {""precip_mm"": 17.231528749409364, ""temp_c"": 15.676851582181643, ""dry_days"": 20, ""hot_days"": 0, ""max_dry_spell"": 13, ""n_days"": 30}, ""during"": {""precip_mm"": 35.78220630948081, ""temp_c"": 20.84387619157907, ""dry_days"": 60, ""hot_days"": 10, ""max_dry_spell"": 12, ""n_days"": 73, ""precip_deficit_pct"": 71.47613242392802, ""temp_anomaly_c"": 0.8850381761199664, ""precip_norm_mm"": 125.44654477185163, ""temp_norm_c"": 19.958838015459104, ""norm_years"": 15}, ""combined"": {""precip_mm"": 53.01373505889018, ""temp_c"": 19.605943212244267, ""dry_days"": 80, ""hot_days"": 10, ""max_dry_spell"": 13, ""n_days"": 103, ""precip_deficit_pct"": 68.03390495851227, ""temp_anomaly_c"": 1.99410251944618, ""precip_norm_mm"": 165.8436383614746, ""temp_norm_c"": 17.611840692798086, ""norm_years"": 15}, ""source"": ""ERA5 полигона""}","за 30 дней до и во время эпизода осадков 53 мм при норме 166 мм (дефицит 68 %) | температура выше нормы на 2.0 °C (19.6 против 17.6 °C), жарких дней 10 | во время эпизода: осадков 36 мм при норме 125 мм | другие поля региона в эти дни в норме (медианный Z -0.0, ниже нормы 25% из 57) — причина локальная, на самом поле | пик главного сезона всего 0.26 при норме 0.66: кривая плоская с весны — поле не засеяно, под паром или занято другой культурой","AOI-0022, сезон 2024: критическая аномалия с 2024-04-24 по 2024-07-05 (73 дней, 26 наблюдений), фаза — весна (всходы и рост). NDVI в худший день 2024-06-12: 0.18 при норме 0.60 (Z = -3.2). Вероятная причина — поле не засеяно, под паром или сменилась культура (уверенность 80%). Аргументы: за 30 дней до и во время эпизода осадков 53 мм при норме 166 мм (дефицит 68 %); температура выше нормы на 2.0 °C (19.6 против 17.6 °C), жарких дней 10; во время эпизода: осадков 36 мм при норме 125 мм; другие поля региона в эти дни в норме (медианный Z -0.0, ниже нормы 25% из 57) — причина локальная, на самом поле; пик главного сезона всего 0.26 при норме 0.66: кривая плоская с весны — поле не засеяно, под паром или занято другой культурой. Норма: история полигона."
AOI-0023,2010,2010-04-04,2010-05-09,36,5,-1.6125480087542166,-1.2953481882481441,0,-0.40254862840709127,-0.33355199653229034,2010-04-04,0.07675538850317953,0.41054385799950033,весна (всходы и рост),весна (всходы и рост),94,129,умеренная,crop_rotation,0.7,история полигона,ERA5 полигона,3,-0.7067453285581374,0.3508771929824561,"{""available"": true, ""before"": {""precip_mm"": 5.2293290339662235, ""temp_c"": 10.33033311631946, ""dry_days"": 1, ""hot_days"": 0, ""max_dry_spell"": 1, ""n_days"": 3}, ""during"": {""precip_mm"": 31.132903220907338, ""temp_c"": 11.882048649258103, ""dry_days"": 28, ""hot_days"": 0, ""max_dry_spell"": 16, ""n_days"": 36, ""precip_deficit_pct"": 45.725767420791286, ""temp_anomaly_c"": -0.9784197807312065, ""precip_norm_mm"": 57.36221728325953, ""temp_norm_c"": 12.860468429989309, ""norm_years"": 15}, ""combined"": {""precip_mm"": 36.36223225487356, ""temp_c"": 11.762685915955132, ""dry_days"": 29, ""hot_days"": 0, ""max_dry_spell"": 16, ""n_days"": 39}, ""source"": ""ERA5 полигона""}","соседние поля региона в эти дни тоже ниже нормы (медианный Z -0.7, ниже нормы 35% из 57 полей) — явление региональное | пик достигнут (113% нормы), но на 37 дней позже обычного: на поле яровая культура вместо привычной озимой, весеннее отставание — смена фазы, а не угнетение","AOI-0023, сезон 2010: умеренная аномалия с 2010-04-04 по 2010-05-09 (36 дней, 5 наблюдений), фаза — весна (всходы и рост). NDVI в худший день 2010-04-04: 0.08 при норме 0.41 (Z = -1.6). Вероятная причина — смена культуры: яровая вместо озимой, весеннее отставание — не угнетение (уверенность 70%). Аргументы: соседние поля региона в эти дни тоже ниже нормы (медианный Z -0.7, ниже нормы 35% из 57 полей) — явление региональное; пик достигнут (113% нормы), но на 37 дней позже обычного: на поле яровая культура вместо привычной озимой, весеннее отставание — смена фазы, а не угнетение. Норма: история полигона."
AOI-0023,2010,2010-05-31,2010-06-16,17,2,-4.005048330401104,-3.0228279136374265,13,-0.60541864422603,-0.3888011476621937,2010-05-31,0.05457853360876333,0.6599971778347933,пик вегетации,пик вегетации,151,167,критическая,data_suspect,0.4,история полигона,ERA5 полигона,2,-0.07372784767033608,0.19298245614035087,"{""available"": true, ""before"": {""precip_mm"": 109.61699852644102, ""temp_c"": 17.773181745741127, ""dry_days"": 15, ""hot_days"": 0, ""max_dry_spell"": 8, ""n_days"": 30, ""precip_deficit_pct"": -85.80461762556595, ""temp_anomaly_c"": 0.3463736866138625, ""precip_norm_mm"": 58.9958419372233, ""temp_norm_c"": 17.426808059127264, ""norm_years"": 15}, ""during"": {""precip_mm"": 1.6970900105306432, ""temp_c"": 24.464114873549537, ""dry_days"": 17, ""hot_days"": 5, ""max_dry_spell"": 17, ""n_days"": 17, ""precip_deficit_pct"": 92.90540198920601, ""temp_anomaly_c"": 2.118727897195246, ""precip_norm_mm"": 23.920876249064804, ""temp_norm_c"": 22.34538697635429, ""norm_years"": 15}, ""combined"": {""precip_mm"": 111.31408853697167, ""temp_c"": 20.19330649409736, ""dry_days"": 32, ""hot_days"": 5, ""max_dry_spell"": 17, ""n_days"": 47, ""precip_deficit_pct"": -34.24806356527943, ""temp_anomaly_c"": 0.9874379755475573, ""precip_norm_mm"": 82.91671818628811, ""temp_norm_c"": 19.205868518549803, ""norm_years"": 15}, ""source"": ""ERA5 полигона""}","сухая серия 17 дней подряд | другие поля региона в эти дни в норме (медианный Z -0.1, ниже нормы 19% из 57) — причина локальная, на самом поле | внутри эпизода всего 2 наблюдений, рядом 2 артефактов","AOI-0023, сезон 2010: критическая аномалия с 2010-05-31 по 2010-06-16 (17 дней, 2 наблюдений), фаза — пик вегетации. NDVI в худший день 2010-05-31: 0.05 при норме 0.66 (Z = -4.0). Вероятная причина — вероятная ошибка данных (мало наблюдений, артефакты рядом) (уверенность 40%). Аргументы: сухая серия 17 дней подряд; другие поля региона в эти дни в норме (медианный Z -0.1, ниже нормы 19% из 57) — причина локальная, на самом поле; внутри эпизода всего 2 наблюдений, рядом 2 артефактов. Норма: история полигона."
AOI-0023,2012,2012-04-08,2012-05-04,27,2,-1.364619487021524,-1.267168306659237,0,-0.3482460139204651,-0.3342401015515759,2012-04-12,0.11762245279036931,0.4489611046992239,весна (всходы и рост),весна (всходы и рост),99,125,умеренная,data_suspect,0.4,история полигона,ERA5 полигона,3,-0.3056997925641788,0.2,"{""available"": true, ""before"": {""precip_mm"": 10.365802943283597, ""temp_c"": 10.16918198721751, ""dry_days"": 3, ""hot_days"": 0, ""max_dry_spell"": 3, ""n_days"": 30}, ""during"": {""precip_mm"": 36.577167427537916, ""temp_c"": 16.16102818618588, ""dry_days"": 20, ""hot_days"": 0, ""max_dry_spell"": 11, ""n_days"": 27, ""precip_deficit_pct"": 9.739827424353397, ""temp_anomaly_c"": 3.71382137345679, ""precip_norm_mm"": 40.52414967064546, ""temp_norm_c"": 12.44720681272909, ""norm_years"": 15}, ""combined"": {""precip_mm"": 46.94297037082151, ""temp_c"": 14.927412792280629, ""dry_days"": 23, ""hot_days"": 0, ""max_dry_spell"": 11, ""n_days"": 57}, ""source"": ""ERA5 полигона""}","соседние поля региона в эти дни чуть ниже нормы (медианный Z -0.3) | внутри эпизода всего 2 наблюдений, рядом 3 артефактов","AOI-0023, сезон 2012: умеренная аномалия с 2012-04-08 по 2012-05-04 (27 дней, 2 наблюдений), фаза — весна (всходы и рост). NDVI в худший день 2012-04-12: 0.12 при норме 0.45 (Z = -1.4). Вероятная причина — вероятная ошибка данных (мало наблюдений, артефакты рядом) (уверенность 40%). Аргументы: соседние поля региона в эти дни чуть ниже нормы (медианный Z -0.3); внутри эпизода всего 2 наблюдений, рядом 3 артефактов. Норма: история полигона."
AOI-0023,2013,2013-06-07,2013-07-17,41,8,-2.7330780020742127,-1.7729692669719275,14,-0.3744255262139495,-0.3139190325597272,2013-06-16,0.29447082369695865,0.6262368600824053,пик вегетации,созревание и уборка,158,198,критическая,weather_drought,0.75,история полигона,ERA5 полигона,0,-0.3791640648713528,0.17543859649122806,"{""available"": true, ""before"": {""precip_mm"": 26.52344868024059, ""temp_c"": 20.977360661824566, ""dry_days"": 23, ""hot_days"": 0, ""max_dry_spell"": 9, ""n_days"": 30, ""precip_deficit_pct"": 60.26995568650484, ""temp_anomaly_c"": 2.4106152541549086, ""precip_norm_mm"": 66.75917215433695, ""temp_norm_c"": 18.566745407669657, ""norm_years"": 15}, ""during"": {""precip_mm"": 55.20842609520216, ""temp_c"": 25.115123088185406, ""dry_days"": 30, ""hot_days"": 13, ""max_dry_spell"": 11, ""n_days"": 41, ""precip_deficit_pct"": 2.8432281851808128, ""temp_anomaly_c"": 0.5894642346596726, ""precip_norm_mm"": 56.82406389585424, ""temp_norm_c"": 24.525658853525734, ""norm_years"": 15}, ""combined"": {""precip_mm"": 81.73187477544275, ""temp_c"": 23.366772767187864, ""dry_days"": 53, ""hot_days"": 13, ""max_dry_spell"": 11, ""n_days"": 71, ""precip_deficit_pct"": 33.86491777715811, ""temp_anomaly_c"": 1.3589646654322998, ""precip_norm_mm"": 123.58323605019122, ""temp_norm_c"": 22.007808101755565, ""norm_years"": 15}, ""source"": ""ERA5 полигона""}","температура выше нормы на 1.4 °C (23.4 против 22.0 °C), жарких дней 13 | за 30 дней до эпизода: осадков 27 мм при норме 67 мм | соседние поля региона в эти дни чуть ниже нормы (медианный Z -0.4) | пик на уровне нормы (128%), но спад начался на 42 дней раньше обычного","AOI-0023, сезон 2013: критическая аномалия с 2013-06-07 по 2013-07-17 (41 дней, 8 наблюдений), фаза — пик вегетации. NDVI в худший день 2013-06-16: 0.29 при норме 0.63 (Z = -2.7). Вероятная причина — погодный стресс: дефицит осадков и/или жара (уверенность 75%). Аргументы: температура выше нормы на 1.4 °C (23.4 против 22.0 °C), жарких дней 13; за 30 дней до эпизода: осадков 27 мм при норме 67 мм; соседние поля региона в эти дни чуть ниже нормы (медианный Z -0.4); пик на уровне нормы (128%), но спад начался на 42 дней раньше обычного. Норма: история полигона."
AOI-0023,2019,2019-06-19,2019-07-15,27,13,-1.3501164641491095,-1.2230534349514228,0,-0.2996285016519419,-0.26744773233666386,2019-06-27,0.26306631584540735,0.5474152130953457,пик вегетации,созревание и уборка,170,196,умеренная,weather_drought,0.75,история полигона,ERA5 полигона,0,-0.6149013517091665,0.2631578947368421,"{""available"": true, ""before"": {""precip_mm"": 23.43647621068712, ""temp_c"": 23.841732470194522, ""dry_days"": 25, ""hot_days"": 6, ""max_dry_spell"": 22, ""n_days"": 30, ""precip_deficit_pct"": 53.63990519307826, ""temp_anomaly_c"": 2.7058042144775385, ""precip_norm_mm"": 50.55312399229167, ""temp_norm_c"": 21.135928255716983, ""norm_years"": 15}, ""during"": {""precip_mm"": 23.110628409877876, ""temp_c"": 25.023587422312065, ""dry_days"": 21, ""hot_days"": 11, ""max_dry_spell"": 10, ""n_days"": 27, ""precip_deficit_pct"": 43.188143078228066, ""temp_anomaly_c"": 0.01108165081636514, ""precip_norm_mm"": 40.67923433958593, ""temp_norm_c"": 25.0125057714957, ""norm_years"": 15}, ""combined"": {""precip_mm"": 46.547104620564994, ""temp_c"": 24.401558500144937, ""dry_days"": 46, ""hot_days"": 17, ""max_dry_spell"": 27, ""n_days"": 57, ""precip_deficit_pct"": 48.979610445627465, ""temp_anomaly_c"": 1.4293566843222472, ""precip_norm_mm"": 91.23235833187758, ""temp_norm_c"": 22.97220181582269, ""norm_years"": 15}, ""source"": ""ERA5 полигона""}","за 30 дней до и во время эпизода осадков 47 мм при норме 91 мм (дефицит 49 %) | температура выше нормы на 1.4 °C (24.4 против 23.0 °C), жарких дней 17 | сухая серия 27 дней подряд | за 30 дней до эпизода: осадков 23 мм при норме 51 мм | во время эпизода: осадков 23 мм при норме 41 мм | соседние поля региона в эти дни чуть ниже нормы (медианный Z -0.6) | пик на уровне нормы (132%), но спад начался на 34 дней раньше обычного","AOI-0023, сезон 2019: умеренная аномалия с 2019-06-19 по 2019-07-15 (27 дней, 13 наблюдений), фаза — пик вегетации. NDVI в худший день 2019-06-27: 0.26 при норме 0.55 (Z = -1.4). Вероятная причина — погодный стресс: дефицит осадков и/или жара (уверенность 75%). Аргументы: за 30 дней до и во время эпизода осадков 47 мм при норме 91 мм (дефицит 49 %); температура выше нормы на 1.4 °C (24.4 против 23.0 °C), жарких дней 17; сухая серия 27 дней подряд; за 30 дней до эпизода: осадков 23 мм при норме 51 мм; во время эпизода: осадков 23 мм при норме 41 мм; соседние поля региона в эти дни чуть ниже нормы (медианный Z -0.6); пик на уровне нормы (132%), но спад начался на 34 дней раньше обычного. Норма: история полигона."
AOI-0023,2020,2020-06-09,2020-07-19,41,17,-1.690915690639713,-1.3644557219268185,0,-0.3153598832454273,-0.27070002663400233,2020-06-17,0.3628619812920669,0.6091947574063655,пик вегетации,созревание и уборка,161,201,умеренная,early_decline,0.6,история полигона,ERA5 полигона,1,-0.3845394321940046,0.08771929824561403,"{""available"": true, ""before"": {""precip_mm"": 100.03076657721621, ""temp_c"": 17.04914425743953, ""dry_days"": 16, ""hot_days"": 0, ""max_dry_spell"": 7, ""n_days"": 30, ""precip_deficit_pct"": -75.928915972935, ""temp_anomaly_c"": -2.217331112049248, ""precip_norm_mm"": 56.85862726091315, ""temp_norm_c"": 19.266475369488777, ""norm_years"": 15}, ""during"": {""precip_mm"": 42.981846829455606, ""temp_c"": 26.047916449570096, ""dry_days"": 32, ""hot_days"": 12, ""max_dry_spell"": 9, ""n_days"": 41, ""precip_deficit_pct"": 28.2535781374886, ""temp_anomaly_c"": 1.3455994143395564, ""precip_norm_mm"": 59.908000585481844, ""temp_norm_c"": 24.70231703523054, ""norm_years"": 15}, ""combined"": {""precip_mm"": 143.01261340667182, ""temp_c"": 22.245618340219153, ""dry_days"": 48, ""hot_days"": 12, ""max_dry_spell"": 9, ""n_days"": 71, ""precip_deficit_pct"": -22.47730027350201, ""temp_anomaly_c"": -0.15986418835993632, ""precip_norm_mm"": 116.76662784639501, ""temp_norm_c"": 22.40548252857909, ""norm_years"": 15}, ""source"": ""ERA5 полигона""}","соседние поля региона в эти дни чуть ниже нормы (медианный Z -0.4) | пик на уровне нормы (114%), но спад начался на 38 дней раньше обычного","AOI-0023, сезон 2020: умеренная аномалия с 2020-06-09 по 2020-07-19 (41 дней, 17 наблюдений), фаза — пик вегетации. NDVI в худший день 2020-06-17: 0.36 при норме 0.61 (Z = -1.7). Вероятная причина — ранний спад вегетации (уборка, полегание, болезнь) (уверенность 60%). Аргументы: соседние поля региона в эти дни чуть ниже нормы (медианный Z -0.4); пик на уровне нормы (114%), но спад начался на 38 дней раньше обычного. Норма: история полигона."
AOI-0023,2023,2023-04-17,2023-06-11,56,10,-2.1382743846245673,-1.403694127203578,4,-0.38198468915436345,-0.30761167792386335,2023-05-30,0.3723816781784055,0.677399489881224,весна (всходы и рост),пик вегетации,107,162,умеренная,crop_rotation,0.7,история полигона,ERA5 полигона,5,0.5461086634455892,0.12280701754385964,"{""available"": true, ""before"": {""precip_mm"": 30.84037530965489, ""temp_c"": 10.64032266139986, ""dry_days"": 8, ""hot_days"": 0, ""max_dry_spell"": 4, ""n_days"": 30}, ""during"": {""precip_mm"": 154.07917340327515, ""temp_c"": 15.712026225952899, ""dry_days"": 27, ""hot_days"": 0, ""max_dry_spell"": 11, ""n_days"": 56, ""precip_deficit_pct"": -63.294144042074606, ""temp_anomaly_c"": -1.7199612070012993, ""precip_norm_mm"": 94.35682725007878, ""temp_norm_c"": 17.431987432954198, ""norm_years"": 15}, ""combined"": {""precip_mm"": 184.91954871293004, ""temp_c"": 14.584980989385555, ""dry_days"": 35, ""hot_days"": 0, ""max_dry_spell"": 11, ""n_days"": 86, ""precip_deficit_pct"": -55.08690276091039, ""temp_anomaly_c"": -1.1878192836855703, ""precip_norm_mm"": 119.23608339642395, ""temp_norm_c"": 15.772800273071125, ""norm_years"": 15}, ""source"": ""ERA5 полигона""}","другие поля региона в эти дни в норме (медианный Z 0.5, ниже нормы 12% из 57) — причина локальная, на самом поле | пик достигнут (118% нормы), но на 36 дней позже обычного: на поле яровая культура вместо привычной озимой, весеннее отставание — смена фазы, а не угнетение","AOI-0023, сезон 2023: умеренная аномалия с 2023-04-17 по 2023-06-11 (56 дней, 10 наблюдений), фаза — весна (всходы и рост). NDVI в худший день 2023-05-30: 0.37 при норме 0.68 (Z = -2.1). Вероятная причина — смена культуры: яровая вместо озимой, весеннее отставание — не угнетение (уверенность 70%). Аргументы: другие поля региона в эти дни в норме (медианный Z 0.5, ниже нормы 12% из 57) — причина локальная, на самом поле; пик достигнут (118% нормы), но на 36 дней позже обычного: на поле яровая культура вместо привычной озимой, весеннее отставание — смена фазы, а не угнетение. Норма: история полигона."
AOI-0023,2024,2024-06-20,2024-07-25,36,18,-1.350768605723671,-1.2221482851855552,0,-0.3182339385371904,-0.27888238111597513,2024-07-03,0.18480007132943477,0.4998854498879525,пик вегетации,созревание и уборка,172,207,умеренная,weather_drought,0.75,история полигона,ERA5 полигона,0,-0.7910374409334954,0.40350877192982454,"{""available"": true, ""before"": {""precip_mm"": 20.612133671985333, ""temp_c"": 23.51763430701364, ""dry_days"": 25, ""hot_days"": 3, ""max_dry_spell"": 12, ""n_days"": 30, ""precip_deficit_pct"": 58.85990841573761, ""temp_anomaly_c"": 2.1482487007423643, ""precip_norm_mm"": 50.10230380690312, ""temp_norm_c"": 21.369385606271276, ""norm_years"": 15}, ""during"": {""precip_mm"": 22.13007090465169, ""temp_c"": 27.56977710723879, ""dry_days"": 30, ""hot_days"": 23, ""max_dry_spell"": 17, ""n_days"": 36, ""precip_deficit_pct"": 62.39208106737637, ""temp_anomaly_c"": 2.4133352250228626, ""precip_norm_mm"": 58.84417838779849, ""temp_norm_c"": 25.156441882215926, ""norm_years"": 15}, ""combined"": {""precip_mm"": 42.74220457663702, ""temp_c"": 25.72789401622736, ""dry_days"": 55, ""hot_days"": 26, ""max_dry_spell"": 17, ""n_days"": 66, ""precip_deficit_pct"": 60.76770565179781, ""temp_anomaly_c"": 2.2928413503499137, ""precip_norm_mm"": 108.94648219470159, ""temp_norm_c"": 23.435052665877446, ""norm_years"": 15}, ""source"": ""ERA5 полигона""}","за 30 дней до и во время эпизода осадков 43 мм при норме 109 мм (дефицит 61 %) | температура выше нормы на 2.3 °C (25.7 против 23.4 °C), жарких дней 26 | сухая серия 17 дней подряд | за 30 дней до эпизода: осадков 21 мм при норме 50 мм | во время эпизода: осадков 22 мм при норме 59 мм | соседние поля региона в эти дни тоже ниже нормы (медианный Z -0.8, ниже нормы 40% из 57 полей) — явление региональное | пик на уровне нормы (138%), но спад начался на 34 дней раньше обычного","AOI-0023, сезон 2024: умеренная аномалия с 2024-06-20 по 2024-07-25 (36 дней, 18 наблюдений), фаза — пик вегетации. NDVI в худший день 2024-07-03: 0.18 при норме 0.50 (Z = -1.4). Вероятная причина — погодный стресс: дефицит осадков и/или жара (уверенность 75%). Аргументы: за 30 дней до и во время эпизода осадков 43 мм при норме 109 мм (дефицит 61 %); температура выше нормы на 2.3 °C (25.7 против 23.4 °C), жарких дней 26; сухая серия 17 дней подряд; за 30 дней до эпизода: осадков 21 мм при норме 50 мм; во время эпизода: осадков 22 мм при норме 59 мм; соседние поля региона в эти дни тоже ниже нормы (медианный Z -0.8, ниже нормы 40% из 57 полей) — явление региональное; пик на уровне нормы (138%), но спад начался на 34 дней раньше обычного. Норма: история полигона."
AOI-0024,2025,2025-04-11,2025-06-13,64,21,-1.9277386538878993,-1.5203595202840516,0,-0.3779100900350687,-0.29603771900048886,2025-05-26,0.25821047251612306,0.6205626444973746,весна (всходы и рост),пик вегетации,101,164,умеренная,crop_rotation,0.7,среднее по культуре (истории полигона нет),ERA5 полигона,1,0.10371008684328427,0.22077922077922077,"{""available"": true, ""before"": {""precip_mm"": 20.23451953718336, ""temp_c"": 10.0744617144267, ""dry_days"": 6, ""hot_days"": 0, ""max_dry_spell"": 3, ""n_days"": 10}, ""during"": {""precip_mm"": 80.8206571525627, ""temp_c"": 16.790485199292522, ""dry_days"": 45, ""hot_days"": 1, ""max_dry_spell"": 11, ""n_days"": 64}, ""combined"": {""precip_mm"": 101.05517668974606, ""temp_c"": 15.882914458094438, ""dry_days"": 51, ""hot_days"": 1, ""max_dry_spell"": 11, ""n_days"": 74}, ""source"": ""ERA5 полигона""}","другие поля региона в эти дни в норме (медианный Z 0.1, ниже нормы 22% из 77) — причина локальная, на самом поле | пик достигнут (92% нормы), но на 30 дней позже обычного: на поле яровая культура вместо привычной озимой, весеннее отставание — смена фазы, а не угнетение","AOI-0024, сезон 2025: умеренная аномалия с 2025-04-11 по 2025-06-13 (64 дней, 21 наблюдений), фаза — весна (всходы и рост). NDVI в худший день 2025-05-26: 0.26 при норме 0.62 (Z = -1.9). Вероятная причина — смена культуры: яровая вместо озимой, весеннее отставание — не угнетение (уверенность 70%). Аргументы: другие поля региона в эти дни в норме (медианный Z 0.1, ниже нормы 22% из 77) — причина локальная, на самом поле; пик достигнут (92% нормы), но на 30 дней позже обычного: на поле яровая культура вместо привычной озимой, весеннее отставание — смена фазы, а не угнетение. Норма: среднее по культуре (истории полигона нет)."
AOI-0025,2025,2025-04-15,2025-09-03,142,28,-2.747722779143364,-1.6818523913415482,42,-0.4116155106987947,-0.2895999836658193,2025-06-07,0.18929020363111396,0.5838199661760274,весна (всходы и рост),лето после уборки,105,246,критическая,unsown_or_changed,0.8,среднее по культуре (истории полигона нет),ERA5 региона (медиана соседних полей),1,-0.19515621704765004,0.06493506493506493,"{""available"": true, ""before"": {""precip_mm"": 23.191621771908494, ""temp_c"": 9.3067234856742, ""dry_days"": 10, ""hot_days"": 0, ""max_dry_spell"": 4, ""n_days"": 30}, ""during"": {""precip_mm"": 111.70557110525678, ""temp_c"": 21.823244721577353, ""dry_days"": 113, ""hot_days"": 30, ""max_dry_spell"": 17, ""n_days"": 142, ""precip_deficit_pct"": 22.058616945679578, ""temp_anomaly_c"": -0.15106847513988342, ""precip_norm_mm"": 143.31997550955026, ""temp_norm_c"": 21.974313196717237, ""norm_years"": 15}, ""combined"": {""precip_mm"": 134.89719287716528, ""temp_c"": 20.69996717476553, ""dry_days"": 123, ""hot_days"": 30, ""max_dry_spell"": 17, ""n_days"": 172, ""precip_deficit_pct"": 16.851900213961535, ""temp_anomaly_c"": -0.1758838005826675, ""precip_norm_mm"": 162.2372528347498, ""temp_norm_c"": 20.875850975348197, ""norm_years"": 15}, ""source"": ""ERA5 региона (медиана соседних полей)""}","сухая серия 17 дней подряд | другие поля региона в эти дни в норме (медианный Z -0.2, ниже нормы 6% из 77) — причина локальная, на самом поле | пик главного сезона всего 0.21 при норме 0.60: кривая плоская с весны — поле не засеяно, под паром или занято другой культурой","AOI-0025, сезон 2025: критическая аномалия с 2025-04-15 по 2025-09-03 (142 дней, 28 наблюдений), фаза — весна (всходы и рост). NDVI в худший день 2025-06-07: 0.19 при норме 0.58 (Z = -2.7). Вероятная причина — поле не засеяно, под паром или сменилась культура (уверенность 80%). Аргументы: сухая серия 17 дней подряд; другие поля региона в эти дни в норме (медианный Z -0.2, ниже нормы 6% из 77) — причина локальная, на самом поле; пик главного сезона всего 0.21 при норме 0.60: кривая плоская с весны — поле не засеяно, под паром или занято другой культурой. Норма: среднее по культуре (истории полигона нет)."
AOI-0026,2010,2010-05-18,2010-06-06,20,2,-1.2903229627678385,-1.2002614911678415,0,-0.3272519400311019,-0.30255200420356665,2010-05-27,0.29783498974444644,0.6250869297755484,пик вегетации,пик вегетации,138,157,умеренная,crop_rotation,0.7,история полигона,ERA5 полигона,1,-0.12121399395680883,0.17543859649122806,"{""available"": true, ""before"": {""precip_mm"": 48.749293807173196, ""temp_c"": 15.390090200636147, ""dry_days"": 23, ""hot_days"": 0, ""max_dry_spell"": 16, ""n_days"": 30, ""precip_deficit_pct"": 8.345636339519869, ""temp_anomaly_c"": 0.47873331776371764, ""precip_norm_mm"": 53.18818642149724, ""temp_norm_c"": 14.911356882872429, ""norm_years"": 15}, ""during"": {""precip_mm"": 65.39309881190647, ""temp_c"": 19.2487994194031, ""dry_days"": 10, ""hot_days"": 0, ""max_dry_spell"": 7, ""n_days"": 20, ""precip_deficit_pct"": -58.43394043981991, ""temp_anomaly_c"": -0.4878283733791733, ""precip_norm_mm"": 41.27467803323721, ""temp_norm_c"": 19.736627792782272, ""norm_years"": 15}, ""combined"": {""precip_mm"": 114.14239261907966, ""temp_c"": 16.933573888142927, ""dry_days"": 33, ""hot_days"": 0, ""max_dry_spell"": 16, ""n_days"": 50, ""precip_deficit_pct"": -20.833084279140614, ""temp_anomaly_c"": 0.09210864130656304, ""precip_norm_mm"": 94.46286445473446, ""temp_norm_c"": 16.841465246836364, ""norm_years"": 15}, ""source"": ""ERA5 полигона""}","сухая серия 16 дней подряд | другие поля региона в эти дни в норме (медианный Z -0.1, ниже нормы 18% из 57) — причина локальная, на самом поле | пик достигнут (116% нормы), но на 51 дней позже обычного: на поле яровая культура вместо привычной озимой, весеннее отставание — смена фазы, а не угнетение","AOI-0026, сезон 2010: умеренная аномалия с 2010-05-18 по 2010-06-06 (20 дней, 2 наблюдений), фаза — пик вегетации. NDVI в худший день 2010-05-27: 0.30 при норме 0.63 (Z = -1.3). Вероятная причина — смена культуры: яровая вместо озимой, весеннее отставание — не угнетение (уверенность 70%). Аргументы: сухая серия 16 дней подряд; другие поля региона в эти дни в норме (медианный Z -0.1, ниже нормы 18% из 57) — причина локальная, на самом поле; пик достигнут (116% нормы), но на 51 дней позже обычного: на поле яровая культура вместо привычной озимой, весеннее отставание — смена фазы, а не угнетение. Норма: история полигона."
AOI-0026,2012,2012-04-13,2012-07-01,80,7,-1.7251766455993187,-1.4466694650800096,0,-0.41725938172115795,-0.322342491724068,2012-05-16,0.24005400512322841,0.6573133868443863,весна (всходы и рост),созревание и уборка,104,183,умеренная,unsown_or_changed,0.8,история полигона,ERA5 полигона,1,-0.303210071220505,0.17543859649122806,"{""available"": true, ""before"": {""precip_mm"": 55.48973917882449, ""temp_c"": 11.088634639316155, ""dry_days"": 5, ""hot_days"": 0, ""max_dry_spell"": 4, ""n_days"": 30}, ""during"": {""precip_mm"": 124.83096831721241, ""temp_c"": 20.606536634763103, ""dry_days"": 59, ""hot_days"": 6, ""max_dry_spell"": 14, ""n_days"": 80, ""precip_deficit_pct"": 12.500656628643869, ""temp_anomaly_c"": 2.186811391247641, ""precip_norm_mm"": 142.66503439622062, ""temp_norm_c"": 18.41972524351546, ""norm_years"": 15}, ""combined"": {""precip_mm"": 180.3207074960369, ""temp_c"": 19.365071157096114, ""dry_days"": 64, ""hot_days"": 6, ""max_dry_spell"": 14, ""n_days"": 110, ""precip_deficit_pct"": -12.011108423695038, ""temp_anomaly_c"": 2.098097149761408, ""precip_norm_mm"": 160.9846648548043, ""temp_norm_c"": 17.266974007334706, ""norm_years"": 15}, ""source"": ""ERA5 полигона""}","температура выше нормы на 2.1 °C (19.4 против 17.3 °C), жарких дней 6 | соседние поля региона в эти дни чуть ниже нормы (медианный Z -0.3) | пик главного сезона всего 0.26 при норме 0.66: кривая плоская с весны — поле не засеяно, под паром или занято другой культурой","AOI-0026, сезон 2012: умеренная аномалия с 2012-04-13 по 2012-07-01 (80 дней, 7 наблюдений), фаза — весна (всходы и рост). NDVI в худший день 2012-05-16: 0.24 при норме 0.66 (Z = -1.7). Вероятная причина — поле не засеяно, под паром или сменилась культура (уверенность 80%). Аргументы: температура выше нормы на 2.1 °C (19.4 против 17.3 °C), жарких дней 6; соседние поля региона в эти дни чуть ниже нормы (медианный Z -0.3); пик главного сезона всего 0.26 при норме 0.66: кривая плоская с весны — поле не засеяно, под паром или занято другой культурой. Норма: история полигона."
AOI-0026,2020,2020-04-07,2020-06-30,85,20,-1.856892888805751,-1.5348300007699172,0,-0.44333651926699436,-0.33974821323479115,2020-05-16,0.21571534341378118,0.6590518626807755,весна (всходы и рост),созревание и уборка,98,182,умеренная,unsown_or_changed,0.8,история полигона,ERA5 полигона,1,-0.13485410279287427,0.05263157894736842,"{""available"": true, ""before"": {""precip_mm"": 0.1245332666712781, ""temp_c"": 6.211817783779594, ""dry_days"": 6, ""hot_days"": 0, ""max_dry_spell"": 6, ""n_days"": 30}, ""during"": {""precip_mm"": 146.04554255538815, ""temp_c"": 17.057202036240543, ""dry_days"": 56, ""hot_days"": 1, ""max_dry_spell"": 12, ""n_days"": 85, ""precip_deficit_pct"": 3.9256200528893226, ""temp_anomaly_c"": -0.9122659002565925, ""precip_norm_mm"": 152.01299517705635, ""temp_norm_c"": 17.969467936497136, ""norm_years"": 15}, ""combined"": {""precip_mm"": 146.17007582205943, ""temp_c"": 16.342121755858503, ""dry_days"": 62, ""hot_days"": 1, ""max_dry_spell"": 12, ""n_days"": 115}, ""source"": ""ERA5 полигона""}","другие поля региона в эти дни в норме (медианный Z -0.1, ниже нормы 5% из 57) — причина локальная, на самом поле | пик главного сезона всего 0.22 при норме 0.66: кривая плоская с весны — поле не засеяно, под паром или занято другой культурой","AOI-0026, сезон 2020: умеренная аномалия с 2020-04-07 по 2020-06-30 (85 дней, 20 наблюдений), фаза — весна (всходы и рост). NDVI в худший день 2020-05-16: 0.22 при норме 0.66 (Z = -1.9). Вероятная причина — поле не засеяно, под паром или сменилась культура (уверенность 80%). Аргументы: другие поля региона в эти дни в норме (медианный Z -0.1, ниже нормы 5% из 57) — причина локальная, на самом поле; пик главного сезона всего 0.22 при норме 0.66: кривая плоская с весны — поле не засеяно, под паром или занято другой культурой. Норма: история полигона."
AOI-0026,2022,2022-04-01,2022-04-13,13,4,-1.51714303961235,-1.1363976835608685,0,-0.3091790761406882,-0.22713931243955438,2022-04-01,0.10685005406617977,0.41602913020686794,весна (всходы и рост),весна (всходы и рост),91,103,умеренная,weak_season,0.45,история полигона,ERA5 полигона,2,0.1488232094109559,0.10526315789473684,"{""available"": true, ""during"": {""precip_mm"": 31.2776654658542, ""temp_c"": 11.300967984321813, ""dry_days"": 7, ""hot_days"": 0, ""max_dry_spell"": 3, ""n_days"": 13, ""precip_deficit_pct"": -39.30528082716273, ""temp_anomaly_c"": 1.6981639161069157, ""precip_norm_mm"": 22.452605730475263, ""temp_norm_c"": 9.602804068214898, ""norm_years"": 15}, ""combined"": {""precip_mm"": 31.2776654658542, ""temp_c"": 11.300967984321813, ""dry_days"": 7, ""hot_days"": 0, ""max_dry_spell"": 3, ""n_days"": 43}, ""source"": ""ERA5 полигона""}","другие поля региона в эти дни в норме (медианный Z 0.1, ниже нормы 11% из 57) — причина локальная, на самом поле | погодного сигнала нет; вероятны агротехнические причины","AOI-0026, сезон 2022: умеренная аномалия с 2022-04-01 по 2022-04-13 (13 дней, 4 наблюдений), фаза — весна (всходы и рост). NDVI в худший день 2022-04-01: 0.11 при норме 0.42 (Z = -1.5). Вероятная причина — ослабленный сезон без явной погодной причины (уверенность 45%). Аргументы: другие поля региона в эти дни в норме (медианный Z 0.1, ниже нормы 11% из 57) — причина локальная, на самом поле; погодного сигнала нет; вероятны агротехнические причины. Норма: история полигона."
AOI-0026,2024,2024-04-10,2024-07-03,85,19,-2.0819593741834614,-1.6275805199601319,4,-0.48554229188054054,-0.3540982472993897,2024-05-16,0.17632328897447133,0.6618655808550119,весна (всходы и рост),созревание и уборка,101,185,умеренная,unsown_or_changed,0.8,история полигона,ERA5 полигона,3,0.16346491120536044,0.19298245614035087,"{""available"": true, ""before"": {""precip_mm"": 5.90813805564494, ""temp_c"": 13.696503081145131, ""dry_days"": 8, ""hot_days"": 0, ""max_dry_spell"": 6, ""n_days"": 30}, ""during"": {""precip_mm"": 38.51358700850227, ""temp_c"": 20.183291745653364, ""dry_days"": 72, ""hot_days"": 7, ""max_dry_spell"": 18, ""n_days"": 85, ""precip_deficit_pct"": 75.42316421912194, ""temp_anomaly_c"": 1.884994691088309, ""precip_norm_mm"": 156.7068574322642, ""temp_norm_c"": 18.298297054565055, ""norm_years"": 15}, ""combined"": {""precip_mm"": 44.42172506414721, ""temp_c"": 19.562216235221726, ""dry_days"": 80, ""hot_days"": 7, ""max_dry_spell"": 18, ""n_days"": 115, ""precip_deficit_pct"": 74.14789877640715, ""temp_anomaly_c"": 2.142890210523678, ""precip_norm_mm"": 171.83023027779095, ""temp_norm_c"": 17.419326024698048, ""norm_years"": 15}, ""source"": ""ERA5 полигона""}","за 30 дней до и во время эпизода осадков 44 мм при норме 172 мм (дефицит 74 %) | температура выше нормы на 2.1 °C (19.6 против 17.4 °C), жарких дней 7 | сухая серия 18 дней подряд | во время эпизода: осадков 39 мм при норме 157 мм | другие поля региона в эти дни в норме (медианный Z 0.2, ниже нормы 19% из 57) — причина локальная, на самом поле | пик главного сезона всего 0.24 при норме 0.66: кривая плоская с весны — поле не засеяно, под паром или занято другой культурой","AOI-0026, сезон 2024: умеренная аномалия с 2024-04-10 по 2024-07-03 (85 дней, 19 наблюдений), фаза — весна (всходы и рост). NDVI в худший день 2024-05-16: 0.18 при норме 0.66 (Z = -2.1). Вероятная причина — поле не засеяно, под паром или сменилась культура (уверенность 80%). Аргументы: за 30 дней до и во время эпизода осадков 44 мм при норме 172 мм (дефицит 74 %); температура выше нормы на 2.1 °C (19.6 против 17.4 °C), жарких дней 7; сухая серия 18 дней подряд; во время эпизода: осадков 39 мм при норме 157 мм; другие поля региона в эти дни в норме (медианный Z 0.2, ниже нормы 19% из 57) — причина локальная, на самом поле; пик главного сезона всего 0.24 при норме 0.66: кривая плоская с весны — поле не засеяно, под паром или занято другой культурой. Норма: история полигона."
AOI-0027,2013,2013-05-31,2013-07-09,40,4,-2.9844078585810205,-1.888007241705796,17,-0.26288474448484916,-0.20392747447031204,2013-06-14,0.34822280251172905,0.6076397827768562,пик вегетации,созревание и уборка,151,190,критическая,weather_drought,0.75,история полигона,ERA5 региона (медиана соседних полей),0,-0.42584551272122956,0.17543859649122806,"{""available"": true, ""before"": {""precip_mm"": 17.891067526928595, ""temp_c"": 20.60070738898385, ""dry_days"": 24, ""hot_days"": 0, ""max_dry_spell"": 14, ""n_days"": 30, ""precip_deficit_pct"": 63.31762001590262, ""temp_anomaly_c"": 3.3577639172086933, ""precip_norm_mm"": 48.77291913633948, ""temp_norm_c"": 17.242943471775156, ""norm_years"": 15}, ""during"": {""precip_mm"": 42.71711031707781, ""temp_c"": 24.200184213093372, ""dry_days"": 29, ""hot_days"": 11, ""max_dry_spell"": 8, ""n_days"": 40, ""precip_deficit_pct"": -2.7608235441324513, ""temp_anomaly_c"": 0.6213483548004568, ""precip_norm_mm"": 41.56945112329914, ""temp_norm_c"": 23.578835858292916, ""norm_years"": 15}, ""combined"": {""precip_mm"": 60.608177844006406, ""temp_c"": 22.657551288475005, ""dry_days"": 53, ""hot_days"": 11, ""max_dry_spell"": 14, ""n_days"": 70, ""precip_deficit_pct"": 32.912787577055916, ""temp_anomaly_c"": 1.7940978815468434, ""precip_norm_mm"": 90.3423702596386, ""temp_norm_c"": 20.863453406928162, ""norm_years"": 15}, ""source"": ""ERA5 региона (медиана соседних полей)""}","температура выше нормы на 1.8 °C (22.7 против 20.9 °C), жарких дней 11 | за 30 дней до эпизода: осадков 18 мм при норме 49 мм | соседние поля региона в эти дни чуть ниже нормы (медианный Z -0.4) | пик на уровне нормы (88%), но спад начался на 21 дней раньше обычного","AOI-0027, сезон 2013: критическая аномалия с 2013-05-31 по 2013-07-09 (40 дней, 4 наблюдений), фаза — пик вегетации. NDVI в худший день 2013-06-14: 0.35 при норме 0.61 (Z = -3.0). Вероятная причина — погодный стресс: дефицит осадков и/или жара (уверенность 75%). Аргументы: температура выше нормы на 1.8 °C (22.7 против 20.9 °C), жарких дней 11; за 30 дней до эпизода: осадков 18 мм при норме 49 мм; соседние поля региона в эти дни чуть ниже нормы (медианный Z -0.4); пик на уровне нормы (88%), но спад начался на 21 дней раньше обычного. Норма: история полигона."
AOI-0027,2014,2014-07-28,2014-08-30,34,7,-1.4794653884261215,-1.2377651503685503,0,-0.18111238848419142,-0.15532404839069058,2014-08-14,0.2645658359096991,0.4455887096802497,созревание и уборка,лето после уборки,209,242,умеренная,early_decline,0.6,история полигона,ERA5 региона (медиана соседних полей),0,-0.7101753675351526,0.21052631578947367,"{""available"": true, ""before"": {""precip_mm"": 24.244490205983737, ""temp_c"": 25.339386715359176, ""dry_days"": 23, ""hot_days"": 7, ""max_dry_spell"": 8, ""n_days"": 30, ""precip_deficit_pct"": 15.787162615200545, ""temp_anomaly_c"": -0.29644300500061505, ""precip_norm_mm"": 28.78954202101247, ""temp_norm_c"": 25.63582972035979, ""norm_years"": 15}, ""during"": {""precip_mm"": 2.3868954357510566, ""temp_c"": 27.178648997288146, ""dry_days"": 33, ""hot_days"": 19, ""max_dry_spell"": 21, ""n_days"": 34, ""precip_deficit_pct"": 83.83617490006296, ""temp_anomaly_c"": 1.2903571756891026, ""precip_norm_mm"": 14.766897197869039, ""temp_norm_c"": 25.888291821599044, ""norm_years"": 15}, ""combined"": {""precip_mm"": 26.631385641734795, ""temp_c"": 26.316494802633944, ""dry_days"": 56, ""hot_days"": 26, ""max_dry_spell"": 29, ""n_days"": 64, ""precip_deficit_pct"": 38.85775302268003, ""temp_anomaly_c"": 0.5465445909907949, ""precip_norm_mm"": 43.556439218881515, ""temp_norm_c"": 25.76995021164315, ""norm_years"": 15}, ""source"": ""ERA5 региона (медиана соседних полей)""}","сухая серия 29 дней подряд | соседние поля региона в эти дни тоже ниже нормы (медианный Z -0.7, ниже нормы 21% из 57 полей) — явление региональное | пик на уровне нормы (139%), но спад начался на 23 дней раньше обычного","AOI-0027, сезон 2014: умеренная аномалия с 2014-07-28 по 2014-08-30 (34 дней, 7 наблюдений), фаза — созревание и уборка. NDVI в худший день 2014-08-14: 0.26 при норме 0.45 (Z = -1.5). Вероятная причина — ранний спад вегетации (уборка, полегание, болезнь) (уверенность 60%). Аргументы: сухая серия 29 дней подряд; соседние поля региона в эти дни тоже ниже нормы (медианный Z -0.7, ниже нормы 21% из 57 полей) — явление региональное; пик на уровне нормы (139%), но спад начался на 23 дней раньше обычного. Норма: история полигона."
AOI-0027,2017,2017-07-27,2017-09-03,39,10,-1.58190904031827,-1.3210212330046476,0,-0.19388429075156693,-0.1628014281259579,2017-08-13,0.2549045752935311,0.44796442828192423,созревание и уборка,лето после уборки,208,246,умеренная,weak_season,0.45,история полигона,ERA5 региона (медиана соседних полей),0,-0.27528409836287704,0.08771929824561403,"{""available"": true, ""before"": {""precip_mm"": 11.519796712484874, ""temp_c"": 25.48661060858027, ""dry_days"": 27, ""hot_days"": 11, ""max_dry_spell"": 12, ""n_days"": 30, ""precip_deficit_pct"": 63.245689086871295, ""temp_anomaly_c"": -0.04271850864471105, ""precip_norm_mm"": 31.342708994633828, ""temp_norm_c"": 25.529329117224982, ""norm_years"": 15}, ""during"": {""precip_mm"": 33.10972465541835, ""temp_c"": 26.3071776891431, ""dry_days"": 36, ""hot_days"": 20, ""max_dry_spell"": 24, ""n_days"": 39, ""precip_deficit_pct"": -101.50715350100965, ""temp_anomaly_c"": 0.6053492526493152, ""precip_norm_mm"": 16.4310418167127, ""temp_norm_c"": 25.701828436493784, ""norm_years"": 15}, ""combined"": {""precip_mm"": 44.629521367903216, ""temp_c"": 25.95040939324622, ""dry_days"": 63, ""hot_days"": 31, ""max_dry_spell"": 24, ""n_days"": 69, ""precip_deficit_pct"": 6.581500070738711, ""temp_anomaly_c"": 0.3235806607823477, ""precip_norm_mm"": 47.773750811346524, ""temp_norm_c"": 25.62682873246387, ""norm_years"": 15}, ""source"": ""ERA5 региона (медиана соседних полей)""}","сухая серия 24 дней подряд | другие поля региона в эти дни в норме (медианный Z -0.3, ниже нормы 9% из 57) — причина локальная, на самом поле | погодного сигнала нет; вероятны агротехнические причины","AOI-0027, сезон 2017: умеренная аномалия с 2017-07-27 по 2017-09-03 (39 дней, 10 наблюдений), фаза — созревание и уборка. NDVI в худший день 2017-08-13: 0.25 при норме 0.45 (Z = -1.6). Вероятная причина — ослабленный сезон без явной погодной причины (уверенность 45%). Аргументы: сухая серия 24 дней подряд; другие поля региона в эти дни в норме (медианный Z -0.3, ниже нормы 9% из 57) — причина локальная, на самом поле; погодного сигнала нет; вероятны агротехнические причины. Норма: история полигона."
AOI-0027,2019,2019-04-05,2019-06-01,58,11,-1.7753696324531991,-1.4843326365003284,0,-0.30716613136081394,-0.2575844748684427,2019-05-14,0.3443542862847276,0.6445255658422745,весна (всходы и рост),пик вегетации,95,152,умеренная,late_start,0.6,история полигона,ERA5 региона (медиана соседних полей),4,0.5668255152891338,0.17543859649122806,"{""available"": true, ""before"": {""precip_mm"": 5.049163462638262, ""temp_c"": 5.727324422200539, ""dry_days"": 1, ""hot_days"": 0, ""max_dry_spell"": 1, ""n_days"": 30}, ""during"": {""precip_mm"": 79.59303613154066, ""temp_c"": 15.81278555518064, ""dry_days"": 41, ""hot_days"": 0, ""max_dry_spell"": 11, ""n_days"": 58, ""precip_deficit_pct"": 5.575442697391308, ""temp_anomaly_c"": 0.812957547102025, ""precip_norm_mm"": 84.29272893116516, ""temp_norm_c"": 14.999828008078616, ""norm_years"": 15}, ""combined"": {""precip_mm"": 84.64219959417892, ""temp_c"": 15.162110643375472, ""dry_days"": 42, ""hot_days"": 0, ""max_dry_spell"": 11, ""n_days"": 88}, ""source"": ""ERA5 региона (медиана соседних полей)""}","другие поля региона в эти дни в норме (медианный Z 0.6, ниже нормы 18% из 57) — причина локальная, на самом поле | рост начался на 22 дней позже нормы, но пик достигнут (102% нормы)","AOI-0027, сезон 2019: умеренная аномалия с 2019-04-05 по 2019-06-01 (58 дней, 11 наблюдений), фаза — весна (всходы и рост). NDVI в худший день 2019-05-14: 0.34 при норме 0.64 (Z = -1.8). Вероятная причина — запаздывание всходов и роста (уверенность 60%). Аргументы: другие поля региона в эти дни в норме (медианный Z 0.6, ниже нормы 18% из 57) — причина локальная, на самом поле; рост начался на 22 дней позже нормы, но пик достигнут (102% нормы). Норма: история полигона."
AOI-0027,2021,2021-04-01,2021-06-02,63,13,-1.6975194523746961,-1.31444926329325,0,-0.2915497951865612,-0.2281159819614819,2021-05-14,0.3547746120484442,0.6438308774580268,весна (всходы и рост),пик вегетации,91,153,умеренная,crop_rotation,0.7,история полигона,ERA5 региона (медиана соседних полей),2,-0.3764419477564182,0.2631578947368421,"{""available"": true, ""during"": {""precip_mm"": 173.88453099368712, ""temp_c"": 14.15351056071469, ""dry_days"": 35, ""hot_days"": 0, ""max_dry_spell"": 12, ""n_days"": 63, ""precip_deficit_pct"": -102.65867815901602, ""temp_anomaly_c"": -0.6254463762863285, ""precip_norm_mm"": 85.80167036185281, ""temp_norm_c"": 14.778956937001018, ""norm_years"": 15}, ""combined"": {""precip_mm"": 173.88453099368712, ""temp_c"": 14.153510560714686, ""dry_days"": 35, ""hot_days"": 0, ""max_dry_spell"": 12, ""n_days"": 93}, ""source"": ""ERA5 региона (медиана соседних полей)""}","соседние поля региона в эти дни чуть ниже нормы (медианный Z -0.4) | пик достигнут (109% нормы), но на 47 дней позже обычного: на поле яровая культура вместо привычной озимой, весеннее отставание — смена фазы, а не угнетение","AOI-0027, сезон 2021: умеренная аномалия с 2021-04-01 по 2021-06-02 (63 дней, 13 наблюдений), фаза — весна (всходы и рост). NDVI в худший день 2021-05-14: 0.35 при норме 0.64 (Z = -1.7). Вероятная причина — смена культуры: яровая вместо озимой, весеннее отставание — не угнетение (уверенность 70%). Аргументы: соседние поля региона в эти дни чуть ниже нормы (медианный Z -0.4); пик достигнут (109% нормы), но на 47 дней позже обычного: на поле яровая культура вместо привычной озимой, весеннее отставание — смена фазы, а не угнетение. Норма: история полигона."
AOI-0027,2024,2024-05-01,2024-07-06,67,15,-3.247724739072488,-2.0383030901373975,31,-0.3700687979773584,-0.25612217075568405,2024-06-04,0.322363607450241,0.6587648123657331,весна (всходы и рост),созревание и уборка,122,188,критическая,unsown_or_changed,0.8,история полигона,ERA5 региона (медиана соседних полей),0,-0.13349659996522456,0.2631578947368421,"{""available"": true, ""before"": {""precip_mm"": 14.698190554612722, ""temp_c"": 16.536125446366697, ""dry_days"": 26, ""hot_days"": 0, ""max_dry_spell"": 11, ""n_days"": 30, ""precip_deficit_pct"": 62.99810817734469, ""temp_anomaly_c"": 5.49280258000198, ""precip_norm_mm"": 39.72280829601636, ""temp_norm_c"": 11.043322866364717, ""norm_years"": 15}, ""during"": {""precip_mm"": 21.618134702492448, ""temp_c"": 21.26215889900678, ""dry_days"": 58, ""hot_days"": 11, ""max_dry_spell"": 12, ""n_days"": 67, ""precip_deficit_pct"": 76.12457331436858, ""temp_anomaly_c"": 0.5447864660641528, ""precip_norm_mm"": 90.54554285935572, ""temp_norm_c"": 20.71737243294263, ""norm_years"": 15}, ""combined"": {""precip_mm"": 36.31632525710517, ""temp_c"": 19.80049906829335, ""dry_days"": 84, ""hot_days"": 11, ""max_dry_spell"": 12, ""n_days"": 97, ""precip_deficit_pct"": 72.12191224114719, ""temp_anomaly_c"": 2.0751007281067757, ""precip_norm_mm"": 130.26835115537207, ""temp_norm_c"": 17.725398340186576, ""norm_years"": 15}, ""source"": ""ERA5 региона (медиана соседних полей)""}","за 30 дней до и во время эпизода осадков 36 мм при норме 130 мм (дефицит 72 %) | температура выше нормы на 2.1 °C (19.8 против 17.7 °C), жарких дней 11 | за 30 дней до эпизода: осадков 15 мм при норме 40 мм | во время эпизода: осадков 22 мм при норме 91 мм | другие поля региона в эти дни в норме (медианный Z -0.1, ниже нормы 26% из 57) — причина локальная, на самом поле | пик главного сезона всего 0.39 при норме 0.67: кривая плоская с весны — поле не засеяно, под паром или занято другой культурой","AOI-0027, сезон 2024: критическая аномалия с 2024-05-01 по 2024-07-06 (67 дней, 15 наблюдений), фаза — весна (всходы и рост). NDVI в худший день 2024-06-04: 0.32 при норме 0.66 (Z = -3.2). Вероятная причина — поле не засеяно, под паром или сменилась культура (уверенность 80%). Аргументы: за 30 дней до и во время эпизода осадков 36 мм при норме 130 мм (дефицит 72 %); температура выше нормы на 2.1 °C (19.8 против 17.7 °C), жарких дней 11; за 30 дней до эпизода: осадков 15 мм при норме 40 мм; во время эпизода: осадков 22 мм при норме 91 мм; другие поля региона в эти дни в норме (медианный Z -0.1, ниже нормы 26% из 57) — причина локальная, на самом поле; пик главного сезона всего 0.39 при норме 0.67: кривая плоская с весны — поле не засеяно, под паром или занято другой культурой. Норма: история полигона."
AOI-0027,2025,2025-06-30,2025-09-12,75,17,-1.4812092553005403,-1.2999480542487567,0,-0.18890303327319657,-0.16296723023607013,2025-08-30,0.2282094100633844,0.39000960014282743,созревание и уборка,лето после уборки,181,255,умеренная,early_decline,0.6,история полигона,ERA5 региона (медиана соседних полей),0,-0.47567884828851287,0.23376623376623376,"{""available"": true, ""before"": {""precip_mm"": 45.96252045220931, ""temp_c"": 21.423876486884243, ""dry_days"": 18, ""hot_days"": 1, ""max_dry_spell"": 8, ""n_days"": 30, ""precip_deficit_pct"": -48.23364280872866, ""temp_anomaly_c"": -1.7842526319617065, ""precip_norm_mm"": 31.0068076189131, ""temp_norm_c"": 23.20812911884595, ""norm_years"": 15}, ""during"": {""precip_mm"": 20.311969157050093, ""temp_c"": 25.503473114067518, ""dry_days"": 69, ""hot_days"": 29, ""max_dry_spell"": 17, ""n_days"": 75, ""precip_deficit_pct"": 60.359339460058045, ""temp_anomaly_c"": 0.5125796949490891, ""precip_norm_mm"": 51.240238886997716, ""temp_norm_c"": 24.99089341911843, ""norm_years"": 15}, ""combined"": {""precip_mm"": 66.2744896092594, ""temp_c"": 24.337874077729442, ""dry_days"": 87, ""hot_days"": 30, ""max_dry_spell"": 17, ""n_days"": 105, ""precip_deficit_pct"": 19.420219418460828, ""temp_anomaly_c"": -0.14365811273971474, ""precip_norm_mm"": 82.2470465059108, ""temp_norm_c"": 24.481532190469157, ""norm_years"": 15}, ""source"": ""ERA5 региона (медиана соседних полей)""}","сухая серия 17 дней подряд | соседние поля региона в эти дни чуть ниже нормы (медианный Z -0.5) | пик на уровне нормы (125%), но спад начался на 62 дней раньше обычного","AOI-0027, сезон 2025: умеренная аномалия с 2025-06-30 по 2025-09-12 (75 дней, 17 наблюдений), фаза — созревание и уборка. NDVI в худший день 2025-08-30: 0.23 при норме 0.39 (Z = -1.5). Вероятная причина — ранний спад вегетации (уборка, полегание, болезнь) (уверенность 60%). Аргументы: сухая серия 17 дней подряд; соседние поля региона в эти дни чуть ниже нормы (медианный Z -0.5); пик на уровне нормы (125%), но спад начался на 62 дней раньше обычного. Норма: история полигона."
AOI-0028,2013,2013-04-24,2013-05-30,37,3,-1.4571708354899113,-1.3569979826716285,0,-0.3792850988828649,-0.35131126558825987,2013-05-11,0.20711945117125488,0.5842593402479509,весна (всходы и рост),пик вегетации,114,150,умеренная,unsown_or_changed,0.8,история полигона,ERA5 полигона,0,-0.257656628319943,0.24561403508771928,"{""available"": true, ""before"": {""precip_mm"": 22.812727501598573, ""temp_c"": 10.622031092989294, ""dry_days"": 16, ""hot_days"": 0, ""max_dry_spell"": 10, ""n_days"": 30}, ""during"": {""precip_mm"": 37.94169204384801, ""temp_c"": 19.761167110408774, ""dry_days"": 31, ""hot_days"": 0, ""max_dry_spell"": 21, ""n_days"": 37, ""precip_deficit_pct"": 46.395283341271934, ""temp_anomaly_c"": 3.11154301503041, ""precip_norm_mm"": 70.78051038941595, ""temp_norm_c"": 16.649624095378364, ""norm_years"": 15}, ""combined"": {""precip_mm"": 60.75441954544658, ""temp_c"": 16.25783163706464, ""dry_days"": 47, ""hot_days"": 0, ""max_dry_spell"": 21, ""n_days"": 67, ""precip_deficit_pct"": 46.92827251711377, ""temp_anomaly_c"": 1.9531882646348784, ""precip_norm_mm"": 114.47605425136717, ""temp_norm_c"": 14.304643372429762, ""norm_years"": 15}, ""source"": ""ERA5 полигона""}","за 30 дней до и во время эпизода осадков 61 мм при норме 114 мм (дефицит 47 %) | сухая серия 21 дней подряд | во время эпизода: осадков 38 мм при норме 71 мм | другие поля региона в эти дни в норме (медианный Z -0.3, ниже нормы 25% из 57) — причина локальная, на самом поле | пик главного сезона всего 0.31 при норме 0.62: кривая плоская с весны — поле не засеяно, под паром или занято другой культурой","AOI-0028, сезон 2013: умеренная аномалия с 2013-04-24 по 2013-05-30 (37 дней, 3 наблюдений), фаза — весна (всходы и рост). NDVI в худший день 2013-05-11: 0.21 при норме 0.58 (Z = -1.5). Вероятная причина — поле не засеяно, под паром или сменилась культура (уверенность 80%). Аргументы: за 30 дней до и во время эпизода осадков 61 мм при норме 114 мм (дефицит 47 %); сухая серия 21 дней подряд; во время эпизода: осадков 38 мм при норме 71 мм; другие поля региона в эти дни в норме (медианный Z -0.3, ниже нормы 25% из 57) — причина локальная, на самом поле; пик главного сезона всего 0.31 при норме 0.62: кривая плоская с весны — поле не засеяно, под паром или занято другой культурой. Норма: история полигона."
AOI-0028,2019,2019-04-14,2019-07-02,80,19,-2.933182086799537,-1.7244157585938436,23,-0.4531577542850803,-0.3568174413144162,2019-06-12,0.1614210890908519,0.5791089791117072,весна (всходы и рост),созревание и уборка,104,183,критическая,unsown_or_changed,0.8,история полигона,ERA5 полигона,0,0.343807317243912,0.05263157894736842,"{""available"": true, ""before"": {""precip_mm"": 17.745463051181076, ""temp_c"": 10.00196301386909, ""dry_days"": 9, ""hot_days"": 0, ""max_dry_spell"": 7, ""n_days"": 30}, ""during"": {""precip_mm"": 89.49145175800943, ""temp_c"": 20.201214448610965, ""dry_days"": 64, ""hot_days"": 11, ""max_dry_spell"": 28, ""n_days"": 80, ""precip_deficit_pct"": 37.73743212951371, ""temp_anomaly_c"": 1.5650897897614335, ""precip_norm_mm"": 143.73234965856616, ""temp_norm_c"": 18.636124658849532, ""norm_years"": 15}, ""combined"": {""precip_mm"": 107.23691480919051, ""temp_c"": 18.775512635152424, ""dry_days"": 73, ""hot_days"": 11, ""max_dry_spell"": 28, ""n_days"": 110, ""precip_deficit_pct"": 36.141512786945704, ""temp_anomaly_c"": 1.3939614547765977, ""precip_norm_mm"": 167.92899344986137, ""temp_norm_c"": 17.381551180375826, ""norm_years"": 15}, ""source"": ""ERA5 полигона""}","температура выше нормы на 1.4 °C (18.8 против 17.4 °C), жарких дней 11 | сухая серия 28 дней подряд | другие поля региона в эти дни в норме (медианный Z 0.3, ниже нормы 5% из 57) — причина локальная, на самом поле | пик главного сезона всего 0.22 при норме 0.64: кривая плоская с весны — поле не засеяно, под паром или занято другой культурой","AOI-0028, сезон 2019: критическая аномалия с 2019-04-14 по 2019-07-02 (80 дней, 19 наблюдений), фаза — весна (всходы и рост). NDVI в худший день 2019-06-12: 0.16 при норме 0.58 (Z = -2.9). Вероятная причина — поле не засеяно, под паром или сменилась культура (уверенность 80%). Аргументы: температура выше нормы на 1.4 °C (18.8 против 17.4 °C), жарких дней 11; сухая серия 28 дней подряд; другие поля региона в эти дни в норме (медианный Z 0.3, ниже нормы 5% из 57) — причина локальная, на самом поле; пик главного сезона всего 0.22 при норме 0.64: кривая плоская с весны — поле не засеяно, под паром или занято другой культурой. Норма: история полигона."
AOI-0028,2021,2021-04-06,2021-06-02,58,12,-2.0403950122709795,-1.300865615347162,1,-0.5724362838875191,-0.34693437612740824,2021-04-06,-0.12959340618857282,0.4428428776989463,весна (всходы и рост),пик вегетации,96,153,умеренная,crop_rotation,0.7,история полигона,ERA5 полигона,2,-0.3273055144619032,0.24561403508771928,"{""available"": true, ""before"": {""precip_mm"": 38.84640803136108, ""temp_c"": 7.124142837524426, ""dry_days"": 2, ""hot_days"": 0, ""max_dry_spell"": 2, ""n_days"": 30}, ""during"": {""precip_mm"": 172.35256511723307, ""temp_c"": 14.630230719467711, ""dry_days"": 33, ""hot_days"": 0, ""max_dry_spell"": 12, ""n_days"": 58, ""precip_deficit_pct"": -58.36837718083825, ""temp_anomaly_c"": -0.6543569181157256, ""precip_norm_mm"": 108.83016432025852, ""temp_norm_c"": 15.284587637583437, ""norm_years"": 15}, ""combined"": {""precip_mm"": 211.19897314859415, ""temp_c"": 14.034509458996023, ""dry_days"": 35, ""hot_days"": 0, ""max_dry_spell"": 12, ""n_days"": 88}, ""source"": ""ERA5 полигона""}","соседние поля региона в эти дни чуть ниже нормы (медианный Z -0.3) | пик достигнут (131% нормы), но на 35 дней позже обычного: на поле яровая культура вместо привычной озимой, весеннее отставание — смена фазы, а не угнетение","AOI-0028, сезон 2021: умеренная аномалия с 2021-04-06 по 2021-06-02 (58 дней, 12 наблюдений), фаза — весна (всходы и рост). NDVI в худший день 2021-04-06: -0.13 при норме 0.44 (Z = -2.0). Вероятная причина — смена культуры: яровая вместо озимой, весеннее отставание — не угнетение (уверенность 70%). Аргументы: соседние поля региона в эти дни чуть ниже нормы (медианный Z -0.3); пик достигнут (131% нормы), но на 35 дней позже обычного: на поле яровая культура вместо привычной озимой, весеннее отставание — смена фазы, а не угнетение. Норма: история полигона."
AOI-0028,2022,2022-09-07,2022-09-27,21,3,-1.5489299819110658,-1.3290860782863443,0,-0.0634402583973077,-0.05642696399471307,2022-09-17,0.10939673657456589,0.17135393585100853,лето после уборки,осень (озимые всходы),250,270,умеренная,weak_season,0.45,история полигона,ERA5 полигона,0,-0.10485120140060596,0.017543859649122806,"{""available"": true, ""before"": {""precip_mm"": 10.568907716931975, ""temp_c"": 25.899789047241235, ""dry_days"": 26, ""hot_days"": 14, ""max_dry_spell"": 17, ""n_days"": 30, ""precip_deficit_pct"": 44.19704428342794, ""temp_anomaly_c"": 1.2457651201883984, ""precip_norm_mm"": 18.939691600947363, ""temp_norm_c"": 24.654023927052837, ""norm_years"": 15}, ""during"": {""precip_mm"": 50.676159725306036, ""temp_c"": 17.12908652169366, ""dry_days"": 14, ""hot_days"": 0, ""max_dry_spell"": 5, ""n_days"": 21, ""precip_deficit_pct"": -192.2276036871159, ""temp_anomaly_c"": -1.460730731298053, ""precip_norm_mm"": 17.341332264957526, ""temp_norm_c"": 18.589817252991715, ""norm_years"": 15}, ""combined"": {""precip_mm"": 61.24506744223801, ""temp_c"": 22.28832330142753, ""dry_days"": 40, ""hot_days"": 14, ""max_dry_spell"": 22, ""n_days"": 51, ""precip_deficit_pct"": -68.80743958219182, ""temp_anomaly_c"": 0.1313256519292736, ""precip_norm_mm"": 36.2810238659049, ""temp_norm_c"": 22.156997649498255, ""norm_years"": 15}, ""source"": ""ERA5 полигона""}","сухая серия 22 дней подряд | другие поля региона в эти дни в норме (медианный Z -0.1, ниже нормы 2% из 57) — причина локальная, на самом поле | погодного сигнала нет; вероятны агротехнические причины","AOI-0028, сезон 2022: умеренная аномалия с 2022-09-07 по 2022-09-27 (21 дней, 3 наблюдений), фаза — лето после уборки. NDVI в худший день 2022-09-17: 0.11 при норме 0.17 (Z = -1.5). Вероятная причина — ослабленный сезон без явной погодной причины (уверенность 45%). Аргументы: сухая серия 22 дней подряд; другие поля региона в эти дни в норме (медианный Z -0.1, ниже нормы 2% из 57) — причина локальная, на самом поле; погодного сигнала нет; вероятны агротехнические причины. Норма: история полигона."
AOI-0028,2023,2023-04-29,2023-06-27,60,11,-2.2805683914064288,-1.6196166809060217,16,-0.3849643151732915,-0.33240015737104817,2023-06-12,0.22208577586537334,0.5744424647444363,весна (всходы и рост),созревание и уборка,119,178,критическая,unsown_or_changed,0.8,история полигона,ERA5 полигона,0,0.650355388575315,0.08771929824561403,"{""available"": true, ""before"": {""precip_mm"": 101.83571174704653, ""temp_c"": 11.309706533522855, ""dry_days"": 11, ""hot_days"": 0, ""max_dry_spell"": 4, ""n_days"": 30, ""precip_deficit_pct"": -138.2812013614716, ""temp_anomaly_c"": 0.14803146634783104, ""precip_norm_mm"": 42.73761889951284, ""temp_norm_c"": 11.161675067175024, ""norm_years"": 15}, ""during"": {""precip_mm"": 178.73318792373104, ""temp_c"": 17.698097711139276, ""dry_days"": 30, ""hot_days"": 0, ""max_dry_spell"": 8, ""n_days"": 60, ""precip_deficit_pct"": -68.71717823203917, ""temp_anomaly_c"": -2.312822993596395, ""precip_norm_mm"": 105.93656780930552, ""temp_norm_c"": 20.01092070473567, ""norm_years"": 15}, ""combined"": {""precip_mm"": 280.56889967077757, ""temp_c"": 15.665427790988598, ""dry_days"": 41, ""hot_days"": 0, ""max_dry_spell"": 8, ""n_days"": 90, ""precip_deficit_pct"": -88.71392935229426, ""temp_anomaly_c"": -1.5298238472505012, ""precip_norm_mm"": 148.67418670881838, ""temp_norm_c"": 17.1952516382391, ""norm_years"": 15}, ""source"": ""ERA5 полигона""}","другие поля региона в эти дни в норме (медианный Z 0.7, ниже нормы 9% из 57) — причина локальная, на самом поле | пик главного сезона всего 0.26 при норме 0.64: кривая плоская с весны — поле не засеяно, под паром или занято другой культурой","AOI-0028, сезон 2023: критическая аномалия с 2023-04-29 по 2023-06-27 (60 дней, 11 наблюдений), фаза — весна (всходы и рост). NDVI в худший день 2023-06-12: 0.22 при норме 0.57 (Z = -2.3). Вероятная причина — поле не засеяно, под паром или сменилась культура (уверенность 80%). Аргументы: другие поля региона в эти дни в норме (медианный Z 0.7, ниже нормы 9% из 57) — причина локальная, на самом поле; пик главного сезона всего 0.26 при норме 0.64: кривая плоская с весны — поле не засеяно, под паром или занято другой культурой. Норма: история полигона."
AOI-0029,2025,2025-07-05,2025-09-25,83,27,-1.423007633626477,-1.3014899647373748,0,-0.2744246285424524,-0.20692714776235474,2025-08-03,0.11815187745153487,0.3709491821430933,созревание и уборка,осень (озимые всходы),186,268,умеренная,early_decline,0.6,среднее по культуре (истории полигона нет),ERA5 полигона,1,-0.48339963307620526,0.22077922077922077,"{""available"": true, ""before"": {""precip_mm"": 62.74058837100682, ""temp_c"": 21.410605737898102, ""dry_days"": 17, ""hot_days"": 2, ""max_dry_spell"": 5, ""n_days"": 30}, ""during"": {""precip_mm"": 38.411602450359794, ""temp_c"": 24.60858993223874, ""dry_days"": 73, ""hot_days"": 29, ""max_dry_spell"": 23, ""n_days"": 83}, ""combined"": {""precip_mm"": 101.15219082136662, ""temp_c"": 23.759567579758933, ""dry_days"": 90, ""hot_days"": 31, ""max_dry_spell"": 23, ""n_days"": 113}, ""source"": ""ERA5 полигона""}","соседние поля региона в эти дни чуть ниже нормы (медианный Z -0.5) | пик на уровне нормы (146%), но спад начался на 23 дней раньше обычного","AOI-0029, сезон 2025: умеренная аномалия с 2025-07-05 по 2025-09-25 (83 дней, 27 наблюдений), фаза — созревание и уборка. NDVI в худший день 2025-08-03: 0.12 при норме 0.37 (Z = -1.4). Вероятная причина — ранний спад вегетации (уборка, полегание, болезнь) (уверенность 60%). Аргументы: соседние поля региона в эти дни чуть ниже нормы (медианный Z -0.5); пик на уровне нормы (146%), но спад начался на 23 дней раньше обычного. Норма: среднее по культуре (истории полигона нет)."
AOI-0030,2010,2010-04-13,2010-05-22,40,4,-2.7243059452001677,-1.9813322684538772,18,-0.17621686879118542,-0.12872843398981976,2010-05-10,0.5915843866857198,0.7191903019421714,весна (всходы и рост),пик вегетации,103,142,критическая,early_decline,0.6,история полигона,ERA5 полигона,0,-0.6019723626418758,0.3157894736842105,"{""available"": true, ""before"": {""precip_mm"": 10.537945219084577, ""temp_c"": 8.986617660522475, ""dry_days"": 8, ""hot_days"": 0, ""max_dry_spell"": 4, ""n_days"": 12}, ""during"": {""precip_mm"": 96.51788789039983, ""temp_c"": 14.866072479883854, ""dry_days"": 26, ""hot_days"": 0, ""max_dry_spell"": 16, ""n_days"": 40, ""precip_deficit_pct"": -35.720721801900915, ""temp_anomaly_c"": -0.032969185511266375, ""precip_norm_mm"": 71.1150711615564, ""temp_norm_c"": 14.89904166539512, ""norm_years"": 15}, ""combined"": {""precip_mm"": 107.05583310948441, ""temp_c"": 13.509275213877382, ""dry_days"": 34, ""hot_days"": 0, ""max_dry_spell"": 16, ""n_days"": 52}, ""source"": ""ERA5 полигона""}","соседние поля региона в эти дни чуть ниже нормы (медианный Z -0.6) | пик на уровне нормы (99%), но спад начался на 37 дней раньше обычного","AOI-0030, сезон 2010: критическая аномалия с 2010-04-13 по 2010-05-22 (40 дней, 4 наблюдений), фаза — весна (всходы и рост). NDVI в худший день 2010-05-10: 0.59 при норме 0.72 (Z = -2.7). Вероятная причина — ранний спад вегетации (уборка, полегание, болезнь) (уверенность 60%). Аргументы: соседние поля региона в эти дни чуть ниже нормы (медианный Z -0.6); пик на уровне нормы (99%), но спад начался на 37 дней раньше обычного. Норма: история полигона."
AOI-0030,2010,2010-06-08,2010-07-09,32,2,-2.107174590654868,-1.652888517294681,6,-0.08511786725106929,-0.06743163130364369,2010-06-24,0.645792734342674,0.7305220200351953,пик вегетации,созревание и уборка,159,190,критическая,early_decline,0.6,история полигона,ERA5 полигона,0,-0.07419252010236307,0.15789473684210525,"{""available"": true, ""before"": {""precip_mm"": 105.55068623202857, ""temp_c"": 19.216368887159586, ""dry_days"": 15, ""hot_days"": 0, ""max_dry_spell"": 8, ""n_days"": 30, ""precip_deficit_pct"": -67.0050942573069, ""temp_anomaly_c"": 0.38316093868679957, ""precip_norm_mm"": 63.20207578183529, ""temp_norm_c"": 18.833207948472786, ""norm_years"": 15}, ""during"": {""precip_mm"": 34.4351137063299, ""temp_c"": 25.07350009282432, ""dry_days"": 24, ""hot_days"": 5, ""max_dry_spell"": 14, ""n_days"": 32, ""precip_deficit_pct"": 24.681426427879337, ""temp_anomaly_c"": 1.1312176360024324, ""precip_norm_mm"": 45.719285527037826, ""temp_norm_c"": 23.94228245682189, ""norm_years"": 15}, ""combined"": {""precip_mm"": 139.98579993835847, ""temp_c"": 22.23940434814783, ""dry_days"": 39, ""hot_days"": 5, ""max_dry_spell"": 22, ""n_days"": 62, ""precip_deficit_pct"": -28.520060946901495, ""temp_anomaly_c"": 0.7692547179464704, ""precip_norm_mm"": 108.92136130887307, ""temp_norm_c"": 21.47014963020136, ""norm_years"": 15}, ""source"": ""ERA5 полигона""}","сухая серия 22 дней подряд | другие поля региона в эти дни в норме (медианный Z -0.1, ниже нормы 16% из 57) — причина локальная, на самом поле | пик на уровне нормы (99%), но спад начался на 37 дней раньше обычного","AOI-0030, сезон 2010: критическая аномалия с 2010-06-08 по 2010-07-09 (32 дней, 2 наблюдений), фаза — пик вегетации. NDVI в худший день 2010-06-24: 0.65 при норме 0.73 (Z = -2.1). Вероятная причина — ранний спад вегетации (уборка, полегание, болезнь) (уверенность 60%). Аргументы: сухая серия 22 дней подряд; другие поля региона в эти дни в норме (медианный Z -0.1, ниже нормы 16% из 57) — причина локальная, на самом поле; пик на уровне нормы (99%), но спад начался на 37 дней раньше обычного. Норма: история полигона."
AOI-0030,2011,2011-04-04,2011-05-13,40,5,-2.493234849628583,-1.9270711364156958,20,-0.2196557482591126,-0.1408368974609424,2011-04-23,0.31886070505770203,0.5385164533168146,весна (всходы и рост),весна (всходы и рост),94,133,критическая,weak_season,0.4,история полигона,ERA5 полигона,0,-0.4787780756806388,0.2631578947368421,"{""available"": true, ""before"": {""precip_mm"": 1.3955499407529715, ""temp_c"": 6.182569970024967, ""dry_days"": 2, ""hot_days"": 0, ""max_dry_spell"": 2, ""n_days"": 30}, ""during"": {""precip_mm"": 73.07938234090727, ""temp_c"": 10.698354848225934, ""dry_days"": 19, ""hot_days"": 0, ""max_dry_spell"": 8, ""n_days"": 40, ""precip_deficit_pct"": -10.63075166948948, ""temp_anomaly_c"": -2.5623892593383797, ""precip_norm_mm"": 66.05702414391315, ""temp_norm_c"": 13.260744107564314, ""norm_years"": 15}, ""combined"": {""precip_mm"": 74.47493228166024, ""temp_c"": 10.383300089281681, ""dry_days"": 21, ""hot_days"": 0, ""max_dry_spell"": 8, ""n_days"": 70}, ""source"": ""ERA5 полигона""}",соседние поля региона в эти дни чуть ниже нормы (медианный Z -0.5) | погодного сигнала нет; вероятны агротехнические причины,"AOI-0030, сезон 2011: критическая аномалия с 2011-04-04 по 2011-05-13 (40 дней, 5 наблюдений), фаза — весна (всходы и рост). NDVI в худший день 2011-04-23: 0.32 при норме 0.54 (Z = -2.5). Вероятная причина — ослабленный сезон без явной погодной причины (уверенность 40%). Аргументы: соседние поля региона в эти дни чуть ниже нормы (медианный Z -0.5); погодного сигнала нет; вероятны агротехнические причины. Норма: история полигона."
AOI-0030,2011,2011-07-11,2011-08-02,23,4,-2.0196142326455453,-1.6589965898526244,3,-0.09297385291828564,-0.07657072764248887,2011-07-22,0.5968392793825331,0.6837124828205522,созревание и уборка,созревание и уборка,192,214,умеренная,weak_season,0.45,история полигона,ERA5 полигона,0,-0.09010316705188907,0.05263157894736842,"{""available"": true, ""before"": {""precip_mm"": 103.37010126179891, ""temp_c"": 22.622219361199303, ""dry_days"": 15, ""hot_days"": 0, ""max_dry_spell"": 6, ""n_days"": 30, ""precip_deficit_pct"": -165.00487203759792, ""temp_anomaly_c"": -1.6954409549854361, ""precip_norm_mm"": 39.00686823868398, ""temp_norm_c"": 24.31766031618474, ""norm_years"": 15}, ""during"": {""precip_mm"": 9.385172441092493, ""temp_c"": 28.31980606300246, ""dry_days"": 21, ""hot_days"": 16, ""max_dry_spell"": 12, ""n_days"": 23, ""precip_deficit_pct"": 59.46467061482574, ""temp_anomaly_c"": 2.366241191550735, ""precip_norm_mm"": 23.153068159167614, ""temp_norm_c"": 25.953564871451725, ""norm_years"": 15}, ""combined"": {""precip_mm"": 112.7552737028914, ""temp_c"": 25.09475698651011, ""dry_days"": 36, ""hot_days"": 16, ""max_dry_spell"": 12, ""n_days"": 53, ""precip_deficit_pct"": -81.39541356864797, ""temp_anomaly_c"": 0.0671758255868653, ""precip_norm_mm"": 62.159936397851574, ""temp_norm_c"": 25.027581160923244, ""norm_years"": 15}, ""source"": ""ERA5 полигона""}","другие поля региона в эти дни в норме (медианный Z -0.1, ниже нормы 5% из 57) — причина локальная, на самом поле | погодного сигнала нет; вероятны агротехнические причины","AOI-0030, сезон 2011: умеренная аномалия с 2011-07-11 по 2011-08-02 (23 дней, 4 наблюдений), фаза — созревание и уборка. NDVI в худший день 2011-07-22: 0.60 при норме 0.68 (Z = -2.0). Вероятная причина — ослабленный сезон без явной погодной причины (уверенность 45%). Аргументы: другие поля региона в эти дни в норме (медианный Z -0.1, ниже нормы 5% из 57) — причина локальная, на самом поле; погодного сигнала нет; вероятны агротехнические причины. Норма: история полигона."
AOI-0030,2012,2012-07-27,2012-09-30,66,8,-2.3724130690886005,-1.6390918975531392,11,-0.158414716341013,-0.09429591577704469,2012-08-09,0.49114972640323473,0.648015031160931,созревание и уборка,осень (озимые всходы),209,274,критическая,weak_season,0.4,история полигона,ERA5 полигона,0,-0.31560953809242726,0.14035087719298245,"{""available"": true, ""before"": {""precip_mm"": 31.914013320399448, ""temp_c"": 24.971985181172716, ""dry_days"": 21, ""hot_days"": 8, ""max_dry_spell"": 13, ""n_days"": 30, ""precip_deficit_pct"": 14.635482947744382, ""temp_anomaly_c"": -0.39281942720765883, ""precip_norm_mm"": 37.38557239287535, ""temp_norm_c"": 25.364804608380375, ""norm_years"": 15}, ""during"": {""precip_mm"": 36.44311406187839, ""temp_c"": 22.78329785086894, ""dry_days"": 57, ""hot_days"": 14, ""max_dry_spell"": 23, ""n_days"": 66, ""precip_deficit_pct"": 23.547423063728324, ""temp_anomaly_c"": 0.04110791370122158, ""precip_norm_mm"": 47.66760719165314, ""temp_norm_c"": 22.74218993716772, ""norm_years"": 15}, ""combined"": {""precip_mm"": 68.35712738227784, ""temp_c"": 23.46726264158887, ""dry_days"": 78, ""hot_days"": 22, ""max_dry_spell"": 28, ""n_days"": 96, ""precip_deficit_pct"": 19.63013291661553, ""temp_anomaly_c"": -0.09449438033280444, ""precip_norm_mm"": 85.05317958452848, ""temp_norm_c"": 23.561757021921675, ""norm_years"": 15}, ""source"": ""ERA5 полигона""}",сухая серия 28 дней подряд | соседние поля региона в эти дни чуть ниже нормы (медианный Z -0.3) | погодного сигнала нет; вероятны агротехнические причины,"AOI-0030, сезон 2012: критическая аномалия с 2012-07-27 по 2012-09-30 (66 дней, 8 наблюдений), фаза — созревание и уборка. NDVI в худший день 2012-08-09: 0.49 при норме 0.65 (Z = -2.4). Вероятная причина — ослабленный сезон без явной погодной причины (уверенность 40%). Аргументы: сухая серия 28 дней подряд; соседние поля региона в эти дни чуть ниже нормы (медианный Z -0.3); погодного сигнала нет; вероятны агротехнические причины. Норма: история полигона."
AOI-0030,2014,2014-06-14,2014-07-22,39,3,-1.7242052015115361,-1.3697854267619183,0,-0.06896820806046144,-0.05684083125439518,2014-07-07,0.6371180376782504,0.7060862457387118,пик вегетации,созревание и уборка,165,203,умеренная,weak_season,0.4,история полигона,ERA5 полигона,0,-0.6068472523499979,0.24561403508771928,"{""available"": true, ""before"": {""precip_mm"": 57.04903696899777, ""temp_c"": 22.634839185078963, ""dry_days"": 20, ""hot_days"": 0, ""max_dry_spell"": 7, ""n_days"": 30, ""precip_deficit_pct"": 2.871649591003944, ""temp_anomaly_c"": 2.4979165536386034, ""precip_norm_mm"": 58.73572106266707, ""temp_norm_c"": 20.13692263144036, ""norm_years"": 15}, ""during"": {""precip_mm"": 63.11632948403201, ""temp_c"": 23.514612647814655, ""dry_days"": 26, ""hot_days"": 4, ""max_dry_spell"": 10, ""n_days"": 39, ""precip_deficit_pct"": -23.108494630813347, ""temp_anomaly_c"": -1.3485576662242877, ""precip_norm_mm"": 51.268866273858535, ""temp_norm_c"": 24.863170314038943, ""norm_years"": 15}, ""combined"": {""precip_mm"": 120.16536645302978, ""temp_c"": 23.132102446625222, ""dry_days"": 46, ""hot_days"": 4, ""max_dry_spell"": 10, ""n_days"": 69, ""precip_deficit_pct"": -9.23668672600022, ""temp_anomaly_c"": 0.323822429368267, ""precip_norm_mm"": 110.00458733652559, ""temp_norm_c"": 22.808280017256955, ""norm_years"": 15}, ""source"": ""ERA5 полигона""}",соседние поля региона в эти дни чуть ниже нормы (медианный Z -0.6) | погодного сигнала нет; вероятны агротехнические причины,"AOI-0030, сезон 2014: умеренная аномалия с 2014-06-14 по 2014-07-22 (39 дней, 3 наблюдений), фаза — пик вегетации. NDVI в худший день 2014-07-07: 0.64 при норме 0.71 (Z = -1.7). Вероятная причина — ослабленный сезон без явной погодной причины (уверенность 40%). Аргументы: соседние поля региона в эти дни чуть ниже нормы (медианный Z -0.6); погодного сигнала нет; вероятны агротехнические причины. Норма: история полигона."
AOI-0030,2014,2014-07-31,2014-10-24,86,12,-2.816380976088279,-1.4234290917810073,14,-0.23486675671077767,-0.08178837780656817,2014-10-22,0.23794191269512704,0.43203445369324395,созревание и уборка,осень (озимые всходы),212,297,критическая,weak_season,0.4,история полигона,ERA5 полигона,1,-0.691761286183308,0.14035087719298245,"{""available"": true, ""before"": {""precip_mm"": 44.418507433992005, ""temp_c"": 25.774307420518685, ""dry_days"": 23, ""hot_days"": 7, ""max_dry_spell"": 11, ""n_days"": 30, ""precip_deficit_pct"": -46.57040025876853, ""temp_anomaly_c"": 0.03052756274187729, ""precip_norm_mm"": 30.305237179929637, ""temp_norm_c"": 25.743779857776808, ""norm_years"": 15}, ""during"": {""precip_mm"": 83.10172774699609, ""temp_c"": 19.315417440547524, ""dry_days"": 72, ""hot_days"": 18, ""max_dry_spell"": 20, ""n_days"": 86, ""precip_deficit_pct"": -9.12323663764849, ""temp_anomaly_c"": -0.289421489134007, ""precip_norm_mm"": 76.15401660321103, ""temp_norm_c"": 19.60483892968153, ""norm_years"": 15}, ""combined"": {""precip_mm"": 127.5202351809881, ""temp_c"": 20.985820021574554, ""dry_days"": 95, ""hot_days"": 25, ""max_dry_spell"": 23, ""n_days"": 116, ""precip_deficit_pct"": -19.783138289461455, ""temp_anomaly_c"": -0.20667604468334488, ""precip_norm_mm"": 106.45925378314065, ""temp_norm_c"": 21.1924960662579, ""norm_years"": 15}, ""source"": ""ERA5 полигона""}",сухая серия 23 дней подряд | соседние поля региона в эти дни чуть ниже нормы (медианный Z -0.7) | погодного сигнала нет; вероятны агротехнические причины,"AOI-0030, сезон 2014: критическая аномалия с 2014-07-31 по 2014-10-24 (86 дней, 12 наблюдений), фаза — созревание и уборка. NDVI в худший день 2014-10-22: 0.24 при норме 0.43 (Z = -2.8). Вероятная причина — ослабленный сезон без явной погодной причины (уверенность 40%). Аргументы: сухая серия 23 дней подряд; соседние поля региона в эти дни чуть ниже нормы (медианный Z -0.7); погодного сигнала нет; вероятны агротехнические причины. Норма: история полигона."
AOI-0030,2015,2015-09-23,2015-10-16,24,3,-1.6528817543530723,-1.4120380189461954,0,-0.07669999633247343,-0.06663431340025373,2015-10-05,0.4239085875986887,0.5006085839311621,осень (озимые всходы),осень (озимые всходы),266,289,умеренная,weather_drought,0.75,история полигона,ERA5 полигона,0,-0.5468157645633266,0.22807017543859648,"{""available"": true, ""before"": {""precip_mm"": 3.9634281764406856, ""temp_c"": 22.42111305660673, ""dry_days"": 29, ""hot_days"": 4, ""max_dry_spell"": 20, ""n_days"": 30, ""precip_deficit_pct"": 82.44955654028688, ""temp_anomaly_c"": 1.3535410238195205, ""precip_norm_mm"": 22.583065695967736, ""temp_norm_c"": 21.067572032787208, ""norm_years"": 15}, ""during"": {""precip_mm"": 11.962974087904144, ""temp_c"": 14.462482362323358, ""dry_days"": 21, ""hot_days"": 0, ""max_dry_spell"": 14, ""n_days"": 24, ""precip_deficit_pct"": 59.303573126876486, ""temp_anomaly_c"": 0.4971887058681901, ""precip_norm_mm"": 29.39563742340402, ""temp_norm_c"": 13.965293656455168, ""norm_years"": 15}, ""combined"": {""precip_mm"": 15.92640226434483, ""temp_c"": 18.883943859147458, ""dry_days"": 50, ""hot_days"": 4, ""max_dry_spell"": 23, ""n_days"": 54, ""precip_deficit_pct"": 69.35975445988132, ""temp_anomaly_c"": 0.9729399936189331, ""precip_norm_mm"": 51.978703119371744, ""temp_norm_c"": 17.911003865528524, ""norm_years"": 15}, ""source"": ""ERA5 полигона""}","за 30 дней до и во время эпизода осадков 16 мм при норме 52 мм (дефицит 69 %) | сухая серия 23 дней подряд | за 30 дней до эпизода: осадков 4 мм при норме 23 мм | во время эпизода: осадков 12 мм при норме 29 мм | соседние поля региона в эти дни чуть ниже нормы (медианный Z -0.5) | пик на уровне нормы (101%), но спад начался на 15 дней раньше обычного","AOI-0030, сезон 2015: умеренная аномалия с 2015-09-23 по 2015-10-16 (24 дней, 3 наблюдений), фаза — осень (озимые всходы). NDVI в худший день 2015-10-05: 0.42 при норме 0.50 (Z = -1.7). Вероятная причина — погодный стресс: дефицит осадков и/или жара (уверенность 75%). Аргументы: за 30 дней до и во время эпизода осадков 16 мм при норме 52 мм (дефицит 69 %); сухая серия 23 дней подряд; за 30 дней до эпизода: осадков 4 мм при норме 23 мм; во время эпизода: осадков 12 мм при норме 29 мм; соседние поля региона в эти дни чуть ниже нормы (медианный Z -0.5); пик на уровне нормы (101%), но спад начался на 15 дней раньше обычного. Норма: история полигона."
AOI-0030,2018,2018-06-19,2018-07-26,38,6,-2.169591724041303,-1.7482761695770246,13,-0.08678366896165213,-0.0728545579562956,2018-07-09,0.6162920909003324,0.7030757598619846,пик вегетации,созревание и уборка,170,207,критическая,weak_season,0.4,история полигона,ERA5 полигона,0,-0.6612264329254632,0.2631578947368421,"{""available"": true, ""before"": {""precip_mm"": 18.400560779312514, ""temp_c"": 21.018310334947394, ""dry_days"": 28, ""hot_days"": 1, ""max_dry_spell"": 28, ""n_days"": 30, ""precip_deficit_pct"": 67.11767304187947, ""temp_anomaly_c"": -0.18739104376899718, ""precip_norm_mm"": 55.95881581844183, ""temp_norm_c"": 21.20570137871639, ""norm_years"": 15}, ""during"": {""precip_mm"": 47.47744723372449, ""temp_c"": 26.664852714538597, ""dry_days"": 30, ""hot_days"": 15, ""max_dry_spell"": 14, ""n_days"": 38, ""precip_deficit_pct"": 2.0386722668474855, ""temp_anomaly_c"": 1.7245577137372656, ""precip_norm_mm"": 48.46549993999005, ""temp_norm_c"": 24.94029500080133, ""norm_years"": 15}, ""combined"": {""precip_mm"": 65.878008013037, ""temp_c"": 24.17373107648366, ""dry_days"": 58, ""hot_days"": 16, ""max_dry_spell"": 39, ""n_days"": 68, ""precip_deficit_pct"": 36.913153287559275, ""temp_anomaly_c"": 0.8810509089550962, ""precip_norm_mm"": 104.42431575843187, ""temp_norm_c"": 23.292680167528562, ""norm_years"": 15}, ""source"": ""ERA5 полигона""}",сухая серия 39 дней подряд | соседние поля региона в эти дни чуть ниже нормы (медианный Z -0.7) | погодного сигнала нет; вероятны агротехнические причины,"AOI-0030, сезон 2018: критическая аномалия с 2018-06-19 по 2018-07-26 (38 дней, 6 наблюдений), фаза — пик вегетации. NDVI в худший день 2018-07-09: 0.62 при норме 0.70 (Z = -2.2). Вероятная причина — ослабленный сезон без явной погодной причины (уверенность 40%). Аргументы: сухая серия 39 дней подряд; соседние поля региона в эти дни чуть ниже нормы (медианный Z -0.7); погодного сигнала нет; вероятны агротехнические причины. Норма: история полигона."
AOI-0030,2019,2019-06-20,2019-07-07,18,5,-2.0832215174636315,-1.657054477796317,5,-0.08819125059548139,-0.06860989573451029,2019-06-27,0.6358902269403083,0.7240814775357897,пик вегетации,созревание и уборка,171,188,критическая,weather_drought,0.75,история полигона,ERA5 полигона,1,-0.6202554949011101,0.2807017543859649,"{""available"": true, ""before"": {""precip_mm"": 34.10972250781796, ""temp_c"": 23.954364225599527, ""dry_days"": 26, ""hot_days"": 6, ""max_dry_spell"": 24, ""n_days"": 30, ""precip_deficit_pct"": 36.84808322598747, ""temp_anomaly_c"": 2.7415799995704937, ""precip_norm_mm"": 54.012172947780364, ""temp_norm_c"": 21.212784226029033, ""norm_years"": 15}, ""during"": {""precip_mm"": 10.635449821126741, ""temp_c"": 25.494682354397266, ""dry_days"": 16, ""hot_days"": 6, ""max_dry_spell"": 9, ""n_days"": 18, ""precip_deficit_pct"": 61.24795116538684, ""temp_anomaly_c"": 1.2013949241167268, ""precip_norm_mm"": 27.444871022218585, ""temp_norm_c"": 24.29328743028054, ""norm_years"": 15}, ""combined"": {""precip_mm"": 44.745172328944705, ""temp_c"": 24.531983523898678, ""dry_days"": 42, ""hot_days"": 12, ""max_dry_spell"": 28, ""n_days"": 48, ""precip_deficit_pct"": 45.0689956961554, ""temp_anomaly_c"": 2.164010596275329, ""precip_norm_mm"": 81.45704396999894, ""temp_norm_c"": 22.36797292762335, ""norm_years"": 15}, ""source"": ""ERA5 полигона""}","за 30 дней до и во время эпизода осадков 45 мм при норме 81 мм (дефицит 45 %) | температура выше нормы на 2.2 °C (24.5 против 22.4 °C), жарких дней 12 | сухая серия 28 дней подряд | во время эпизода: осадков 11 мм при норме 27 мм | соседние поля региона в эти дни чуть ниже нормы (медианный Z -0.6) | пик на уровне нормы (105%), но спад начался на 16 дней раньше обычного","AOI-0030, сезон 2019: критическая аномалия с 2019-06-20 по 2019-07-07 (18 дней, 5 наблюдений), фаза — пик вегетации. NDVI в худший день 2019-06-27: 0.64 при норме 0.72 (Z = -2.1). Вероятная причина — погодный стресс: дефицит осадков и/или жара (уверенность 75%). Аргументы: за 30 дней до и во время эпизода осадков 45 мм при норме 81 мм (дефицит 45 %); температура выше нормы на 2.2 °C (24.5 против 22.4 °C), жарких дней 12; сухая серия 28 дней подряд; во время эпизода: осадков 11 мм при норме 27 мм; соседние поля региона в эти дни чуть ниже нормы (медианный Z -0.6); пик на уровне нормы (105%), но спад начался на 16 дней раньше обычного. Норма: история полигона."
AOI-0030,2020,2020-04-20,2020-05-24,35,10,-1.7806883901108643,-1.47425129057134,0,-0.13301471261583758,-0.09340961781852346,2020-05-09,0.6247850410114213,0.7169769249871245,весна (всходы и рост),пик вегетации,111,145,умеренная,early_decline,0.6,история полигона,ERA5 полигона,0,-0.22485794797333827,0.2982456140350877,"{""available"": true, ""before"": {""precip_mm"": 5.319612790156469, ""temp_c"": 8.462478490461407, ""dry_days"": 17, ""hot_days"": 0, ""max_dry_spell"": 10, ""n_days"": 30}, ""during"": {""precip_mm"": 61.57905181225232, ""temp_c"": 14.212991569155756, ""dry_days"": 22, ""hot_days"": 0, ""max_dry_spell"": 12, ""n_days"": 35, ""precip_deficit_pct"": 5.530604441375331, ""temp_anomaly_c"": -1.6629192085871676, ""precip_norm_mm"": 65.18412809578986, ""temp_norm_c"": 15.875910777742924, ""norm_years"": 15}, ""combined"": {""precip_mm"": 66.89866460240879, ""temp_c"": 12.189662893318857, ""dry_days"": 39, ""hot_days"": 0, ""max_dry_spell"": 12, ""n_days"": 65, ""precip_deficit_pct"": 32.02547804338687, ""temp_anomaly_c"": -1.82373950628587, ""precip_norm_mm"": 98.41726381703567, ""temp_norm_c"": 14.013402399604727, ""norm_years"": 15}, ""source"": ""ERA5 полигона""}","другие поля региона в эти дни в норме (медианный Z -0.2, ниже нормы 30% из 57) — причина локальная, на самом поле | пик на уровне нормы (98%), но спад начался на 46 дней раньше обычного","AOI-0030, сезон 2020: умеренная аномалия с 2020-04-20 по 2020-05-24 (35 дней, 10 наблюдений), фаза — весна (всходы и рост). NDVI в худший день 2020-05-09: 0.62 при норме 0.72 (Z = -1.8). Вероятная причина — ранний спад вегетации (уборка, полегание, болезнь) (уверенность 60%). Аргументы: другие поля региона в эти дни в норме (медианный Z -0.2, ниже нормы 30% из 57) — причина локальная, на самом поле; пик на уровне нормы (98%), но спад начался на 46 дней раньше обычного. Норма: история полигона."
AOI-0030,2020,2020-07-30,2020-08-19,21,5,-1.4756612581648405,-1.3162678951130498,0,-0.1096427690251186,-0.09262795514682795,2020-08-11,0.530879642639604,0.63998970900082,созревание и уборка,лето после уборки,212,232,умеренная,early_decline,0.6,история полигона,ERA5 полигона,3,-0.7410350236522153,0.2807017543859649,"{""available"": true, ""before"": {""precip_mm"": 23.947973623702268, ""temp_c"": 26.470984649658227, ""dry_days"": 21, ""hot_days"": 13, ""max_dry_spell"": 7, ""n_days"": 30, ""precip_deficit_pct"": 29.254231620145678, ""temp_anomaly_c"": 0.9011755328708198, ""precip_norm_mm"": 33.850750613264566, ""temp_norm_c"": 25.569809116787408, ""norm_years"": 15}, ""during"": {""precip_mm"": 15.5688892380077, ""temp_c"": 24.21098216828848, ""dry_days"": 20, ""hot_days"": 6, ""max_dry_spell"": 18, ""n_days"": 21, ""precip_deficit_pct"": -31.613962235127445, ""temp_anomaly_c"": -2.4996665934406295, ""precip_norm_mm"": 11.82920791503411, ""temp_norm_c"": 26.71064876172911, ""norm_years"": 15}, ""combined"": {""precip_mm"": 39.51686286170997, ""temp_c"": 25.540395392623623, ""dry_days"": 41, ""hot_days"": 19, ""max_dry_spell"": 18, ""n_days"": 51, ""precip_deficit_pct"": 13.491902937632204, ""temp_anomaly_c"": -0.4991712250221312, ""precip_norm_mm"": 45.67995852829867, ""temp_norm_c"": 26.039566617645754, ""norm_years"": 15}, ""source"": ""ERA5 полигона""}","сухая серия 18 дней подряд | соседние поля региона в эти дни тоже ниже нормы (медианный Z -0.7, ниже нормы 28% из 57 полей) — явление региональное | пик на уровне нормы (98%), но спад начался на 46 дней раньше обычного","AOI-0030, сезон 2020: умеренная аномалия с 2020-07-30 по 2020-08-19 (21 дней, 5 наблюдений), фаза — созревание и уборка. NDVI в худший день 2020-08-11: 0.53 при норме 0.64 (Z = -1.5). Вероятная причина — ранний спад вегетации (уборка, полегание, болезнь) (уверенность 60%). Аргументы: сухая серия 18 дней подряд; соседние поля региона в эти дни тоже ниже нормы (медианный Z -0.7, ниже нормы 28% из 57 полей) — явление региональное; пик на уровне нормы (98%), но спад начался на 46 дней раньше обычного. Норма: история полигона."
AOI-0030,2021,2021-04-02,2021-04-23,22,4,-2.0343569653582367,-1.5261102024592739,2,-0.11588316003915589,-0.11068984027349617,2021-04-09,0.27751781406194753,0.39075164192667794,весна (всходы и рост),весна (всходы и рост),92,113,умеренная,early_decline,0.6,история полигона,ERA5 полигона,0,-0.8867825872942433,0.38596491228070173,"{""available"": true, ""before"": {""precip_mm"": 0.0017010105466397, ""temp_c"": 8.1749257405599, ""dry_days"": 1, ""hot_days"": 0, ""max_dry_spell"": 1, ""n_days"": 30}, ""during"": {""precip_mm"": 91.5857552261059, ""temp_c"": 9.887936586322224, ""dry_days"": 6, ""hot_days"": 0, ""max_dry_spell"": 1, ""n_days"": 22, ""precip_deficit_pct"": -147.3587581867033, ""temp_anomaly_c"": -0.8243110136552367, ""precip_norm_mm"": 37.02547502157903, ""temp_norm_c"": 10.712247599977461, ""norm_years"": 15}, ""combined"": {""precip_mm"": 91.58745623665254, ""temp_c"": 9.813457853897775, ""dry_days"": 7, ""hot_days"": 0, ""max_dry_spell"": 2, ""n_days"": 52}, ""source"": ""ERA5 полигона""}","соседние поля региона в эти дни тоже ниже нормы (медианный Z -0.9, ниже нормы 39% из 57 полей) — явление региональное | пик на уровне нормы (100%), но спад начался на 29 дней раньше обычного","AOI-0030, сезон 2021: умеренная аномалия с 2021-04-02 по 2021-04-23 (22 дней, 4 наблюдений), фаза — весна (всходы и рост). NDVI в худший день 2021-04-09: 0.28 при норме 0.39 (Z = -2.0). Вероятная причина — ранний спад вегетации (уборка, полегание, болезнь) (уверенность 60%). Аргументы: соседние поля региона в эти дни тоже ниже нормы (медианный Z -0.9, ниже нормы 39% из 57 полей) — явление региональное; пик на уровне нормы (100%), но спад начался на 29 дней раньше обычного. Норма: история полигона."
AOI-0030,2021,2021-08-16,2021-08-31,16,3,-2.0049514831563613,-1.655279062770175,1,-0.12353251870576393,-0.10160729500832798,2021-08-24,0.4959667181086931,0.6150520876943097,лето после уборки,лето после уборки,228,243,умеренная,early_decline,0.6,история полигона,ERA5 полигона,2,0.38899322637351536,0.03508771929824561,"{""available"": true, ""before"": {""precip_mm"": 55.32529019965082, ""temp_c"": 26.963607745700436, ""dry_days"": 22, ""hot_days"": 13, ""max_dry_spell"": 15, ""n_days"": 30, ""precip_deficit_pct"": -154.6824266816757, ""temp_anomaly_c"": 0.5087877344202099, ""precip_norm_mm"": 21.723246052151527, ""temp_norm_c"": 26.454820011280226, ""norm_years"": 15}, ""during"": {""precip_mm"": 13.980227647945043, ""temp_c"": 24.832746005058304, ""dry_days"": 12, ""hot_days"": 2, ""max_dry_spell"": 7, ""n_days"": 16, ""precip_deficit_pct"": -44.41213113540323, ""temp_anomaly_c"": 0.18248333666059224, ""precip_norm_mm"": 9.68078480528547, ""temp_norm_c"": 24.650262668397712, ""norm_years"": 15}, ""combined"": {""precip_mm"": 69.30551784759587, ""temp_c"": 26.222438444607523, ""dry_days"": 34, ""hot_days"": 15, ""max_dry_spell"": 15, ""n_days"": 46, ""precip_deficit_pct"": -120.68987946871528, ""temp_anomaly_c"": 0.3952905525907795, ""precip_norm_mm"": 31.404030857436997, ""temp_norm_c"": 25.827147892016743, ""norm_years"": 15}, ""source"": ""ERA5 полигона""}","сухая серия 15 дней подряд | другие поля региона в эти дни в норме (медианный Z 0.4, ниже нормы 4% из 57) — причина локальная, на самом поле | пик на уровне нормы (100%), но спад начался на 29 дней раньше обычного","AOI-0030, сезон 2021: умеренная аномалия с 2021-08-16 по 2021-08-31 (16 дней, 3 наблюдений), фаза — лето после уборки. NDVI в худший день 2021-08-24: 0.50 при норме 0.62 (Z = -2.0). Вероятная причина — ранний спад вегетации (уборка, полегание, болезнь) (уверенность 60%). Аргументы: сухая серия 15 дней подряд; другие поля региона в эти дни в норме (медианный Z 0.4, ниже нормы 4% из 57) — причина локальная, на самом поле; пик на уровне нормы (100%), но спад начался на 29 дней раньше обычного. Норма: история полигона."
AOI-0030,2022,2022-04-01,2022-04-08,8,3,-3.151132751757864,-2.2466305149364207,5,-0.2782968064015051,-0.15802243100605473,2022-04-01,0.08049002150980597,0.35878682791131106,весна (всходы и рост),весна (всходы и рост),91,98,критическая,weak_season,0.45,история полигона,ERA5 полигона,0,0.18243103051875026,0.10909090909090909,"{""available"": true, ""during"": {""precip_mm"": 8.965061491171156, ""temp_c"": 11.00675814946495, ""dry_days"": 5, ""hot_days"": 0, ""max_dry_spell"": 3, ""n_days"": 8, ""precip_deficit_pct"": 32.07609233600826, ""temp_anomaly_c"": 1.7411232948303272, ""precip_norm_mm"": 13.198683349491347, ""temp_norm_c"": 9.265634854634623, ""norm_years"": 15}, ""combined"": {""precip_mm"": 8.965061491171156, ""temp_c"": 11.00675814946495, ""dry_days"": 5, ""hot_days"": 0, ""max_dry_spell"": 3, ""n_days"": 38}, ""source"": ""ERA5 полигона""}","другие поля региона в эти дни в норме (медианный Z 0.2, ниже нормы 11% из 55) — причина локальная, на самом поле | погодного сигнала нет; вероятны агротехнические причины","AOI-0030, сезон 2022: критическая аномалия с 2022-04-01 по 2022-04-08 (8 дней, 3 наблюдений), фаза — весна (всходы и рост). NDVI в худший день 2022-04-01: 0.08 при норме 0.36 (Z = -3.2). Вероятная причина — ослабленный сезон без явной погодной причины (уверенность 45%). Аргументы: другие поля региона в эти дни в норме (медианный Z 0.2, ниже нормы 11% из 55) — причина локальная, на самом поле; погодного сигнала нет; вероятны агротехнические причины. Норма: история полигона."
AOI-0030,2022,2022-09-07,2022-09-19,13,3,-1.6690888013255656,-1.4035121814469373,0,-0.09114167260229722,-0.07668605014961552,2022-09-12,0.4906569767385419,0.5817986493408391,лето после уборки,осень (озимые всходы),250,262,умеренная,weak_season,0.45,история полигона,ERA5 полигона,0,-0.12441006926686501,0.07017543859649122,"{""available"": true, ""before"": {""precip_mm"": 10.827117081269932, ""temp_c"": 25.91283219655357, ""dry_days"": 26, ""hot_days"": 14, ""max_dry_spell"": 17, ""n_days"": 30, ""precip_deficit_pct"": 43.786372333393544, ""temp_anomaly_c"": 1.2378345644915534, ""precip_norm_mm"": 19.26066245979309, ""temp_norm_c"": 24.674997632062016, ""norm_years"": 15}, ""during"": {""precip_mm"": 34.7505742818619, ""temp_c"": 18.260244672726376, ""dry_days"": 8, ""hot_days"": 0, ""max_dry_spell"": 5, ""n_days"": 13, ""precip_deficit_pct"": -305.5825152102735, ""temp_anomaly_c"": -1.2432859795725335, ""precip_norm_mm"": 8.568065184921872, ""temp_norm_c"": 19.50353065229891, ""norm_years"": 15}, ""combined"": {""precip_mm"": 45.577691363131834, ""temp_c"": 23.59925922423372, ""dry_days"": 34, ""hot_days"": 14, ""max_dry_spell"": 22, ""n_days"": 43, ""precip_deficit_pct"": -63.77928572594165, ""temp_anomaly_c"": 0.4877283534954344, ""precip_norm_mm"": 27.828727644714963, ""temp_norm_c"": 23.111530870738285, ""norm_years"": 15}, ""source"": ""ERA5 полигона""}","сухая серия 22 дней подряд | другие поля региона в эти дни в норме (медианный Z -0.1, ниже нормы 7% из 57) — причина локальная, на самом поле | погодного сигнала нет; вероятны агротехнические причины","AOI-0030, сезон 2022: умеренная аномалия с 2022-09-07 по 2022-09-19 (13 дней, 3 наблюдений), фаза — лето после уборки. NDVI в худший день 2022-09-12: 0.49 при норме 0.58 (Z = -1.7). Вероятная причина — ослабленный сезон без явной погодной причины (уверенность 45%). Аргументы: сухая серия 22 дней подряд; другие поля региона в эти дни в норме (медианный Z -0.1, ниже нормы 7% из 57) — причина локальная, на самом поле; погодного сигнала нет; вероятны агротехнические причины. Норма: история полигона."
AOI-0031,2010,2010-08-20,2010-10-15,57,7,-2.0711297903788997,-1.461103309729219,6,-0.09508055952497418,-0.06771943505763763,2010-09-26,0.09791563338781294,0.18076082500296892,лето после уборки,осень (озимые всходы),232,288,критическая,weather_drought,0.65,история полигона,ERA5 полигона,0,-0.5839186001442099,0.17543859649122806,"{""available"": true, ""before"": {""precip_mm"": 1.1860946651296436, ""temp_c"": 30.301383569505507, ""dry_days"": 30, ""hot_days"": 27, ""max_dry_spell"": 30, ""n_days"": 30, ""precip_deficit_pct"": 95.05234081518972, ""temp_anomaly_c"": 3.8742753466853443, ""precip_norm_mm"": 23.97284495203411, ""temp_norm_c"": 26.427108222820163, ""norm_years"": 15}, ""during"": {""precip_mm"": 57.55758730629168, ""temp_c"": 18.097651010926025, ""dry_days"": 46, ""hot_days"": 4, ""max_dry_spell"": 18, ""n_days"": 57, ""precip_deficit_pct"": -11.642488915600136, ""temp_anomaly_c"": 0.1296600397713341, ""precip_norm_mm"": 51.55527063697429, ""temp_norm_c"": 17.96799097115469, ""norm_years"": 15}, ""combined"": {""precip_mm"": 58.743681971421324, ""temp_c"": 22.305834651815502, ""dry_days"": 76, ""hot_days"": 31, ""max_dry_spell"": 48, ""n_days"": 87, ""precip_deficit_pct"": 22.222762327238186, ""temp_anomaly_c"": 1.4187111445007687, ""precip_norm_mm"": 75.5281155890084, ""temp_norm_c"": 20.887123507314733, ""norm_years"": 15}, ""source"": ""ERA5 полигона""}","температура выше нормы на 1.4 °C (22.3 против 20.9 °C), жарких дней 31 | сухая серия 48 дней подряд | за 30 дней до эпизода: осадков 1 мм при норме 24 мм | соседние поля региона в эти дни чуть ниже нормы (медианный Z -0.6)","AOI-0031, сезон 2010: критическая аномалия с 2010-08-20 по 2010-10-15 (57 дней, 7 наблюдений), фаза — лето после уборки. NDVI в худший день 2010-09-26: 0.10 при норме 0.18 (Z = -2.1). Вероятная причина — погодный стресс: дефицит осадков и/или жара (уверенность 65%). Аргументы: температура выше нормы на 1.4 °C (22.3 против 20.9 °C), жарких дней 31; сухая серия 48 дней подряд; за 30 дней до эпизода: осадков 1 мм при норме 24 мм; соседние поля региона в эти дни чуть ниже нормы (медианный Z -0.6). Норма: история полигона."
AOI-0031,2012,2012-04-17,2012-07-25,100,9,-2.098360366730904,-1.6163020593638309,13,-0.3829777331398407,-0.22298389887003156,2012-05-20,0.15026453622015212,0.524991278086522,весна (всходы и рост),созревание и уборка,108,207,критическая,unsown_or_changed,0.8,история полигона,ERA5 полигона,0,-0.2916097303183972,0.15789473684210525,"{""available"": true, ""before"": {""precip_mm"": 6.712805092178087, ""temp_c"": 12.082268551985445, ""dry_days"": 15, ""hot_days"": 0, ""max_dry_spell"": 14, ""n_days"": 30}, ""during"": {""precip_mm"": 127.93374556196824, ""temp_c"": 22.757521133422873, ""dry_days"": 77, ""hot_days"": 16, ""max_dry_spell"": 14, ""n_days"": 100, ""precip_deficit_pct"": -5.306442708790415, ""temp_anomaly_c"": 1.8170395603179905, ""precip_norm_mm"": 121.48710209094264, ""temp_norm_c"": 20.940481573104883, ""norm_years"": 15}, ""combined"": {""precip_mm"": 134.64655065414632, ""temp_c"": 21.28507250150047, ""dry_days"": 92, ""hot_days"": 16, ""max_dry_spell"": 14, ""n_days"": 130, ""precip_deficit_pct"": 3.167375534064254, ""temp_anomaly_c"": 1.9397964075035432, ""precip_norm_mm"": 139.05081205509714, ""temp_norm_c"": 19.345276093996926, ""norm_years"": 15}, ""source"": ""ERA5 полигона""}","температура выше нормы на 1.9 °C (21.3 против 19.3 °C), жарких дней 16 | другие поля региона в эти дни в норме (медианный Z -0.3, ниже нормы 16% из 57) — причина локальная, на самом поле | пик главного сезона всего 0.23 при норме 0.54: кривая плоская с весны — поле не засеяно, под паром или занято другой культурой","AOI-0031, сезон 2012: критическая аномалия с 2012-04-17 по 2012-07-25 (100 дней, 9 наблюдений), фаза — весна (всходы и рост). NDVI в худший день 2012-05-20: 0.15 при норме 0.52 (Z = -2.1). Вероятная причина — поле не засеяно, под паром или сменилась культура (уверенность 80%). Аргументы: температура выше нормы на 1.9 °C (21.3 против 19.3 °C), жарких дней 16; другие поля региона в эти дни в норме (медианный Z -0.3, ниже нормы 16% из 57) — причина локальная, на самом поле; пик главного сезона всего 0.23 при норме 0.54: кривая плоская с весны — поле не засеяно, под паром или занято другой культурой. Норма: история полигона."
AOI-0031,2012,2012-08-14,2012-09-11,29,3,-1.3914226922792434,-1.2464754193207548,0,-0.06766452454009901,-0.05738180668308301,2012-08-29,0.10907689504555435,0.16473380273672408,лето после уборки,лето после уборки,227,255,умеренная,weak_season,0.6,история полигона,ERA5 полигона,0,-0.18466721700803437,0.19298245614035087,"{""available"": true, ""before"": {""precip_mm"": 2.9295888233882286, ""temp_c"": 27.70756867726646, ""dry_days"": 30, ""hot_days"": 19, ""max_dry_spell"": 30, ""n_days"": 30, ""precip_deficit_pct"": 86.99763935409209, ""temp_anomaly_c"": 0.9008660521330611, ""precip_norm_mm"": 22.531207241280644, ""temp_norm_c"": 26.8067026251334, ""norm_years"": 15}, ""during"": {""precip_mm"": 27.041527857868175, ""temp_c"": 20.989677442353376, ""dry_days"": 24, ""hot_days"": 3, ""max_dry_spell"": 13, ""n_days"": 29, ""precip_deficit_pct"": -32.93939753496551, ""temp_anomaly_c"": -2.363383593233017, ""precip_norm_mm"": 20.34124447627029, ""temp_norm_c"": 23.353061035586393, ""norm_years"": 15}, ""combined"": {""precip_mm"": 29.9711166812564, ""temp_c"": 24.405554341461723, ""dry_days"": 54, ""hot_days"": 22, ""max_dry_spell"": 32, ""n_days"": 59, ""precip_deficit_pct"": 30.092365888683336, ""temp_anomaly_c"": -0.7042788148373766, ""precip_norm_mm"": 42.87245171755093, ""temp_norm_c"": 25.1098331562991, ""norm_years"": 15}, ""source"": ""ERA5 полигона""}","сухая серия 32 дней подряд | другие поля региона в эти дни в норме (медианный Z -0.2, ниже нормы 19% из 57) — причина локальная, на самом поле | пик сезона 43% от нормы без явного погодного сигнала","AOI-0031, сезон 2012: умеренная аномалия с 2012-08-14 по 2012-09-11 (29 дней, 3 наблюдений), фаза — лето после уборки. NDVI в худший день 2012-08-29: 0.11 при норме 0.16 (Z = -1.4). Вероятная причина — ослабленный сезон без явной погодной причины (уверенность 60%). Аргументы: сухая серия 32 дней подряд; другие поля региона в эти дни в норме (медианный Z -0.2, ниже нормы 19% из 57) — причина локальная, на самом поле; пик сезона 43% от нормы без явного погодного сигнала. Норма: история полигона."
AOI-0031,2015,2015-04-04,2015-05-08,35,5,-1.4645249285859663,-1.2715184561858557,0,-0.24346882218724147,-0.21363481909262758,2015-04-15,0.1576681176950547,0.3789775265009001,весна (всходы и рост),весна (всходы и рост),94,128,умеренная,late_start,0.6,история полигона,ERA5 полигона,0,-0.7212238377386604,0.2807017543859649,"{""available"": true, ""before"": {""precip_mm"": 8.442150599762499, ""temp_c"": 4.256036800808393, ""dry_days"": 0, ""hot_days"": 0, ""max_dry_spell"": 0, ""n_days"": 30}, ""during"": {""precip_mm"": 41.85431039055487, ""temp_c"": 11.176005318051311, ""dry_days"": 23, ""hot_days"": 0, ""max_dry_spell"": 10, ""n_days"": 35, ""precip_deficit_pct"": 1.0786365341055149, ""temp_anomaly_c"": -1.386864353361588, ""precip_norm_mm"": 42.31068893928575, ""temp_norm_c"": 12.5628696714129, ""norm_years"": 15}, ""combined"": {""precip_mm"": 50.29646099031737, ""temp_c"": 10.629692014058449, ""dry_days"": 23, ""hot_days"": 0, ""max_dry_spell"": 10, ""n_days"": 65}, ""source"": ""ERA5 полигона""}","соседние поля региона в эти дни тоже ниже нормы (медианный Z -0.7, ниже нормы 28% из 57 полей) — явление региональное | рост начался на 22 дней позже нормы, но пик достигнут (85% нормы)","AOI-0031, сезон 2015: умеренная аномалия с 2015-04-04 по 2015-05-08 (35 дней, 5 наблюдений), фаза — весна (всходы и рост). NDVI в худший день 2015-04-15: 0.16 при норме 0.38 (Z = -1.5). Вероятная причина — запаздывание всходов и роста (уверенность 60%). Аргументы: соседние поля региона в эти дни тоже ниже нормы (медианный Z -0.7, ниже нормы 28% из 57 полей) — явление региональное; рост начался на 22 дней позже нормы, но пик достигнут (85% нормы). Норма: история полигона."
AOI-0031,2020,2020-08-30,2020-10-17,49,22,-1.925309855475088,-1.4365392179059444,0,-0.10976238258771835,-0.071222803289392,2020-09-29,0.1101917461877833,0.18754822540759347,лето после уборки,осень (озимые всходы),243,291,умеренная,weather_drought,0.8,история полигона,ERA5 полигона,0,-0.8648654571386325,0.3684210526315789,"{""available"": true, ""before"": {""precip_mm"": 2.65660568892656, ""temp_c"": 24.307458273569765, ""dry_days"": 29, ""hot_days"": 5, ""max_dry_spell"": 16, ""n_days"": 30, ""precip_deficit_pct"": 82.34583801208096, ""temp_anomaly_c"": -1.760493919937705, ""precip_norm_mm"": 15.048041876722943, ""temp_norm_c"": 26.06795219350747, ""norm_years"": 15}, ""during"": {""precip_mm"": 3.0092016661491514, ""temp_c"": 18.59638969395439, ""dry_days"": 48, ""hot_days"": 1, ""max_dry_spell"": 33, ""n_days"": 49, ""precip_deficit_pct"": 94.46914322633371, ""temp_anomaly_c"": 2.3085683034697233, ""precip_norm_mm"": 54.40751386795387, ""temp_norm_c"": 16.287821390484666, ""norm_years"": 15}, ""combined"": {""precip_mm"": 5.665807355075712, ""temp_c"": 20.7651499140615, ""dry_days"": 77, ""hot_days"": 6, ""max_dry_spell"": 49, ""n_days"": 79, ""precip_deficit_pct"": 91.8425426240867, ""temp_anomaly_c"": 0.7597003755222502, ""precip_norm_mm"": 69.4555557446768, ""temp_norm_c"": 20.00544953853925, ""norm_years"": 15}, ""source"": ""ERA5 полигона""}","за 30 дней до и во время эпизода осадков 6 мм при норме 69 мм (дефицит 92 %) | сухая серия 49 дней подряд | за 30 дней до эпизода: осадков 3 мм при норме 15 мм | во время эпизода: осадков 3 мм при норме 54 мм | соседние поля региона в эти дни тоже ниже нормы (медианный Z -0.9, ниже нормы 37% из 57 полей) — явление региональное","AOI-0031, сезон 2020: умеренная аномалия с 2020-08-30 по 2020-10-17 (49 дней, 22 наблюдений), фаза — лето после уборки. NDVI в худший день 2020-09-29: 0.11 при норме 0.19 (Z = -1.9). Вероятная причина — погодный стресс: дефицит осадков и/или жара (уверенность 80%). Аргументы: за 30 дней до и во время эпизода осадков 6 мм при норме 69 мм (дефицит 92 %); сухая серия 49 дней подряд; за 30 дней до эпизода: осадков 3 мм при норме 15 мм; во время эпизода: осадков 3 мм при норме 54 мм; соседние поля региона в эти дни тоже ниже нормы (медианный Z -0.9, ниже нормы 37% из 57 полей) — явление региональное. Норма: история полигона."
AOI-0031,2021,2021-04-01,2021-07-19,110,31,-1.9377244994240077,-1.3803205947628694,0,-0.28869078981200036,-0.19976170971399757,2021-04-02,0.03520781660279522,0.27446444653604146,весна (всходы и рост),созревание и уборка,91,200,умеренная,unsown_or_changed,0.8,история полигона,ERA5 полигона,1,0.06334397133956256,0.07017543859649122,"{""available"": true, ""during"": {""precip_mm"": 147.82124344539758, ""temp_c"": 19.530153086691215, ""dry_days"": 74, ""hot_days"": 23, ""max_dry_spell"": 20, ""n_days"": 110, ""precip_deficit_pct"": -14.498939339777994, ""temp_anomaly_c"": 0.43650079023516497, ""precip_norm_mm"": 129.10271859089886, ""temp_norm_c"": 19.09365229645605, ""norm_years"": 15}, ""combined"": {""precip_mm"": 147.8212434453976, ""temp_c"": 19.530153086691215, ""dry_days"": 74, ""hot_days"": 23, ""max_dry_spell"": 20, ""n_days"": 140}, ""source"": ""ERA5 полигона""}","другие поля региона в эти дни в норме (медианный Z 0.1, ниже нормы 7% из 57) — причина локальная, на самом поле | пик главного сезона всего 0.25 при норме 0.53: кривая плоская с весны — поле не засеяно, под паром или занято другой культурой","AOI-0031, сезон 2021: умеренная аномалия с 2021-04-01 по 2021-07-19 (110 дней, 31 наблюдений), фаза — весна (всходы и рост). NDVI в худший день 2021-04-02: 0.04 при норме 0.27 (Z = -1.9). Вероятная причина — поле не засеяно, под паром или сменилась культура (уверенность 80%). Аргументы: другие поля региона в эти дни в норме (медианный Z 0.1, ниже нормы 7% из 57) — причина локальная, на самом поле; пик главного сезона всего 0.25 при норме 0.53: кривая плоская с весны — поле не засеяно, под паром или занято другой культурой. Норма: история полигона."
AOI-0031,2024,2024-04-12,2024-07-18,98,33,-1.758479149613512,-1.3572043863119292,0,-0.33274528903963974,-0.19817200688912387,2024-05-20,0.19722820543315278,0.5218603668056553,весна (всходы и рост),созревание и уборка,103,200,умеренная,unsown_or_changed,0.8,история полигона,ERA5 полигона,0,-0.0002858886574327415,0.19298245614035087,"{""available"": true, ""before"": {""precip_mm"": 9.830019665969303, ""temp_c"": 12.792504882812523, ""dry_days"": 9, ""hot_days"": 0, ""max_dry_spell"": 7, ""n_days"": 30}, ""during"": {""precip_mm"": 33.88610375324319, ""temp_c"": 21.824804985279968, ""dry_days"": 88, ""hot_days"": 24, ""max_dry_spell"": 21, ""n_days"": 98, ""precip_deficit_pct"": 72.62523000612906, ""temp_anomaly_c"": 1.7535004557395517, ""precip_norm_mm"": 123.78589394844268, ""temp_norm_c"": 20.071304529540416, ""norm_years"": 15}, ""combined"": {""precip_mm"": 43.716123419212494, ""temp_c"": 20.913288461177746, ""dry_days"": 97, ""hot_days"": 24, ""max_dry_spell"": 21, ""n_days"": 128, ""precip_deficit_pct"": 67.49026827830278, ""temp_anomaly_c"": 1.9851461429137274, ""precip_norm_mm"": 134.47088334486637, ""temp_norm_c"": 18.92814231826402, ""norm_years"": 15}, ""source"": ""ERA5 полигона""}","за 30 дней до и во время эпизода осадков 44 мм при норме 134 мм (дефицит 67 %) | температура выше нормы на 2.0 °C (20.9 против 18.9 °C), жарких дней 24 | сухая серия 21 дней подряд | во время эпизода: осадков 34 мм при норме 124 мм | другие поля региона в эти дни в норме (медианный Z -0.0, ниже нормы 19% из 57) — причина локальная, на самом поле | пик главного сезона всего 0.22 при норме 0.53: кривая плоская с весны — поле не засеяно, под паром или занято другой культурой","AOI-0031, сезон 2024: умеренная аномалия с 2024-04-12 по 2024-07-18 (98 дней, 33 наблюдений), фаза — весна (всходы и рост). NDVI в худший день 2024-05-20: 0.20 при норме 0.52 (Z = -1.8). Вероятная причина — поле не засеяно, под паром или сменилась культура (уверенность 80%). Аргументы: за 30 дней до и во время эпизода осадков 44 мм при норме 134 мм (дефицит 67 %); температура выше нормы на 2.0 °C (20.9 против 18.9 °C), жарких дней 24; сухая серия 21 дней подряд; во время эпизода: осадков 34 мм при норме 124 мм; другие поля региона в эти дни в норме (медианный Z -0.0, ниже нормы 19% из 57) — причина локальная, на самом поле; пик главного сезона всего 0.22 при норме 0.53: кривая плоская с весны — поле не засеяно, под паром или занято другой культурой. Норма: история полигона."
AOI-0032,2012,2012-09-25,2012-10-20,26,2,-1.4452569053659252,-1.348005754263995,0,-0.1444093694847599,-0.08580610555901698,2012-10-10,0.09703361942962323,0.1891722840131879,осень (озимые всходы),осень (озимые всходы),269,294,умеренная,weather_drought,0.65,история полигона,ERA5 полигона,0,-0.2802081983542367,0.24561403508771928,"{""available"": true, ""before"": {""precip_mm"": 10.150973166378918, ""temp_c"": 19.671402422587093, ""dry_days"": 28, ""hot_days"": 1, ""max_dry_spell"": 24, ""n_days"": 30, ""precip_deficit_pct"": 67.87700455371233, ""temp_anomaly_c"": -0.7140058792962023, ""precip_norm_mm"": 31.600331866161707, ""temp_norm_c"": 20.385408301883295, ""norm_years"": 15}, ""during"": {""precip_mm"": 9.19353181039817, ""temp_c"": 15.81803210331846, ""dry_days"": 23, ""hot_days"": 0, ""max_dry_spell"": 10, ""n_days"": 26, ""precip_deficit_pct"": 68.76284717545624, ""temp_anomaly_c"": 3.410191422649941, ""precip_norm_mm"": 29.431401325330132, ""temp_norm_c"": 12.407840680668519, ""norm_years"": 15}, ""combined"": {""precip_mm"": 19.34450497677709, ""temp_c"": 17.882337631498086, ""dry_days"": 51, ""hot_days"": 1, ""max_dry_spell"": 24, ""n_days"": 56, ""precip_deficit_pct"": 68.30418543729999, ""temp_anomaly_c"": 1.2008000108930794, ""precip_norm_mm"": 61.03173319149184, ""temp_norm_c"": 16.681537620605006, ""norm_years"": 15}, ""source"": ""ERA5 полигона""}","за 30 дней до и во время эпизода осадков 19 мм при норме 61 мм (дефицит 68 %) | сухая серия 24 дней подряд | за 30 дней до эпизода: осадков 10 мм при норме 32 мм | во время эпизода: осадков 9 мм при норме 29 мм | другие поля региона в эти дни в норме (медианный Z -0.3, ниже нормы 25% из 57) — причина локальная, на самом поле","AOI-0032, сезон 2012: умеренная аномалия с 2012-09-25 по 2012-10-20 (26 дней, 2 наблюдений), фаза — осень (озимые всходы). NDVI в худший день 2012-10-10: 0.10 при норме 0.19 (Z = -1.4). Вероятная причина — погодный стресс: дефицит осадков и/или жара (уверенность 65%). Аргументы: за 30 дней до и во время эпизода осадков 19 мм при норме 61 мм (дефицит 68 %); сухая серия 24 дней подряд; за 30 дней до эпизода: осадков 10 мм при норме 32 мм; во время эпизода: осадков 9 мм при норме 29 мм; другие поля региона в эти дни в норме (медианный Z -0.3, ниже нормы 25% из 57) — причина локальная, на самом поле. Норма: история полигона."
AOI-0032,2018,2018-04-21,2018-06-27,68,16,-1.507868916109802,-1.3239246916232996,0,-0.3124359361515041,-0.25033260067894725,2018-05-30,0.15209850144729256,0.45381540254515096,весна (всходы и рост),созревание и уборка,111,178,умеренная,unsown_or_changed,0.8,история полигона,ERA5 полигона,1,-0.3311336960054318,0.19298245614035087,"{""available"": true, ""before"": {""precip_mm"": 11.135977032541433, ""temp_c"": 9.200264469782534, ""dry_days"": 18, ""hot_days"": 0, ""max_dry_spell"": 16, ""n_days"": 30}, ""during"": {""precip_mm"": 15.996001453537188, ""temp_c"": 20.851502144570464, ""dry_days"": 63, ""hot_days"": 8, ""max_dry_spell"": 26, ""n_days"": 68, ""precip_deficit_pct"": 82.29020100339012, ""temp_anomaly_c"": 1.3885074020211157, ""precip_norm_mm"": 90.32288540710844, ""temp_norm_c"": 19.46299474254935, ""norm_years"": 15}, ""combined"": {""precip_mm"": 27.131978486078623, ""temp_c"": 18.203493582118664, ""dry_days"": 81, ""hot_days"": 8, ""max_dry_spell"": 26, ""n_days"": 98, ""precip_deficit_pct"": 76.32702773893887, ""temp_anomaly_c"": 0.8334258854991283, ""precip_norm_mm"": 114.61162623295553, ""temp_norm_c"": 17.370067696619536, ""norm_years"": 15}, ""source"": ""ERA5 полигона""}","за 30 дней до и во время эпизода осадков 27 мм при норме 115 мм (дефицит 76 %) | сухая серия 26 дней подряд | во время эпизода: осадков 16 мм при норме 90 мм | соседние поля региона в эти дни чуть ниже нормы (медианный Z -0.3) | пик главного сезона всего 0.17 при норме 0.48: кривая плоская с весны — поле не засеяно, под паром или занято другой культурой","AOI-0032, сезон 2018: умеренная аномалия с 2018-04-21 по 2018-06-27 (68 дней, 16 наблюдений), фаза — весна (всходы и рост). NDVI в худший день 2018-05-30: 0.15 при норме 0.45 (Z = -1.5). Вероятная причина — поле не засеяно, под паром или сменилась культура (уверенность 80%). Аргументы: за 30 дней до и во время эпизода осадков 27 мм при норме 115 мм (дефицит 76 %); сухая серия 26 дней подряд; во время эпизода: осадков 16 мм при норме 90 мм; соседние поля региона в эти дни чуть ниже нормы (медианный Z -0.3); пик главного сезона всего 0.17 при норме 0.48: кривая плоская с весны — поле не засеяно, под паром или занято другой культурой. Норма: история полигона."
AOI-0033,2013,2013-04-28,2013-06-20,54,13,-1.4746876016032187,-1.2433623619841991,0,-0.27312031612117604,-0.23452718667898634,2013-06-07,0.15536024754560226,0.3682946834195388,весна (всходы и рост),пик вегетации,118,171,умеренная,unsown_or_changed,0.8,история полигона,ERA5 полигона,0,-0.35324105411853063,0.21052631578947367,"{""available"": true, ""before"": {""precip_mm"": 34.91153979863171, ""temp_c"": 10.529043475492525, ""dry_days"": 21, ""hot_days"": 0, ""max_dry_spell"": 9, ""n_days"": 30, ""precip_deficit_pct"": -3.0722500367404537, ""temp_anomaly_c"": -0.25143187252091614, ""precip_norm_mm"": 33.87093983704379, ""temp_norm_c"": 10.780475348013441, ""norm_years"": 15}, ""during"": {""precip_mm"": 49.38684077686517, ""temp_c"": 21.734229683581717, ""dry_days"": 44, ""hot_days"": 4, ""max_dry_spell"": 20, ""n_days"": 54, ""precip_deficit_pct"": 32.192591767586364, ""temp_anomaly_c"": 2.273834518934965, ""precip_norm_mm"": 72.83398977231079, ""temp_norm_c"": 19.46039516464675, ""norm_years"": 15}, ""combined"": {""precip_mm"": 84.29838057549688, ""temp_c"": 17.99916761421865, ""dry_days"": 65, ""hot_days"": 4, ""max_dry_spell"": 23, ""n_days"": 84, ""precip_deficit_pct"": 20.99860720201756, ""temp_anomaly_c"": 1.4320790551163363, ""precip_norm_mm"": 106.70492960935458, ""temp_norm_c"": 16.567088559102313, ""norm_years"": 15}, ""source"": ""ERA5 полигона""}","сухая серия 23 дней подряд | соседние поля региона в эти дни чуть ниже нормы (медианный Z -0.4) | пик главного сезона всего 0.18 при норме 0.44: кривая плоская с весны — поле не засеяно, под паром или занято другой культурой","AOI-0033, сезон 2013: умеренная аномалия с 2013-04-28 по 2013-06-20 (54 дней, 13 наблюдений), фаза — весна (всходы и рост). NDVI в худший день 2013-06-07: 0.16 при норме 0.37 (Z = -1.5). Вероятная причина — поле не засеяно, под паром или сменилась культура (уверенность 80%). Аргументы: сухая серия 23 дней подряд; соседние поля региона в эти дни чуть ниже нормы (медианный Z -0.4); пик главного сезона всего 0.18 при норме 0.44: кривая плоская с весны — поле не засеяно, под паром или занято другой культурой. Норма: история полигона."
AOI-0033,2015,2015-05-11,2015-06-23,44,9,-1.4495808933187362,-1.2534890553957974,0,-0.2528856153112163,-0.21347040136519177,2015-06-09,0.15382726176663136,0.3540255450685212,весна (всходы и рост),пик вегетации,131,174,умеренная,unsown_or_changed,0.8,история полигона,ERA5 полигона,0,-0.10187587865707849,0.19298245614035087,"{""available"": true, ""before"": {""precip_mm"": 41.47899572179625, ""temp_c"": 12.24147883521188, ""dry_days"": 20, ""hot_days"": 0, ""max_dry_spell"": 9, ""n_days"": 30, ""precip_deficit_pct"": 1.256735000476139, ""temp_anomaly_c"": -1.264240919042516, ""precip_norm_mm"": 42.00691127845151, ""temp_norm_c"": 13.505719754254397, ""norm_years"": 15}, ""during"": {""precip_mm"": 34.92753198271714, ""temp_c"": 21.6383607979977, ""dry_days"": 33, ""hot_days"": 4, ""max_dry_spell"": 17, ""n_days"": 44, ""precip_deficit_pct"": 38.4054014945425, ""temp_anomaly_c"": 0.5080729682036136, ""precip_norm_mm"": 56.70551124644873, ""temp_norm_c"": 21.130287829794085, ""norm_years"": 15}, ""combined"": {""precip_mm"": 76.4065277045134, ""temp_c"": 17.828814056327772, ""dry_days"": 53, ""hot_days"": 4, ""max_dry_spell"": 17, ""n_days"": 74, ""precip_deficit_pct"": 22.596846728951647, ""temp_anomaly_c"": -0.21043266176103614, ""precip_norm_mm"": 98.71242252490025, ""temp_norm_c"": 18.03924671808881, ""norm_years"": 15}, ""source"": ""ERA5 полигона""}","сухая серия 17 дней подряд | другие поля региона в эти дни в норме (медианный Z -0.1, ниже нормы 19% из 57) — причина локальная, на самом поле | пик главного сезона всего 0.20 при норме 0.44: кривая плоская с весны — поле не засеяно, под паром или занято другой культурой","AOI-0033, сезон 2015: умеренная аномалия с 2015-05-11 по 2015-06-23 (44 дней, 9 наблюдений), фаза — весна (всходы и рост). NDVI в худший день 2015-06-09: 0.15 при норме 0.35 (Z = -1.4). Вероятная причина — поле не засеяно, под паром или сменилась культура (уверенность 80%). Аргументы: сухая серия 17 дней подряд; другие поля региона в эти дни в норме (медианный Z -0.1, ниже нормы 19% из 57) — причина локальная, на самом поле; пик главного сезона всего 0.20 при норме 0.44: кривая плоская с весны — поле не засеяно, под паром или занято другой культурой. Норма: история полигона."
AOI-0033,2019,2019-05-12,2019-06-21,41,18,-1.5156386109142943,-1.3224398013724725,0,-0.27658462682749835,-0.2269501765839886,2019-06-06,0.15177826408727285,0.3754316805676525,весна (всходы и рост),пик вегетации,132,172,умеренная,unsown_or_changed,0.8,история полигона,ERA5 полигона,0,0.49632393548834064,0.07017543859649122,"{""available"": true, ""before"": {""precip_mm"": 59.37272366259094, ""temp_c"": 13.116437848409037, ""dry_days"": 17, ""hot_days"": 0, ""max_dry_spell"": 11, ""n_days"": 30, ""precip_deficit_pct"": -39.11107302657317, ""temp_anomaly_c"": -0.5165223821004261, ""precip_norm_mm"": 42.680084604946934, ""temp_norm_c"": 13.632960230509463, ""norm_years"": 15}, ""during"": {""precip_mm"": 17.872522709105, ""temp_c"": 22.967348073943864, ""dry_days"": 36, ""hot_days"": 8, ""max_dry_spell"": 14, ""n_days"": 41, ""precip_deficit_pct"": 66.54667727919599, ""temp_anomaly_c"": 1.9500778477366367, ""precip_norm_mm"": 53.425254221430166, ""temp_norm_c"": 21.017270226207227, ""norm_years"": 15}, ""combined"": {""precip_mm"": 77.24524637169594, ""temp_c"": 18.80499164061929, ""dry_days"": 53, ""hot_days"": 8, ""max_dry_spell"": 14, ""n_days"": 71, ""precip_deficit_pct"": 19.624396193798997, ""temp_anomaly_c"": 0.9078523985097071, ""precip_norm_mm"": 96.10533882637712, ""temp_norm_c"": 17.89713924210958, ""norm_years"": 15}, ""source"": ""ERA5 полигона""}","другие поля региона в эти дни в норме (медианный Z 0.5, ниже нормы 7% из 57) — причина локальная, на самом поле | пик главного сезона всего 0.22 при норме 0.44: кривая плоская с весны — поле не засеяно, под паром или занято другой культурой","AOI-0033, сезон 2019: умеренная аномалия с 2019-05-12 по 2019-06-21 (41 дней, 18 наблюдений), фаза — весна (всходы и рост). NDVI в худший день 2019-06-06: 0.15 при норме 0.38 (Z = -1.5). Вероятная причина — поле не засеяно, под паром или сменилась культура (уверенность 80%). Аргументы: другие поля региона в эти дни в норме (медианный Z 0.5, ниже нормы 7% из 57) — причина локальная, на самом поле; пик главного сезона всего 0.22 при норме 0.44: кривая плоская с весны — поле не засеяно, под паром или занято другой культурой. Норма: история полигона."
AOI-0035,2018,2018-04-01,2018-06-27,88,23,-1.698626902665361,-1.2100188325870371,0,-0.3085942971139508,-0.22551208288698854,2018-04-02,0.11729705003446561,0.2743960004566127,весна (всходы и рост),созревание и уборка,91,178,умеренная,unsown_or_changed,0.8,история полигона,ERA5 региона (медиана соседних полей),0,-0.3551631921987913,0.19298245614035087,"{""available"": true, ""during"": {""precip_mm"": 41.49908115382094, ""temp_c"": 18.19753425131631, ""dry_days"": 77, ""hot_days"": 6, ""max_dry_spell"": 33, ""n_days"": 88, ""precip_deficit_pct"": 65.3500264315853, ""temp_anomaly_c"": 1.113863316229068, ""precip_norm_mm"": 119.76655933628064, ""temp_norm_c"": 17.08367093508724, ""norm_years"": 15}, ""combined"": {""precip_mm"": 41.49908115382093, ""temp_c"": 18.19753425131631, ""dry_days"": 77, ""hot_days"": 6, ""max_dry_spell"": 33, ""n_days"": 118}, ""source"": ""ERA5 региона (медиана соседних полей)""}","соседние поля региона в эти дни чуть ниже нормы (медианный Z -0.4) | пик главного сезона всего 0.17 при норме 0.46: кривая плоская с весны — поле не засеяно, под паром или занято другой культурой","AOI-0035, сезон 2018: умеренная аномалия с 2018-04-01 по 2018-06-27 (88 дней, 23 наблюдений), фаза — весна (всходы и рост). NDVI в худший день 2018-04-02: 0.12 при норме 0.27 (Z = -1.7). Вероятная причина — поле не засеяно, под паром или сменилась культура (уверенность 80%). Аргументы: соседние поля региона в эти дни чуть ниже нормы (медианный Z -0.4); пик главного сезона всего 0.17 при норме 0.46: кривая плоская с весны — поле не засеяно, под паром или занято другой культурой. Норма: история полигона."
AOI-0037,2010,2010-04-16,2010-05-14,29,5,-2.3524535685397168,-1.8145968850209322,13,-0.14821527493224534,-0.11049723945184643,2010-04-29,0.3230387084749699,0.4693767206675003,весна (всходы и рост),весна (всходы и рост),106,134,критическая,weak_season,0.4,история полигона,ERA5 полигона,0,-0.6706226927043331,0.3333333333333333,"{""available"": true, ""before"": {""precip_mm"": 16.987141533661543, ""temp_c"": 7.165672387017162, ""dry_days"": 7, ""hot_days"": 0, ""max_dry_spell"": 5, ""n_days"": 15}, ""during"": {""precip_mm"": 34.28398561762691, ""temp_c"": 14.484087990070234, ""dry_days"": 23, ""hot_days"": 0, ""max_dry_spell"": 18, ""n_days"": 29, ""precip_deficit_pct"": 9.170029518038813, ""temp_anomaly_c"": 0.008365349751322526, ""precip_norm_mm"": 37.74523478947481, ""temp_norm_c"": 14.475722640318912, ""norm_years"": 15}, ""combined"": {""precip_mm"": 51.271127151288454, ""temp_c"": 11.989173579938505, ""dry_days"": 30, ""hot_days"": 0, ""max_dry_spell"": 18, ""n_days"": 44}, ""source"": ""ERA5 полигона""}",соседние поля региона в эти дни чуть ниже нормы (медианный Z -0.7) | погодного сигнала нет; вероятны агротехнические причины,"AOI-0037, сезон 2010: критическая аномалия с 2010-04-16 по 2010-05-14 (29 дней, 5 наблюдений), фаза — весна (всходы и рост). NDVI в худший день 2010-04-29: 0.32 при норме 0.47 (Z = -2.4). Вероятная причина — ослабленный сезон без явной погодной причины (уверенность 40%). Аргументы: соседние поля региона в эти дни чуть ниже нормы (медианный Z -0.7); погодного сигнала нет; вероятны агротехнические причины. Норма: история полигона."
AOI-0037,2012,2012-05-07,2012-07-06,61,5,-2.50123395080741,-2.023973869196931,43,-0.15015380624192298,-0.11890617093563545,2012-05-27,0.38250271901335486,0.5114511717201207,весна (всходы и рост),созревание и уборка,128,188,критическая,weather_drought,0.75,история полигона,ERA5 полигона,0,-0.30753273431070166,0.21052631578947367,"{""available"": true, ""before"": {""precip_mm"": 21.158591723366985, ""temp_c"": 16.393900786505828, ""dry_days"": 27, ""hot_days"": 0, ""max_dry_spell"": 13, ""n_days"": 30, ""precip_deficit_pct"": 34.969180363539245, ""temp_anomaly_c"": 3.909176782678676, ""precip_norm_mm"": 32.53625256708901, ""temp_norm_c"": 12.484724003827152, ""norm_years"": 15}, ""during"": {""precip_mm"": 42.46388219148045, ""temp_c"": 23.77164825481146, ""dry_days"": 48, ""hot_days"": 9, ""max_dry_spell"": 13, ""n_days"": 61, ""precip_deficit_pct"": 38.33818684413806, ""temp_anomaly_c"": 1.94216119943421, ""precip_norm_mm"": 68.86576962008063, ""temp_norm_c"": 21.82948705537725, ""norm_years"": 15}, ""combined"": {""precip_mm"": 63.62247391484743, ""temp_c"": 21.339423814710702, ""dry_days"": 75, ""hot_days"": 9, ""max_dry_spell"": 26, ""n_days"": 91, ""precip_deficit_pct"": 37.257194144105, ""temp_anomaly_c"": 2.590627875229085, ""precip_norm_mm"": 101.40202218716966, ""temp_norm_c"": 18.748795939481617, ""norm_years"": 15}, ""source"": ""ERA5 полигона""}","температура выше нормы на 2.6 °C (21.3 против 18.7 °C), жарких дней 9 | сухая серия 26 дней подряд | соседние поля региона в эти дни чуть ниже нормы (медианный Z -0.3) | пик на уровне нормы (86%), но спад начался на 18 дней раньше обычного","AOI-0037, сезон 2012: критическая аномалия с 2012-05-07 по 2012-07-06 (61 дней, 5 наблюдений), фаза — весна (всходы и рост). NDVI в худший день 2012-05-27: 0.38 при норме 0.51 (Z = -2.5). Вероятная причина — погодный стресс: дефицит осадков и/или жара (уверенность 75%). Аргументы: температура выше нормы на 2.6 °C (21.3 против 18.7 °C), жарких дней 9; сухая серия 26 дней подряд; соседние поля региона в эти дни чуть ниже нормы (медианный Z -0.3); пик на уровне нормы (86%), но спад начался на 18 дней раньше обычного. Норма: история полигона."
AOI-0037,2013,2013-05-13,2013-06-19,38,6,-1.5474253063428025,-1.3569209850228376,0,-0.10522725796080967,-0.08332092962787278,2013-06-08,0.3544209822366767,0.4580988622994517,весна (всходы и рост),пик вегетации,133,170,умеренная,weak_season,0.4,история полигона,ERA5 полигона,0,-0.39670023071847565,0.19298245614035087,"{""available"": true, ""before"": {""precip_mm"": 23.158465557166608, ""temp_c"": 14.474414507548035, ""dry_days"": 26, ""hot_days"": 0, ""max_dry_spell"": 18, ""n_days"": 30, ""precip_deficit_pct"": 41.64360001591453, ""temp_anomaly_c"": 0.5924351254215932, ""precip_norm_mm"": 39.68453428155646, ""temp_norm_c"": 13.881979382126442, ""norm_years"": 15}, ""during"": {""precip_mm"": 31.647703001905114, ""temp_c"": 23.348555300528563, ""dry_days"": 29, ""hot_days"": 4, ""max_dry_spell"": 13, ""n_days"": 38, ""precip_deficit_pct"": 22.709651208634074, ""temp_anomaly_c"": 2.187611222964275, ""precip_norm_mm"": 40.94651337042545, ""temp_norm_c"": 21.160944077564288, ""norm_years"": 15}, ""combined"": {""precip_mm"": 54.80616855907172, ""temp_c"": 19.43349318597833, ""dry_days"": 55, ""hot_days"": 4, ""max_dry_spell"": 18, ""n_days"": 68, ""precip_deficit_pct"": 32.02845534684728, ""temp_anomaly_c"": 1.4838570622836862, ""precip_norm_mm"": 80.6310476519819, ""temp_norm_c"": 17.949636123694646, ""norm_years"": 15}, ""source"": ""ERA5 полигона""}",сухая серия 18 дней подряд | соседние поля региона в эти дни чуть ниже нормы (медианный Z -0.4) | погодного сигнала нет; вероятны агротехнические причины,"AOI-0037, сезон 2013: умеренная аномалия с 2013-05-13 по 2013-06-19 (38 дней, 6 наблюдений), фаза — весна (всходы и рост). NDVI в худший день 2013-06-08: 0.35 при норме 0.46 (Z = -1.5). Вероятная причина — ослабленный сезон без явной погодной причины (уверенность 40%). Аргументы: сухая серия 18 дней подряд; соседние поля региона в эти дни чуть ниже нормы (медианный Z -0.4); погодного сигнала нет; вероятны агротехнические причины. Норма: история полигона."
AOI-0037,2014,2014-09-29,2014-10-30,32,7,-1.4585571602514262,-1.239508415239936,0,-0.10812790599690095,-0.09627124799045829,2014-10-30,0.1604490457053243,0.24912596499038717,осень (озимые всходы),осень (озимые всходы),272,303,умеренная,weather_drought,0.5,история полигона,ERA5 полигона,0,-0.7063338076594947,0.19298245614035087,"{""available"": true, ""before"": {""precip_mm"": 34.40545769757364, ""temp_c"": 18.085162226359063, ""dry_days"": 24, ""hot_days"": 0, ""max_dry_spell"": 10, ""n_days"": 30, ""precip_deficit_pct"": -24.24933333022823, ""temp_anomaly_c"": -0.9832698066146364, ""precip_norm_mm"": 27.69065778898891, ""temp_norm_c"": 19.0684320329737, ""norm_years"": 15}, ""during"": {""precip_mm"": 33.65541727825061, ""temp_c"": 7.766475594043758, ""dry_days"": 25, ""hot_days"": 0, ""max_dry_spell"": 15, ""n_days"": 32, ""precip_deficit_pct"": 3.1530768996755665, ""temp_anomaly_c"": -3.1770651969644703, ""precip_norm_mm"": 34.751147688385224, ""temp_norm_c"": 10.943540791008228, ""norm_years"": 15}, ""combined"": {""precip_mm"": 68.06087497582425, ""temp_c"": 12.759388480647937, ""dry_days"": 49, ""hot_days"": 0, ""max_dry_spell"": 15, ""n_days"": 62, ""precip_deficit_pct"": -8.998890175406892, ""temp_anomaly_c"": -2.1155512984081017, ""precip_norm_mm"": 62.44180547737414, ""temp_norm_c"": 14.874939779056039, ""norm_years"": 15}, ""source"": ""ERA5 полигона""}","сухая серия 15 дней подряд | соседние поля региона в эти дни тоже ниже нормы (медианный Z -0.7, ниже нормы 19% из 57 полей) — явление региональное | явного дефицита осадков в ERA5 нет, но угнетены все поля региона — вероятен региональный погодный фактор (заморозки, суховей, град)","AOI-0037, сезон 2014: умеренная аномалия с 2014-09-29 по 2014-10-30 (32 дней, 7 наблюдений), фаза — осень (озимые всходы). NDVI в худший день 2014-10-30: 0.16 при норме 0.25 (Z = -1.5). Вероятная причина — погодный стресс: дефицит осадков и/или жара (уверенность 50%). Аргументы: сухая серия 15 дней подряд; соседние поля региона в эти дни тоже ниже нормы (медианный Z -0.7, ниже нормы 19% из 57 полей) — явление региональное; явного дефицита осадков в ERA5 нет, но угнетены все поля региона — вероятен региональный погодный фактор (заморозки, суховей, град). Норма: история полигона."
AOI-0037,2015,2015-04-03,2015-04-28,26,5,-1.8015736480468967,-1.4783388013665144,0,-0.1193733562961922,-0.10454098252511684,2015-04-15,0.2549413987137069,0.37176503455263643,весна (всходы и рост),весна (всходы и рост),93,118,умеренная,weather_drought,0.5,история полигона,ERA5 полигона,0,-0.7660951367409522,0.2982456140350877,"{""available"": true, ""before"": {""precip_mm"": 4.693440302787623, ""temp_c"": 4.120409266154013, ""dry_days"": 0, ""hot_days"": 0, ""max_dry_spell"": 0, ""n_days"": 30}, ""during"": {""precip_mm"": 26.689103194087238, ""temp_c"": 9.86085826678156, ""dry_days"": 20, ""hot_days"": 0, ""max_dry_spell"": 7, ""n_days"": 26, ""precip_deficit_pct"": 10.923142570027933, ""temp_anomaly_c"": -1.3805353376600458, ""precip_norm_mm"": 29.96188231614359, ""temp_norm_c"": 11.241393604441607, ""norm_years"": 15}, ""combined"": {""precip_mm"": 31.38254349687486, ""temp_c"": 9.450826195308165, ""dry_days"": 20, ""hot_days"": 0, ""max_dry_spell"": 7, ""n_days"": 56}, ""source"": ""ERA5 полигона""}","соседние поля региона в эти дни тоже ниже нормы (медианный Z -0.8, ниже нормы 30% из 57 полей) — явление региональное | явного дефицита осадков в ERA5 нет, но угнетены все поля региона — вероятен региональный погодный фактор (заморозки, суховей, град)","AOI-0037, сезон 2015: умеренная аномалия с 2015-04-03 по 2015-04-28 (26 дней, 5 наблюдений), фаза — весна (всходы и рост). NDVI в худший день 2015-04-15: 0.25 при норме 0.37 (Z = -1.8). Вероятная причина — погодный стресс: дефицит осадков и/или жара (уверенность 50%). Аргументы: соседние поля региона в эти дни тоже ниже нормы (медианный Z -0.8, ниже нормы 30% из 57 полей) — явление региональное; явного дефицита осадков в ERA5 нет, но угнетены все поля региона — вероятен региональный погодный фактор (заморозки, суховей, град). Норма: история полигона."
AOI-0037,2019,2019-06-15,2019-07-17,33,12,-1.7981445737482118,-1.4515101333789653,0,-0.10396420135280565,-0.09067150066811873,2019-07-07,0.22034169004905946,0.3219132716994116,пик вегетации,созревание и уборка,166,198,умеренная,early_decline,0.6,история полигона,ERA5 полигона,1,-0.5478953888208355,0.2631578947368421,"{""available"": true, ""before"": {""precip_mm"": 8.70301905868942, ""temp_c"": 22.811793242560515, ""dry_days"": 27, ""hot_days"": 5, ""max_dry_spell"": 18, ""n_days"": 30, ""precip_deficit_pct"": 75.15572486553891, ""temp_anomaly_c"": 1.824522139937791, ""precip_norm_mm"": 35.030279658341115, ""temp_norm_c"": 20.987271102622724, ""norm_years"": 15}, ""during"": {""precip_mm"": 54.987126292662225, ""temp_c"": 25.2592799870655, ""dry_days"": 28, ""hot_days"": 14, ""max_dry_spell"": 24, ""n_days"": 33, ""precip_deficit_pct"": -107.57307591645583, ""temp_anomaly_c"": -0.5753715990368384, ""precip_norm_mm"": 26.49049066209024, ""temp_norm_c"": 25.83465158610234, ""norm_years"": 15}, ""combined"": {""precip_mm"": 63.690145351351646, ""temp_c"": 24.093810108729794, ""dry_days"": 55, ""hot_days"": 19, ""max_dry_spell"": 42, ""n_days"": 63, ""precip_deficit_pct"": -3.5262481591519013, ""temp_anomaly_c"": 0.5674349433320316, ""precip_norm_mm"": 61.52077032043136, ""temp_norm_c"": 23.526375165397763, ""norm_years"": 15}, ""source"": ""ERA5 полигона""}","сухая серия 42 дней подряд | соседние поля региона в эти дни чуть ниже нормы (медианный Z -0.5) | пик на уровне нормы (113%), но спад начался на 16 дней раньше обычного","AOI-0037, сезон 2019: умеренная аномалия с 2019-06-15 по 2019-07-17 (33 дней, 12 наблюдений), фаза — пик вегетации. NDVI в худший день 2019-07-07: 0.22 при норме 0.32 (Z = -1.8). Вероятная причина — ранний спад вегетации (уборка, полегание, болезнь) (уверенность 60%). Аргументы: сухая серия 42 дней подряд; соседние поля региона в эти дни чуть ниже нормы (медианный Z -0.5); пик на уровне нормы (113%), но спад начался на 16 дней раньше обычного. Норма: история полигона."
AOI-0037,2020,2020-04-21,2020-05-23,33,11,-1.842692570762095,-1.4735429500482868,0,-0.0974439180909158,-0.08469047381976086,2020-05-09,0.417904747430144,0.5127243000200976,весна (всходы и рост),пик вегетации,112,144,умеренная,weak_season,0.45,история полигона,ERA5 полигона,1,-0.2221998490081273,0.2807017543859649,"{""available"": true, ""before"": {""precip_mm"": 25.591122046655812, ""temp_c"": 7.972487990061461, ""dry_days"": 16, ""hot_days"": 0, ""max_dry_spell"": 10, ""n_days"": 30}, ""during"": {""precip_mm"": 76.05405730267378, ""temp_c"": 14.120312241833645, ""dry_days"": 22, ""hot_days"": 0, ""max_dry_spell"": 12, ""n_days"": 33, ""precip_deficit_pct"": -71.45850145450548, ""temp_anomaly_c"": -1.939786117245447, ""precip_norm_mm"": 44.35712236925962, ""temp_norm_c"": 16.060098359079092, ""norm_years"": 15}, ""combined"": {""precip_mm"": 101.6451793493296, ""temp_c"": 11.800378561919613, ""dry_days"": 38, ""hot_days"": 0, ""max_dry_spell"": 12, ""n_days"": 63, ""precip_deficit_pct"": -50.36275518759026, ""temp_anomaly_c"": -2.0689376695101096, ""precip_norm_mm"": 67.5999712977583, ""temp_norm_c"": 13.869316231429723, ""norm_years"": 15}, ""source"": ""ERA5 полигона""}","другие поля региона в эти дни в норме (медианный Z -0.2, ниже нормы 28% из 57) — причина локальная, на самом поле | погодного сигнала нет; вероятны агротехнические причины","AOI-0037, сезон 2020: умеренная аномалия с 2020-04-21 по 2020-05-23 (33 дней, 11 наблюдений), фаза — весна (всходы и рост). NDVI в худший день 2020-05-09: 0.42 при норме 0.51 (Z = -1.8). Вероятная причина — ослабленный сезон без явной погодной причины (уверенность 45%). Аргументы: другие поля региона в эти дни в норме (медианный Z -0.2, ниже нормы 28% из 57) — причина локальная, на самом поле; погодного сигнала нет; вероятны агротехнические причины. Норма: история полигона."
AOI-0037,2020,2020-07-08,2020-10-19,104,49,-2.249341841167704,-1.7122109849184117,33,-0.1296964096936631,-0.10212631357036511,2020-08-10,0.15888301272680413,0.26921804321230175,созревание и уборка,осень (озимые всходы),190,293,критическая,weather_drought,0.8,история полигона,ERA5 полигона,1,-0.7952619228480926,0.2982456140350877,"{""available"": true, ""before"": {""precip_mm"": 6.659565794148391, ""temp_c"": 27.464417097303627, ""dry_days"": 29, ""hot_days"": 21, ""max_dry_spell"": 22, ""n_days"": 30, ""precip_deficit_pct"": 72.62159583151492, ""temp_anomaly_c"": 2.5788684915613267, ""precip_norm_mm"": 24.32415619685434, ""temp_norm_c"": 24.8855486057423, ""norm_years"": 15}, ""during"": {""precip_mm"": 26.476555664029178, ""temp_c"": 22.155580567090965, ""dry_days"": 100, ""hot_days"": 19, ""max_dry_spell"": 66, ""n_days"": 104, ""precip_deficit_pct"": 70.60710835557546, ""temp_anomaly_c"": 0.8594630612267444, ""precip_norm_mm"": 90.07809093547094, ""temp_norm_c"": 21.29611750586422, ""norm_years"": 15}, ""combined"": {""precip_mm"": 33.13612145817756, ""temp_c"": 23.344126058929618, ""dry_days"": 129, ""hot_days"": 40, ""max_dry_spell"": 66, ""n_days"": 134, ""precip_deficit_pct"": 71.03542780951662, ""temp_anomaly_c"": 1.2444045754807505, ""precip_norm_mm"": 114.40224713232527, ""temp_norm_c"": 22.099721483448867, ""norm_years"": 15}, ""source"": ""ERA5 полигона""}","за 30 дней до и во время эпизода осадков 33 мм при норме 114 мм (дефицит 71 %) | температура выше нормы на 1.2 °C (23.3 против 22.1 °C), жарких дней 40 | сухая серия 66 дней подряд | за 30 дней до эпизода: осадков 7 мм при норме 24 мм | во время эпизода: осадков 26 мм при норме 90 мм | соседние поля региона в эти дни тоже ниже нормы (медианный Z -0.8, ниже нормы 30% из 57 полей) — явление региональное","AOI-0037, сезон 2020: критическая аномалия с 2020-07-08 по 2020-10-19 (104 дней, 49 наблюдений), фаза — созревание и уборка. NDVI в худший день 2020-08-10: 0.16 при норме 0.27 (Z = -2.2). Вероятная причина — погодный стресс: дефицит осадков и/или жара (уверенность 80%). Аргументы: за 30 дней до и во время эпизода осадков 33 мм при норме 114 мм (дефицит 71 %); температура выше нормы на 1.2 °C (23.3 против 22.1 °C), жарких дней 40; сухая серия 66 дней подряд; за 30 дней до эпизода: осадков 7 мм при норме 24 мм; во время эпизода: осадков 26 мм при норме 90 мм; соседние поля региона в эти дни тоже ниже нормы (медианный Z -0.8, ниже нормы 30% из 57 полей) — явление региональное. Норма: история полигона."
AOI-0037,2021,2021-04-01,2021-05-13,43,9,-3.9418217241367453,-1.9794177296026865,15,-0.24718864570858456,-0.12596854280102013,2021-04-01,0.018564914247737284,0.2399107049382486,весна (всходы и рост),весна (всходы и рост),91,133,критическая,weak_season,0.4,история полигона,ERA5 полигона,0,-0.6877434558376005,0.3508771929824561,"{""available"": true, ""during"": {""precip_mm"": 92.87102753400234, ""temp_c"": 11.929990593961985, ""dry_days"": 27, ""hot_days"": 0, ""max_dry_spell"": 8, ""n_days"": 43, ""precip_deficit_pct"": -84.08355489863742, ""temp_anomaly_c"": -0.7415110506752711, ""precip_norm_mm"": 50.45047483200781, ""temp_norm_c"": 12.671501644637257, ""norm_years"": 15}, ""combined"": {""precip_mm"": 92.87102753400234, ""temp_c"": 11.929990593961985, ""dry_days"": 27, ""hot_days"": 0, ""max_dry_spell"": 8, ""n_days"": 73}, ""source"": ""ERA5 полигона""}",соседние поля региона в эти дни чуть ниже нормы (медианный Z -0.7) | погодного сигнала нет; вероятны агротехнические причины,"AOI-0037, сезон 2021: критическая аномалия с 2021-04-01 по 2021-05-13 (43 дней, 9 наблюдений), фаза — весна (всходы и рост). NDVI в худший день 2021-04-01: 0.02 при норме 0.24 (Z = -3.9). Вероятная причина — ослабленный сезон без явной погодной причины (уверенность 40%). Аргументы: соседние поля региона в эти дни чуть ниже нормы (медианный Z -0.7); погодного сигнала нет; вероятны агротехнические причины. Норма: история полигона."
AOI-0037,2024,2024-09-18,2024-10-30,43,14,-2.015642102104581,-1.4897035005910901,1,-0.13022113400632426,-0.11362617372784038,2024-10-29,0.13783689244691344,0.2516384264635439,осень (озимые всходы),осень (озимые всходы),262,304,умеренная,weather_drought,0.65,история полигона,ERA5 полигона,0,-0.6893035735910455,0.14035087719298245,"{""available"": true, ""before"": {""precip_mm"": 0.3504850725413167, ""temp_c"": 24.365982988145635, ""dry_days"": 30, ""hot_days"": 5, ""max_dry_spell"": 30, ""n_days"": 30, ""precip_deficit_pct"": 98.2229407975251, ""temp_anomaly_c"": 2.6100977155897276, ""precip_norm_mm"": 19.722757241469445, ""temp_norm_c"": 21.755885272555908, ""norm_years"": 15}, ""during"": {""precip_mm"": 15.010044849674387, ""temp_c"": 13.164127219739834, ""dry_days"": 37, ""hot_days"": 0, ""max_dry_spell"": 26, ""n_days"": 43, ""precip_deficit_pct"": 70.27023789007846, ""temp_anomaly_c"": 1.029358502567895, ""precip_norm_mm"": 50.4882776867736, ""temp_norm_c"": 12.134768717171939, ""norm_years"": 15}, ""combined"": {""precip_mm"": 15.360529922215703, ""temp_c"": 17.767629590317565, ""dry_days"": 67, ""hot_days"": 5, ""max_dry_spell"": 56, ""n_days"": 73, ""precip_deficit_pct"": 78.122342253017, ""temp_anomaly_c"": 1.6789773572344089, ""precip_norm_mm"": 70.21103492824304, ""temp_norm_c"": 16.088652233083156, ""norm_years"": 15}, ""source"": ""ERA5 полигона""}","за 30 дней до и во время эпизода осадков 15 мм при норме 70 мм (дефицит 78 %) | температура выше нормы на 1.7 °C (17.8 против 16.1 °C), жарких дней 5 | сухая серия 56 дней подряд | за 30 дней до эпизода: осадков 0 мм при норме 20 мм | во время эпизода: осадков 15 мм при норме 50 мм | соседние поля региона в эти дни чуть ниже нормы (медианный Z -0.7)","AOI-0037, сезон 2024: умеренная аномалия с 2024-09-18 по 2024-10-30 (43 дней, 14 наблюдений), фаза — осень (озимые всходы). NDVI в худший день 2024-10-29: 0.14 при норме 0.25 (Z = -2.0). Вероятная причина — погодный стресс: дефицит осадков и/или жара (уверенность 65%). Аргументы: за 30 дней до и во время эпизода осадков 15 мм при норме 70 мм (дефицит 78 %); температура выше нормы на 1.7 °C (17.8 против 16.1 °C), жарких дней 5; сухая серия 56 дней подряд; за 30 дней до эпизода: осадков 0 мм при норме 20 мм; во время эпизода: осадков 15 мм при норме 50 мм; соседние поля региона в эти дни чуть ниже нормы (медианный Z -0.7). Норма: история полигона."
AOI-0038,2010,2010-04-02,2010-10-15,197,34,-1.857552931036966,-1.4383819373402889,0,-0.19782217232364224,-0.11502671902411059,2010-06-02,0.23293003095475862,0.411968231138188,весна (всходы и рост),осень (озимые всходы),92,288,умеренная,unsown_or_changed,0.8,история полигона,ERA5 полигона,0,-0.4189031810426844,0.07017543859649122,"{""available"": true, ""before"": {""precip_mm"": 0.0036850924516329, ""temp_c"": 9.39400189717611, ""dry_days"": 1, ""hot_days"": 0, ""max_dry_spell"": 1, ""n_days"": 1}, ""during"": {""precip_mm"": 205.07649407789685, ""temp_c"": 20.78792744296055, ""dry_days"": 155, ""hot_days"": 54, ""max_dry_spell"": 44, ""n_days"": 197, ""precip_deficit_pct"": -13.147470023586427, ""temp_anomaly_c"": 0.7246915037324086, ""precip_norm_mm"": 181.24708757089059, ""temp_norm_c"": 20.063235939228143, ""norm_years"": 15}, ""combined"": {""precip_mm"": 205.0801791703485, ""temp_c"": 20.73038236444649, ""dry_days"": 156, ""hot_days"": 54, ""max_dry_spell"": 44, ""n_days"": 198, ""precip_deficit_pct"": -12.818973959228819, ""temp_anomaly_c"": 0.7307832435325352, ""precip_norm_mm"": 181.77809279178658, ""temp_norm_c"": 19.999599120913956, ""norm_years"": 15}, ""source"": ""ERA5 полигона""}","сухая серия 44 дней подряд | соседние поля региона в эти дни чуть ниже нормы (медианный Z -0.4) | пик главного сезона всего 0.26 при норме 0.45: кривая плоская с весны — поле не засеяно, под паром или занято другой культурой","AOI-0038, сезон 2010: умеренная аномалия с 2010-04-02 по 2010-10-15 (197 дней, 34 наблюдений), фаза — весна (всходы и рост). NDVI в худший день 2010-06-02: 0.23 при норме 0.41 (Z = -1.9). Вероятная причина — поле не засеяно, под паром или сменилась культура (уверенность 80%). Аргументы: сухая серия 44 дней подряд; соседние поля региона в эти дни чуть ниже нормы (медианный Z -0.4); пик главного сезона всего 0.26 при норме 0.45: кривая плоская с весны — поле не засеяно, под паром или занято другой культурой. Норма: история полигона."
AOI-0038,2012,2012-04-11,2012-05-27,47,6,-1.8263538711706118,-1.5380677382145278,0,-0.22411811290998643,-0.18244094372978545,2012-05-09,0.22035044869759218,0.4441065629576619,весна (всходы и рост),пик вегетации,102,148,умеренная,weak_season,0.4,история полигона,ERA5 полигона,0,-0.30069556527146096,0.25,"{""available"": true, ""before"": {""precip_mm"": 7.194853722467087, ""temp_c"": 10.885858408610044, ""dry_days"": 9, ""hot_days"": 0, ""max_dry_spell"": 8, ""n_days"": 30}, ""during"": {""precip_mm"": 30.889281268951407, ""temp_c"": 19.215852869994276, ""dry_days"": 40, ""hot_days"": 0, ""max_dry_spell"": 26, ""n_days"": 47, ""precip_deficit_pct"": 52.71239062440202, ""temp_anomaly_c"": 4.232457436455622, ""precip_norm_mm"": 65.32214606918008, ""temp_norm_c"": 14.983395433538654, ""norm_years"": 15}, ""combined"": {""precip_mm"": 38.084134991418495, ""temp_c"": 17.754450332909325, ""dry_days"": 49, ""hot_days"": 0, ""max_dry_spell"": 26, ""n_days"": 77}, ""source"": ""ERA5 полигона""}",соседние поля региона в эти дни чуть ниже нормы (медианный Z -0.3) | погодного сигнала нет; вероятны агротехнические причины,"AOI-0038, сезон 2012: умеренная аномалия с 2012-04-11 по 2012-05-27 (47 дней, 6 наблюдений), фаза — весна (всходы и рост). NDVI в худший день 2012-05-09: 0.22 при норме 0.44 (Z = -1.8). Вероятная причина — ослабленный сезон без явной погодной причины (уверенность 40%). Аргументы: соседние поля региона в эти дни чуть ниже нормы (медианный Z -0.3); погодного сигнала нет; вероятны агротехнические причины. Норма: история полигона."
AOI-0038,2012,2012-10-03,2012-10-22,20,2,-2.1012854873080107,-1.5374271723002002,2,-0.17738385377544336,-0.12742062476378402,2012-10-22,0.05209828068888914,0.2294821344643325,осень (озимые всходы),осень (озимые всходы),277,296,умеренная,weather_drought,0.65,история полигона,ERA5 полигона,0,-0.20657992281632023,0.22807017543859648,"{""available"": true, ""before"": {""precip_mm"": 2.11041271371215, ""temp_c"": 18.834788428412562, ""dry_days"": 30, ""hot_days"": 0, ""max_dry_spell"": 30, ""n_days"": 30, ""precip_deficit_pct"": 93.2713569928155, ""temp_anomaly_c"": 1.283440801832409, ""precip_norm_mm"": 31.36461113271664, ""temp_norm_c"": 17.551347626580153, ""norm_years"": 15}, ""during"": {""precip_mm"": 13.987821947843317, ""temp_c"": 13.378951263427755, ""dry_days"": 17, ""hot_days"": 0, ""max_dry_spell"": 10, ""n_days"": 20, ""precip_deficit_pct"": 35.72336441229895, ""temp_anomaly_c"": 2.4282737127939846, ""precip_norm_mm"": 21.761907448870588, ""temp_norm_c"": 10.95067755063377, ""norm_years"": 15}, ""combined"": {""precip_mm"": 16.098234661555466, ""temp_c"": 16.652453562418643, ""dry_days"": 47, ""hot_days"": 0, ""max_dry_spell"": 32, ""n_days"": 50, ""precip_deficit_pct"": 69.69830681294663, ""temp_anomaly_c"": 1.74137396621704, ""precip_norm_mm"": 53.126518581587234, ""temp_norm_c"": 14.911079596201603, ""norm_years"": 15}, ""source"": ""ERA5 полигона""}","за 30 дней до и во время эпизода осадков 16 мм при норме 53 мм (дефицит 70 %) | сухая серия 32 дней подряд | за 30 дней до эпизода: осадков 2 мм при норме 31 мм | другие поля региона в эти дни в норме (медианный Z -0.2, ниже нормы 23% из 57) — причина локальная, на самом поле","AOI-0038, сезон 2012: умеренная аномалия с 2012-10-03 по 2012-10-22 (20 дней, 2 наблюдений), фаза — осень (озимые всходы). NDVI в худший день 2012-10-22: 0.05 при норме 0.23 (Z = -2.1). Вероятная причина — погодный стресс: дефицит осадков и/или жара (уверенность 65%). Аргументы: за 30 дней до и во время эпизода осадков 16 мм при норме 53 мм (дефицит 70 %); сухая серия 32 дней подряд; за 30 дней до эпизода: осадков 2 мм при норме 31 мм; другие поля региона в эти дни в норме (медианный Z -0.2, ниже нормы 23% из 57) — причина локальная, на самом поле. Норма: история полигона."
AOI-0038,2013,2013-04-02,2013-07-23,113,27,-2.329649828566804,-1.605871738581379,22,-0.22565524803895057,-0.1466171936824463,2013-06-02,0.2002164405345356,0.4141491371662029,весна (всходы и рост),созревание и уборка,92,204,критическая,unsown_or_changed,0.8,история полигона,ERA5 полигона,0,-0.2810122698671027,0.03508771929824561,"{""available"": true, ""before"": {""precip_mm"": 0.0122636556625366, ""temp_c"": 8.47976964314779, ""dry_days"": 1, ""hot_days"": 0, ""max_dry_spell"": 1, ""n_days"": 30}, ""during"": {""precip_mm"": 91.72534020420287, ""temp_c"": 20.329125712121854, ""dry_days"": 93, ""hot_days"": 16, ""max_dry_spell"": 18, ""n_days"": 113, ""precip_deficit_pct"": 25.761088958716517, ""temp_anomaly_c"": 0.7919682820637988, ""precip_norm_mm"": 123.5542640882695, ""temp_norm_c"": 19.537157430058055, ""norm_years"": 15}, ""combined"": {""precip_mm"": 91.7376038598654, ""temp_c"": 20.225183992218575, ""dry_days"": 94, ""hot_days"": 16, ""max_dry_spell"": 18, ""n_days"": 143}, ""source"": ""ERA5 полигона""}","другие поля региона в эти дни в норме (медианный Z -0.3, ниже нормы 4% из 57) — причина локальная, на самом поле | пик главного сезона всего 0.28 при норме 0.45: кривая плоская с весны — поле не засеяно, под паром или занято другой культурой","AOI-0038, сезон 2013: критическая аномалия с 2013-04-02 по 2013-07-23 (113 дней, 27 наблюдений), фаза — весна (всходы и рост). NDVI в худший день 2013-06-02: 0.20 при норме 0.41 (Z = -2.3). Вероятная причина — поле не засеяно, под паром или сменилась культура (уверенность 80%). Аргументы: другие поля региона в эти дни в норме (медианный Z -0.3, ниже нормы 4% из 57) — причина локальная, на самом поле; пик главного сезона всего 0.28 при норме 0.45: кривая плоская с весны — поле не засеяно, под паром или занято другой культурой. Норма: история полигона."
AOI-0038,2014,2014-06-08,2014-10-30,145,31,-2.1911689640974603,-1.6873135869815048,26,-0.14112125687966326,-0.10431627846191535,2014-07-24,0.11727605298110302,0.21936135380774197,пик вегетации,осень (озимые всходы),159,303,критическая,weak_season,0.4,история полигона,ERA5 полигона,0,-0.6449916895826422,0.17543859649122806,"{""available"": true, ""before"": {""precip_mm"": 14.533925409146775, ""temp_c"": 23.708623843722897, ""dry_days"": 27, ""hot_days"": 5, ""max_dry_spell"": 17, ""n_days"": 30, ""precip_deficit_pct"": 64.29213557053454, ""temp_anomaly_c"": 4.5934325451321065, ""precip_norm_mm"": 40.70230925698724, ""temp_norm_c"": 19.11519129859079, ""norm_years"": 15}, ""during"": {""precip_mm"": 115.7992681490505, ""temp_c"": 20.089104347667497, ""dry_days"": 121, ""hot_days"": 34, ""max_dry_spell"": 30, ""n_days"": 145, ""precip_deficit_pct"": 3.7702874414826004, ""temp_anomaly_c"": -1.0536725825459534, ""precip_norm_mm"": 120.33629226381908, ""temp_norm_c"": 21.14277693021345, ""norm_years"": 15}, ""combined"": {""precip_mm"": 130.33319355819728, ""temp_c"": 20.70959340413414, ""dry_days"": 148, ""hot_days"": 39, ""max_dry_spell"": 30, ""n_days"": 175, ""precip_deficit_pct"": 19.06711041491618, ""temp_anomaly_c"": -0.08559741780114649, ""precip_norm_mm"": 161.0386015208063, ""temp_norm_c"": 20.795190821935286, ""norm_years"": 15}, ""source"": ""ERA5 полигона""}",сухая серия 30 дней подряд | соседние поля региона в эти дни чуть ниже нормы (медианный Z -0.6) | погодного сигнала нет; вероятны агротехнические причины,"AOI-0038, сезон 2014: критическая аномалия с 2014-06-08 по 2014-10-30 (145 дней, 31 наблюдений), фаза — пик вегетации. NDVI в худший день 2014-07-24: 0.12 при норме 0.22 (Z = -2.2). Вероятная причина — ослабленный сезон без явной погодной причины (уверенность 40%). Аргументы: сухая серия 30 дней подряд; соседние поля региона в эти дни чуть ниже нормы (медианный Z -0.6); погодного сигнала нет; вероятны агротехнические причины. Норма: история полигона."
AOI-0038,2015,2015-04-02,2015-05-29,58,10,-2.1718013431985392,-1.8915314071057678,36,-0.2549444894659225,-0.2069570062463158,2015-04-16,0.11846578219321917,0.3269660590034189,весна (всходы и рост),пик вегетации,92,149,критическая,unsown_or_changed,0.8,история полигона,ERA5 полигона,0,-0.5917101326723009,0.3157894736842105,"{""available"": true, ""before"": {""precip_mm"": 0.8267320241657217, ""temp_c"": 3.219695027669274, ""dry_days"": 1, ""hot_days"": 0, ""max_dry_spell"": 1, ""n_days"": 30}, ""during"": {""precip_mm"": 63.62302274707332, ""temp_c"": 13.614738510394941, ""dry_days"": 42, ""hot_days"": 0, ""max_dry_spell"": 14, ""n_days"": 58, ""precip_deficit_pct"": 14.633274195246337, ""temp_anomaly_c"": -0.8954776321791176, ""precip_norm_mm"": 74.52906521516192, ""temp_norm_c"": 14.510216142574059, ""norm_years"": 15}, ""combined"": {""precip_mm"": 64.44975477123904, ""temp_c"": 13.438551332721621, ""dry_days"": 43, ""hot_days"": 0, ""max_dry_spell"": 14, ""n_days"": 88}, ""source"": ""ERA5 полигона""}","соседние поля региона в эти дни чуть ниже нормы (медианный Z -0.6) | пик главного сезона всего 0.35 при норме 0.45: кривая плоская с весны — поле не засеяно, под паром или занято другой культурой","AOI-0038, сезон 2015: критическая аномалия с 2015-04-02 по 2015-05-29 (58 дней, 10 наблюдений), фаза — весна (всходы и рост). NDVI в худший день 2015-04-16: 0.12 при норме 0.33 (Z = -2.2). Вероятная причина — поле не засеяно, под паром или сменилась культура (уверенность 80%). Аргументы: соседние поля региона в эти дни чуть ниже нормы (медианный Z -0.6); пик главного сезона всего 0.35 при норме 0.45: кривая плоская с весны — поле не засеяно, под паром или занято другой культурой. Норма: история полигона."
AOI-0038,2018,2018-06-05,2018-07-05,31,11,-1.3061522061347022,-1.2142330389714528,0,-0.11702179482761302,-0.09271662580455395,2018-06-14,0.21367001107071176,0.3286239129692553,пик вегетации,созревание и уборка,156,186,умеренная,weather_drought,0.8,история полигона,ERA5 полигона,0,-0.7413075749073703,0.3157894736842105,"{""available"": true, ""before"": {""precip_mm"": 7.368071722925862, ""temp_c"": 20.120740551418756, ""dry_days"": 28, ""hot_days"": 1, ""max_dry_spell"": 22, ""n_days"": 30, ""precip_deficit_pct"": 83.65947013662324, ""temp_anomaly_c"": 1.3707175812897923, ""precip_norm_mm"": 45.090776030706095, ""temp_norm_c"": 18.750022970128963, ""norm_years"": 15}, ""during"": {""precip_mm"": 19.965675447259912, ""temp_c"": 26.0659738438104, ""dry_days"": 29, ""hot_days"": 12, ""max_dry_spell"": 28, ""n_days"": 31, ""precip_deficit_pct"": 15.44303025570455, ""temp_anomaly_c"": 1.5160121815178975, ""precip_norm_mm"": 23.612099047112405, ""temp_norm_c"": 24.549961662292503, ""norm_years"": 15}, ""combined"": {""precip_mm"": 27.333747170185774, ""temp_c"": 23.142088618044017, ""dry_days"": 57, ""hot_days"": 13, ""max_dry_spell"": 50, ""n_days"": 61, ""precip_deficit_pct"": 60.21455122624004, ""temp_anomaly_c"": 1.4445558207499793, ""precip_norm_mm"": 68.70287507781849, ""temp_norm_c"": 21.697532797294038, ""norm_years"": 15}, ""source"": ""ERA5 полигона""}","за 30 дней до и во время эпизода осадков 27 мм при норме 69 мм (дефицит 60 %) | температура выше нормы на 1.4 °C (23.1 против 21.7 °C), жарких дней 13 | сухая серия 50 дней подряд | за 30 дней до эпизода: осадков 7 мм при норме 45 мм | соседние поля региона в эти дни тоже ниже нормы (медианный Z -0.7, ниже нормы 32% из 57 полей) — явление региональное","AOI-0038, сезон 2018: умеренная аномалия с 2018-06-05 по 2018-07-05 (31 дней, 11 наблюдений), фаза — пик вегетации. NDVI в худший день 2018-06-14: 0.21 при норме 0.33 (Z = -1.3). Вероятная причина — погодный стресс: дефицит осадков и/или жара (уверенность 80%). Аргументы: за 30 дней до и во время эпизода осадков 27 мм при норме 69 мм (дефицит 60 %); температура выше нормы на 1.4 °C (23.1 против 21.7 °C), жарких дней 13; сухая серия 50 дней подряд; за 30 дней до эпизода: осадков 7 мм при норме 45 мм; соседние поля региона в эти дни тоже ниже нормы (медианный Z -0.7, ниже нормы 32% из 57 полей) — явление региональное. Норма: история полигона."
AOI-0038,2019,2019-06-12,2019-07-10,29,14,-1.3668025421950571,-1.2621758397280536,0,-0.10600600084900777,-0.08569141797278014,2019-06-24,0.17522662396721045,0.26665444433054797,пик вегетации,созревание и уборка,163,191,умеренная,weather_drought,0.65,история полигона,ERA5 полигона,0,-0.4749069926333036,0.2631578947368421,"{""available"": true, ""before"": {""precip_mm"": 18.91510588267664, ""temp_c"": 22.02149959140356, ""dry_days"": 25, ""hot_days"": 3, ""max_dry_spell"": 15, ""n_days"": 30, ""precip_deficit_pct"": 45.71108985693786, ""temp_anomaly_c"": 1.731586719089087, ""precip_norm_mm"": 34.84156493993258, ""temp_norm_c"": 20.289912872314474, ""norm_years"": 15}, ""during"": {""precip_mm"": 3.7587178830662533, ""temp_c"": 26.44184085363631, ""dry_days"": 28, ""hot_days"": 16, ""max_dry_spell"": 27, ""n_days"": 29, ""precip_deficit_pct"": 85.3956458412345, ""temp_anomaly_c"": 1.0254011643800602, ""precip_norm_mm"": 25.73696749753414, ""temp_norm_c"": 25.41643968925625, ""norm_years"": 15}, ""combined"": {""precip_mm"": 22.673823765742895, ""temp_c"": 24.19420970334848, ""dry_days"": 53, ""hot_days"": 19, ""max_dry_spell"": 42, ""n_days"": 59, ""precip_deficit_pct"": 62.57119006778786, ""temp_anomaly_c"": 1.3844785650795792, ""precip_norm_mm"": 60.578532437466734, ""temp_norm_c"": 22.8097311382689, ""norm_years"": 15}, ""source"": ""ERA5 полигона""}","за 30 дней до и во время эпизода осадков 23 мм при норме 61 мм (дефицит 63 %) | температура выше нормы на 1.4 °C (24.2 против 22.8 °C), жарких дней 19 | сухая серия 42 дней подряд | за 30 дней до эпизода: осадков 19 мм при норме 35 мм | во время эпизода: осадков 4 мм при норме 26 мм | соседние поля региона в эти дни чуть ниже нормы (медианный Z -0.5)","AOI-0038, сезон 2019: умеренная аномалия с 2019-06-12 по 2019-07-10 (29 дней, 14 наблюдений), фаза — пик вегетации. NDVI в худший день 2019-06-24: 0.18 при норме 0.27 (Z = -1.4). Вероятная причина — погодный стресс: дефицит осадков и/или жара (уверенность 65%). Аргументы: за 30 дней до и во время эпизода осадков 23 мм при норме 61 мм (дефицит 63 %); температура выше нормы на 1.4 °C (24.2 против 22.8 °C), жарких дней 19; сухая серия 42 дней подряд; за 30 дней до эпизода: осадков 19 мм при норме 35 мм; во время эпизода: осадков 4 мм при норме 26 мм; соседние поля региона в эти дни чуть ниже нормы (медианный Z -0.5). Норма: история полигона."
AOI-0038,2020,2020-07-04,2020-10-13,102,50,-1.7288871968693948,-1.2667445995071007,0,-0.09622772296781792,-0.07468287784360883,2020-09-08,0.14108127961914046,0.21023676749391626,созревание и уборка,осень (озимые всходы),186,287,умеренная,weather_drought,0.8,история полигона,ERA5 полигона,0,-0.7857571567335998,0.2807017543859649,"{""available"": true, ""before"": {""precip_mm"": 6.876728444808577, ""temp_c"": 25.985717603895424, ""dry_days"": 28, ""hot_days"": 16, ""max_dry_spell"": 24, ""n_days"": 30, ""precip_deficit_pct"": 69.94176702982753, ""temp_anomaly_c"": 1.659127705185501, ""precip_norm_mm"": 22.878019648169357, ""temp_norm_c"": 24.326589898709923, ""norm_years"": 15}, ""during"": {""precip_mm"": 7.947531812472871, ""temp_c"": 22.763096272088365, ""dry_days"": 100, ""hot_days"": 23, ""max_dry_spell"": 61, ""n_days"": 102, ""precip_deficit_pct"": 90.52202547454559, ""temp_anomaly_c"": 0.6385773290995687, ""precip_norm_mm"": 83.85263951837675, ""temp_norm_c"": 22.124518942988797, ""norm_years"": 15}, ""combined"": {""precip_mm"": 14.82426025728145, ""temp_c"": 23.49551021113542, ""dry_days"": 128, ""hot_days"": 39, ""max_dry_spell"": 61, ""n_days"": 132, ""precip_deficit_pct"": 86.11058867897633, ""temp_anomaly_c"": 0.8705205963918239, ""precip_norm_mm"": 106.73065916654613, ""temp_norm_c"": 22.624989614743598, ""norm_years"": 15}, ""source"": ""ERA5 полигона""}","за 30 дней до и во время эпизода осадков 15 мм при норме 107 мм (дефицит 86 %) | сухая серия 61 дней подряд | за 30 дней до эпизода: осадков 7 мм при норме 23 мм | во время эпизода: осадков 8 мм при норме 84 мм | соседние поля региона в эти дни тоже ниже нормы (медианный Z -0.8, ниже нормы 28% из 57 полей) — явление региональное","AOI-0038, сезон 2020: умеренная аномалия с 2020-07-04 по 2020-10-13 (102 дней, 50 наблюдений), фаза — созревание и уборка. NDVI в худший день 2020-09-08: 0.14 при норме 0.21 (Z = -1.7). Вероятная причина — погодный стресс: дефицит осадков и/или жара (уверенность 80%). Аргументы: за 30 дней до и во время эпизода осадков 15 мм при норме 107 мм (дефицит 86 %); сухая серия 61 дней подряд; за 30 дней до эпизода: осадков 7 мм при норме 23 мм; во время эпизода: осадков 8 мм при норме 84 мм; соседние поля региона в эти дни тоже ниже нормы (медианный Z -0.8, ниже нормы 28% из 57 полей) — явление региональное. Норма: история полигона."
AOI-0038,2021,2021-04-01,2021-04-13,13,2,-2.469417929888733,-1.6878593658426746,4,-0.20375296022116676,-0.14890128696928775,2021-04-01,0.02398641834370915,0.22773937856487592,весна (всходы и рост),весна (всходы и рост),91,103,умеренная,weather_drought,0.5,история полигона,ERA5 полигона,0,-0.9407087320876255,0.48148148148148145,"{""available"": true, ""during"": {""precip_mm"": 31.32147725555612, ""temp_c"": 9.504729109544057, ""dry_days"": 8, ""hot_days"": 0, ""max_dry_spell"": 4, ""n_days"": 13, ""precip_deficit_pct"": -153.23493301357897, ""temp_anomaly_c"": 0.46715216188350794, ""precip_norm_mm"": 12.368545240903472, ""temp_norm_c"": 9.037576947660549, ""norm_years"": 15}, ""combined"": {""precip_mm"": 31.32147725555612, ""temp_c"": 9.504729109544057, ""dry_days"": 8, ""hot_days"": 0, ""max_dry_spell"": 4, ""n_days"": 43}, ""source"": ""ERA5 полигона""}","соседние поля региона в эти дни тоже ниже нормы (медианный Z -0.9, ниже нормы 48% из 54 полей) — явление региональное | явного дефицита осадков в ERA5 нет, но угнетены все поля региона — вероятен региональный погодный фактор (заморозки, суховей, град)","AOI-0038, сезон 2021: умеренная аномалия с 2021-04-01 по 2021-04-13 (13 дней, 2 наблюдений), фаза — весна (всходы и рост). NDVI в худший день 2021-04-01: 0.02 при норме 0.23 (Z = -2.5). Вероятная причина — погодный стресс: дефицит осадков и/или жара (уверенность 50%). Аргументы: соседние поля региона в эти дни тоже ниже нормы (медианный Z -0.9, ниже нормы 48% из 54 полей) — явление региональное; явного дефицита осадков в ERA5 нет, но угнетены все поля региона — вероятен региональный погодный фактор (заморозки, суховей, град). Норма: история полигона."
AOI-0040,2012,2012-05-21,2012-07-04,45,3,-1.3308951441038868,-1.2087958001604004,0,-0.2426165202973446,-0.18586409935924905,2012-06-22,0.10026111631155285,0.24342061829759487,пик вегетации,созревание и уборка,142,186,умеренная,weather_drought,0.75,история полигона,ERA5 полигона,0,-0.30449332620725283,0.2631578947368421,"{""available"": true, ""before"": {""precip_mm"": 20.725235617874205, ""temp_c"": 20.01686937544083, ""dry_days"": 27, ""hot_days"": 0, ""max_dry_spell"": 26, ""n_days"": 30, ""precip_deficit_pct"": 50.2898917023046, ""temp_anomaly_c"": 4.693341679749665, ""precip_norm_mm"": 41.692195667244285, ""temp_norm_c"": 15.323527695691165, ""norm_years"": 15}, ""during"": {""precip_mm"": 39.20942192710797, ""temp_c"": 23.921304109361458, ""dry_days"": 33, ""hot_days"": 9, ""max_dry_spell"": 9, ""n_days"": 45, ""precip_deficit_pct"": -0.01617925572572343, ""temp_anomaly_c"": 0.7206988332300988, ""precip_norm_mm"": 39.2030791606782, ""temp_norm_c"": 23.20060527613136, ""norm_years"": 15}, ""combined"": {""precip_mm"": 59.93465754498217, ""temp_c"": 22.359530215793207, ""dry_days"": 60, ""hot_days"": 9, ""max_dry_spell"": 26, ""n_days"": 75, ""precip_deficit_pct"": 25.91080545498732, ""temp_anomaly_c"": 2.3097559718379195, ""precip_norm_mm"": 80.89527482792249, ""temp_norm_c"": 20.049774243955287, ""norm_years"": 15}, ""source"": ""ERA5 полигона""}","температура выше нормы на 2.3 °C (22.4 против 20.0 °C), жарких дней 9 | сухая серия 26 дней подряд | за 30 дней до эпизода: осадков 21 мм при норме 42 мм | соседние поля региона в эти дни чуть ниже нормы (медианный Z -0.3) | пик на уровне нормы (85%), но спад начался на 31 дней раньше обычного","AOI-0040, сезон 2012: умеренная аномалия с 2012-05-21 по 2012-07-04 (45 дней, 3 наблюдений), фаза — пик вегетации. NDVI в худший день 2012-06-22: 0.10 при норме 0.24 (Z = -1.3). Вероятная причина — погодный стресс: дефицит осадков и/или жара (уверенность 75%). Аргументы: температура выше нормы на 2.3 °C (22.4 против 20.0 °C), жарких дней 9; сухая серия 26 дней подряд; за 30 дней до эпизода: осадков 21 мм при норме 42 мм; соседние поля региона в эти дни чуть ниже нормы (медианный Z -0.3); пик на уровне нормы (85%), но спад начался на 31 дней раньше обычного. Норма: история полигона."
AOI-0040,2012,2012-07-20,2012-09-12,55,5,-1.5628303913357862,-1.3930994834890333,0,-0.06738737418777763,-0.06364112305194351,2012-08-07,0.0945195030441236,0.15937963315703554,созревание и уборка,лето после уборки,202,256,умеренная,early_decline,0.6,история полигона,ERA5 полигона,0,-0.2989325012247056,0.15789473684210525,"{""available"": true, ""before"": {""precip_mm"": 44.42358424308068, ""temp_c"": 25.175659773084867, ""dry_days"": 26, ""hot_days"": 7, ""max_dry_spell"": 10, ""n_days"": 30, ""precip_deficit_pct"": -75.88123611681026, ""temp_anomaly_c"": -0.9862241992244094, ""precip_norm_mm"": 25.257716641004887, ""temp_norm_c"": 26.161883972309276, ""norm_years"": 15}, ""during"": {""precip_mm"": 27.52822734118965, ""temp_c"": 24.25570244066645, ""dry_days"": 52, ""hot_days"": 20, ""max_dry_spell"": 27, ""n_days"": 55, ""precip_deficit_pct"": 16.53940606872745, ""temp_anomaly_c"": -0.6855809796779582, ""precip_norm_mm"": 32.98350280595699, ""temp_norm_c"": 24.94128342034441, ""norm_years"": 15}, ""combined"": {""precip_mm"": 71.95181158427033, ""temp_c"": 24.58039326387295, ""dry_days"": 78, ""hot_days"": 27, ""max_dry_spell"": 35, ""n_days"": 85, ""precip_deficit_pct"": -23.541045787673088, ""temp_anomaly_c"": -0.7916903512825897, ""precip_norm_mm"": 58.24121944696188, ""temp_norm_c"": 25.37208361515554, ""norm_years"": 15}, ""source"": ""ERA5 полигона""}","сухая серия 35 дней подряд | другие поля региона в эти дни в норме (медианный Z -0.3, ниже нормы 16% из 57) — причина локальная, на самом поле | пик на уровне нормы (85%), но спад начался на 31 дней раньше обычного","AOI-0040, сезон 2012: умеренная аномалия с 2012-07-20 по 2012-09-12 (55 дней, 5 наблюдений), фаза — созревание и уборка. NDVI в худший день 2012-08-07: 0.09 при норме 0.16 (Z = -1.6). Вероятная причина — ранний спад вегетации (уборка, полегание, болезнь) (уверенность 60%). Аргументы: сухая серия 35 дней подряд; другие поля региона в эти дни в норме (медианный Z -0.3, ниже нормы 16% из 57) — причина локальная, на самом поле; пик на уровне нормы (85%), но спад начался на 31 дней раньше обычного. Норма: история полигона."
AOI-0040,2020,2020-07-18,2020-08-18,32,16,-1.4093058997577153,-1.2120944512281384,0,-0.058577309994988114,-0.054025078597266615,2020-08-03,0.09960762100789669,0.15810564547715833,созревание и уборка,лето после уборки,200,231,умеренная,weather_drought,0.8,история полигона,ERA5 полигона,0,-0.7615347850202195,0.2982456140350877,"{""available"": true, ""before"": {""precip_mm"": 10.721356176553343, ""temp_c"": 27.727467494540765, ""dry_days"": 27, ""hot_days"": 20, ""max_dry_spell"": 12, ""n_days"": 30, ""precip_deficit_pct"": 61.27747328491937, ""temp_anomaly_c"": 1.943327864894151, ""precip_norm_mm"": 27.687646148302278, ""temp_norm_c"": 25.784139629646614, ""norm_years"": 15}, ""during"": {""precip_mm"": 2.7232763232269965, ""temp_c"": 25.59197796980542, ""dry_days"": 31, ""hot_days"": 12, ""max_dry_spell"": 26, ""n_days"": 32, ""precip_deficit_pct"": 87.85270093440135, ""temp_anomaly_c"": -1.4210221264097491, ""precip_norm_mm"": 22.418780574353057, ""temp_norm_c"": 27.01300009621517, ""norm_years"": 15}, ""combined"": {""precip_mm"": 13.444632499780338, ""temp_c"": 26.625279352741877, ""dry_days"": 58, ""hot_days"": 32, ""max_dry_spell"": 29, ""n_days"": 62, ""precip_deficit_pct"": 73.16784816008158, ""temp_anomaly_c"": 0.20688915970504596, ""precip_norm_mm"": 50.106426722655335, ""temp_norm_c"": 26.41839019303683, ""norm_years"": 15}, ""source"": ""ERA5 полигона""}","за 30 дней до и во время эпизода осадков 13 мм при норме 50 мм (дефицит 73 %) | сухая серия 29 дней подряд | за 30 дней до эпизода: осадков 11 мм при норме 28 мм | во время эпизода: осадков 3 мм при норме 22 мм | соседние поля региона в эти дни тоже ниже нормы (медианный Z -0.8, ниже нормы 30% из 57 полей) — явление региональное","AOI-0040, сезон 2020: умеренная аномалия с 2020-07-18 по 2020-08-18 (32 дней, 16 наблюдений), фаза — созревание и уборка. NDVI в худший день 2020-08-03: 0.10 при норме 0.16 (Z = -1.4). Вероятная причина — погодный стресс: дефицит осадков и/или жара (уверенность 80%). Аргументы: за 30 дней до и во время эпизода осадков 13 мм при норме 50 мм (дефицит 73 %); сухая серия 29 дней подряд; за 30 дней до эпизода: осадков 11 мм при норме 28 мм; во время эпизода: осадков 3 мм при норме 22 мм; соседние поля региона в эти дни тоже ниже нормы (медианный Z -0.8, ниже нормы 30% из 57 полей) — явление региональное. Норма: история полигона."
AOI-0041,2011,2011-07-12,2011-08-09,29,4,-1.5439937979358678,-1.327389682187343,0,-0.07899107741529143,-0.06894294845912517,2011-07-23,0.25006533278588516,0.3184518647111164,созревание и уборка,лето после уборки,193,221,умеренная,weak_season,0.45,история полигона,ERA5 региона (медиана соседних полей),0,-0.09205232901400605,0.05263157894736842,"{""available"": true, ""before"": {""precip_mm"": 74.81506585979362, ""temp_c"": 22.67487028273327, ""dry_days"": 16, ""hot_days"": 0, ""max_dry_spell"": 5, ""n_days"": 30, ""precip_deficit_pct"": -167.60562718521803, ""temp_anomaly_c"": -1.9147896484832572, ""precip_norm_mm"": 27.957209512642955, ""temp_norm_c"": 24.589659931216527, ""norm_years"": 15}, ""during"": {""precip_mm"": 9.202644097370754, ""temp_c"": 27.54610553108806, ""dry_days"": 27, ""hot_days"": 18, ""max_dry_spell"": 11, ""n_days"": 29, ""precip_deficit_pct"": 56.13949045624731, ""temp_anomaly_c"": 1.0915723257581469, ""precip_norm_mm"": 20.98161693308814, ""temp_norm_c"": 26.454533205329913, ""norm_years"": 15}, ""combined"": {""precip_mm"": 84.01770995716439, ""temp_c"": 25.06920625226359, ""dry_days"": 43, ""hot_days"": 18, ""max_dry_spell"": 11, ""n_days"": 59, ""precip_deficit_pct"": -71.6790451653611, ""temp_anomaly_c"": -0.43708630521205194, ""precip_norm_mm"": 48.9388264457311, ""temp_norm_c"": 25.506292557475643, ""norm_years"": 15}, ""source"": ""ERA5 региона (медиана соседних полей)""}","другие поля региона в эти дни в норме (медианный Z -0.1, ниже нормы 5% из 57) — причина локальная, на самом поле | погодного сигнала нет; вероятны агротехнические причины","AOI-0041, сезон 2011: умеренная аномалия с 2011-07-12 по 2011-08-09 (29 дней, 4 наблюдений), фаза — созревание и уборка. NDVI в худший день 2011-07-23: 0.25 при норме 0.32 (Z = -1.5). Вероятная причина — ослабленный сезон без явной погодной причины (уверенность 45%). Аргументы: другие поля региона в эти дни в норме (медианный Z -0.1, ниже нормы 5% из 57) — причина локальная, на самом поле; погодного сигнала нет; вероятны агротехнические причины. Норма: история полигона."
AOI-0041,2012,2012-05-05,2012-07-06,63,5,-2.4904241479132323,-2.0164786313739107,38,-0.14700068271623873,-0.1197574100380645,2012-05-22,0.396234401383899,0.5231744915489327,весна (всходы и рост),созревание и уборка,126,188,критическая,weather_drought,0.65,история полигона,ERA5 региона (медиана соседних полей),0,-0.3051531809226968,0.21052631578947367,"{""available"": true, ""before"": {""precip_mm"": 25.36609179367133, ""temp_c"": 15.721350522520707, ""dry_days"": 22, ""hot_days"": 0, ""max_dry_spell"": 11, ""n_days"": 30, ""precip_deficit_pct"": 31.37181302898464, ""temp_anomaly_c"": 3.6241634096328443, ""precip_norm_mm"": 36.961623078261596, ""temp_norm_c"": 12.097187112887863, ""norm_years"": 15}, ""during"": {""precip_mm"": 79.86849390405412, ""temp_c"": 22.687401320314198, ""dry_days"": 45, ""hot_days"": 7, ""max_dry_spell"": 12, ""n_days"": 63, ""precip_deficit_pct"": 4.07398882879818, ""temp_anomaly_c"": 1.7246424422004196, ""precip_norm_mm"": 83.26051811068282, ""temp_norm_c"": 20.962758878113778, ""norm_years"": 15}, ""combined"": {""precip_mm"": 105.23458569772545, ""temp_c"": 20.44028815973565, ""dry_days"": 67, ""hot_days"": 7, ""max_dry_spell"": 23, ""n_days"": 93, ""precip_deficit_pct"": 12.46655178738173, ""temp_anomaly_c"": 2.3373911413721693, ""precip_norm_mm"": 120.22214118894438, ""temp_norm_c"": 18.102897018363482, ""norm_years"": 15}, ""source"": ""ERA5 региона (медиана соседних полей)""}","температура выше нормы на 2.3 °C (20.4 против 18.1 °C), жарких дней 7 | сухая серия 23 дней подряд | соседние поля региона в эти дни чуть ниже нормы (медианный Z -0.3)","AOI-0041, сезон 2012: критическая аномалия с 2012-05-05 по 2012-07-06 (63 дней, 5 наблюдений), фаза — весна (всходы и рост). NDVI в худший день 2012-05-22: 0.40 при норме 0.52 (Z = -2.5). Вероятная причина — погодный стресс: дефицит осадков и/или жара (уверенность 65%). Аргументы: температура выше нормы на 2.3 °C (20.4 против 18.1 °C), жарких дней 7; сухая серия 23 дней подряд; соседние поля региона в эти дни чуть ниже нормы (медианный Z -0.3). Норма: история полигона."
AOI-0041,2012,2012-10-08,2012-10-22,15,2,-2.266024007166413,-1.4313080117304637,2,-0.1885107300356706,-0.1439347546799556,2012-10-22,0.10925039998790854,0.28221630910023565,осень (озимые всходы),осень (озимые всходы),282,296,умеренная,weather_drought,0.65,история полигона,ERA5 региона (медиана соседних полей),0,-0.13892863108875717,0.22807017543859648,"{""available"": true, ""before"": {""precip_mm"": 5.013567544278175, ""temp_c"": 19.073911365461967, ""dry_days"": 28, ""hot_days"": 0, ""max_dry_spell"": 14, ""n_days"": 30, ""precip_deficit_pct"": 81.65860530451472, ""temp_anomaly_c"": 2.2569948592637346, ""precip_norm_mm"": 27.33471269506162, ""temp_norm_c"": 16.816916506198233, ""norm_years"": 15}, ""during"": {""precip_mm"": 15.362442360069752, ""temp_c"": 13.882016067504905, ""dry_days"": 11, ""hot_days"": 0, ""max_dry_spell"": 10, ""n_days"": 15, ""precip_deficit_pct"": 16.15934783426661, ""temp_anomaly_c"": 2.5022406570461477, ""precip_norm_mm"": 18.323381275352904, ""temp_norm_c"": 11.379775410458757, ""norm_years"": 15}, ""combined"": {""precip_mm"": 20.376009904347924, ""temp_c"": 17.34327959947628, ""dry_days"": 39, ""hot_days"": 0, ""max_dry_spell"": 14, ""n_days"": 45, ""precip_deficit_pct"": 55.372622611992625, ""temp_anomaly_c"": 2.33874345852454, ""precip_norm_mm"": 45.65809397041452, ""temp_norm_c"": 15.004536140951739, ""norm_years"": 15}, ""source"": ""ERA5 региона (медиана соседних полей)""}","за 30 дней до и во время эпизода осадков 20 мм при норме 46 мм (дефицит 55 %) | за 30 дней до эпизода: осадков 5 мм при норме 27 мм | другие поля региона в эти дни в норме (медианный Z -0.1, ниже нормы 23% из 57) — причина локальная, на самом поле","AOI-0041, сезон 2012: умеренная аномалия с 2012-10-08 по 2012-10-22 (15 дней, 2 наблюдений), фаза — осень (озимые всходы). NDVI в худший день 2012-10-22: 0.11 при норме 0.28 (Z = -2.3). Вероятная причина — погодный стресс: дефицит осадков и/или жара (уверенность 65%). Аргументы: за 30 дней до и во время эпизода осадков 20 мм при норме 46 мм (дефицит 55 %); за 30 дней до эпизода: осадков 5 мм при норме 27 мм; другие поля региона в эти дни в норме (медианный Z -0.1, ниже нормы 23% из 57) — причина локальная, на самом поле. Норма: история полигона."
AOI-0041,2013,2013-05-13,2013-06-21,40,5,-1.488518391810843,-1.3173980949619513,0,-0.11588376477716344,-0.08827858264953316,2013-06-09,0.35007537028475005,0.46543300265631043,весна (всходы и рост),пик вегетации,133,172,умеренная,weather_drought,0.75,история полигона,ERA5 региона (медиана соседних полей),0,-0.3962771185474657,0.17543859649122806,"{""available"": true, ""before"": {""precip_mm"": 10.890764229365857, ""temp_c"": 15.113017674400716, ""dry_days"": 27, ""hot_days"": 0, ""max_dry_spell"": 19, ""n_days"": 30, ""precip_deficit_pct"": 74.28043993021629, ""temp_anomaly_c"": 1.3235308038710407, ""precip_norm_mm"": 42.34428660450039, ""temp_norm_c"": 13.789486870529675, ""norm_years"": 15}, ""during"": {""precip_mm"": 41.274358282290535, ""temp_c"": 22.28134494463605, ""dry_days"": 28, ""hot_days"": 3, ""max_dry_spell"": 8, ""n_days"": 40, ""precip_deficit_pct"": 21.839440401937182, ""temp_anomaly_c"": 1.5387687013716906, ""precip_norm_mm"": 52.80714275146196, ""temp_norm_c"": 20.74257624326436, ""norm_years"": 15}, ""combined"": {""precip_mm"": 52.16512251165639, ""temp_c"": 19.209204685963762, ""dry_days"": 55, ""hot_days"": 3, ""max_dry_spell"": 21, ""n_days"": 70, ""precip_deficit_pct"": 45.17673264107657, ""temp_anomaly_c"": 1.4465238881571238, ""precip_norm_mm"": 95.15142935596234, ""temp_norm_c"": 17.762680797806638, ""norm_years"": 15}, ""source"": ""ERA5 региона (медиана соседних полей)""}","за 30 дней до и во время эпизода осадков 52 мм при норме 95 мм (дефицит 45 %) | сухая серия 21 дней подряд | за 30 дней до эпизода: осадков 11 мм при норме 42 мм | соседние поля региона в эти дни чуть ниже нормы (медианный Z -0.4) | пик на уровне нормы (92%), но спад начался на 18 дней раньше обычного","AOI-0041, сезон 2013: умеренная аномалия с 2013-05-13 по 2013-06-21 (40 дней, 5 наблюдений), фаза — весна (всходы и рост). NDVI в худший день 2013-06-09: 0.35 при норме 0.47 (Z = -1.5). Вероятная причина — погодный стресс: дефицит осадков и/или жара (уверенность 75%). Аргументы: за 30 дней до и во время эпизода осадков 52 мм при норме 95 мм (дефицит 45 %); сухая серия 21 дней подряд; за 30 дней до эпизода: осадков 11 мм при норме 42 мм; соседние поля региона в эти дни чуть ниже нормы (медианный Z -0.4); пик на уровне нормы (92%), но спад начался на 18 дней раньше обычного. Норма: история полигона."
AOI-0041,2015,2015-04-03,2015-06-26,85,15,-1.7239852569590726,-1.3527953705261493,0,-0.11944127854900088,-0.08859083342044569,2015-05-30,0.3927347876821219,0.5049594942896837,весна (всходы и рост),созревание и уборка,93,177,умеренная,weak_season,0.4,история полигона,ERA5 региона (медиана соседних полей),0,-0.36183528435064877,0.21052631578947367,"{""available"": true, ""before"": {""precip_mm"": 17.067975505767663, ""temp_c"": 5.98019116719567, ""dry_days"": 0, ""hot_days"": 0, ""max_dry_spell"": 0, ""n_days"": 30}, ""during"": {""precip_mm"": 136.47525666840932, ""temp_c"": 16.68026880600876, ""dry_days"": 53, ""hot_days"": 0, ""max_dry_spell"": 16, ""n_days"": 85, ""precip_deficit_pct"": -25.607364301506742, ""temp_anomaly_c"": -0.6286416291641395, ""precip_norm_mm"": 108.65227323838704, ""temp_norm_c"": 17.308910435172898, ""norm_years"": 15}, ""combined"": {""precip_mm"": 153.54323217417698, ""temp_c"": 16.434290009714204, ""dry_days"": 53, ""hot_days"": 0, ""max_dry_spell"": 16, ""n_days"": 115}, ""source"": ""ERA5 региона (медиана соседних полей)""}",соседние поля региона в эти дни чуть ниже нормы (медианный Z -0.4) | погодного сигнала нет; вероятны агротехнические причины,"AOI-0041, сезон 2015: умеренная аномалия с 2015-04-03 по 2015-06-26 (85 дней, 15 наблюдений), фаза — весна (всходы и рост). NDVI в худший день 2015-05-30: 0.39 при норме 0.50 (Z = -1.7). Вероятная причина — ослабленный сезон без явной погодной причины (уверенность 40%). Аргументы: соседние поля региона в эти дни чуть ниже нормы (медианный Z -0.4); погодного сигнала нет; вероятны агротехнические причины. Норма: история полигона."
AOI-0041,2018,2018-04-01,2018-04-08,8,2,-2.3694384969589137,-1.5698739714929186,1,-0.13181028047862273,-0.10236413405144634,2018-04-01,0.2236450766299618,0.3261986978591823,весна (всходы и рост),весна (всходы и рост),91,98,умеренная,weak_season,0.4,история полигона,ERA5 региона (медиана соседних полей),0,-0.571269403420844,0.22807017543859648,"{""available"": true, ""during"": {""precip_mm"": 4.394936997130117, ""temp_c"": 9.023654635747292, ""dry_days"": 6, ""hot_days"": 0, ""max_dry_spell"": 5, ""n_days"": 8, ""precip_deficit_pct"": 59.54412258216235, ""temp_anomaly_c"": -0.22455347579203178, ""precip_norm_mm"": 10.863531525316315, ""temp_norm_c"": 9.248208111539324, ""norm_years"": 15}, ""combined"": {""precip_mm"": 4.394936997130117, ""temp_c"": 9.023654635747292, ""dry_days"": 6, ""hot_days"": 0, ""max_dry_spell"": 5, ""n_days"": 38}, ""source"": ""ERA5 региона (медиана соседних полей)""}",соседние поля региона в эти дни чуть ниже нормы (медианный Z -0.6) | погодного сигнала нет; вероятны агротехнические причины,"AOI-0041, сезон 2018: умеренная аномалия с 2018-04-01 по 2018-04-08 (8 дней, 2 наблюдений), фаза — весна (всходы и рост). NDVI в худший день 2018-04-01: 0.22 при норме 0.33 (Z = -2.4). Вероятная причина — ослабленный сезон без явной погодной причины (уверенность 40%). Аргументы: соседние поля региона в эти дни чуть ниже нормы (медианный Z -0.6); погодного сигнала нет; вероятны агротехнические причины. Норма: история полигона."
AOI-0041,2019,2019-06-27,2019-07-16,20,9,-2.0577825485724732,-1.6498941734349042,4,-0.10169426443725235,-0.08608746445233081,2019-07-09,0.24475887865847276,0.3455810087247814,созревание и уборка,созревание и уборка,178,197,умеренная,weather_drought,0.65,история полигона,ERA5 региона (медиана соседних полей),0,-0.6635778428709779,0.2807017543859649,"{""available"": true, ""before"": {""precip_mm"": 1.7322568134822, ""temp_c"": 26.199017875913622, ""dry_days"": 29, ""hot_days"": 11, ""max_dry_spell"": 27, ""n_days"": 30, ""precip_deficit_pct"": 94.8866068139689, ""temp_anomaly_c"": 3.7183789212217455, ""precip_norm_mm"": 33.87685535730804, ""temp_norm_c"": 22.480638954691877, ""norm_years"": 15}, ""during"": {""precip_mm"": 26.926207866792037, ""temp_c"": 23.188336113823805, ""dry_days"": 14, ""hot_days"": 2, ""max_dry_spell"": 12, ""n_days"": 20, ""precip_deficit_pct"": -42.359781144571286, ""temp_anomaly_c"": -2.262073433689345, ""precip_norm_mm"": 18.914195884754516, ""temp_norm_c"": 25.45040954751315, ""norm_years"": 15}, ""combined"": {""precip_mm"": 28.65846468027424, ""temp_c"": 24.99474517107769, ""dry_days"": 43, ""hot_days"": 13, ""max_dry_spell"": 27, ""n_days"": 50, ""precip_deficit_pct"": 45.71340405996707, ""temp_anomaly_c"": 1.326197979257298, ""precip_norm_mm"": 52.79105124206256, ""temp_norm_c"": 23.66854719182039, ""norm_years"": 15}, ""source"": ""ERA5 региона (медиана соседних полей)""}","за 30 дней до и во время эпизода осадков 29 мм при норме 53 мм (дефицит 46 %) | температура выше нормы на 1.3 °C (25.0 против 23.7 °C), жарких дней 13 | сухая серия 27 дней подряд | за 30 дней до эпизода: осадков 2 мм при норме 34 мм | во время эпизода: осадков 27 мм при норме 19 мм | соседние поля региона в эти дни чуть ниже нормы (медианный Z -0.7)","AOI-0041, сезон 2019: умеренная аномалия с 2019-06-27 по 2019-07-16 (20 дней, 9 наблюдений), фаза — созревание и уборка. NDVI в худший день 2019-07-09: 0.24 при норме 0.35 (Z = -2.1). Вероятная причина — погодный стресс: дефицит осадков и/или жара (уверенность 65%). Аргументы: за 30 дней до и во время эпизода осадков 29 мм при норме 53 мм (дефицит 46 %); температура выше нормы на 1.3 °C (25.0 против 23.7 °C), жарких дней 13; сухая серия 27 дней подряд; за 30 дней до эпизода: осадков 2 мм при норме 34 мм; во время эпизода: осадков 27 мм при норме 19 мм; соседние поля региона в эти дни чуть ниже нормы (медианный Z -0.7). Норма: история полигона."
AOI-0041,2020,2020-04-12,2020-05-17,36,12,-2.6087929077895247,-1.9329870440510188,17,-0.1360552674184361,-0.10786280542124342,2020-05-04,0.39707322056112526,0.5196991043686772,весна (всходы и рост),пик вегетации,103,138,критическая,crop_rotation,0.7,история полигона,ERA5 региона (медиана соседних полей),0,-0.2175255650930688,0.2807017543859649,"{""available"": true, ""before"": {""precip_mm"": 2.6157046965522563, ""temp_c"": 6.870366206313654, ""dry_days"": 10, ""hot_days"": 0, ""max_dry_spell"": 10, ""n_days"": 30}, ""during"": {""precip_mm"": 38.111695712902105, ""temp_c"": 13.244411044146041, ""dry_days"": 25, ""hot_days"": 0, ""max_dry_spell"": 12, ""n_days"": 36, ""precip_deficit_pct"": 26.517132163886714, ""temp_anomaly_c"": -1.1101820855698499, ""precip_norm_mm"": 51.86473641434561, ""temp_norm_c"": 14.35459312971589, ""norm_years"": 15}, ""combined"": {""precip_mm"": 40.727400409454354, ""temp_c"": 11.752613316142716, ""dry_days"": 35, ""hot_days"": 0, ""max_dry_spell"": 12, ""n_days"": 66}, ""source"": ""ERA5 региона (медиана соседних полей)""}","другие поля региона в эти дни в норме (медианный Z -0.2, ниже нормы 28% из 57) — причина локальная, на самом поле | пик достигнут (102% нормы), но на 26 дней позже обычного: на поле яровая культура вместо привычной озимой, весеннее отставание — смена фазы, а не угнетение","AOI-0041, сезон 2020: критическая аномалия с 2020-04-12 по 2020-05-17 (36 дней, 12 наблюдений), фаза — весна (всходы и рост). NDVI в худший день 2020-05-04: 0.40 при норме 0.52 (Z = -2.6). Вероятная причина — смена культуры: яровая вместо озимой, весеннее отставание — не угнетение (уверенность 70%). Аргументы: другие поля региона в эти дни в норме (медианный Z -0.2, ниже нормы 28% из 57) — причина локальная, на самом поле; пик достигнут (102% нормы), но на 26 дней позже обычного: на поле яровая культура вместо привычной озимой, весеннее отставание — смена фазы, а не угнетение. Норма: история полигона."
AOI-0041,2020,2020-07-17,2020-10-26,102,45,-1.829152371218642,-1.5663919953435954,0,-0.1676873801891192,-0.1090100035378061,2020-09-10,0.1828288027682918,0.29345201615724714,созревание и уборка,осень (озимые всходы),199,300,умеренная,weather_drought,0.8,история полигона,ERA5 региона (медиана соседних полей),0,-0.8018254865734366,0.2807017543859649,"{""available"": true, ""before"": {""precip_mm"": 11.24014297835032, ""temp_c"": 26.386362015053102, ""dry_days"": 26, ""hot_days"": 10, ""max_dry_spell"": 13, ""n_days"": 30, ""precip_deficit_pct"": 64.43341480134916, ""temp_anomaly_c"": 1.6571708325672532, ""precip_norm_mm"": 31.6030985701059, ""temp_norm_c"": 24.72919118248585, ""norm_years"": 15}, ""during"": {""precip_mm"": 36.49191188595279, ""temp_c"": 21.326529422945637, ""dry_days"": 97, ""hot_days"": 12, ""max_dry_spell"": 61, ""n_days"": 102, ""precip_deficit_pct"": 55.91350938439362, ""temp_anomaly_c"": 1.1567238854397246, ""precip_norm_mm"": 82.77345594170485, ""temp_norm_c"": 20.169805537505912, ""norm_years"": 15}, ""combined"": {""precip_mm"": 47.73205486430311, ""temp_c"": 22.476491375697336, ""dry_days"": 123, ""hot_days"": 22, ""max_dry_spell"": 61, ""n_days"": 132, ""precip_deficit_pct"": 58.26762305610963, ""temp_anomaly_c"": 1.270461827968706, ""precip_norm_mm"": 114.37655451181075, ""temp_norm_c"": 21.20602954772863, ""norm_years"": 15}, ""source"": ""ERA5 региона (медиана соседних полей)""}","за 30 дней до и во время эпизода осадков 48 мм при норме 114 мм (дефицит 58 %) | температура выше нормы на 1.3 °C (22.5 против 21.2 °C), жарких дней 22 | сухая серия 61 дней подряд | за 30 дней до эпизода: осадков 11 мм при норме 32 мм | во время эпизода: осадков 36 мм при норме 83 мм | соседние поля региона в эти дни тоже ниже нормы (медианный Z -0.8, ниже нормы 28% из 57 полей) — явление региональное","AOI-0041, сезон 2020: умеренная аномалия с 2020-07-17 по 2020-10-26 (102 дней, 45 наблюдений), фаза — созревание и уборка. NDVI в худший день 2020-09-10: 0.18 при норме 0.29 (Z = -1.8). Вероятная причина — погодный стресс: дефицит осадков и/или жара (уверенность 80%). Аргументы: за 30 дней до и во время эпизода осадков 48 мм при норме 114 мм (дефицит 58 %); температура выше нормы на 1.3 °C (22.5 против 21.2 °C), жарких дней 22; сухая серия 61 дней подряд; за 30 дней до эпизода: осадков 11 мм при норме 32 мм; во время эпизода: осадков 36 мм при норме 83 мм; соседние поля региона в эти дни тоже ниже нормы (медианный Z -0.8, ниже нормы 28% из 57 полей) — явление региональное. Норма: история полигона."
AOI-0041,2021,2021-04-02,2021-05-08,37,6,-2.12825133003436,-1.7733902264171668,11,-0.13859918942350585,-0.11392282965279772,2021-04-12,0.2865173189693813,0.4246688921878858,весна (всходы и рост),весна (всходы и рост),92,128,критическая,weather_drought,0.5,история полигона,ERA5 региона (медиана соседних полей),2,-0.7436413299132882,0.38596491228070173,"{""available"": true, ""before"": {""precip_mm"": 0.0017010105466397, ""temp_c"": 8.113809204101585, ""dry_days"": 1, ""hot_days"": 0, ""max_dry_spell"": 1, ""n_days"": 30}, ""during"": {""precip_mm"": 87.46610033565463, ""temp_c"": 11.467534575209394, ""dry_days"": 20, ""hot_days"": 0, ""max_dry_spell"": 12, ""n_days"": 37, ""precip_deficit_pct"": -105.07664453070448, ""temp_anomaly_c"": -1.052393318953424, ""precip_norm_mm"": 42.65044444032681, ""temp_norm_c"": 12.519927894162818, ""norm_years"": 15}, ""combined"": {""precip_mm"": 87.46780134620127, ""temp_c"": 11.379278644390766, ""dry_days"": 21, ""hot_days"": 0, ""max_dry_spell"": 12, ""n_days"": 67}, ""source"": ""ERA5 региона (медиана соседних полей)""}","соседние поля региона в эти дни тоже ниже нормы (медианный Z -0.7, ниже нормы 39% из 57 полей) — явление региональное | явного дефицита осадков в ERA5 нет, но угнетены все поля региона — вероятен региональный погодный фактор (заморозки, суховей, град)","AOI-0041, сезон 2021: критическая аномалия с 2021-04-02 по 2021-05-08 (37 дней, 6 наблюдений), фаза — весна (всходы и рост). NDVI в худший день 2021-04-12: 0.29 при норме 0.42 (Z = -2.1). Вероятная причина — погодный стресс: дефицит осадков и/или жара (уверенность 50%). Аргументы: соседние поля региона в эти дни тоже ниже нормы (медианный Z -0.7, ниже нормы 39% из 57 полей) — явление региональное; явного дефицита осадков в ERA5 нет, но угнетены все поля региона — вероятен региональный погодный фактор (заморозки, суховей, град). Норма: история полигона."
AOI-0041,2024,2024-07-05,2024-10-30,118,48,-1.91014667046764,-1.4316549103469007,0,-0.14831059490245235,-0.09535957219698708,2024-07-19,0.2430200522065088,0.3222574444510264,созревание и уборка,осень (озимые всходы),187,304,умеренная,weather_drought,0.8,история полигона,ERA5 региона (медиана соседних полей),0,-0.7004120220320795,0.21052631578947367,"{""available"": true, ""before"": {""precip_mm"": 9.596848778911797, ""temp_c"": 25.473987747474975, ""dry_days"": 26, ""hot_days"": 9, ""max_dry_spell"": 8, ""n_days"": 30, ""precip_deficit_pct"": 68.50585057373138, ""temp_anomaly_c"": 1.9271769955347438, ""precip_norm_mm"": 30.47184621187852, ""temp_norm_c"": 23.54681075194023, ""norm_years"": 15}, ""during"": {""precip_mm"": 35.42375943751921, ""temp_c"": 21.893547516443885, ""dry_days"": 109, ""hot_days"": 29, ""max_dry_spell"": 67, ""n_days"": 118, ""precip_deficit_pct"": 64.35612744135663, ""temp_anomaly_c"": 1.5634328221181484, ""precip_norm_mm"": 99.3824657498648, ""temp_norm_c"": 20.330114694325736, ""norm_years"": 15}, ""combined"": {""precip_mm"": 45.020608216431, ""temp_c"": 22.619312428139374, ""dry_days"": 135, ""hot_days"": 38, ""max_dry_spell"": 67, ""n_days"": 148, ""precip_deficit_pct"": 65.32990892925095, ""temp_anomaly_c"": 1.6371647491620571, ""precip_norm_mm"": 129.85431196174332, ""temp_norm_c"": 20.982147678977316, ""norm_years"": 15}, ""source"": ""ERA5 региона (медиана соседних полей)""}","за 30 дней до и во время эпизода осадков 45 мм при норме 130 мм (дефицит 65 %) | температура выше нормы на 1.6 °C (22.6 против 21.0 °C), жарких дней 38 | сухая серия 67 дней подряд | за 30 дней до эпизода: осадков 10 мм при норме 30 мм | во время эпизода: осадков 35 мм при норме 99 мм | соседние поля региона в эти дни тоже ниже нормы (медианный Z -0.7, ниже нормы 21% из 57 полей) — явление региональное","AOI-0041, сезон 2024: умеренная аномалия с 2024-07-05 по 2024-10-30 (118 дней, 48 наблюдений), фаза — созревание и уборка. NDVI в худший день 2024-07-19: 0.24 при норме 0.32 (Z = -1.9). Вероятная причина — погодный стресс: дефицит осадков и/или жара (уверенность 80%). Аргументы: за 30 дней до и во время эпизода осадков 45 мм при норме 130 мм (дефицит 65 %); температура выше нормы на 1.6 °C (22.6 против 21.0 °C), жарких дней 38; сухая серия 67 дней подряд; за 30 дней до эпизода: осадков 10 мм при норме 30 мм; во время эпизода: осадков 35 мм при норме 99 мм; соседние поля региона в эти дни тоже ниже нормы (медианный Z -0.7, ниже нормы 21% из 57 полей) — явление региональное. Норма: история полигона."
AOI-0042,2025,2025-04-16,2025-07-27,103,37,-1.4592152584977984,-1.24521209421329,0,-0.297777545424865,-0.20577180876069906,2025-05-21,0.16515799203599885,0.4600466469653555,весна (всходы и рост),созревание и уборка,106,208,умеренная,unsown_or_changed,0.8,среднее по культуре (истории полигона нет),ERA5 полигона,0,-0.0675755798668826,0.07792207792207792,"{""available"": true, ""before"": {""precip_mm"": 21.362035631000253, ""temp_c"": 9.689857143825975, ""dry_days"": 9, ""hot_days"": 0, ""max_dry_spell"": 4, ""n_days"": 15}, ""during"": {""precip_mm"": 120.40232530906714, ""temp_c"": 20.788586972678, ""dry_days"": 81, ""hot_days"": 19, ""max_dry_spell"": 27, ""n_days"": 103}, ""combined"": {""precip_mm"": 141.76436094006738, ""temp_c"": 19.377731485959526, ""dry_days"": 90, ""hot_days"": 19, ""max_dry_spell"": 27, ""n_days"": 118}, ""source"": ""ERA5 полигона""}","другие поля региона в эти дни в норме (медианный Z -0.1, ниже нормы 8% из 77) — причина локальная, на самом поле | пик главного сезона всего 0.17 при норме 0.46: кривая плоская с весны — поле не засеяно, под паром или занято другой культурой","AOI-0042, сезон 2025: умеренная аномалия с 2025-04-16 по 2025-07-27 (103 дней, 37 наблюдений), фаза — весна (всходы и рост). NDVI в худший день 2025-05-21: 0.17 при норме 0.46 (Z = -1.5). Вероятная причина — поле не засеяно, под паром или сменилась культура (уверенность 80%). Аргументы: другие поля региона в эти дни в норме (медианный Z -0.1, ниже нормы 8% из 77) — причина локальная, на самом поле; пик главного сезона всего 0.17 при норме 0.46: кривая плоская с весны — поле не засеяно, под паром или занято другой культурой. Норма: среднее по культуре (истории полигона нет)."
AOI-0043,2012,2012-04-04,2012-07-01,89,8,-1.5633440648170098,-1.3306116267590016,0,-0.37857552880650674,-0.2973226347045628,2012-05-16,0.20311933222518874,0.5764842573457515,весна (всходы и рост),созревание и уборка,95,183,умеренная,unsown_or_changed,0.8,история полигона,ERA5 полигона,0,-0.32795143981159375,0.17543859649122806,"{""available"": true, ""before"": {""precip_mm"": 5.907312929309683, ""temp_c"": 7.003798845079245, ""dry_days"": 1, ""hot_days"": 0, ""max_dry_spell"": 1, ""n_days"": 30}, ""during"": {""precip_mm"": 76.94533133144432, ""temp_c"": 20.920639156670184, ""dry_days"": 72, ""hot_days"": 9, ""max_dry_spell"": 16, ""n_days"": 89, ""precip_deficit_pct"": 41.944083683568465, ""temp_anomaly_c"": 3.1012234603272297, ""precip_norm_mm"": 132.53658922900598, ""temp_norm_c"": 17.819415696342954, ""norm_years"": 15}, ""combined"": {""precip_mm"": 82.852644260754, ""temp_c"": 20.46682914650961, ""dry_days"": 73, ""hot_days"": 9, ""max_dry_spell"": 16, ""n_days"": 119}, ""source"": ""ERA5 полигона""}","соседние поля региона в эти дни чуть ниже нормы (медианный Z -0.3) | пик главного сезона всего 0.20 при норме 0.58: кривая плоская с весны — поле не засеяно, под паром или занято другой культурой","AOI-0043, сезон 2012: умеренная аномалия с 2012-04-04 по 2012-07-01 (89 дней, 8 наблюдений), фаза — весна (всходы и рост). NDVI в худший день 2012-05-16: 0.20 при норме 0.58 (Z = -1.6). Вероятная причина — поле не засеяно, под паром или сменилась культура (уверенность 80%). Аргументы: соседние поля региона в эти дни чуть ниже нормы (медианный Z -0.3); пик главного сезона всего 0.20 при норме 0.58: кривая плоская с весны — поле не засеяно, под паром или занято другой культурой. Норма: история полигона."
AOI-0043,2016,2016-04-10,2016-06-23,75,11,-1.514333609329218,-1.3002137845597248,0,-0.36792903972708263,-0.3012861475728717,2016-05-16,0.2126976846711172,0.575845700516023,весна (всходы и рост),пик вегетации,101,175,умеренная,unsown_or_changed,0.8,история полигона,ERA5 полигона,0,0.58418982283176,0.05263157894736842,"{""available"": true, ""before"": {""precip_mm"": 4.9599152863741836, ""temp_c"": 10.036704988832842, ""dry_days"": 7, ""hot_days"": 0, ""max_dry_spell"": 6, ""n_days"": 30}, ""during"": {""precip_mm"": 145.3850657710234, ""temp_c"": 17.315511101616774, ""dry_days"": 52, ""hot_days"": 5, ""max_dry_spell"": 13, ""n_days"": 75, ""precip_deficit_pct"": -33.095223433174304, ""temp_anomaly_c"": -0.6998210615935179, ""precip_norm_mm"": 109.23387182562543, ""temp_norm_c"": 18.015332163210292, ""norm_years"": 15}, ""combined"": {""precip_mm"": 150.34498105739758, ""temp_c"": 16.53563901810421, ""dry_days"": 59, ""hot_days"": 5, ""max_dry_spell"": 13, ""n_days"": 105}, ""source"": ""ERA5 полигона""}","другие поля региона в эти дни в норме (медианный Z 0.6, ниже нормы 5% из 57) — причина локальная, на самом поле | пик главного сезона всего 0.21 при норме 0.58: кривая плоская с весны — поле не засеяно, под паром или занято другой культурой","AOI-0043, сезон 2016: умеренная аномалия с 2016-04-10 по 2016-06-23 (75 дней, 11 наблюдений), фаза — весна (всходы и рост). NDVI в худший день 2016-05-16: 0.21 при норме 0.58 (Z = -1.5). Вероятная причина — поле не засеяно, под паром или сменилась культура (уверенность 80%). Аргументы: другие поля региона в эти дни в норме (медианный Z 0.6, ниже нормы 5% из 57) — причина локальная, на самом поле; пик главного сезона всего 0.21 при норме 0.58: кривая плоская с весны — поле не засеяно, под паром или занято другой культурой. Норма: история полигона."
AOI-0043,2017,2017-08-07,2017-08-23,17,6,-1.3270128367843521,-1.2058723370737423,0,-0.0558651750915002,-0.05146500108454105,2017-08-14,0.12120747035924095,0.1761048860169169,созревание и уборка,лето после уборки,219,235,умеренная,weather_drought,0.65,история полигона,ERA5 полигона,0,-0.3847769312620262,0.14035087719298245,"{""available"": true, ""before"": {""precip_mm"": 10.101434735243942, ""temp_c"": 26.631781005859406, ""dry_days"": 25, ""hot_days"": 14, ""max_dry_spell"": 10, ""n_days"": 30, ""precip_deficit_pct"": 67.34426972661119, ""temp_anomaly_c"": -0.03824072025440017, ""precip_norm_mm"": 30.93311541550676, ""temp_norm_c"": 26.670021726113806, ""norm_years"": 15}, ""during"": {""precip_mm"": 8.914316275536294, ""temp_c"": 28.12390158410168, ""dry_days"": 16, ""hot_days"": 13, ""max_dry_spell"": 16, ""n_days"": 17, ""precip_deficit_pct"": 5.93652417579994, ""temp_anomaly_c"": 1.903875132791363, ""precip_norm_mm"": 9.476915665116081, ""temp_norm_c"": 26.220026451310318, ""norm_years"": 15}, ""combined"": {""precip_mm"": 19.015751010780235, ""temp_c"": 27.171484193734265, ""dry_days"": 41, ""hot_days"": 27, ""max_dry_spell"": 24, ""n_days"": 47, ""precip_deficit_pct"": 52.94299335518564, ""temp_anomaly_c"": 0.6642267159536388, ""precip_norm_mm"": 40.410031080622836, ""temp_norm_c"": 26.507257477780627, ""norm_years"": 15}, ""source"": ""ERA5 полигона""}",за 30 дней до и во время эпизода осадков 19 мм при норме 40 мм (дефицит 53 %) | сухая серия 24 дней подряд | за 30 дней до эпизода: осадков 10 мм при норме 31 мм | соседние поля региона в эти дни чуть ниже нормы (медианный Z -0.4),"AOI-0043, сезон 2017: умеренная аномалия с 2017-08-07 по 2017-08-23 (17 дней, 6 наблюдений), фаза — созревание и уборка. NDVI в худший день 2017-08-14: 0.12 при норме 0.18 (Z = -1.3). Вероятная причина — погодный стресс: дефицит осадков и/или жара (уверенность 65%). Аргументы: за 30 дней до и во время эпизода осадков 19 мм при норме 40 мм (дефицит 53 %); сухая серия 24 дней подряд; за 30 дней до эпизода: осадков 10 мм при норме 31 мм; соседние поля региона в эти дни чуть ниже нормы (медианный Z -0.4). Норма: история полигона."
AOI-0043,2019,2019-04-02,2019-06-24,84,29,-1.5051168055364563,-1.2873300164022683,0,-0.3665419872743828,-0.29950631474907025,2019-05-17,0.21451211483728366,0.5757247385049452,весна (всходы и рост),пик вегетации,92,175,умеренная,unsown_or_changed,0.8,история полигона,ERA5 полигона,0,0.4104666743619803,0.07017543859649122,"{""available"": true, ""before"": {""precip_mm"": 1.3594298551993234, ""temp_c"": 7.874014790852868, ""dry_days"": 0, ""hot_days"": 0, ""max_dry_spell"": 0, ""n_days"": 30}, ""during"": {""precip_mm"": 96.09432060306844, ""temp_c"": 18.299039012666753, ""dry_days"": 62, ""hot_days"": 10, ""max_dry_spell"": 12, ""n_days"": 84, ""precip_deficit_pct"": 23.533660823457016, ""temp_anomaly_c"": 1.1588942833047717, ""precip_norm_mm"": 125.66878660322551, ""temp_norm_c"": 17.14014472936198, ""norm_years"": 15}, ""combined"": {""precip_mm"": 97.45375045826776, ""temp_c"": 18.176391668880704, ""dry_days"": 62, ""hot_days"": 10, ""max_dry_spell"": 12, ""n_days"": 114}, ""source"": ""ERA5 полигона""}","другие поля региона в эти дни в норме (медианный Z 0.4, ниже нормы 7% из 57) — причина локальная, на самом поле | пик главного сезона всего 0.22 при норме 0.58: кривая плоская с весны — поле не засеяно, под паром или занято другой культурой","AOI-0043, сезон 2019: умеренная аномалия с 2019-04-02 по 2019-06-24 (84 дней, 29 наблюдений), фаза — весна (всходы и рост). NDVI в худший день 2019-05-17: 0.21 при норме 0.58 (Z = -1.5). Вероятная причина — поле не засеяно, под паром или сменилась культура (уверенность 80%). Аргументы: другие поля региона в эти дни в норме (медианный Z 0.4, ниже нормы 7% из 57) — причина локальная, на самом поле; пик главного сезона всего 0.22 при норме 0.58: кривая плоская с весны — поле не засеяно, под паром или занято другой культурой. Норма: история полигона."
AOI-0043,2020,2020-07-15,2020-08-16,33,12,-1.6927874797719393,-1.4498017450243796,0,-0.06771149919087757,-0.05989002986991955,2020-08-01,0.10726155859774433,0.1749730577886219,созревание и уборка,лето после уборки,197,229,умеренная,weather_drought,0.8,история полигона,ERA5 полигона,0,-0.764230868513906,0.2982456140350877,"{""available"": true, ""before"": {""precip_mm"": 20.907127541423876, ""temp_c"": 27.343962711758113, ""dry_days"": 26, ""hot_days"": 11, ""max_dry_spell"": 8, ""n_days"": 30, ""precip_deficit_pct"": 46.94267496857489, ""temp_anomaly_c"": 2.288710359644014, ""precip_norm_mm"": 39.40479006252365, ""temp_norm_c"": 25.0552523521141, ""norm_years"": 15}, ""during"": {""precip_mm"": 14.31790895103191, ""temp_c"": 25.14176582952945, ""dry_days"": 30, ""hot_days"": 10, ""max_dry_spell"": 15, ""n_days"": 33, ""precip_deficit_pct"": 47.64438263336902, ""temp_anomaly_c"": -1.8676039705372816, ""precip_norm_mm"": 27.34741689849211, ""temp_norm_c"": 27.009369800066732, ""norm_years"": 15}, ""combined"": {""precip_mm"": 35.225036492455786, ""temp_c"": 26.190431011543094, ""dry_days"": 56, ""hot_days"": 21, ""max_dry_spell"": 15, ""n_days"": 63, ""precip_deficit_pct"": 47.230154483090416, ""temp_anomaly_c"": 0.11159332954904144, ""precip_norm_mm"": 66.75220696101576, ""temp_norm_c"": 26.078837681994052, ""norm_years"": 15}, ""source"": ""ERA5 полигона""}","за 30 дней до и во время эпизода осадков 35 мм при норме 67 мм (дефицит 47 %) | сухая серия 15 дней подряд | за 30 дней до эпизода: осадков 21 мм при норме 39 мм | во время эпизода: осадков 14 мм при норме 27 мм | соседние поля региона в эти дни тоже ниже нормы (медианный Z -0.8, ниже нормы 30% из 57 полей) — явление региональное","AOI-0043, сезон 2020: умеренная аномалия с 2020-07-15 по 2020-08-16 (33 дней, 12 наблюдений), фаза — созревание и уборка. NDVI в худший день 2020-08-01: 0.11 при норме 0.17 (Z = -1.7). Вероятная причина — погодный стресс: дефицит осадков и/или жара (уверенность 80%). Аргументы: за 30 дней до и во время эпизода осадков 35 мм при норме 67 мм (дефицит 47 %); сухая серия 15 дней подряд; за 30 дней до эпизода: осадков 21 мм при норме 39 мм; во время эпизода: осадков 14 мм при норме 27 мм; соседние поля региона в эти дни тоже ниже нормы (медианный Z -0.8, ниже нормы 30% из 57 полей) — явление региональное. Норма: история полигона."
AOI-0043,2020,2020-09-06,2020-10-05,30,14,-1.5584516050630248,-1.2484114113567664,0,-0.09282189091243792,-0.06519833411458979,2020-09-21,0.12880571282611267,0.19114377702863367,лето после уборки,осень (озимые всходы),250,279,умеренная,weather_drought,0.8,история полигона,ERA5 полигона,0,-0.8900962530063855,0.42105263157894735,"{""available"": true, ""before"": {""precip_mm"": 0.956954689357302, ""temp_c"": 24.53078962961835, ""dry_days"": 30, ""hot_days"": 6, ""max_dry_spell"": 30, ""n_days"": 30, ""precip_deficit_pct"": 95.220602486816, ""temp_anomaly_c"": -0.6788545672098714, ""precip_norm_mm"": 20.022496281540466, ""temp_norm_c"": 25.209644196828222, ""norm_years"": 15}, ""during"": {""precip_mm"": 3.859725832722204, ""temp_c"": 18.93047790527346, ""dry_days"": 29, ""hot_days"": 0, ""max_dry_spell"": 26, ""n_days"": 30, ""precip_deficit_pct"": 87.70194284807701, ""temp_anomaly_c"": 1.7632160342181145, ""precip_norm_mm"": 31.384842215655805, ""temp_norm_c"": 17.167261871055345, ""norm_years"": 15}, ""combined"": {""precip_mm"": 4.816680522079507, ""temp_c"": 21.73063376744591, ""dry_days"": 59, ""hot_days"": 6, ""max_dry_spell"": 56, ""n_days"": 60, ""precip_deficit_pct"": 90.63036394630272, ""temp_anomaly_c"": 0.5421807335041287, ""precip_norm_mm"": 51.407338497196285, ""temp_norm_c"": 21.18845303394178, ""norm_years"": 15}, ""source"": ""ERA5 полигона""}","за 30 дней до и во время эпизода осадков 5 мм при норме 51 мм (дефицит 91 %) | сухая серия 56 дней подряд | за 30 дней до эпизода: осадков 1 мм при норме 20 мм | во время эпизода: осадков 4 мм при норме 31 мм | соседние поля региона в эти дни тоже ниже нормы (медианный Z -0.9, ниже нормы 42% из 57 полей) — явление региональное","AOI-0043, сезон 2020: умеренная аномалия с 2020-09-06 по 2020-10-05 (30 дней, 14 наблюдений), фаза — лето после уборки. NDVI в худший день 2020-09-21: 0.13 при норме 0.19 (Z = -1.6). Вероятная причина — погодный стресс: дефицит осадков и/или жара (уверенность 80%). Аргументы: за 30 дней до и во время эпизода осадков 5 мм при норме 51 мм (дефицит 91 %); сухая серия 56 дней подряд; за 30 дней до эпизода: осадков 1 мм при норме 20 мм; во время эпизода: осадков 4 мм при норме 31 мм; соседние поля региона в эти дни тоже ниже нормы (медианный Z -0.9, ниже нормы 42% из 57 полей) — явление региональное. Норма: история полигона."
AOI-0043,2022,2022-04-27,2022-06-24,59,22,-1.4626675979994015,-1.3028134229271682,0,-0.3494093987419503,-0.2936673239341779,2022-05-29,0.21080063779918895,0.5476846946812765,весна (всходы и рост),пик вегетации,117,175,умеренная,unsown_or_changed,0.8,история полигона,ERA5 полигона,0,0.6225548009936288,0.14035087719298245,"{""available"": true, ""before"": {""precip_mm"": 41.320056829491136, ""temp_c"": 12.298426344455837, ""dry_days"": 17, ""hot_days"": 0, ""max_dry_spell"": 4, ""n_days"": 30, ""precip_deficit_pct"": -15.370931684869449, ""temp_anomaly_c"": 1.5742942141671445, ""precip_norm_mm"": 35.81496328932753, ""temp_norm_c"": 10.724132130288693, ""norm_years"": 15}, ""during"": {""precip_mm"": 48.96269136986575, ""temp_c"": 18.81989998036187, ""dry_days"": 48, ""hot_days"": 1, ""max_dry_spell"": 30, ""n_days"": 59, ""precip_deficit_pct"": 46.41897442672593, ""temp_anomaly_c"": -1.1278870113825405, ""precip_norm_mm"": 91.3806535914611, ""temp_norm_c"": 19.94778699174441, ""norm_years"": 15}, ""combined"": {""precip_mm"": 90.28274819935689, ""temp_c"": 16.825096279967084, ""dry_days"": 65, ""hot_days"": 1, ""max_dry_spell"": 30, ""n_days"": 89, ""precip_deficit_pct"": 29.02055085438009, ""temp_anomaly_c"": -0.3013374600379315, ""precip_norm_mm"": 127.19561688078862, ""temp_norm_c"": 17.126433740005016, ""norm_years"": 15}, ""source"": ""ERA5 полигона""}","сухая серия 30 дней подряд | другие поля региона в эти дни в норме (медианный Z 0.6, ниже нормы 14% из 57) — причина локальная, на самом поле | пик главного сезона всего 0.25 при норме 0.58: кривая плоская с весны — поле не засеяно, под паром или занято другой культурой","AOI-0043, сезон 2022: умеренная аномалия с 2022-04-27 по 2022-06-24 (59 дней, 22 наблюдений), фаза — весна (всходы и рост). NDVI в худший день 2022-05-29: 0.21 при норме 0.55 (Z = -1.5). Вероятная причина — поле не засеяно, под паром или сменилась культура (уверенность 80%). Аргументы: сухая серия 30 дней подряд; другие поля региона в эти дни в норме (медианный Z 0.6, ниже нормы 14% из 57) — причина локальная, на самом поле; пик главного сезона всего 0.25 при норме 0.58: кривая плоская с весны — поле не засеяно, под паром или занято другой культурой. Норма: история полигона."
AOI-0043,2025,2025-04-18,2025-06-24,68,24,-1.5440995982433159,-1.352176643651474,0,-0.3720163332917663,-0.30882247567028104,2025-05-29,0.19544499028965093,0.5487084045152456,весна (всходы и рост),пик вегетации,108,175,умеренная,unsown_or_changed,0.8,история полигона,ERA5 полигона,0,0.02333098737180505,0.15584415584415584,"{""available"": true, ""before"": {""precip_mm"": 30.629204016690892, ""temp_c"": 10.131624812705862, ""dry_days"": 11, ""hot_days"": 0, ""max_dry_spell"": 5, ""n_days"": 30}, ""during"": {""precip_mm"": 99.03392970526248, ""temp_c"": 18.284537303214, ""dry_days"": 49, ""hot_days"": 2, ""max_dry_spell"": 11, ""n_days"": 68, ""precip_deficit_pct"": 2.2339606811891066, ""temp_anomaly_c"": -0.6617530607709732, ""precip_norm_mm"": 101.2968617684481, ""temp_norm_c"": 18.946290363984975, ""norm_years"": 15}, ""combined"": {""precip_mm"": 129.6631337219534, ""temp_c"": 16.653954805112374, ""dry_days"": 60, ""hot_days"": 2, ""max_dry_spell"": 13, ""n_days"": 98, ""precip_deficit_pct"": -4.088356212847111, ""temp_anomaly_c"": -0.48388836654962475, ""precip_norm_mm"": 124.57025784594886, ""temp_norm_c"": 17.137843171662, ""norm_years"": 15}, ""source"": ""ERA5 полигона""}","другие поля региона в эти дни в норме (медианный Z 0.0, ниже нормы 16% из 77) — причина локальная, на самом поле | пик главного сезона всего 0.21 при норме 0.58: кривая плоская с весны — поле не засеяно, под паром или занято другой культурой","AOI-0043, сезон 2025: умеренная аномалия с 2025-04-18 по 2025-06-24 (68 дней, 24 наблюдений), фаза — весна (всходы и рост). NDVI в худший день 2025-05-29: 0.20 при норме 0.55 (Z = -1.5). Вероятная причина — поле не засеяно, под паром или сменилась культура (уверенность 80%). Аргументы: другие поля региона в эти дни в норме (медианный Z 0.0, ниже нормы 16% из 77) — причина локальная, на самом поле; пик главного сезона всего 0.21 при норме 0.58: кривая плоская с весны — поле не засеяно, под паром или занято другой культурой. Норма: история полигона."
AOI-0044,2012,2012-09-10,2012-10-07,28,4,-1.5987682349596772,-1.3685614345061168,0,-0.0643397699274335,-0.056590671549725816,2012-09-28,0.09414034144562965,0.15833272126555206,лето после уборки,осень (озимые всходы),254,281,умеренная,weak_season,0.4,история полигона,ERA5 полигона,0,-0.40944054926308066,0.17543859649122806,"{""available"": true, ""before"": {""precip_mm"": 29.240918722205578, ""temp_c"": 22.146064609951463, ""dry_days"": 25, ""hot_days"": 4, ""max_dry_spell"": 11, ""n_days"": 30, ""precip_deficit_pct"": -34.54334136994297, ""temp_anomaly_c"": -2.1155160543653757, ""precip_norm_mm"": 21.73345661291716, ""temp_norm_c"": 24.26158066431684, ""norm_years"": 15}, ""during"": {""precip_mm"": 2.1245274318850695, ""temp_c"": 19.05334523064752, ""dry_days"": 28, ""hot_days"": 0, ""max_dry_spell"": 28, ""n_days"": 28, ""precip_deficit_pct"": 92.80899179060758, ""temp_anomaly_c"": 2.648816450815353, ""precip_norm_mm"": 29.544222034264283, ""temp_norm_c"": 16.404528779832166, ""norm_years"": 15}, ""combined"": {""precip_mm"": 31.365446154090648, ""temp_c"": 20.653027668218524, ""dry_days"": 53, ""hot_days"": 4, ""max_dry_spell"": 39, ""n_days"": 58, ""precip_deficit_pct"": 38.8321644396149, ""temp_anomaly_c"": 0.18450653434256026, ""precip_norm_mm"": 51.277678647181446, ""temp_norm_c"": 20.468521133875964, ""norm_years"": 15}, ""source"": ""ERA5 полигона""}",сухая серия 39 дней подряд | соседние поля региона в эти дни чуть ниже нормы (медианный Z -0.4) | погодного сигнала нет; вероятны агротехнические причины,"AOI-0044, сезон 2012: умеренная аномалия с 2012-09-10 по 2012-10-07 (28 дней, 4 наблюдений), фаза — лето после уборки. NDVI в худший день 2012-09-28: 0.09 при норме 0.16 (Z = -1.6). Вероятная причина — ослабленный сезон без явной погодной причины (уверенность 40%). Аргументы: сухая серия 39 дней подряд; соседние поля региона в эти дни чуть ниже нормы (медианный Z -0.4); погодного сигнала нет; вероятны агротехнические причины. Норма: история полигона."
AOI-0044,2014,2014-05-22,2014-06-22,32,6,-1.3433701935673519,-1.2200742394571074,0,-0.26103444099093864,-0.23602340609679617,2014-06-11,0.20376882893416098,0.44420804250036766,пик вегетации,пик вегетации,142,173,умеренная,unsown_or_changed,0.8,история полигона,ERA5 полигона,0,-0.051126402495238116,0.12280701754385964,"{""available"": true, ""before"": {""precip_mm"": 35.61441192476522, ""temp_c"": 17.327391391330313, ""dry_days"": 19, ""hot_days"": 0, ""max_dry_spell"": 7, ""n_days"": 30, ""precip_deficit_pct"": 25.174526015330102, ""temp_anomaly_c"": 1.6016722163447579, ""precip_norm_mm"": 47.59664059336508, ""temp_norm_c"": 15.725719174985555, ""norm_years"": 15}, ""during"": {""precip_mm"": 49.487078218321656, ""temp_c"": 22.62649779121083, ""dry_days"": 22, ""hot_days"": 1, ""max_dry_spell"": 11, ""n_days"": 32, ""precip_deficit_pct"": -12.259493328181502, ""temp_anomaly_c"": 0.4234622663921819, ""precip_norm_mm"": 44.08275572173678, ""temp_norm_c"": 22.20303552481865, ""norm_years"": 15}, ""combined"": {""precip_mm"": 85.10149014308688, ""temp_c"": 20.062414049333164, ""dry_days"": 41, ""hot_days"": 1, ""max_dry_spell"": 11, ""n_days"": 62, ""precip_deficit_pct"": 7.1749012716082134, ""temp_anomaly_c"": 0.9935638550789143, ""precip_norm_mm"": 91.67939631510185, ""temp_norm_c"": 19.06885019425425, ""norm_years"": 15}, ""source"": ""ERA5 полигона""}","другие поля региона в эти дни в норме (медианный Z -0.1, ниже нормы 12% из 57) — причина локальная, на самом поле | пик главного сезона всего 0.31 при норме 0.51: кривая плоская с весны — поле не засеяно, под паром или занято другой культурой","AOI-0044, сезон 2014: умеренная аномалия с 2014-05-22 по 2014-06-22 (32 дней, 6 наблюдений), фаза — пик вегетации. NDVI в худший день 2014-06-11: 0.20 при норме 0.44 (Z = -1.3). Вероятная причина — поле не засеяно, под паром или сменилась культура (уверенность 80%). Аргументы: другие поля региона в эти дни в норме (медианный Z -0.1, ниже нормы 12% из 57) — причина локальная, на самом поле; пик главного сезона всего 0.31 при норме 0.51: кривая плоская с весны — поле не засеяно, под паром или занято другой культурой. Норма: история полигона."
AOI-0044,2018,2018-10-09,2018-10-22,14,2,-1.3848839971163514,-1.2160492591195609,0,-0.0724408628168484,-0.06447280398735125,2018-10-16,0.11175973413872418,0.18410617052161946,осень (озимые всходы),осень (озимые всходы),282,295,умеренная,weather_drought,0.65,история полигона,ERA5 полигона,0,-0.4726950744615461,0.08771929824561403,"{""available"": true, ""before"": {""precip_mm"": 22.845485788288045, ""temp_c"": 17.600308333502902, ""dry_days"": 25, ""hot_days"": 0, ""max_dry_spell"": 7, ""n_days"": 30, ""precip_deficit_pct"": 28.083046714116534, ""temp_anomaly_c"": 1.1318164366262984, ""precip_norm_mm"": 31.766481677099037, ""temp_norm_c"": 16.468491896876603, ""norm_years"": 15}, ""during"": {""precip_mm"": 4.584918157110707, ""temp_c"": 13.893585686456614, ""dry_days"": 12, ""hot_days"": 0, ""max_dry_spell"": 11, ""n_days"": 14, ""precip_deficit_pct"": 75.38133667257569, ""temp_anomaly_c"": 3.024373476845879, ""precip_norm_mm"": 18.623749373115924, ""temp_norm_c"": 10.869212209610735, ""norm_years"": 15}, ""combined"": {""precip_mm"": 27.43040394539875, ""temp_c"": 16.42089658216999, ""dry_days"": 37, ""hot_days"": 0, ""max_dry_spell"": 15, ""n_days"": 44, ""precip_deficit_pct"": 45.56404411390028, ""temp_anomaly_c"": 1.7339936766961639, ""precip_norm_mm"": 50.390231050214986, ""temp_norm_c"": 14.686902905473827, ""norm_years"": 15}, ""source"": ""ERA5 полигона""}",за 30 дней до и во время эпизода осадков 27 мм при норме 50 мм (дефицит 46 %) | сухая серия 15 дней подряд | во время эпизода: осадков 5 мм при норме 19 мм | соседние поля региона в эти дни чуть ниже нормы (медианный Z -0.5),"AOI-0044, сезон 2018: умеренная аномалия с 2018-10-09 по 2018-10-22 (14 дней, 2 наблюдений), фаза — осень (озимые всходы). NDVI в худший день 2018-10-16: 0.11 при норме 0.18 (Z = -1.4). Вероятная причина — погодный стресс: дефицит осадков и/или жара (уверенность 65%). Аргументы: за 30 дней до и во время эпизода осадков 27 мм при норме 50 мм (дефицит 46 %); сухая серия 15 дней подряд; во время эпизода: осадков 5 мм при норме 19 мм; соседние поля региона в эти дни чуть ниже нормы (медианный Z -0.5). Норма: история полигона."
AOI-0044,2020,2020-04-26,2020-08-14,111,29,-1.549414503484397,-1.2347125678398592,0,-0.29776725591488307,-0.19530101860847807,2020-08-03,0.10288252964341692,0.18523519183842543,весна (всходы и рост),лето после уборки,117,227,умеренная,unsown_or_changed,0.8,история полигона,ERA5 полигона,0,-0.377326879445816,0.05263157894736842,"{""available"": true, ""before"": {""precip_mm"": 15.341145682594258, ""temp_c"": 8.237453804016134, ""dry_days"": 22, ""hot_days"": 0, ""max_dry_spell"": 10, ""n_days"": 30, ""precip_deficit_pct"": 57.15138613380074, ""temp_anomaly_c"": -2.5382841511479146, ""precip_norm_mm"": 35.80313176640699, ""temp_norm_c"": 10.775737955164049, ""norm_years"": 15}, ""during"": {""precip_mm"": 141.66542070903532, ""temp_c"": 22.569733788086513, ""dry_days"": 82, ""hot_days"": 24, ""max_dry_spell"": 15, ""n_days"": 111, ""precip_deficit_pct"": -4.385046023142758, ""temp_anomaly_c"": -0.29389947191810606, ""precip_norm_mm"": 135.71428677401482, ""temp_norm_c"": 22.86363326000462, ""norm_years"": 15}, ""combined"": {""precip_mm"": 157.00656639162958, ""temp_c"": 19.935123496897102, ""dry_days"": 104, ""hot_days"": 24, ""max_dry_spell"": 15, ""n_days"": 141, ""precip_deficit_pct"": 8.460279003891625, ""temp_anomaly_c"": -0.7064701850118205, ""precip_norm_mm"": 171.5174185404218, ""temp_norm_c"": 20.641593681908923, ""norm_years"": 15}, ""source"": ""ERA5 полигона""}","сухая серия 15 дней подряд | соседние поля региона в эти дни чуть ниже нормы (медианный Z -0.4) | пик главного сезона всего 0.22 при норме 0.52: кривая плоская с весны — поле не засеяно, под паром или занято другой культурой","AOI-0044, сезон 2020: умеренная аномалия с 2020-04-26 по 2020-08-14 (111 дней, 29 наблюдений), фаза — весна (всходы и рост). NDVI в худший день 2020-08-03: 0.10 при норме 0.19 (Z = -1.5). Вероятная причина — поле не засеяно, под паром или сменилась культура (уверенность 80%). Аргументы: сухая серия 15 дней подряд; соседние поля региона в эти дни чуть ниже нормы (медианный Z -0.4); пик главного сезона всего 0.22 при норме 0.52: кривая плоская с весны — поле не засеяно, под паром или занято другой культурой. Норма: история полигона."
AOI-0044,2020,2020-09-29,2020-10-30,32,7,-1.963230605064003,-1.0922854932204695,0,-0.1018268127785969,-0.06189311522635474,2020-10-30,0.08059834778642419,0.1591275719889843,осень (озимые всходы),осень (озимые всходы),273,304,умеренная,weather_drought,0.8,история полигона,ERA5 полигона,0,-0.8746967052646439,0.40350877192982454,"{""available"": true, ""before"": {""precip_mm"": 0.7616033382582529, ""temp_c"": 21.031989913516597, ""dry_days"": 30, ""hot_days"": 3, ""max_dry_spell"": 30, ""n_days"": 30, ""precip_deficit_pct"": 97.71636907033844, ""temp_anomaly_c"": 1.8013001279477727, ""precip_norm_mm"": 33.35054401155482, ""temp_norm_c"": 19.230689785568824, ""norm_years"": 15}, ""during"": {""precip_mm"": 28.479272268029376, ""temp_c"": 15.008107966184639, ""dry_days"": 27, ""hot_days"": 0, ""max_dry_spell"": 16, ""n_days"": 32, ""precip_deficit_pct"": 31.197814406350687, ""temp_anomaly_c"": 4.022028115722868, ""precip_norm_mm"": 41.392976142109816, ""temp_norm_c"": 10.98607985046177, ""norm_years"": 15}, ""combined"": {""precip_mm"": 29.24087560628763, ""temp_c"": 17.92288955360333, ""dry_days"": 57, ""hot_days"": 3, ""max_dry_spell"": 33, ""n_days"": 62, ""precip_deficit_pct"": 60.8783804319471, ""temp_anomaly_c"": 2.947482315186532, ""precip_norm_mm"": 74.74352015366465, ""temp_norm_c"": 14.975407238416798, ""norm_years"": 15}, ""source"": ""ERA5 полигона""}","за 30 дней до и во время эпизода осадков 29 мм при норме 75 мм (дефицит 61 %) | сухая серия 33 дней подряд | за 30 дней до эпизода: осадков 1 мм при норме 33 мм | соседние поля региона в эти дни тоже ниже нормы (медианный Z -0.9, ниже нормы 40% из 57 полей) — явление региональное","AOI-0044, сезон 2020: умеренная аномалия с 2020-09-29 по 2020-10-30 (32 дней, 7 наблюдений), фаза — осень (озимые всходы). NDVI в худший день 2020-10-30: 0.08 при норме 0.16 (Z = -2.0). Вероятная причина — погодный стресс: дефицит осадков и/или жара (уверенность 80%). Аргументы: за 30 дней до и во время эпизода осадков 29 мм при норме 75 мм (дефицит 61 %); сухая серия 33 дней подряд; за 30 дней до эпизода: осадков 1 мм при норме 33 мм; соседние поля региона в эти дни тоже ниже нормы (медианный Z -0.9, ниже нормы 40% из 57 полей) — явление региональное. Норма: история полигона."
AOI-0044,2023,2023-05-08,2023-06-27,51,16,-1.532451516105485,-1.2614420132016584,0,-0.2784015038400941,-0.25258939709864076,2023-06-15,0.16537265344291993,0.41665695298179267,весна (всходы и рост),созревание и уборка,128,178,умеренная,unsown_or_changed,0.8,история полигона,ERA5 полигона,0,0.6759545459481908,0.10526315789473684,"{""available"": true, ""before"": {""precip_mm"": 59.81897237853673, ""temp_c"": 12.460354063246001, ""dry_days"": 17, ""hot_days"": 0, ""max_dry_spell"": 5, ""n_days"": 30, ""precip_deficit_pct"": -73.13159383708853, ""temp_anomaly_c"": -0.6026073759573549, ""precip_norm_mm"": 34.55115906506615, ""temp_norm_c"": 13.062961439203356, ""norm_years"": 15}, ""during"": {""precip_mm"": 119.64054443829752, ""temp_c"": 19.19441295947906, ""dry_days"": 31, ""hot_days"": 0, ""max_dry_spell"": 11, ""n_days"": 51, ""precip_deficit_pct"": -50.668869242250445, ""temp_anomaly_c"": -2.021281779253922, ""precip_norm_mm"": 79.40628016922027, ""temp_norm_c"": 21.21569473873298, ""norm_years"": 15}, ""combined"": {""precip_mm"": 179.45951681683425, ""temp_c"": 16.700317071985335, ""dry_days"": 48, ""hot_days"": 0, ""max_dry_spell"": 11, ""n_days"": 81, ""precip_deficit_pct"": -57.47942216205939, ""temp_anomaly_c"": -1.49584681507001, ""precip_norm_mm"": 113.95743923428644, ""temp_norm_c"": 18.196163887055345, ""norm_years"": 15}, ""source"": ""ERA5 полигона""}","другие поля региона в эти дни в норме (медианный Z 0.7, ниже нормы 11% из 57) — причина локальная, на самом поле | пик главного сезона всего 0.24 при норме 0.51: кривая плоская с весны — поле не засеяно, под паром или занято другой культурой","AOI-0044, сезон 2023: умеренная аномалия с 2023-05-08 по 2023-06-27 (51 дней, 16 наблюдений), фаза — весна (всходы и рост). NDVI в худший день 2023-06-15: 0.17 при норме 0.42 (Z = -1.5). Вероятная причина — поле не засеяно, под паром или сменилась культура (уверенность 80%). Аргументы: другие поля региона в эти дни в норме (медианный Z 0.7, ниже нормы 11% из 57) — причина локальная, на самом поле; пик главного сезона всего 0.24 при норме 0.51: кривая плоская с весны — поле не засеяно, под паром или занято другой культурой. Норма: история полигона."
AOI-0044,2025,2025-04-27,2025-06-30,65,25,-1.609390410582189,-1.3851123001354966,0,-0.3452583116853486,-0.2830822687367635,2025-06-12,0.16345959092736778,0.43978373342450666,весна (всходы и рост),созревание и уборка,117,181,умеренная,unsown_or_changed,0.8,история полигона,ERA5 полигона,1,-0.06471286029225184,0.14285714285714285,"{""available"": true, ""before"": {""precip_mm"": 41.89956600566802, ""temp_c"": 12.151920866354939, ""dry_days"": 18, ""hot_days"": 0, ""max_dry_spell"": 11, ""n_days"": 30, ""precip_deficit_pct"": -18.137583859671793, ""temp_anomaly_c"": 1.4825571280259346, ""precip_norm_mm"": 35.46675379398133, ""temp_norm_c"": 10.669363738329004, ""norm_years"": 15}, ""during"": {""precip_mm"": 86.83053357595583, ""temp_c"": 18.83330269837993, ""dry_days"": 45, ""hot_days"": 3, ""max_dry_spell"": 11, ""n_days"": 65, ""precip_deficit_pct"": 7.966142219253625, ""temp_anomaly_c"": -1.607617761660844, ""precip_norm_mm"": 94.34629349430674, ""temp_norm_c"": 20.440920460040775, ""norm_years"": 15}, ""combined"": {""precip_mm"": 128.73009958162385, ""temp_c"": 16.924336460658505, ""dry_days"": 63, ""hot_days"": 3, ""max_dry_spell"": 11, ""n_days"": 95, ""precip_deficit_pct"": 0.8342364109666378, ""temp_anomaly_c"": -0.724710650321768, ""precip_norm_mm"": 129.8130472882881, ""temp_norm_c"": 17.649047110980273, ""norm_years"": 15}, ""source"": ""ERA5 полигона""}","другие поля региона в эти дни в норме (медианный Z -0.1, ниже нормы 14% из 77) — причина локальная, на самом поле | пик главного сезона всего 0.19 при норме 0.52: кривая плоская с весны — поле не засеяно, под паром или занято другой культурой","AOI-0044, сезон 2025: умеренная аномалия с 2025-04-27 по 2025-06-30 (65 дней, 25 наблюдений), фаза — весна (всходы и рост). NDVI в худший день 2025-06-12: 0.16 при норме 0.44 (Z = -1.6). Вероятная причина — поле не засеяно, под паром или сменилась культура (уверенность 80%). Аргументы: другие поля региона в эти дни в норме (медианный Z -0.1, ниже нормы 14% из 77) — причина локальная, на самом поле; пик главного сезона всего 0.19 при норме 0.52: кривая плоская с весны — поле не засеяно, под паром или занято другой культурой. Норма: история полигона."
AOI-0045,2012,2012-07-27,2012-08-28,33,3,-1.536942511208328,-1.3377386868985983,0,-0.0773545776669094,-0.06776553176411124,2012-08-09,0.08412265158958111,0.161326201022879,созревание и уборка,лето после уборки,209,241,умеренная,weak_season,0.45,история полигона,ERA5 полигона,0,-0.2915680722737229,0.15789473684210525,"{""available"": true, ""before"": {""precip_mm"": 34.23697024006955, ""temp_c"": 25.916915194193546, ""dry_days"": 22, ""hot_days"": 13, ""max_dry_spell"": 12, ""n_days"": 30, ""precip_deficit_pct"": 8.605407777881258, ""temp_anomaly_c"": -0.08413426363910048, ""precip_norm_mm"": 37.46060834415949, ""temp_norm_c"": 26.001049457832647, ""norm_years"": 15}, ""during"": {""precip_mm"": 26.64312310203698, ""temp_c"": 26.2703787524291, ""dry_days"": 29, ""hot_days"": 16, ""max_dry_spell"": 20, ""n_days"": 33, ""precip_deficit_pct"": -72.23170902422889, ""temp_anomaly_c"": -0.07388312278773412, ""precip_norm_mm"": 15.46934838711316, ""temp_norm_c"": 26.344261875216834, ""norm_years"": 15}, ""combined"": {""precip_mm"": 60.880093342106534, ""temp_c"": 26.102062772316923, ""dry_days"": 51, ""hot_days"": 29, ""max_dry_spell"": 32, ""n_days"": 63, ""precip_deficit_pct"": -15.020107896926916, ""temp_anomaly_c"": -0.0787646184312436, ""precip_norm_mm"": 52.92995673127265, ""temp_norm_c"": 26.180827390748167, ""norm_years"": 15}, ""source"": ""ERA5 полигона""}","сухая серия 32 дней подряд | другие поля региона в эти дни в норме (медианный Z -0.3, ниже нормы 16% из 57) — причина локальная, на самом поле | погодного сигнала нет; вероятны агротехнические причины","AOI-0045, сезон 2012: умеренная аномалия с 2012-07-27 по 2012-08-28 (33 дней, 3 наблюдений), фаза — созревание и уборка. NDVI в худший день 2012-08-09: 0.08 при норме 0.16 (Z = -1.5). Вероятная причина — ослабленный сезон без явной погодной причины (уверенность 45%). Аргументы: сухая серия 32 дней подряд; другие поля региона в эти дни в норме (медианный Z -0.3, ниже нормы 16% из 57) — причина локальная, на самом поле; погодного сигнала нет; вероятны агротехнические причины. Норма: история полигона."
AOI-0045,2012,2012-09-05,2012-10-29,55,6,-1.7293539169600511,-1.42191917539528,0,-0.24632379005642296,-0.10603414476099235,2012-10-29,-0.0041952580281386185,0.24212853202828435,лето после уборки,осень (озимые всходы),249,303,умеренная,weak_season,0.45,история полигона,ERA5 полигона,0,-0.29906669612062164,0.15789473684210525,"{""available"": true, ""before"": {""precip_mm"": 29.879564690300953, ""temp_c"": 23.84797899458146, ""dry_days"": 25, ""hot_days"": 8, ""max_dry_spell"": 10, ""n_days"": 30, ""precip_deficit_pct"": -73.80814323570684, ""temp_anomaly_c"": -1.6182043619509052, ""precip_norm_mm"": 17.19111897408645, ""temp_norm_c"": 25.466183356532365, ""norm_years"": 15}, ""during"": {""precip_mm"": 21.31568480346857, ""temp_c"": 16.539988153631057, ""dry_days"": 52, ""hot_days"": 0, ""max_dry_spell"": 33, ""n_days"": 55, ""precip_deficit_pct"": 66.71829581684624, ""temp_anomaly_c"": 2.3149426211732766, ""precip_norm_mm"": 64.0462540204235, ""temp_norm_c"": 14.22504553245778, ""norm_years"": 15}, ""combined"": {""precip_mm"": 51.19524949376952, ""temp_c"": 19.119279038672374, ""dry_days"": 77, ""hot_days"": 8, ""max_dry_spell"": 39, ""n_days"": 85, ""precip_deficit_pct"": 36.980668371404235, ""temp_anomaly_c"": 0.9267730977176818, ""precip_norm_mm"": 81.23737299450995, ""temp_norm_c"": 18.192505940954693, ""norm_years"": 15}, ""source"": ""ERA5 полигона""}","сухая серия 39 дней подряд | другие поля региона в эти дни в норме (медианный Z -0.3, ниже нормы 16% из 57) — причина локальная, на самом поле | погодного сигнала нет; вероятны агротехнические причины","AOI-0045, сезон 2012: умеренная аномалия с 2012-09-05 по 2012-10-29 (55 дней, 6 наблюдений), фаза — лето после уборки. NDVI в худший день 2012-10-29: -0.00 при норме 0.24 (Z = -1.7). Вероятная причина — ослабленный сезон без явной погодной причины (уверенность 45%). Аргументы: сухая серия 39 дней подряд; другие поля региона в эти дни в норме (медианный Z -0.3, ниже нормы 16% из 57) — причина локальная, на самом поле; погодного сигнала нет; вероятны агротехнические причины. Норма: история полигона."
AOI-0045,2015,2015-10-06,2015-10-19,14,2,-1.7605770442375324,-1.43943083254357,0,-0.19755152560176698,-0.13032106558056886,2015-10-19,0.014105137455849279,0.21165666305761624,осень (озимые всходы),осень (озимые всходы),279,292,умеренная,weak_season,0.4,история полигона,ERA5 полигона,1,-0.5729208227372575,0.24561403508771928,"{""available"": true, ""before"": {""precip_mm"": 17.94249786781066, ""temp_c"": 20.132339689466715, ""dry_days"": 25, ""hot_days"": 1, ""max_dry_spell"": 20, ""n_days"": 30, ""precip_deficit_pct"": 41.67731648056373, ""temp_anomaly_c"": 3.0787429032502374, ""precip_norm_mm"": 30.764184336324732, ""temp_norm_c"": 17.053596786216477, ""norm_years"": 15}, ""during"": {""precip_mm"": 18.271664265849807, ""temp_c"": 6.976748902457124, ""dry_days"": 11, ""hot_days"": 0, ""max_dry_spell"": 6, ""n_days"": 14, ""precip_deficit_pct"": -3.6799719921964513, ""temp_anomaly_c"": -5.065237782493468, ""precip_norm_mm"": 17.623137733124615, ""temp_norm_c"": 12.041986684950592, ""norm_years"": 15}, ""combined"": {""precip_mm"": 36.214162133660466, ""temp_c"": 15.946469893600026, ""dry_days"": 36, ""hot_days"": 1, ""max_dry_spell"": 21, ""n_days"": 44, ""precip_deficit_pct"": 25.15774673026333, ""temp_anomaly_c"": 0.48747632142269737, ""precip_norm_mm"": 48.38732206944935, ""temp_norm_c"": 15.458993572177329, ""norm_years"": 15}, ""source"": ""ERA5 полигона""}",сухая серия 21 дней подряд | соседние поля региона в эти дни чуть ниже нормы (медианный Z -0.6) | погодного сигнала нет; вероятны агротехнические причины,"AOI-0045, сезон 2015: умеренная аномалия с 2015-10-06 по 2015-10-19 (14 дней, 2 наблюдений), фаза — осень (озимые всходы). NDVI в худший день 2015-10-19: 0.01 при норме 0.21 (Z = -1.8). Вероятная причина — ослабленный сезон без явной погодной причины (уверенность 40%). Аргументы: сухая серия 21 дней подряд; соседние поля региона в эти дни чуть ниже нормы (медианный Z -0.6); погодного сигнала нет; вероятны агротехнические причины. Норма: история полигона."
AOI-0045,2020,2020-07-23,2020-10-10,80,31,-1.6800044511268573,-1.5162439890908086,0,-0.090990637917945,-0.0758070803454041,2020-09-18,0.0891251327490533,0.16386033178622425,созревание и уборка,осень (озимые всходы),205,284,умеренная,weather_drought,0.8,история полигона,ERA5 полигона,0,-0.7932562596828193,0.2807017543859649,"{""available"": true, ""before"": {""precip_mm"": 20.655831960237236, ""temp_c"": 27.085559590657567, ""dry_days"": 25, ""hot_days"": 11, ""max_dry_spell"": 8, ""n_days"": 30, ""precip_deficit_pct"": 41.74469942044708, ""temp_anomaly_c"": 1.3127025399384564, ""precip_norm_mm"": 35.457429203424695, ""temp_norm_c"": 25.77285705071911, ""norm_years"": 15}, ""during"": {""precip_mm"": 15.470096042381698, ""temp_c"": 22.036050025622067, ""dry_days"": 78, ""hot_days"": 13, ""max_dry_spell"": 61, ""n_days"": 80, ""precip_deficit_pct"": 77.76926692029477, ""temp_anomaly_c"": 0.308705618381488, ""precip_norm_mm"": 69.58878048202817, ""temp_norm_c"": 21.72734440724058, ""norm_years"": 15}, ""combined"": {""precip_mm"": 36.125928002618934, ""temp_c"": 23.41318899790448, ""dry_days"": 103, ""hot_days"": 24, ""max_dry_spell"": 61, ""n_days"": 110, ""precip_deficit_pct"": 65.60948928020031, ""temp_anomaly_c"": 0.5825229606243063, ""precip_norm_mm"": 105.04620968545287, ""temp_norm_c"": 22.830666037280174, ""norm_years"": 15}, ""source"": ""ERA5 полигона""}","за 30 дней до и во время эпизода осадков 36 мм при норме 105 мм (дефицит 66 %) | сухая серия 61 дней подряд | за 30 дней до эпизода: осадков 21 мм при норме 35 мм | во время эпизода: осадков 15 мм при норме 70 мм | соседние поля региона в эти дни тоже ниже нормы (медианный Z -0.8, ниже нормы 28% из 57 полей) — явление региональное","AOI-0045, сезон 2020: умеренная аномалия с 2020-07-23 по 2020-10-10 (80 дней, 31 наблюдений), фаза — созревание и уборка. NDVI в худший день 2020-09-18: 0.09 при норме 0.16 (Z = -1.7). Вероятная причина — погодный стресс: дефицит осадков и/или жара (уверенность 80%). Аргументы: за 30 дней до и во время эпизода осадков 36 мм при норме 105 мм (дефицит 66 %); сухая серия 61 дней подряд; за 30 дней до эпизода: осадков 21 мм при норме 35 мм; во время эпизода: осадков 15 мм при норме 70 мм; соседние поля региона в эти дни тоже ниже нормы (медианный Z -0.8, ниже нормы 28% из 57 полей) — явление региональное. Норма: история полигона."
AOI-0046,2010,2010-04-07,2010-07-04,89,13,-1.6518780273942244,-1.238186726217447,0,-0.34507918087271655,-0.25875564651882166,2010-06-18,0.16605534556430415,0.4213820308019768,весна (всходы и рост),созревание и уборка,97,185,умеренная,weak_season,0.4,история полигона,ERA5 полигона,3,-0.3414793790274395,0.12280701754385964,"{""available"": true, ""before"": {""precip_mm"": 4.198755784898367, ""temp_c"": 9.134713533189577, ""dry_days"": 5, ""hot_days"": 0, ""max_dry_spell"": 4, ""n_days"": 6}, ""during"": {""precip_mm"": 178.73014717247315, ""temp_c"": 18.383215194159252, ""dry_days"": 63, ""hot_days"": 7, ""max_dry_spell"": 19, ""n_days"": 89, ""precip_deficit_pct"": -37.175429265497726, ""temp_anomaly_c"": -0.08489847218945812, ""precip_norm_mm"": 130.2931203711037, ""temp_norm_c"": 18.46811366634871, ""norm_years"": 15}, ""combined"": {""precip_mm"": 182.92890295737152, ""temp_c"": 17.799099299782224, ""dry_days"": 68, ""hot_days"": 7, ""max_dry_spell"": 19, ""n_days"": 95}, ""source"": ""ERA5 полигона""}",соседние поля региона в эти дни чуть ниже нормы (медианный Z -0.3) | погодного сигнала нет; вероятны агротехнические причины,"AOI-0046, сезон 2010: умеренная аномалия с 2010-04-07 по 2010-07-04 (89 дней, 13 наблюдений), фаза — весна (всходы и рост). NDVI в худший день 2010-06-18: 0.17 при норме 0.42 (Z = -1.7). Вероятная причина — ослабленный сезон без явной погодной причины (уверенность 40%). Аргументы: соседние поля региона в эти дни чуть ниже нормы (медианный Z -0.3); погодного сигнала нет; вероятны агротехнические причины. Норма: история полигона."
AOI-0046,2015,2015-04-23,2015-06-10,49,8,-1.6317345677028092,-1.3042405132375618,0,-0.35973612392827736,-0.3061828422780131,2015-05-30,0.19900295650168146,0.5558793707798395,весна (всходы и рост),пик вегетации,113,161,умеренная,weak_season,0.4,история полигона,ERA5 полигона,2,-0.3586917016028816,0.2631578947368421,"{""available"": true, ""before"": {""precip_mm"": 51.706288899936226, ""temp_c"": 8.410052207022023, ""dry_days"": 9, ""hot_days"": 0, ""max_dry_spell"": 6, ""n_days"": 30}, ""during"": {""precip_mm"": 79.7705990567188, ""temp_c"": 17.624376934077482, ""dry_days"": 34, ""hot_days"": 0, ""max_dry_spell"": 14, ""n_days"": 49, ""precip_deficit_pct"": -7.411123080391802, ""temp_anomaly_c"": -0.356658734431889, ""precip_norm_mm"": 74.26660923842546, ""temp_norm_c"": 17.98103566850937, ""norm_years"": 15}, ""combined"": {""precip_mm"": 131.47688795665502, ""temp_c"": 14.769234060905374, ""dry_days"": 43, ""hot_days"": 0, ""max_dry_spell"": 14, ""n_days"": 79, ""precip_deficit_pct"": -23.997219541253333, ""temp_anomaly_c"": -0.8976283077049771, ""precip_norm_mm"": 106.03212591626962, ""temp_norm_c"": 15.666862368610351, ""norm_years"": 15}, ""source"": ""ERA5 полигона""}",соседние поля региона в эти дни чуть ниже нормы (медианный Z -0.4) | погодного сигнала нет; вероятны агротехнические причины,"AOI-0046, сезон 2015: умеренная аномалия с 2015-04-23 по 2015-06-10 (49 дней, 8 наблюдений), фаза — весна (всходы и рост). NDVI в худший день 2015-05-30: 0.20 при норме 0.56 (Z = -1.6). Вероятная причина — ослабленный сезон без явной погодной причины (уверенность 40%). Аргументы: соседние поля региона в эти дни чуть ниже нормы (медианный Z -0.4); погодного сигнала нет; вероятны агротехнические причины. Норма: история полигона."
AOI-0046,2018,2018-04-20,2018-07-20,92,19,-2.0075385818123404,-1.5507374246026278,1,-0.3957296665970408,-0.28335054449832087,2018-06-13,0.1338602251511899,0.47862120957930127,весна (всходы и рост),созревание и уборка,110,201,умеренная,unsown_or_changed,0.8,история полигона,ERA5 полигона,0,-0.41205499009384594,0.15789473684210525,"{""available"": true, ""before"": {""precip_mm"": 8.000044276418095, ""temp_c"": 9.437813293724757, ""dry_days"": 17, ""hot_days"": 0, ""max_dry_spell"": 15, ""n_days"": 30}, ""during"": {""precip_mm"": 99.25252892243641, ""temp_c"": 22.137167524945934, ""dry_days"": 77, ""hot_days"": 20, ""max_dry_spell"": 33, ""n_days"": 92, ""precip_deficit_pct"": 26.901178322408114, ""temp_anomaly_c"": 1.32868709587245, ""precip_norm_mm"": 135.77856201321208, ""temp_norm_c"": 20.808480429073484, ""norm_years"": 15}, ""combined"": {""precip_mm"": 107.2525731988545, ""temp_c"": 19.963404188070236, ""dry_days"": 94, ""hot_days"": 20, ""max_dry_spell"": 33, ""n_days"": 122, ""precip_deficit_pct"": 34.33048031383114, ""temp_anomaly_c"": 0.9544692091369527, ""precip_norm_mm"": 163.32169583607256, ""temp_norm_c"": 19.008934978933283, ""norm_years"": 15}, ""source"": ""ERA5 полигона""}","сухая серия 33 дней подряд | соседние поля региона в эти дни чуть ниже нормы (медианный Z -0.4) | пик главного сезона всего 0.18 при норме 0.57: кривая плоская с весны — поле не засеяно, под паром или занято другой культурой","AOI-0046, сезон 2018: умеренная аномалия с 2018-04-20 по 2018-07-20 (92 дней, 19 наблюдений), фаза — весна (всходы и рост). NDVI в худший день 2018-06-13: 0.13 при норме 0.48 (Z = -2.0). Вероятная причина — поле не засеяно, под паром или сменилась культура (уверенность 80%). Аргументы: сухая серия 33 дней подряд; соседние поля региона в эти дни чуть ниже нормы (медианный Z -0.4); пик главного сезона всего 0.18 при норме 0.57: кривая плоская с весны — поле не засеяно, под паром или занято другой культурой. Норма: история полигона."
AOI-0046,2020,2020-07-01,2020-08-30,61,21,-1.6096589438323128,-1.285024910228378,0,-0.13778946641650142,-0.11560081111978963,2020-07-15,0.10346561583481534,0.23862066422599978,созревание и уборка,лето после уборки,183,243,умеренная,weather_drought,0.5,история полигона,ERA5 полигона,0,-0.7173486693837409,0.2807017543859649,"{""available"": true, ""before"": {""precip_mm"": 36.72529998835827, ""temp_c"": 24.462649059295668, ""dry_days"": 21, ""hot_days"": 2, ""max_dry_spell"": 8, ""n_days"": 30, ""precip_deficit_pct"": 8.73858325242508, ""temp_anomaly_c"": 1.0069794421725717, ""precip_norm_mm"": 40.241869233675, ""temp_norm_c"": 23.455669617123096, ""norm_years"": 15}, ""during"": {""precip_mm"": 21.441894168628295, ""temp_c"": 25.716535905931842, ""dry_days"": 56, ""hot_days"": 19, ""max_dry_spell"": 29, ""n_days"": 61, ""precip_deficit_pct"": 60.75467686477551, ""temp_anomaly_c"": -0.3741700490315729, ""precip_norm_mm"": 54.635539869929644, ""temp_norm_c"": 26.090705954963415, ""norm_years"": 15}, ""combined"": {""precip_mm"": 58.16719415698657, ""temp_c"": 25.303166615832012, ""dry_days"": 77, ""hot_days"": 21, ""max_dry_spell"": 29, ""n_days"": 91, ""precip_deficit_pct"": 38.69226119626757, ""temp_anomaly_c"": 0.08115395905770839, ""precip_norm_mm"": 94.87740910360462, ""temp_norm_c"": 25.222012656774304, ""norm_years"": 15}, ""source"": ""ERA5 полигона""}","сухая серия 29 дней подряд | соседние поля региона в эти дни тоже ниже нормы (медианный Z -0.7, ниже нормы 28% из 57 полей) — явление региональное | явного дефицита осадков в ERA5 нет, но угнетены все поля региона — вероятен региональный погодный фактор (заморозки, суховей, град)","AOI-0046, сезон 2020: умеренная аномалия с 2020-07-01 по 2020-08-30 (61 дней, 21 наблюдений), фаза — созревание и уборка. NDVI в худший день 2020-07-15: 0.10 при норме 0.24 (Z = -1.6). Вероятная причина — погодный стресс: дефицит осадков и/или жара (уверенность 50%). Аргументы: сухая серия 29 дней подряд; соседние поля региона в эти дни тоже ниже нормы (медианный Z -0.7, ниже нормы 28% из 57 полей) — явление региональное; явного дефицита осадков в ERA5 нет, но угнетены все поля региона — вероятен региональный погодный фактор (заморозки, суховей, град). Норма: история полигона."
AOI-0046,2020,2020-10-08,2020-10-30,23,6,-2.8070151396879903,-1.0449321702705214,1,-0.1280598645438074,-0.11518428832702075,2020-10-30,0.11306443424975782,0.22534503983727744,осень (озимые всходы),осень (озимые всходы),282,304,умеренная,weather_drought,0.8,история полигона,ERA5 полигона,0,-0.8355551816469694,0.2982456140350877,"{""available"": true, ""before"": {""precip_mm"": 4.411746929566362, ""temp_c"": 18.408634302351235, ""dry_days"": 29, ""hot_days"": 0, ""max_dry_spell"": 24, ""n_days"": 30, ""precip_deficit_pct"": 85.89666232466702, ""temp_anomaly_c"": 1.8340120675828722, ""precip_norm_mm"": 31.281580510424813, ""temp_norm_c"": 16.574622234768363, ""norm_years"": 15}, ""during"": {""precip_mm"": 26.200900769211444, ""temp_c"": 14.30948790121772, ""dry_days"": 19, ""hot_days"": 0, ""max_dry_spell"": 11, ""n_days"": 23, ""precip_deficit_pct"": 21.05089977880067, ""temp_anomaly_c"": 4.40648494296604, ""precip_norm_mm"": 33.18707964473546, ""temp_norm_c"": 9.90300295825168, ""norm_years"": 15}, ""combined"": {""precip_mm"": 30.612647698777806, ""temp_c"": 16.62975944902914, ""dry_days"": 48, ""hot_days"": 0, ""max_dry_spell"": 24, ""n_days"": 53, ""precip_deficit_pct"": 52.51545847997979, ""temp_anomaly_c"": 2.9503682210510362, ""precip_norm_mm"": 64.46866015516028, ""temp_norm_c"": 13.679391227978105, ""norm_years"": 15}, ""source"": ""ERA5 полигона""}","за 30 дней до и во время эпизода осадков 31 мм при норме 64 мм (дефицит 53 %) | сухая серия 24 дней подряд | за 30 дней до эпизода: осадков 4 мм при норме 31 мм | соседние поля региона в эти дни тоже ниже нормы (медианный Z -0.8, ниже нормы 30% из 57 полей) — явление региональное","AOI-0046, сезон 2020: умеренная аномалия с 2020-10-08 по 2020-10-30 (23 дней, 6 наблюдений), фаза — осень (озимые всходы). NDVI в худший день 2020-10-30: 0.11 при норме 0.23 (Z = -2.8). Вероятная причина — погодный стресс: дефицит осадков и/или жара (уверенность 80%). Аргументы: за 30 дней до и во время эпизода осадков 31 мм при норме 64 мм (дефицит 53 %); сухая серия 24 дней подряд; за 30 дней до эпизода: осадков 4 мм при норме 31 мм; соседние поля региона в эти дни тоже ниже нормы (медианный Z -0.8, ниже нормы 30% из 57 полей) — явление региональное. Норма: история полигона."
AOI-0046,2022,2022-05-06,2022-07-05,61,19,-1.5365243050979567,-1.3366718302946945,0,-0.3271915356308082,-0.26016425622475436,2022-06-13,0.1967748634910201,0.47378162201469887,весна (всходы и рост),созревание и уборка,126,186,умеренная,unsown_or_changed,0.8,история полигона,ERA5 полигона,0,0.5412585146447354,0.10526315789473684,"{""available"": true, ""before"": {""precip_mm"": 45.289463212217385, ""temp_c"": 12.569098536173527, ""dry_days"": 20, ""hot_days"": 0, ""max_dry_spell"": 6, ""n_days"": 30, ""precip_deficit_pct"": -26.269945212024215, ""temp_anomaly_c"": 0.058351136666756176, ""precip_norm_mm"": 35.86717578452282, ""temp_norm_c"": 12.510747399506771, ""norm_years"": 15}, ""during"": {""precip_mm"": 46.26429439862889, ""temp_c"": 20.266913730850657, ""dry_days"": 51, ""hot_days"": 1, ""max_dry_spell"": 30, ""n_days"": 61, ""precip_deficit_pct"": 54.626536457276295, ""temp_anomaly_c"": -1.1644787922148758, ""precip_norm_mm"": 101.96333007522422, ""temp_norm_c"": 21.431392523065533, ""norm_years"": 15}, ""combined"": {""precip_mm"": 91.55375761084628, ""temp_c"": 17.72917245788018, ""dry_days"": 71, ""hot_days"": 1, ""max_dry_spell"": 30, ""n_days"": 91, ""precip_deficit_pct"": 33.5751131146474, ""temp_anomaly_c"": -0.7613480464297133, ""precip_norm_mm"": 137.83050585974706, ""temp_norm_c"": 18.49052050430989, ""norm_years"": 15}, ""source"": ""ERA5 полигона""}","сухая серия 30 дней подряд | другие поля региона в эти дни в норме (медианный Z 0.5, ниже нормы 11% из 57) — причина локальная, на самом поле | пик главного сезона всего 0.25 при норме 0.57: кривая плоская с весны — поле не засеяно, под паром или занято другой культурой","AOI-0046, сезон 2022: умеренная аномалия с 2022-05-06 по 2022-07-05 (61 дней, 19 наблюдений), фаза — весна (всходы и рост). NDVI в худший день 2022-06-13: 0.20 при норме 0.47 (Z = -1.5). Вероятная причина — поле не засеяно, под паром или сменилась культура (уверенность 80%). Аргументы: сухая серия 30 дней подряд; другие поля региона в эти дни в норме (медианный Z 0.5, ниже нормы 11% из 57) — причина локальная, на самом поле; пик главного сезона всего 0.25 при норме 0.57: кривая плоская с весны — поле не засеяно, под паром или занято другой культурой. Норма: история полигона."
AOI-0046,2025,2025-04-27,2025-05-29,33,9,-1.4858676938166913,-1.3015692182459255,0,-0.3622936142499083,-0.3175953308019283,2025-05-13,0.18930176231924084,0.5515882265173949,весна (всходы и рост),пик вегетации,117,149,умеренная,crop_rotation,0.7,история полигона,ERA5 полигона,2,0.06818332770106034,0.2597402597402597,"{""available"": true, ""before"": {""precip_mm"": 44.16711543126439, ""temp_c"": 12.025724591964355, ""dry_days"": 18, ""hot_days"": 0, ""max_dry_spell"": 11, ""n_days"": 30, ""precip_deficit_pct"": -20.45428560922966, ""temp_anomaly_c"": 1.3609632435334067, ""precip_norm_mm"": 36.66711832449749, ""temp_norm_c"": 10.664761348430948, ""norm_years"": 15}, ""during"": {""precip_mm"": 39.96077648073637, ""temp_c"": 16.03162694603508, ""dry_days"": 25, ""hot_days"": 0, ""max_dry_spell"": 8, ""n_days"": 33, ""precip_deficit_pct"": 30.464318298665304, ""temp_anomaly_c"": -1.196537123143873, ""precip_norm_mm"": 57.468015705049666, ""temp_norm_c"": 17.228164069178952, ""norm_years"": 15}, ""combined"": {""precip_mm"": 84.12789191200076, ""temp_c"": 14.266314044241202, ""dry_days"": 43, ""hot_days"": 0, ""max_dry_spell"": 11, ""n_days"": 63, ""precip_deficit_pct"": 10.630719572147552, ""temp_anomaly_c"": -0.07456949342883412, ""precip_norm_mm"": 94.13513402954716, ""temp_norm_c"": 14.340883537670036, ""norm_years"": 15}, ""source"": ""ERA5 полигона""}","другие поля региона в эти дни в норме (медианный Z 0.1, ниже нормы 26% из 77) — причина локальная, на самом поле | пик достигнут (109% нормы), но на 34 дней позже обычного: на поле яровая культура вместо привычной озимой, весеннее отставание — смена фазы, а не угнетение","AOI-0046, сезон 2025: умеренная аномалия с 2025-04-27 по 2025-05-29 (33 дней, 9 наблюдений), фаза — весна (всходы и рост). NDVI в худший день 2025-05-13: 0.19 при норме 0.55 (Z = -1.5). Вероятная причина — смена культуры: яровая вместо озимой, весеннее отставание — не угнетение (уверенность 70%). Аргументы: другие поля региона в эти дни в норме (медианный Z 0.1, ниже нормы 26% из 77) — причина локальная, на самом поле; пик достигнут (109% нормы), но на 34 дней позже обычного: на поле яровая культура вместо привычной озимой, весеннее отставание — смена фазы, а не угнетение. Норма: история полигона."
AOI-0048,2010,2010-04-07,2010-04-24,18,3,-2.4874044073991977,-1.6558798948513505,5,-0.39246944999816996,-0.2886008836748878,2010-04-07,-0.07667567536355559,0.3157937746346144,весна (всходы и рост),весна (всходы и рост),97,114,критическая,late_start,0.6,история полигона,ERA5 полигона,2,-0.7564492269942418,0.3508771929824561,"{""available"": true, ""before"": {""precip_mm"": 4.525955482392874, ""temp_c"": 9.182280264960411, ""dry_days"": 4, ""hot_days"": 0, ""max_dry_spell"": 3, ""n_days"": 6}, ""during"": {""precip_mm"": 27.056796266890615, ""temp_c"": 9.597852254796935, ""dry_days"": 11, ""hot_days"": 0, ""max_dry_spell"": 3, ""n_days"": 18, ""precip_deficit_pct"": 1.7905653482513273, ""temp_anomaly_c"": -1.5558734305110988, ""precip_norm_mm"": 27.550098789219387, ""temp_norm_c"": 11.153725685308034, ""norm_years"": 15}, ""combined"": {""precip_mm"": 31.58275174928349, ""temp_c"": 9.493959257337805, ""dry_days"": 15, ""hot_days"": 0, ""max_dry_spell"": 4, ""n_days"": 24}, ""source"": ""ERA5 полигона""}","соседние поля региона в эти дни тоже ниже нормы (медианный Z -0.8, ниже нормы 35% из 57 полей) — явление региональное | рост начался на 15 дней позже нормы, но пик достигнут (131% нормы)","AOI-0048, сезон 2010: критическая аномалия с 2010-04-07 по 2010-04-24 (18 дней, 3 наблюдений), фаза — весна (всходы и рост). NDVI в худший день 2010-04-07: -0.08 при норме 0.32 (Z = -2.5). Вероятная причина — запаздывание всходов и роста (уверенность 60%). Аргументы: соседние поля региона в эти дни тоже ниже нормы (медианный Z -0.8, ниже нормы 35% из 57 полей) — явление региональное; рост начался на 15 дней позже нормы, но пик достигнут (131% нормы). Норма: история полигона."
AOI-0048,2010,2010-10-19,2010-10-30,12,2,-1.9308114175275062,-1.4318546008887785,0,-0.10480718067521011,-0.07438967800160921,2010-10-30,0.08572323439470853,0.19053041506991863,осень (озимые всходы),осень (озимые всходы),292,303,умеренная,weak_season,0.4,история полигона,ERA5 полигона,0,-0.5792028054987862,0.23214285714285715,"{""available"": true, ""before"": {""precip_mm"": 48.91150980300196, ""temp_c"": 13.473896916707382, ""dry_days"": 21, ""hot_days"": 0, ""max_dry_spell"": 6, ""n_days"": 30, ""precip_deficit_pct"": -34.30582227523651, ""temp_anomaly_c"": -0.5233266562002648, ""precip_norm_mm"": 36.418011501218686, ""temp_norm_c"": 13.997223572907647, ""norm_years"": 15}, ""during"": {""precip_mm"": 14.890165713648429, ""temp_c"": 9.227536137898786, ""dry_days"": 8, ""hot_days"": 0, ""max_dry_spell"": 4, ""n_days"": 12, ""precip_deficit_pct"": 18.788140050106815, ""temp_anomaly_c"": 0.40183414883083834, ""precip_norm_mm"": 18.33496452714603, ""temp_norm_c"": 8.825701989067948, ""norm_years"": 15}, ""combined"": {""precip_mm"": 63.80167551665039, ""temp_c"": 12.260650979904923, ""dry_days"": 29, ""hot_days"": 0, ""max_dry_spell"": 6, ""n_days"": 42, ""precip_deficit_pct"": -16.526406680794835, ""temp_anomaly_c"": -0.2589949976199506, ""precip_norm_mm"": 54.75297602836473, ""temp_norm_c"": 12.519645977524874, ""norm_years"": 15}, ""source"": ""ERA5 полигона""}",соседние поля региона в эти дни чуть ниже нормы (медианный Z -0.6) | погодного сигнала нет; вероятны агротехнические причины,"AOI-0048, сезон 2010: умеренная аномалия с 2010-10-19 по 2010-10-30 (12 дней, 2 наблюдений), фаза — осень (озимые всходы). NDVI в худший день 2010-10-30: 0.09 при норме 0.19 (Z = -1.9). Вероятная причина — ослабленный сезон без явной погодной причины (уверенность 40%). Аргументы: соседние поля региона в эти дни чуть ниже нормы (медианный Z -0.6); погодного сигнала нет; вероятны агротехнические причины. Норма: история полигона."
AOI-0048,2012,2012-04-02,2012-08-08,129,13,-1.504658630077941,-1.255127579155666,0,-0.2907910187164887,-0.20056357329396857,2012-06-11,0.21124606358210393,0.49394679468267183,весна (всходы и рост),лето после уборки,93,221,умеренная,unsown_or_changed,0.8,история полигона,ERA5 полигона,0,-0.33645510696211656,0.15789473684210525,"{""available"": true, ""before"": {""precip_mm"": 3.023527009759164, ""temp_c"": 9.394670104980491, ""dry_days"": 0, ""hot_days"": 0, ""max_dry_spell"": 0, ""n_days"": 30}, ""during"": {""precip_mm"": 121.26022980609008, ""temp_c"": 22.389891620015014, ""dry_days"": 106, ""hot_days"": 29, ""max_dry_spell"": 28, ""n_days"": 129, ""precip_deficit_pct"": 32.07520066504043, ""temp_anomaly_c"": 2.2852321665827127, ""precip_norm_mm"": 178.52129265500795, ""temp_norm_c"": 20.1046594534323, ""norm_years"": 15}, ""combined"": {""precip_mm"": 124.28375681584924, ""temp_c"": 22.28992837759167, ""dry_days"": 106, ""hot_days"": 29, ""max_dry_spell"": 28, ""n_days"": 159, ""precip_deficit_pct"": 30.724125744657428, ""temp_anomaly_c"": 2.2775000767830065, ""precip_norm_mm"": 179.40409724423571, ""temp_norm_c"": 20.012428300808665, ""norm_years"": 15}, ""source"": ""ERA5 полигона""}","температура выше нормы на 2.3 °C (22.3 против 20.0 °C), жарких дней 29 | сухая серия 28 дней подряд | соседние поля региона в эти дни чуть ниже нормы (медианный Z -0.3) | пик главного сезона всего 0.34 при норме 0.59: кривая плоская с весны — поле не засеяно, под паром или занято другой культурой","AOI-0048, сезон 2012: умеренная аномалия с 2012-04-02 по 2012-08-08 (129 дней, 13 наблюдений), фаза — весна (всходы и рост). NDVI в худший день 2012-06-11: 0.21 при норме 0.49 (Z = -1.5). Вероятная причина — поле не засеяно, под паром или сменилась культура (уверенность 80%). Аргументы: температура выше нормы на 2.3 °C (22.3 против 20.0 °C), жарких дней 29; сухая серия 28 дней подряд; соседние поля региона в эти дни чуть ниже нормы (медианный Z -0.3); пик главного сезона всего 0.34 при норме 0.59: кривая плоская с весны — поле не засеяно, под паром или занято другой культурой. Норма: история полигона."
AOI-0048,2014,2014-04-23,2014-05-27,35,6,-1.3435213524496448,-1.2386339412895127,0,-0.2747995156478731,-0.25085701032572416,2014-05-13,0.3040105273417554,0.5774557067573245,весна (всходы и рост),пик вегетации,113,147,умеренная,crop_rotation,0.7,история полигона,ERA5 полигона,1,0.6975318794500708,0.05263157894736842,"{""available"": true, ""before"": {""precip_mm"": 27.898282851101186, ""temp_c"": 8.887484775890039, ""dry_days"": 15, ""hot_days"": 0, ""max_dry_spell"": 5, ""n_days"": 30}, ""during"": {""precip_mm"": 43.647720419013325, ""temp_c"": 18.255394726707845, ""dry_days"": 23, ""hot_days"": 0, ""max_dry_spell"": 7, ""n_days"": 35, ""precip_deficit_pct"": 22.535299348037398, ""temp_anomaly_c"": 1.9434979048229408, ""precip_norm_mm"": 56.345303153130416, ""temp_norm_c"": 16.311896821884904, ""norm_years"": 15}, ""combined"": {""precip_mm"": 71.54600327011451, ""temp_c"": 14.639710184286937, ""dry_days"": 38, ""hot_days"": 0, ""max_dry_spell"": 8, ""n_days"": 65, ""precip_deficit_pct"": 20.466034606851203, ""temp_anomaly_c"": 0.6081450467918383, ""precip_norm_mm"": 89.95653984615436, ""temp_norm_c"": 14.031565137495098, ""norm_years"": 15}, ""source"": ""ERA5 полигона""}","другие поля региона в эти дни в норме (медианный Z 0.7, ниже нормы 5% из 57) — причина локальная, на самом поле | пик достигнут (105% нормы), но на 38 дней позже обычного: на поле яровая культура вместо привычной озимой, весеннее отставание — смена фазы, а не угнетение","AOI-0048, сезон 2014: умеренная аномалия с 2014-04-23 по 2014-05-27 (35 дней, 6 наблюдений), фаза — весна (всходы и рост). NDVI в худший день 2014-05-13: 0.30 при норме 0.58 (Z = -1.3). Вероятная причина — смена культуры: яровая вместо озимой, весеннее отставание — не угнетение (уверенность 70%). Аргументы: другие поля региона в эти дни в норме (медианный Z 0.7, ниже нормы 5% из 57) — причина локальная, на самом поле; пик достигнут (105% нормы), но на 38 дней позже обычного: на поле яровая культура вместо привычной озимой, весеннее отставание — смена фазы, а не угнетение. Норма: история полигона."
AOI-0048,2018,2018-04-01,2018-05-22,52,12,-1.5810421777671686,-1.3312171517566278,0,-0.30818032434259723,-0.2502490974594012,2018-05-04,0.21843217570213114,0.5264153158469289,весна (всходы и рост),пик вегетации,91,142,умеренная,late_start,0.6,история полигона,ERA5 полигона,0,-0.21005247992490406,0.3157894736842105,"{""available"": true, ""during"": {""precip_mm"": 34.65642605624453, ""temp_c"": 14.689589082277761, ""dry_days"": 44, ""hot_days"": 0, ""max_dry_spell"": 19, ""n_days"": 52, ""precip_deficit_pct"": 58.39383795350865, ""temp_anomaly_c"": 1.188933911690345, ""precip_norm_mm"": 83.29637811225876, ""temp_norm_c"": 13.500655170587416, ""norm_years"": 15}, ""combined"": {""precip_mm"": 34.65642605624453, ""temp_c"": 14.689589082277761, ""dry_days"": 44, ""hot_days"": 0, ""max_dry_spell"": 19, ""n_days"": 82}, ""source"": ""ERA5 полигона""}","другие поля региона в эти дни в норме (медианный Z -0.2, ниже нормы 32% из 57) — причина локальная, на самом поле | рост начался на 27 дней позже нормы, но пик достигнут (76% нормы)","AOI-0048, сезон 2018: умеренная аномалия с 2018-04-01 по 2018-05-22 (52 дней, 12 наблюдений), фаза — весна (всходы и рост). NDVI в худший день 2018-05-04: 0.22 при норме 0.53 (Z = -1.6). Вероятная причина — запаздывание всходов и роста (уверенность 60%). Аргументы: другие поля региона в эти дни в норме (медианный Z -0.2, ниже нормы 32% из 57) — причина локальная, на самом поле; рост начался на 27 дней позже нормы, но пик достигнут (76% нормы). Норма: история полигона."
AOI-0048,2020,2020-07-19,2020-10-30,104,38,-2.200618007809016,-1.2084904996951957,1,-0.12132886417742811,-0.09588596546005099,2020-10-30,0.12209960632741704,0.21012432663977768,созревание и уборка,осень (озимые всходы),201,304,умеренная,weather_drought,0.8,история полигона,ERA5 полигона,0,-0.7979595368102553,0.2631578947368421,"{""available"": true, ""before"": {""precip_mm"": 29.118024042780632, ""temp_c"": 26.853875880771234, ""dry_days"": 24, ""hot_days"": 9, ""max_dry_spell"": 8, ""n_days"": 30, ""precip_deficit_pct"": 20.19958309744877, ""temp_anomaly_c"": 1.516919232121218, ""precip_norm_mm"": 36.48856130455845, ""temp_norm_c"": 25.336956648650016, ""norm_years"": 15}, ""during"": {""precip_mm"": 47.36312240157403, ""temp_c"": 20.670496589709575, ""dry_days"": 97, ""hot_days"": 12, ""max_dry_spell"": 61, ""n_days"": 104, ""precip_deficit_pct"": 55.851415502617364, ""temp_anomaly_c"": 1.1928252034717133, ""precip_norm_mm"": 107.2811799988332, ""temp_norm_c"": 19.477671386237862, ""norm_years"": 15}, ""combined"": {""precip_mm"": 76.48114644435466, ""temp_c"": 22.054835236962187, ""dry_days"": 121, ""hot_days"": 21, ""max_dry_spell"": 61, ""n_days"": 134, ""precip_deficit_pct"": 46.803029795428564, ""temp_anomaly_c"": 1.2653835680947374, ""precip_norm_mm"": 143.7697413033916, ""temp_norm_c"": 20.78945166886745, ""norm_years"": 15}, ""source"": ""ERA5 полигона""}","за 30 дней до и во время эпизода осадков 76 мм при норме 144 мм (дефицит 47 %) | температура выше нормы на 1.3 °C (22.1 против 20.8 °C), жарких дней 21 | сухая серия 61 дней подряд | во время эпизода: осадков 47 мм при норме 107 мм | соседние поля региона в эти дни тоже ниже нормы (медианный Z -0.8, ниже нормы 26% из 57 полей) — явление региональное","AOI-0048, сезон 2020: умеренная аномалия с 2020-07-19 по 2020-10-30 (104 дней, 38 наблюдений), фаза — созревание и уборка. NDVI в худший день 2020-10-30: 0.12 при норме 0.21 (Z = -2.2). Вероятная причина — погодный стресс: дефицит осадков и/или жара (уверенность 80%). Аргументы: за 30 дней до и во время эпизода осадков 76 мм при норме 144 мм (дефицит 47 %); температура выше нормы на 1.3 °C (22.1 против 20.8 °C), жарких дней 21; сухая серия 61 дней подряд; во время эпизода: осадков 47 мм при норме 107 мм; соседние поля региона в эти дни тоже ниже нормы (медианный Z -0.8, ниже нормы 26% из 57 полей) — явление региональное. Норма: история полигона."
AOI-0048,2022,2022-05-17,2022-07-14,59,22,-1.8440988963829879,-1.451251283727472,0,-0.36267564790178203,-0.2467594871995597,2022-06-03,0.19742976625436112,0.5577062293149609,пик вегетации,созревание и уборка,137,195,умеренная,weather_drought,0.65,история полигона,ERA5 полигона,1,0.4515676935300585,0.08771929824561403,"{""available"": true, ""before"": {""precip_mm"": 24.783958399101635, ""temp_c"": 13.557573721143957, ""dry_days"": 22, ""hot_days"": 0, ""max_dry_spell"": 9, ""n_days"": 30, ""precip_deficit_pct"": 47.238440175263676, ""temp_anomaly_c"": -1.2722193032723883, ""precip_norm_mm"": 46.9735134469662, ""temp_norm_c"": 14.829793024416345, ""norm_years"": 15}, ""during"": {""precip_mm"": 46.76207526634357, ""temp_c"": 22.35072729250808, ""dry_days"": 47, ""hot_days"": 3, ""max_dry_spell"": 30, ""n_days"": 59, ""precip_deficit_pct"": 45.32528613637393, ""temp_anomaly_c"": -0.6596660671485566, ""precip_norm_mm"": 85.52779148141714, ""temp_norm_c"": 23.010393359656636, ""norm_years"": 15}, ""combined"": {""precip_mm"": 71.54603366544521, ""temp_c"": 19.38674294261006, ""dry_days"": 69, ""hot_days"": 3, ""max_dry_spell"": 30, ""n_days"": 89, ""precip_deficit_pct"": 46.00352524519236, ""temp_anomaly_c"": -0.8661446860667041, ""precip_norm_mm"": 132.50130492838335, ""temp_norm_c"": 20.252887628676763, ""norm_years"": 15}, ""source"": ""ERA5 полигона""}","за 30 дней до и во время эпизода осадков 72 мм при норме 133 мм (дефицит 46 %) | сухая серия 30 дней подряд | за 30 дней до эпизода: осадков 25 мм при норме 47 мм | во время эпизода: осадков 47 мм при норме 86 мм | другие поля региона в эти дни в норме (медианный Z 0.5, ниже нормы 9% из 57) — причина локальная, на самом поле","AOI-0048, сезон 2022: умеренная аномалия с 2022-05-17 по 2022-07-14 (59 дней, 22 наблюдений), фаза — пик вегетации. NDVI в худший день 2022-06-03: 0.20 при норме 0.56 (Z = -1.8). Вероятная причина — погодный стресс: дефицит осадков и/или жара (уверенность 65%). Аргументы: за 30 дней до и во время эпизода осадков 72 мм при норме 133 мм (дефицит 46 %); сухая серия 30 дней подряд; за 30 дней до эпизода: осадков 25 мм при норме 47 мм; во время эпизода: осадков 47 мм при норме 86 мм; другие поля региона в эти дни в норме (медианный Z 0.5, ниже нормы 9% из 57) — причина локальная, на самом поле. Норма: история полигона."
AOI-0048,2024,2024-04-17,2024-06-23,68,18,-2.119641030128064,-1.676964585865255,16,-0.4073107970941332,-0.31788798292639586,2024-05-19,0.187741337940148,0.5950521350342812,весна (всходы и рост),пик вегетации,108,175,критическая,crop_rotation,0.7,история полигона,ERA5 полигона,2,0.22120753309170763,0.21052631578947367,"{""available"": true, ""before"": {""precip_mm"": 24.86457605472836, ""temp_c"": 14.622085944811523, ""dry_days"": 12, ""hot_days"": 0, ""max_dry_spell"": 9, ""n_days"": 30}, ""during"": {""precip_mm"": 33.78685428845429, ""temp_c"": 19.873463249206573, ""dry_days"": 61, ""hot_days"": 6, ""max_dry_spell"": 12, ""n_days"": 68, ""precip_deficit_pct"": 69.0158715323463, ""temp_anomaly_c"": 1.387728459227322, ""precip_norm_mm"": 109.04568228771237, ""temp_norm_c"": 18.48573478997925, ""norm_years"": 15}, ""combined"": {""precip_mm"": 58.65143034318265, ""temp_c"": 18.873200905512277, ""dry_days"": 73, ""hot_days"": 6, ""max_dry_spell"": 12, ""n_days"": 98, ""precip_deficit_pct"": 55.50039232841573, ""temp_anomaly_c"": 2.133706041618634, ""precip_norm_mm"": 131.80212907952262, ""temp_norm_c"": 16.739494863893643, ""norm_years"": 15}, ""source"": ""ERA5 полигона""}","за 30 дней до и во время эпизода осадков 59 мм при норме 132 мм (дефицит 56 %) | температура выше нормы на 2.1 °C (18.9 против 16.7 °C), жарких дней 6 | во время эпизода: осадков 34 мм при норме 109 мм | другие поля региона в эти дни в норме (медианный Z 0.2, ниже нормы 21% из 57) — причина локальная, на самом поле | пик достигнут (87% нормы), но на 87 дней позже обычного: на поле яровая культура вместо привычной озимой, весеннее отставание — смена фазы, а не угнетение","AOI-0048, сезон 2024: критическая аномалия с 2024-04-17 по 2024-06-23 (68 дней, 18 наблюдений), фаза — весна (всходы и рост). NDVI в худший день 2024-05-19: 0.19 при норме 0.60 (Z = -2.1). Вероятная причина — смена культуры: яровая вместо озимой, весеннее отставание — не угнетение (уверенность 70%). Аргументы: за 30 дней до и во время эпизода осадков 59 мм при норме 132 мм (дефицит 56 %); температура выше нормы на 2.1 °C (18.9 против 16.7 °C), жарких дней 6; во время эпизода: осадков 34 мм при норме 109 мм; другие поля региона в эти дни в норме (медианный Z 0.2, ниже нормы 21% из 57) — причина локальная, на самом поле; пик достигнут (87% нормы), но на 87 дней позже обычного: на поле яровая культура вместо привычной озимой, весеннее отставание — смена фазы, а не угнетение. Норма: история полигона."
AOI-0049,2025,2025-06-04,2025-09-08,97,31,-2.0142679835328225,-1.3289950967036857,3,-0.28436651738180135,-0.21677268998213858,2025-06-15,0.2668798186175669,0.5493903547696568,пик вегетации,лето после уборки,155,251,умеренная,early_decline,0.6,среднее по культуре (истории полигона нет),ERA5 полигона,0,-0.39086557283525575,0.19480519480519481,"{""available"": true, ""before"": {""precip_mm"": 39.79761287719796, ""temp_c"": 18.08515438503691, ""dry_days"": 20, ""hot_days"": 0, ""max_dry_spell"": 7, ""n_days"": 30}, ""during"": {""precip_mm"": 76.13159689489102, ""temp_c"": 24.90218321678977, ""dry_days"": 82, ""hot_days"": 32, ""max_dry_spell"": 28, ""n_days"": 97}, ""combined"": {""precip_mm"": 115.92920977208898, ""temp_c"": 23.29186144550957, ""dry_days"": 102, ""hot_days"": 32, ""max_dry_spell"": 28, ""n_days"": 127}, ""source"": ""ERA5 полигона""}","соседние поля региона в эти дни чуть ниже нормы (медианный Z -0.4) | пик на уровне нормы (130%), но спад начался на 40 дней раньше обычного","AOI-0049, сезон 2025: умеренная аномалия с 2025-06-04 по 2025-09-08 (97 дней, 31 наблюдений), фаза — пик вегетации. NDVI в худший день 2025-06-15: 0.27 при норме 0.55 (Z = -2.0). Вероятная причина — ранний спад вегетации (уборка, полегание, болезнь) (уверенность 60%). Аргументы: соседние поля региона в эти дни чуть ниже нормы (медианный Z -0.4); пик на уровне нормы (130%), но спад начался на 40 дней раньше обычного. Норма: среднее по культуре (истории полигона нет)."
AOI-0050,2011,2011-04-01,2011-04-29,29,5,-1.6629284144680816,-1.3118039474378103,0,-0.14369312141073637,-0.11540457512590564,2011-04-19,0.2574528698770603,0.3947391163431521,весна (всходы и рост),весна (всходы и рост),91,119,умеренная,weak_season,0.4,история полигона,ERA5 региона (медиана соседних полей),0,-0.5631418606029832,0.2631578947368421,"{""available"": true, ""during"": {""precip_mm"": 36.2612756529862, ""temp_c"": 8.577463379908494, ""dry_days"": 17, ""hot_days"": 0, ""max_dry_spell"": 8, ""n_days"": 29, ""precip_deficit_pct"": 3.039332400617567, ""temp_anomaly_c"": -2.858511082227521, ""precip_norm_mm"": 37.397922838989565, ""temp_norm_c"": 11.435974462136015, ""norm_years"": 15}, ""combined"": {""precip_mm"": 36.2612756529862, ""temp_c"": 8.577463379908492, ""dry_days"": 17, ""hot_days"": 0, ""max_dry_spell"": 8, ""n_days"": 59}, ""source"": ""ERA5 региона (медиана соседних полей)""}",соседние поля региона в эти дни чуть ниже нормы (медианный Z -0.6) | погодного сигнала нет; вероятны агротехнические причины,"AOI-0050, сезон 2011: умеренная аномалия с 2011-04-01 по 2011-04-29 (29 дней, 5 наблюдений), фаза — весна (всходы и рост). NDVI в худший день 2011-04-19: 0.26 при норме 0.39 (Z = -1.7). Вероятная причина — ослабленный сезон без явной погодной причины (уверенность 40%). Аргументы: соседние поля региона в эти дни чуть ниже нормы (медианный Z -0.6); погодного сигнала нет; вероятны агротехнические причины. Норма: история полигона."
AOI-0050,2015,2015-04-13,2015-06-02,51,8,-1.9603551986578507,-1.5613591049831548,0,-0.1939553662378774,-0.14617368305261424,2015-05-20,0.3570583698731276,0.5476619252899914,весна (всходы и рост),пик вегетации,103,153,умеренная,early_decline,0.6,история полигона,ERA5 региона (медиана соседних полей),1,-0.5210890977559691,0.2982456140350877,"{""available"": true, ""before"": {""precip_mm"": 34.038062440155656, ""temp_c"": 7.080784893035916, ""dry_days"": 5, ""hot_days"": 0, ""max_dry_spell"": 4, ""n_days"": 30}, ""during"": {""precip_mm"": 83.37765165215495, ""temp_c"": 15.205366014966803, ""dry_days"": 31, ""hot_days"": 0, ""max_dry_spell"": 14, ""n_days"": 51, ""precip_deficit_pct"": -10.814543741319005, ""temp_anomaly_c"": -0.8022087623682488, ""precip_norm_mm"": 75.24071194733101, ""temp_norm_c"": 16.00757477733505, ""norm_years"": 15}, ""combined"": {""precip_mm"": 117.41571409231061, ""temp_c"": 13.657826753646633, ""dry_days"": 36, ""hot_days"": 0, ""max_dry_spell"": 14, ""n_days"": 81}, ""source"": ""ERA5 региона (медиана соседних полей)""}","соседние поля региона в эти дни чуть ниже нормы (медианный Z -0.5) | пик на уровне нормы (111%), но спад начался на 15 дней раньше обычного","AOI-0050, сезон 2015: умеренная аномалия с 2015-04-13 по 2015-06-02 (51 дней, 8 наблюдений), фаза — весна (всходы и рост). NDVI в худший день 2015-05-20: 0.36 при норме 0.55 (Z = -2.0). Вероятная причина — ранний спад вегетации (уборка, полегание, болезнь) (уверенность 60%). Аргументы: соседние поля региона в эти дни чуть ниже нормы (медианный Z -0.5); пик на уровне нормы (111%), но спад начался на 15 дней раньше обычного. Норма: история полигона."
AOI-0050,2016,2016-04-23,2016-05-24,32,4,-1.5699015631179538,-1.2720870415099987,0,-0.14665701873803716,-0.12035474642582697,2016-04-23,0.2686208279818581,0.41527784671989526,весна (всходы и рост),пик вегетации,114,145,умеренная,early_decline,0.6,история полигона,ERA5 региона (медиана соседних полей),4,0.7113582244388768,0.08771929824561403,"{""available"": true, ""before"": {""precip_mm"": 19.331028347767898, ""temp_c"": 12.308484736355892, ""dry_days"": 14, ""hot_days"": 0, ""max_dry_spell"": 9, ""n_days"": 30}, ""during"": {""precip_mm"": 69.70013189312243, ""temp_c"": 15.217105976299026, ""dry_days"": 18, ""hot_days"": 0, ""max_dry_spell"": 7, ""n_days"": 32, ""precip_deficit_pct"": -65.78335250099703, ""temp_anomaly_c"": -0.9897926377619388, ""precip_norm_mm"": 42.04290167959009, ""temp_norm_c"": 16.206898614060965, ""norm_years"": 15}, ""combined"": {""precip_mm"": 89.03116024089033, ""temp_c"": 14.032112137803676, ""dry_days"": 32, ""hot_days"": 0, ""max_dry_spell"": 9, ""n_days"": 62, ""precip_deficit_pct"": -18.563322280940664, ""temp_anomaly_c"": 0.21491487351674898, ""precip_norm_mm"": 75.09165442406155, ""temp_norm_c"": 13.817197264286927, ""norm_years"": 15}, ""source"": ""ERA5 региона (медиана соседних полей)""}","другие поля региона в эти дни в норме (медианный Z 0.7, ниже нормы 9% из 57) — причина локальная, на самом поле | пик на уровне нормы (107%), но спад начался на 30 дней раньше обычного","AOI-0050, сезон 2016: умеренная аномалия с 2016-04-23 по 2016-05-24 (32 дней, 4 наблюдений), фаза — весна (всходы и рост). NDVI в худший день 2016-04-23: 0.27 при норме 0.42 (Z = -1.6). Вероятная причина — ранний спад вегетации (уборка, полегание, болезнь) (уверенность 60%). Аргументы: другие поля региона в эти дни в норме (медианный Z 0.7, ниже нормы 9% из 57) — причина локальная, на самом поле; пик на уровне нормы (107%), но спад начался на 30 дней раньше обычного. Норма: история полигона."
AOI-0050,2017,2017-05-03,2017-06-02,31,7,-1.678220850069464,-1.4079114270481687,0,-0.1502318797291209,-0.13922939386498695,2017-05-13,0.3761021311591679,0.525725675336258,весна (всходы и рост),пик вегетации,123,153,умеренная,weak_season,0.45,история полигона,ERA5 региона (медиана соседних полей),2,0.6122747057611956,0.14035087719298245,"{""available"": true, ""before"": {""precip_mm"": 45.46471214033992, ""temp_c"": 11.009519727259526, ""dry_days"": 21, ""hot_days"": 0, ""max_dry_spell"": 7, ""n_days"": 30, ""precip_deficit_pct"": -23.966714601474703, ""temp_anomaly_c"": -0.8877027886293725, ""precip_norm_mm"": 36.674935111815145, ""temp_norm_c"": 11.897222515888899, ""norm_years"": 15}, ""during"": {""precip_mm"": 56.12474886792076, ""temp_c"": 16.072010285220777, ""dry_days"": 20, ""hot_days"": 0, ""max_dry_spell"": 11, ""n_days"": 31, ""precip_deficit_pct"": -9.585082264283361, ""temp_anomaly_c"": -1.9879056416468295, ""precip_norm_mm"": 51.21568347465965, ""temp_norm_c"": 18.059915926867607, ""norm_years"": 15}, ""combined"": {""precip_mm"": 101.58946100826067, ""temp_c"": 13.582260830485739, ""dry_days"": 41, ""hot_days"": 0, ""max_dry_spell"": 11, ""n_days"": 61, ""precip_deficit_pct"": -15.586239626141317, ""temp_anomaly_c"": -1.4468222713103707, ""precip_norm_mm"": 87.89061858647482, ""temp_norm_c"": 15.02908310179611, ""norm_years"": 15}, ""source"": ""ERA5 региона (медиана соседних полей)""}","другие поля региона в эти дни в норме (медианный Z 0.6, ниже нормы 14% из 57) — причина локальная, на самом поле | погодного сигнала нет; вероятны агротехнические причины","AOI-0050, сезон 2017: умеренная аномалия с 2017-05-03 по 2017-06-02 (31 дней, 7 наблюдений), фаза — весна (всходы и рост). NDVI в худший день 2017-05-13: 0.38 при норме 0.53 (Z = -1.7). Вероятная причина — ослабленный сезон без явной погодной причины (уверенность 45%). Аргументы: другие поля региона в эти дни в норме (медианный Z 0.6, ниже нормы 14% из 57) — причина локальная, на самом поле; погодного сигнала нет; вероятны агротехнические причины. Норма: история полигона."
AOI-0050,2018,2018-04-01,2018-05-16,46,11,-1.5149751136165517,-1.2641720989151202,0,-0.13306461810399783,-0.11309063634908104,2018-05-02,0.32789566951845367,0.4608953289865629,весна (всходы и рост),пик вегетации,91,136,умеренная,weak_season,0.45,история полигона,ERA5 региона (медиана соседних полей),0,-0.23073667711955706,0.3157894736842105,"{""available"": true, ""during"": {""precip_mm"": 29.918451899297033, ""temp_c"": 14.17986749013267, ""dry_days"": 38, ""hot_days"": 0, ""max_dry_spell"": 19, ""n_days"": 46, ""precip_deficit_pct"": 53.72334576639148, ""temp_anomaly_c"": 1.2047822385843077, ""precip_norm_mm"": 64.65128560994519, ""temp_norm_c"": 12.975085251548363, ""norm_years"": 15}, ""combined"": {""precip_mm"": 29.918451899297033, ""temp_c"": 14.17986749013267, ""dry_days"": 38, ""hot_days"": 0, ""max_dry_spell"": 19, ""n_days"": 76}, ""source"": ""ERA5 региона (медиана соседних полей)""}","другие поля региона в эти дни в норме (медианный Z -0.2, ниже нормы 32% из 57) — причина локальная, на самом поле | погодного сигнала нет; вероятны агротехнические причины","AOI-0050, сезон 2018: умеренная аномалия с 2018-04-01 по 2018-05-16 (46 дней, 11 наблюдений), фаза — весна (всходы и рост). NDVI в худший день 2018-05-02: 0.33 при норме 0.46 (Z = -1.5). Вероятная причина — ослабленный сезон без явной погодной причины (уверенность 45%). Аргументы: другие поля региона в эти дни в норме (медианный Z -0.2, ниже нормы 32% из 57) — причина локальная, на самом поле; погодного сигнала нет; вероятны агротехнические причины. Норма: история полигона."
AOI-0050,2020,2020-09-16,2020-10-27,42,12,-1.7184603045411635,-1.4114900744503585,0,-0.15661491025499447,-0.1289342920193039,2020-10-14,0.2135198162502251,0.36213226803056336,лето после уборки,осень (озимые всходы),260,301,умеренная,weather_drought,0.75,история полигона,ERA5 региона (медиана соседних полей),0,-0.9065264681806303,0.38596491228070173,"{""available"": true, ""before"": {""precip_mm"": 0.6775729106784913, ""temp_c"": 23.994714725164734, ""dry_days"": 30, ""hot_days"": 3, ""max_dry_spell"": 30, ""n_days"": 30, ""precip_deficit_pct"": 95.97655673025386, ""temp_anomaly_c"": 1.4548860611912673, ""precip_norm_mm"": 16.84062295033288, ""temp_norm_c"": 22.539828663973466, ""norm_years"": 15}, ""during"": {""precip_mm"": 21.92920591226313, ""temp_c"": 16.425123063344824, ""dry_days"": 39, ""hot_days"": 0, ""max_dry_spell"": 16, ""n_days"": 42, ""precip_deficit_pct"": 53.9499418930205, ""temp_anomaly_c"": 3.051482624227914, ""precip_norm_mm"": 47.62036534529251, ""temp_norm_c"": 13.37364043911691, ""norm_years"": 15}, ""combined"": {""precip_mm"": 22.60677882294162, ""temp_c"": 19.579119589103126, ""dry_days"": 69, ""hot_days"": 3, ""max_dry_spell"": 46, ""n_days"": 72, ""precip_deficit_pct"": 64.92951873579045, ""temp_anomaly_c"": 2.38623405629599, ""precip_norm_mm"": 64.4609882956254, ""temp_norm_c"": 17.192885532807136, ""norm_years"": 15}, ""source"": ""ERA5 региона (медиана соседних полей)""}","за 30 дней до и во время эпизода осадков 23 мм при норме 64 мм (дефицит 65 %) | сухая серия 46 дней подряд | за 30 дней до эпизода: осадков 1 мм при норме 17 мм | во время эпизода: осадков 22 мм при норме 48 мм | соседние поля региона в эти дни тоже ниже нормы (медианный Z -0.9, ниже нормы 39% из 57 полей) — явление региональное | пик на уровне нормы (118%), но спад начался на 16 дней раньше обычного","AOI-0050, сезон 2020: умеренная аномалия с 2020-09-16 по 2020-10-27 (42 дней, 12 наблюдений), фаза — лето после уборки. NDVI в худший день 2020-10-14: 0.21 при норме 0.36 (Z = -1.7). Вероятная причина — погодный стресс: дефицит осадков и/или жара (уверенность 75%). Аргументы: за 30 дней до и во время эпизода осадков 23 мм при норме 64 мм (дефицит 65 %); сухая серия 46 дней подряд; за 30 дней до эпизода: осадков 1 мм при норме 17 мм; во время эпизода: осадков 22 мм при норме 48 мм; соседние поля региона в эти дни тоже ниже нормы (медианный Z -0.9, ниже нормы 39% из 57 полей) — явление региональное; пик на уровне нормы (118%), но спад начался на 16 дней раньше обычного. Норма: история полигона."
AOI-0050,2022,2022-05-26,2022-07-07,43,16,-1.451225174038769,-1.2460554966428066,0,-0.16964324198007041,-0.13650875411302724,2022-06-13,0.442054736537893,0.6108671385897446,пик вегетации,созревание и уборка,146,188,умеренная,crop_rotation,0.7,история полигона,ERA5 региона (медиана соседних полей),0,0.5207481567247455,0.08771929824561403,"{""available"": true, ""before"": {""precip_mm"": 35.1964213567039, ""temp_c"": 13.868500506083192, ""dry_days"": 21, ""hot_days"": 0, ""max_dry_spell"": 9, ""n_days"": 30, ""precip_deficit_pct"": 20.763557719392132, ""temp_anomaly_c"": -2.923200954443983, ""precip_norm_mm"": 44.4194872254099, ""temp_norm_c"": 16.791701460527175, ""norm_years"": 15}, ""during"": {""precip_mm"": 12.614486878511064, ""temp_c"": 23.026535936761398, ""dry_days"": 39, ""hot_days"": 0, ""max_dry_spell"": 19, ""n_days"": 43, ""precip_deficit_pct"": 74.08275216015669, ""temp_anomaly_c"": -0.04578067123183871, ""precip_norm_mm"": 48.6721698093208, ""temp_norm_c"": 23.072316607993237, ""norm_years"": 15}, ""combined"": {""precip_mm"": 47.81090823521497, ""temp_c"": 19.262959732373094, ""dry_days"": 60, ""hot_days"": 0, ""max_dry_spell"": 22, ""n_days"": 73, ""precip_deficit_pct"": 48.64103856548858, ""temp_anomaly_c"": -1.228282157483406, ""precip_norm_mm"": 93.09165703473069, ""temp_norm_c"": 20.4912418898565, ""norm_years"": 15}, ""source"": ""ERA5 региона (медиана соседних полей)""}","за 30 дней до и во время эпизода осадков 48 мм при норме 93 мм (дефицит 49 %) | сухая серия 22 дней подряд | во время эпизода: осадков 13 мм при норме 49 мм | другие поля региона в эти дни в норме (медианный Z 0.5, ниже нормы 9% из 57) — причина локальная, на самом поле | пик достигнут (122% нормы), но на 58 дней позже обычного: на поле яровая культура вместо привычной озимой, весеннее отставание — смена фазы, а не угнетение","AOI-0050, сезон 2022: умеренная аномалия с 2022-05-26 по 2022-07-07 (43 дней, 16 наблюдений), фаза — пик вегетации. NDVI в худший день 2022-06-13: 0.44 при норме 0.61 (Z = -1.5). Вероятная причина — смена культуры: яровая вместо озимой, весеннее отставание — не угнетение (уверенность 70%). Аргументы: за 30 дней до и во время эпизода осадков 48 мм при норме 93 мм (дефицит 49 %); сухая серия 22 дней подряд; во время эпизода: осадков 13 мм при норме 49 мм; другие поля региона в эти дни в норме (медианный Z 0.5, ниже нормы 9% из 57) — причина локальная, на самом поле; пик достигнут (122% нормы), но на 58 дней позже обычного: на поле яровая культура вместо привычной озимой, весеннее отставание — смена фазы, а не угнетение. Норма: история полигона."
AOI-0050,2023,2023-06-15,2023-07-04,20,4,-1.8958125081522583,-1.5560446664005547,0,-0.19270943487167552,-0.157016280280989,2023-06-25,0.4128010527665014,0.6021241514342737,пик вегетации,созревание и уборка,166,185,умеренная,weak_season,0.45,история полигона,ERA5 региона (медиана соседних полей),2,0.8158700130596422,0.08771929824561403,"{""available"": true, ""before"": {""precip_mm"": 52.923172137643746, ""temp_c"": 19.331721602545866, ""dry_days"": 16, ""hot_days"": 0, ""max_dry_spell"": 6, ""n_days"": 30, ""precip_deficit_pct"": -39.36600133094446, ""temp_anomaly_c"": -1.3047506365633161, ""precip_norm_mm"": 37.974234484901466, ""temp_norm_c"": 20.63647223910918, ""norm_years"": 15}, ""during"": {""precip_mm"": 25.593137571096964, ""temp_c"": 22.222761473479117, ""dry_days"": 12, ""hot_days"": 1, ""max_dry_spell"": 7, ""n_days"": 20, ""precip_deficit_pct"": -16.317898078549863, ""temp_anomaly_c"": -2.013364375550065, ""precip_norm_mm"": 22.002751076032883, ""temp_norm_c"": 24.236125849029182, ""norm_years"": 15}, ""combined"": {""precip_mm"": 78.5163097087407, ""temp_c"": 20.488137550919163, ""dry_days"": 28, ""hot_days"": 1, ""max_dry_spell"": 7, ""n_days"": 50, ""precip_deficit_pct"": -30.910730131595376, ""temp_anomaly_c"": -1.5881961321580178, ""precip_norm_mm"": 59.97698556093436, ""temp_norm_c"": 22.07633368307718, ""norm_years"": 15}, ""source"": ""ERA5 региона (медиана соседних полей)""}","другие поля региона в эти дни в норме (медианный Z 0.8, ниже нормы 9% из 57) — причина локальная, на самом поле | погодного сигнала нет; вероятны агротехнические причины","AOI-0050, сезон 2023: умеренная аномалия с 2023-06-15 по 2023-07-04 (20 дней, 4 наблюдений), фаза — пик вегетации. NDVI в худший день 2023-06-25: 0.41 при норме 0.60 (Z = -1.9). Вероятная причина — ослабленный сезон без явной погодной причины (уверенность 45%). Аргументы: другие поля региона в эти дни в норме (медианный Z 0.8, ниже нормы 9% из 57) — причина локальная, на самом поле; погодного сигнала нет; вероятны агротехнические причины. Норма: история полигона."
AOI-0050,2024,2024-05-24,2024-09-04,104,36,-3.1913182291721673,-1.8329253275306172,31,-0.21568766944976836,-0.16628457843744252,2024-07-07,0.3877396200273529,0.5951959308858851,пик вегетации,лето после уборки,145,248,критическая,weather_drought,0.65,история полигона,ERA5 региона (медиана соседних полей),0,-0.6534120607271642,0.2807017543859649,"{""available"": true, ""before"": {""precip_mm"": 8.35538860652818, ""temp_c"": 15.86778611548155, ""dry_days"": 26, ""hot_days"": 0, ""max_dry_spell"": 7, ""n_days"": 30, ""precip_deficit_pct"": 80.75722673013816, ""temp_anomaly_c"": -0.362766389966783, ""precip_norm_mm"": 43.42091698193234, ""temp_norm_c"": 16.230552505448333, ""norm_years"": 15}, ""during"": {""precip_mm"": 34.53471987657491, ""temp_c"": 25.899536827283047, ""dry_days"": 94, ""hot_days"": 38, ""max_dry_spell"": 29, ""n_days"": 104, ""precip_deficit_pct"": 61.70723589897212, ""temp_anomaly_c"": 1.4793543696762477, ""precip_norm_mm"": 90.1860199630977, ""temp_norm_c"": 24.4201824576068, ""norm_years"": 15}, ""combined"": {""precip_mm"": 42.89010848310309, ""temp_c"": 23.65362248882003, ""dry_days"": 120, ""hot_days"": 38, ""max_dry_spell"": 29, ""n_days"": 134, ""precip_deficit_pct"": 67.89829221161669, ""temp_anomaly_c"": 1.066939274233789, ""precip_norm_mm"": 133.60693694503007, ""temp_norm_c"": 22.58668321458624, ""norm_years"": 15}, ""source"": ""ERA5 региона (медиана соседних полей)""}","за 30 дней до и во время эпизода осадков 43 мм при норме 134 мм (дефицит 68 %) | температура выше нормы на 1.1 °C (23.7 против 22.6 °C), жарких дней 38 | сухая серия 29 дней подряд | за 30 дней до эпизода: осадков 8 мм при норме 43 мм | во время эпизода: осадков 35 мм при норме 90 мм | соседние поля региона в эти дни чуть ниже нормы (медианный Z -0.7)","AOI-0050, сезон 2024: критическая аномалия с 2024-05-24 по 2024-09-04 (104 дней, 36 наблюдений), фаза — пик вегетации. NDVI в худший день 2024-07-07: 0.39 при норме 0.60 (Z = -3.2). Вероятная причина — погодный стресс: дефицит осадков и/или жара (уверенность 65%). Аргументы: за 30 дней до и во время эпизода осадков 43 мм при норме 134 мм (дефицит 68 %); температура выше нормы на 1.1 °C (23.7 против 22.6 °C), жарких дней 38; сухая серия 29 дней подряд; за 30 дней до эпизода: осадков 8 мм при норме 43 мм; во время эпизода: осадков 35 мм при норме 90 мм; соседние поля региона в эти дни чуть ниже нормы (медианный Z -0.7). Норма: история полигона."
AOI-0050,2025,2025-05-25,2025-09-23,122,36,-2.996480175476525,-1.7769370323958524,36,-0.23663739199454514,-0.16210503576573942,2025-07-23,0.3539045666417198,0.5700093300994243,пик вегетации,осень (озимые всходы),145,266,критическая,early_decline,0.6,история полигона,ERA5 региона (медиана соседних полей),1,-0.38652028678550754,0.2077922077922078,"{""available"": true, ""before"": {""precip_mm"": 41.98889453256093, ""temp_c"": 15.075788137042359, ""dry_days"": 21, ""hot_days"": 0, ""max_dry_spell"": 11, ""n_days"": 30, ""precip_deficit_pct"": -1.2321485991397596, ""temp_anomaly_c"": -1.440981242090725, ""precip_norm_mm"": 41.477826079567905, ""temp_norm_c"": 16.516769379133084, ""norm_years"": 15}, ""during"": {""precip_mm"": 77.78830866848773, ""temp_c"": 23.560460373124677, ""dry_days"": 100, ""hot_days"": 30, ""max_dry_spell"": 17, ""n_days"": 122, ""precip_deficit_pct"": 23.67189685129476, ""temp_anomaly_c"": -0.17683726057139282, ""precip_norm_mm"": 101.91306407410343, ""temp_norm_c"": 23.73729763369607, ""norm_years"": 15}, ""combined"": {""precip_mm"": 119.77720320104868, ""temp_c"": 21.885854010740008, ""dry_days"": 121, ""hot_days"": 30, ""max_dry_spell"": 17, ""n_days"": 152, ""precip_deficit_pct"": 16.468052417636837, ""temp_anomaly_c"": -0.4263393621870435, ""precip_norm_mm"": 143.39089015367134, ""temp_norm_c"": 22.31219337292705, ""norm_years"": 15}, ""source"": ""ERA5 региона (медиана соседних полей)""}","сухая серия 17 дней подряд | соседние поля региона в эти дни чуть ниже нормы (медианный Z -0.4) | пик на уровне нормы (90%), но спад начался на 95 дней раньше обычного","AOI-0050, сезон 2025: критическая аномалия с 2025-05-25 по 2025-09-23 (122 дней, 36 наблюдений), фаза — пик вегетации. NDVI в худший день 2025-07-23: 0.35 при норме 0.57 (Z = -3.0). Вероятная причина — ранний спад вегетации (уборка, полегание, болезнь) (уверенность 60%). Аргументы: сухая серия 17 дней подряд; соседние поля региона в эти дни чуть ниже нормы (медианный Z -0.4); пик на уровне нормы (90%), но спад начался на 95 дней раньше обычного. Норма: история полигона."
AOI-0051,2011,2011-04-06,2011-06-04,60,7,-2.266733079698239,-1.6574388704513774,9,-0.3544386882856746,-0.2496641884491422,2011-05-27,0.3722731581653194,0.6158806645090131,весна (всходы и рост),пик вегетации,96,155,критическая,crop_rotation,0.7,история полигона,ERA5 региона (медиана соседних полей),1,-0.2548529279503419,0.17543859649122806,"{""available"": true, ""before"": {""precip_mm"": 1.6530092304189261, ""temp_c"": 6.938280868530296, ""dry_days"": 4, ""hot_days"": 0, ""max_dry_spell"": 2, ""n_days"": 30}, ""during"": {""precip_mm"": 83.14715317162077, ""temp_c"": 13.913883293730471, ""dry_days"": 36, ""hot_days"": 0, ""max_dry_spell"": 9, ""n_days"": 60, ""precip_deficit_pct"": 3.8984786627063506, ""temp_anomaly_c"": -1.644445222313026, ""precip_norm_mm"": 86.52012165321909, ""temp_norm_c"": 15.558328516043497, ""norm_years"": 15}, ""combined"": {""precip_mm"": 84.80016240203969, ""temp_c"": 13.377298491791999, ""dry_days"": 40, ""hot_days"": 0, ""max_dry_spell"": 9, ""n_days"": 90}, ""source"": ""ERA5 региона (медиана соседних полей)""}","другие поля региона в эти дни в норме (медианный Z -0.3, ниже нормы 18% из 57) — причина локальная, на самом поле | пик достигнут (110% нормы), но на 45 дней позже обычного: на поле яровая культура вместо привычной озимой, весеннее отставание — смена фазы, а не угнетение","AOI-0051, сезон 2011: критическая аномалия с 2011-04-06 по 2011-06-04 (60 дней, 7 наблюдений), фаза — весна (всходы и рост). NDVI в худший день 2011-05-27: 0.37 при норме 0.62 (Z = -2.3). Вероятная причина — смена культуры: яровая вместо озимой, весеннее отставание — не угнетение (уверенность 70%). Аргументы: другие поля региона в эти дни в норме (медианный Z -0.3, ниже нормы 18% из 57) — причина локальная, на самом поле; пик достигнут (110% нормы), но на 45 дней позже обычного: на поле яровая культура вместо привычной озимой, весеннее отставание — смена фазы, а не угнетение. Норма: история полигона."
AOI-0051,2013,2013-06-04,2013-07-02,29,4,-1.611485369718531,-1.3454729354865789,0,-0.16128704488234452,-0.14843241125808304,2013-06-09,0.43979907521130596,0.5821859908203962,пик вегетации,созревание и уборка,155,183,умеренная,weather_drought,0.75,история полигона,ERA5 региона (медиана соседних полей),0,-0.43680101800071586,0.24561403508771928,"{""available"": true, ""before"": {""precip_mm"": 19.948864036106073, ""temp_c"": 20.925135150485584, ""dry_days"": 23, ""hot_days"": 0, ""max_dry_spell"": 10, ""n_days"": 30, ""precip_deficit_pct"": 62.14460907160648, ""temp_anomaly_c"": 2.9345915541651593, ""precip_norm_mm"": 52.69755125192324, ""temp_norm_c"": 17.990543596320425, ""norm_years"": 15}, ""during"": {""precip_mm"": 40.344633526288476, ""temp_c"": 23.870617129571745, ""dry_days"": 19, ""hot_days"": 8, ""max_dry_spell"": 8, ""n_days"": 29, ""precip_deficit_pct"": -45.86977896447437, ""temp_anomaly_c"": 0.421903813466578, ""precip_norm_mm"": 27.657979475045444, ""temp_norm_c"": 23.448713316105167, ""norm_years"": 15}, ""combined"": {""precip_mm"": 60.29349756239455, ""temp_c"": 22.372914428341492, ""dry_days"": 42, ""hot_days"": 8, ""max_dry_spell"": 10, ""n_days"": 59, ""precip_deficit_pct"": 24.966586597182395, ""temp_anomaly_c"": 1.6995416477200926, ""precip_norm_mm"": 80.3555307269687, ""temp_norm_c"": 20.6733727806214, ""norm_years"": 15}, ""source"": ""ERA5 региона (медиана соседних полей)""}","температура выше нормы на 1.7 °C (22.4 против 20.7 °C), жарких дней 8 | за 30 дней до эпизода: осадков 20 мм при норме 53 мм | во время эпизода: осадков 40 мм при норме 28 мм | соседние поля региона в эти дни чуть ниже нормы (медианный Z -0.4) | пик на уровне нормы (116%), но спад начался на 39 дней раньше обычного","AOI-0051, сезон 2013: умеренная аномалия с 2013-06-04 по 2013-07-02 (29 дней, 4 наблюдений), фаза — пик вегетации. NDVI в худший день 2013-06-09: 0.44 при норме 0.58 (Z = -1.6). Вероятная причина — погодный стресс: дефицит осадков и/или жара (уверенность 75%). Аргументы: температура выше нормы на 1.7 °C (22.4 против 20.7 °C), жарких дней 8; за 30 дней до эпизода: осадков 20 мм при норме 53 мм; во время эпизода: осадков 40 мм при норме 28 мм; соседние поля региона в эти дни чуть ниже нормы (медианный Z -0.4); пик на уровне нормы (116%), но спад начался на 39 дней раньше обычного. Норма: история полигона."
AOI-0051,2015,2015-04-02,2015-05-01,30,4,-1.3532361693745911,-1.270806424659781,0,-0.2716641499444271,-0.24084971916123435,2015-04-13,0.17243119917558408,0.42476651096678053,весна (всходы и рост),весна (всходы и рост),92,121,умеренная,weather_drought,0.5,история полигона,ERA5 региона (медиана соседних полей),0,-0.7513278163312027,0.2807017543859649,"{""available"": true, ""before"": {""precip_mm"": 5.597800716373058, ""temp_c"": 3.950245157877646, ""dry_days"": 0, ""hot_days"": 0, ""max_dry_spell"": 0, ""n_days"": 30}, ""during"": {""precip_mm"": 54.19045246916928, ""temp_c"": 10.30819907718237, ""dry_days"": 17, ""hot_days"": 0, ""max_dry_spell"": 8, ""n_days"": 30, ""precip_deficit_pct"": -46.372517592514015, ""temp_anomaly_c"": -1.3877343661461357, ""precip_norm_mm"": 37.022286260068235, ""temp_norm_c"": 11.695933443328506, ""norm_years"": 15}, ""combined"": {""precip_mm"": 59.78825318554234, ""temp_c"": 10.103103789462862, ""dry_days"": 17, ""hot_days"": 0, ""max_dry_spell"": 8, ""n_days"": 60}, ""source"": ""ERA5 региона (медиана соседних полей)""}","соседние поля региона в эти дни тоже ниже нормы (медианный Z -0.8, ниже нормы 28% из 57 полей) — явление региональное | явного дефицита осадков в ERA5 нет, но угнетены все поля региона — вероятен региональный погодный фактор (заморозки, суховей, град)","AOI-0051, сезон 2015: умеренная аномалия с 2015-04-02 по 2015-05-01 (30 дней, 4 наблюдений), фаза — весна (всходы и рост). NDVI в худший день 2015-04-13: 0.17 при норме 0.42 (Z = -1.4). Вероятная причина — погодный стресс: дефицит осадков и/или жара (уверенность 50%). Аргументы: соседние поля региона в эти дни тоже ниже нормы (медианный Z -0.8, ниже нормы 28% из 57 полей) — явление региональное; явного дефицита осадков в ERA5 нет, но угнетены все поля региона — вероятен региональный погодный фактор (заморозки, суховей, град). Норма: история полигона."
AOI-0051,2017,2017-04-26,2017-06-04,40,10,-1.8728143305159926,-1.5660365900089084,0,-0.2610571743137463,-0.2144798502042869,2017-05-18,0.3743143886293405,0.6275947772963311,весна (всходы и рост),пик вегетации,116,155,умеренная,crop_rotation,0.7,история полигона,ERA5 региона (медиана соседних полей),3,0.5412550624102856,0.14035087719298245,"{""available"": true, ""before"": {""precip_mm"": 45.88312576292302, ""temp_c"": 9.510690843935386, ""dry_days"": 16, ""hot_days"": 0, ""max_dry_spell"": 8, ""n_days"": 30, ""precip_deficit_pct"": -34.529055271830764, ""temp_anomaly_c"": -1.2796337119988923, ""precip_norm_mm"": 34.10648032145258, ""temp_norm_c"": 10.790324555934278, ""norm_years"": 15}, ""during"": {""precip_mm"": 56.236629822436434, ""temp_c"": 15.861674953188238, ""dry_days"": 29, ""hot_days"": 0, ""max_dry_spell"": 11, ""n_days"": 40, ""precip_deficit_pct"": 3.620285279160873, ""temp_anomaly_c"": -1.8364711464372299, ""precip_norm_mm"": 58.34903120985998, ""temp_norm_c"": 17.69814609962547, ""norm_years"": 15}, ""combined"": {""precip_mm"": 102.11975558535947, ""temp_c"": 13.418988757321756, ""dry_days"": 45, ""hot_days"": 0, ""max_dry_spell"": 11, ""n_days"": 70, ""precip_deficit_pct"": -10.452858779299333, ""temp_anomaly_c"": -1.622302902422481, ""precip_norm_mm"": 92.45551153131255, ""temp_norm_c"": 15.041291659744237, ""norm_years"": 15}, ""source"": ""ERA5 региона (медиана соседних полей)""}","другие поля региона в эти дни в норме (медианный Z 0.5, ниже нормы 14% из 57) — причина локальная, на самом поле | пик достигнут (94% нормы), но на 83 дней позже обычного: на поле яровая культура вместо привычной озимой, весеннее отставание — смена фазы, а не угнетение","AOI-0051, сезон 2017: умеренная аномалия с 2017-04-26 по 2017-06-04 (40 дней, 10 наблюдений), фаза — весна (всходы и рост). NDVI в худший день 2017-05-18: 0.37 при норме 0.63 (Z = -1.9). Вероятная причина — смена культуры: яровая вместо озимой, весеннее отставание — не угнетение (уверенность 70%). Аргументы: другие поля региона в эти дни в норме (медианный Z 0.5, ниже нормы 14% из 57) — причина локальная, на самом поле; пик достигнут (94% нормы), но на 83 дней позже обычного: на поле яровая культура вместо привычной озимой, весеннее отставание — смена фазы, а не угнетение. Норма: история полигона."
AOI-0051,2017,2017-10-11,2017-10-30,20,3,-3.131873451168115,-2.283774143893499,15,-0.3490868859994562,-0.2052219822997654,2017-10-30,-0.07416992403320788,0.2387478472087392,осень (озимые всходы),осень (озимые всходы),284,303,критическая,weak_season,0.4,история полигона,ERA5 региона (медиана соседних полей),0,-0.4643380088755992,0.19298245614035087,"{""available"": true, ""before"": {""precip_mm"": 2.1450364161571156, ""temp_c"": 17.500052845667305, ""dry_days"": 30, ""hot_days"": 0, ""max_dry_spell"": 30, ""n_days"": 30, ""precip_deficit_pct"": 92.75477176885533, ""temp_anomaly_c"": 1.2241784570549363, ""precip_norm_mm"": 29.60619524636044, ""temp_norm_c"": 16.27587438861237, ""norm_years"": 15}, ""during"": {""precip_mm"": 48.49955496556788, ""temp_c"": 10.564565881093369, ""dry_days"": 13, ""hot_days"": 0, ""max_dry_spell"": 6, ""n_days"": 20, ""precip_deficit_pct"": -117.70932028136363, ""temp_anomaly_c"": 0.33450688503743287, ""precip_norm_mm"": 22.277206553622932, ""temp_norm_c"": 10.230058996055936, ""norm_years"": 15}, ""combined"": {""precip_mm"": 50.644591381725, ""temp_c"": 14.725858059837728, ""dry_days"": 43, ""hot_days"": 0, ""max_dry_spell"": 31, ""n_days"": 50, ""precip_deficit_pct"": 2.3876815615023417, ""temp_anomaly_c"": 0.8683098282479307, ""precip_norm_mm"": 51.883401799983375, ""temp_norm_c"": 13.857548231589798, ""norm_years"": 15}, ""source"": ""ERA5 региона (медиана соседних полей)""}",сухая серия 31 дней подряд | соседние поля региона в эти дни чуть ниже нормы (медианный Z -0.5) | погодного сигнала нет; вероятны агротехнические причины,"AOI-0051, сезон 2017: критическая аномалия с 2017-10-11 по 2017-10-30 (20 дней, 3 наблюдений), фаза — осень (озимые всходы). NDVI в худший день 2017-10-30: -0.07 при норме 0.24 (Z = -3.1). Вероятная причина — ослабленный сезон без явной погодной причины (уверенность 40%). Аргументы: сухая серия 31 дней подряд; соседние поля региона в эти дни чуть ниже нормы (медианный Z -0.5); погодного сигнала нет; вероятны агротехнические причины. Норма: история полигона."
AOI-0051,2018,2018-06-07,2018-07-15,39,11,-1.8109256848188229,-1.4465717573759294,0,-0.20776114004772328,-0.174223186046434,2018-06-20,0.3129905164467671,0.517142947710939,пик вегетации,созревание и уборка,158,196,умеренная,weather_drought,0.75,история полигона,ERA5 региона (медиана соседних полей),1,-0.7271106887028731,0.2807017543859649,"{""available"": true, ""before"": {""precip_mm"": 19.08717041984076, ""temp_c"": 19.470498165554492, ""dry_days"": 26, ""hot_days"": 0, ""max_dry_spell"": 16, ""n_days"": 30, ""precip_deficit_pct"": 62.63050563200909, ""temp_anomaly_c"": 0.8198951150578999, ""precip_norm_mm"": 51.07687632024801, ""temp_norm_c"": 18.650603050496592, ""norm_years"": 15}, ""during"": {""precip_mm"": 23.12347246299918, ""temp_c"": 26.12809093802939, ""dry_days"": 33, ""hot_days"": 15, ""max_dry_spell"": 17, ""n_days"": 39, ""precip_deficit_pct"": 39.30712654264909, ""temp_anomaly_c"": 1.8737146457866558, ""precip_norm_mm"": 38.099155874121074, ""temp_norm_c"": 24.254376292242736, ""norm_years"": 15}, ""combined"": {""precip_mm"": 42.21064288283994, ""temp_c"": 23.233485384779435, ""dry_days"": 59, ""hot_days"": 15, ""max_dry_spell"": 33, ""n_days"": 69, ""precip_deficit_pct"": 52.665932937185254, ""temp_anomaly_c"": 1.4155322411219835, ""precip_norm_mm"": 89.17603219436911, ""temp_norm_c"": 21.81795314365745, ""norm_years"": 15}, ""source"": ""ERA5 региона (медиана соседних полей)""}","за 30 дней до и во время эпизода осадков 42 мм при норме 89 мм (дефицит 53 %) | температура выше нормы на 1.4 °C (23.2 против 21.8 °C), жарких дней 15 | сухая серия 33 дней подряд | за 30 дней до эпизода: осадков 19 мм при норме 51 мм | соседние поля региона в эти дни тоже ниже нормы (медианный Z -0.7, ниже нормы 28% из 57 полей) — явление региональное | пик на уровне нормы (109%), но спад начался на 32 дней раньше обычного","AOI-0051, сезон 2018: умеренная аномалия с 2018-06-07 по 2018-07-15 (39 дней, 11 наблюдений), фаза — пик вегетации. NDVI в худший день 2018-06-20: 0.31 при норме 0.52 (Z = -1.8). Вероятная причина — погодный стресс: дефицит осадков и/или жара (уверенность 75%). Аргументы: за 30 дней до и во время эпизода осадков 42 мм при норме 89 мм (дефицит 53 %); температура выше нормы на 1.4 °C (23.2 против 21.8 °C), жарких дней 15; сухая серия 33 дней подряд; за 30 дней до эпизода: осадков 19 мм при норме 51 мм; соседние поля региона в эти дни тоже ниже нормы (медианный Z -0.7, ниже нормы 28% из 57 полей) — явление региональное; пик на уровне нормы (109%), но спад начался на 32 дней раньше обычного. Норма: история полигона."
AOI-0051,2019,2019-06-06,2019-07-10,35,9,-2.135287839462449,-1.675502243333566,10,-0.226427198375665,-0.19066126223006807,2019-06-16,0.325916055205406,0.5428924572394317,пик вегетации,созревание и уборка,157,191,критическая,weather_drought,0.75,история полигона,ERA5 региона (медиана соседних полей),0,-0.3367199832240748,0.15789473684210525,"{""available"": true, ""before"": {""precip_mm"": 45.048104557296924, ""temp_c"": 20.687958740355498, ""dry_days"": 21, ""hot_days"": 1, ""max_dry_spell"": 9, ""n_days"": 30, ""precip_deficit_pct"": 9.80654714351198, ""temp_anomaly_c"": 2.32360936508762, ""precip_norm_mm"": 49.94609157382582, ""temp_norm_c"": 18.364349375267878, ""norm_years"": 15}, ""during"": {""precip_mm"": 5.7641504380853, ""temp_c"": 25.845261182374173, ""dry_days"": 33, ""hot_days"": 12, ""max_dry_spell"": 18, ""n_days"": 35, ""precip_deficit_pct"": 83.70755874261016, ""temp_anomaly_c"": 1.8752755992309815, ""precip_norm_mm"": 35.37929244011132, ""temp_norm_c"": 23.969985583143192, ""norm_years"": 15}, ""combined"": {""precip_mm"": 50.81225499538223, ""temp_c"": 23.464967747596322, ""dry_days"": 54, ""hot_days"": 13, ""max_dry_spell"": 27, ""n_days"": 65, ""precip_deficit_pct"": 40.448841124368684, ""temp_anomaly_c"": 2.0821988757801932, ""precip_norm_mm"": 85.32538401393714, ""temp_norm_c"": 21.38276887181613, ""norm_years"": 15}, ""source"": ""ERA5 региона (медиана соседних полей)""}","за 30 дней до и во время эпизода осадков 51 мм при норме 85 мм (дефицит 40 %) | температура выше нормы на 2.1 °C (23.5 против 21.4 °C), жарких дней 13 | сухая серия 27 дней подряд | во время эпизода: осадков 6 мм при норме 35 мм | соседние поля региона в эти дни чуть ниже нормы (медианный Z -0.3) | пик на уровне нормы (125%), но спад начался на 33 дней раньше обычного","AOI-0051, сезон 2019: критическая аномалия с 2019-06-06 по 2019-07-10 (35 дней, 9 наблюдений), фаза — пик вегетации. NDVI в худший день 2019-06-16: 0.33 при норме 0.54 (Z = -2.1). Вероятная причина — погодный стресс: дефицит осадков и/или жара (уверенность 75%). Аргументы: за 30 дней до и во время эпизода осадков 51 мм при норме 85 мм (дефицит 40 %); температура выше нормы на 2.1 °C (23.5 против 21.4 °C), жарких дней 13; сухая серия 27 дней подряд; во время эпизода: осадков 6 мм при норме 35 мм; соседние поля региона в эти дни чуть ниже нормы (медианный Z -0.3); пик на уровне нормы (125%), но спад начался на 33 дней раньше обычного. Норма: история полигона."
AOI-0051,2019,2019-09-15,2019-10-01,17,4,-1.365285532783631,-1.232572896619862,0,-0.08148455410137512,-0.07320087195011726,2019-09-24,0.20811985927251558,0.2882214561831008,лето после уборки,осень (озимые всходы),258,274,умеренная,early_decline,0.6,история полигона,ERA5 региона (медиана соседних полей),1,-0.1084454072678849,0.12280701754385964,"{""available"": true, ""before"": {""precip_mm"": 3.238932176259763, ""temp_c"": 23.771299164383528, ""dry_days"": 29, ""hot_days"": 6, ""max_dry_spell"": 27, ""n_days"": 30, ""precip_deficit_pct"": 80.70784612543207, ""temp_anomaly_c"": 1.01130885969339, ""precip_norm_mm"": 16.78885725937277, ""temp_norm_c"": 22.759990304690138, ""norm_years"": 15}, ""during"": {""precip_mm"": 24.015424431627252, ""temp_c"": 14.444052719914081, ""dry_days"": 10, ""hot_days"": 0, ""max_dry_spell"": 3, ""n_days"": 17, ""precip_deficit_pct"": -47.680267949626476, ""temp_anomaly_c"": -2.876962146167374, ""precip_norm_mm"": 16.261769270231063, ""temp_norm_c"": 17.321014866081455, ""norm_years"": 15}, ""combined"": {""precip_mm"": 27.254356607887015, ""temp_c"": 20.397614280213727, ""dry_days"": 39, ""hot_days"": 6, ""max_dry_spell"": 30, ""n_days"": 47, ""precip_deficit_pct"": 17.537549300389298, ""temp_anomaly_c"": -0.3950870360434813, ""precip_norm_mm"": 33.05062652960383, ""temp_norm_c"": 20.792701316257208, ""norm_years"": 15}, ""source"": ""ERA5 региона (медиана соседних полей)""}","сухая серия 30 дней подряд | другие поля региона в эти дни в норме (медианный Z -0.1, ниже нормы 12% из 57) — причина локальная, на самом поле | пик на уровне нормы (125%), но спад начался на 33 дней раньше обычного","AOI-0051, сезон 2019: умеренная аномалия с 2019-09-15 по 2019-10-01 (17 дней, 4 наблюдений), фаза — лето после уборки. NDVI в худший день 2019-09-24: 0.21 при норме 0.29 (Z = -1.4). Вероятная причина — ранний спад вегетации (уборка, полегание, болезнь) (уверенность 60%). Аргументы: сухая серия 30 дней подряд; другие поля региона в эти дни в норме (медианный Z -0.1, ниже нормы 12% из 57) — причина локальная, на самом поле; пик на уровне нормы (125%), но спад начался на 33 дней раньше обычного. Норма: история полигона."
AOI-0051,2020,2020-09-19,2020-10-29,41,9,-1.9599447342648744,-1.5195589614858407,0,-0.180039410502932,-0.10371175569873912,2020-10-07,0.18695141361506332,0.27471902770464735,осень (озимые всходы),осень (озимые всходы),263,303,умеренная,weather_drought,0.8,история полигона,ERA5 региона (медиана соседних полей),0,-0.8970396526246807,0.3684210526315789,"{""available"": true, ""before"": {""precip_mm"": 0.6775863233023915, ""temp_c"": 23.483601198078695, ""dry_days"": 30, ""hot_days"": 3, ""max_dry_spell"": 30, ""n_days"": 30, ""precip_deficit_pct"": 96.06423905071063, ""temp_anomaly_c"": 1.5773763323945857, ""precip_norm_mm"": 17.216145290143512, ""temp_norm_c"": 21.90622486568411, ""norm_years"": 15}, ""during"": {""precip_mm"": 23.306384733538877, ""temp_c"": 15.99019546198653, ""dry_days"": 38, ""hot_days"": 0, ""max_dry_spell"": 16, ""n_days"": 41, ""precip_deficit_pct"": 50.69060114883458, ""temp_anomaly_c"": 3.2544340989959615, ""precip_norm_mm"": 47.26560306258537, ""temp_norm_c"": 12.73576136299057, ""norm_years"": 15}, ""combined"": {""precip_mm"": 23.98397105684127, ""temp_c"": 19.15642323780012, ""dry_days"": 68, ""hot_days"": 3, ""max_dry_spell"": 43, ""n_days"": 71, ""precip_deficit_pct"": 62.8050236391795, ""temp_anomaly_c"": 2.5458181412770706, ""precip_norm_mm"": 64.48174835272889, ""temp_norm_c"": 16.61060509652305, ""norm_years"": 15}, ""source"": ""ERA5 региона (медиана соседних полей)""}","за 30 дней до и во время эпизода осадков 24 мм при норме 64 мм (дефицит 63 %) | сухая серия 43 дней подряд | за 30 дней до эпизода: осадков 1 мм при норме 17 мм | во время эпизода: осадков 23 мм при норме 47 мм | соседние поля региона в эти дни тоже ниже нормы (медианный Z -0.9, ниже нормы 37% из 57 полей) — явление региональное","AOI-0051, сезон 2020: умеренная аномалия с 2020-09-19 по 2020-10-29 (41 дней, 9 наблюдений), фаза — осень (озимые всходы). NDVI в худший день 2020-10-07: 0.19 при норме 0.27 (Z = -2.0). Вероятная причина — погодный стресс: дефицит осадков и/или жара (уверенность 80%). Аргументы: за 30 дней до и во время эпизода осадков 24 мм при норме 64 мм (дефицит 63 %); сухая серия 43 дней подряд; за 30 дней до эпизода: осадков 1 мм при норме 17 мм; во время эпизода: осадков 23 мм при норме 47 мм; соседние поля региона в эти дни тоже ниже нормы (медианный Z -0.9, ниже нормы 37% из 57 полей) — явление региональное. Норма: история полигона."
AOI-0051,2022,2022-04-21,2022-06-05,46,9,-2.073363378058019,-1.676539777996051,8,-0.2953580092370903,-0.232419657110343,2022-05-11,0.3220981942230511,0.6161444946547199,весна (всходы и рост),пик вегетации,111,156,критическая,crop_rotation,0.7,история полигона,ERA5 региона (медиана соседних полей),1,0.5655064075306864,0.22807017543859648,"{""available"": true, ""before"": {""precip_mm"": 38.501305817062104, ""temp_c"": 11.52817647510107, ""dry_days"": 10, ""hot_days"": 0, ""max_dry_spell"": 3, ""n_days"": 30}, ""during"": {""precip_mm"": 38.19387909751033, ""temp_c"": 15.85101598810269, ""dry_days"": 36, ""hot_days"": 0, ""max_dry_spell"": 14, ""n_days"": 46, ""precip_deficit_pct"": 43.1157709869441, ""temp_anomaly_c"": -1.2859135055746744, ""precip_norm_mm"": 67.14317792501713, ""temp_norm_c"": 17.136929493677364, ""norm_years"": 15}, ""combined"": {""precip_mm"": 76.69518491457244, ""temp_c"": 14.541064620526441, ""dry_days"": 46, ""hot_days"": 0, ""max_dry_spell"": 14, ""n_days"": 76, ""precip_deficit_pct"": 19.04019384653447, ""temp_anomaly_c"": -0.5340905725021301, ""precip_norm_mm"": 94.73242162807409, ""temp_norm_c"": 15.075155193028571, ""norm_years"": 15}, ""source"": ""ERA5 региона (медиана соседних полей)""}","другие поля региона в эти дни в норме (медианный Z 0.6, ниже нормы 23% из 57) — причина локальная, на самом поле | пик достигнут (119% нормы), но на 47 дней позже обычного: на поле яровая культура вместо привычной озимой, весеннее отставание — смена фазы, а не угнетение","AOI-0051, сезон 2022: критическая аномалия с 2022-04-21 по 2022-06-05 (46 дней, 9 наблюдений), фаза — весна (всходы и рост). NDVI в худший день 2022-05-11: 0.32 при норме 0.62 (Z = -2.1). Вероятная причина — смена культуры: яровая вместо озимой, весеннее отставание — не угнетение (уверенность 70%). Аргументы: другие поля региона в эти дни в норме (медианный Z 0.6, ниже нормы 23% из 57) — причина локальная, на самом поле; пик достигнут (119% нормы), но на 47 дней позже обычного: на поле яровая культура вместо привычной озимой, весеннее отставание — смена фазы, а не угнетение. Норма: история полигона."
AOI-0051,2025,2025-06-11,2025-09-27,109,35,-1.934270031661801,-1.5659571720285017,0,-0.2253132747170329,-0.16869659473286,2025-09-03,0.1609559204990752,0.3161983979337707,пик вегетации,осень (озимые всходы),162,270,умеренная,early_decline,0.6,история полигона,ERA5 региона (медиана соседних полей),0,-0.4017217510302341,0.22077922077922077,"{""available"": true, ""before"": {""precip_mm"": 22.34683282353029, ""temp_c"": 19.937268384297713, ""dry_days"": 23, ""hot_days"": 1, ""max_dry_spell"": 8, ""n_days"": 30, ""precip_deficit_pct"": 47.66802475784711, ""temp_anomaly_c"": 0.3236868036439482, ""precip_norm_mm"": 42.70206259199277, ""temp_norm_c"": 19.613581580653765, ""norm_years"": 15}, ""during"": {""precip_mm"": 71.46225728682168, ""temp_c"": 23.370867469661334, ""dry_days"": 90, ""hot_days"": 29, ""max_dry_spell"": 17, ""n_days"": 109, ""precip_deficit_pct"": 15.84120779428334, ""temp_anomaly_c"": -0.5205048412777735, ""precip_norm_mm"": 84.91359656414777, ""temp_norm_c"": 23.891372310939108, ""norm_years"": 15}, ""combined"": {""precip_mm"": 93.80909011035197, ""temp_c"": 22.62980291886343, ""dry_days"": 113, ""hot_days"": 30, ""max_dry_spell"": 17, ""n_days"": 139, ""precip_deficit_pct"": 26.490925384341324, ""temp_anomaly_c"": -0.33830520568315947, ""precip_norm_mm"": 127.61565915614051, ""temp_norm_c"": 22.96810812454659, ""norm_years"": 15}, ""source"": ""ERA5 региона (медиана соседних полей)""}","сухая серия 17 дней подряд | соседние поля региона в эти дни чуть ниже нормы (медианный Z -0.4) | пик на уровне нормы (142%), но спад начался на 46 дней раньше обычного","AOI-0051, сезон 2025: умеренная аномалия с 2025-06-11 по 2025-09-27 (109 дней, 35 наблюдений), фаза — пик вегетации. NDVI в худший день 2025-09-03: 0.16 при норме 0.32 (Z = -1.9). Вероятная причина — ранний спад вегетации (уборка, полегание, болезнь) (уверенность 60%). Аргументы: сухая серия 17 дней подряд; соседние поля региона в эти дни чуть ниже нормы (медианный Z -0.4); пик на уровне нормы (142%), но спад начался на 46 дней раньше обычного. Норма: история полигона."
AOI-0052,2014,2014-06-11,2014-07-06,26,5,-1.586435925095225,-1.3391073726558025,0,-0.20185274786458318,-0.17793326293147357,2014-06-18,0.34965650601861437,0.5197225770238456,пик вегетации,созревание и уборка,162,187,умеренная,early_decline,0.6,история полигона,ERA5 полигона,0,-0.5545568923954755,0.24561403508771928,"{""available"": true, ""before"": {""precip_mm"": 82.38480076858204, ""temp_c"": 21.973940178200074, ""dry_days"": 17, ""hot_days"": 0, ""max_dry_spell"": 5, ""n_days"": 30, ""precip_deficit_pct"": -34.5832683370848, ""temp_anomaly_c"": 2.4910054249233653, ""precip_norm_mm"": 61.21474220869451, ""temp_norm_c"": 19.48293475327671, ""norm_years"": 15}, ""during"": {""precip_mm"": 59.61591238048077, ""temp_c"": 21.608533404423664, ""dry_days"": 13, ""hot_days"": 0, ""max_dry_spell"": 6, ""n_days"": 26, ""precip_deficit_pct"": -40.609037771964516, ""temp_anomaly_c"": -2.4409498777144982, ""precip_norm_mm"": 42.398350294640416, ""temp_norm_c"": 24.049483282138162, ""norm_years"": 15}, ""combined"": {""precip_mm"": 142.0007131490628, ""temp_c"": 21.80428703323246, ""dry_days"": 30, ""hot_days"": 0, ""max_dry_spell"": 6, ""n_days"": 56, ""precip_deficit_pct"": -37.049005794795995, ""temp_anomaly_c"": 0.20116903441293488, ""precip_norm_mm"": 103.61309250333491, ""temp_norm_c"": 21.603117998819524, ""norm_years"": 15}, ""source"": ""ERA5 полигона""}","соседние поля региона в эти дни чуть ниже нормы (медианный Z -0.6) | пик на уровне нормы (137%), но спад начался на 35 дней раньше обычного","AOI-0052, сезон 2014: умеренная аномалия с 2014-06-11 по 2014-07-06 (26 дней, 5 наблюдений), фаза — пик вегетации. NDVI в худший день 2014-06-18: 0.35 при норме 0.52 (Z = -1.6). Вероятная причина — ранний спад вегетации (уборка, полегание, болезнь) (уверенность 60%). Аргументы: соседние поля региона в эти дни чуть ниже нормы (медианный Z -0.6); пик на уровне нормы (137%), но спад начался на 35 дней раньше обычного. Норма: история полигона."
AOI-0052,2016,2016-06-15,2016-07-26,42,9,-1.4567097373989486,-1.2374929261996805,0,-0.21347564752843867,-0.1916944810899934,2016-06-21,0.3139072844279195,0.4967464206644538,пик вегетации,созревание и уборка,167,208,умеренная,early_decline,0.6,история полигона,ERA5 полигона,2,-0.080189652180337,0.0,"{""available"": true, ""before"": {""precip_mm"": 131.2251463423178, ""temp_c"": 17.35469852023657, ""dry_days"": 15, ""hot_days"": 0, ""max_dry_spell"": 4, ""n_days"": 30, ""precip_deficit_pct"": -136.83080124915392, ""temp_anomaly_c"": -3.4011600767535874, ""precip_norm_mm"": 55.408817455405455, ""temp_norm_c"": 20.75585859699016, ""norm_years"": 15}, ""during"": {""precip_mm"": 32.32757160579899, ""temp_c"": 25.32698880251125, ""dry_days"": 32, ""hot_days"": 11, ""max_dry_spell"": 7, ""n_days"": 42, ""precip_deficit_pct"": 45.368339489368836, ""temp_anomaly_c"": 0.5068814407160218, ""precip_norm_mm"": 59.17369397825302, ""temp_norm_c"": 24.820107361795227, ""norm_years"": 15}, ""combined"": {""precip_mm"": 163.55271794811682, ""temp_c"": 22.005201184896798, ""dry_days"": 47, ""hot_days"": 11, ""max_dry_spell"": 7, ""n_days"": 72, ""precip_deficit_pct"": -42.7379413330553, ""temp_anomaly_c"": -1.12146919156298, ""precip_norm_mm"": 114.58251143365848, ""temp_norm_c"": 23.126670376459778, ""norm_years"": 15}, ""source"": ""ERA5 полигона""}","другие поля региона в эти дни в норме (медианный Z -0.1, ниже нормы 0% из 57) — причина локальная, на самом поле | пик на уровне нормы (144%), но спад начался на 47 дней раньше обычного","AOI-0052, сезон 2016: умеренная аномалия с 2016-06-15 по 2016-07-26 (42 дней, 9 наблюдений), фаза — пик вегетации. NDVI в худший день 2016-06-21: 0.31 при норме 0.50 (Z = -1.5). Вероятная причина — ранний спад вегетации (уборка, полегание, болезнь) (уверенность 60%). Аргументы: другие поля региона в эти дни в норме (медианный Z -0.1, ниже нормы 0% из 57) — причина локальная, на самом поле; пик на уровне нормы (144%), но спад начался на 47 дней раньше обычного. Норма: история полигона."
AOI-0052,2018,2018-04-01,2018-05-29,59,15,-1.4920353643228959,-1.2951759074179088,0,-0.3490183753245246,-0.29227989436811613,2018-04-27,0.2086003642805359,0.5569814380255546,весна (всходы и рост),пик вегетации,91,149,умеренная,crop_rotation,0.7,история полигона,ERA5 полигона,0,-0.21049822300790474,0.3157894736842105,"{""available"": true, ""during"": {""precip_mm"": 50.49921635573658, ""temp_c"": 16.169154574148198, ""dry_days"": 44, ""hot_days"": 0, ""max_dry_spell"": 14, ""n_days"": 59, ""precip_deficit_pct"": 58.049921168058304, ""temp_anomaly_c"": 1.7742950080253763, ""precip_norm_mm"": 120.37931217732394, ""temp_norm_c"": 14.394859566122822, ""norm_years"": 15}, ""combined"": {""precip_mm"": 50.499216355736586, ""temp_c"": 16.169154574148198, ""dry_days"": 44, ""hot_days"": 0, ""max_dry_spell"": 14, ""n_days"": 89}, ""source"": ""ERA5 полигона""}","другие поля региона в эти дни в норме (медианный Z -0.2, ниже нормы 32% из 57) — причина локальная, на самом поле | пик достигнут (95% нормы), но на 37 дней позже обычного: на поле яровая культура вместо привычной озимой, весеннее отставание — смена фазы, а не угнетение","AOI-0052, сезон 2018: умеренная аномалия с 2018-04-01 по 2018-05-29 (59 дней, 15 наблюдений), фаза — весна (всходы и рост). NDVI в худший день 2018-04-27: 0.21 при норме 0.56 (Z = -1.5). Вероятная причина — смена культуры: яровая вместо озимой, весеннее отставание — не угнетение (уверенность 70%). Аргументы: другие поля региона в эти дни в норме (медианный Z -0.2, ниже нормы 32% из 57) — причина локальная, на самом поле; пик достигнут (95% нормы), но на 37 дней позже обычного: на поле яровая культура вместо привычной озимой, весеннее отставание — смена фазы, а не угнетение. Норма: история полигона."
AOI-0052,2019,2019-06-13,2019-07-15,33,11,-2.0584098121775827,-1.5090513831101346,4,-0.25597578449686453,-0.21108029064940315,2019-06-21,0.27103863500736763,0.5057908047828176,пик вегетации,созревание и уборка,164,196,умеренная,weather_drought,0.75,история полигона,ERA5 полигона,1,-0.5113168696375346,0.2631578947368421,"{""available"": true, ""before"": {""precip_mm"": 31.97029316036056, ""temp_c"": 23.199153370327444, ""dry_days"": 24, ""hot_days"": 3, ""max_dry_spell"": 9, ""n_days"": 30, ""precip_deficit_pct"": 51.01916189276536, ""temp_anomaly_c"": 3.284798624015149, ""precip_norm_mm"": 65.27102106821327, ""temp_norm_c"": 19.914354746312295, ""norm_years"": 15}, ""during"": {""precip_mm"": 35.3537687514051, ""temp_c"": 24.836086816498753, ""dry_days"": 25, ""hot_days"": 9, ""max_dry_spell"": 11, ""n_days"": 33, ""precip_deficit_pct"": 28.220263722766493, ""temp_anomaly_c"": 0.4462531135807417, ""precip_norm_mm"": 49.2531326875581, ""temp_norm_c"": 24.38983370291801, ""norm_years"": 15}, ""combined"": {""precip_mm"": 67.32406191176565, ""temp_c"": 24.056594699274317, ""dry_days"": 49, ""hot_days"": 12, ""max_dry_spell"": 20, ""n_days"": 63, ""precip_deficit_pct"": 41.21409353057726, ""temp_anomaly_c"": 1.7979414518828385, ""precip_norm_mm"": 114.52415375577137, ""temp_norm_c"": 22.25865324739148, ""norm_years"": 15}, ""source"": ""ERA5 полигона""}","за 30 дней до и во время эпизода осадков 67 мм при норме 115 мм (дефицит 41 %) | температура выше нормы на 1.8 °C (24.1 против 22.3 °C), жарких дней 12 | сухая серия 20 дней подряд | за 30 дней до эпизода: осадков 32 мм при норме 65 мм | соседние поля региона в эти дни чуть ниже нормы (медианный Z -0.5) | пик на уровне нормы (142%), но спад начался на 34 дней раньше обычного","AOI-0052, сезон 2019: умеренная аномалия с 2019-06-13 по 2019-07-15 (33 дней, 11 наблюдений), фаза — пик вегетации. NDVI в худший день 2019-06-21: 0.27 при норме 0.51 (Z = -2.1). Вероятная причина — погодный стресс: дефицит осадков и/или жара (уверенность 75%). Аргументы: за 30 дней до и во время эпизода осадков 67 мм при норме 115 мм (дефицит 41 %); температура выше нормы на 1.8 °C (24.1 против 22.3 °C), жарких дней 12; сухая серия 20 дней подряд; за 30 дней до эпизода: осадков 32 мм при норме 65 мм; соседние поля региона в эти дни чуть ниже нормы (медианный Z -0.5); пик на уровне нормы (142%), но спад начался на 34 дней раньше обычного. Норма: история полигона."
AOI-0052,2020,2020-04-03,2020-05-28,56,18,-1.4838973215317903,-1.3719357125942924,0,-0.35138532548639767,-0.3091316694326566,2020-04-29,0.21782108961656066,0.5674701539574676,весна (всходы и рост),пик вегетации,94,149,умеренная,crop_rotation,0.7,история полигона,ERA5 полигона,1,-0.15192171123992454,0.21052631578947367,"{""available"": true, ""before"": {""precip_mm"": 0.1104205845763316, ""temp_c"": 3.8274471918742092, ""dry_days"": 2, ""hot_days"": 0, ""max_dry_spell"": 2, ""n_days"": 30}, ""during"": {""precip_mm"": 83.72230296758569, ""temp_c"": 13.09176857963443, ""dry_days"": 40, ""hot_days"": 0, ""max_dry_spell"": 12, ""n_days"": 56, ""precip_deficit_pct"": 24.993289886592606, ""temp_anomaly_c"": -1.5868423550217248, ""precip_norm_mm"": 111.6197508742893, ""temp_norm_c"": 14.678610934656154, ""norm_years"": 15}, ""combined"": {""precip_mm"": 83.83272355216201, ""temp_c"": 12.772309221435801, ""dry_days"": 42, ""hot_days"": 0, ""max_dry_spell"": 12, ""n_days"": 86}, ""source"": ""ERA5 полигона""}","другие поля региона в эти дни в норме (медианный Z -0.2, ниже нормы 21% из 57) — причина локальная, на самом поле | пик достигнут (119% нормы), но на 33 дней позже обычного: на поле яровая культура вместо привычной озимой, весеннее отставание — смена фазы, а не угнетение","AOI-0052, сезон 2020: умеренная аномалия с 2020-04-03 по 2020-05-28 (56 дней, 18 наблюдений), фаза — весна (всходы и рост). NDVI в худший день 2020-04-29: 0.22 при норме 0.57 (Z = -1.5). Вероятная причина — смена культуры: яровая вместо озимой, весеннее отставание — не угнетение (уверенность 70%). Аргументы: другие поля региона в эти дни в норме (медианный Z -0.2, ниже нормы 21% из 57) — причина локальная, на самом поле; пик достигнут (119% нормы), но на 33 дней позже обычного: на поле яровая культура вместо привычной озимой, весеннее отставание — смена фазы, а не угнетение. Норма: история полигона."
AOI-0052,2022,2022-06-30,2022-08-03,35,15,-1.327287984691132,-1.2034177581335566,0,-0.2247770003759668,-0.20261076988722018,2022-07-11,0.18160036044205338,0.40574519115887303,созревание и уборка,созревание и уборка,181,215,умеренная,early_decline,0.6,история полигона,ERA5 полигона,0,-0.14767456939537688,0.12280701754385964,"{""available"": true, ""before"": {""precip_mm"": 45.68780269595863, ""temp_c"": 23.049479258502, ""dry_days"": 21, ""hot_days"": 0, ""max_dry_spell"": 13, ""n_days"": 30, ""precip_deficit_pct"": 12.157898917950538, ""temp_anomaly_c"": 0.1392268027788397, ""precip_norm_mm"": 52.011281758030414, ""temp_norm_c"": 22.91025245572316, ""norm_years"": 15}, ""during"": {""precip_mm"": 47.64489813883207, ""temp_c"": 24.004221580142087, ""dry_days"": 26, ""hot_days"": 5, ""max_dry_spell"": 11, ""n_days"": 35, ""precip_deficit_pct"": -31.699713916428053, ""temp_anomaly_c"": -1.9772342237845955, ""precip_norm_mm"": 36.1769184776406, ""temp_norm_c"": 25.981455803926682, ""norm_years"": 15}, ""combined"": {""precip_mm"": 93.3327008347907, ""temp_c"": 23.56357127784666, ""dry_days"": 47, ""hot_days"": 5, ""max_dry_spell"": 13, ""n_days"": 65, ""precip_deficit_pct"": -5.833547555536578, ""temp_anomaly_c"": -1.0004060576784006, ""precip_norm_mm"": 88.18820023567102, ""temp_norm_c"": 24.56397733552506, ""norm_years"": 15}, ""source"": ""ERA5 полигона""}","другие поля региона в эти дни в норме (медианный Z -0.1, ниже нормы 12% из 57) — причина локальная, на самом поле | пик на уровне нормы (146%), но спад начался на 26 дней раньше обычного","AOI-0052, сезон 2022: умеренная аномалия с 2022-06-30 по 2022-08-03 (35 дней, 15 наблюдений), фаза — созревание и уборка. NDVI в худший день 2022-07-11: 0.18 при норме 0.41 (Z = -1.3). Вероятная причина — ранний спад вегетации (уборка, полегание, болезнь) (уверенность 60%). Аргументы: другие поля региона в эти дни в норме (медианный Z -0.1, ниже нормы 12% из 57) — причина локальная, на самом поле; пик на уровне нормы (146%), но спад начался на 26 дней раньше обычного. Норма: история полигона."
AOI-0052,2023,2023-04-22,2023-06-15,55,14,-2.22358729558685,-1.5773637432843683,12,-0.360861453545324,-0.2929639956830544,2023-06-05,0.3051591066327769,0.5908168618277706,весна (всходы и рост),пик вегетации,112,166,критическая,crop_rotation,0.7,история полигона,ERA5 полигона,1,0.5734645160302418,0.10526315789473684,"{""available"": true, ""before"": {""precip_mm"": 69.17294051785325, ""temp_c"": 11.049429688630301, ""dry_days"": 9, ""hot_days"": 0, ""max_dry_spell"": 4, ""n_days"": 30}, ""during"": {""precip_mm"": 219.8793963279352, ""temp_c"": 16.328526074958596, ""dry_days"": 29, ""hot_days"": 0, ""max_dry_spell"": 13, ""n_days"": 55, ""precip_deficit_pct"": -128.10785871751293, ""temp_anomaly_c"": -2.1068944757634895, ""precip_norm_mm"": 96.39273173846773, ""temp_norm_c"": 18.435420550722085, ""norm_years"": 15}, ""combined"": {""precip_mm"": 289.05233684578855, ""temp_c"": 14.869828389262619, ""dry_days"": 38, ""hot_days"": 0, ""max_dry_spell"": 13, ""n_days"": 85, ""precip_deficit_pct"": -112.97885649845303, ""temp_anomaly_c"": -1.4406940188788973, ""precip_norm_mm"": 135.71879462499044, ""temp_norm_c"": 16.310522408141516, ""norm_years"": 15}, ""source"": ""ERA5 полигона""}","другие поля региона в эти дни в норме (медианный Z 0.6, ниже нормы 11% из 57) — причина локальная, на самом поле | пик достигнут (118% нормы), но на 60 дней позже обычного: на поле яровая культура вместо привычной озимой, весеннее отставание — смена фазы, а не угнетение","AOI-0052, сезон 2023: критическая аномалия с 2023-04-22 по 2023-06-15 (55 дней, 14 наблюдений), фаза — весна (всходы и рост). NDVI в худший день 2023-06-05: 0.31 при норме 0.59 (Z = -2.2). Вероятная причина — смена культуры: яровая вместо озимой, весеннее отставание — не угнетение (уверенность 70%). Аргументы: другие поля региона в эти дни в норме (медианный Z 0.6, ниже нормы 11% из 57) — причина локальная, на самом поле; пик достигнут (118% нормы), но на 60 дней позже обычного: на поле яровая культура вместо привычной озимой, весеннее отставание — смена фазы, а не угнетение. Норма: история полигона."
AOI-0052,2023,2023-10-21,2023-10-30,10,2,-1.6474122187848914,-1.3393400340334045,0,-0.28410152380913767,-0.20193434565653168,2023-10-30,-0.0512733834667555,0.2328281403423822,осень (озимые всходы),осень (озимые всходы),294,303,умеренная,weak_season,0.4,история полигона,ERA5 полигона,0,-0.3191669275968173,0.12280701754385964,"{""available"": true, ""before"": {""precip_mm"": 27.472154262844363, ""temp_c"": 15.302028648941624, ""dry_days"": 27, ""hot_days"": 0, ""max_dry_spell"": 15, ""n_days"": 30, ""precip_deficit_pct"": 26.573241903364764, ""temp_anomaly_c"": 0.9957440286801127, ""precip_norm_mm"": 37.414363612089346, ""temp_norm_c"": 14.306284620261511, ""norm_years"": 15}, ""during"": {""precip_mm"": 15.307104716576703, ""temp_c"": 15.138582420349143, ""dry_days"": 8, ""hot_days"": 0, ""max_dry_spell"": 5, ""n_days"": 10, ""precip_deficit_pct"": -22.916516401782005, ""temp_anomaly_c"": 5.545884232697663, ""precip_norm_mm"": 12.453252959546765, ""temp_norm_c"": 9.59269818765148, ""norm_years"": 15}, ""combined"": {""precip_mm"": 42.779258979421066, ""temp_c"": 15.261167091793505, ""dry_days"": 35, ""hot_days"": 0, ""max_dry_spell"": 15, ""n_days"": 40, ""precip_deficit_pct"": 14.214350072320848, ""temp_anomaly_c"": 2.1332790796845043, ""precip_norm_mm"": 49.867616571636106, ""temp_norm_c"": 13.127888012109, ""norm_years"": 15}, ""source"": ""ERA5 полигона""}",сухая серия 15 дней подряд | соседние поля региона в эти дни чуть ниже нормы (медианный Z -0.3) | погодного сигнала нет; вероятны агротехнические причины,"AOI-0052, сезон 2023: умеренная аномалия с 2023-10-21 по 2023-10-30 (10 дней, 2 наблюдений), фаза — осень (озимые всходы). NDVI в худший день 2023-10-30: -0.05 при норме 0.23 (Z = -1.6). Вероятная причина — ослабленный сезон без явной погодной причины (уверенность 40%). Аргументы: сухая серия 15 дней подряд; соседние поля региона в эти дни чуть ниже нормы (медианный Z -0.3); погодного сигнала нет; вероятны агротехнические причины. Норма: история полигона."
AOI-0052,2024,2024-06-15,2024-10-11,119,46,-1.8461492291480495,-1.3448559426674518,0,-0.28083549567241783,-0.1586267974543179,2024-06-25,0.21903565668703176,0.47875453797312467,пик вегетации,осень (озимые всходы),167,285,умеренная,weather_drought,0.75,история полигона,ERA5 полигона,2,-0.7480866804876372,0.2631578947368421,"{""available"": true, ""before"": {""precip_mm"": 20.11794688230969, ""temp_c"": 21.414820324933107, ""dry_days"": 23, ""hot_days"": 2, ""max_dry_spell"": 9, ""n_days"": 30, ""precip_deficit_pct"": 67.97319411552235, ""temp_anomaly_c"": 0.9296365149227164, ""precip_norm_mm"": 62.81596408607267, ""temp_norm_c"": 20.48518381001039, ""norm_years"": 15}, ""during"": {""precip_mm"": 73.42605830672376, ""temp_c"": 24.644380528141042, ""dry_days"": 108, ""hot_days"": 36, ""max_dry_spell"": 27, ""n_days"": 119, ""precip_deficit_pct"": 42.77748001955777, ""temp_anomaly_c"": 1.9033185898905103, ""precip_norm_mm"": 128.31671574726113, ""temp_norm_c"": 22.74106193825053, ""norm_years"": 15}, ""combined"": {""precip_mm"": 93.54400518903343, ""temp_c"": 23.99413350736093, ""dry_days"": 131, ""hot_days"": 38, ""max_dry_spell"": 27, ""n_days"": 149, ""precip_deficit_pct"": 51.058078989630104, ""temp_anomaly_c"": 1.7072752190916383, ""precip_norm_mm"": 191.13267983333384, ""temp_norm_c"": 22.286858288269293, ""norm_years"": 15}, ""source"": ""ERA5 полигона""}","за 30 дней до и во время эпизода осадков 94 мм при норме 191 мм (дефицит 51 %) | температура выше нормы на 1.7 °C (24.0 против 22.3 °C), жарких дней 38 | сухая серия 27 дней подряд | за 30 дней до эпизода: осадков 20 мм при норме 63 мм | во время эпизода: осадков 73 мм при норме 128 мм | соседние поля региона в эти дни тоже ниже нормы (медианный Z -0.7, ниже нормы 26% из 57 полей) — явление региональное | пик на уровне нормы (140%), но спад начался на 47 дней раньше обычного","AOI-0052, сезон 2024: умеренная аномалия с 2024-06-15 по 2024-10-11 (119 дней, 46 наблюдений), фаза — пик вегетации. NDVI в худший день 2024-06-25: 0.22 при норме 0.48 (Z = -1.8). Вероятная причина — погодный стресс: дефицит осадков и/или жара (уверенность 75%). Аргументы: за 30 дней до и во время эпизода осадков 94 мм при норме 191 мм (дефицит 51 %); температура выше нормы на 1.7 °C (24.0 против 22.3 °C), жарких дней 38; сухая серия 27 дней подряд; за 30 дней до эпизода: осадков 20 мм при норме 63 мм; во время эпизода: осадков 73 мм при норме 128 мм; соседние поля региона в эти дни тоже ниже нормы (медианный Z -0.7, ниже нормы 26% из 57 полей) — явление региональное; пик на уровне нормы (140%), но спад начался на 47 дней раньше обычного. Норма: история полигона."
AOI-0052,2025,2025-04-05,2025-06-08,65,17,-1.9496457255132704,-1.5761056043442323,0,-0.4399085807223138,-0.33216610982206185,2025-05-12,0.16548937489698481,0.6034576154487366,весна (всходы и рост),пик вегетации,95,159,умеренная,crop_rotation,0.7,история полигона,ERA5 полигона,1,0.1413550367458166,0.23376623376623376,"{""available"": true, ""before"": {""precip_mm"": 5.099743098185171, ""temp_c"": 13.52894792556765, ""dry_days"": 3, ""hot_days"": 0, ""max_dry_spell"": 2, ""n_days"": 30}, ""during"": {""precip_mm"": 71.19925239817526, ""temp_c"": 15.699690782921966, ""dry_days"": 44, ""hot_days"": 1, ""max_dry_spell"": 8, ""n_days"": 65, ""precip_deficit_pct"": 44.85054304198697, ""temp_anomaly_c"": -0.18127413094893008, ""precip_norm_mm"": 129.102363514443, ""temp_norm_c"": 15.880964913870896, ""norm_years"": 15}, ""combined"": {""precip_mm"": 76.29899549636045, ""temp_c"": 15.573850617278236, ""dry_days"": 47, ""hot_days"": 1, ""max_dry_spell"": 8, ""n_days"": 95}, ""source"": ""ERA5 полигона""}","другие поля региона в эти дни в норме (медианный Z 0.1, ниже нормы 23% из 77) — причина локальная, на самом поле | пик достигнут (97% нормы), но на 39 дней позже обычного: на поле яровая культура вместо привычной озимой, весеннее отставание — смена фазы, а не угнетение","AOI-0052, сезон 2025: умеренная аномалия с 2025-04-05 по 2025-06-08 (65 дней, 17 наблюдений), фаза — весна (всходы и рост). NDVI в худший день 2025-05-12: 0.17 при норме 0.60 (Z = -1.9). Вероятная причина — смена культуры: яровая вместо озимой, весеннее отставание — не угнетение (уверенность 70%). Аргументы: другие поля региона в эти дни в норме (медианный Z 0.1, ниже нормы 23% из 77) — причина локальная, на самом поле; пик достигнут (97% нормы), но на 39 дней позже обычного: на поле яровая культура вместо привычной озимой, весеннее отставание — смена фазы, а не угнетение. Норма: история полигона."
AOI-0053,2010,2010-04-01,2010-05-13,43,7,-1.7884244409870458,-1.440207254778607,0,-0.24990064936897144,-0.21590492184309945,2010-04-01,0.1260791981278737,0.35392890276719946,весна (всходы и рост),весна (всходы и рост),91,133,умеренная,crop_rotation,0.7,история полигона,ERA5 полигона,0,-0.6444133296673943,0.3333333333333333,"{""available"": true, ""during"": {""precip_mm"": 44.431091831960146, ""temp_c"": 12.788577489335433, ""dry_days"": 32, ""hot_days"": 0, ""max_dry_spell"": 16, ""n_days"": 43, ""precip_deficit_pct"": 41.59726001407659, ""temp_anomaly_c"": -0.24269145945861936, ""precip_norm_mm"": 76.07706734764362, ""temp_norm_c"": 13.031268948794052, ""norm_years"": 15}, ""combined"": {""precip_mm"": 44.431091831960146, ""temp_c"": 12.788577489335433, ""dry_days"": 32, ""hot_days"": 0, ""max_dry_spell"": 16, ""n_days"": 43}, ""source"": ""ERA5 полигона""}","соседние поля региона в эти дни чуть ниже нормы (медианный Z -0.6) | пик достигнут (111% нормы), но на 37 дней позже обычного: на поле яровая культура вместо привычной озимой, весеннее отставание — смена фазы, а не угнетение","AOI-0053, сезон 2010: умеренная аномалия с 2010-04-01 по 2010-05-13 (43 дней, 7 наблюдений), фаза — весна (всходы и рост). NDVI в худший день 2010-04-01: 0.13 при норме 0.35 (Z = -1.8). Вероятная причина — смена культуры: яровая вместо озимой, весеннее отставание — не угнетение (уверенность 70%). Аргументы: соседние поля региона в эти дни чуть ниже нормы (медианный Z -0.6); пик достигнут (111% нормы), но на 37 дней позже обычного: на поле яровая культура вместо привычной озимой, весеннее отставание — смена фазы, а не угнетение. Норма: история полигона."
AOI-0053,2011,2011-04-01,2011-06-06,67,13,-1.7713736129113213,-1.4970101821383133,0,-0.277427810263872,-0.20822753824477044,2011-04-25,0.21071746557584858,0.4874955209058915,весна (всходы и рост),пик вегетации,91,157,умеренная,crop_rotation,0.7,история полигона,ERA5 полигона,1,-0.25770683826068275,0.17543859649122806,"{""available"": true, ""during"": {""precip_mm"": 135.98192247926022, ""temp_c"": 13.701743745566624, ""dry_days"": 43, ""hot_days"": 0, ""max_dry_spell"": 11, ""n_days"": 67, ""precip_deficit_pct"": -4.873804163566442, ""temp_anomaly_c"": -1.7582312003494671, ""precip_norm_mm"": 129.66242958744587, ""temp_norm_c"": 15.459974945916091, ""norm_years"": 15}, ""combined"": {""precip_mm"": 135.98192247926022, ""temp_c"": 13.701743745566624, ""dry_days"": 43, ""hot_days"": 0, ""max_dry_spell"": 11, ""n_days"": 97}, ""source"": ""ERA5 полигона""}","другие поля региона в эти дни в норме (медианный Z -0.3, ниже нормы 18% из 57) — причина локальная, на самом поле | пик достигнут (118% нормы), но на 39 дней позже обычного: на поле яровая культура вместо привычной озимой, весеннее отставание — смена фазы, а не угнетение","AOI-0053, сезон 2011: умеренная аномалия с 2011-04-01 по 2011-06-06 (67 дней, 13 наблюдений), фаза — весна (всходы и рост). NDVI в худший день 2011-04-25: 0.21 при норме 0.49 (Z = -1.8). Вероятная причина — смена культуры: яровая вместо озимой, весеннее отставание — не угнетение (уверенность 70%). Аргументы: другие поля региона в эти дни в норме (медианный Z -0.3, ниже нормы 18% из 57) — причина локальная, на самом поле; пик достигнут (118% нормы), но на 39 дней позже обычного: на поле яровая культура вместо привычной озимой, весеннее отставание — смена фазы, а не угнетение. Норма: история полигона."
AOI-0053,2012,2012-04-01,2012-04-08,8,2,-1.6357249746885383,-1.2881221962241622,0,-0.21414916554821017,-0.17747286594394307,2012-04-01,0.09040808050399711,0.3045572460522073,весна (всходы и рост),весна (всходы и рост),92,99,умеренная,weak_season,0.4,история полигона,ERA5 полигона,0,-0.6161806432624628,0.3333333333333333,"{""available"": true, ""during"": {""precip_mm"": 16.23924761958051, ""temp_c"": 10.662855879465766, ""dry_days"": 4, ""hot_days"": 0, ""max_dry_spell"": 4, ""n_days"": 8, ""precip_deficit_pct"": -16.81389042383259, ""temp_anomaly_c"": 1.0066787825690415, ""precip_norm_mm"": 13.901812156636595, ""temp_norm_c"": 9.656177096896725, ""norm_years"": 15}, ""combined"": {""precip_mm"": 16.23924761958051, ""temp_c"": 10.662855879465766, ""dry_days"": 4, ""hot_days"": 0, ""max_dry_spell"": 4, ""n_days"": 38}, ""source"": ""ERA5 полигона""}",соседние поля региона в эти дни чуть ниже нормы (медианный Z -0.6) | погодного сигнала нет; вероятны агротехнические причины,"AOI-0053, сезон 2012: умеренная аномалия с 2012-04-01 по 2012-04-08 (8 дней, 2 наблюдений), фаза — весна (всходы и рост). NDVI в худший день 2012-04-01: 0.09 при норме 0.30 (Z = -1.6). Вероятная причина — ослабленный сезон без явной погодной причины (уверенность 40%). Аргументы: соседние поля региона в эти дни чуть ниже нормы (медианный Z -0.6); погодного сигнала нет; вероятны агротехнические причины. Норма: история полигона."
AOI-0053,2017,2017-08-09,2017-10-23,76,21,-2.965955716272867,-1.3066575631593478,5,-0.12845761877138476,-0.07021029992645411,2017-10-22,0.0672686747078757,0.18705319193088543,лето после уборки,осень (озимые всходы),221,296,критическая,early_decline,0.6,история полигона,ERA5 полигона,3,-0.15397723009933348,0.08771929824561403,"{""available"": true, ""before"": {""precip_mm"": 19.52973936999669, ""temp_c"": 27.52761046091718, ""dry_days"": 24, ""hot_days"": 15, ""max_dry_spell"": 10, ""n_days"": 30, ""precip_deficit_pct"": 29.785729439982354, ""temp_anomaly_c"": 1.1445735486348418, ""precip_norm_mm"": 27.814487303265636, ""temp_norm_c"": 26.38303691228234, ""norm_years"": 15}, ""during"": {""precip_mm"": 56.40414855062659, ""temp_c"": 20.114426917360564, ""dry_days"": 68, ""hot_days"": 15, ""max_dry_spell"": 35, ""n_days"": 76, ""precip_deficit_pct"": 24.686619172825587, ""temp_anomaly_c"": 0.9253075103313648, ""precip_norm_mm"": 74.89259933777261, ""temp_norm_c"": 19.1891194070292, ""norm_years"": 15}, ""combined"": {""precip_mm"": 75.93388792062328, ""temp_c"": 22.212497731574704, ""dry_days"": 92, ""hot_days"": 30, ""max_dry_spell"": 35, ""n_days"": 106, ""precip_deficit_pct"": 26.067528148264397, ""temp_anomaly_c"": 0.9873639362663162, ""precip_norm_mm"": 102.70708664103822, ""temp_norm_c"": 21.225133795308388, ""norm_years"": 15}, ""source"": ""ERA5 полигона""}","сухая серия 35 дней подряд | другие поля региона в эти дни в норме (медианный Z -0.2, ниже нормы 9% из 57) — причина локальная, на самом поле | пик на уровне нормы (130%), но спад начался на 18 дней раньше обычного","AOI-0053, сезон 2017: критическая аномалия с 2017-08-09 по 2017-10-23 (76 дней, 21 наблюдений), фаза — лето после уборки. NDVI в худший день 2017-10-22: 0.07 при норме 0.19 (Z = -3.0). Вероятная причина — ранний спад вегетации (уборка, полегание, болезнь) (уверенность 60%). Аргументы: сухая серия 35 дней подряд; другие поля региона в эти дни в норме (медианный Z -0.2, ниже нормы 9% из 57) — причина локальная, на самом поле; пик на уровне нормы (130%), но спад начался на 18 дней раньше обычного. Норма: история полигона."
AOI-0053,2018,2018-06-19,2018-08-11,54,12,-1.620674185652817,-1.3357305935787254,0,-0.17744702222829295,-0.14740686990285967,2018-07-01,0.34484128626293714,0.5143044972733382,пик вегетации,лето после уборки,170,223,умеренная,weather_drought,0.75,история полигона,ERA5 полигона,2,-0.5115864311527916,0.17543859649122806,"{""available"": true, ""before"": {""precip_mm"": 9.89551441166725, ""temp_c"": 21.60918761359323, ""dry_days"": 27, ""hot_days"": 2, ""max_dry_spell"": 26, ""n_days"": 30, ""precip_deficit_pct"": 83.68119541946457, ""temp_anomaly_c"": 0.36357848838523665, ""precip_norm_mm"": 60.63872119328101, ""temp_norm_c"": 21.245609125207995, ""norm_years"": 15}, ""during"": {""precip_mm"": 51.115017882672475, ""temp_c"": 26.926094568511605, ""dry_days"": 43, ""hot_days"": 24, ""max_dry_spell"": 13, ""n_days"": 54, ""precip_deficit_pct"": 14.070711449281614, ""temp_anomaly_c"": 1.2898731518184121, ""precip_norm_mm"": 59.48497740965545, ""temp_norm_c"": 25.636221416693193, ""norm_years"": 15}, ""combined"": {""precip_mm"": 61.010532294339725, ""temp_c"": 25.027199227469335, ""dry_days"": 70, ""hot_days"": 26, ""max_dry_spell"": 37, ""n_days"": 84, ""precip_deficit_pct"": 49.21024493592449, ""temp_anomaly_c"": 0.9590536291637193, ""precip_norm_mm"": 120.12369860293647, ""temp_norm_c"": 24.068145598305616, ""norm_years"": 15}, ""source"": ""ERA5 полигона""}","за 30 дней до и во время эпизода осадков 61 мм при норме 120 мм (дефицит 49 %) | сухая серия 37 дней подряд | за 30 дней до эпизода: осадков 10 мм при норме 61 мм | соседние поля региона в эти дни чуть ниже нормы (медианный Z -0.5) | пик на уровне нормы (118%), но спад начался на 48 дней раньше обычного","AOI-0053, сезон 2018: умеренная аномалия с 2018-06-19 по 2018-08-11 (54 дней, 12 наблюдений), фаза — пик вегетации. NDVI в худший день 2018-07-01: 0.34 при норме 0.51 (Z = -1.6). Вероятная причина — погодный стресс: дефицит осадков и/или жара (уверенность 75%). Аргументы: за 30 дней до и во время эпизода осадков 61 мм при норме 120 мм (дефицит 49 %); сухая серия 37 дней подряд; за 30 дней до эпизода: осадков 10 мм при норме 61 мм; соседние поля региона в эти дни чуть ниже нормы (медианный Z -0.5); пик на уровне нормы (118%), но спад начался на 48 дней раньше обычного. Норма: история полигона."
AOI-0053,2023,2023-07-20,2023-09-23,66,25,-1.784878401405562,-1.3801441241094536,0,-0.1747274967742391,-0.11166999821854551,2023-08-08,0.1966374963296627,0.36576258790617544,созревание и уборка,осень (озимые всходы),201,266,умеренная,early_decline,0.6,история полигона,ERA5 полигона,0,0.23721051099958912,0.017543859649122806,"{""available"": true, ""before"": {""precip_mm"": 49.908340382302185, ""temp_c"": 22.74104228549536, ""dry_days"": 22, ""hot_days"": 3, ""max_dry_spell"": 6, ""n_days"": 30, ""precip_deficit_pct"": -28.345410186102903, ""temp_anomaly_c"": -2.377657533574979, ""precip_norm_mm"": 38.88595650591189, ""temp_norm_c"": 25.11869981907034, ""norm_years"": 15}, ""during"": {""precip_mm"": 61.5872227442722, ""temp_c"": 23.572703972248146, ""dry_days"": 58, ""hot_days"": 13, ""max_dry_spell"": 23, ""n_days"": 66, ""precip_deficit_pct"": -17.77194067615582, ""temp_anomaly_c"": -0.5398212725064475, ""precip_norm_mm"": 52.29362986691548, ""temp_norm_c"": 24.112525244754593, ""norm_years"": 15}, ""combined"": {""precip_mm"": 111.49556312657438, ""temp_c"": 23.312809695137897, ""dry_days"": 80, ""hot_days"": 16, ""max_dry_spell"": 23, ""n_days"": 96, ""precip_deficit_pct"": -22.28127759943581, ""temp_anomaly_c"": -1.114145104090369, ""precip_norm_mm"": 91.17958637282737, ""temp_norm_c"": 24.426954799228266, ""norm_years"": 15}, ""source"": ""ERA5 полигона""}","сухая серия 23 дней подряд | другие поля региона в эти дни в норме (медианный Z 0.2, ниже нормы 2% из 57) — причина локальная, на самом поле | пик на уровне нормы (149%), но спад начался на 30 дней раньше обычного","AOI-0053, сезон 2023: умеренная аномалия с 2023-07-20 по 2023-09-23 (66 дней, 25 наблюдений), фаза — созревание и уборка. NDVI в худший день 2023-08-08: 0.20 при норме 0.37 (Z = -1.8). Вероятная причина — ранний спад вегетации (уборка, полегание, болезнь) (уверенность 60%). Аргументы: сухая серия 23 дней подряд; другие поля региона в эти дни в норме (медианный Z 0.2, ниже нормы 2% из 57) — причина локальная, на самом поле; пик на уровне нормы (149%), но спад начался на 30 дней раньше обычного. Норма: история полигона."
AOI-0053,2023,2023-10-21,2023-10-30,10,2,-4.286638324106059,-2.5608301737891446,7,-0.20493168450468355,-0.11891025074307052,2023-10-29,-0.007488325834392731,0.17927408676420464,осень (озимые всходы),осень (озимые всходы),294,303,критическая,early_decline,0.6,история полигона,ERA5 полигона,0,-0.3191669275968173,0.12280701754385964,"{""available"": true, ""before"": {""precip_mm"": 28.431555592202784, ""temp_c"": 15.250321473015696, ""dry_days"": 27, ""hot_days"": 0, ""max_dry_spell"": 15, ""n_days"": 30, ""precip_deficit_pct"": 24.645250382198135, ""temp_anomaly_c"": 0.9983398388050144, ""precip_norm_mm"": 37.7302767727412, ""temp_norm_c"": 14.251981634210681, ""norm_years"": 15}, ""during"": {""precip_mm"": 15.322512517251141, ""temp_c"": 15.002840232849143, ""dry_days"": 8, ""hot_days"": 0, ""max_dry_spell"": 5, ""n_days"": 10, ""precip_deficit_pct"": -19.286436779378292, ""temp_anomaly_c"": 5.499233663347031, ""precip_norm_mm"": 12.845142273459231, ""temp_norm_c"": 9.503606569502113, ""norm_years"": 15}, ""combined"": {""precip_mm"": 43.754068109453925, ""temp_c"": 15.188451162974058, ""dry_days"": 35, ""hot_days"": 0, ""max_dry_spell"": 15, ""n_days"": 40, ""precip_deficit_pct"": 13.487482783909776, ""temp_anomaly_c"": 2.1235632949405208, ""precip_norm_mm"": 50.57541904620044, ""temp_norm_c"": 13.064887868033537, ""norm_years"": 15}, ""source"": ""ERA5 полигона""}","сухая серия 15 дней подряд | соседние поля региона в эти дни чуть ниже нормы (медианный Z -0.3) | пик на уровне нормы (149%), но спад начался на 30 дней раньше обычного","AOI-0053, сезон 2023: критическая аномалия с 2023-10-21 по 2023-10-30 (10 дней, 2 наблюдений), фаза — осень (озимые всходы). NDVI в худший день 2023-10-29: -0.01 при норме 0.18 (Z = -4.3). Вероятная причина — ранний спад вегетации (уборка, полегание, болезнь) (уверенность 60%). Аргументы: сухая серия 15 дней подряд; соседние поля региона в эти дни чуть ниже нормы (медианный Z -0.3); пик на уровне нормы (149%), но спад начался на 30 дней раньше обычного. Норма: история полигона."
AOI-0053,2024,2024-04-23,2024-06-18,57,16,-2.7436679434933637,-1.9415082585816,28,-0.29013485392780414,-0.22571173722784235,2024-05-27,0.3021716329056349,0.5758303004046414,весна (всходы и рост),пик вегетации,114,170,критическая,crop_rotation,0.7,история полигона,ERA5 полигона,2,0.24288097325056737,0.2807017543859649,"{""available"": true, ""before"": {""precip_mm"": 9.094714542943194, ""temp_c"": 16.01437388911394, ""dry_days"": 19, ""hot_days"": 0, ""max_dry_spell"": 13, ""n_days"": 30}, ""during"": {""precip_mm"": 47.36156045209228, ""temp_c"": 19.614432204397122, ""dry_days"": 46, ""hot_days"": 2, ""max_dry_spell"": 15, ""n_days"": 57, ""precip_deficit_pct"": 57.57737561237237, ""temp_anomaly_c"": 0.9436381494325019, ""precip_norm_mm"": 111.64222189399739, ""temp_norm_c"": 18.67079405496462, ""norm_years"": 15}, ""combined"": {""precip_mm"": 56.45627499503547, ""temp_c"": 18.61188431912839, ""dry_days"": 65, ""hot_days"": 2, ""max_dry_spell"": 18, ""n_days"": 87, ""precip_deficit_pct"": 63.924358772466604, ""temp_anomaly_c"": 2.225147892486529, ""precip_norm_mm"": 156.49416912358944, ""temp_norm_c"": 16.38673642664186, ""norm_years"": 15}, ""source"": ""ERA5 полигона""}","за 30 дней до и во время эпизода осадков 56 мм при норме 156 мм (дефицит 64 %) | сухая серия 18 дней подряд | во время эпизода: осадков 47 мм при норме 112 мм | другие поля региона в эти дни в норме (медианный Z 0.2, ниже нормы 28% из 57) — причина локальная, на самом поле | пик достигнут (89% нормы), но на 39 дней позже обычного: на поле яровая культура вместо привычной озимой, весеннее отставание — смена фазы, а не угнетение","AOI-0053, сезон 2024: критическая аномалия с 2024-04-23 по 2024-06-18 (57 дней, 16 наблюдений), фаза — весна (всходы и рост). NDVI в худший день 2024-05-27: 0.30 при норме 0.58 (Z = -2.7). Вероятная причина — смена культуры: яровая вместо озимой, весеннее отставание — не угнетение (уверенность 70%). Аргументы: за 30 дней до и во время эпизода осадков 56 мм при норме 156 мм (дефицит 64 %); сухая серия 18 дней подряд; во время эпизода: осадков 47 мм при норме 112 мм; другие поля региона в эти дни в норме (медианный Z 0.2, ниже нормы 28% из 57) — причина локальная, на самом поле; пик достигнут (89% нормы), но на 39 дней позже обычного: на поле яровая культура вместо привычной озимой, весеннее отставание — смена фазы, а не угнетение. Норма: история полигона."
AOI-0053,2025,2025-06-03,2025-09-22,112,33,-4.092093083068342,-2.642167242543412,84,-0.327589007214536,-0.21532860136191953,2025-06-22,0.25777928207211664,0.5411363196412807,пик вегетации,осень (озимые всходы),154,265,критическая,early_decline,0.6,история полигона,ERA5 полигона,0,-0.4007154379699647,0.2077922077922078,"{""available"": true, ""before"": {""precip_mm"": 41.96348649506021, ""temp_c"": 17.99147919548885, ""dry_days"": 20, ""hot_days"": 0, ""max_dry_spell"": 7, ""n_days"": 30, ""precip_deficit_pct"": 44.66044110878061, ""temp_anomaly_c"": -0.13125474294026418, ""precip_norm_mm"": 75.82909465821288, ""temp_norm_c"": 18.122733938429114, ""norm_years"": 15}, ""during"": {""precip_mm"": 96.28610060424057, ""temp_c"": 24.146757652646045, ""dry_days"": 90, ""hot_days"": 33, ""max_dry_spell"": 28, ""n_days"": 112, ""precip_deficit_pct"": 16.6540694111903, ""temp_anomaly_c"": -0.021533116840178224, ""precip_norm_mm"": 115.52585702026856, ""temp_norm_c"": 24.168290769486223, ""norm_years"": 15}, ""combined"": {""precip_mm"": 138.2495870993008, ""temp_c"": 22.846346710993114, ""dry_days"": 110, ""hot_days"": 33, ""max_dry_spell"": 28, ""n_days"": 142, ""precip_deficit_pct"": 27.752281356381815, ""temp_anomaly_c"": -0.044713742072598706, ""precip_norm_mm"": 191.35495167848146, ""temp_norm_c"": 22.891060453065712, ""norm_years"": 15}, ""source"": ""ERA5 полигона""}","сухая серия 28 дней подряд | соседние поля региона в эти дни чуть ниже нормы (медианный Z -0.4) | пик на уровне нормы (150%), но спад начался на 69 дней раньше обычного","AOI-0053, сезон 2025: критическая аномалия с 2025-06-03 по 2025-09-22 (112 дней, 33 наблюдений), фаза — пик вегетации. NDVI в худший день 2025-06-22: 0.26 при норме 0.54 (Z = -4.1). Вероятная причина — ранний спад вегетации (уборка, полегание, болезнь) (уверенность 60%). Аргументы: сухая серия 28 дней подряд; соседние поля региона в эти дни чуть ниже нормы (медианный Z -0.4); пик на уровне нормы (150%), но спад начался на 69 дней раньше обычного. Норма: история полигона."
AOI-0055,2010,2010-04-01,2010-04-15,15,3,-1.846735228568046,-1.3267264043534526,0,-0.1403426611094144,-0.08365157318674392,2010-04-05,0.21722966762027396,0.3247598650496172,весна (всходы и рост),весна (всходы и рост),91,105,умеренная,early_decline,0.6,история полигона,ERA5 региона (медиана соседних полей),0,-0.5716081589677963,0.36363636363636365,"{""available"": true, ""during"": {""precip_mm"": 17.083045407105146, ""temp_c"": 8.492102101643907, ""dry_days"": 10, ""hot_days"": 0, ""max_dry_spell"": 4, ""n_days"": 15, ""precip_deficit_pct"": 17.41374302276939, ""temp_anomaly_c"": -1.3826246446523154, ""precip_norm_mm"": 20.685094629987912, ""temp_norm_c"": 9.874726746296222, ""norm_years"": 15}, ""combined"": {""precip_mm"": 17.083045407105146, ""temp_c"": 8.492102101643907, ""dry_days"": 10, ""hot_days"": 0, ""max_dry_spell"": 4, ""n_days"": 15}, ""source"": ""ERA5 региона (медиана соседних полей)""}","соседние поля региона в эти дни чуть ниже нормы (медианный Z -0.6) | пик на уровне нормы (99%), но спад начался на 23 дней раньше обычного","AOI-0055, сезон 2010: умеренная аномалия с 2010-04-01 по 2010-04-15 (15 дней, 3 наблюдений), фаза — весна (всходы и рост). NDVI в худший день 2010-04-05: 0.22 при норме 0.32 (Z = -1.8). Вероятная причина — ранний спад вегетации (уборка, полегание, болезнь) (уверенность 60%). Аргументы: соседние поля региона в эти дни чуть ниже нормы (медианный Z -0.6); пик на уровне нормы (99%), но спад начался на 23 дней раньше обычного. Норма: история полигона."
AOI-0055,2010,2010-08-01,2010-09-17,48,7,-2.349832047184346,-1.8995668095171176,29,-0.12092131464002659,-0.09737436155270461,2010-08-30,0.3184068228186022,0.4393281374586288,созревание и уборка,лето после уборки,213,260,критическая,weather_drought,0.75,история полигона,ERA5 региона (медиана соседних полей),0,-0.5685036621519165,0.19298245614035087,"{""available"": true, ""before"": {""precip_mm"": 19.259820374007575, ""temp_c"": 28.134331181844086, ""dry_days"": 24, ""hot_days"": 19, ""max_dry_spell"": 12, ""n_days"": 30, ""precip_deficit_pct"": 23.891279557124932, ""temp_anomaly_c"": 2.2623450496747424, ""precip_norm_mm"": 25.30566834120332, ""temp_norm_c"": 25.871986132169344, ""norm_years"": 15}, ""during"": {""precip_mm"": 13.889234200918803, ""temp_c"": 25.6399177298134, ""dry_days"": 44, ""hot_days"": 20, ""max_dry_spell"": 32, ""n_days"": 48, ""precip_deficit_pct"": 44.690894419539575, ""temp_anomaly_c"": 1.8615862883517984, ""precip_norm_mm"": 25.112020986695516, ""temp_norm_c"": 23.778331441461603, ""norm_years"": 15}, ""combined"": {""precip_mm"": 33.149054574926375, ""temp_c"": 26.599307519055973, ""dry_days"": 68, ""hot_days"": 39, ""max_dry_spell"": 44, ""n_days"": 78, ""precip_deficit_pct"": 34.25114276987857, ""temp_anomaly_c"": 2.015724273476007, ""precip_norm_mm"": 50.41768932789884, ""temp_norm_c"": 24.583583245579966, ""norm_years"": 15}, ""source"": ""ERA5 региона (медиана соседних полей)""}","температура выше нормы на 2.0 °C (26.6 против 24.6 °C), жарких дней 39 | сухая серия 44 дней подряд | во время эпизода: осадков 14 мм при норме 25 мм | соседние поля региона в эти дни чуть ниже нормы (медианный Z -0.6) | пик на уровне нормы (99%), но спад начался на 23 дней раньше обычного","AOI-0055, сезон 2010: критическая аномалия с 2010-08-01 по 2010-09-17 (48 дней, 7 наблюдений), фаза — созревание и уборка. NDVI в худший день 2010-08-30: 0.32 при норме 0.44 (Z = -2.3). Вероятная причина — погодный стресс: дефицит осадков и/или жара (уверенность 75%). Аргументы: температура выше нормы на 2.0 °C (26.6 против 24.6 °C), жарких дней 39; сухая серия 44 дней подряд; во время эпизода: осадков 14 мм при норме 25 мм; соседние поля региона в эти дни чуть ниже нормы (медианный Z -0.6); пик на уровне нормы (99%), но спад начался на 23 дней раньше обычного. Норма: история полигона."
AOI-0055,2010,2010-10-08,2010-10-28,21,2,-1.4758691193545022,-1.2615836358283565,0,-0.13175328443818674,-0.08545915756126961,2010-10-16,0.2901004934872827,0.3743153903033663,осень (озимые всходы),осень (озимые всходы),281,301,умеренная,early_decline,0.6,история полигона,ERA5 региона (медиана соседних полей),0,-0.5435909486614551,0.21052631578947367,"{""available"": true, ""before"": {""precip_mm"": 31.523397968467435, ""temp_c"": 16.748994227279876, ""dry_days"": 23, ""hot_days"": 0, ""max_dry_spell"": 7, ""n_days"": 30, ""precip_deficit_pct"": -23.295327158368462, ""temp_anomaly_c"": -0.22291675479716133, ""precip_norm_mm"": 25.56739066678233, ""temp_norm_c"": 16.971910982077038, ""norm_years"": 15}, ""during"": {""precip_mm"": 26.266779548627486, ""temp_c"": 10.40719323200316, ""dry_days"": 15, ""hot_days"": 0, ""max_dry_spell"": 6, ""n_days"": 21, ""precip_deficit_pct"": -6.556412012905266, ""temp_anomaly_c"": -0.35739277911504175, ""precip_norm_mm"": 24.650585593522298, ""temp_norm_c"": 10.764586011118201, ""norm_years"": 15}, ""combined"": {""precip_mm"": 57.79017751709492, ""temp_c"": 14.137664405695347, ""dry_days"": 38, ""hot_days"": 0, ""max_dry_spell"": 7, ""n_days"": 51, ""precip_deficit_pct"": -15.078666686088283, ""temp_anomaly_c"": -0.27828923539864014, ""precip_norm_mm"": 50.21797626030464, ""temp_norm_c"": 14.415953641093987, ""norm_years"": 15}, ""source"": ""ERA5 региона (медиана соседних полей)""}","соседние поля региона в эти дни чуть ниже нормы (медианный Z -0.5) | пик на уровне нормы (99%), но спад начался на 23 дней раньше обычного","AOI-0055, сезон 2010: умеренная аномалия с 2010-10-08 по 2010-10-28 (21 дней, 2 наблюдений), фаза — осень (озимые всходы). NDVI в худший день 2010-10-16: 0.29 при норме 0.37 (Z = -1.5). Вероятная причина — ранний спад вегетации (уборка, полегание, болезнь) (уверенность 60%). Аргументы: соседние поля региона в эти дни чуть ниже нормы (медианный Z -0.5); пик на уровне нормы (99%), но спад начался на 23 дней раньше обычного. Норма: история полигона."
AOI-0055,2011,2011-04-01,2011-05-04,34,5,-2.7743187042318804,-1.9770043671581823,16,-0.13133764306934323,-0.09250449750697962,2011-04-21,0.2782170398404059,0.3891897880096811,весна (всходы и рост),весна (всходы и рост),91,124,критическая,weak_season,0.4,история полигона,ERA5 региона (медиана соседних полей),0,-0.5550174725882532,0.2631578947368421,"{""available"": true, ""during"": {""precip_mm"": 40.50937441387592, ""temp_c"": 9.503440387309121, ""dry_days"": 20, ""hot_days"": 0, ""max_dry_spell"": 8, ""n_days"": 34, ""precip_deficit_pct"": 2.1600849883182893, ""temp_anomaly_c"": -2.5531725507891156, ""precip_norm_mm"": 41.4037301739676, ""temp_norm_c"": 12.056612938098237, ""norm_years"": 15}, ""combined"": {""precip_mm"": 40.50937441387592, ""temp_c"": 9.503440387309121, ""dry_days"": 20, ""hot_days"": 0, ""max_dry_spell"": 8, ""n_days"": 64}, ""source"": ""ERA5 региона (медиана соседних полей)""}",соседние поля региона в эти дни чуть ниже нормы (медианный Z -0.6) | погодного сигнала нет; вероятны агротехнические причины,"AOI-0055, сезон 2011: критическая аномалия с 2011-04-01 по 2011-05-04 (34 дней, 5 наблюдений), фаза — весна (всходы и рост). NDVI в худший день 2011-04-21: 0.28 при норме 0.39 (Z = -2.8). Вероятная причина — ослабленный сезон без явной погодной причины (уверенность 40%). Аргументы: соседние поля региона в эти дни чуть ниже нормы (медианный Z -0.6); погодного сигнала нет; вероятны агротехнические причины. Норма: история полигона."
AOI-0055,2011,2011-05-22,2011-06-06,16,5,-1.6183961442181747,-1.3967983837221556,0,-0.06473584576872699,-0.05587193534888622,2011-05-29,0.45600010464735624,0.5207359504160832,пик вегетации,пик вегетации,142,157,умеренная,weak_season,0.45,история полигона,ERA5 региона (медиана соседних полей),0,0.17469451151008997,0.22807017543859648,"{""available"": true, ""before"": {""precip_mm"": 42.71287088862863, ""temp_c"": 14.236295441521559, ""dry_days"": 18, ""hot_days"": 0, ""max_dry_spell"": 7, ""n_days"": 30, ""precip_deficit_pct"": -4.658453175345212, ""temp_anomaly_c"": -1.5594750705429714, ""precip_norm_mm"": 40.811677979863994, ""temp_norm_c"": 15.79577051206453, ""norm_years"": 15}, ""during"": {""precip_mm"": 6.9563895896713746, ""temp_c"": 20.84248694932021, ""dry_days"": 14, ""hot_days"": 0, ""max_dry_spell"": 11, ""n_days"": 16, ""precip_deficit_pct"": 70.36668015743548, ""temp_anomaly_c"": 0.6078713767574726, ""precip_norm_mm"": 23.4748911921755, ""temp_norm_c"": 20.23461557256274, ""norm_years"": 15}, ""combined"": {""precip_mm"": 49.669260478300004, ""temp_c"": 16.534101183364566, ""dry_days"": 32, ""hot_days"": 0, ""max_dry_spell"": 11, ""n_days"": 46, ""precip_deficit_pct"": 22.73773337416968, ""temp_anomaly_c"": -0.8056154366993411, ""precip_norm_mm"": 64.2865691720395, ""temp_norm_c"": 17.339716620063907, ""norm_years"": 15}, ""source"": ""ERA5 региона (медиана соседних полей)""}","другие поля региона в эти дни в норме (медианный Z 0.2, ниже нормы 23% из 57) — причина локальная, на самом поле | погодного сигнала нет; вероятны агротехнические причины","AOI-0055, сезон 2011: умеренная аномалия с 2011-05-22 по 2011-06-06 (16 дней, 5 наблюдений), фаза — пик вегетации. NDVI в худший день 2011-05-29: 0.46 при норме 0.52 (Z = -1.6). Вероятная причина — ослабленный сезон без явной погодной причины (уверенность 45%). Аргументы: другие поля региона в эти дни в норме (медианный Z 0.2, ниже нормы 23% из 57) — причина локальная, на самом поле; погодного сигнала нет; вероятны агротехнические причины. Норма: история полигона."
AOI-0055,2012,2012-04-01,2012-04-09,9,2,-2.6236122347150785,-1.5794565694759923,3,-0.18116389968259464,-0.10166651974224877,2012-04-01,0.13566320819960667,0.3168271078822013,весна (всходы и рост),весна (всходы и рост),92,100,умеренная,weak_season,0.4,история полигона,ERA5 региона (медиана соседних полей),0,-0.6105605575544993,0.3111111111111111,"{""available"": true, ""during"": {""precip_mm"": 9.963911600915967, ""temp_c"": 11.084729936387824, ""dry_days"": 5, ""hot_days"": 0, ""max_dry_spell"": 4, ""n_days"": 9, ""precip_deficit_pct"": 15.920087254426129, ""temp_anomaly_c"": 1.9057438133250173, ""precip_norm_mm"": 11.850525619676606, ""temp_norm_c"": 9.178986123062806, ""norm_years"": 15}, ""combined"": {""precip_mm"": 9.963911600915967, ""temp_c"": 11.084729936387824, ""dry_days"": 5, ""hot_days"": 0, ""max_dry_spell"": 4, ""n_days"": 39}, ""source"": ""ERA5 региона (медиана соседних полей)""}",соседние поля региона в эти дни чуть ниже нормы (медианный Z -0.6) | погодного сигнала нет; вероятны агротехнические причины,"AOI-0055, сезон 2012: умеренная аномалия с 2012-04-01 по 2012-04-09 (9 дней, 2 наблюдений), фаза — весна (всходы и рост). NDVI в худший день 2012-04-01: 0.14 при норме 0.32 (Z = -2.6). Вероятная причина — ослабленный сезон без явной погодной причины (уверенность 40%). Аргументы: соседние поля региона в эти дни чуть ниже нормы (медианный Z -0.6); погодного сигнала нет; вероятны агротехнические причины. Норма: история полигона."
AOI-0055,2012,2012-07-22,2012-08-05,15,2,-1.52829712747212,-1.3314226150925157,0,-0.07731240925062793,-0.06854181698263224,2012-07-28,0.4455402415391511,0.522852650789779,созревание и уборка,созревание и уборка,204,218,умеренная,weak_season,0.4,история полигона,ERA5 региона (медиана соседних полей),0,-0.4864408146679503,0.17543859649122806,"{""available"": true, ""before"": {""precip_mm"": 25.848742949152303, ""temp_c"": 24.639156056358722, ""dry_days"": 21, ""hot_days"": 5, ""max_dry_spell"": 10, ""n_days"": 30, ""precip_deficit_pct"": 8.218355387957565, ""temp_anomaly_c"": -0.6892799104963068, ""precip_norm_mm"": 28.16330330363328, ""temp_norm_c"": 25.32843596685503, ""norm_years"": 15}, ""during"": {""precip_mm"": 0.2534326032177755, ""temp_c"": 28.51128425598146, ""dry_days"": 15, ""hot_days"": 12, ""max_dry_spell"": 15, ""n_days"": 15, ""precip_deficit_pct"": 97.98249192546363, ""temp_anomaly_c"": 2.142091074822993, ""precip_norm_mm"": 12.561664878392895, ""temp_norm_c"": 26.36919318115847, ""norm_years"": 15}, ""combined"": {""precip_mm"": 26.102175552370078, ""temp_c"": 25.929865456232964, ""dry_days"": 36, ""hot_days"": 17, ""max_dry_spell"": 25, ""n_days"": 45, ""precip_deficit_pct"": 35.90621007804695, ""temp_anomaly_c"": 0.25451041794346096, ""precip_norm_mm"": 40.724968182026174, ""temp_norm_c"": 25.675355038289503, ""norm_years"": 15}, ""source"": ""ERA5 региона (медиана соседних полей)""}",сухая серия 25 дней подряд | соседние поля региона в эти дни чуть ниже нормы (медианный Z -0.5) | погодного сигнала нет; вероятны агротехнические причины,"AOI-0055, сезон 2012: умеренная аномалия с 2012-07-22 по 2012-08-05 (15 дней, 2 наблюдений), фаза — созревание и уборка. NDVI в худший день 2012-07-28: 0.45 при норме 0.52 (Z = -1.5). Вероятная причина — ослабленный сезон без явной погодной причины (уверенность 40%). Аргументы: сухая серия 25 дней подряд; соседние поля региона в эти дни чуть ниже нормы (медианный Z -0.5); погодного сигнала нет; вероятны агротехнические причины. Норма: история полигона."
AOI-0055,2015,2015-09-19,2015-10-19,31,9,-2.0349955346718693,-1.6036602695583215,4,-0.09793012433792375,-0.08116071224297673,2015-10-09,0.29381593184050214,0.3917398006636413,осень (озимые всходы),осень (озимые всходы),262,292,умеренная,weather_drought,0.75,история полигона,ERA5 региона (медиана соседних полей),0,-0.5094749407296495,0.21052631578947367,"{""available"": true, ""before"": {""precip_mm"": 6.266857368583345, ""temp_c"": 22.22620537228057, ""dry_days"": 27, ""hot_days"": 4, ""max_dry_spell"": 19, ""n_days"": 30, ""precip_deficit_pct"": 62.79367565617946, ""temp_anomaly_c"": 0.23615411820992094, ""precip_norm_mm"": 16.843527220458114, ""temp_norm_c"": 21.99005125407065, ""norm_years"": 15}, ""during"": {""precip_mm"": 11.068146674646803, ""temp_c"": 14.581376463367112, ""dry_days"": 29, ""hot_days"": 0, ""max_dry_spell"": 25, ""n_days"": 31, ""precip_deficit_pct"": 69.75373649528116, ""temp_anomaly_c"": 0.47304386492453787, ""precip_norm_mm"": 36.59343466646721, ""temp_norm_c"": 14.108332598442574, ""norm_years"": 15}, ""combined"": {""precip_mm"": 17.33500404323015, ""temp_c"": 18.341128385783566, ""dry_days"": 56, ""hot_days"": 4, ""max_dry_spell"": 29, ""n_days"": 61, ""precip_deficit_pct"": 67.55989968158802, ""temp_anomaly_c"": 0.35654071080259797, ""precip_norm_mm"": 53.436961886925324, ""temp_norm_c"": 17.98458767498097, ""norm_years"": 15}, ""source"": ""ERA5 региона (медиана соседних полей)""}","за 30 дней до и во время эпизода осадков 17 мм при норме 53 мм (дефицит 68 %) | сухая серия 29 дней подряд | за 30 дней до эпизода: осадков 6 мм при норме 17 мм | во время эпизода: осадков 11 мм при норме 37 мм | соседние поля региона в эти дни чуть ниже нормы (медианный Z -0.5) | пик на уровне нормы (111%), но спад начался на 17 дней раньше обычного","AOI-0055, сезон 2015: умеренная аномалия с 2015-09-19 по 2015-10-19 (31 дней, 9 наблюдений), фаза — осень (озимые всходы). NDVI в худший день 2015-10-09: 0.29 при норме 0.39 (Z = -2.0). Вероятная причина — погодный стресс: дефицит осадков и/или жара (уверенность 75%). Аргументы: за 30 дней до и во время эпизода осадков 17 мм при норме 53 мм (дефицит 68 %); сухая серия 29 дней подряд; за 30 дней до эпизода: осадков 6 мм при норме 17 мм; во время эпизода: осадков 11 мм при норме 37 мм; соседние поля региона в эти дни чуть ниже нормы (медианный Z -0.5); пик на уровне нормы (111%), но спад начался на 17 дней раньше обычного. Норма: история полигона."
AOI-0055,2017,2017-08-24,2017-10-18,56,14,-1.6663123179140822,-1.421515635549427,0,-0.08187027522554813,-0.07266743002979588,2017-09-25,0.33644111623249884,0.41618951413822014,лето после уборки,осень (озимые всходы),236,291,умеренная,early_decline,0.6,история полигона,ERA5 региона (медиана соседних полей),2,-0.06912940868157226,0.07017543859649122,"{""available"": true, ""before"": {""precip_mm"": 15.511264040739942, ""temp_c"": 28.04053251337124, ""dry_days"": 28, ""hot_days"": 22, ""max_dry_spell"": 24, ""n_days"": 30, ""precip_deficit_pct"": -4.667261060491823, ""temp_anomaly_c"": 1.71971591232721, ""precip_norm_mm"": 14.819594860493483, ""temp_norm_c"": 26.32081660104403, ""norm_years"": 15}, ""during"": {""precip_mm"": 50.12054098744696, ""temp_c"": 18.041893883537206, ""dry_days"": 49, ""hot_days"": 0, ""max_dry_spell"": 34, ""n_days"": 56, ""precip_deficit_pct"": -8.424743736103203, ""temp_anomaly_c"": 0.4121464629232179, ""precip_norm_mm"": 46.22610970558176, ""temp_norm_c"": 17.629747420613988, ""norm_years"": 15}, ""combined"": {""precip_mm"": 65.63180502818689, ""temp_c"": 21.529791079990936, ""dry_days"": 77, ""hot_days"": 22, ""max_dry_spell"": 34, ""n_days"": 86, ""precip_deficit_pct"": -7.512568647885254, ""temp_anomaly_c"": 0.8682753406222794, ""precip_norm_mm"": 61.04570456607526, ""temp_norm_c"": 20.661515739368657, ""norm_years"": 15}, ""source"": ""ERA5 региона (медиана соседних полей)""}","сухая серия 34 дней подряд | другие поля региона в эти дни в норме (медианный Z -0.1, ниже нормы 7% из 57) — причина локальная, на самом поле | пик на уровне нормы (112%), но спад начался на 30 дней раньше обычного","AOI-0055, сезон 2017: умеренная аномалия с 2017-08-24 по 2017-10-18 (56 дней, 14 наблюдений), фаза — лето после уборки. NDVI в худший день 2017-09-25: 0.34 при норме 0.42 (Z = -1.7). Вероятная причина — ранний спад вегетации (уборка, полегание, болезнь) (уверенность 60%). Аргументы: сухая серия 34 дней подряд; другие поля региона в эти дни в норме (медианный Z -0.1, ниже нормы 7% из 57) — причина локальная, на самом поле; пик на уровне нормы (112%), но спад начался на 30 дней раньше обычного. Норма: история полигона."
AOI-0055,2024,2024-06-03,2024-08-04,63,22,-3.2730426457837205,-2.326745531434168,41,-0.13092170583134882,-0.09804563269380227,2024-07-09,0.41955728414219545,0.5504789899735443,пик вегетации,созревание и уборка,155,217,критическая,weather_drought,0.8,история полигона,ERA5 региона (медиана соседних полей),0,-0.7603670899774633,0.38596491228070173,"{""available"": true, ""before"": {""precip_mm"": 11.767516487438456, ""temp_c"": 16.624371825324186, ""dry_days"": 25, ""hot_days"": 0, ""max_dry_spell"": 7, ""n_days"": 30, ""precip_deficit_pct"": 78.10997368044814, ""temp_anomaly_c"": -1.4754410052649973, ""precip_norm_mm"": 53.757434165019134, ""temp_norm_c"": 18.099812830589183, ""norm_years"": 15}, ""during"": {""precip_mm"": 23.65997710034366, ""temp_c"": 26.76512795234696, ""dry_days"": 57, ""hot_days"": 28, ""max_dry_spell"": 25, ""n_days"": 63, ""precip_deficit_pct"": 59.23057667442762, ""temp_anomaly_c"": 2.0476645228023216, ""precip_norm_mm"": 58.033631997691465, ""temp_norm_c"": 24.717463429544637, ""norm_years"": 15}, ""combined"": {""precip_mm"": 35.42749358778211, ""temp_c"": 23.493916298468644, ""dry_days"": 82, ""hot_days"": 28, ""max_dry_spell"": 25, ""n_days"": 93, ""precip_deficit_pct"": 68.30919070382797, ""temp_anomaly_c"": 0.9111788685870508, ""precip_norm_mm"": 111.79106616271059, ""temp_norm_c"": 22.582737429881593, ""norm_years"": 15}, ""source"": ""ERA5 региона (медиана соседних полей)""}","за 30 дней до и во время эпизода осадков 35 мм при норме 112 мм (дефицит 68 %) | сухая серия 25 дней подряд | за 30 дней до эпизода: осадков 12 мм при норме 54 мм | во время эпизода: осадков 24 мм при норме 58 мм | соседние поля региона в эти дни тоже ниже нормы (медианный Z -0.8, ниже нормы 39% из 57 полей) — явление региональное","AOI-0055, сезон 2024: критическая аномалия с 2024-06-03 по 2024-08-04 (63 дней, 22 наблюдений), фаза — пик вегетации. NDVI в худший день 2024-07-09: 0.42 при норме 0.55 (Z = -3.3). Вероятная причина — погодный стресс: дефицит осадков и/или жара (уверенность 80%). Аргументы: за 30 дней до и во время эпизода осадков 35 мм при норме 112 мм (дефицит 68 %); сухая серия 25 дней подряд; за 30 дней до эпизода: осадков 12 мм при норме 54 мм; во время эпизода: осадков 24 мм при норме 58 мм; соседние поля региона в эти дни тоже ниже нормы (медианный Z -0.8, ниже нормы 39% из 57 полей) — явление региональное. Норма: история полигона."
AOI-0055,2024,2024-10-11,2024-10-29,19,2,-2.396115781330098,-1.5140239672720046,5,-0.16594351505194185,-0.10391247495709309,2024-10-27,0.19376660638648413,0.3262387680806409,осень (озимые всходы),осень (озимые всходы),285,303,критическая,weather_drought,0.65,история полигона,ERA5 региона (медиана соседних полей),1,-0.6460638135488351,0.12280701754385964,"{""available"": true, ""before"": {""precip_mm"": 0.6978542801689954, ""temp_c"": 19.521158995451778, ""dry_days"": 30, ""hot_days"": 0, ""max_dry_spell"": 30, ""n_days"": 30, ""precip_deficit_pct"": 97.65053382444027, ""temp_anomaly_c"": 3.380025016825037, ""precip_norm_mm"": 29.702674055426314, ""temp_norm_c"": 16.14113397862674, ""norm_years"": 15}, ""during"": {""precip_mm"": 14.283313426414423, ""temp_c"": 9.762025924593411, ""dry_days"": 14, ""hot_days"": 0, ""max_dry_spell"": 4, ""n_days"": 19, ""precip_deficit_pct"": 36.31152711943134, ""temp_anomaly_c"": -0.5882855838048631, ""precip_norm_mm"": 22.42684237883848, ""temp_norm_c"": 10.350311508398274, ""norm_years"": 15}, ""combined"": {""precip_mm"": 14.98116770658342, ""temp_c"": 15.737005355731185, ""dry_days"": 44, ""hot_days"": 0, ""max_dry_spell"": 32, ""n_days"": 49, ""precip_deficit_pct"": 71.26164075303741, ""temp_anomaly_c"": 1.8412923349481378, ""precip_norm_mm"": 52.1295164342648, ""temp_norm_c"": 13.895713020783047, ""norm_years"": 15}, ""source"": ""ERA5 региона (медиана соседних полей)""}",за 30 дней до и во время эпизода осадков 15 мм при норме 52 мм (дефицит 71 %) | сухая серия 32 дней подряд | за 30 дней до эпизода: осадков 1 мм при норме 30 мм | соседние поля региона в эти дни чуть ниже нормы (медианный Z -0.6),"AOI-0055, сезон 2024: критическая аномалия с 2024-10-11 по 2024-10-29 (19 дней, 2 наблюдений), фаза — осень (озимые всходы). NDVI в худший день 2024-10-27: 0.19 при норме 0.33 (Z = -2.4). Вероятная причина — погодный стресс: дефицит осадков и/или жара (уверенность 65%). Аргументы: за 30 дней до и во время эпизода осадков 15 мм при норме 52 мм (дефицит 71 %); сухая серия 32 дней подряд; за 30 дней до эпизода: осадков 1 мм при норме 30 мм; соседние поля региона в эти дни чуть ниже нормы (медианный Z -0.6). Норма: история полигона."
AOI-0055,2025,2025-06-20,2025-09-11,84,26,-2.500673283840731,-1.684398403521772,24,-0.11514047484295509,-0.08261435745426529,2025-07-30,0.40801665069760745,0.52311119637206,пик вегетации,лето после уборки,171,254,критическая,early_decline,0.6,история полигона,ERA5 региона (медиана соседних полей),1,-0.4325939660158311,0.23376623376623376,"{""available"": true, ""before"": {""precip_mm"": 27.65547149721254, ""temp_c"": 21.53379866282148, ""dry_days"": 20, ""hot_days"": 1, ""max_dry_spell"": 8, ""n_days"": 30, ""precip_deficit_pct"": 26.419015797801435, ""temp_anomaly_c"": 0.07528823017387865, ""precip_norm_mm"": 37.58507961950611, ""temp_norm_c"": 21.4585104326476, ""norm_years"": 15}, ""during"": {""precip_mm"": 43.47531003472667, ""temp_c"": 24.883229685634678, ""dry_days"": 74, ""hot_days"": 29, ""max_dry_spell"": 17, ""n_days"": 84, ""precip_deficit_pct"": 28.548675246396826, ""temp_anomaly_c"": -0.11424068159066536, ""precip_norm_mm"": 60.84605174872461, ""temp_norm_c"": 24.997470367225343, ""norm_years"": 15}, ""combined"": {""precip_mm"": 71.13078153193922, ""temp_c"": 24.00180046910489, ""dry_days"": 94, ""hot_days"": 30, ""max_dry_spell"": 17, ""n_days"": 114, ""precip_deficit_pct"": 27.73548313100349, ""temp_anomaly_c"": -0.06436465217894494, ""precip_norm_mm"": 98.43113136823074, ""temp_norm_c"": 24.066165121283834, ""norm_years"": 15}, ""source"": ""ERA5 региона (медиана соседних полей)""}","сухая серия 17 дней подряд | соседние поля региона в эти дни чуть ниже нормы (медианный Z -0.4) | пик на уровне нормы (92%), но спад начался на 58 дней раньше обычного","AOI-0055, сезон 2025: критическая аномалия с 2025-06-20 по 2025-09-11 (84 дней, 26 наблюдений), фаза — пик вегетации. NDVI в худший день 2025-07-30: 0.41 при норме 0.52 (Z = -2.5). Вероятная причина — ранний спад вегетации (уборка, полегание, болезнь) (уверенность 60%). Аргументы: сухая серия 17 дней подряд; соседние поля региона в эти дни чуть ниже нормы (медианный Z -0.4); пик на уровне нормы (92%), но спад начался на 58 дней раньше обычного. Норма: история полигона."
AOI-0056,2011,2011-04-01,2011-06-08,69,11,-3.18829779771557,-2.522406020279496,56,-0.38004765490501413,-0.2916053773671059,2011-04-23,0.2013993509013647,0.5814470058063789,весна (всходы и рост),пик вегетации,91,159,критическая,crop_rotation,0.7,история полигона,ERA5 региона (медиана соседних полей),1,-0.24463818077255428,0.17543859649122806,"{""available"": true, ""during"": {""precip_mm"": 84.86700676572656, ""temp_c"": 13.912812980012436, ""dry_days"": 44, ""hot_days"": 0, ""max_dry_spell"": 13, ""n_days"": 69, ""precip_deficit_pct"": 11.01666582565496, ""temp_anomaly_c"": -1.5175148795444109, ""precip_norm_mm"": 95.37404678436373, ""temp_norm_c"": 15.430327859556847, ""norm_years"": 15}, ""combined"": {""precip_mm"": 84.86700676572656, ""temp_c"": 13.912812980012436, ""dry_days"": 44, ""hot_days"": 0, ""max_dry_spell"": 13, ""n_days"": 99}, ""source"": ""ERA5 региона (медиана соседних полей)""}","другие поля региона в эти дни в норме (медианный Z -0.2, ниже нормы 18% из 57) — причина локальная, на самом поле | пик достигнут (108% нормы), но на 42 дней позже обычного: на поле яровая культура вместо привычной озимой, весеннее отставание — смена фазы, а не угнетение","AOI-0056, сезон 2011: критическая аномалия с 2011-04-01 по 2011-06-08 (69 дней, 11 наблюдений), фаза — весна (всходы и рост). NDVI в худший день 2011-04-23: 0.20 при норме 0.58 (Z = -3.2). Вероятная причина — смена культуры: яровая вместо озимой, весеннее отставание — не угнетение (уверенность 70%). Аргументы: другие поля региона в эти дни в норме (медианный Z -0.2, ниже нормы 18% из 57) — причина локальная, на самом поле; пик достигнут (108% нормы), но на 42 дней позже обычного: на поле яровая культура вместо привычной озимой, весеннее отставание — смена фазы, а не угнетение. Норма: история полигона."
AOI-0056,2013,2013-06-09,2013-06-25,17,5,-1.3425664933377095,-1.2148695935845442,0,-0.1513675775329072,-0.13953195617007855,2013-06-18,0.42442963829090596,0.5757972158238132,пик вегетации,созревание и уборка,160,176,умеренная,early_decline,0.6,история полигона,ERA5 региона (медиана соседних полей),0,-0.4409385320905045,0.2857142857142857,"{""available"": true, ""before"": {""precip_mm"": 26.860831335660862, ""temp_c"": 21.1473641755846, ""dry_days"": 21, ""hot_days"": 0, ""max_dry_spell"": 8, ""n_days"": 30, ""precip_deficit_pct"": 42.95206702319499, ""temp_anomaly_c"": 2.1727543147432904, ""precip_norm_mm"": 47.08467061651848, ""temp_norm_c"": 18.97460986084131, ""norm_years"": 15}, ""during"": {""precip_mm"": 19.201022414030433, ""temp_c"": 23.66684172387219, ""dry_days"": 12, ""hot_days"": 3, ""max_dry_spell"": 7, ""n_days"": 17, ""precip_deficit_pct"": -8.89904635016807, ""temp_anomaly_c"": 0.009507747348976636, ""precip_norm_mm"": 17.631947255340496, ""temp_norm_c"": 23.657333976523212, ""norm_years"": 15}, ""combined"": {""precip_mm"": 46.061853749691295, ""temp_c"": 22.05866456539075, ""dry_days"": 33, ""hot_days"": 3, ""max_dry_spell"": 8, ""n_days"": 47, ""precip_deficit_pct"": 28.825307526275147, ""temp_anomaly_c"": 1.3903034286644989, ""precip_norm_mm"": 64.71661787185899, ""temp_norm_c"": 20.66836113672625, ""norm_years"": 15}, ""source"": ""ERA5 региона (медиана соседних полей)""}","соседние поля региона в эти дни чуть ниже нормы (медианный Z -0.4) | пик на уровне нормы (97%), но спад начался на 26 дней раньше обычного","AOI-0056, сезон 2013: умеренная аномалия с 2013-06-09 по 2013-06-25 (17 дней, 5 наблюдений), фаза — пик вегетации. NDVI в худший день 2013-06-18: 0.42 при норме 0.58 (Z = -1.3). Вероятная причина — ранний спад вегетации (уборка, полегание, болезнь) (уверенность 60%). Аргументы: соседние поля региона в эти дни чуть ниже нормы (медианный Z -0.4); пик на уровне нормы (97%), но спад начался на 26 дней раньше обычного. Норма: история полигона."
AOI-0056,2017,2017-07-11,2017-10-23,105,30,-2.2353432571424485,-1.4439185095102591,4,-0.17595557625298464,-0.1134243546381839,2017-10-23,0.055872706788023925,0.23182828304100855,созревание и уборка,осень (озимые всходы),192,296,умеренная,early_decline,0.6,история полигона,ERA5 региона (медиана соседних полей),2,-0.11234957310333404,0.07017543859649122,"{""available"": true, ""before"": {""precip_mm"": 37.53174946556835, ""temp_c"": 22.46210832545369, ""dry_days"": 21, ""hot_days"": 5, ""max_dry_spell"": 12, ""n_days"": 30, ""precip_deficit_pct"": -23.987638878724837, ""temp_anomaly_c"": -2.0590897068111076, ""precip_norm_mm"": 30.27055745635984, ""temp_norm_c"": 24.5211980322648, ""norm_years"": 15}, ""during"": {""precip_mm"": 79.29298052706181, ""temp_c"": 21.602735342408792, ""dry_days"": 94, ""hot_days"": 26, ""max_dry_spell"": 34, ""n_days"": 105, ""precip_deficit_pct"": 2.4726255494204596, ""temp_anomaly_c"": 0.740047449242816, ""precip_norm_mm"": 81.30330686513281, ""temp_norm_c"": 20.862687893165976, ""norm_years"": 15}, ""combined"": {""precip_mm"": 116.82472999263017, ""temp_c"": 21.793707116418766, ""dry_days"": 115, ""hot_days"": 31, ""max_dry_spell"": 34, ""n_days"": 135, ""precip_deficit_pct"": -4.706178909433034, ""temp_anomaly_c"": 0.11801697011972578, ""precip_norm_mm"": 111.57386432149265, ""temp_norm_c"": 21.67569014629904, ""norm_years"": 15}, ""source"": ""ERA5 региона (медиана соседних полей)""}","сухая серия 34 дней подряд | другие поля региона в эти дни в норме (медианный Z -0.1, ниже нормы 7% из 57) — причина локальная, на самом поле | пик на уровне нормы (136%), но спад начался на 18 дней раньше обычного","AOI-0056, сезон 2017: умеренная аномалия с 2017-07-11 по 2017-10-23 (105 дней, 30 наблюдений), фаза — созревание и уборка. NDVI в худший день 2017-10-23: 0.06 при норме 0.23 (Z = -2.2). Вероятная причина — ранний спад вегетации (уборка, полегание, болезнь) (уверенность 60%). Аргументы: сухая серия 34 дней подряд; другие поля региона в эти дни в норме (медианный Z -0.1, ниже нормы 7% из 57) — причина локальная, на самом поле; пик на уровне нормы (136%), но спад начался на 18 дней раньше обычного. Норма: история полигона."
AOI-0056,2018,2018-04-02,2018-05-16,45,13,-1.6670479048002782,-1.3654493548002196,0,-0.23514065632710668,-0.1945050814747227,2018-04-21,0.3307212772866573,0.5655643814209818,весна (всходы и рост),пик вегетации,92,136,умеренная,crop_rotation,0.7,история полигона,ERA5 региона (медиана соседних полей),0,-0.225309222813108,0.3157894736842105,"{""available"": true, ""before"": {""precip_mm"": 3.728814590431284e-06, ""temp_c"": 8.671929931640648, ""dry_days"": 1, ""hot_days"": 0, ""max_dry_spell"": 1, ""n_days"": 30}, ""during"": {""precip_mm"": 29.918448170482442, ""temp_c"": 14.302266102543607, ""dry_days"": 37, ""hot_days"": 0, ""max_dry_spell"": 19, ""n_days"": 45, ""precip_deficit_pct"": 53.00640550788085, ""temp_anomaly_c"": 1.2312310730046256, ""precip_norm_mm"": 63.664949433693096, ""temp_norm_c"": 13.071035029538981, ""norm_years"": 15}, ""combined"": {""precip_mm"": 29.918451899297033, ""temp_c"": 14.17986749013267, ""dry_days"": 38, ""hot_days"": 0, ""max_dry_spell"": 19, ""n_days"": 75}, ""source"": ""ERA5 региона (медиана соседних полей)""}","другие поля региона в эти дни в норме (медианный Z -0.2, ниже нормы 32% из 57) — причина локальная, на самом поле | пик достигнут (99% нормы), но на 35 дней позже обычного: на поле яровая культура вместо привычной озимой, весеннее отставание — смена фазы, а не угнетение","AOI-0056, сезон 2018: умеренная аномалия с 2018-04-02 по 2018-05-16 (45 дней, 13 наблюдений), фаза — весна (всходы и рост). NDVI в худший день 2018-04-21: 0.33 при норме 0.57 (Z = -1.7). Вероятная причина — смена культуры: яровая вместо озимой, весеннее отставание — не угнетение (уверенность 70%). Аргументы: другие поля региона в эти дни в норме (медианный Z -0.2, ниже нормы 32% из 57) — причина локальная, на самом поле; пик достигнут (99% нормы), но на 35 дней позже обычного: на поле яровая культура вместо привычной озимой, весеннее отставание — смена фазы, а не угнетение. Норма: история полигона."
AOI-0056,2019,2019-06-17,2019-07-15,29,9,-1.51135387958858,-1.3159118862949892,0,-0.1817554103138309,-0.1616364708876878,2019-06-28,0.32674186098398866,0.5074890041914444,пик вегетации,созревание и уборка,168,196,умеренная,weather_drought,0.75,история полигона,ERA5 региона (медиана соседних полей),0,-0.5853491786987168,0.2631578947368421,"{""available"": true, ""before"": {""precip_mm"": 22.02080384412542, ""temp_c"": 23.415257444835866, ""dry_days"": 25, ""hot_days"": 5, ""max_dry_spell"": 20, ""n_days"": 30, ""precip_deficit_pct"": 43.3371119557154, ""temp_anomaly_c"": 2.655533121731338, ""precip_norm_mm"": 38.862833512677945, ""temp_norm_c"": 20.75972432310453, ""norm_years"": 15}, ""during"": {""precip_mm"": 21.550105185453003, ""temp_c"": 24.85119171727209, ""dry_days"": 23, ""hot_days"": 8, ""max_dry_spell"": 14, ""n_days"": 29, ""precip_deficit_pct"": 26.626104794401495, ""temp_anomaly_c"": 0.07578357120025458, ""precip_norm_mm"": 29.370261896370888, ""temp_norm_c"": 24.775408146071836, ""norm_years"": 15}, ""combined"": {""precip_mm"": 43.57090902957843, ""temp_c"": 24.1210556465418, ""dry_days"": 48, ""hot_days"": 13, ""max_dry_spell"": 27, ""n_days"": 59, ""precip_deficit_pct"": 36.144023998359884, ""temp_anomaly_c"": 1.3875206307923271, ""precip_norm_mm"": 68.23309540904884, ""temp_norm_c"": 22.733535015749474, ""norm_years"": 15}, ""source"": ""ERA5 региона (медиана соседних полей)""}","температура выше нормы на 1.4 °C (24.1 против 22.7 °C), жарких дней 13 | сухая серия 27 дней подряд | за 30 дней до эпизода: осадков 22 мм при норме 39 мм | соседние поля региона в эти дни чуть ниже нормы (медианный Z -0.6) | пик на уровне нормы (119%), но спад начался на 28 дней раньше обычного","AOI-0056, сезон 2019: умеренная аномалия с 2019-06-17 по 2019-07-15 (29 дней, 9 наблюдений), фаза — пик вегетации. NDVI в худший день 2019-06-28: 0.33 при норме 0.51 (Z = -1.5). Вероятная причина — погодный стресс: дефицит осадков и/или жара (уверенность 75%). Аргументы: температура выше нормы на 1.4 °C (24.1 против 22.7 °C), жарких дней 13; сухая серия 27 дней подряд; за 30 дней до эпизода: осадков 22 мм при норме 39 мм; соседние поля региона в эти дни чуть ниже нормы (медианный Z -0.6); пик на уровне нормы (119%), но спад начался на 28 дней раньше обычного. Норма: история полигона."
AOI-0056,2019,2019-09-15,2019-10-03,19,3,-1.4206157586252373,-1.2701865210920142,0,-0.09442433269651548,-0.08364596875245897,2019-09-23,0.15230860676533922,0.24593559184667563,лето после уборки,осень (озимые всходы),258,276,умеренная,early_decline,0.6,история полигона,ERA5 региона (медиана соседних полей),1,-0.08359762824769548,0.12280701754385964,"{""available"": true, ""before"": {""precip_mm"": 3.238932176259763, ""temp_c"": 23.771299164383528, ""dry_days"": 29, ""hot_days"": 6, ""max_dry_spell"": 27, ""n_days"": 30, ""precip_deficit_pct"": 80.70784612543207, ""temp_anomaly_c"": 1.01130885969339, ""precip_norm_mm"": 16.78885725937277, ""temp_norm_c"": 22.759990304690138, ""norm_years"": 15}, ""during"": {""precip_mm"": 24.018863175388105, ""temp_c"": 14.650229970474715, ""dry_days"": 12, ""hot_days"": 0, ""max_dry_spell"": 3, ""n_days"": 19, ""precip_deficit_pct"": -19.294194878420946, ""temp_anomaly_c"": -2.2988846807250525, ""precip_norm_mm"": 20.13414248687206, ""temp_norm_c"": 16.949114651199768, ""norm_years"": 15}, ""combined"": {""precip_mm"": 27.257795351647868, ""temp_c"": 20.234558048378066, ""dry_days"": 41, ""hot_days"": 6, ""max_dry_spell"": 30, ""n_days"": 49, ""precip_deficit_pct"": 26.176649949954122, ""temp_anomaly_c"": -0.2722355743464213, ""precip_norm_mm"": 36.92299974624483, ""temp_norm_c"": 20.506793622724487, ""norm_years"": 15}, ""source"": ""ERA5 региона (медиана соседних полей)""}","сухая серия 30 дней подряд | другие поля региона в эти дни в норме (медианный Z -0.1, ниже нормы 12% из 57) — причина локальная, на самом поле | пик на уровне нормы (119%), но спад начался на 28 дней раньше обычного","AOI-0056, сезон 2019: умеренная аномалия с 2019-09-15 по 2019-10-03 (19 дней, 3 наблюдений), фаза — лето после уборки. NDVI в худший день 2019-09-23: 0.15 при норме 0.25 (Z = -1.4). Вероятная причина — ранний спад вегетации (уборка, полегание, болезнь) (уверенность 60%). Аргументы: сухая серия 30 дней подряд; другие поля региона в эти дни в норме (медианный Z -0.1, ниже нормы 12% из 57) — причина локальная, на самом поле; пик на уровне нормы (119%), но спад начался на 28 дней раньше обычного. Норма: история полигона."
AOI-0056,2020,2020-09-27,2020-10-30,34,10,-1.8479072817691105,-1.4092010918423854,0,-0.12330574535262537,-0.09006857214403907,2020-10-12,0.14373051943031742,0.23049571878147024,осень (озимые всходы),осень (озимые всходы),271,304,умеренная,weather_drought,0.8,история полигона,ERA5 региона (медиана соседних полей),0,-0.8814418977726188,0.38596491228070173,"{""available"": true, ""before"": {""precip_mm"": 0.6685604876679452, ""temp_c"": 21.72805592101299, ""dry_days"": 30, ""hot_days"": 2, ""max_dry_spell"": 30, ""n_days"": 30, ""precip_deficit_pct"": 97.27834802536174, ""temp_anomaly_c"": 1.7899199163222725, ""precip_norm_mm"": 24.5645105949597, ""temp_norm_c"": 19.93813600469072, ""norm_years"": 15}, ""during"": {""precip_mm"": 25.975677736530557, ""temp_c"": 15.556486705705257, ""dry_days"": 30, ""hot_days"": 0, ""max_dry_spell"": 16, ""n_days"": 34, ""precip_deficit_pct"": 32.40172051899213, ""temp_anomaly_c"": 3.9592943799726985, ""precip_norm_mm"": 38.426536793482406, ""temp_norm_c"": 11.597192325732559, ""norm_years"": 15}, ""combined"": {""precip_mm"": 26.644238224198503, ""temp_c"": 18.449409775380758, ""dry_days"": 60, ""hot_days"": 2, ""max_dry_spell"": 35, ""n_days"": 64, ""precip_deficit_pct"": 57.70154755501444, ""temp_anomaly_c"": 2.942400100136558, ""precip_norm_mm"": 62.991047388442105, ""temp_norm_c"": 15.5070096752442, ""norm_years"": 15}, ""source"": ""ERA5 региона (медиана соседних полей)""}","за 30 дней до и во время эпизода осадков 27 мм при норме 63 мм (дефицит 58 %) | сухая серия 35 дней подряд | за 30 дней до эпизода: осадков 1 мм при норме 25 мм | соседние поля региона в эти дни тоже ниже нормы (медианный Z -0.9, ниже нормы 39% из 57 полей) — явление региональное","AOI-0056, сезон 2020: умеренная аномалия с 2020-09-27 по 2020-10-30 (34 дней, 10 наблюдений), фаза — осень (озимые всходы). NDVI в худший день 2020-10-12: 0.14 при норме 0.23 (Z = -1.8). Вероятная причина — погодный стресс: дефицит осадков и/или жара (уверенность 80%). Аргументы: за 30 дней до и во время эпизода осадков 27 мм при норме 63 мм (дефицит 58 %); сухая серия 35 дней подряд; за 30 дней до эпизода: осадков 1 мм при норме 25 мм; соседние поля региона в эти дни тоже ниже нормы (медианный Z -0.9, ниже нормы 39% из 57 полей) — явление региональное. Норма: история полигона."
AOI-0056,2022,2022-07-07,2022-08-08,33,14,-1.5291543541259363,-1.323379704108228,0,-0.1891040959344142,-0.16129227417619255,2022-07-24,0.22254798723070374,0.41136834932811106,созревание и уборка,созревание и уборка,188,220,умеренная,early_decline,0.6,история полигона,ERA5 региона (медиана соседних полей),0,-0.14968925598960087,0.12280701754385964,"{""available"": true, ""before"": {""precip_mm"": 12.446330579507897, ""temp_c"": 23.041488663002315, ""dry_days"": 26, ""hot_days"": 0, ""max_dry_spell"": 9, ""n_days"": 30, ""precip_deficit_pct"": 60.92852535097102, ""temp_anomaly_c"": -0.9277869805633792, ""precip_norm_mm"": 31.855287498899703, ""temp_norm_c"": 23.969275643565695, ""norm_years"": 15}, ""during"": {""precip_mm"": 36.29848057513497, ""temp_c"": 24.87416605965459, ""dry_days"": 25, ""hot_days"": 8, ""max_dry_spell"": 6, ""n_days"": 33, ""precip_deficit_pct"": -56.068650279383945, ""temp_anomaly_c"": -1.6268779936413225, ""precip_norm_mm"": 23.25802171682512, ""temp_norm_c"": 26.501044053295914, ""norm_years"": 15}, ""combined"": {""precip_mm"": 48.74481115464286, ""temp_c"": 24.001462537439224, ""dry_days"": 51, ""hot_days"": 8, ""max_dry_spell"": 13, ""n_days"": 63, ""precip_deficit_pct"": 11.55528156756901, ""temp_anomaly_c"": -1.2939775112232539, ""precip_norm_mm"": 55.113309215724826, ""temp_norm_c"": 25.295440048662478, ""norm_years"": 15}, ""source"": ""ERA5 региона (медиана соседних полей)""}","другие поля региона в эти дни в норме (медианный Z -0.1, ниже нормы 12% из 57) — причина локальная, на самом поле | пик на уровне нормы (133%), но спад начался на 23 дней раньше обычного","AOI-0056, сезон 2022: умеренная аномалия с 2022-07-07 по 2022-08-08 (33 дней, 14 наблюдений), фаза — созревание и уборка. NDVI в худший день 2022-07-24: 0.22 при норме 0.41 (Z = -1.5). Вероятная причина — ранний спад вегетации (уборка, полегание, болезнь) (уверенность 60%). Аргументы: другие поля региона в эти дни в норме (медианный Z -0.1, ниже нормы 12% из 57) — причина локальная, на самом поле; пик на уровне нормы (133%), но спад начался на 23 дней раньше обычного. Норма: история полигона."
AOI-0056,2024,2024-05-27,2024-07-04,39,12,-2.173544340836519,-1.7192092727355521,14,-0.22881166689666477,-0.18611531454315028,2024-06-11,0.395795030188222,0.6211095575962562,пик вегетации,созревание и уборка,148,186,критическая,weather_drought,0.75,история полигона,ERA5 региона (медиана соседних полей),0,-0.6141282905007256,0.3333333333333333,"{""available"": true, ""before"": {""precip_mm"": 10.404610664359382, ""temp_c"": 15.633733881255749, ""dry_days"": 25, ""hot_days"": 0, ""max_dry_spell"": 7, ""n_days"": 30, ""precip_deficit_pct"": 77.73933678442702, ""temp_anomaly_c"": -1.200887083382133, ""precip_norm_mm"": 46.739895229539215, ""temp_norm_c"": 16.83462096463788, ""norm_years"": 15}, ""during"": {""precip_mm"": 12.946590737235958, ""temp_c"": 24.838570513820397, ""dry_days"": 34, ""hot_days"": 9, ""max_dry_spell"": 12, ""n_days"": 39, ""precip_deficit_pct"": 70.66500515505882, ""temp_anomaly_c"": 1.9836062805171615, ""precip_norm_mm"": 44.13360495090935, ""temp_norm_c"": 22.854964233303235, ""norm_years"": 15}, ""combined"": {""precip_mm"": 23.35120140159534, ""temp_c"": 20.83646763009664, ""dry_days"": 59, ""hot_days"": 9, ""max_dry_spell"": 12, ""n_days"": 69, ""precip_deficit_pct"": 74.30361837584489, ""temp_anomaly_c"": 0.5990439483870311, ""precip_norm_mm"": 90.87350018044857, ""temp_norm_c"": 20.237423681709608, ""norm_years"": 15}, ""source"": ""ERA5 региона (медиана соседних полей)""}","за 30 дней до и во время эпизода осадков 23 мм при норме 91 мм (дефицит 74 %) | за 30 дней до эпизода: осадков 10 мм при норме 47 мм | во время эпизода: осадков 13 мм при норме 44 мм | соседние поля региона в эти дни чуть ниже нормы (медианный Z -0.6) | пик на уровне нормы (91%), но спад начался на 48 дней раньше обычного","AOI-0056, сезон 2024: критическая аномалия с 2024-05-27 по 2024-07-04 (39 дней, 12 наблюдений), фаза — пик вегетации. NDVI в худший день 2024-06-11: 0.40 при норме 0.62 (Z = -2.2). Вероятная причина — погодный стресс: дефицит осадков и/или жара (уверенность 75%). Аргументы: за 30 дней до и во время эпизода осадков 23 мм при норме 91 мм (дефицит 74 %); за 30 дней до эпизода: осадков 10 мм при норме 47 мм; во время эпизода: осадков 13 мм при норме 44 мм; соседние поля региона в эти дни чуть ниже нормы (медианный Z -0.6); пик на уровне нормы (91%), но спад начался на 48 дней раньше обычного. Норма: история полигона."
AOI-0056,2025,2025-06-05,2025-09-10,98,29,-1.990179272709198,-1.7671931329894712,0,-0.23654382562731602,-0.17536691588883277,2025-08-23,0.185753648187431,0.3105459977802833,пик вегетации,лето после уборки,156,253,умеренная,early_decline,0.6,история полигона,ERA5 региона (медиана соседних полей),0,-0.3936627028007344,0.2077922077922078,"{""available"": true, ""before"": {""precip_mm"": 39.70291367989315, ""temp_c"": 18.171554692586287, ""dry_days"": 21, ""hot_days"": 0, ""max_dry_spell"": 7, ""n_days"": 30, ""precip_deficit_pct"": 22.40284823842562, ""temp_anomaly_c"": -0.17918402985892712, ""precip_norm_mm"": 51.165426537670655, ""temp_norm_c"": 18.350738722445215, ""norm_years"": 15}, ""during"": {""precip_mm"": 63.49736732281115, ""temp_c"": 24.59473660791068, ""dry_days"": 81, ""hot_days"": 30, ""max_dry_spell"": 17, ""n_days"": 98, ""precip_deficit_pct"": 13.447483056174336, ""temp_anomaly_c"": -0.1592006862626505, ""precip_norm_mm"": 73.36282012921961, ""temp_norm_c"": 24.75393729417333, ""norm_years"": 15}, ""combined"": {""precip_mm"": 103.20028100270432, ""temp_c"": 23.089303346506526, ""dry_days"": 102, ""hot_days"": 30, ""max_dry_spell"": 17, ""n_days"": 128, ""precip_deficit_pct"": 17.127010325004978, ""temp_anomaly_c"": -0.1638842824180209, ""precip_norm_mm"": 124.52824666689028, ""temp_norm_c"": 23.253187628924547, ""norm_years"": 15}, ""source"": ""ERA5 региона (медиана соседних полей)""}","сухая серия 17 дней подряд | соседние поля региона в эти дни чуть ниже нормы (медианный Z -0.4) | пик на уровне нормы (120%), но спад начался на 33 дней раньше обычного","AOI-0056, сезон 2025: умеренная аномалия с 2025-06-05 по 2025-09-10 (98 дней, 29 наблюдений), фаза — пик вегетации. NDVI в худший день 2025-08-23: 0.19 при норме 0.31 (Z = -2.0). Вероятная причина — ранний спад вегетации (уборка, полегание, болезнь) (уверенность 60%). Аргументы: сухая серия 17 дней подряд; соседние поля региона в эти дни чуть ниже нормы (медианный Z -0.4); пик на уровне нормы (120%), но спад начался на 33 дней раньше обычного. Норма: история полигона."
AOI-0057,2025,2025-05-28,2025-07-20,54,8,-1.86985181607158,-1.427525536604303,0,-0.2606318321584055,-0.23292507971765472,2025-06-12,0.30418332397430603,0.5644732407973904,пик вегетации,созревание и уборка,148,201,умеренная,early_decline,0.6,среднее по культуре (истории полигона нет),ERA5 региона (медиана соседних полей),1,-0.2381446013498706,0.22077922077922077,"{""available"": true, ""before"": {""precip_mm"": 35.33566729852369, ""temp_c"": 15.869680374387737, ""dry_days"": 23, ""hot_days"": 0, ""max_dry_spell"": 10, ""n_days"": 30, ""precip_deficit_pct"": 23.02644746962963, ""temp_anomaly_c"": -1.1063730566169383, ""precip_norm_mm"": 45.906244595611966, ""temp_norm_c"": 16.976053431004676, ""norm_years"": 15}, ""during"": {""precip_mm"": 58.49699710732603, ""temp_c"": 23.57489619549413, ""dry_days"": 39, ""hot_days"": 14, ""max_dry_spell"": 16, ""n_days"": 54, ""precip_deficit_pct"": -8.665865492896629, ""temp_anomaly_c"": -0.39951256661249346, ""precip_norm_mm"": 53.83198932064818, ""temp_norm_c"": 23.974408762106624, ""norm_years"": 15}, ""combined"": {""precip_mm"": 93.83266440584971, ""temp_c"": 20.82303340224184, ""dry_days"": 62, ""hot_days"": 14, ""max_dry_spell"": 16, ""n_days"": 84, ""precip_deficit_pct"": 5.9210688604820705, ""temp_anomaly_c"": -0.6519627416140885, ""precip_norm_mm"": 99.73823391626016, ""temp_norm_c"": 21.47499614385593, ""norm_years"": 15}, ""source"": ""ERA5 региона (медиана соседних полей)""}","сухая серия 16 дней подряд | другие поля региона в эти дни в норме (медианный Z -0.2, ниже нормы 22% из 77) — причина локальная, на самом поле | пик на уровне нормы (132%), но спад начался на 51 дней раньше обычного","AOI-0057, сезон 2025: умеренная аномалия с 2025-05-28 по 2025-07-20 (54 дней, 8 наблюдений), фаза — пик вегетации. NDVI в худший день 2025-06-12: 0.30 при норме 0.56 (Z = -1.9). Вероятная причина — ранний спад вегетации (уборка, полегание, болезнь) (уверенность 60%). Аргументы: сухая серия 16 дней подряд; другие поля региона в эти дни в норме (медианный Z -0.2, ниже нормы 22% из 77) — причина локальная, на самом поле; пик на уровне нормы (132%), но спад начался на 51 дней раньше обычного. Норма: среднее по культуре (истории полигона нет)."
AOI-0058,2010,2010-04-01,2010-05-20,50,5,-2.2221248959760778,-1.743469677931149,19,-0.3865572861769144,-0.3101645597484766,2010-04-24,0.19370273497877308,0.5720327387459687,весна (всходы и рост),пик вегетации,91,140,критическая,crop_rotation,0.7,история полигона,ERA5 полигона,2,-0.5989425595330138,0.3157894736842105,"{""available"": true, ""during"": {""precip_mm"": 89.52754498449167, ""temp_c"": 13.532234649658223, ""dry_days"": 32, ""hot_days"": 0, ""max_dry_spell"": 16, ""n_days"": 50, ""precip_deficit_pct"": 5.564287290469272, ""temp_anomaly_c"": -0.14649045435587738, ""precip_norm_mm"": 94.80263601108639, ""temp_norm_c"": 13.6787251040141, ""norm_years"": 15}, ""combined"": {""precip_mm"": 89.52754498449167, ""temp_c"": 13.532234649658223, ""dry_days"": 32, ""hot_days"": 0, ""max_dry_spell"": 16, ""n_days"": 50}, ""source"": ""ERA5 полигона""}","соседние поля региона в эти дни чуть ниже нормы (медианный Z -0.6) | пик достигнут (97% нормы), но на 33 дней позже обычного: на поле яровая культура вместо привычной озимой, весеннее отставание — смена фазы, а не угнетение","AOI-0058, сезон 2010: критическая аномалия с 2010-04-01 по 2010-05-20 (50 дней, 5 наблюдений), фаза — весна (всходы и рост). NDVI в худший день 2010-04-24: 0.19 при норме 0.57 (Z = -2.2). Вероятная причина — смена культуры: яровая вместо озимой, весеннее отставание — не угнетение (уверенность 70%). Аргументы: соседние поля региона в эти дни чуть ниже нормы (медианный Z -0.6); пик достигнут (97% нормы), но на 33 дней позже обычного: на поле яровая культура вместо привычной озимой, весеннее отставание — смена фазы, а не угнетение. Норма: история полигона."
AOI-0058,2013,2013-04-09,2013-06-10,63,5,-1.9618307041057443,-1.6709576447862267,0,-0.35455220406273363,-0.27207059744902035,2013-04-30,0.23079287666748538,0.5842501395153319,весна (всходы и рост),пик вегетации,99,161,умеренная,crop_rotation,0.7,история полигона,ERA5 полигона,0,-0.2866380305442009,0.19298245614035087,"{""available"": true, ""before"": {""precip_mm"": 10.321515798210612, ""temp_c"": 13.171326335271218, ""dry_days"": 5, ""hot_days"": 0, ""max_dry_spell"": 4, ""n_days"": 30}, ""during"": {""precip_mm"": 68.94375058423208, ""temp_c"": 17.871611107720295, ""dry_days"": 47, ""hot_days"": 0, ""max_dry_spell"": 19, ""n_days"": 63, ""precip_deficit_pct"": 43.43540785545943, ""temp_anomaly_c"": 1.4954398742218338, ""precip_norm_mm"": 121.88499548986195, ""temp_norm_c"": 16.37617123349846, ""norm_years"": 15}, ""combined"": {""precip_mm"": 79.26526638244269, ""temp_c"": 17.342001555895045, ""dry_days"": 52, ""hot_days"": 0, ""max_dry_spell"": 19, ""n_days"": 93}, ""source"": ""ERA5 полигона""}","другие поля региона в эти дни в норме (медианный Z -0.3, ниже нормы 19% из 57) — причина локальная, на самом поле | пик достигнут (103% нормы), но на 33 дней позже обычного: на поле яровая культура вместо привычной озимой, весеннее отставание — смена фазы, а не угнетение","AOI-0058, сезон 2013: умеренная аномалия с 2013-04-09 по 2013-06-10 (63 дней, 5 наблюдений), фаза — весна (всходы и рост). NDVI в худший день 2013-04-30: 0.23 при норме 0.58 (Z = -2.0). Вероятная причина — смена культуры: яровая вместо озимой, весеннее отставание — не угнетение (уверенность 70%). Аргументы: другие поля региона в эти дни в норме (медианный Z -0.3, ниже нормы 19% из 57) — причина локальная, на самом поле; пик достигнут (103% нормы), но на 33 дней позже обычного: на поле яровая культура вместо привычной озимой, весеннее отставание — смена фазы, а не угнетение. Норма: история полигона."
AOI-0058,2014,2014-06-18,2014-07-19,32,5,-3.708447036878807,-2.1033619044399976,15,-0.3607067802767061,-0.2565151251265554,2014-06-19,0.22240122723480285,0.5831080075115089,пик вегетации,созревание и уборка,169,200,критическая,early_decline,0.6,история полигона,ERA5 полигона,1,-0.6335894795073627,0.2631578947368421,"{""available"": true, ""before"": {""precip_mm"": 75.13792647651663, ""temp_c"": 21.92810377544829, ""dry_days"": 15, ""hot_days"": 0, ""max_dry_spell"": 5, ""n_days"": 30, ""precip_deficit_pct"": -33.31045232184231, ""temp_anomaly_c"": 0.969209113650848, ""precip_norm_mm"": 56.363117195879184, ""temp_norm_c"": 20.95889466179744, ""norm_years"": 15}, ""during"": {""precip_mm"": 63.14149277106651, ""temp_c"": 23.575188692410812, ""dry_days"": 19, ""hot_days"": 5, ""max_dry_spell"": 8, ""n_days"": 32, ""precip_deficit_pct"": -53.19711153550788, ""temp_anomaly_c"": -1.3448451856772081, ""precip_norm_mm"": 41.2158507025321, ""temp_norm_c"": 24.92003387808802, ""norm_years"": 15}, ""combined"": {""precip_mm"": 138.27941924758312, ""temp_c"": 22.77821211968701, ""dry_days"": 34, ""hot_days"": 5, ""max_dry_spell"": 8, ""n_days"": 62, ""precip_deficit_pct"": -41.71027038484845, ""temp_anomaly_c"": -0.22514149245395743, ""precip_norm_mm"": 97.57896789841129, ""temp_norm_c"": 23.003353612140966, ""norm_years"": 15}, ""source"": ""ERA5 полигона""}","соседние поля региона в эти дни чуть ниже нормы (медианный Z -0.6) | пик на уровне нормы (120%), но спад начался на 30 дней раньше обычного","AOI-0058, сезон 2014: критическая аномалия с 2014-06-18 по 2014-07-19 (32 дней, 5 наблюдений), фаза — пик вегетации. NDVI в худший день 2014-06-19: 0.22 при норме 0.58 (Z = -3.7). Вероятная причина — ранний спад вегетации (уборка, полегание, болезнь) (уверенность 60%). Аргументы: соседние поля региона в эти дни чуть ниже нормы (медианный Z -0.6); пик на уровне нормы (120%), но спад начался на 30 дней раньше обычного. Норма: история полигона."
AOI-0058,2015,2015-04-02,2015-04-18,17,2,-2.6744664166365846,-1.968255322153333,9,-0.48678138867634574,-0.35412090474484553,2015-04-04,-0.010989026966194465,0.45463846931569124,весна (всходы и рост),весна (всходы и рост),92,108,критическая,data_suspect,0.4,история полигона,ERA5 полигона,3,-0.7471003074153696,0.2857142857142857,"{""available"": true, ""before"": {""precip_mm"": 3.2624609317508657, ""temp_c"": 7.771290079752646, ""dry_days"": 0, ""hot_days"": 0, ""max_dry_spell"": 0, ""n_days"": 30}, ""during"": {""precip_mm"": 49.92870679495809, ""temp_c"": 8.98710179048428, ""dry_days"": 8, ""hot_days"": 0, ""max_dry_spell"": 5, ""n_days"": 17, ""precip_deficit_pct"": -78.32392656716358, ""temp_anomaly_c"": -1.729545419979722, ""precip_norm_mm"": 27.998882570675693, ""temp_norm_c"": 10.716647210464002, ""norm_years"": 15}, ""combined"": {""precip_mm"": 53.191167726708954, ""temp_c"": 8.919556695443633, ""dry_days"": 8, ""hot_days"": 0, ""max_dry_spell"": 5, ""n_days"": 47}, ""source"": ""ERA5 полигона""}","соседние поля региона в эти дни тоже ниже нормы (медианный Z -0.7, ниже нормы 29% из 56 полей) — явление региональное | внутри эпизода всего 2 наблюдений, рядом 3 артефактов","AOI-0058, сезон 2015: критическая аномалия с 2015-04-02 по 2015-04-18 (17 дней, 2 наблюдений), фаза — весна (всходы и рост). NDVI в худший день 2015-04-04: -0.01 при норме 0.45 (Z = -2.7). Вероятная причина — вероятная ошибка данных (мало наблюдений, артефакты рядом) (уверенность 40%). Аргументы: соседние поля региона в эти дни тоже ниже нормы (медианный Z -0.7, ниже нормы 29% из 56 полей) — явление региональное; внутри эпизода всего 2 наблюдений, рядом 3 артефактов. Норма: история полигона."
AOI-0058,2017,2017-07-12,2017-10-30,111,26,-2.167225050135069,-1.2375547873926274,7,-0.2183085244997901,-0.14393903601615052,2017-10-24,0.08226204205177297,0.26980442397375326,созревание и уборка,осень (озимые всходы),193,303,критическая,early_decline,0.6,история полигона,ERA5 полигона,0,-0.14618010031049536,0.07017543859649122,"{""available"": true, ""before"": {""precip_mm"": 53.08140898167579, ""temp_c"": 22.484362496270098, ""dry_days"": 20, ""hot_days"": 4, ""max_dry_spell"": 7, ""n_days"": 30, ""precip_deficit_pct"": -11.350151654305485, ""temp_anomaly_c"": -1.8311562870166895, ""precip_norm_mm"": 47.670710989663334, ""temp_norm_c"": 24.315518783286787, ""norm_years"": 15}, ""during"": {""precip_mm"": 80.13587104596986, ""temp_c"": 21.455724838760908, ""dry_days"": 97, ""hot_days"": 32, ""max_dry_spell"": 36, ""n_days"": 111, ""precip_deficit_pct"": 27.49499127089955, ""temp_anomaly_c"": 1.0177938728426277, ""precip_norm_mm"": 110.52460023193778, ""temp_norm_c"": 20.43793096591828, ""norm_years"": 15}, ""combined"": {""precip_mm"": 133.21728002764564, ""temp_c"": 21.674583914826687, ""dry_days"": 117, ""hot_days"": 36, ""max_dry_spell"": 36, ""n_days"": 141, ""precip_deficit_pct"": 15.789362529819917, ""temp_anomaly_c"": 0.4116342643619184, ""precip_norm_mm"": 158.19531122160114, ""temp_norm_c"": 21.26294965046477, ""norm_years"": 15}, ""source"": ""ERA5 полигона""}","сухая серия 36 дней подряд | другие поля региона в эти дни в норме (медианный Z -0.1, ниже нормы 7% из 57) — причина локальная, на самом поле | пик на уровне нормы (127%), но спад начался на 17 дней раньше обычного","AOI-0058, сезон 2017: критическая аномалия с 2017-07-12 по 2017-10-30 (111 дней, 26 наблюдений), фаза — созревание и уборка. NDVI в худший день 2017-10-24: 0.08 при норме 0.27 (Z = -2.2). Вероятная причина — ранний спад вегетации (уборка, полегание, болезнь) (уверенность 60%). Аргументы: сухая серия 36 дней подряд; другие поля региона в эти дни в норме (медианный Z -0.1, ниже нормы 7% из 57) — причина локальная, на самом поле; пик на уровне нормы (127%), но спад начался на 17 дней раньше обычного. Норма: история полигона."
AOI-0058,2019,2019-06-17,2019-10-18,124,31,-1.9605049633582523,-1.4544021206343039,0,-0.2515841702378533,-0.17712634078997633,2019-09-21,0.08954888763483543,0.3088087669052934,пик вегетации,осень (озимые всходы),168,291,умеренная,early_decline,0.6,история полигона,ERA5 полигона,1,-0.034915073604147626,0.017543859649122806,"{""available"": true, ""before"": {""precip_mm"": 25.439209343318225, ""temp_c"": 23.926168982187935, ""dry_days"": 25, ""hot_days"": 5, ""max_dry_spell"": 13, ""n_days"": 30, ""precip_deficit_pct"": 58.977386954744546, ""temp_anomaly_c"": 3.2743390775609953, ""precip_norm_mm"": 62.01264974333576, ""temp_norm_c"": 20.65182990462694, ""norm_years"": 15}, ""during"": {""precip_mm"": 120.82820012958173, ""temp_c"": 21.571528089174684, ""dry_days"": 95, ""hot_days"": 14, ""max_dry_spell"": 17, ""n_days"": 124, ""precip_deficit_pct"": 7.836036813794422, ""temp_anomaly_c"": -0.7547728287276385, ""precip_norm_mm"": 131.10135019417916, ""temp_norm_c"": 22.326300917902323, ""norm_years"": 15}, ""combined"": {""precip_mm"": 146.26740947289994, ""temp_c"": 22.030224367034407, ""dry_days"": 120, ""hot_days"": 19, ""max_dry_spell"": 20, ""n_days"": 154, ""precip_deficit_pct"": 24.258515943832602, ""temp_anomaly_c"": 0.03011910106885196, ""precip_norm_mm"": 193.11399993751488, ""temp_norm_c"": 22.000105265965555, ""norm_years"": 15}, ""source"": ""ERA5 полигона""}","сухая серия 20 дней подряд | другие поля региона в эти дни в норме (медианный Z -0.0, ниже нормы 2% из 57) — причина локальная, на самом поле | пик на уровне нормы (129%), но спад начался на 32 дней раньше обычного","AOI-0058, сезон 2019: умеренная аномалия с 2019-06-17 по 2019-10-18 (124 дней, 31 наблюдений), фаза — пик вегетации. NDVI в худший день 2019-09-21: 0.09 при норме 0.31 (Z = -2.0). Вероятная причина — ранний спад вегетации (уборка, полегание, болезнь) (уверенность 60%). Аргументы: сухая серия 20 дней подряд; другие поля региона в эти дни в норме (медианный Z -0.0, ниже нормы 2% из 57) — причина локальная, на самом поле; пик на уровне нормы (129%), но спад начался на 32 дней раньше обычного. Норма: история полигона."
AOI-0058,2022,2022-07-01,2022-08-08,39,11,-1.504122290933916,-1.3469604254422354,0,-0.24450575443170006,-0.20934356016347158,2022-07-14,0.2159962770251809,0.4550472383924308,созревание и уборка,созревание и уборка,182,220,умеренная,early_decline,0.6,история полигона,ERA5 полигона,0,-0.13909097356798267,0.12280701754385964,"{""available"": true, ""before"": {""precip_mm"": 45.69840046556095, ""temp_c"": 23.016435580783444, ""dry_days"": 22, ""hot_days"": 0, ""max_dry_spell"": 13, ""n_days"": 30, ""precip_deficit_pct"": 13.861234644499765, ""temp_anomaly_c"": 0.0345606916922101, ""precip_norm_mm"": 53.05207275372558, ""temp_norm_c"": 22.981874889091234, ""norm_years"": 15}, ""during"": {""precip_mm"": 65.67667491131246, ""temp_c"": 24.22042526505954, ""dry_days"": 26, ""hot_days"": 5, ""max_dry_spell"": 10, ""n_days"": 39, ""precip_deficit_pct"": -81.72714285573952, ""temp_anomaly_c"": -2.048019301042249, ""precip_norm_mm"": 36.14026714955211, ""temp_norm_c"": 26.26844456610179, ""norm_years"": 15}, ""combined"": {""precip_mm"": 111.37507537687341, ""temp_c"": 23.69695148928732, ""dry_days"": 48, ""hot_days"": 5, ""max_dry_spell"": 13, ""n_days"": 69, ""precip_deficit_pct"": -24.87067330855004, ""temp_anomaly_c"": -1.1425497389837922, ""precip_norm_mm"": 89.1923399032777, ""temp_norm_c"": 24.83950122827111, ""norm_years"": 15}, ""source"": ""ERA5 полигона""}","другие поля региона в эти дни в норме (медианный Z -0.1, ниже нормы 12% из 57) — причина локальная, на самом поле | пик на уровне нормы (134%), но спад начался на 27 дней раньше обычного","AOI-0058, сезон 2022: умеренная аномалия с 2022-07-01 по 2022-08-08 (39 дней, 11 наблюдений), фаза — созревание и уборка. NDVI в худший день 2022-07-14: 0.22 при норме 0.46 (Z = -1.5). Вероятная причина — ранний спад вегетации (уборка, полегание, болезнь) (уверенность 60%). Аргументы: другие поля региона в эти дни в норме (медианный Z -0.1, ниже нормы 12% из 57) — причина локальная, на самом поле; пик на уровне нормы (134%), но спад начался на 27 дней раньше обычного. Норма: история полигона."
AOI-0058,2023,2023-04-01,2023-05-05,35,8,-1.6498968828150948,-1.066925877608532,0,-0.26139450311617934,-0.20411684981668066,2023-04-01,0.19182368517237153,0.45321818828855087,весна (всходы и рост),весна (всходы и рост),91,125,умеренная,crop_rotation,0.7,история полигона,ERA5 полигона,1,0.567437758468725,0.05263157894736842,"{""available"": true, ""during"": {""precip_mm"": 128.39611405583895, ""temp_c"": 11.875034641084245, ""dry_days"": 14, ""hot_days"": 0, ""max_dry_spell"": 4, ""n_days"": 35, ""precip_deficit_pct"": -142.3925408763531, ""temp_anomaly_c"": -0.48517208402118506, ""precip_norm_mm"": 52.970323918232744, ""temp_norm_c"": 12.36020672510543, ""norm_years"": 15}, ""combined"": {""precip_mm"": 128.39611405583895, ""temp_c"": 11.875034641084245, ""dry_days"": 14, ""hot_days"": 0, ""max_dry_spell"": 4, ""n_days"": 65}, ""source"": ""ERA5 полигона""}","другие поля региона в эти дни в норме (медианный Z 0.6, ниже нормы 5% из 57) — причина локальная, на самом поле | пик достигнут (127% нормы), но на 46 дней позже обычного: на поле яровая культура вместо привычной озимой, весеннее отставание — смена фазы, а не угнетение","AOI-0058, сезон 2023: умеренная аномалия с 2023-04-01 по 2023-05-05 (35 дней, 8 наблюдений), фаза — весна (всходы и рост). NDVI в худший день 2023-04-01: 0.19 при норме 0.45 (Z = -1.6). Вероятная причина — смена культуры: яровая вместо озимой, весеннее отставание — не угнетение (уверенность 70%). Аргументы: другие поля региона в эти дни в норме (медианный Z 0.6, ниже нормы 5% из 57) — причина локальная, на самом поле; пик достигнут (127% нормы), но на 46 дней позже обычного: на поле яровая культура вместо привычной озимой, весеннее отставание — смена фазы, а не угнетение. Норма: история полигона."
AOI-0058,2024,2024-06-04,2024-07-29,56,16,-2.4195598370406763,-1.3348093495383941,4,-0.21040655700235644,-0.17779772388269102,2024-06-16,0.398027295086248,0.6084338520886045,пик вегетации,созревание и уборка,156,211,умеренная,weather_drought,0.75,история полигона,ERA5 полигона,0,-0.7715268692711568,0.38596491228070173,"{""available"": true, ""before"": {""precip_mm"": 31.969928571284, ""temp_c"": 17.17365465164186, ""dry_days"": 22, ""hot_days"": 0, ""max_dry_spell"": 6, ""n_days"": 30, ""precip_deficit_pct"": 56.038678976291514, ""temp_anomaly_c"": -1.083516488958299, ""precip_norm_mm"": 72.72285688149023, ""temp_norm_c"": 18.25717114060016, ""norm_years"": 15}, ""during"": {""precip_mm"": 49.536883263217035, ""temp_c"": 26.755464887619038, ""dry_days"": 50, ""hot_days"": 25, ""max_dry_spell"": 27, ""n_days"": 56, ""precip_deficit_pct"": 36.24109516394206, ""temp_anomaly_c"": 2.362266674495867, ""precip_norm_mm"": 77.69406232837638, ""temp_norm_c"": 24.39319821312317, ""norm_years"": 15}, ""combined"": {""precip_mm"": 81.50681183450104, ""temp_c"": 23.4129729448363, ""dry_days"": 72, ""hot_days"": 25, ""max_dry_spell"": 27, ""n_days"": 86, ""precip_deficit_pct"": 45.81273684991509, ""temp_anomaly_c"": 1.1602492918955924, ""precip_norm_mm"": 150.41691920986662, ""temp_norm_c"": 22.25272365294071, ""norm_years"": 15}, ""source"": ""ERA5 полигона""}","за 30 дней до и во время эпизода осадков 82 мм при норме 150 мм (дефицит 46 %) | температура выше нормы на 1.2 °C (23.4 против 22.3 °C), жарких дней 25 | сухая серия 27 дней подряд | за 30 дней до эпизода: осадков 32 мм при норме 73 мм | соседние поля региона в эти дни тоже ниже нормы (медианный Z -0.8, ниже нормы 39% из 57 полей) — явление региональное | пик на уровне нормы (115%), но спад начался на 38 дней раньше обычного","AOI-0058, сезон 2024: умеренная аномалия с 2024-06-04 по 2024-07-29 (56 дней, 16 наблюдений), фаза — пик вегетации. NDVI в худший день 2024-06-16: 0.40 при норме 0.61 (Z = -2.4). Вероятная причина — погодный стресс: дефицит осадков и/или жара (уверенность 75%). Аргументы: за 30 дней до и во время эпизода осадков 82 мм при норме 150 мм (дефицит 46 %); температура выше нормы на 1.2 °C (23.4 против 22.3 °C), жарких дней 25; сухая серия 27 дней подряд; за 30 дней до эпизода: осадков 32 мм при норме 73 мм; соседние поля региона в эти дни тоже ниже нормы (медианный Z -0.8, ниже нормы 39% из 57 полей) — явление региональное; пик на уровне нормы (115%), но спад начался на 38 дней раньше обычного. Норма: история полигона."
AOI-0058,2025,2025-05-06,2025-06-17,43,12,-2.7979118175099553,-2.045150605581417,27,-0.318657654379136,-0.25971412782617126,2025-06-03,0.3811504922958973,0.6653137569580956,весна (всходы и рост),пик вегетации,126,168,критическая,weak_season,0.45,история полигона,ERA5 полигона,0,-0.10431772453286202,0.22077922077922077,"{""available"": true, ""before"": {""precip_mm"": 27.471049158229732, ""temp_c"": 11.937845420837421, ""dry_days"": 20, ""hot_days"": 0, ""max_dry_spell"": 8, ""n_days"": 30, ""precip_deficit_pct"": 44.83676570302738, ""temp_anomaly_c"": -0.9571628033673392, ""precip_norm_mm"": 49.79956216914089, ""temp_norm_c"": 12.89500822420476, ""norm_years"": 15}, ""during"": {""precip_mm"": 57.86343082266754, ""temp_c"": 19.77430515437166, ""dry_days"": 29, ""hot_days"": 2, ""max_dry_spell"": 8, ""n_days"": 43, ""precip_deficit_pct"": 37.256863068189716, ""temp_anomaly_c"": 0.08697001336465604, ""precip_norm_mm"": 92.22272530867234, ""temp_norm_c"": 19.687335141007004, ""norm_years"": 15}, ""combined"": {""precip_mm"": 85.33447998089727, ""temp_c"": 16.553842250179507, ""dry_days"": 49, ""hot_days"": 2, ""max_dry_spell"": 8, ""n_days"": 73, ""precip_deficit_pct"": 39.914726416282896, ""temp_anomaly_c"": -0.3421256647443798, ""precip_norm_mm"": 142.02228747781322, ""temp_norm_c"": 16.895967914923887, ""norm_years"": 15}, ""source"": ""ERA5 полигона""}","другие поля региона в эти дни в норме (медианный Z -0.1, ниже нормы 22% из 77) — причина локальная, на самом поле | погодного сигнала нет; вероятны агротехнические причины","AOI-0058, сезон 2025: критическая аномалия с 2025-05-06 по 2025-06-17 (43 дней, 12 наблюдений), фаза — весна (всходы и рост). NDVI в худший день 2025-06-03: 0.38 при норме 0.67 (Z = -2.8). Вероятная причина — ослабленный сезон без явной погодной причины (уверенность 45%). Аргументы: другие поля региона в эти дни в норме (медианный Z -0.1, ниже нормы 22% из 77) — причина локальная, на самом поле; погодного сигнала нет; вероятны агротехнические причины. Норма: история полигона."
AOI-0058,2025,2025-08-11,2025-10-21,72,20,-1.6126638593010185,-1.3012574128055483,0,-0.15154985306912505,-0.1342730159779416,2025-09-01,0.15035084409656513,0.28157671025612246,лето после уборки,осень (озимые всходы),223,294,умеренная,weak_season,0.4,история полигона,ERA5 полигона,0,-0.3978275858908417,0.1038961038961039,"{""available"": true, ""before"": {""precip_mm"": 9.380470305606181, ""temp_c"": 28.381101311577712, ""dry_days"": 28, ""hot_days"": 23, ""max_dry_spell"": 21, ""n_days"": 30, ""precip_deficit_pct"": 66.32460229087575, ""temp_anomaly_c"": 1.9331234776532185, ""precip_norm_mm"": 27.855559083908215, ""temp_norm_c"": 26.447977833924494, ""norm_years"": 15}, ""during"": {""precip_mm"": 66.30587378561614, ""temp_c"": 18.561206087359697, ""dry_days"": 58, ""hot_days"": 2, ""max_dry_spell"": 29, ""n_days"": 72, ""precip_deficit_pct"": 6.894688064015964, ""temp_anomaly_c"": -0.7884969637717738, ""precip_norm_mm"": 71.21599445497347, ""temp_norm_c"": 19.34970305113147, ""norm_years"": 15}, ""combined"": {""precip_mm"": 75.68634409122232, ""temp_c"": 21.449410565070878, ""dry_days"": 86, ""hot_days"": 25, ""max_dry_spell"": 36, ""n_days"": 102, ""precip_deficit_pct"": 23.604363323606904, ""temp_anomaly_c"": 0.011979636647335923, ""precip_norm_mm"": 99.07155353888169, ""temp_norm_c"": 21.43743092842354, ""norm_years"": 15}, ""source"": ""ERA5 полигона""}",сухая серия 36 дней подряд | соседние поля региона в эти дни чуть ниже нормы (медианный Z -0.4) | погодного сигнала нет; вероятны агротехнические причины,"AOI-0058, сезон 2025: умеренная аномалия с 2025-08-11 по 2025-10-21 (72 дней, 20 наблюдений), фаза — лето после уборки. NDVI в худший день 2025-09-01: 0.15 при норме 0.28 (Z = -1.6). Вероятная причина — ослабленный сезон без явной погодной причины (уверенность 40%). Аргументы: сухая серия 36 дней подряд; соседние поля региона в эти дни чуть ниже нормы (медианный Z -0.4); погодного сигнала нет; вероятны агротехнические причины. Норма: история полигона."
AOI-0059,2010,2010-04-01,2010-05-11,41,7,-2.201975457182265,-1.495574298987372,6,-0.435902838487272,-0.3440341194484866,2010-04-03,0.10513212738718329,0.5180556455071303,весна (всходы и рост),весна (всходы и рост),91,131,критическая,crop_rotation,0.7,история полигона,ERA5 региона (медиана соседних полей),1,-0.658285445641454,0.3684210526315789,"{""available"": true, ""during"": {""precip_mm"": 37.53861251443271, ""temp_c"": 12.06630115147208, ""dry_days"": 30, ""hot_days"": 0, ""max_dry_spell"": 16, ""n_days"": 41, ""precip_deficit_pct"": 33.1361955190322, ""temp_anomaly_c"": -0.5281541400239416, ""precip_norm_mm"": 56.141903389774576, ""temp_norm_c"": 12.594455291496022, ""norm_years"": 15}, ""combined"": {""precip_mm"": 37.53861251443271, ""temp_c"": 12.06630115147208, ""dry_days"": 30, ""hot_days"": 0, ""max_dry_spell"": 16, ""n_days"": 41}, ""source"": ""ERA5 региона (медиана соседних полей)""}","соседние поля региона в эти дни чуть ниже нормы (медианный Z -0.7) | пик достигнут (124% нормы), но на 34 дней позже обычного: на поле яровая культура вместо привычной озимой, весеннее отставание — смена фазы, а не угнетение","AOI-0059, сезон 2010: критическая аномалия с 2010-04-01 по 2010-05-11 (41 дней, 7 наблюдений), фаза — весна (всходы и рост). NDVI в худший день 2010-04-03: 0.11 при норме 0.52 (Z = -2.2). Вероятная причина — смена культуры: яровая вместо озимой, весеннее отставание — не угнетение (уверенность 70%). Аргументы: соседние поля региона в эти дни чуть ниже нормы (медианный Z -0.7); пик достигнут (124% нормы), но на 34 дней позже обычного: на поле яровая культура вместо привычной озимой, весеннее отставание — смена фазы, а не угнетение. Норма: история полигона."
AOI-0059,2013,2013-06-10,2013-07-11,32,6,-1.8270351156171143,-1.4550039521192417,0,-0.3043830744986281,-0.2507381171279832,2013-06-23,0.26455248956535793,0.5621472210807855,пик вегетации,созревание и уборка,161,192,умеренная,weather_drought,0.75,история полигона,ERA5 региона (медиана соседних полей),0,-0.3735527897900035,0.19298245614035087,"{""available"": true, ""before"": {""precip_mm"": 26.862105700480754, ""temp_c"": 21.262162933349632, ""dry_days"": 21, ""hot_days"": 0, ""max_dry_spell"": 8, ""n_days"": 30, ""precip_deficit_pct"": 38.43251564137346, ""temp_anomaly_c"": 2.0292129128448835, ""precip_norm_mm"": 43.6303447839622, ""temp_norm_c"": 19.23295002050475, ""norm_years"": 15}, ""during"": {""precip_mm"": 33.523283737199705, ""temp_c"": 25.094824049586364, ""dry_days"": 24, ""hot_days"": 11, ""max_dry_spell"": 9, ""n_days"": 32, ""precip_deficit_pct"": -0.8690125981636321, ""temp_anomaly_c"": 0.7538243782204965, ""precip_norm_mm"": 33.23447198868487, ""temp_norm_c"": 24.340999671365868, ""norm_years"": 15}, ""combined"": {""precip_mm"": 60.38538943768046, ""temp_c"": 23.240310606246005, ""dry_days"": 45, ""hot_days"": 11, ""max_dry_spell"": 9, ""n_days"": 62, ""precip_deficit_pct"": 21.439493420910527, ""temp_anomaly_c"": 1.3709478627161609, ""precip_norm_mm"": 76.86481677264706, ""temp_norm_c"": 21.869362743529845, ""norm_years"": 15}, ""source"": ""ERA5 региона (медиана соседних полей)""}","температура выше нормы на 1.4 °C (23.2 против 21.9 °C), жарких дней 11 | соседние поля региона в эти дни чуть ниже нормы (медианный Z -0.4) | пик на уровне нормы (131%), но спад начался на 29 дней раньше обычного","AOI-0059, сезон 2013: умеренная аномалия с 2013-06-10 по 2013-07-11 (32 дней, 6 наблюдений), фаза — пик вегетации. NDVI в худший день 2013-06-23: 0.26 при норме 0.56 (Z = -1.8). Вероятная причина — погодный стресс: дефицит осадков и/или жара (уверенность 75%). Аргументы: температура выше нормы на 1.4 °C (23.2 против 21.9 °C), жарких дней 11; соседние поля региона в эти дни чуть ниже нормы (медианный Z -0.4); пик на уровне нормы (131%), но спад начался на 29 дней раньше обычного. Норма: история полигона."
AOI-0059,2014,2014-06-03,2014-07-03,31,4,-1.821041535055018,-1.464497288803566,0,-0.26487455682009947,-0.2265528965927413,2014-06-11,0.39412854987709317,0.6402845236993883,пик вегетации,созревание и уборка,154,184,умеренная,early_decline,0.6,история полигона,ERA5 региона (медиана соседних полей),0,-0.41395746326043215,0.17543859649122806,"{""available"": true, ""before"": {""precip_mm"": 37.102100952722395, ""temp_c"": 20.466749579818188, ""dry_days"": 18, ""hot_days"": 0, ""max_dry_spell"": 6, ""n_days"": 30, ""precip_deficit_pct"": 28.743620183642616, ""temp_anomaly_c"": 2.6230952661952784, ""precip_norm_mm"": 52.06846186733353, ""temp_norm_c"": 17.84365431362291, ""norm_years"": 15}, ""during"": {""precip_mm"": 27.35056548367968, ""temp_c"": 22.417769175899153, ""dry_days"": 20, ""hot_days"": 0, ""max_dry_spell"": 10, ""n_days"": 31, ""precip_deficit_pct"": 8.863449224929232, ""temp_anomaly_c"": -1.0962428929479309, ""precip_norm_mm"": 30.010533919790472, ""temp_norm_c"": 23.514012068847084, ""norm_years"": 15}, ""combined"": {""precip_mm"": 64.45266643640208, ""temp_c"": 21.458251341760977, ""dry_days"": 38, ""hot_days"": 0, ""max_dry_spell"": 10, ""n_days"": 61, ""precip_deficit_pct"": 21.47483553092765, ""temp_anomaly_c"": 0.7329398082700429, ""precip_norm_mm"": 82.078995787124, ""temp_norm_c"": 20.725311533490935, ""norm_years"": 15}, ""source"": ""ERA5 региона (медиана соседних полей)""}","соседние поля региона в эти дни чуть ниже нормы (медианный Z -0.4) | пик на уровне нормы (127%), но спад начался на 31 дней раньше обычного","AOI-0059, сезон 2014: умеренная аномалия с 2014-06-03 по 2014-07-03 (31 дней, 4 наблюдений), фаза — пик вегетации. NDVI в худший день 2014-06-11: 0.39 при норме 0.64 (Z = -1.8). Вероятная причина — ранний спад вегетации (уборка, полегание, болезнь) (уверенность 60%). Аргументы: соседние поля региона в эти дни чуть ниже нормы (медианный Z -0.4); пик на уровне нормы (127%), но спад начался на 31 дней раньше обычного. Норма: история полигона."
AOI-0059,2018,2018-04-01,2018-06-12,73,15,-1.8361440044436212,-1.6266872812899829,0,-0.4412399852941411,-0.334077835887035,2018-04-08,0.1788433716883082,0.5488879568028635,весна (всходы и рост),пик вегетации,91,163,умеренная,late_start,0.6,история полигона,ERA5 региона (медиана соседних полей),2,-0.26315647024465505,0.2631578947368421,"{""available"": true, ""during"": {""precip_mm"": 39.95997580331517, ""temp_c"": 16.458881163923735, ""dry_days"": 63, ""hot_days"": 0, ""max_dry_spell"": 22, ""n_days"": 73, ""precip_deficit_pct"": 60.830685270987715, ""temp_anomaly_c"": 0.7417400984379228, ""precip_norm_mm"": 102.01857264997604, ""temp_norm_c"": 15.717141065485812, ""norm_years"": 15}, ""combined"": {""precip_mm"": 39.95997580331517, ""temp_c"": 16.458881163923728, ""dry_days"": 63, ""hot_days"": 0, ""max_dry_spell"": 22, ""n_days"": 103}, ""source"": ""ERA5 региона (медиана соседних полей)""}","другие поля региона в эти дни в норме (медианный Z -0.3, ниже нормы 26% из 57) — причина локальная, на самом поле | рост начался на 38 дней позже нормы, но пик достигнут (84% нормы)","AOI-0059, сезон 2018: умеренная аномалия с 2018-04-01 по 2018-06-12 (73 дней, 15 наблюдений), фаза — весна (всходы и рост). NDVI в худший день 2018-04-08: 0.18 при норме 0.55 (Z = -1.8). Вероятная причина — запаздывание всходов и роста (уверенность 60%). Аргументы: другие поля региона в эти дни в норме (медианный Z -0.3, ниже нормы 26% из 57) — причина локальная, на самом поле; рост начался на 38 дней позже нормы, но пик достигнут (84% нормы). Норма: история полигона."
AOI-0059,2019,2019-06-17,2019-07-09,23,8,-1.4644398583032627,-1.2528802725891333,0,-0.26356460733734877,-0.22762498521213026,2019-06-25,0.28799872777978064,0.5444072271845789,пик вегетации,созревание и уборка,168,190,умеренная,weather_drought,0.75,история полигона,ERA5 региона (медиана соседних полей),0,-0.5777786174658928,0.2631578947368421,"{""available"": true, ""before"": {""precip_mm"": 22.02080384412542, ""temp_c"": 23.415257444835866, ""dry_days"": 25, ""hot_days"": 5, ""max_dry_spell"": 20, ""n_days"": 30, ""precip_deficit_pct"": 43.3371119557154, ""temp_anomaly_c"": 2.655533121731338, ""precip_norm_mm"": 38.862833512677945, ""temp_norm_c"": 20.75972432310453, ""norm_years"": 15}, ""during"": {""precip_mm"": 5.34679783985581, ""temp_c"": 25.987424266280783, ""dry_days"": 21, ""hot_days"": 8, ""max_dry_spell"": 14, ""n_days"": 23, ""precip_deficit_pct"": 79.34879141456499, ""temp_anomaly_c"": 1.5902645755730092, ""precip_norm_mm"": 25.890968161673733, ""temp_norm_c"": 24.397159690707774, ""norm_years"": 15}, ""combined"": {""precip_mm"": 27.36760168398123, ""temp_c"": 24.53148078244404, ""dry_days"": 46, ""hot_days"": 13, ""max_dry_spell"": 27, ""n_days"": 53, ""precip_deficit_pct"": 57.73591514886876, ""temp_anomaly_c"": 2.193246771511685, ""precip_norm_mm"": 64.75380167435168, ""temp_norm_c"": 22.338234010932354, ""norm_years"": 15}, ""source"": ""ERA5 региона (медиана соседних полей)""}","за 30 дней до и во время эпизода осадков 27 мм при норме 65 мм (дефицит 58 %) | температура выше нормы на 2.2 °C (24.5 против 22.3 °C), жарких дней 13 | сухая серия 27 дней подряд | за 30 дней до эпизода: осадков 22 мм при норме 39 мм | во время эпизода: осадков 5 мм при норме 26 мм | соседние поля региона в эти дни чуть ниже нормы (медианный Z -0.6) | пик на уровне нормы (127%), но спад начался на 19 дней раньше обычного","AOI-0059, сезон 2019: умеренная аномалия с 2019-06-17 по 2019-07-09 (23 дней, 8 наблюдений), фаза — пик вегетации. NDVI в худший день 2019-06-25: 0.29 при норме 0.54 (Z = -1.5). Вероятная причина — погодный стресс: дефицит осадков и/или жара (уверенность 75%). Аргументы: за 30 дней до и во время эпизода осадков 27 мм при норме 65 мм (дефицит 58 %); температура выше нормы на 2.2 °C (24.5 против 22.3 °C), жарких дней 13; сухая серия 27 дней подряд; за 30 дней до эпизода: осадков 22 мм при норме 39 мм; во время эпизода: осадков 5 мм при норме 26 мм; соседние поля региона в эти дни чуть ниже нормы (медианный Z -0.6); пик на уровне нормы (127%), но спад начался на 19 дней раньше обычного. Норма: история полигона."
AOI-0059,2020,2020-04-01,2020-06-02,63,13,-2.005548050549113,-1.6161316843217322,2,-0.392027558328376,-0.34260867579164345,2020-05-24,0.35198775996776954,0.6785703463100133,весна (всходы и рост),пик вегетации,92,154,умеренная,crop_rotation,0.7,история полигона,ERA5 региона (медиана соседних полей),1,-0.11857931264267757,0.21052631578947367,"{""available"": true, ""during"": {""precip_mm"": 97.17904035273105, ""temp_c"": 12.951628458989504, ""dry_days"": 40, ""hot_days"": 0, ""max_dry_spell"": 12, ""n_days"": 63, ""precip_deficit_pct"": -6.889561834122082, ""temp_anomaly_c"": -1.9074539514598587, ""precip_norm_mm"": 90.91536973791656, ""temp_norm_c"": 14.859082410449362, ""norm_years"": 15}, ""combined"": {""precip_mm"": 97.17904035273105, ""temp_c"": 12.951628458989504, ""dry_days"": 40, ""hot_days"": 0, ""max_dry_spell"": 12, ""n_days"": 93}, ""source"": ""ERA5 региона (медиана соседних полей)""}","другие поля региона в эти дни в норме (медианный Z -0.1, ниже нормы 21% из 57) — причина локальная, на самом поле | пик достигнут (111% нормы), но на 38 дней позже обычного: на поле яровая культура вместо привычной озимой, весеннее отставание — смена фазы, а не угнетение","AOI-0059, сезон 2020: умеренная аномалия с 2020-04-01 по 2020-06-02 (63 дней, 13 наблюдений), фаза — весна (всходы и рост). NDVI в худший день 2020-05-24: 0.35 при норме 0.68 (Z = -2.0). Вероятная причина — смена культуры: яровая вместо озимой, весеннее отставание — не угнетение (уверенность 70%). Аргументы: другие поля региона в эти дни в норме (медианный Z -0.1, ниже нормы 21% из 57) — причина локальная, на самом поле; пик достигнут (111% нормы), но на 38 дней позже обычного: на поле яровая культура вместо привычной озимой, весеннее отставание — смена фазы, а не угнетение. Норма: история полигона."
AOI-0059,2022,2022-04-09,2022-05-21,43,5,-1.8335598522174146,-1.4604311006491735,0,-0.4002848539415713,-0.34556500839451315,2022-04-09,0.12941122163251007,0.5296960755740814,весна (всходы и рост),пик вегетации,99,141,умеренная,crop_rotation,0.7,история полигона,ERA5 региона (медиана соседних полей),2,0.39172627547712324,0.12280701754385964,"{""available"": true, ""before"": {""precip_mm"": 5.315141266027723, ""temp_c"": 10.999888642629013, ""dry_days"": 5, ""hot_days"": 0, ""max_dry_spell"": 3, ""n_days"": 30}, ""during"": {""precip_mm"": 64.49311421021069, ""temp_c"": 13.061536470556158, ""dry_days"": 27, ""hot_days"": 0, ""max_dry_spell"": 9, ""n_days"": 43, ""precip_deficit_pct"": -6.407287553233809, ""temp_anomaly_c"": -1.3574968438508197, ""precip_norm_mm"": 60.609677864352896, ""temp_norm_c"": 14.419033314406978, ""norm_years"": 15}, ""combined"": {""precip_mm"": 69.80825547623841, ""temp_c"": 12.738140732842094, ""dry_days"": 32, ""hot_days"": 0, ""max_dry_spell"": 9, ""n_days"": 73}, ""source"": ""ERA5 региона (медиана соседних полей)""}","другие поля региона в эти дни в норме (медианный Z 0.4, ниже нормы 12% из 57) — причина локальная, на самом поле | пик достигнут (114% нормы), но на 75 дней позже обычного: на поле яровая культура вместо привычной озимой, весеннее отставание — смена фазы, а не угнетение","AOI-0059, сезон 2022: умеренная аномалия с 2022-04-09 по 2022-05-21 (43 дней, 5 наблюдений), фаза — весна (всходы и рост). NDVI в худший день 2022-04-09: 0.13 при норме 0.53 (Z = -1.8). Вероятная причина — смена культуры: яровая вместо озимой, весеннее отставание — не угнетение (уверенность 70%). Аргументы: другие поля региона в эти дни в норме (медианный Z 0.4, ниже нормы 12% из 57) — причина локальная, на самом поле; пик достигнут (114% нормы), но на 75 дней позже обычного: на поле яровая культура вместо привычной озимой, весеннее отставание — смена фазы, а не угнетение. Норма: история полигона."
AOI-0059,2024,2024-04-06,2024-06-10,66,14,-2.1717085094710664,-1.5690923247416595,12,-0.4239332588782526,-0.3124195827195786,2024-05-28,0.3759212760712263,0.6703145693985157,весна (всходы и рост),пик вегетации,97,162,критическая,weak_season,0.45,история полигона,ERA5 региона (медиана соседних полей),1,0.5829114056862765,0.19298245614035087,"{""available"": true, ""before"": {""precip_mm"": 8.893043752061658, ""temp_c"": 13.964685872395865, ""dry_days"": 4, ""hot_days"": 0, ""max_dry_spell"": 2, ""n_days"": 30}, ""during"": {""precip_mm"": 17.764213246174165, ""temp_c"": 17.87293098355519, ""dry_days"": 58, ""hot_days"": 1, ""max_dry_spell"": 10, ""n_days"": 66, ""precip_deficit_pct"": 81.19230142217882, ""temp_anomaly_c"": 1.9287292724690062, ""precip_norm_mm"": 94.45181808221054, ""temp_norm_c"": 15.944201711086183, ""norm_years"": 15}, ""combined"": {""precip_mm"": 26.657256998235823, ""temp_c"": 17.59770245460031, ""dry_days"": 62, ""hot_days"": 1, ""max_dry_spell"": 11, ""n_days"": 96}, ""source"": ""ERA5 региона (медиана соседних полей)""}","другие поля региона в эти дни в норме (медианный Z 0.6, ниже нормы 19% из 57) — причина локальная, на самом поле | погодного сигнала нет; вероятны агротехнические причины","AOI-0059, сезон 2024: критическая аномалия с 2024-04-06 по 2024-06-10 (66 дней, 14 наблюдений), фаза — весна (всходы и рост). NDVI в худший день 2024-05-28: 0.38 при норме 0.67 (Z = -2.2). Вероятная причина — ослабленный сезон без явной погодной причины (уверенность 45%). Аргументы: другие поля региона в эти дни в норме (медианный Z 0.6, ниже нормы 19% из 57) — причина локальная, на самом поле; погодного сигнала нет; вероятны агротехнические причины. Норма: история полигона."
AOI-0059,2025,2025-06-02,2025-08-16,76,26,-2.260780046613009,-1.3940734333079705,13,-0.3233914912715965,-0.24519576548615757,2025-06-12,0.3407461851502412,0.6414673310068173,пик вегетации,лето после уборки,153,228,критическая,early_decline,0.6,история полигона,ERA5 региона (медиана соседних полей),0,-0.34523846586478435,0.19480519480519481,"{""available"": true, ""before"": {""precip_mm"": 39.68382903845027, ""temp_c"": 17.40285133785674, ""dry_days"": 21, ""hot_days"": 0, ""max_dry_spell"": 7, ""n_days"": 30, ""precip_deficit_pct"": 20.582091001760695, ""temp_anomaly_c"": -0.46343532494528716, ""precip_norm_mm"": 49.96836297884657, ""temp_norm_c"": 17.86628666280203, ""norm_years"": 15}, ""during"": {""precip_mm"": 58.846039583695045, ""temp_c"": 24.884800393771965, ""dry_days"": 61, ""hot_days"": 28, ""max_dry_spell"": 16, ""n_days"": 76, ""precip_deficit_pct"": 6.698502682807428, ""temp_anomaly_c"": -0.23600800809981237, ""precip_norm_mm"": 63.0708416003647, ""temp_norm_c"": 25.120808401871777, ""norm_years"": 15}, ""combined"": {""precip_mm"": 98.52986862214533, ""temp_c"": 22.76726764209784, ""dry_days"": 82, ""hot_days"": 28, ""max_dry_spell"": 16, ""n_days"": 106, ""precip_deficit_pct"": 12.835667068851897, ""temp_anomaly_c"": -0.30037422984853634, ""precip_norm_mm"": 113.03920457921127, ""temp_norm_c"": 23.067641871946375, ""norm_years"": 15}, ""source"": ""ERA5 региона (медиана соседних полей)""}","сухая серия 16 дней подряд | соседние поля региона в эти дни чуть ниже нормы (медианный Z -0.3) | пик на уровне нормы (128%), но спад начался на 31 дней раньше обычного","AOI-0059, сезон 2025: критическая аномалия с 2025-06-02 по 2025-08-16 (76 дней, 26 наблюдений), фаза — пик вегетации. NDVI в худший день 2025-06-12: 0.34 при норме 0.64 (Z = -2.3). Вероятная причина — ранний спад вегетации (уборка, полегание, болезнь) (уверенность 60%). Аргументы: сухая серия 16 дней подряд; соседние поля региона в эти дни чуть ниже нормы (медианный Z -0.3); пик на уровне нормы (128%), но спад начался на 31 дней раньше обычного. Норма: история полигона."
AOI-0060,2010,2010-06-29,2010-09-19,83,12,-1.9790878128112501,-1.595338400618616,0,-0.31785995116518784,-0.244193574198341,2010-09-01,0.15274037078012212,0.37813551918914284,созревание и уборка,осень (озимые всходы),180,262,умеренная,weather_drought,0.75,история полигона,ERA5 полигона,0,-0.4518181490260733,0.19298245614035087,"{""available"": true, ""before"": {""precip_mm"": 15.168282069360828, ""temp_c"": 24.52461327446834, ""dry_days"": 24, ""hot_days"": 6, ""max_dry_spell"": 15, ""n_days"": 30, ""precip_deficit_pct"": 71.64875497536374, ""temp_anomaly_c"": 1.8687575022379583, ""precip_norm_mm"": 53.501290882217376, ""temp_norm_c"": 22.65585577223038, ""norm_years"": 15}, ""during"": {""precip_mm"": 48.7007261744985, ""temp_c"": 26.350652680914116, ""dry_days"": 65, ""hot_days"": 42, ""max_dry_spell"": 17, ""n_days"": 83, ""precip_deficit_pct"": 40.391100725685156, ""temp_anomaly_c"": 1.7935856797449503, ""precip_norm_mm"": 81.70042857255608, ""temp_norm_c"": 24.557067001169166, ""norm_years"": 15}, ""combined"": {""precip_mm"": 63.86900824385933, ""temp_c"": 25.8658634579639, ""dry_days"": 89, ""hot_days"": 48, ""max_dry_spell"": 17, ""n_days"": 113, ""precip_deficit_pct"": 52.76021007615643, ""temp_anomaly_c"": 1.8135428007607821, ""precip_norm_mm"": 135.20171945477347, ""temp_norm_c"": 24.05232065720312, ""norm_years"": 15}, ""source"": ""ERA5 полигона""}","за 30 дней до и во время эпизода осадков 64 мм при норме 135 мм (дефицит 53 %) | температура выше нормы на 1.8 °C (25.9 против 24.1 °C), жарких дней 48 | сухая серия 17 дней подряд | за 30 дней до эпизода: осадков 15 мм при норме 54 мм | во время эпизода: осадков 49 мм при норме 82 мм | соседние поля региона в эти дни чуть ниже нормы (медианный Z -0.5) | пик на уровне нормы (131%), но спад начался на 53 дней раньше обычного","AOI-0060, сезон 2010: умеренная аномалия с 2010-06-29 по 2010-09-19 (83 дней, 12 наблюдений), фаза — созревание и уборка. NDVI в худший день 2010-09-01: 0.15 при норме 0.38 (Z = -2.0). Вероятная причина — погодный стресс: дефицит осадков и/или жара (уверенность 75%). Аргументы: за 30 дней до и во время эпизода осадков 64 мм при норме 135 мм (дефицит 53 %); температура выше нормы на 1.8 °C (25.9 против 24.1 °C), жарких дней 48; сухая серия 17 дней подряд; за 30 дней до эпизода: осадков 15 мм при норме 54 мм; во время эпизода: осадков 49 мм при норме 82 мм; соседние поля региона в эти дни чуть ниже нормы (медианный Z -0.5); пик на уровне нормы (131%), но спад начался на 53 дней раньше обычного. Норма: история полигона."
AOI-0060,2011,2011-06-26,2011-08-12,48,9,-1.555258410260317,-1.4159598590240796,0,-0.29290591971379254,-0.2566327412874939,2011-07-12,0.2791583470459591,0.5641421802208149,созревание и уборка,лето после уборки,177,224,умеренная,early_decline,0.6,история полигона,ERA5 полигона,1,-0.0502635724377812,0.03508771929824561,"{""available"": true, ""before"": {""precip_mm"": 37.43360163989706, ""temp_c"": 21.803807237413217, ""dry_days"": 23, ""hot_days"": 0, ""max_dry_spell"": 15, ""n_days"": 30, ""precip_deficit_pct"": 29.43101400725704, ""temp_anomaly_c"": -0.5793000383730238, ""precip_norm_mm"": 53.04540105443287, ""temp_norm_c"": 22.38310727578624, ""norm_years"": 15}, ""during"": {""precip_mm"": 69.71953187534297, ""temp_c"": 25.769219043519783, ""dry_days"": 39, ""hot_days"": 18, ""max_dry_spell"": 19, ""n_days"": 48, ""precip_deficit_pct"": -33.71764456333057, ""temp_anomaly_c"": -0.20844911866717908, ""precip_norm_mm"": 52.13936582791271, ""temp_norm_c"": 25.977668162186962, ""norm_years"": 15}, ""combined"": {""precip_mm"": 107.15313351524003, ""temp_c"": 24.24406065655572, ""dry_days"": 62, ""hot_days"": 18, ""max_dry_spell"": 19, ""n_days"": 78, ""precip_deficit_pct"": -1.871341916930036, ""temp_anomaly_c"": -0.35108408778480893, ""precip_norm_mm"": 105.18476688234556, ""temp_norm_c"": 24.59514474434053, ""norm_years"": 15}, ""source"": ""ERA5 полигона""}","сухая серия 19 дней подряд | другие поля региона в эти дни в норме (медианный Z -0.1, ниже нормы 4% из 57) — причина локальная, на самом поле | пик на уровне нормы (124%), но спад начался на 54 дней раньше обычного","AOI-0060, сезон 2011: умеренная аномалия с 2011-06-26 по 2011-08-12 (48 дней, 9 наблюдений), фаза — созревание и уборка. NDVI в худший день 2011-07-12: 0.28 при норме 0.56 (Z = -1.6). Вероятная причина — ранний спад вегетации (уборка, полегание, болезнь) (уверенность 60%). Аргументы: сухая серия 19 дней подряд; другие поля региона в эти дни в норме (медианный Z -0.1, ниже нормы 4% из 57) — причина локальная, на самом поле; пик на уровне нормы (124%), но спад начался на 54 дней раньше обычного. Норма: история полигона."
AOI-0060,2012,2012-04-01,2012-05-05,35,4,-2.4554034329844754,-1.4342905402266217,4,-0.3414588533473689,-0.23628275006671215,2012-04-01,0.06580975214804234,0.4072686054954113,весна (всходы и рост),весна (всходы и рост),92,126,умеренная,early_decline,0.6,история полигона,ERA5 полигона,0,-0.36711073158364604,0.2,"{""available"": true, ""during"": {""precip_mm"": 65.56055716233189, ""temp_c"": 14.813280923025975, ""dry_days"": 24, ""hot_days"": 0, ""max_dry_spell"": 12, ""n_days"": 35, ""precip_deficit_pct"": -13.459558298400399, ""temp_anomaly_c"": 2.6515748499310217, ""precip_norm_mm"": 57.783194422374365, ""temp_norm_c"": 12.161706073094953, ""norm_years"": 15}, ""combined"": {""precip_mm"": 65.56055716233189, ""temp_c"": 14.813280923025975, ""dry_days"": 24, ""hot_days"": 0, ""max_dry_spell"": 12, ""n_days"": 65}, ""source"": ""ERA5 полигона""}","соседние поля региона в эти дни чуть ниже нормы (медианный Z -0.4) | пик на уровне нормы (123%), но спад начался на 17 дней раньше обычного","AOI-0060, сезон 2012: умеренная аномалия с 2012-04-01 по 2012-05-05 (35 дней, 4 наблюдений), фаза — весна (всходы и рост). NDVI в худший день 2012-04-01: 0.07 при норме 0.41 (Z = -2.5). Вероятная причина — ранний спад вегетации (уборка, полегание, болезнь) (уверенность 60%). Аргументы: соседние поля региона в эти дни чуть ниже нормы (медианный Z -0.4); пик на уровне нормы (123%), но спад начался на 17 дней раньше обычного. Норма: история полигона."
AOI-0060,2014,2014-06-11,2014-07-02,22,5,-1.4334398064339873,-1.2909505564552721,0,-0.18832268016659032,-0.16775401987998076,2014-06-20,0.4329490648206698,0.6082132905413644,пик вегетации,созревание и уборка,162,183,умеренная,early_decline,0.6,история полигона,ERA5 полигона,0,-0.5485285559012906,0.2807017543859649,"{""available"": true, ""before"": {""precip_mm"": 86.89702635674479, ""temp_c"": 21.782903756035715, ""dry_days"": 15, ""hot_days"": 0, ""max_dry_spell"": 6, ""n_days"": 30, ""precip_deficit_pct"": -44.22147263648228, ""temp_anomaly_c"": 2.343541793823235, ""precip_norm_mm"": 60.252488598402586, ""temp_norm_c"": 19.43936196221248, ""norm_years"": 15}, ""during"": {""precip_mm"": 42.025903557906474, ""temp_c"": 21.187919928810835, ""dry_days"": 13, ""hot_days"": 0, ""max_dry_spell"": 6, ""n_days"": 22, ""precip_deficit_pct"": -12.157687177253184, ""temp_anomaly_c"": -2.6172838500051796, ""precip_norm_mm"": 37.47037284344946, ""temp_norm_c"": 23.805203778816015, ""norm_years"": 15}, ""combined"": {""precip_mm"": 128.92292991465126, ""temp_c"": 21.53117982913288, ""dry_days"": 28, ""hot_days"": 0, ""max_dry_spell"": 6, ""n_days"": 52, ""precip_deficit_pct"": -31.92709260909654, ""temp_anomaly_c"": 0.2447309445112147, ""precip_norm_mm"": 97.72286144185206, ""temp_norm_c"": 21.286448884621667, ""norm_years"": 15}, ""source"": ""ERA5 полигона""}","соседние поля региона в эти дни чуть ниже нормы (медианный Z -0.5) | пик на уровне нормы (113%), но спад начался на 65 дней раньше обычного","AOI-0060, сезон 2014: умеренная аномалия с 2014-06-11 по 2014-07-02 (22 дней, 5 наблюдений), фаза — пик вегетации. NDVI в худший день 2014-06-20: 0.43 при норме 0.61 (Z = -1.4). Вероятная причина — ранний спад вегетации (уборка, полегание, болезнь) (уверенность 60%). Аргументы: соседние поля региона в эти дни чуть ниже нормы (медианный Z -0.5); пик на уровне нормы (113%), но спад начался на 65 дней раньше обычного. Норма: история полигона."
AOI-0060,2015,2015-05-06,2015-06-16,42,10,-2.318432679814562,-1.865581201264545,21,-0.28909317029460047,-0.2458709576364789,2015-06-04,0.3522592197308495,0.6204926549948178,весна (всходы и рост),пик вегетации,126,167,критическая,crop_rotation,0.7,история полигона,ERA5 полигона,0,-0.19540260018012479,0.24561403508771928,"{""available"": true, ""before"": {""precip_mm"": 60.98508274319414, ""temp_c"": 11.115566571553574, ""dry_days"": 20, ""hot_days"": 0, ""max_dry_spell"": 8, ""n_days"": 30, ""precip_deficit_pct"": -25.539891230693158, ""temp_anomaly_c"": -1.8260474409880416, ""precip_norm_mm"": 48.57825042330764, ""temp_norm_c"": 12.941614012541615, ""norm_years"": 15}, ""during"": {""precip_mm"": 54.9349366676708, ""temp_c"": 19.807335547795397, ""dry_days"": 30, ""hot_days"": 1, ""max_dry_spell"": 14, ""n_days"": 42, ""precip_deficit_pct"": 40.63870614468029, ""temp_anomaly_c"": 0.2532585709183337, ""precip_norm_mm"": 92.54336133838794, ""temp_norm_c"": 19.554076976877063, ""norm_years"": 15}, ""combined"": {""precip_mm"": 115.92001941086494, ""temp_c"": 16.18576514102797, ""dry_days"": 50, ""hot_days"": 1, ""max_dry_spell"": 14, ""n_days"": 72, ""precip_deficit_pct"": 17.85806726285637, ""temp_anomaly_c"": -0.6131189340426566, ""precip_norm_mm"": 141.12161176169556, ""temp_norm_c"": 16.798884075070628, ""norm_years"": 15}, ""source"": ""ERA5 полигона""}","другие поля региона в эти дни в норме (медианный Z -0.2, ниже нормы 25% из 57) — причина локальная, на самом поле | пик достигнут (122% нормы), но на 41 дней позже обычного: на поле яровая культура вместо привычной озимой, весеннее отставание — смена фазы, а не угнетение","AOI-0060, сезон 2015: критическая аномалия с 2015-05-06 по 2015-06-16 (42 дней, 10 наблюдений), фаза — весна (всходы и рост). NDVI в худший день 2015-06-04: 0.35 при норме 0.62 (Z = -2.3). Вероятная причина — смена культуры: яровая вместо озимой, весеннее отставание — не угнетение (уверенность 70%). Аргументы: другие поля региона в эти дни в норме (медианный Z -0.2, ниже нормы 25% из 57) — причина локальная, на самом поле; пик достигнут (122% нормы), но на 41 дней позже обычного: на поле яровая культура вместо привычной озимой, весеннее отставание — смена фазы, а не угнетение. Норма: история полигона."
AOI-0060,2016,2016-04-01,2016-05-04,34,5,-1.4467192950126047,-1.2961666806100813,0,-0.23952113946573803,-0.219439491461914,2016-04-16,0.24027763989211817,0.4797987793578562,весна (всходы и рост),весна (всходы и рост),92,125,умеренная,crop_rotation,0.7,история полигона,ERA5 полигона,0,0.6405400129492874,0.10526315789473684,"{""available"": true, ""during"": {""precip_mm"": 34.707413430748346, ""temp_c"": 13.179862557205524, ""dry_days"": 23, ""hot_days"": 0, ""max_dry_spell"": 8, ""n_days"": 34, ""precip_deficit_pct"": 40.00402656437394, ""temp_anomaly_c"": 1.0470210729860803, ""precip_norm_mm"": 57.84957130162809, ""temp_norm_c"": 12.132841484219444, ""norm_years"": 15}, ""combined"": {""precip_mm"": 34.707413430748346, ""temp_c"": 13.179862557205524, ""dry_days"": 23, ""hot_days"": 0, ""max_dry_spell"": 8, ""n_days"": 64}, ""source"": ""ERA5 полигона""}","другие поля региона в эти дни в норме (медианный Z 0.6, ниже нормы 11% из 57) — причина локальная, на самом поле | пик достигнут (126% нормы), но на 30 дней позже обычного: на поле яровая культура вместо привычной озимой, весеннее отставание — смена фазы, а не угнетение","AOI-0060, сезон 2016: умеренная аномалия с 2016-04-01 по 2016-05-04 (34 дней, 5 наблюдений), фаза — весна (всходы и рост). NDVI в худший день 2016-04-16: 0.24 при норме 0.48 (Z = -1.4). Вероятная причина — смена культуры: яровая вместо озимой, весеннее отставание — не угнетение (уверенность 70%). Аргументы: другие поля региона в эти дни в норме (медианный Z 0.6, ниже нормы 11% из 57) — причина локальная, на самом поле; пик достигнут (126% нормы), но на 30 дней позже обычного: на поле яровая культура вместо привычной озимой, весеннее отставание — смена фазы, а не угнетение. Норма: история полигона."
AOI-0060,2017,2017-05-09,2017-06-23,46,13,-1.8069069778412226,-1.4266424856955842,0,-0.1998047299939233,-0.1894931796906935,2017-06-13,0.425515477420911,0.6189563970171533,весна (всходы и рост),пик вегетации,129,174,умеренная,crop_rotation,0.7,история полигона,ERA5 полигона,0,0.7645607527072222,0.07017543859649122,"{""available"": true, ""before"": {""precip_mm"": 57.6094074142226, ""temp_c"": 12.656520504421682, ""dry_days"": 21, ""hot_days"": 0, ""max_dry_spell"": 11, ""n_days"": 30, ""precip_deficit_pct"": -15.16482108612831, ""temp_anomaly_c"": -0.8047204250759563, ""precip_norm_mm"": 50.023441942516676, ""temp_norm_c"": 13.461240929497638, ""norm_years"": 15}, ""during"": {""precip_mm"": 136.35493079376815, ""temp_c"": 17.8720837523972, ""dry_days"": 33, ""hot_days"": 0, ""max_dry_spell"": 16, ""n_days"": 46, ""precip_deficit_pct"": -49.39486100160018, ""temp_anomaly_c"": -2.684681933859121, ""precip_norm_mm"": 91.27150015709553, ""temp_norm_c"": 20.55676568625632, ""norm_years"": 15}, ""combined"": {""precip_mm"": 193.96433820799075, ""temp_c"": 15.813308786091074, ""dry_days"": 54, ""hot_days"": 0, ""max_dry_spell"": 16, ""n_days"": 76, ""precip_deficit_pct"": -37.27620771538083, ""temp_anomaly_c"": -1.9425918646026048, ""precip_norm_mm"": 141.29494209961223, ""temp_norm_c"": 17.75590065069368, ""norm_years"": 15}, ""source"": ""ERA5 полигона""}","сухая серия 16 дней подряд | другие поля региона в эти дни в норме (медианный Z 0.8, ниже нормы 7% из 57) — причина локальная, на самом поле | пик достигнут (116% нормы), но на 45 дней позже обычного: на поле яровая культура вместо привычной озимой, весеннее отставание — смена фазы, а не угнетение","AOI-0060, сезон 2017: умеренная аномалия с 2017-05-09 по 2017-06-23 (46 дней, 13 наблюдений), фаза — весна (всходы и рост). NDVI в худший день 2017-06-13: 0.43 при норме 0.62 (Z = -1.8). Вероятная причина — смена культуры: яровая вместо озимой, весеннее отставание — не угнетение (уверенность 70%). Аргументы: сухая серия 16 дней подряд; другие поля региона в эти дни в норме (медианный Z 0.8, ниже нормы 7% из 57) — причина локальная, на самом поле; пик достигнут (116% нормы), но на 45 дней позже обычного: на поле яровая культура вместо привычной озимой, весеннее отставание — смена фазы, а не угнетение. Норма: история полигона."
AOI-0060,2017,2017-10-16,2017-10-29,14,2,-2.6131011581416916,-1.9619931069989727,7,-0.28543623966751014,-0.20794710449180887,2017-10-29,-0.0006251621897175262,0.2848110774777926,осень (озимые всходы),осень (озимые всходы),289,302,критическая,weather_drought,0.65,история полигона,ERA5 полигона,0,-0.44687519749900534,0.22448979591836735,"{""available"": true, ""before"": {""precip_mm"": 14.86292714785975, ""temp_c"": 16.86285786098907, ""dry_days"": 27, ""hot_days"": 4, ""max_dry_spell"": 27, ""n_days"": 30, ""precip_deficit_pct"": 57.376177239073826, ""temp_anomaly_c"": 1.170824377271872, ""precip_norm_mm"": 34.87000035455476, ""temp_norm_c"": 15.692033483717198, ""norm_years"": 15}, ""during"": {""precip_mm"": 11.809047349739643, ""temp_c"": 10.947548666454518, ""dry_days"": 12, ""hot_days"": 0, ""max_dry_spell"": 6, ""n_days"": 14, ""precip_deficit_pct"": 37.80212101498178, ""temp_anomaly_c"": 0.36825367155529065, ""precip_norm_mm"": 18.98625410134021, ""temp_norm_c"": 10.579294994899227, ""norm_years"": 15}, ""combined"": {""precip_mm"": 26.671974497599393, ""temp_c"": 14.980714026364433, ""dry_days"": 39, ""hot_days"": 4, ""max_dry_spell"": 27, ""n_days"": 44, ""precip_deficit_pct"": 50.475622994833145, ""temp_anomaly_c"": 0.9154609709074979, ""precip_norm_mm"": 53.856254455894955, ""temp_norm_c"": 14.065253055456935, ""norm_years"": 15}, ""source"": ""ERA5 полигона""}",за 30 дней до и во время эпизода осадков 27 мм при норме 54 мм (дефицит 50 %) | сухая серия 27 дней подряд | за 30 дней до эпизода: осадков 15 мм при норме 35 мм | соседние поля региона в эти дни чуть ниже нормы (медианный Z -0.4),"AOI-0060, сезон 2017: критическая аномалия с 2017-10-16 по 2017-10-29 (14 дней, 2 наблюдений), фаза — осень (озимые всходы). NDVI в худший день 2017-10-29: -0.00 при норме 0.28 (Z = -2.6). Вероятная причина — погодный стресс: дефицит осадков и/или жара (уверенность 65%). Аргументы: за 30 дней до и во время эпизода осадков 27 мм при норме 54 мм (дефицит 50 %); сухая серия 27 дней подряд; за 30 дней до эпизода: осадков 15 мм при норме 35 мм; соседние поля региона в эти дни чуть ниже нормы (медианный Z -0.4). Норма: история полигона."
AOI-0060,2018,2018-04-01,2018-04-09,9,3,-1.8834664461994801,-1.1567278729017196,0,-0.1816091767924443,-0.17922098613844284,2018-04-01,0.21262741151968814,0.38783203804806476,весна (всходы и рост),весна (всходы и рост),91,99,умеренная,weak_season,0.4,история полигона,ERA5 полигона,0,-0.5659252030190891,0.22807017543859648,"{""available"": true, ""during"": {""precip_mm"": 9.06362413303441, ""temp_c"": 10.578962439077896, ""dry_days"": 7, ""hot_days"": 0, ""max_dry_spell"": 6, ""n_days"": 9, ""precip_deficit_pct"": 47.711570264242, ""temp_anomaly_c"": 0.8461058581316934, ""precip_norm_mm"": 17.333900021166926, ""temp_norm_c"": 9.732856580946203, ""norm_years"": 15}, ""combined"": {""precip_mm"": 9.06362413303441, ""temp_c"": 10.578962439077896, ""dry_days"": 7, ""hot_days"": 0, ""max_dry_spell"": 6, ""n_days"": 39}, ""source"": ""ERA5 полигона""}",соседние поля региона в эти дни чуть ниже нормы (медианный Z -0.6) | погодного сигнала нет; вероятны агротехнические причины,"AOI-0060, сезон 2018: умеренная аномалия с 2018-04-01 по 2018-04-09 (9 дней, 3 наблюдений), фаза — весна (всходы и рост). NDVI в худший день 2018-04-01: 0.21 при норме 0.39 (Z = -1.9). Вероятная причина — ослабленный сезон без явной погодной причины (уверенность 40%). Аргументы: соседние поля региона в эти дни чуть ниже нормы (медианный Z -0.6); погодного сигнала нет; вероятны агротехнические причины. Норма: история полигона."
AOI-0060,2019,2019-04-15,2019-06-11,58,15,-1.7417160304911052,-1.3971866316358912,0,-0.23161446093424432,-0.21139935586870964,2019-05-31,0.3807686787662188,0.6075687701703525,весна (всходы и рост),пик вегетации,105,162,умеренная,crop_rotation,0.7,история полигона,ERA5 полигона,1,0.6085655995930792,0.14035087719298245,"{""available"": true, ""before"": {""precip_mm"": 20.57970567799927, ""temp_c"": 10.775181207202747, ""dry_days"": 8, ""hot_days"": 0, ""max_dry_spell"": 6, ""n_days"": 30}, ""during"": {""precip_mm"": 82.45705821829574, ""temp_c"": 18.519223445585425, ""dry_days"": 46, ""hot_days"": 2, ""max_dry_spell"": 13, ""n_days"": 58, ""precip_deficit_pct"": 27.16338646673013, ""temp_anomaly_c"": 1.4658238231907355, ""precip_norm_mm"": 113.20825367674666, ""temp_norm_c"": 17.05339962239469, ""norm_years"": 15}, ""combined"": {""precip_mm"": 103.03676389629501, ""temp_c"": 17.013437454788793, ""dry_days"": 54, ""hot_days"": 2, ""max_dry_spell"": 13, ""n_days"": 88, ""precip_deficit_pct"": 26.287127824395952, ""temp_anomaly_c"": 1.3131164227002898, ""precip_norm_mm"": 139.7812361059999, ""temp_norm_c"": 15.700321032088503, ""norm_years"": 15}, ""source"": ""ERA5 полигона""}","другие поля региона в эти дни в норме (медианный Z 0.6, ниже нормы 14% из 57) — причина локальная, на самом поле | пик достигнут (116% нормы), но на 39 дней позже обычного: на поле яровая культура вместо привычной озимой, весеннее отставание — смена фазы, а не угнетение","AOI-0060, сезон 2019: умеренная аномалия с 2019-04-15 по 2019-06-11 (58 дней, 15 наблюдений), фаза — весна (всходы и рост). NDVI в худший день 2019-05-31: 0.38 при норме 0.61 (Z = -1.7). Вероятная причина — смена культуры: яровая вместо озимой, весеннее отставание — не угнетение (уверенность 70%). Аргументы: другие поля региона в эти дни в норме (медианный Z 0.6, ниже нормы 14% из 57) — причина локальная, на самом поле; пик достигнут (116% нормы), но на 39 дней позже обычного: на поле яровая культура вместо привычной озимой, весеннее отставание — смена фазы, а не угнетение. Норма: история полигона."
AOI-0060,2019,2019-09-10,2019-09-26,17,4,-1.4887081733564698,-1.2791621940115632,0,-0.11993841088853294,-0.10356275532421061,2019-09-17,0.2127520228647674,0.33142606351973136,лето после уборки,осень (озимые всходы),253,269,умеренная,weak_season,0.45,история полигона,ERA5 полигона,1,-0.19557138466025015,0.08771929824561403,"{""available"": true, ""before"": {""precip_mm"": 24.175274960303025, ""temp_c"": 24.903474659389946, ""dry_days"": 27, ""hot_days"": 7, ""max_dry_spell"": 17, ""n_days"": 30, ""precip_deficit_pct"": 10.759127436333927, ""temp_anomaly_c"": 0.7004195502952335, ""precip_norm_mm"": 27.08991324917396, ""temp_norm_c"": 24.203055109094713, ""norm_years"": 15}, ""during"": {""precip_mm"": 17.13049492366281, ""temp_c"": 16.977673766192282, ""dry_days"": 14, ""hot_days"": 0, ""max_dry_spell"": 8, ""n_days"": 17, ""precip_deficit_pct"": -2.8543371437583787, ""temp_anomaly_c"": -2.217757896971868, ""precip_norm_mm"": 16.65510215647951, ""temp_norm_c"": 19.19543166316415, ""norm_years"": 15}, ""combined"": {""precip_mm"": 41.30576988396584, ""temp_c"": 22.03669561291419, ""dry_days"": 41, ""hot_days"": 7, ""max_dry_spell"": 17, ""n_days"": 47, ""precip_deficit_pct"": 5.576053635067169, ""temp_anomaly_c"": -0.3550914412694688, ""precip_norm_mm"": 43.74501540565347, ""temp_norm_c"": 22.39178705418366, ""norm_years"": 15}, ""source"": ""ERA5 полигона""}","сухая серия 17 дней подряд | другие поля региона в эти дни в норме (медианный Z -0.2, ниже нормы 9% из 57) — причина локальная, на самом поле | погодного сигнала нет; вероятны агротехнические причины","AOI-0060, сезон 2019: умеренная аномалия с 2019-09-10 по 2019-09-26 (17 дней, 4 наблюдений), фаза — лето после уборки. NDVI в худший день 2019-09-17: 0.21 при норме 0.33 (Z = -1.5). Вероятная причина — ослабленный сезон без явной погодной причины (уверенность 45%). Аргументы: сухая серия 17 дней подряд; другие поля региона в эти дни в норме (медианный Z -0.2, ниже нормы 9% из 57) — причина локальная, на самом поле; погодного сигнала нет; вероятны агротехнические причины. Норма: история полигона."
AOI-0060,2020,2020-06-16,2020-10-29,136,47,-1.862215554951202,-1.386643985193635,0,-0.31046459189595094,-0.18472642267399272,2020-06-30,0.30595872426876314,0.5868726464029003,пик вегетации,осень (озимые всходы),168,303,умеренная,early_decline,0.6,история полигона,ERA5 полигона,0,-0.7221740512117972,0.17543859649122806,"{""available"": true, ""before"": {""precip_mm"": 87.97937672469303, ""temp_c"": 19.03827285766604, ""dry_days"": 15, ""hot_days"": 0, ""max_dry_spell"": 7, ""n_days"": 30, ""precip_deficit_pct"": -51.44764825558763, ""temp_anomaly_c"": -1.7360468334621828, ""precip_norm_mm"": 58.09226999432594, ""temp_norm_c"": 20.774319691128223, ""norm_years"": 15}, ""during"": {""precip_mm"": 65.82083469813327, ""temp_c"": 22.491276789646548, ""dry_days"": 122, ""hot_days"": 21, ""max_dry_spell"": 26, ""n_days"": 136, ""precip_deficit_pct"": 57.96238495115027, ""temp_anomaly_c"": 1.2618113120396934, ""precip_norm_mm"": 156.5760441491419, ""temp_norm_c"": 21.229465477606855, ""norm_years"": 15}, ""combined"": {""precip_mm"": 153.8002114228263, ""temp_c"": 21.86723993446935, ""dry_days"": 137, ""hot_days"": 21, ""max_dry_spell"": 26, ""n_days"": 166, ""precip_deficit_pct"": 28.35448862749348, ""temp_anomaly_c"": 0.7200297194791183, ""precip_norm_mm"": 214.66831414346788, ""temp_norm_c"": 21.14721021499023, ""norm_years"": 15}, ""source"": ""ERA5 полигона""}","сухая серия 26 дней подряд | соседние поля региона в эти дни тоже ниже нормы (медианный Z -0.7, ниже нормы 18% из 57 полей) — явление региональное | пик на уровне нормы (125%), но спад начался на 59 дней раньше обычного","AOI-0060, сезон 2020: умеренная аномалия с 2020-06-16 по 2020-10-29 (136 дней, 47 наблюдений), фаза — пик вегетации. NDVI в худший день 2020-06-30: 0.31 при норме 0.59 (Z = -1.9). Вероятная причина — ранний спад вегетации (уборка, полегание, болезнь) (уверенность 60%). Аргументы: сухая серия 26 дней подряд; соседние поля региона в эти дни тоже ниже нормы (медианный Z -0.7, ниже нормы 18% из 57 полей) — явление региональное; пик на уровне нормы (125%), но спад начался на 59 дней раньше обычного. Норма: история полигона."
AOI-0060,2021,2021-04-18,2021-05-22,35,8,-1.4619798776348503,-1.376001464653143,0,-0.24239019110753285,-0.2277298373725457,2021-05-12,0.31184101219449206,0.5494868297885959,весна (всходы и рост),пик вегетации,108,142,умеренная,crop_rotation,0.7,история полигона,ERA5 полигона,5,-0.3523084559573274,0.2807017543859649,"{""available"": true, ""before"": {""precip_mm"": 59.345152461048656, ""temp_c"": 9.030981692145872, ""dry_days"": 5, ""hot_days"": 0, ""max_dry_spell"": 2, ""n_days"": 30}, ""during"": {""precip_mm"": 99.77446725843464, ""temp_c"": 14.703115372430736, ""dry_days"": 24, ""hot_days"": 0, ""max_dry_spell"": 12, ""n_days"": 35, ""precip_deficit_pct"": -45.887659055186816, ""temp_anomaly_c"": -0.8261514149014921, ""precip_norm_mm"": 68.39130047366903, ""temp_norm_c"": 15.529266787332228, ""norm_years"": 15}, ""combined"": {""precip_mm"": 159.1196197194833, ""temp_c"": 12.848763976952993, ""dry_days"": 29, ""hot_days"": 0, ""max_dry_spell"": 12, ""n_days"": 65}, ""source"": ""ERA5 полигона""}","соседние поля региона в эти дни чуть ниже нормы (медианный Z -0.4) | пик достигнут (132% нормы), но на 31 дней позже обычного: на поле яровая культура вместо привычной озимой, весеннее отставание — смена фазы, а не угнетение","AOI-0060, сезон 2021: умеренная аномалия с 2021-04-18 по 2021-05-22 (35 дней, 8 наблюдений), фаза — весна (всходы и рост). NDVI в худший день 2021-05-12: 0.31 при норме 0.55 (Z = -1.5). Вероятная причина — смена культуры: яровая вместо озимой, весеннее отставание — не угнетение (уверенность 70%). Аргументы: соседние поля региона в эти дни чуть ниже нормы (медианный Z -0.4); пик достигнут (132% нормы), но на 31 дней позже обычного: на поле яровая культура вместо привычной озимой, весеннее отставание — смена фазы, а не угнетение. Норма: история полигона."
AOI-0060,2022,2022-06-25,2022-10-15,113,37,-1.7066965317244953,-1.3850683556802676,0,-0.30164414292890046,-0.1883981454742287,2022-07-06,0.2889807638136215,0.5760178146932452,созревание и уборка,осень (озимые всходы),176,288,умеренная,early_decline,0.6,история полигона,ERA5 полигона,1,-0.005799478042705481,0.0,"{""available"": true, ""before"": {""precip_mm"": 17.159537688023363, ""temp_c"": 22.85781046549482, ""dry_days"": 26, ""hot_days"": 0, ""max_dry_spell"": 19, ""n_days"": 30, ""precip_deficit_pct"": 69.3104505824179, ""temp_anomaly_c"": 0.7252788105717478, ""precip_norm_mm"": 55.913293005835506, ""temp_norm_c"": 22.13253165492307, ""norm_years"": 15}, ""during"": {""precip_mm"": 171.2687847692358, ""temp_c"": 21.821967100745486, ""dry_days"": 77, ""hot_days"": 19, ""max_dry_spell"": 13, ""n_days"": 113, ""precip_deficit_pct"": -50.45093944337546, ""temp_anomaly_c"": -0.6856028574640582, ""precip_norm_mm"": 113.83696599228976, ""temp_norm_c"": 22.507569958209544, ""norm_years"": 15}, ""combined"": {""precip_mm"": 188.42832245725916, ""temp_c"": 22.03927689754604, ""dry_days"": 103, ""hot_days"": 19, ""max_dry_spell"": 19, ""n_days"": 143, ""precip_deficit_pct"": -11.003260654430068, ""temp_anomaly_c"": -0.3896136963376762, ""precip_norm_mm"": 169.7502589981253, ""temp_norm_c"": 22.428890593883715, ""norm_years"": 15}, ""source"": ""ERA5 полигона""}","сухая серия 19 дней подряд | другие поля региона в эти дни в норме (медианный Z -0.0, ниже нормы 0% из 57) — причина локальная, на самом поле | пик на уровне нормы (135%), но спад начался на 55 дней раньше обычного","AOI-0060, сезон 2022: умеренная аномалия с 2022-06-25 по 2022-10-15 (113 дней, 37 наблюдений), фаза — созревание и уборка. NDVI в худший день 2022-07-06: 0.29 при норме 0.58 (Z = -1.7). Вероятная причина — ранний спад вегетации (уборка, полегание, болезнь) (уверенность 60%). Аргументы: сухая серия 19 дней подряд; другие поля региона в эти дни в норме (медианный Z -0.0, ниже нормы 0% из 57) — причина локальная, на самом поле; пик на уровне нормы (135%), но спад начался на 55 дней раньше обычного. Норма: история полигона."
AOI-0060,2025,2025-07-19,2025-10-04,78,25,-1.7311831991017315,-1.467207449124105,0,-0.28467805285097425,-0.19649938553650562,2025-09-09,0.188451682909617,0.3498949007500105,созревание и уборка,осень (озимые всходы),200,277,умеренная,early_decline,0.6,история полигона,ERA5 полигона,0,-0.4890560526666328,0.15584415584415584,"{""available"": true, ""before"": {""precip_mm"": 40.31672546039644, ""temp_c"": 24.534978400336403, ""dry_days"": 21, ""hot_days"": 12, ""max_dry_spell"": 12, ""n_days"": 30, ""precip_deficit_pct"": -5.352320481952444, ""temp_anomaly_c"": -0.3127433254100609, ""precip_norm_mm"": 38.26847408387456, ""temp_norm_c"": 24.847721725746464, ""norm_years"": 15}, ""during"": {""precip_mm"": 50.949803003645044, ""temp_c"": 22.65307944615684, ""dry_days"": 69, ""hot_days"": 19, ""max_dry_spell"": 36, ""n_days"": 78, ""precip_deficit_pct"": 32.86459638975304, ""temp_anomaly_c"": -0.3214810398569128, ""precip_norm_mm"": 75.89111000126394, ""temp_norm_c"": 22.974560486013754, ""norm_years"": 15}, ""combined"": {""precip_mm"": 91.2665284640415, ""temp_c"": 23.175829155651165, ""dry_days"": 90, ""hot_days"": 31, ""max_dry_spell"": 36, ""n_days"": 108, ""precip_deficit_pct"": 20.053555559578506, ""temp_anomaly_c"": -0.3190538969550083, ""precip_norm_mm"": 114.15958408513849, ""temp_norm_c"": 23.494883052606173, ""norm_years"": 15}, ""source"": ""ERA5 полигона""}","сухая серия 36 дней подряд | соседние поля региона в эти дни чуть ниже нормы (медианный Z -0.5) | пик на уровне нормы (125%), но спад начался на 85 дней раньше обычного","AOI-0060, сезон 2025: умеренная аномалия с 2025-07-19 по 2025-10-04 (78 дней, 25 наблюдений), фаза — созревание и уборка. NDVI в худший день 2025-09-09: 0.19 при норме 0.35 (Z = -1.7). Вероятная причина — ранний спад вегетации (уборка, полегание, болезнь) (уверенность 60%). Аргументы: сухая серия 36 дней подряд; соседние поля региона в эти дни чуть ниже нормы (медианный Z -0.5); пик на уровне нормы (125%), но спад начался на 85 дней раньше обычного. Норма: история полигона."
AOI-0061,2014,2014-06-16,2014-08-22,68,8,-1.4261834252664134,-1.318016031993352,0,-0.29221472715622077,-0.22654251364266303,2014-07-03,0.27877891177485353,0.5326432158909558,пик вегетации,лето после уборки,167,234,умеренная,early_decline,0.6,история полигона,ERA5 региона (медиана соседних полей),0,-0.6546328156877855,0.17543859649122806,"{""available"": true, ""before"": {""precip_mm"": 35.092122305574236, ""temp_c"": 22.502528760193538, ""dry_days"": 19, ""hot_days"": 0, ""max_dry_spell"": 7, ""n_days"": 30, ""precip_deficit_pct"": 8.913490997476437, ""temp_anomaly_c"": 1.858918863178772, ""precip_norm_mm"": 38.52614694521008, ""temp_norm_c"": 20.643609897014766, ""norm_years"": 15}, ""during"": {""precip_mm"": 37.970104910545444, ""temp_c"": 25.63520096111923, ""dry_days"": 55, ""hot_days"": 24, ""max_dry_spell"": 29, ""n_days"": 68, ""precip_deficit_pct"": 31.609745665881796, ""temp_anomaly_c"": -0.005259831592081099, ""precip_norm_mm"": 55.5197597672964, ""temp_norm_c"": 25.640460792711313, ""norm_years"": 15}, ""combined"": {""precip_mm"": 73.06222721611968, ""temp_c"": 24.676219675121576, ""dry_days"": 74, ""hot_days"": 24, ""max_dry_spell"": 29, ""n_days"": 98, ""precip_deficit_pct"": 22.31216671718933, ""temp_anomaly_c"": 0.565407115786762, ""precip_norm_mm"": 94.04590671250648, ""temp_norm_c"": 24.110812559334814, ""norm_years"": 15}, ""source"": ""ERA5 региона (медиана соседних полей)""}","сухая серия 29 дней подряд | соседние поля региона в эти дни чуть ниже нормы (медианный Z -0.7) | пик на уровне нормы (122%), но спад начался на 43 дней раньше обычного","AOI-0061, сезон 2014: умеренная аномалия с 2014-06-16 по 2014-08-22 (68 дней, 8 наблюдений), фаза — пик вегетации. NDVI в худший день 2014-07-03: 0.28 при норме 0.53 (Z = -1.4). Вероятная причина — ранний спад вегетации (уборка, полегание, болезнь) (уверенность 60%). Аргументы: сухая серия 29 дней подряд; соседние поля региона в эти дни чуть ниже нормы (медианный Z -0.7); пик на уровне нормы (122%), но спад начался на 43 дней раньше обычного. Норма: история полигона."
AOI-0061,2015,2015-04-07,2015-06-01,56,8,-1.582089992759078,-1.3525607774701232,0,-0.29459211322045176,-0.26561993438494175,2015-05-19,0.3505860937985579,0.6311132218824912,весна (всходы и рост),пик вегетации,97,152,умеренная,crop_rotation,0.7,история полигона,ERA5 региона (медиана соседних полей),0,-0.5558371007621643,0.3157894736842105,"{""available"": true, ""before"": {""precip_mm"": 23.8366008269774, ""temp_c"": 6.085960748460593, ""dry_days"": 1, ""hot_days"": 0, ""max_dry_spell"": 1, ""n_days"": 30}, ""during"": {""precip_mm"": 93.45436372406192, ""temp_c"": 14.338979021708194, ""dry_days"": 34, ""hot_days"": 0, ""max_dry_spell"": 14, ""n_days"": 56, ""precip_deficit_pct"": -15.004358980228227, ""temp_anomaly_c"": -0.984486862042294, ""precip_norm_mm"": 81.261583954508, ""temp_norm_c"": 15.323465883750488, ""norm_years"": 15}, ""combined"": {""precip_mm"": 117.29096455103932, ""temp_c"": 13.540299833974554, ""dry_days"": 35, ""hot_days"": 0, ""max_dry_spell"": 14, ""n_days"": 86}, ""source"": ""ERA5 региона (медиана соседних полей)""}","соседние поля региона в эти дни чуть ниже нормы (медианный Z -0.6) | пик достигнут (118% нормы), но на 41 дней позже обычного: на поле яровая культура вместо привычной озимой, весеннее отставание — смена фазы, а не угнетение","AOI-0061, сезон 2015: умеренная аномалия с 2015-04-07 по 2015-06-01 (56 дней, 8 наблюдений), фаза — весна (всходы и рост). NDVI в худший день 2015-05-19: 0.35 при норме 0.63 (Z = -1.6). Вероятная причина — смена культуры: яровая вместо озимой, весеннее отставание — не угнетение (уверенность 70%). Аргументы: соседние поля региона в эти дни чуть ниже нормы (медианный Z -0.6); пик достигнут (118% нормы), но на 41 дней позже обычного: на поле яровая культура вместо привычной озимой, весеннее отставание — смена фазы, а не угнетение. Норма: история полигона."
AOI-0061,2017,2017-04-01,2017-06-14,75,15,-3.9917582887369027,-1.9934434015396039,24,-0.3824400827169374,-0.2976094416480509,2017-06-04,0.36679906305656296,0.6774886736923648,весна (всходы и рост),пик вегетации,91,165,критическая,crop_rotation,0.7,история полигона,ERA5 региона (медиана соседних полей),1,0.39281010383536524,0.14035087719298245,"{""available"": true, ""during"": {""precip_mm"": 133.09778855531124, ""temp_c"": 14.435001963566663, ""dry_days"": 51, ""hot_days"": 0, ""max_dry_spell"": 11, ""n_days"": 75, ""precip_deficit_pct"": -36.10157033334935, ""temp_anomaly_c"": -1.6537624602805074, ""precip_norm_mm"": 97.79298521634905, ""temp_norm_c"": 16.08876442384717, ""norm_years"": 15}, ""combined"": {""precip_mm"": 133.09778855531124, ""temp_c"": 14.435001963566663, ""dry_days"": 51, ""hot_days"": 0, ""max_dry_spell"": 11, ""n_days"": 105}, ""source"": ""ERA5 региона (медиана соседних полей)""}","другие поля региона в эти дни в норме (медианный Z 0.4, ниже нормы 14% из 57) — причина локальная, на самом поле | пик достигнут (121% нормы), но на 37 дней позже обычного: на поле яровая культура вместо привычной озимой, весеннее отставание — смена фазы, а не угнетение","AOI-0061, сезон 2017: критическая аномалия с 2017-04-01 по 2017-06-14 (75 дней, 15 наблюдений), фаза — весна (всходы и рост). NDVI в худший день 2017-06-04: 0.37 при норме 0.68 (Z = -4.0). Вероятная причина — смена культуры: яровая вместо озимой, весеннее отставание — не угнетение (уверенность 70%). Аргументы: другие поля региона в эти дни в норме (медианный Z 0.4, ниже нормы 14% из 57) — причина локальная, на самом поле; пик достигнут (121% нормы), но на 37 дней позже обычного: на поле яровая культура вместо привычной озимой, весеннее отставание — смена фазы, а не угнетение. Норма: история полигона."
AOI-0061,2018,2018-06-21,2018-09-14,86,14,-1.4885454241531473,-1.2121815001065632,0,-0.2746120374569797,-0.1925792892538369,2018-06-29,0.32044945942997455,0.5535996448426406,пик вегетации,лето после уборки,172,257,умеренная,weather_drought,0.75,история полигона,ERA5 региона (медиана соседних полей),0,-0.4688915186932703,0.17543859649122806,"{""available"": true, ""before"": {""precip_mm"": 2.3384099840733077, ""temp_c"": 21.47873054040174, ""dry_days"": 30, ""hot_days"": 1, ""max_dry_spell"": 30, ""n_days"": 30, ""precip_deficit_pct"": 93.85742293609098, ""temp_anomaly_c"": -0.20432789623478342, ""precip_norm_mm"": 38.06887499731568, ""temp_norm_c"": 21.683058436636525, ""norm_years"": 15}, ""during"": {""precip_mm"": 53.310380685538625, ""temp_c"": 25.803470488851413, ""dry_days"": 73, ""hot_days"": 30, ""max_dry_spell"": 45, ""n_days"": 86, ""precip_deficit_pct"": 11.626995777712201, ""temp_anomaly_c"": 1.050429933420542, ""precip_norm_mm"": 60.3242824601109, ""temp_norm_c"": 24.75304055543087, ""norm_years"": 15}, ""combined"": {""precip_mm"": 55.648790669611934, ""temp_c"": 24.685003260804084, ""dry_days"": 103, ""hot_days"": 31, ""max_dry_spell"": 45, ""n_days"": 116, ""precip_deficit_pct"": 43.44241804244323, ""temp_anomaly_c"": 0.7259235981648544, ""precip_norm_mm"": 98.39315745742661, ""temp_norm_c"": 23.95907966263923, ""norm_years"": 15}, ""source"": ""ERA5 региона (медиана соседних полей)""}","за 30 дней до и во время эпизода осадков 56 мм при норме 98 мм (дефицит 43 %) | сухая серия 45 дней подряд | за 30 дней до эпизода: осадков 2 мм при норме 38 мм | соседние поля региона в эти дни чуть ниже нормы (медианный Z -0.5) | пик на уровне нормы (132%), но спад начался на 48 дней раньше обычного","AOI-0061, сезон 2018: умеренная аномалия с 2018-06-21 по 2018-09-14 (86 дней, 14 наблюдений), фаза — пик вегетации. NDVI в худший день 2018-06-29: 0.32 при норме 0.55 (Z = -1.5). Вероятная причина — погодный стресс: дефицит осадков и/или жара (уверенность 75%). Аргументы: за 30 дней до и во время эпизода осадков 56 мм при норме 98 мм (дефицит 43 %); сухая серия 45 дней подряд; за 30 дней до эпизода: осадков 2 мм при норме 38 мм; соседние поля региона в эти дни чуть ниже нормы (медианный Z -0.5); пик на уровне нормы (132%), но спад начался на 48 дней раньше обычного. Норма: история полигона."
AOI-0061,2019,2019-04-01,2019-05-20,50,13,-1.6541979127092423,-1.465828468063696,0,-0.3458631850158105,-0.30045045402605974,2019-04-06,0.21635766878745236,0.5163065639654169,весна (всходы и рост),пик вегетации,91,140,умеренная,crop_rotation,0.7,история полигона,ERA5 региона (медиана соседних полей),1,0.47319338338523387,0.17543859649122806,"{""available"": true, ""during"": {""precip_mm"": 63.135095725182765, ""temp_c"": 13.768581961172627, ""dry_days"": 35, ""hot_days"": 0, ""max_dry_spell"": 11, ""n_days"": 50, ""precip_deficit_pct"": 9.350280710538229, ""temp_anomaly_c"": 0.3454450390985677, ""precip_norm_mm"": 69.6473152041215, ""temp_norm_c"": 13.42313692207406, ""norm_years"": 15}, ""combined"": {""precip_mm"": 63.135095725182765, ""temp_c"": 13.768581961172627, ""dry_days"": 35, ""hot_days"": 0, ""max_dry_spell"": 11, ""n_days"": 80}, ""source"": ""ERA5 региона (медиана соседних полей)""}","другие поля региона в эти дни в норме (медианный Z 0.5, ниже нормы 18% из 57) — причина локальная, на самом поле | пик достигнут (117% нормы), но на 54 дней позже обычного: на поле яровая культура вместо привычной озимой, весеннее отставание — смена фазы, а не угнетение","AOI-0061, сезон 2019: умеренная аномалия с 2019-04-01 по 2019-05-20 (50 дней, 13 наблюдений), фаза — весна (всходы и рост). NDVI в худший день 2019-04-06: 0.22 при норме 0.52 (Z = -1.7). Вероятная причина — смена культуры: яровая вместо озимой, весеннее отставание — не угнетение (уверенность 70%). Аргументы: другие поля региона в эти дни в норме (медианный Z 0.5, ниже нормы 18% из 57) — причина локальная, на самом поле; пик достигнут (117% нормы), но на 54 дней позже обычного: на поле яровая культура вместо привычной озимой, весеннее отставание — смена фазы, а не угнетение. Норма: история полигона."
AOI-0061,2020,2020-09-05,2020-10-03,29,13,-1.4456479604378103,-1.2905757770579647,0,-0.0952565867216694,-0.08474002416980027,2020-09-15,0.14180085190414868,0.22574352307467652,лето после уборки,осень (озимые всходы),249,277,умеренная,weather_drought,0.75,история полигона,ERA5 региона (медиана соседних полей),0,-0.8776308443507514,0.42105263157894735,"{""available"": true, ""before"": {""precip_mm"": 1.0636443700227403, ""temp_c"": 24.809584922790542, ""dry_days"": 30, ""hot_days"": 6, ""max_dry_spell"": 30, ""n_days"": 30, ""precip_deficit_pct"": 92.60368825260305, ""temp_anomaly_c"": -0.4299736295696839, ""precip_norm_mm"": 14.380740108704543, ""temp_norm_c"": 25.239558552360226, ""norm_years"": 15}, ""during"": {""precip_mm"": 3.8905259990364973, ""temp_c"": 19.69251200893984, ""dry_days"": 28, ""hot_days"": 0, ""max_dry_spell"": 27, ""n_days"": 29, ""precip_deficit_pct"": 85.85481216538932, ""temp_anomaly_c"": 1.986417303625295, ""precip_norm_mm"": 27.50423709126784, ""temp_norm_c"": 17.706094705314545, ""norm_years"": 15}, ""combined"": {""precip_mm"": 4.954170369059238, ""temp_c"": 22.294413490558842, ""dry_days"": 58, ""hot_days"": 6, ""max_dry_spell"": 57, ""n_days"": 59, ""precip_deficit_pct"": 88.17196355293109, ""temp_anomaly_c"": 0.7577439477634478, ""precip_norm_mm"": 41.88497719997238, ""temp_norm_c"": 21.536669542795394, ""norm_years"": 15}, ""source"": ""ERA5 региона (медиана соседних полей)""}","за 30 дней до и во время эпизода осадков 5 мм при норме 42 мм (дефицит 88 %) | сухая серия 57 дней подряд | за 30 дней до эпизода: осадков 1 мм при норме 14 мм | во время эпизода: осадков 4 мм при норме 28 мм | соседние поля региона в эти дни тоже ниже нормы (медианный Z -0.9, ниже нормы 42% из 57 полей) — явление региональное | пик на уровне нормы (101%), но спад начался на 41 дней раньше обычного","AOI-0061, сезон 2020: умеренная аномалия с 2020-09-05 по 2020-10-03 (29 дней, 13 наблюдений), фаза — лето после уборки. NDVI в худший день 2020-09-15: 0.14 при норме 0.23 (Z = -1.4). Вероятная причина — погодный стресс: дефицит осадков и/или жара (уверенность 75%). Аргументы: за 30 дней до и во время эпизода осадков 5 мм при норме 42 мм (дефицит 88 %); сухая серия 57 дней подряд; за 30 дней до эпизода: осадков 1 мм при норме 14 мм; во время эпизода: осадков 4 мм при норме 28 мм; соседние поля региона в эти дни тоже ниже нормы (медианный Z -0.9, ниже нормы 42% из 57 полей) — явление региональное; пик на уровне нормы (101%), но спад начался на 41 дней раньше обычного. Норма: история полигона."
AOI-0061,2021,2021-06-14,2021-07-31,48,16,-1.476337594793653,-1.3619773396417552,0,-0.29693876373066824,-0.2299904547006509,2021-06-21,0.44519473949616867,0.6005437685856634,пик вегетации,созревание и уборка,165,212,умеренная,early_decline,0.6,история полигона,ERA5 региона (медиана соседних полей),6,0.47925907748014956,0.05263157894736842,"{""available"": true, ""before"": {""precip_mm"": 67.12516316232946, ""temp_c"": 19.278922948080425, ""dry_days"": 18, ""hot_days"": 0, ""max_dry_spell"": 4, ""n_days"": 30, ""precip_deficit_pct"": -73.76836609849727, ""temp_anomaly_c"": -1.1326805199247971, ""precip_norm_mm"": 38.6291041743932, ""temp_norm_c"": 20.41160346800522, ""norm_years"": 15}, ""during"": {""precip_mm"": 45.84046216958271, ""temp_c"": 26.38027398687193, ""dry_days"": 39, ""hot_days"": 21, ""max_dry_spell"": 13, ""n_days"": 48, ""precip_deficit_pct"": 0.308012344824915, ""temp_anomaly_c"": 1.2158256955934519, ""precip_norm_mm"": 45.982092691481306, ""temp_norm_c"": 25.16444829127848, ""norm_years"": 15}, ""combined"": {""precip_mm"": 112.96562533191215, ""temp_c"": 23.648985125798283, ""dry_days"": 57, ""hot_days"": 21, ""max_dry_spell"": 13, ""n_days"": 78, ""precip_deficit_pct"": -33.51143763039428, ""temp_anomaly_c"": 0.3125540742402855, ""precip_norm_mm"": 84.6111968658745, ""temp_norm_c"": 23.336431051557998, ""norm_years"": 15}, ""source"": ""ERA5 региона (медиана соседних полей)""}","другие поля региона в эти дни в норме (медианный Z 0.5, ниже нормы 5% из 57) — причина локальная, на самом поле | пик на уровне нормы (134%), но спад начался на 52 дней раньше обычного","AOI-0061, сезон 2021: умеренная аномалия с 2021-06-14 по 2021-07-31 (48 дней, 16 наблюдений), фаза — пик вегетации. NDVI в худший день 2021-06-21: 0.45 при норме 0.60 (Z = -1.5). Вероятная причина — ранний спад вегетации (уборка, полегание, болезнь) (уверенность 60%). Аргументы: другие поля региона в эти дни в норме (медианный Z 0.5, ниже нормы 5% из 57) — причина локальная, на самом поле; пик на уровне нормы (134%), но спад начался на 52 дней раньше обычного. Норма: история полигона."
AOI-0061,2022,2022-04-01,2022-05-27,57,9,-1.8610862088247808,-1.593383712759467,0,-0.36932817307526833,-0.3136209753542763,2022-04-01,0.17924798758090066,0.472810036625563,весна (всходы и рост),пик вегетации,91,147,умеренная,crop_rotation,0.7,история полигона,ERA5 региона (медиана соседних полей),0,0.38476215496074484,0.12280701754385964,"{""available"": true, ""during"": {""precip_mm"": 76.68179456563966, ""temp_c"": 13.024230025293326, ""dry_days"": 37, ""hot_days"": 0, ""max_dry_spell"": 9, ""n_days"": 57, ""precip_deficit_pct"": 5.7695662213051335, ""temp_anomaly_c"": -1.1508588612723258, ""precip_norm_mm"": 81.37688800810457, ""temp_norm_c"": 14.175088886565652, ""norm_years"": 15}, ""combined"": {""precip_mm"": 76.68179456563966, ""temp_c"": 13.024230025293322, ""dry_days"": 37, ""hot_days"": 0, ""max_dry_spell"": 9, ""n_days"": 87}, ""source"": ""ERA5 региона (медиана соседних полей)""}","другие поля региона в эти дни в норме (медианный Z 0.4, ниже нормы 12% из 57) — причина локальная, на самом поле | пик достигнут (123% нормы), но на 30 дней позже обычного: на поле яровая культура вместо привычной озимой, весеннее отставание — смена фазы, а не угнетение","AOI-0061, сезон 2022: умеренная аномалия с 2022-04-01 по 2022-05-27 (57 дней, 9 наблюдений), фаза — весна (всходы и рост). NDVI в худший день 2022-04-01: 0.18 при норме 0.47 (Z = -1.9). Вероятная причина — смена культуры: яровая вместо озимой, весеннее отставание — не угнетение (уверенность 70%). Аргументы: другие поля региона в эти дни в норме (медианный Z 0.4, ниже нормы 12% из 57) — причина локальная, на самом поле; пик достигнут (123% нормы), но на 30 дней позже обычного: на поле яровая культура вместо привычной озимой, весеннее отставание — смена фазы, а не угнетение. Норма: история полигона."
AOI-0061,2024,2024-05-20,2024-06-18,30,7,-1.8718980678704096,-1.385358902973804,0,-0.18375260058679915,-0.14677329559073835,2024-06-10,0.5204515869635521,0.6522161760217279,пик вегетации,пик вегетации,141,170,умеренная,weather_drought,0.65,история полигона,ERA5 региона (медиана соседних полей),2,-0.2668117123242358,0.2982456140350877,"{""available"": true, ""before"": {""precip_mm"": 8.837703151421294, ""temp_c"": 15.452608282772132, ""dry_days"": 26, ""hot_days"": 0, ""max_dry_spell"": 10, ""n_days"": 30, ""precip_deficit_pct"": 80.69360599221247, ""temp_anomaly_c"": 0.20640961759500698, ""precip_norm_mm"": 45.77604263052164, ""temp_norm_c"": 15.246198665177126, ""norm_years"": 15}, ""during"": {""precip_mm"": 10.285815867785024, ""temp_c"": 23.259838189019117, ""dry_days"": 26, ""hot_days"": 3, ""max_dry_spell"": 12, ""n_days"": 30, ""precip_deficit_pct"": 73.97672930878596, ""temp_anomaly_c"": 2.1247715832745513, ""precip_norm_mm"": 39.52545392865515, ""temp_norm_c"": 21.135066605744566, ""norm_years"": 15}, ""combined"": {""precip_mm"": 19.12351901920632, ""temp_c"": 19.356223235895627, ""dry_days"": 52, ""hot_days"": 3, ""max_dry_spell"": 12, ""n_days"": 60, ""precip_deficit_pct"": 77.58126200524555, ""temp_anomaly_c"": 1.1655906004347862, ""precip_norm_mm"": 85.30149655917678, ""temp_norm_c"": 18.19063263546084, ""norm_years"": 15}, ""source"": ""ERA5 региона (медиана соседних полей)""}","за 30 дней до и во время эпизода осадков 19 мм при норме 85 мм (дефицит 78 %) | за 30 дней до эпизода: осадков 9 мм при норме 46 мм | во время эпизода: осадков 10 мм при норме 40 мм | другие поля региона в эти дни в норме (медианный Z -0.3, ниже нормы 30% из 57) — причина локальная, на самом поле","AOI-0061, сезон 2024: умеренная аномалия с 2024-05-20 по 2024-06-18 (30 дней, 7 наблюдений), фаза — пик вегетации. NDVI в худший день 2024-06-10: 0.52 при норме 0.65 (Z = -1.9). Вероятная причина — погодный стресс: дефицит осадков и/или жара (уверенность 65%). Аргументы: за 30 дней до и во время эпизода осадков 19 мм при норме 85 мм (дефицит 78 %); за 30 дней до эпизода: осадков 9 мм при норме 46 мм; во время эпизода: осадков 10 мм при норме 40 мм; другие поля региона в эти дни в норме (медианный Z -0.3, ниже нормы 30% из 57) — причина локальная, на самом поле. Норма: история полигона."
AOI-0061,2025,2025-07-16,2025-08-20,36,18,-1.4191197381409044,-1.270896308064315,0,-0.27017659250046655,-0.2337634647611385,2025-08-05,0.16703753060961488,0.42388874004338994,созревание и уборка,лето после уборки,197,232,умеренная,early_decline,0.6,история полигона,ERA5 региона (медиана соседних полей),0,-0.5220276964431926,0.2597402597402597,"{""available"": true, ""before"": {""precip_mm"": 40.514115011198385, ""temp_c"": 23.355832657990657, ""dry_days"": 21, ""hot_days"": 9, ""max_dry_spell"": 12, ""n_days"": 30, ""precip_deficit_pct"": -37.64998601997469, ""temp_anomaly_c"": -1.4686827827422206, ""precip_norm_mm"": 29.432705503739964, ""temp_norm_c"": 24.824515440732878, ""norm_years"": 15}, ""during"": {""precip_mm"": 12.283916138114154, ""temp_c"": 26.783332645353497, ""dry_days"": 33, ""hot_days"": 18, ""max_dry_spell"": 17, ""n_days"": 36, ""precip_deficit_pct"": 48.40853513608137, ""temp_anomaly_c"": 0.36941946132077064, ""precip_norm_mm"": 23.809977426528008, ""temp_norm_c"": 26.413913184032726, ""norm_years"": 15}, ""combined"": {""precip_mm"": 52.79803114931255, ""temp_c"": 25.225378105643113, ""dry_days"": 54, ""hot_days"": 27, ""max_dry_spell"": 17, ""n_days"": 66, ""precip_deficit_pct"": 0.8351415752992364, ""temp_anomaly_c"": -0.4660815587078666, ""precip_norm_mm"": 53.24268293026797, ""temp_norm_c"": 25.69145966435098, ""norm_years"": 15}, ""source"": ""ERA5 региона (медиана соседних полей)""}","сухая серия 17 дней подряд | соседние поля региона в эти дни чуть ниже нормы (медианный Z -0.5) | пик на уровне нормы (126%), но спад начался на 41 дней раньше обычного","AOI-0061, сезон 2025: умеренная аномалия с 2025-07-16 по 2025-08-20 (36 дней, 18 наблюдений), фаза — созревание и уборка. NDVI в худший день 2025-08-05: 0.17 при норме 0.42 (Z = -1.4). Вероятная причина — ранний спад вегетации (уборка, полегание, болезнь) (уверенность 60%). Аргументы: сухая серия 17 дней подряд; соседние поля региона в эти дни чуть ниже нормы (медианный Z -0.5); пик на уровне нормы (126%), но спад начался на 41 дней раньше обычного. Норма: история полигона."
AOI-0062,2013,2013-04-09,2013-05-10,32,4,-1.4799894456439946,-1.3036818240580832,0,-0.3757405848100852,-0.3394212413308616,2013-04-09,0.16946991323457417,0.5452104980446594,весна (всходы и рост),весна (всходы и рост),99,130,умеренная,crop_rotation,0.7,история полигона,ERA5 региона (медиана соседних полей),1,-0.20677606067678034,0.19298245614035087,"{""available"": true, ""before"": {""precip_mm"": 6.862320005484435, ""temp_c"": 12.517594644758466, ""dry_days"": 6, ""hot_days"": 0, ""max_dry_spell"": 4, ""n_days"": 30}, ""during"": {""precip_mm"": 14.643103790785261, ""temp_c"": 13.946136886732942, ""dry_days"": 28, ""hot_days"": 0, ""max_dry_spell"": 17, ""n_days"": 32, ""precip_deficit_pct"": 66.59139592839475, ""temp_anomaly_c"": 0.6667592842322421, ""precip_norm_mm"": 43.830337117349885, ""temp_norm_c"": 13.2793776025007, ""norm_years"": 15}, ""combined"": {""precip_mm"": 21.505423796269696, ""temp_c"": 13.660428438338048, ""dry_days"": 34, ""hot_days"": 0, ""max_dry_spell"": 17, ""n_days"": 62}, ""source"": ""ERA5 региона (медиана соседних полей)""}","другие поля региона в эти дни в норме (медианный Z -0.2, ниже нормы 19% из 57) — причина локальная, на самом поле | пик достигнут (105% нормы), но на 48 дней позже обычного: на поле яровая культура вместо привычной озимой, весеннее отставание — смена фазы, а не угнетение","AOI-0062, сезон 2013: умеренная аномалия с 2013-04-09 по 2013-05-10 (32 дней, 4 наблюдений), фаза — весна (всходы и рост). NDVI в худший день 2013-04-09: 0.17 при норме 0.55 (Z = -1.5). Вероятная причина — смена культуры: яровая вместо озимой, весеннее отставание — не угнетение (уверенность 70%). Аргументы: другие поля региона в эти дни в норме (медианный Z -0.2, ниже нормы 19% из 57) — причина локальная, на самом поле; пик достигнут (105% нормы), но на 48 дней позже обычного: на поле яровая культура вместо привычной озимой, весеннее отставание — смена фазы, а не угнетение. Норма: история полигона."
AOI-0062,2013,2013-06-01,2013-06-14,14,2,-1.6009442197290553,-1.343756772506685,0,-0.16206942722809342,-0.1462113298656905,2013-06-09,0.48535366726454415,0.644530030144652,пик вегетации,пик вегетации,152,165,умеренная,crop_rotation,0.7,история полигона,ERA5 региона (медиана соседних полей),0,-0.5712828107975597,0.32142857142857145,"{""available"": true, ""before"": {""precip_mm"": 17.892790645927192, ""temp_c"": 20.77232606252036, ""dry_days"": 24, ""hot_days"": 0, ""max_dry_spell"": 13, ""n_days"": 30, ""precip_deficit_pct"": 63.616990014384164, ""temp_anomaly_c"": 3.324811661430406, ""precip_norm_mm"": 49.17897296842999, ""temp_norm_c"": 17.447514401089954, ""norm_years"": 15}, ""during"": {""precip_mm"": 9.501900431093446, ""temp_c"": 22.94393671126596, ""dry_days"": 11, ""hot_days"": 2, ""max_dry_spell"": 7, ""n_days"": 14, ""precip_deficit_pct"": 32.3205539200043, ""temp_anomaly_c"": 0.678362342707608, ""precip_norm_mm"": 14.039565896952523, ""temp_norm_c"": 22.26557436855835, ""norm_years"": 15}, ""combined"": {""precip_mm"": 27.39469107702064, ""temp_c"": 21.463293087121233, ""dry_days"": 35, ""hot_days"": 2, ""max_dry_spell"": 13, ""n_days"": 44, ""precip_deficit_pct"": 56.66668105798068, ""temp_anomaly_c"": 2.4827596054731558, ""precip_norm_mm"": 63.2185388653825, ""temp_norm_c"": 18.980533481648077, ""norm_years"": 15}, ""source"": ""ERA5 региона (медиана соседних полей)""}","за 30 дней до и во время эпизода осадков 27 мм при норме 63 мм (дефицит 57 %) | за 30 дней до эпизода: осадков 18 мм при норме 49 мм | соседние поля региона в эти дни чуть ниже нормы (медианный Z -0.6) | пик достигнут (105% нормы), но на 48 дней позже обычного: на поле яровая культура вместо привычной озимой, весеннее отставание — смена фазы, а не угнетение","AOI-0062, сезон 2013: умеренная аномалия с 2013-06-01 по 2013-06-14 (14 дней, 2 наблюдений), фаза — пик вегетации. NDVI в худший день 2013-06-09: 0.49 при норме 0.64 (Z = -1.6). Вероятная причина — смена культуры: яровая вместо озимой, весеннее отставание — не угнетение (уверенность 70%). Аргументы: за 30 дней до и во время эпизода осадков 27 мм при норме 63 мм (дефицит 57 %); за 30 дней до эпизода: осадков 18 мм при норме 49 мм; соседние поля региона в эти дни чуть ниже нормы (медианный Z -0.6); пик достигнут (105% нормы), но на 48 дней позже обычного: на поле яровая культура вместо привычной озимой, весеннее отставание — смена фазы, а не угнетение. Норма: история полигона."
AOI-0062,2017,2017-04-02,2017-05-13,42,10,-1.5949009084984112,-1.3831686169622965,0,-0.38714591695589784,-0.3533827334295455,2017-04-08,0.18028382685093836,0.5674297438068362,весна (всходы и рост),весна (всходы и рост),92,133,умеренная,crop_rotation,0.7,история полигона,ERA5 региона (медиана соседних полей),0,0.1121785539236693,0.12280701754385964,"{""available"": true, ""before"": {""precip_mm"": 0.424012541770935, ""temp_c"": 4.821488316853845, ""dry_days"": 1, ""hot_days"": 0, ""max_dry_spell"": 1, ""n_days"": 30}, ""during"": {""precip_mm"": 64.8870987686912, ""temp_c"": 12.195512017365177, ""dry_days"": 30, ""hot_days"": 0, ""max_dry_spell"": 11, ""n_days"": 42, ""precip_deficit_pct"": -17.175251893508015, ""temp_anomaly_c"": -0.6665558649961643, ""precip_norm_mm"": 55.376112037431184, ""temp_norm_c"": 12.862067882361341, ""norm_years"": 15}, ""combined"": {""precip_mm"": 65.31111131046214, ""temp_c"": 12.02402309409747, ""dry_days"": 31, ""hot_days"": 0, ""max_dry_spell"": 11, ""n_days"": 72}, ""source"": ""ERA5 региона (медиана соседних полей)""}","другие поля региона в эти дни в норме (медианный Z 0.1, ниже нормы 12% из 57) — причина локальная, на самом поле | пик достигнут (129% нормы), но на 34 дней позже обычного: на поле яровая культура вместо привычной озимой, весеннее отставание — смена фазы, а не угнетение","AOI-0062, сезон 2017: умеренная аномалия с 2017-04-02 по 2017-05-13 (42 дней, 10 наблюдений), фаза — весна (всходы и рост). NDVI в худший день 2017-04-08: 0.18 при норме 0.57 (Z = -1.6). Вероятная причина — смена культуры: яровая вместо озимой, весеннее отставание — не угнетение (уверенность 70%). Аргументы: другие поля региона в эти дни в норме (медианный Z 0.1, ниже нормы 12% из 57) — причина локальная, на самом поле; пик достигнут (129% нормы), но на 34 дней позже обычного: на поле яровая культура вместо привычной озимой, весеннее отставание — смена фазы, а не угнетение. Норма: история полигона."
AOI-0062,2019,2019-04-02,2019-06-06,66,22,-1.861759003121456,-1.5106925554002701,0,-0.386445062828711,-0.3332670236883631,2019-05-27,0.372582847580398,0.6637851337320233,весна (всходы и рост),пик вегетации,92,157,умеренная,crop_rotation,0.7,история полигона,ERA5 региона (медиана соседних полей),1,0.5413414518636929,0.15789473684210525,"{""available"": true, ""before"": {""precip_mm"": 1.016226310582624, ""temp_c"": 7.785391743977868, ""dry_days"": 0, ""hot_days"": 0, ""max_dry_spell"": 0, ""n_days"": 30}, ""during"": {""precip_mm"": 84.0695459896103, ""temp_c"": 16.0396616056674, ""dry_days"": 47, ""hot_days"": 1, ""max_dry_spell"": 11, ""n_days"": 66, ""precip_deficit_pct"": 10.002714213905083, ""temp_anomaly_c"": 0.8512428980249336, ""precip_norm_mm"": 93.41342381083177, ""temp_norm_c"": 15.188418707642468, ""norm_years"": 15}, ""combined"": {""precip_mm"": 85.08577230019293, ""temp_c"": 15.916463548030245, ""dry_days"": 47, ""hot_days"": 1, ""max_dry_spell"": 11, ""n_days"": 96}, ""source"": ""ERA5 региона (медиана соседних полей)""}","другие поля региона в эти дни в норме (медианный Z 0.5, ниже нормы 16% из 57) — причина локальная, на самом поле | пик достигнут (111% нормы), но на 47 дней позже обычного: на поле яровая культура вместо привычной озимой, весеннее отставание — смена фазы, а не угнетение","AOI-0062, сезон 2019: умеренная аномалия с 2019-04-02 по 2019-06-06 (66 дней, 22 наблюдений), фаза — весна (всходы и рост). NDVI в худший день 2019-05-27: 0.37 при норме 0.66 (Z = -1.9). Вероятная причина — смена культуры: яровая вместо озимой, весеннее отставание — не угнетение (уверенность 70%). Аргументы: другие поля региона в эти дни в норме (медианный Z 0.5, ниже нормы 16% из 57) — причина локальная, на самом поле; пик достигнут (111% нормы), но на 47 дней позже обычного: на поле яровая культура вместо привычной озимой, весеннее отставание — смена фазы, а не угнетение. Норма: история полигона."
AOI-0062,2021,2021-04-01,2021-06-15,76,19,-3.1887939473783553,-1.9220903231290554,24,-0.4548306187516843,-0.3593890499593064,2021-06-05,0.3644505434492159,0.6619601050475368,весна (всходы и рост),пик вегетации,91,166,критическая,crop_rotation,0.7,история полигона,ERA5 региона (медиана соседних полей),2,-0.19125663776652924,0.21052631578947367,"{""available"": true, ""during"": {""precip_mm"": 188.77585298884046, ""temp_c"": 14.951834144023984, ""dry_days"": 43, ""hot_days"": 0, ""max_dry_spell"": 12, ""n_days"": 76, ""precip_deficit_pct"": -98.86546335710145, ""temp_anomaly_c"": -1.2178532679331227, ""precip_norm_mm"": 94.92641396955733, ""temp_norm_c"": 16.169687411957106, ""norm_years"": 15}, ""combined"": {""precip_mm"": 188.77585298884046, ""temp_c"": 14.951834144023989, ""dry_days"": 43, ""hot_days"": 0, ""max_dry_spell"": 12, ""n_days"": 106}, ""source"": ""ERA5 региона (медиана соседних полей)""}","другие поля региона в эти дни в норме (медианный Z -0.2, ниже нормы 21% из 57) — причина локальная, на самом поле | пик достигнут (111% нормы), но на 42 дней позже обычного: на поле яровая культура вместо привычной озимой, весеннее отставание — смена фазы, а не угнетение","AOI-0062, сезон 2021: критическая аномалия с 2021-04-01 по 2021-06-15 (76 дней, 19 наблюдений), фаза — весна (всходы и рост). NDVI в худший день 2021-06-05: 0.36 при норме 0.66 (Z = -3.2). Вероятная причина — смена культуры: яровая вместо озимой, весеннее отставание — не угнетение (уверенность 70%). Аргументы: другие поля региона в эти дни в норме (медианный Z -0.2, ниже нормы 21% из 57) — причина локальная, на самом поле; пик достигнут (111% нормы), но на 42 дней позже обычного: на поле яровая культура вместо привычной озимой, весеннее отставание — смена фазы, а не угнетение. Норма: история полигона."
AOI-0062,2023,2023-04-02,2023-05-18,47,10,-1.4585330579767652,-1.2978529383101798,0,-0.35832183371244664,-0.32952162481071817,2023-04-08,0.2071863045448261,0.5655081382572728,весна (всходы и рост),пик вегетации,92,138,умеренная,crop_rotation,0.7,история полигона,ERA5 региона (медиана соседних полей),3,0.5254067273055799,0.14035087719298245,"{""available"": true, ""before"": {""precip_mm"": 0.0008597733867077, ""temp_c"": 6.49642143249514, ""dry_days"": 1, ""hot_days"": 0, ""max_dry_spell"": 1, ""n_days"": 30}, ""during"": {""precip_mm"": 103.56677456588868, ""temp_c"": 12.337653814537193, ""dry_days"": 25, ""hot_days"": 0, ""max_dry_spell"": 8, ""n_days"": 47, ""precip_deficit_pct"": -65.58348231981826, ""temp_anomaly_c"": -1.0927499755815901, ""precip_norm_mm"": 62.54656147758347, ""temp_norm_c"": 13.430403790118783, ""norm_years"": 15}, ""combined"": {""precip_mm"": 103.56763433927537, ""temp_c"": 12.215961473244652, ""dry_days"": 26, ""hot_days"": 0, ""max_dry_spell"": 8, ""n_days"": 77}, ""source"": ""ERA5 региона (медиана соседних полей)""}","другие поля региона в эти дни в норме (медианный Z 0.5, ниже нормы 14% из 57) — причина локальная, на самом поле | пик достигнут (130% нормы), но на 28 дней позже обычного: на поле яровая культура вместо привычной озимой, весеннее отставание — смена фазы, а не угнетение","AOI-0062, сезон 2023: умеренная аномалия с 2023-04-02 по 2023-05-18 (47 дней, 10 наблюдений), фаза — весна (всходы и рост). NDVI в худший день 2023-04-08: 0.21 при норме 0.57 (Z = -1.5). Вероятная причина — смена культуры: яровая вместо озимой, весеннее отставание — не угнетение (уверенность 70%). Аргументы: другие поля региона в эти дни в норме (медианный Z 0.5, ниже нормы 14% из 57) — причина локальная, на самом поле; пик достигнут (130% нормы), но на 28 дней позже обычного: на поле яровая культура вместо привычной озимой, весеннее отставание — смена фазы, а не угнетение. Норма: история полигона."
AOI-0062,2024,2024-06-08,2024-08-04,58,21,-1.983352835288415,-1.2702641556122285,0,-0.2833656280224108,-0.24382352835050486,2024-06-16,0.3955563063635735,0.6090348675801392,пик вегетации,созревание и уборка,160,217,умеренная,weather_drought,0.75,история полигона,ERA5 региона (медиана соседних полей),0,-0.7919469068848564,0.38596491228070173,"{""available"": true, ""before"": {""precip_mm"": 10.797267609202521, ""temp_c"": 18.78269903394913, ""dry_days"": 26, ""hot_days"": 1, ""max_dry_spell"": 7, ""n_days"": 30, ""precip_deficit_pct"": 78.70369885519108, ""temp_anomaly_c"": -0.11054246644340893, ""precip_norm_mm"": 50.700201578593905, ""temp_norm_c"": 18.893241500392538, ""norm_years"": 15}, ""during"": {""precip_mm"": 23.532108746330085, ""temp_c"": 26.831795443976997, ""dry_days"": 52, ""hot_days"": 27, ""max_dry_spell"": 25, ""n_days"": 58, ""precip_deficit_pct"": 56.860015781411846, ""temp_anomaly_c"": 1.8100519708063807, ""precip_norm_mm"": 54.54825534264005, ""temp_norm_c"": 25.021743473170616, ""norm_years"": 15}, ""combined"": {""precip_mm"": 34.32937635553261, ""temp_c"": 24.087785304194767, ""dry_days"": 78, ""hot_days"": 28, ""max_dry_spell"": 25, ""n_days"": 88, ""precip_deficit_pct"": 67.38253713189914, ""temp_anomaly_c"": 1.1553038671984872, ""precip_norm_mm"": 105.24845692123397, ""temp_norm_c"": 22.93248143699628, ""norm_years"": 15}, ""source"": ""ERA5 региона (медиана соседних полей)""}","за 30 дней до и во время эпизода осадков 34 мм при норме 105 мм (дефицит 67 %) | температура выше нормы на 1.2 °C (24.1 против 22.9 °C), жарких дней 28 | сухая серия 25 дней подряд | за 30 дней до эпизода: осадков 11 мм при норме 51 мм | во время эпизода: осадков 24 мм при норме 55 мм | соседние поля региона в эти дни тоже ниже нормы (медианный Z -0.8, ниже нормы 39% из 57 полей) — явление региональное | пик на уровне нормы (138%), но спад начался на 53 дней раньше обычного","AOI-0062, сезон 2024: умеренная аномалия с 2024-06-08 по 2024-08-04 (58 дней, 21 наблюдений), фаза — пик вегетации. NDVI в худший день 2024-06-16: 0.40 при норме 0.61 (Z = -2.0). Вероятная причина — погодный стресс: дефицит осадков и/или жара (уверенность 75%). Аргументы: за 30 дней до и во время эпизода осадков 34 мм при норме 105 мм (дефицит 67 %); температура выше нормы на 1.2 °C (24.1 против 22.9 °C), жарких дней 28; сухая серия 25 дней подряд; за 30 дней до эпизода: осадков 11 мм при норме 51 мм; во время эпизода: осадков 24 мм при норме 55 мм; соседние поля региона в эти дни тоже ниже нормы (медианный Z -0.8, ниже нормы 39% из 57 полей) — явление региональное; пик на уровне нормы (138%), но спад начался на 53 дней раньше обычного. Норма: история полигона."
AOI-0062,2024,2024-08-30,2024-10-05,37,10,-1.5579111543056279,-1.28421949760753,0,-0.0749913472112643,-0.06226435922595862,2024-09-08,0.1319502842783894,0.19426673045061452,лето после уборки,осень (озимые всходы),243,279,умеренная,weather_drought,0.75,история полигона,ERA5 региона (медиана соседних полей),0,-0.6874638705467095,0.21052631578947367,"{""available"": true, ""before"": {""precip_mm"": 4.723192519332523, ""temp_c"": 25.744875313087768, ""dry_days"": 28, ""hot_days"": 10, ""max_dry_spell"": 23, ""n_days"": 30, ""precip_deficit_pct"": 65.2106561330414, ""temp_anomaly_c"": -0.19072050935811546, ""precip_norm_mm"": 13.576549581949445, ""temp_norm_c"": 25.935595822445883, ""norm_years"": 15}, ""during"": {""precip_mm"": 2.169489900731964, ""temp_c"": 21.237424771420613, ""dry_days"": 37, ""hot_days"": 1, ""max_dry_spell"": 37, ""n_days"": 37, ""precip_deficit_pct"": 93.44926338061951, ""temp_anomaly_c"": 2.91168490338163, ""precip_norm_mm"": 33.11825870564665, ""temp_norm_c"": 18.325739868038983, ""norm_years"": 15}, ""combined"": {""precip_mm"": 6.892682420064487, ""temp_c"": 23.255686207988, ""dry_days"": 65, ""hot_days"": 11, ""max_dry_spell"": 60, ""n_days"": 67, ""precip_deficit_pct"": 85.23886771820102, ""temp_anomaly_c"": 1.522548151408614, ""precip_norm_mm"": 46.69480828759609, ""temp_norm_c"": 21.733138056579385, ""norm_years"": 15}, ""source"": ""ERA5 региона (медиана соседних полей)""}","за 30 дней до и во время эпизода осадков 7 мм при норме 47 мм (дефицит 85 %) | температура выше нормы на 1.5 °C (23.3 против 21.7 °C), жарких дней 11 | сухая серия 60 дней подряд | за 30 дней до эпизода: осадков 5 мм при норме 14 мм | во время эпизода: осадков 2 мм при норме 33 мм | соседние поля региона в эти дни чуть ниже нормы (медианный Z -0.7) | пик на уровне нормы (138%), но спад начался на 53 дней раньше обычного","AOI-0062, сезон 2024: умеренная аномалия с 2024-08-30 по 2024-10-05 (37 дней, 10 наблюдений), фаза — лето после уборки. NDVI в худший день 2024-09-08: 0.13 при норме 0.19 (Z = -1.6). Вероятная причина — погодный стресс: дефицит осадков и/или жара (уверенность 75%). Аргументы: за 30 дней до и во время эпизода осадков 7 мм при норме 47 мм (дефицит 85 %); температура выше нормы на 1.5 °C (23.3 против 21.7 °C), жарких дней 11; сухая серия 60 дней подряд; за 30 дней до эпизода: осадков 5 мм при норме 14 мм; во время эпизода: осадков 2 мм при норме 33 мм; соседние поля региона в эти дни чуть ниже нормы (медианный Z -0.7); пик на уровне нормы (138%), но спад начался на 53 дней раньше обычного. Норма: история полигона."
AOI-0062,2025,2025-04-02,2025-05-31,60,13,-1.610814943230897,-1.3146240825084066,0,-0.3650415265944871,-0.30774456189492644,2025-05-17,0.29494934862931993,0.6391257733211321,весна (всходы и рост),пик вегетации,92,151,умеренная,crop_rotation,0.7,история полигона,ERA5 региона (медиана соседних полей),2,0.22273210533776006,0.22077922077922077,"{""available"": true, ""before"": {""precip_mm"": 0.0150293111573773, ""temp_c"": 12.16284840901693, ""dry_days"": 1, ""hot_days"": 0, ""max_dry_spell"": 1, ""n_days"": 30}, ""during"": {""precip_mm"": 71.11761991420119, ""temp_c"": 14.400116432734924, ""dry_days"": 45, ""hot_days"": 0, ""max_dry_spell"": 11, ""n_days"": 60, ""precip_deficit_pct"": 17.559732042651245, ""temp_anomaly_c"": -0.24761723194873042, ""precip_norm_mm"": 86.2656341085579, ""temp_norm_c"": 14.647733664683654, ""norm_years"": 15}, ""combined"": {""precip_mm"": 71.13264922535856, ""temp_c"": 14.363439907755938, ""dry_days"": 46, ""hot_days"": 0, ""max_dry_spell"": 11, ""n_days"": 90}, ""source"": ""ERA5 региона (медиана соседних полей)""}","другие поля региона в эти дни в норме (медианный Z 0.2, ниже нормы 22% из 77) — причина локальная, на самом поле | пик достигнут (121% нормы), но на 32 дней позже обычного: на поле яровая культура вместо привычной озимой, весеннее отставание — смена фазы, а не угнетение","AOI-0062, сезон 2025: умеренная аномалия с 2025-04-02 по 2025-05-31 (60 дней, 13 наблюдений), фаза — весна (всходы и рост). NDVI в худший день 2025-05-17: 0.29 при норме 0.64 (Z = -1.6). Вероятная причина — смена культуры: яровая вместо озимой, весеннее отставание — не угнетение (уверенность 70%). Аргументы: другие поля региона в эти дни в норме (медианный Z 0.2, ниже нормы 22% из 77) — причина локальная, на самом поле; пик достигнут (121% нормы), но на 32 дней позже обычного: на поле яровая культура вместо привычной озимой, весеннее отставание — смена фазы, а не угнетение. Норма: история полигона."
AOI-0063,2010,2010-06-03,2010-06-17,15,2,-1.609069162159587,-1.4121040806062564,0,-0.11298366815051863,-0.106874328953128,2010-06-10,0.5598744776242387,0.6728581457747573,пик вегетации,пик вегетации,154,168,умеренная,weak_season,0.45,история полигона,ERA5 полигона,0,-0.08084528891809542,0.19298245614035087,"{""available"": true, ""before"": {""precip_mm"": 83.70882341569086, ""temp_c"": 18.349872080485056, ""dry_days"": 17, ""hot_days"": 0, ""max_dry_spell"": 4, ""n_days"": 30, ""precip_deficit_pct"": -3.016404358090763, ""temp_anomaly_c"": 0.7093788048073151, ""precip_norm_mm"": 81.25776077828762, ""temp_norm_c"": 17.64049327567774, ""norm_years"": 15}, ""during"": {""precip_mm"": 19.60598204601638, ""temp_c"": 25.024708090888158, ""dry_days"": 10, ""hot_days"": 4, ""max_dry_spell"": 6, ""n_days"": 15, ""precip_deficit_pct"": 22.29275703832061, ""temp_anomaly_c"": 2.969820227446384, ""precip_norm_mm"": 25.230572207644645, ""temp_norm_c"": 22.054887863441774, ""norm_years"": 15}, ""combined"": {""precip_mm"": 103.31480546170724, ""temp_c"": 20.57481741728609, ""dry_days"": 27, ""hot_days"": 4, ""max_dry_spell"": 7, ""n_days"": 45, ""precip_deficit_pct"": 2.980164526234308, ""temp_anomaly_c"": 1.4628592790203392, ""precip_norm_mm"": 106.48833298593226, ""temp_norm_c"": 19.111958138265752, ""norm_years"": 15}, ""source"": ""ERA5 полигона""}","другие поля региона в эти дни в норме (медианный Z -0.1, ниже нормы 19% из 57) — причина локальная, на самом поле | погодного сигнала нет; вероятны агротехнические причины","AOI-0063, сезон 2010: умеренная аномалия с 2010-06-03 по 2010-06-17 (15 дней, 2 наблюдений), фаза — пик вегетации. NDVI в худший день 2010-06-10: 0.56 при норме 0.67 (Z = -1.6). Вероятная причина — ослабленный сезон без явной погодной причины (уверенность 45%). Аргументы: другие поля региона в эти дни в норме (медианный Z -0.1, ниже нормы 19% из 57) — причина локальная, на самом поле; погодного сигнала нет; вероятны агротехнические причины. Норма: история полигона."
AOI-0063,2011,2011-05-23,2011-06-15,24,4,-2.321239663130937,-1.6615822053900864,8,-0.15683239268105642,-0.14400286121636566,2011-06-07,0.5367593300802772,0.6884423112653116,пик вегетации,пик вегетации,143,166,критическая,crop_rotation,0.7,история полигона,ERA5 полигона,0,0.17723124813755634,0.14035087719298245,"{""available"": true, ""before"": {""precip_mm"": 94.59714954368081, ""temp_c"": 13.68335227966311, ""dry_days"": 13, ""hot_days"": 0, ""max_dry_spell"": 5, ""n_days"": 30, ""precip_deficit_pct"": -53.76697262330521, ""temp_anomaly_c"": -2.2383906590497045, ""precip_norm_mm"": 61.51981009304432, ""temp_norm_c"": 15.921742938712814, ""norm_years"": 15}, ""during"": {""precip_mm"": 41.56446781907519, ""temp_c"": 20.052284892400127, ""dry_days"": 19, ""hot_days"": 0, ""max_dry_spell"": 9, ""n_days"": 24, ""precip_deficit_pct"": 17.206063338819668, ""temp_anomaly_c"": -1.0117519590589765, ""precip_norm_mm"": 50.20230888304114, ""temp_norm_c"": 21.064036851459104, ""norm_years"": 15}, ""combined"": {""precip_mm"": 136.161617362756, ""temp_c"": 16.513988996435117, ""dry_days"": 32, ""hot_days"": 0, ""max_dry_spell"": 9, ""n_days"": 54, ""precip_deficit_pct"": -21.875254972474913, ""temp_anomaly_c"": -1.6932179034982688, ""precip_norm_mm"": 111.72211897608551, ""temp_norm_c"": 18.207206899933386, ""norm_years"": 15}, ""source"": ""ERA5 полигона""}","другие поля региона в эти дни в норме (медианный Z 0.2, ниже нормы 14% из 57) — причина локальная, на самом поле | пик достигнут (101% нормы), но на 61 дней позже обычного: на поле яровая культура вместо привычной озимой, весеннее отставание — смена фазы, а не угнетение","AOI-0063, сезон 2011: критическая аномалия с 2011-05-23 по 2011-06-15 (24 дней, 4 наблюдений), фаза — пик вегетации. NDVI в худший день 2011-06-07: 0.54 при норме 0.69 (Z = -2.3). Вероятная причина — смена культуры: яровая вместо озимой, весеннее отставание — не угнетение (уверенность 70%). Аргументы: другие поля региона в эти дни в норме (медианный Z 0.2, ниже нормы 14% из 57) — причина локальная, на самом поле; пик достигнут (101% нормы), но на 61 дней позже обычного: на поле яровая культура вместо привычной озимой, весеннее отставание — смена фазы, а не угнетение. Норма: история полигона."
AOI-0063,2015,2015-04-06,2015-05-25,50,7,-1.4630166833496216,-1.2663084480858304,0,-0.38538793486814593,-0.27385229929798294,2015-05-11,0.3780222926585306,0.6554593226999487,весна (всходы и рост),пик вегетации,96,145,умеренная,late_start,0.6,история полигона,ERA5 полигона,4,-0.6221943533390644,0.3157894736842105,"{""available"": true, ""before"": {""precip_mm"": 21.582969076234804, ""temp_c"": 6.600900904337584, ""dry_days"": 0, ""hot_days"": 0, ""max_dry_spell"": 0, ""n_days"": 30}, ""during"": {""precip_mm"": 99.3985755939839, ""temp_c"": 13.476423136393251, ""dry_days"": 34, ""hot_days"": 0, ""max_dry_spell"": 12, ""n_days"": 50, ""precip_deficit_pct"": 6.011669800816611, ""temp_anomaly_c"": -0.9782917650010852, ""precip_norm_mm"": 105.75629483291695, ""temp_norm_c"": 14.454714901394336, ""norm_years"": 15}, ""combined"": {""precip_mm"": 120.98154467021871, ""temp_c"": 12.851375660751827, ""dry_days"": 34, ""hot_days"": 0, ""max_dry_spell"": 12, ""n_days"": 80}, ""source"": ""ERA5 полигона""}","соседние поля региона в эти дни чуть ниже нормы (медианный Z -0.6) | рост начался на 21 дней позже нормы, но пик достигнут (105% нормы)","AOI-0063, сезон 2015: умеренная аномалия с 2015-04-06 по 2015-05-25 (50 дней, 7 наблюдений), фаза — весна (всходы и рост). NDVI в худший день 2015-05-11: 0.38 при норме 0.66 (Z = -1.5). Вероятная причина — запаздывание всходов и роста (уверенность 60%). Аргументы: соседние поля региона в эти дни чуть ниже нормы (медианный Z -0.6); рост начался на 21 дней позже нормы, но пик достигнут (105% нормы). Норма: история полигона."
AOI-0063,2018,2018-04-01,2018-06-11,72,15,-1.8470703571968798,-1.2704392817097672,0,-0.36006221424998985,-0.22910267789282748,2018-06-05,0.5593285179563171,0.6917550382058067,весна (всходы и рост),пик вегетации,91,162,умеренная,weak_season,0.45,история полигона,ERA5 полигона,2,-0.2572542396112347,0.2631578947368421,"{""available"": true, ""during"": {""precip_mm"": 70.026747938563, ""temp_c"": 16.53983772948938, ""dry_days"": 58, ""hot_days"": 0, ""max_dry_spell"": 17, ""n_days"": 72, ""precip_deficit_pct"": 54.16587472302494, ""temp_anomaly_c"": 1.0306725463749409, ""precip_norm_mm"": 152.78299196372183, ""temp_norm_c"": 15.50916518311444, ""norm_years"": 15}, ""combined"": {""precip_mm"": 70.026747938563, ""temp_c"": 16.539837729489378, ""dry_days"": 58, ""hot_days"": 0, ""max_dry_spell"": 17, ""n_days"": 102}, ""source"": ""ERA5 полигона""}","другие поля региона в эти дни в норме (медианный Z -0.3, ниже нормы 26% из 57) — причина локальная, на самом поле | погодного сигнала нет; вероятны агротехнические причины","AOI-0063, сезон 2018: умеренная аномалия с 2018-04-01 по 2018-06-11 (72 дней, 15 наблюдений), фаза — весна (всходы и рост). NDVI в худший день 2018-06-05: 0.56 при норме 0.69 (Z = -1.8). Вероятная причина — ослабленный сезон без явной погодной причины (уверенность 45%). Аргументы: другие поля региона в эти дни в норме (медианный Z -0.3, ниже нормы 26% из 57) — причина локальная, на самом поле; погодного сигнала нет; вероятны агротехнические причины. Норма: история полигона."
AOI-0063,2020,2020-04-03,2020-06-01,60,21,-1.6171608495531768,-1.3106118624302534,0,-0.36339515372166054,-0.2590831004649368,2020-05-21,0.44275027527743815,0.6815125924442775,весна (всходы и рост),пик вегетации,94,153,умеренная,weak_season,0.45,история полигона,ERA5 полигона,2,-0.1390336262732506,0.21052631578947367,"{""available"": true, ""before"": {""precip_mm"": 0.008466839688026001, ""temp_c"": 5.680881436665885, ""dry_days"": 2, ""hot_days"": 0, ""max_dry_spell"": 2, ""n_days"": 30}, ""during"": {""precip_mm"": 105.21775151706692, ""temp_c"": 13.644662221272808, ""dry_days"": 46, ""hot_days"": 0, ""max_dry_spell"": 11, ""n_days"": 60, ""precip_deficit_pct"": 20.692342041375746, ""temp_anomaly_c"": -1.2127350355077677, ""precip_norm_mm"": 132.67035520322673, ""temp_norm_c"": 14.857397256780576, ""norm_years"": 15}, ""combined"": {""precip_mm"": 105.22621835675494, ""temp_c"": 13.38776606693065, ""dry_days"": 48, ""hot_days"": 0, ""max_dry_spell"": 11, ""n_days"": 90}, ""source"": ""ERA5 полигона""}","другие поля региона в эти дни в норме (медианный Z -0.1, ниже нормы 21% из 57) — причина локальная, на самом поле | погодного сигнала нет; вероятны агротехнические причины","AOI-0063, сезон 2020: умеренная аномалия с 2020-04-03 по 2020-06-01 (60 дней, 21 наблюдений), фаза — весна (всходы и рост). NDVI в худший день 2020-05-21: 0.44 при норме 0.68 (Z = -1.6). Вероятная причина — ослабленный сезон без явной погодной причины (уверенность 45%). Аргументы: другие поля региона в эти дни в норме (медианный Z -0.1, ниже нормы 21% из 57) — причина локальная, на самом поле; погодного сигнала нет; вероятны агротехнические причины. Норма: история полигона."
AOI-0063,2022,2022-04-01,2022-04-21,21,3,-2.1246094829277906,-1.3757447874091115,1,-0.37143594690459314,-0.3093544559129199,2022-04-01,0.15753449853614102,0.4661433190326467,весна (всходы и рост),весна (всходы и рост),91,111,умеренная,early_decline,0.6,история полигона,ERA5 полигона,1,0.2075340968304711,0.12280701754385964,"{""available"": true, ""during"": {""precip_mm"": 40.272583111590876, ""temp_c"": 11.749494322519478, ""dry_days"": 13, ""hot_days"": 0, ""max_dry_spell"": 4, ""n_days"": 21, ""precip_deficit_pct"": -0.6001016192376252, ""temp_anomaly_c"": 1.0006343054392985, ""precip_norm_mm"": 40.03234834097782, ""temp_norm_c"": 10.74886001708018, ""norm_years"": 15}, ""combined"": {""precip_mm"": 40.272583111590876, ""temp_c"": 11.749494322519478, ""dry_days"": 13, ""hot_days"": 0, ""max_dry_spell"": 4, ""n_days"": 51}, ""source"": ""ERA5 полигона""}","другие поля региона в эти дни в норме (медианный Z 0.2, ниже нормы 12% из 57) — причина локальная, на самом поле | пик на уровне нормы (113%), но спад начался на 18 дней раньше обычного","AOI-0063, сезон 2022: умеренная аномалия с 2022-04-01 по 2022-04-21 (21 дней, 3 наблюдений), фаза — весна (всходы и рост). NDVI в худший день 2022-04-01: 0.16 при норме 0.47 (Z = -2.1). Вероятная причина — ранний спад вегетации (уборка, полегание, болезнь) (уверенность 60%). Аргументы: другие поля региона в эти дни в норме (медианный Z 0.2, ниже нормы 12% из 57) — причина локальная, на самом поле; пик на уровне нормы (113%), но спад начался на 18 дней раньше обычного. Норма: история полигона."
AOI-0063,2024,2024-06-09,2024-09-10,94,35,-2.002397399838474,-1.434015684805947,1,-0.29226376810512233,-0.1913649929126605,2024-06-19,0.3808802209502484,0.591597985809406,пик вегетации,лето после уборки,161,254,умеренная,weather_drought,0.75,история полигона,ERA5 полигона,3,-0.7555070594653042,0.3333333333333333,"{""available"": true, ""before"": {""precip_mm"": 32.07508606554654, ""temp_c"": 18.874384901258704, ""dry_days"": 22, ""hot_days"": 1, ""max_dry_spell"": 8, ""n_days"": 30, ""precip_deficit_pct"": 57.969902418548536, ""temp_anomaly_c"": 0.1018212608054867, ""precip_norm_mm"": 76.31456482675827, ""temp_norm_c"": 18.772563640453217, ""norm_years"": 15}, ""during"": {""precip_mm"": 60.78416868996683, ""temp_c"": 26.23051459129823, ""dry_days"": 79, ""hot_days"": 32, ""max_dry_spell"": 16, ""n_days"": 94, ""precip_deficit_pct"": 55.00945675590505, ""temp_anomaly_c"": 1.553425977359712, ""precip_norm_mm"": 135.10432261327455, ""temp_norm_c"": 24.67708861393852, ""norm_years"": 15}, ""combined"": {""precip_mm"": 92.85925475551338, ""temp_c"": 24.450805795320925, ""dry_days"": 101, ""hot_days"": 33, ""max_dry_spell"": 16, ""n_days"": 124, ""precip_deficit_pct"": 56.07807046953073, ""temp_anomaly_c"": 1.2022312878707808, ""precip_norm_mm"": 211.41888744003282, ""temp_norm_c"": 23.248574507450144, ""norm_years"": 15}, ""source"": ""ERA5 полигона""}","за 30 дней до и во время эпизода осадков 93 мм при норме 211 мм (дефицит 56 %) | температура выше нормы на 1.2 °C (24.5 против 23.2 °C), жарких дней 33 | сухая серия 16 дней подряд | за 30 дней до эпизода: осадков 32 мм при норме 76 мм | во время эпизода: осадков 61 мм при норме 135 мм | соседние поля региона в эти дни тоже ниже нормы (медианный Z -0.8, ниже нормы 33% из 57 полей) — явление региональное | пик на уровне нормы (130%), но спад начался на 31 дней раньше обычного","AOI-0063, сезон 2024: умеренная аномалия с 2024-06-09 по 2024-09-10 (94 дней, 35 наблюдений), фаза — пик вегетации. NDVI в худший день 2024-06-19: 0.38 при норме 0.59 (Z = -2.0). Вероятная причина — погодный стресс: дефицит осадков и/или жара (уверенность 75%). Аргументы: за 30 дней до и во время эпизода осадков 93 мм при норме 211 мм (дефицит 56 %); температура выше нормы на 1.2 °C (24.5 против 23.2 °C), жарких дней 33; сухая серия 16 дней подряд; за 30 дней до эпизода: осадков 32 мм при норме 76 мм; во время эпизода: осадков 61 мм при норме 135 мм; соседние поля региона в эти дни тоже ниже нормы (медианный Z -0.8, ниже нормы 33% из 57 полей) — явление региональное; пик на уровне нормы (130%), но спад начался на 31 дней раньше обычного. Норма: история полигона."
AOI-0063,2025,2025-04-08,2025-06-02,56,11,-2.2766818061769247,-1.7125058027798903,21,-0.38300343072147486,-0.319361137295906,2025-05-19,0.34226513364994643,0.6862238773779205,весна (всходы и рост),пик вегетации,98,153,критическая,crop_rotation,0.7,история полигона,ERA5 полигона,1,0.1905753654959351,0.22077922077922077,"{""available"": true, ""before"": {""precip_mm"": 33.41186523039141, ""temp_c"": 12.968070602417024, ""dry_days"": 2, ""hot_days"": 0, ""max_dry_spell"": 2, ""n_days"": 30}, ""during"": {""precip_mm"": 127.32071196196237, ""temp_c"": 14.049449891135827, ""dry_days"": 34, ""hot_days"": 0, ""max_dry_spell"": 10, ""n_days"": 56, ""precip_deficit_pct"": -0.9799644602564328, ""temp_anomaly_c"": -1.3685994216374002, ""precip_norm_mm"": 126.08512257109487, ""temp_norm_c"": 15.418049312773228, ""norm_years"": 15}, ""combined"": {""precip_mm"": 160.7325771923538, ""temp_c"": 13.929296636833742, ""dry_days"": 36, ""hot_days"": 0, ""max_dry_spell"": 10, ""n_days"": 86}, ""source"": ""ERA5 полигона""}","другие поля региона в эти дни в норме (медианный Z 0.2, ниже нормы 22% из 77) — причина локальная, на самом поле | пик достигнут (110% нормы), но на 37 дней позже обычного: на поле яровая культура вместо привычной озимой, весеннее отставание — смена фазы, а не угнетение","AOI-0063, сезон 2025: критическая аномалия с 2025-04-08 по 2025-06-02 (56 дней, 11 наблюдений), фаза — весна (всходы и рост). NDVI в худший день 2025-05-19: 0.34 при норме 0.69 (Z = -2.3). Вероятная причина — смена культуры: яровая вместо озимой, весеннее отставание — не угнетение (уверенность 70%). Аргументы: другие поля региона в эти дни в норме (медианный Z 0.2, ниже нормы 22% из 77) — причина локальная, на самом поле; пик достигнут (110% нормы), но на 37 дней позже обычного: на поле яровая культура вместо привычной озимой, весеннее отставание — смена фазы, а не угнетение. Норма: история полигона."
AOI-0064,2010,2010-05-07,2010-06-08,33,2,-1.8659633983556936,-1.5013416368051187,0,-0.28651110291378756,-0.23717388175032464,2010-05-27,0.38557260181623343,0.6635020256001917,весна (всходы и рост),пик вегетации,127,159,умеренная,data_suspect,0.4,история полигона,ERA5 полигона,2,-0.21477378469685568,0.21052631578947367,"{""available"": true, ""before"": {""precip_mm"": 33.692234628915685, ""temp_c"": 11.243713230556937, ""dry_days"": 24, ""hot_days"": 0, ""max_dry_spell"": 15, ""n_days"": 30, ""precip_deficit_pct"": 36.227472245881906, ""temp_anomaly_c"": -1.7601028908623597, ""precip_norm_mm"": 52.83189457193818, ""temp_norm_c"": 13.003816121419296, ""norm_years"": 15}, ""during"": {""precip_mm"": 88.13878035656586, ""temp_c"": 19.446935464878305, ""dry_days"": 18, ""hot_days"": 0, ""max_dry_spell"": 7, ""n_days"": 33, ""precip_deficit_pct"": -16.970723936264843, ""temp_anomaly_c"": 0.9574499117405004, ""precip_norm_mm"": 75.35114547516268, ""temp_norm_c"": 18.489485553137804, ""norm_years"": 15}, ""combined"": {""precip_mm"": 121.83101498548154, ""temp_c"": 15.540639162820508, ""dry_days"": 42, ""hot_days"": 0, ""max_dry_spell"": 17, ""n_days"": 63, ""precip_deficit_pct"": 4.955433307936286, ""temp_anomaly_c"": -0.3366228514037193, ""precip_norm_mm"": 128.1830400471009, ""temp_norm_c"": 15.877262014224227, ""norm_years"": 15}, ""source"": ""ERA5 полигона""}","сухая серия 17 дней подряд | другие поля региона в эти дни в норме (медианный Z -0.2, ниже нормы 21% из 57) — причина локальная, на самом поле | внутри эпизода всего 2 наблюдений, рядом 2 артефактов","AOI-0064, сезон 2010: умеренная аномалия с 2010-05-07 по 2010-06-08 (33 дней, 2 наблюдений), фаза — весна (всходы и рост). NDVI в худший день 2010-05-27: 0.39 при норме 0.66 (Z = -1.9). Вероятная причина — вероятная ошибка данных (мало наблюдений, артефакты рядом) (уверенность 40%). Аргументы: сухая серия 17 дней подряд; другие поля региона в эти дни в норме (медианный Z -0.2, ниже нормы 21% из 57) — причина локальная, на самом поле; внутри эпизода всего 2 наблюдений, рядом 2 артефактов. Норма: история полигона."
AOI-0064,2013,2013-06-04,2013-08-14,72,12,-3.1650625598595834,-1.5614618202734678,19,-0.3161932221783559,-0.20743525196123594,2013-06-17,0.27372154520538877,0.5796909519408312,пик вегетации,лето после уборки,155,226,критическая,early_decline,0.6,история полигона,ERA5 полигона,1,-0.26140563984388887,0.14035087719298245,"{""available"": true, ""before"": {""precip_mm"": 49.547517352603876, ""temp_c"": 20.153789732191324, ""dry_days"": 22, ""hot_days"": 0, ""max_dry_spell"": 8, ""n_days"": 30, ""precip_deficit_pct"": 36.03118337900708, ""temp_anomaly_c"": 2.382478858100047, ""precip_norm_mm"": 77.45573541897234, ""temp_norm_c"": 17.771310874091277, ""norm_years"": 15}, ""during"": {""precip_mm"": 141.79304164443352, ""temp_c"": 23.681210348341224, ""dry_days"": 53, ""hot_days"": 8, ""max_dry_spell"": 15, ""n_days"": 72, ""precip_deficit_pct"": -54.30015245203774, ""temp_anomaly_c"": -1.4943068516107232, ""precip_norm_mm"": 91.89429782871284, ""temp_norm_c"": 25.175517199951948, ""norm_years"": 15}, ""combined"": {""precip_mm"": 191.3405589970374, ""temp_c"": 22.643733696532436, ""dry_days"": 75, ""hot_days"": 8, ""max_dry_spell"": 15, ""n_days"": 102, ""precip_deficit_pct"": -12.985250328938358, ""temp_anomaly_c"": -0.35407576051931855, ""precip_norm_mm"": 169.35003324768513, ""temp_norm_c"": 22.997809457051755, ""norm_years"": 15}, ""source"": ""ERA5 полигона""}","сухая серия 15 дней подряд | другие поля региона в эти дни в норме (медианный Z -0.3, ниже нормы 14% из 57) — причина локальная, на самом поле | пик на уровне нормы (119%), но спад начался на 39 дней раньше обычного","AOI-0064, сезон 2013: критическая аномалия с 2013-06-04 по 2013-08-14 (72 дней, 12 наблюдений), фаза — пик вегетации. NDVI в худший день 2013-06-17: 0.27 при норме 0.58 (Z = -3.2). Вероятная причина — ранний спад вегетации (уборка, полегание, болезнь) (уверенность 60%). Аргументы: сухая серия 15 дней подряд; другие поля региона в эти дни в норме (медианный Z -0.3, ниже нормы 14% из 57) — причина локальная, на самом поле; пик на уровне нормы (119%), но спад начался на 39 дней раньше обычного. Норма: история полигона."
AOI-0064,2015,2015-04-23,2015-06-11,50,8,-2.0645836466000036,-1.8498410379284087,10,-0.3530330113937678,-0.3016351009656053,2015-05-21,0.3258614150573503,0.6534124976918368,весна (всходы и рост),пик вегетации,113,162,критическая,crop_rotation,0.7,история полигона,ERA5 полигона,3,-0.35021825721250777,0.2631578947368421,"{""available"": true, ""before"": {""precip_mm"": 62.77858182386353, ""temp_c"": 8.520991926482258, ""dry_days"": 9, ""hot_days"": 0, ""max_dry_spell"": 4, ""n_days"": 30}, ""during"": {""precip_mm"": 88.47890471365005, ""temp_c"": 17.821878878275573, ""dry_days"": 37, ""hot_days"": 0, ""max_dry_spell"": 12, ""n_days"": 50, ""precip_deficit_pct"": 11.95430869048847, ""temp_anomaly_c"": 0.09959233729044215, ""precip_norm_mm"": 100.49203248642301, ""temp_norm_c"": 17.72228654098513, ""norm_years"": 15}, ""combined"": {""precip_mm"": 151.25748653751359, ""temp_c"": 14.979941198560953, ""dry_days"": 46, ""hot_days"": 0, ""max_dry_spell"": 12, ""n_days"": 80, ""precip_deficit_pct"": -8.964712591403634, ""temp_anomaly_c"": -0.6641371117697794, ""precip_norm_mm"": 138.8132753625475, ""temp_norm_c"": 15.644078310330732, ""norm_years"": 15}, ""source"": ""ERA5 полигона""}","соседние поля региона в эти дни чуть ниже нормы (медианный Z -0.4) | пик достигнут (99% нормы), но на 52 дней позже обычного: на поле яровая культура вместо привычной озимой, весеннее отставание — смена фазы, а не угнетение","AOI-0064, сезон 2015: критическая аномалия с 2015-04-23 по 2015-06-11 (50 дней, 8 наблюдений), фаза — весна (всходы и рост). NDVI в худший день 2015-05-21: 0.33 при норме 0.65 (Z = -2.1). Вероятная причина — смена культуры: яровая вместо озимой, весеннее отставание — не угнетение (уверенность 70%). Аргументы: соседние поля региона в эти дни чуть ниже нормы (медианный Z -0.4); пик достигнут (99% нормы), но на 52 дней позже обычного: на поле яровая культура вместо привычной озимой, весеннее отставание — смена фазы, а не угнетение. Норма: история полигона."
AOI-0064,2017,2017-07-10,2017-08-31,53,16,-1.4619362022012576,-1.2172567566865649,0,-0.2155688653603593,-0.1390573718251466,2017-08-13,0.14736282696838682,0.26261695970107235,созревание и уборка,лето после уборки,191,243,умеренная,early_decline,0.6,история полигона,ERA5 полигона,0,-0.13929237926889146,0.07017543859649122,"{""available"": true, ""before"": {""precip_mm"": 43.93586004194816, ""temp_c"": 22.31134982638891, ""dry_days"": 22, ""hot_days"": 4, ""max_dry_spell"": 10, ""n_days"": 30, ""precip_deficit_pct"": 14.199837372126034, ""temp_anomaly_c"": -1.8309860589769151, ""precip_norm_mm"": 51.207199026537374, ""temp_norm_c"": 24.142335885365824, ""norm_years"": 15}, ""during"": {""precip_mm"": 64.29991516339939, ""temp_c"": 26.785945330925728, ""dry_days"": 45, ""hot_days"": 26, ""max_dry_spell"": 24, ""n_days"": 53, ""precip_deficit_pct"": -20.11929613287493, ""temp_anomaly_c"": 0.7719700383440262, ""precip_norm_mm"": 53.530046573259455, ""temp_norm_c"": 26.0139752925817, ""norm_years"": 15}, ""combined"": {""precip_mm"": 108.23577520534755, ""temp_c"": 25.16862165458712, ""dry_days"": 67, ""hot_days"": 30, ""max_dry_spell"": 24, ""n_days"": 83, ""precip_deficit_pct"": -3.340291780174054, ""temp_anomaly_c"": -0.16885746671172797, ""precip_norm_mm"": 104.73724559979682, ""temp_norm_c"": 25.33747912129885, ""norm_years"": 15}, ""source"": ""ERA5 полигона""}","сухая серия 24 дней подряд | другие поля региона в эти дни в норме (медианный Z -0.1, ниже нормы 7% из 57) — причина локальная, на самом поле | пик на уровне нормы (134%), но спад начался на 21 дней раньше обычного","AOI-0064, сезон 2017: умеренная аномалия с 2017-07-10 по 2017-08-31 (53 дней, 16 наблюдений), фаза — созревание и уборка. NDVI в худший день 2017-08-13: 0.15 при норме 0.26 (Z = -1.5). Вероятная причина — ранний спад вегетации (уборка, полегание, болезнь) (уверенность 60%). Аргументы: сухая серия 24 дней подряд; другие поля региона в эти дни в норме (медианный Z -0.1, ниже нормы 7% из 57) — причина локальная, на самом поле; пик на уровне нормы (134%), но спад начался на 21 дней раньше обычного. Норма: история полигона."
AOI-0064,2018,2018-04-02,2018-05-11,40,4,-2.238025187584558,-1.8348090797884908,14,-0.379960231415189,-0.3198836083497353,2018-04-22,0.18241442176950812,0.5620055901802665,весна (всходы и рост),весна (всходы и рост),92,131,критическая,crop_rotation,0.7,история полигона,ERA5 полигона,6,-0.25138514769165277,0.2982456140350877,"{""available"": true, ""before"": {""precip_mm"": 3.728814590431284e-06, ""temp_c"": 9.481418863932332, ""dry_days"": 1, ""hot_days"": 0, ""max_dry_spell"": 1, ""n_days"": 30}, ""during"": {""precip_mm"": 41.20902566686979, ""temp_c"": 13.957695515950542, ""dry_days"": 32, ""hot_days"": 0, ""max_dry_spell"": 15, ""n_days"": 40, ""precip_deficit_pct"": 46.0465699678232, ""temp_anomaly_c"": 1.2920164087083599, ""precip_norm_mm"": 76.37888016071177, ""temp_norm_c"": 12.665679107242182, ""norm_years"": 15}, ""combined"": {""precip_mm"": 41.20902939568438, ""temp_c"": 13.848518036633022, ""dry_days"": 33, ""hot_days"": 0, ""max_dry_spell"": 15, ""n_days"": 70}, ""source"": ""ERA5 полигона""}","другие поля региона в эти дни в норме (медианный Z -0.3, ниже нормы 30% из 57) — причина локальная, на самом поле | пик достигнут (119% нормы), но на 31 дней позже обычного: на поле яровая культура вместо привычной озимой, весеннее отставание — смена фазы, а не угнетение","AOI-0064, сезон 2018: критическая аномалия с 2018-04-02 по 2018-05-11 (40 дней, 4 наблюдений), фаза — весна (всходы и рост). NDVI в худший день 2018-04-22: 0.18 при норме 0.56 (Z = -2.2). Вероятная причина — смена культуры: яровая вместо озимой, весеннее отставание — не угнетение (уверенность 70%). Аргументы: другие поля региона в эти дни в норме (медианный Z -0.3, ниже нормы 30% из 57) — причина локальная, на самом поле; пик достигнут (119% нормы), но на 31 дней позже обычного: на поле яровая культура вместо привычной озимой, весеннее отставание — смена фазы, а не угнетение. Норма: история полигона."
AOI-0064,2020,2020-06-06,2020-06-25,20,5,-1.4047545098777992,-1.2430375046395117,0,-0.16380509243754432,-0.15458670932594515,2020-06-15,0.41734526535993266,0.5782606799723876,пик вегетации,созревание и уборка,158,177,умеренная,early_decline,0.6,история полигона,ERA5 полигона,0,-0.0001618209769497836,0.08771929824561403,"{""available"": true, ""before"": {""precip_mm"": 89.9145805252175, ""temp_c"": 16.757275369432264, ""dry_days"": 19, ""hot_days"": 0, ""max_dry_spell"": 6, ""n_days"": 30, ""precip_deficit_pct"": -23.274597515164473, ""temp_anomaly_c"": -1.601007161317046, ""precip_norm_mm"": 72.93844988149871, ""temp_norm_c"": 18.35828253074931, ""norm_years"": 15}, ""during"": {""precip_mm"": 41.578684937860544, ""temp_c"": 23.95447273254397, ""dry_days"": 14, ""hot_days"": 1, ""max_dry_spell"": 7, ""n_days"": 20, ""precip_deficit_pct"": -45.895360377897234, ""temp_anomaly_c"": 0.9629151450263116, ""precip_norm_mm"": 28.498976821582055, ""temp_norm_c"": 22.991557587517658, ""norm_years"": 15}, ""combined"": {""precip_mm"": 131.49326546307805, ""temp_c"": 19.636154314676943, ""dry_days"": 33, ""hot_days"": 1, ""max_dry_spell"": 8, ""n_days"": 50, ""precip_deficit_pct"": -29.629930230756194, ""temp_anomaly_c"": -0.5754382387797001, ""precip_norm_mm"": 101.43742670308076, ""temp_norm_c"": 20.211592553456644, ""norm_years"": 15}, ""source"": ""ERA5 полигона""}","другие поля региона в эти дни в норме (медианный Z -0.0, ниже нормы 9% из 57) — причина локальная, на самом поле | пик на уровне нормы (106%), но спад начался на 23 дней раньше обычного","AOI-0064, сезон 2020: умеренная аномалия с 2020-06-06 по 2020-06-25 (20 дней, 5 наблюдений), фаза — пик вегетации. NDVI в худший день 2020-06-15: 0.42 при норме 0.58 (Z = -1.4). Вероятная причина — ранний спад вегетации (уборка, полегание, болезнь) (уверенность 60%). Аргументы: другие поля региона в эти дни в норме (медианный Z -0.0, ниже нормы 9% из 57) — причина локальная, на самом поле; пик на уровне нормы (106%), но спад начался на 23 дней раньше обычного. Норма: история полигона."
AOI-0064,2021,2021-04-01,2021-06-14,75,20,-2.4387491561330474,-1.9012217644535587,33,-0.3523991676961977,-0.29739925191820143,2021-06-02,0.36069658213558764,0.6613188483489427,весна (всходы и рост),пик вегетации,91,165,критическая,crop_rotation,0.7,история полигона,ERA5 полигона,5,-0.20740854896528896,0.21052631578947367,"{""available"": true, ""during"": {""precip_mm"": 242.97828786575693, ""temp_c"": 15.057377488878062, ""dry_days"": 38, ""hot_days"": 0, ""max_dry_spell"": 5, ""n_days"": 75, ""precip_deficit_pct"": -75.80888402994006, ""temp_anomaly_c"": -0.9228996737444835, ""precip_norm_mm"": 138.20592128005202, ""temp_norm_c"": 15.980277162622546, ""norm_years"": 15}, ""combined"": {""precip_mm"": 242.97828786575693, ""temp_c"": 15.057377488878062, ""dry_days"": 38, ""hot_days"": 0, ""max_dry_spell"": 5, ""n_days"": 105}, ""source"": ""ERA5 полигона""}","другие поля региона в эти дни в норме (медианный Z -0.2, ниже нормы 21% из 57) — причина локальная, на самом поле | пик достигнут (101% нормы), но на 45 дней позже обычного: на поле яровая культура вместо привычной озимой, весеннее отставание — смена фазы, а не угнетение","AOI-0064, сезон 2021: критическая аномалия с 2021-04-01 по 2021-06-14 (75 дней, 20 наблюдений), фаза — весна (всходы и рост). NDVI в худший день 2021-06-02: 0.36 при норме 0.66 (Z = -2.4). Вероятная причина — смена культуры: яровая вместо озимой, весеннее отставание — не угнетение (уверенность 70%). Аргументы: другие поля региона в эти дни в норме (медианный Z -0.2, ниже нормы 21% из 57) — причина локальная, на самом поле; пик достигнут (101% нормы), но на 45 дней позже обычного: на поле яровая культура вместо привычной озимой, весеннее отставание — смена фазы, а не угнетение. Норма: история полигона."
AOI-0064,2023,2023-04-01,2023-05-21,51,8,-1.4834237338826286,-1.2587416274230776,0,-0.24694654443590597,-0.2295822103043007,2023-04-04,0.2422458372258843,0.47241690058701385,весна (всходы и рост),пик вегетации,91,141,умеренная,weak_season,0.45,история полигона,ERA5 полигона,5,0.5247300735637744,0.14035087719298245,"{""available"": true, ""during"": {""precip_mm"": 106.13841090968634, ""temp_c"": 12.604692326963361, ""dry_days"": 27, ""hot_days"": 0, ""max_dry_spell"": 11, ""n_days"": 51, ""precip_deficit_pct"": -9.359738590983158, ""temp_anomaly_c"": -1.050759880215514, ""precip_norm_mm"": 97.05437510842549, ""temp_norm_c"": 13.655452207178875, ""norm_years"": 15}, ""combined"": {""precip_mm"": 106.13841090968634, ""temp_c"": 12.604692326963361, ""dry_days"": 27, ""hot_days"": 0, ""max_dry_spell"": 11, ""n_days"": 81}, ""source"": ""ERA5 полигона""}","другие поля региона в эти дни в норме (медианный Z 0.5, ниже нормы 14% из 57) — причина локальная, на самом поле | погодного сигнала нет; вероятны агротехнические причины","AOI-0064, сезон 2023: умеренная аномалия с 2023-04-01 по 2023-05-21 (51 дней, 8 наблюдений), фаза — весна (всходы и рост). NDVI в худший день 2023-04-04: 0.24 при норме 0.47 (Z = -1.5). Вероятная причина — ослабленный сезон без явной погодной причины (уверенность 45%). Аргументы: другие поля региона в эти дни в норме (медианный Z 0.5, ниже нормы 14% из 57) — причина локальная, на самом поле; погодного сигнала нет; вероятны агротехнические причины. Норма: история полигона."
AOI-0065,2010,2010-06-10,2010-06-24,15,2,-1.4452326840285672,-1.2694196680455847,0,-0.14174186416518542,-0.1258030742555568,2010-06-15,0.4947994763348592,0.6186261213063006,пик вегетации,пик вегетации,161,175,умеренная,early_decline,0.6,история полигона,ERA5 полигона,0,-0.03720354022634743,0.17543859649122806,"{""available"": true, ""before"": {""precip_mm"": 82.94584225791368, ""temp_c"": 19.532303004794677, ""dry_days"": 18, ""hot_days"": 0, ""max_dry_spell"": 7, ""n_days"": 30, ""precip_deficit_pct"": -22.23505516052462, ""temp_anomaly_c"": 0.5455578761630626, ""precip_norm_mm"": 67.85765519472744, ""temp_norm_c"": 18.986745128631615, ""norm_years"": 15}, ""during"": {""precip_mm"": 12.041232190767914, ""temp_c"": 25.760081693861242, ""dry_days"": 11, ""hot_days"": 4, ""max_dry_spell"": 6, ""n_days"": 15, ""precip_deficit_pct"": 58.239913216406094, ""temp_anomaly_c"": 2.7424267917209164, ""precip_norm_mm"": 28.834308350859317, ""temp_norm_c"": 23.017654902140325, ""norm_years"": 15}, ""combined"": {""precip_mm"": 94.9870744486816, ""temp_c"": 21.60822923448353, ""dry_days"": 29, ""hot_days"": 4, ""max_dry_spell"": 7, ""n_days"": 45, ""precip_deficit_pct"": 1.7632169565999112, ""temp_anomaly_c"": 1.2778475146823425, ""precip_norm_mm"": 96.69196354558679, ""temp_norm_c"": 20.33038171980119, ""norm_years"": 15}, ""source"": ""ERA5 полигона""}","другие поля региона в эти дни в норме (медианный Z -0.0, ниже нормы 18% из 57) — причина локальная, на самом поле | пик на уровне нормы (119%), но спад начался на 35 дней раньше обычного","AOI-0065, сезон 2010: умеренная аномалия с 2010-06-10 по 2010-06-24 (15 дней, 2 наблюдений), фаза — пик вегетации. NDVI в худший день 2010-06-15: 0.49 при норме 0.62 (Z = -1.4). Вероятная причина — ранний спад вегетации (уборка, полегание, болезнь) (уверенность 60%). Аргументы: другие поля региона в эти дни в норме (медианный Z -0.0, ниже нормы 18% из 57) — причина локальная, на самом поле; пик на уровне нормы (119%), но спад начался на 35 дней раньше обычного. Норма: история полигона."
AOI-0065,2010,2010-07-14,2010-09-09,58,8,-1.41635705484224,-1.2657912884581557,0,-0.2267530424077541,-0.1737919232554212,2010-08-07,0.17132746805531027,0.376651170859926,созревание и уборка,лето после уборки,195,252,умеренная,weather_drought,0.75,история полигона,ERA5 полигона,0,-0.48474331846994867,0.17543859649122806,"{""available"": true, ""before"": {""precip_mm"": 57.941320696805576, ""temp_c"": 25.35267598893909, ""dry_days"": 16, ""hot_days"": 7, ""max_dry_spell"": 6, ""n_days"": 30, ""precip_deficit_pct"": -9.636865110910886, ""temp_anomaly_c"": 1.2161119326838694, ""precip_norm_mm"": 52.84839240723543, ""temp_norm_c"": 24.13656405625522, ""norm_years"": 15}, ""during"": {""precip_mm"": 26.9704143616174, ""temp_c"": 27.31903560901512, ""dry_days"": 51, ""hot_days"": 31, ""max_dry_spell"": 20, ""n_days"": 58, ""precip_deficit_pct"": 62.25493677257099, ""temp_anomaly_c"": 2.12005285869612, ""precip_norm_mm"": 71.45415070339116, ""temp_norm_c"": 25.198982750319, ""norm_years"": 15}, ""combined"": {""precip_mm"": 84.91173505842298, ""temp_c"": 26.648685738534656, ""dry_days"": 67, ""hot_days"": 38, ""max_dry_spell"": 20, ""n_days"": 88, ""precip_deficit_pct"": 31.689462714488982, ""temp_anomaly_c"": 1.8118911793737595, ""precip_norm_mm"": 124.30254311062659, ""temp_norm_c"": 24.836794559160897, ""norm_years"": 15}, ""source"": ""ERA5 полигона""}","температура выше нормы на 1.8 °C (26.6 против 24.8 °C), жарких дней 38 | сухая серия 20 дней подряд | во время эпизода: осадков 27 мм при норме 71 мм | соседние поля региона в эти дни чуть ниже нормы (медианный Z -0.5) | пик на уровне нормы (119%), но спад начался на 35 дней раньше обычного","AOI-0065, сезон 2010: умеренная аномалия с 2010-07-14 по 2010-09-09 (58 дней, 8 наблюдений), фаза — созревание и уборка. NDVI в худший день 2010-08-07: 0.17 при норме 0.38 (Z = -1.4). Вероятная причина — погодный стресс: дефицит осадков и/или жара (уверенность 75%). Аргументы: температура выше нормы на 1.8 °C (26.6 против 24.8 °C), жарких дней 38; сухая серия 20 дней подряд; во время эпизода: осадков 27 мм при норме 71 мм; соседние поля региона в эти дни чуть ниже нормы (медианный Z -0.5); пик на уровне нормы (119%), но спад начался на 35 дней раньше обычного. Норма: история полигона."
AOI-0065,2013,2013-06-06,2013-06-26,21,3,-1.7323257742718308,-1.4111237651313253,0,-0.1554332392313526,-0.1392533394337235,2013-06-14,0.48765757741047205,0.6279360906548755,пик вегетации,созревание и уборка,157,177,умеренная,early_decline,0.6,история полигона,ERA5 полигона,1,-0.4556628459042874,0.25,"{""available"": true, ""before"": {""precip_mm"": 48.40915981784022, ""temp_c"": 19.958378283182796, ""dry_days"": 21, ""hot_days"": 0, ""max_dry_spell"": 7, ""n_days"": 30, ""precip_deficit_pct"": 39.60856500236197, ""temp_anomaly_c"": 1.8993555549338943, ""precip_norm_mm"": 80.15898251090333, ""temp_norm_c"": 18.0590227282489, ""norm_years"": 15}, ""during"": {""precip_mm"": 59.54916281366707, ""temp_c"": 22.44657557048497, ""dry_days"": 15, ""hot_days"": 1, ""max_dry_spell"": 7, ""n_days"": 21, ""precip_deficit_pct"": -82.1292292209958, ""temp_anomaly_c"": -0.5592099124161685, ""precip_norm_mm"": 32.69610433666858, ""temp_norm_c"": 23.00578548290114, ""norm_years"": 15}, ""combined"": {""precip_mm"": 107.95832263150729, ""temp_c"": 20.982930107366045, ""dry_days"": 36, ""hot_days"": 1, ""max_dry_spell"": 7, ""n_days"": 51, ""precip_deficit_pct"": 4.338984048347305, ""temp_anomaly_c"": 0.8870050683779809, ""precip_norm_mm"": 112.85508684757193, ""temp_norm_c"": 20.095925038988064, ""norm_years"": 15}, ""source"": ""ERA5 полигона""}","соседние поля региона в эти дни чуть ниже нормы (медианный Z -0.5) | пик на уровне нормы (118%), но спад начался на 31 дней раньше обычного","AOI-0065, сезон 2013: умеренная аномалия с 2013-06-06 по 2013-06-26 (21 дней, 3 наблюдений), фаза — пик вегетации. NDVI в худший день 2013-06-14: 0.49 при норме 0.63 (Z = -1.7). Вероятная причина — ранний спад вегетации (уборка, полегание, болезнь) (уверенность 60%). Аргументы: соседние поля региона в эти дни чуть ниже нормы (медианный Z -0.5); пик на уровне нормы (118%), но спад начался на 31 дней раньше обычного. Норма: история полигона."
AOI-0065,2015,2015-04-02,2015-06-10,70,11,-2.4286640579567207,-1.900692793202173,26,-0.3656634648427946,-0.30356579912860093,2015-05-29,0.4077331282947934,0.6878525862511407,весна (всходы и рост),пик вегетации,92,161,критическая,crop_rotation,0.7,история полигона,ERA5 полигона,2,-0.48065420245416796,0.2982456140350877,"{""available"": true, ""before"": {""precip_mm"": 7.567257389041515, ""temp_c"": 5.63147888183596, ""dry_days"": 0, ""hot_days"": 0, ""max_dry_spell"": 0, ""n_days"": 30}, ""during"": {""precip_mm"": 150.5549169488809, ""temp_c"": 14.927264731270952, ""dry_days"": 44, ""hot_days"": 0, ""max_dry_spell"": 12, ""n_days"": 70, ""precip_deficit_pct"": -3.9932843672633833, ""temp_anomaly_c"": -0.6690223802838968, ""precip_norm_mm"": 144.77369174838265, ""temp_norm_c"": 15.59628711155485, ""norm_years"": 15}, ""combined"": {""precip_mm"": 158.12217433792242, ""temp_c"": 14.7963381700113, ""dry_days"": 44, ""hot_days"": 0, ""max_dry_spell"": 12, ""n_days"": 100}, ""source"": ""ERA5 полигона""}","соседние поля региона в эти дни чуть ниже нормы (медианный Z -0.5) | пик достигнут (109% нормы), но на 29 дней позже обычного: на поле яровая культура вместо привычной озимой, весеннее отставание — смена фазы, а не угнетение","AOI-0065, сезон 2015: критическая аномалия с 2015-04-02 по 2015-06-10 (70 дней, 11 наблюдений), фаза — весна (всходы и рост). NDVI в худший день 2015-05-29: 0.41 при норме 0.69 (Z = -2.4). Вероятная причина — смена культуры: яровая вместо озимой, весеннее отставание — не угнетение (уверенность 70%). Аргументы: соседние поля региона в эти дни чуть ниже нормы (медианный Z -0.5); пик достигнут (109% нормы), но на 29 дней позже обычного: на поле яровая культура вместо привычной озимой, весеннее отставание — смена фазы, а не угнетение. Норма: история полигона."
AOI-0065,2017,2017-04-01,2017-05-30,60,10,-2.2343470290590584,-1.8249292033494975,20,-0.4132463498111725,-0.32569997687219404,2017-05-03,0.23787719985313516,0.6511235496643076,весна (всходы и рост),пик вегетации,91,150,критическая,crop_rotation,0.7,история полигона,ERA5 полигона,5,0.26914359326782483,0.14035087719298245,"{""available"": true, ""during"": {""precip_mm"": 179.6356686350009, ""temp_c"": 13.009687381320548, ""dry_days"": 29, ""hot_days"": 0, ""max_dry_spell"": 11, ""n_days"": 60, ""precip_deficit_pct"": -43.535391047080175, ""temp_anomaly_c"": -1.4884249824947844, ""precip_norm_mm"": 125.15078499077605, ""temp_norm_c"": 14.498112363815332, ""norm_years"": 15}, ""combined"": {""precip_mm"": 179.6356686350009, ""temp_c"": 13.009687381320552, ""dry_days"": 29, ""hot_days"": 0, ""max_dry_spell"": 11, ""n_days"": 90}, ""source"": ""ERA5 полигона""}","другие поля региона в эти дни в норме (медианный Z 0.3, ниже нормы 14% из 57) — причина локальная, на самом поле | пик достигнут (126% нормы), но на 38 дней позже обычного: на поле яровая культура вместо привычной озимой, весеннее отставание — смена фазы, а не угнетение","AOI-0065, сезон 2017: критическая аномалия с 2017-04-01 по 2017-05-30 (60 дней, 10 наблюдений), фаза — весна (всходы и рост). NDVI в худший день 2017-05-03: 0.24 при норме 0.65 (Z = -2.2). Вероятная причина — смена культуры: яровая вместо озимой, весеннее отставание — не угнетение (уверенность 70%). Аргументы: другие поля региона в эти дни в норме (медианный Z 0.3, ниже нормы 14% из 57) — причина локальная, на самом поле; пик достигнут (126% нормы), но на 38 дней позже обычного: на поле яровая культура вместо привычной озимой, весеннее отставание — смена фазы, а не угнетение. Норма: история полигона."
AOI-0065,2019,2019-04-01,2019-05-15,45,11,-1.9208667383904796,-1.5385519510241534,0,-0.3522167074725253,-0.2953650064716337,2019-04-02,0.17382805632622586,0.5260447637987512,весна (всходы и рост),весна (всходы и рост),91,135,умеренная,late_start,0.6,история полигона,ERA5 полигона,3,0.42855329690055866,0.17543859649122806,"{""available"": true, ""during"": {""precip_mm"": 56.96611563985243, ""temp_c"": 12.863757917616125, ""dry_days"": 32, ""hot_days"": 0, ""max_dry_spell"": 14, ""n_days"": 45, ""precip_deficit_pct"": 37.37577586808247, ""temp_anomaly_c"": -0.1618162513073571, ""precip_norm_mm"": 90.96498428444187, ""temp_norm_c"": 13.025574168923482, ""norm_years"": 15}, ""combined"": {""precip_mm"": 56.96611563985243, ""temp_c"": 12.863757917616125, ""dry_days"": 32, ""hot_days"": 0, ""max_dry_spell"": 14, ""n_days"": 75}, ""source"": ""ERA5 полигона""}","другие поля региона в эти дни в норме (медианный Z 0.4, ниже нормы 18% из 57) — причина локальная, на самом поле | рост начался на 18 дней позже нормы, но пик достигнут (101% нормы)","AOI-0065, сезон 2019: умеренная аномалия с 2019-04-01 по 2019-05-15 (45 дней, 11 наблюдений), фаза — весна (всходы и рост). NDVI в худший день 2019-04-02: 0.17 при норме 0.53 (Z = -1.9). Вероятная причина — запаздывание всходов и роста (уверенность 60%). Аргументы: другие поля региона в эти дни в норме (медианный Z 0.4, ниже нормы 18% из 57) — причина локальная, на самом поле; рост начался на 18 дней позже нормы, но пик достигнут (101% нормы). Норма: история полигона."
AOI-0065,2020,2020-10-11,2020-10-30,20,7,-2.0593554867262274,-1.1912100038730977,1,-0.1420038044749279,-0.10492850709517479,2020-10-30,0.07483862571244078,0.15721284518148987,осень (озимые всходы),осень (озимые всходы),285,304,умеренная,weather_drought,0.75,история полигона,ERA5 полигона,0,-0.81673144545591,0.3157894736842105,"{""available"": true, ""before"": {""precip_mm"": 14.472039732726927, ""temp_c"": 19.354387707180468, ""dry_days"": 28, ""hot_days"": 0, ""max_dry_spell"": 20, ""n_days"": 30, ""precip_deficit_pct"": 74.60495390415494, ""temp_anomaly_c"": 2.560756470009128, ""precip_norm_mm"": 56.987649000939314, ""temp_norm_c"": 16.79363123717134, ""norm_years"": 15}, ""during"": {""precip_mm"": 26.171715034539737, ""temp_c"": 15.528212134043397, ""dry_days"": 18, ""hot_days"": 0, ""max_dry_spell"": 10, ""n_days"": 20, ""precip_deficit_pct"": 32.19497234196058, ""temp_anomaly_c"": 4.577811156378852, ""precip_norm_mm"": 38.598487366646836, ""temp_norm_c"": 10.950400977664545, ""norm_years"": 15}, ""combined"": {""precip_mm"": 40.643754767266664, ""temp_c"": 17.823917477925644, ""dry_days"": 46, ""hot_days"": 0, ""max_dry_spell"": 20, ""n_days"": 50, ""precip_deficit_pct"": 57.47944596173758, ""temp_anomaly_c"": 3.367578344557023, ""precip_norm_mm"": 95.58613636758614, ""temp_norm_c"": 14.45633913336862, ""norm_years"": 15}, ""source"": ""ERA5 полигона""}","за 30 дней до и во время эпизода осадков 41 мм при норме 96 мм (дефицит 57 %) | сухая серия 20 дней подряд | за 30 дней до эпизода: осадков 14 мм при норме 57 мм | соседние поля региона в эти дни тоже ниже нормы (медианный Z -0.8, ниже нормы 32% из 57 полей) — явление региональное | пик на уровне нормы (96%), но спад начался на 21 дней раньше обычного","AOI-0065, сезон 2020: умеренная аномалия с 2020-10-11 по 2020-10-30 (20 дней, 7 наблюдений), фаза — осень (озимые всходы). NDVI в худший день 2020-10-30: 0.07 при норме 0.16 (Z = -2.1). Вероятная причина — погодный стресс: дефицит осадков и/или жара (уверенность 75%). Аргументы: за 30 дней до и во время эпизода осадков 41 мм при норме 96 мм (дефицит 57 %); сухая серия 20 дней подряд; за 30 дней до эпизода: осадков 14 мм при норме 57 мм; соседние поля региона в эти дни тоже ниже нормы (медианный Z -0.8, ниже нормы 32% из 57 полей) — явление региональное; пик на уровне нормы (96%), но спад начался на 21 дней раньше обычного. Норма: история полигона."
AOI-0065,2024,2024-06-10,2024-10-20,133,47,-2.149700807384442,-1.524835237675668,8,-0.30063943821269223,-0.18158039721630062,2024-06-19,0.3596750702476907,0.5800297515978123,пик вегетации,осень (озимые всходы),162,294,критическая,weather_drought,0.75,история полигона,ERA5 полигона,2,-0.7496495950297416,0.2807017543859649,"{""available"": true, ""before"": {""precip_mm"": 32.20316452625127, ""temp_c"": 19.24037897321916, ""dry_days"": 22, ""hot_days"": 1, ""max_dry_spell"": 9, ""n_days"": 30, ""precip_deficit_pct"": 54.79654921581491, ""temp_anomaly_c"": 0.2341722424825079, ""precip_norm_mm"": 71.24050037683827, ""temp_norm_c"": 19.00620673073665, ""norm_years"": 15}, ""during"": {""precip_mm"": 81.37801566033076, ""temp_c"": 23.73484418003783, ""dry_days"": 113, ""hot_days"": 32, ""max_dry_spell"": 19, ""n_days"": 133, ""precip_deficit_pct"": 61.717126608566865, ""temp_anomaly_c"": 1.7420363610250966, ""precip_norm_mm"": 212.57029175490618, ""temp_norm_c"": 21.992807819012732, ""norm_years"": 15}, ""combined"": {""precip_mm"": 113.58118018658203, ""temp_c"": 22.907641994733776, ""dry_days"": 135, ""hot_days"": 33, ""max_dry_spell"": 19, ""n_days"": 163, ""precip_deficit_pct"": 59.979964351088576, ""temp_anomaly_c"": 1.4645153576123455, ""precip_norm_mm"": 283.81079213174445, ""temp_norm_c"": 21.44312663712143, ""norm_years"": 15}, ""source"": ""ERA5 полигона""}","за 30 дней до и во время эпизода осадков 114 мм при норме 284 мм (дефицит 60 %) | температура выше нормы на 1.5 °C (22.9 против 21.4 °C), жарких дней 33 | сухая серия 19 дней подряд | за 30 дней до эпизода: осадков 32 мм при норме 71 мм | во время эпизода: осадков 81 мм при норме 213 мм | соседние поля региона в эти дни тоже ниже нормы (медианный Z -0.7, ниже нормы 28% из 57 полей) — явление региональное | пик на уровне нормы (127%), но спад начался на 49 дней раньше обычного","AOI-0065, сезон 2024: критическая аномалия с 2024-06-10 по 2024-10-20 (133 дней, 47 наблюдений), фаза — пик вегетации. NDVI в худший день 2024-06-19: 0.36 при норме 0.58 (Z = -2.1). Вероятная причина — погодный стресс: дефицит осадков и/или жара (уверенность 75%). Аргументы: за 30 дней до и во время эпизода осадков 114 мм при норме 284 мм (дефицит 60 %); температура выше нормы на 1.5 °C (22.9 против 21.4 °C), жарких дней 33; сухая серия 19 дней подряд; за 30 дней до эпизода: осадков 32 мм при норме 71 мм; во время эпизода: осадков 81 мм при норме 213 мм; соседние поля региона в эти дни тоже ниже нормы (медианный Z -0.7, ниже нормы 28% из 57 полей) — явление региональное; пик на уровне нормы (127%), но спад начался на 49 дней раньше обычного. Норма: история полигона."
AOI-0065,2025,2025-05-13,2025-06-14,33,7,-1.938416461322445,-1.4695348796609704,0,-0.20214856304211143,-0.1774118440901818,2025-06-06,0.508516112109453,0.6772062006479546,весна (всходы и рост),пик вегетации,133,165,умеренная,weak_season,0.45,история полигона,ERA5 полигона,0,-0.14955460193562334,0.23376623376623376,"{""available"": true, ""before"": {""precip_mm"": 66.40019693757182, ""temp_c"": 13.291537019941561, ""dry_days"": 18, ""hot_days"": 0, ""max_dry_spell"": 8, ""n_days"": 30, ""precip_deficit_pct"": -12.169727564931264, ""temp_anomaly_c"": -0.5659014871385413, ""precip_norm_mm"": 59.19618276609881, ""temp_norm_c"": 13.857438507080102, ""norm_years"": 15}, ""during"": {""precip_mm"": 53.200657968842435, ""temp_c"": 19.209360964611342, ""dry_days"": 25, ""hot_days"": 0, ""max_dry_spell"": 9, ""n_days"": 33, ""precip_deficit_pct"": 28.157144504513752, ""temp_anomaly_c"": -0.7189085918644906, ""precip_norm_mm"": 74.05142460155267, ""temp_norm_c"": 19.928269556475833, ""norm_years"": 15}, ""combined"": {""precip_mm"": 119.60085490641426, ""temp_c"": 16.39134956238764, ""dry_days"": 43, ""hot_days"": 0, ""max_dry_spell"": 9, ""n_days"": 63, ""precip_deficit_pct"": 10.241649160411303, ""temp_anomaly_c"": -0.6460480658045107, ""precip_norm_mm"": 133.24760736765148, ""temp_norm_c"": 17.03739762819215, ""norm_years"": 15}, ""source"": ""ERA5 полигона""}","другие поля региона в эти дни в норме (медианный Z -0.1, ниже нормы 23% из 77) — причина локальная, на самом поле | погодного сигнала нет; вероятны агротехнические причины","AOI-0065, сезон 2025: умеренная аномалия с 2025-05-13 по 2025-06-14 (33 дней, 7 наблюдений), фаза — весна (всходы и рост). NDVI в худший день 2025-06-06: 0.51 при норме 0.68 (Z = -1.9). Вероятная причина — ослабленный сезон без явной погодной причины (уверенность 45%). Аргументы: другие поля региона в эти дни в норме (медианный Z -0.1, ниже нормы 23% из 77) — причина локальная, на самом поле; погодного сигнала нет; вероятны агротехнические причины. Норма: история полигона."
AOI-0066,2025,2025-04-18,2025-06-01,45,14,-1.4015921688587332,-1.2575018658065382,0,-0.26493535412334723,-0.24101396681818849,2025-05-21,0.3388402334813991,0.5917984786631533,весна (всходы и рост),пик вегетации,108,152,умеренная,crop_rotation,0.7,среднее по культуре (истории полигона нет),ERA5 полигона,0,0.14507374691209754,0.23376623376623376,"{""available"": true, ""before"": {""precip_mm"": 46.806709271436375, ""temp_c"": 9.693832801370078, ""dry_days"": 10, ""hot_days"": 0, ""max_dry_spell"": 5, ""n_days"": 17}, ""during"": {""precip_mm"": 97.01315500316454, ""temp_c"": 15.565337668524865, ""dry_days"": 30, ""hot_days"": 0, ""max_dry_spell"": 11, ""n_days"": 45}, ""combined"": {""precip_mm"": 143.81986427460092, ""temp_c"": 13.955408914627585, ""dry_days"": 40, ""hot_days"": 0, ""max_dry_spell"": 11, ""n_days"": 62}, ""source"": ""ERA5 полигона""}","другие поля региона в эти дни в норме (медианный Z 0.1, ниже нормы 23% из 77) — причина локальная, на самом поле | пик достигнут (129% нормы), но на 36 дней позже обычного: на поле яровая культура вместо привычной озимой, весеннее отставание — смена фазы, а не угнетение","AOI-0066, сезон 2025: умеренная аномалия с 2025-04-18 по 2025-06-01 (45 дней, 14 наблюдений), фаза — весна (всходы и рост). NDVI в худший день 2025-05-21: 0.34 при норме 0.59 (Z = -1.4). Вероятная причина — смена культуры: яровая вместо озимой, весеннее отставание — не угнетение (уверенность 70%). Аргументы: другие поля региона в эти дни в норме (медианный Z 0.1, ниже нормы 23% из 77) — причина локальная, на самом поле; пик достигнут (129% нормы), но на 36 дней позже обычного: на поле яровая культура вместо привычной озимой, весеннее отставание — смена фазы, а не угнетение. Норма: среднее по культуре (истории полигона нет)."
AOI-0067,2010,2010-06-12,2010-09-16,97,17,-1.3063327711782478,-1.2053581994606084,0,-0.2093611417040875,-0.18453002636595253,2010-09-03,0.12518944340499652,0.2774916074830517,пик вегетации,лето после уборки,163,259,умеренная,unsown_or_changed,0.8,история полигона,ERA5 полигона,0,-0.36892380924537044,0.17543859649122806,"{""available"": true, ""before"": {""precip_mm"": 104.38129376547067, ""temp_c"": 20.116264385647263, ""dry_days"": 18, ""hot_days"": 0, ""max_dry_spell"": 16, ""n_days"": 30, ""precip_deficit_pct"": -204.86296655834195, ""temp_anomaly_c"": -0.3448361467432193, ""precip_norm_mm"": 34.238758135778724, ""temp_norm_c"": 20.461100532390482, ""norm_years"": 15}, ""during"": {""precip_mm"": 46.483043468880325, ""temp_c"": 26.6574740871941, ""dry_days"": 88, ""hot_days"": 53, ""max_dry_spell"": 57, ""n_days"": 97, ""precip_deficit_pct"": 45.56639110737388, ""temp_anomaly_c"": 1.8483897583864355, ""precip_norm_mm"": 85.39401376192271, ""temp_norm_c"": 24.809084328807664, ""norm_years"": 15}, ""combined"": {""precip_mm"": 150.86433723435098, ""temp_c"": 25.112306441159415, ""dry_days"": 106, ""hot_days"": 53, ""max_dry_spell"": 57, ""n_days"": 127, ""precip_deficit_pct"": -26.10619551919755, ""temp_anomaly_c"": 1.3303048989069879, ""precip_norm_mm"": 119.63277189770142, ""temp_norm_c"": 23.782001542252427, ""norm_years"": 15}, ""source"": ""ERA5 полигона""}","температура выше нормы на 1.3 °C (25.1 против 23.8 °C), жарких дней 53 | сухая серия 57 дней подряд | за 30 дней до эпизода: осадков 104 мм при норме 34 мм | во время эпизода: осадков 46 мм при норме 85 мм | соседние поля региона в эти дни чуть ниже нормы (медианный Z -0.4) | пик главного сезона всего 0.23 при норме 0.35: кривая плоская с весны — поле не засеяно, под паром или занято другой культурой","AOI-0067, сезон 2010: умеренная аномалия с 2010-06-12 по 2010-09-16 (97 дней, 17 наблюдений), фаза — пик вегетации. NDVI в худший день 2010-09-03: 0.13 при норме 0.28 (Z = -1.3). Вероятная причина — поле не засеяно, под паром или сменилась культура (уверенность 80%). Аргументы: температура выше нормы на 1.3 °C (25.1 против 23.8 °C), жарких дней 53; сухая серия 57 дней подряд; за 30 дней до эпизода: осадков 104 мм при норме 34 мм; во время эпизода: осадков 46 мм при норме 85 мм; соседние поля региона в эти дни чуть ниже нормы (медианный Z -0.4); пик главного сезона всего 0.23 при норме 0.35: кривая плоская с весны — поле не засеяно, под паром или занято другой культурой. Норма: история полигона."
AOI-0067,2012,2012-06-17,2012-09-29,105,10,-1.7873927849559588,-1.5568451909802459,0,-0.2559035069265101,-0.2177336492979985,2012-09-27,0.08608227312581573,0.24020257647228188,пик вегетации,осень (озимые всходы),169,273,умеренная,early_decline,0.6,история полигона,ERA5 полигона,0,-0.2985583937622428,0.12280701754385964,"{""available"": true, ""before"": {""precip_mm"": 19.191627163243297, ""temp_c"": 23.352229012383372, ""dry_days"": 24, ""hot_days"": 6, ""max_dry_spell"": 14, ""n_days"": 30, ""precip_deficit_pct"": 49.54633523300901, ""temp_anomaly_c"": 1.9419627670005433, ""precip_norm_mm"": 38.03812320051586, ""temp_norm_c"": 21.41026624538283, ""norm_years"": 15}, ""during"": {""precip_mm"": 78.96321013874363, ""temp_c"": 23.816228939238076, ""dry_days"": 93, ""hot_days"": 28, ""max_dry_spell"": 36, ""n_days"": 105, ""precip_deficit_pct"": 16.4233737407425, ""temp_anomaly_c"": -0.10344936895622325, ""precip_norm_mm"": 94.48001633111762, ""temp_norm_c"": 23.9196783081943, ""norm_years"": 15}, ""combined"": {""precip_mm"": 98.15483730198693, ""temp_c"": 23.713117844381475, ""dry_days"": 117, ""hot_days"": 34, ""max_dry_spell"": 36, ""n_days"": 135, ""precip_deficit_pct"": 25.931017709046277, ""temp_anomaly_c"": 0.35108666125638877, ""precip_norm_mm"": 132.51813953163347, ""temp_norm_c"": 23.362031183125087, ""norm_years"": 15}, ""source"": ""ERA5 полигона""}","сухая серия 36 дней подряд | другие поля региона в эти дни в норме (медианный Z -0.3, ниже нормы 12% из 57) — причина локальная, на самом поле | пик на уровне нормы (97%), но спад начался на 105 дней раньше обычного","AOI-0067, сезон 2012: умеренная аномалия с 2012-06-17 по 2012-09-29 (105 дней, 10 наблюдений), фаза — пик вегетации. NDVI в худший день 2012-09-27: 0.09 при норме 0.24 (Z = -1.8). Вероятная причина — ранний спад вегетации (уборка, полегание, болезнь) (уверенность 60%). Аргументы: сухая серия 36 дней подряд; другие поля региона в эти дни в норме (медианный Z -0.3, ниже нормы 12% из 57) — причина локальная, на самом поле; пик на уровне нормы (97%), но спад начался на 105 дней раньше обычного. Норма: история полигона."
AOI-0067,2012,2012-10-06,2012-10-22,17,2,-1.817510263163236,-1.628240212315745,0,-0.16674889842491986,-0.14910267014783068,2012-10-12,0.05448001026464905,0.2198816921138663,осень (озимые всходы),осень (озимые всходы),280,296,умеренная,weather_drought,0.75,история полигона,ERA5 полигона,0,-0.1732927438855917,0.22807017543859648,"{""available"": true, ""before"": {""precip_mm"": 5.7488857417240515, ""temp_c"": 18.632998085022002, ""dry_days"": 28, ""hot_days"": 0, ""max_dry_spell"": 21, ""n_days"": 30, ""precip_deficit_pct"": 84.50283593205185, ""temp_anomaly_c"": 1.7582514685171695, ""precip_norm_mm"": 37.09637270740474, ""temp_norm_c"": 16.874746616504833, ""norm_years"": 15}, ""during"": {""precip_mm"": 11.859003316672556, ""temp_c"": 13.420593628228904, ""dry_days"": 16, ""hot_days"": 0, ""max_dry_spell"": 10, ""n_days"": 17, ""precip_deficit_pct"": 42.07230090963431, ""temp_anomaly_c"": 2.55059144263174, ""precip_norm_mm"": 20.472077266823288, ""temp_norm_c"": 10.870002185597164, ""norm_years"": 15}, ""combined"": {""precip_mm"": 17.60788905839661, ""temp_c"": 16.74766030277769, ""dry_days"": 44, ""hot_days"": 0, ""max_dry_spell"": 21, ""n_days"": 47, ""precip_deficit_pct"": 69.41399487691744, ""temp_anomaly_c"": 2.0448425229841405, ""precip_norm_mm"": 57.568449974228045, ""temp_norm_c"": 14.702817779793548, ""norm_years"": 15}, ""source"": ""ERA5 полигона""}","за 30 дней до и во время эпизода осадков 18 мм при норме 58 мм (дефицит 69 %) | сухая серия 21 дней подряд | за 30 дней до эпизода: осадков 6 мм при норме 37 мм | во время эпизода: осадков 12 мм при норме 20 мм | другие поля региона в эти дни в норме (медианный Z -0.2, ниже нормы 23% из 57) — причина локальная, на самом поле | пик на уровне нормы (97%), но спад начался на 105 дней раньше обычного","AOI-0067, сезон 2012: умеренная аномалия с 2012-10-06 по 2012-10-22 (17 дней, 2 наблюдений), фаза — осень (озимые всходы). NDVI в худший день 2012-10-12: 0.05 при норме 0.22 (Z = -1.8). Вероятная причина — погодный стресс: дефицит осадков и/или жара (уверенность 75%). Аргументы: за 30 дней до и во время эпизода осадков 18 мм при норме 58 мм (дефицит 69 %); сухая серия 21 дней подряд; за 30 дней до эпизода: осадков 6 мм при норме 37 мм; во время эпизода: осадков 12 мм при норме 20 мм; другие поля региона в эти дни в норме (медианный Z -0.2, ниже нормы 23% из 57) — причина локальная, на самом поле; пик на уровне нормы (97%), но спад начался на 105 дней раньше обычного. Норма: история полигона."
AOI-0067,2018,2018-06-02,2018-09-27,118,25,-1.5109719509892912,-1.2668789586056137,0,-0.24195032961232807,-0.18677115633113106,2018-06-17,0.14131047191451435,0.3504767479801397,пик вегетации,осень (озимые всходы),153,270,умеренная,unsown_or_changed,0.8,история полигона,ERA5 полигона,0,-0.4888909732844242,0.15789473684210525,"{""available"": true, ""before"": {""precip_mm"": 7.16569474916362, ""temp_c"": 20.433684613969618, ""dry_days"": 28, ""hot_days"": 1, ""max_dry_spell"": 11, ""n_days"": 30, ""precip_deficit_pct"": 84.9205387950825, ""temp_anomaly_c"": 2.1876668336656344, ""precip_norm_mm"": 47.51956752159584, ""temp_norm_c"": 18.246017780303983, ""norm_years"": 15}, ""during"": {""precip_mm"": 100.84081089053498, ""temp_c"": 24.470498474034912, ""dry_days"": 97, ""hot_days"": 35, ""max_dry_spell"": 45, ""n_days"": 118, ""precip_deficit_pct"": 4.913657951215722, ""temp_anomaly_c"": 0.5402945193418205, ""precip_norm_mm"": 106.05183532961901, ""temp_norm_c"": 23.93020395469309, ""norm_years"": 15}, ""combined"": {""precip_mm"": 108.0065056396986, ""temp_c"": 23.652225394291943, ""dry_days"": 125, ""hot_days"": 36, ""max_dry_spell"": 45, ""n_days"": 148, ""precip_deficit_pct"": 29.670170595277455, ""temp_anomaly_c"": 0.8742213398128662, ""precip_norm_mm"": 153.57140285121483, ""temp_norm_c"": 22.778004054479077, ""norm_years"": 15}, ""source"": ""ERA5 полигона""}","сухая серия 45 дней подряд | соседние поля региона в эти дни чуть ниже нормы (медианный Z -0.5) | пик главного сезона всего 0.17 при норме 0.35: кривая плоская с весны — поле не засеяно, под паром или занято другой культурой","AOI-0067, сезон 2018: умеренная аномалия с 2018-06-02 по 2018-09-27 (118 дней, 25 наблюдений), фаза — пик вегетации. NDVI в худший день 2018-06-17: 0.14 при норме 0.35 (Z = -1.5). Вероятная причина — поле не засеяно, под паром или сменилась культура (уверенность 80%). Аргументы: сухая серия 45 дней подряд; соседние поля региона в эти дни чуть ниже нормы (медианный Z -0.5); пик главного сезона всего 0.17 при норме 0.35: кривая плоская с весны — поле не засеяно, под паром или занято другой культурой. Норма: история полигона."
AOI-0067,2021,2021-04-01,2021-04-20,20,5,-2.4533452517743477,-1.3545408623009954,5,-0.10268514830568351,-0.07757227725057936,2021-04-02,0.06628549760355351,0.16897064590923702,весна (всходы и рост),весна (всходы и рост),91,110,критическая,early_decline,0.6,история полигона,ERA5 полигона,0,-0.9161408558864876,0.43859649122807015,"{""available"": true, ""during"": {""precip_mm"": 69.91606899441649, ""temp_c"": 9.992133299509707, ""dry_days"": 8, ""hot_days"": 0, ""max_dry_spell"": 5, ""n_days"": 20, ""precip_deficit_pct"": -177.08811901750482, ""temp_anomaly_c"": 0.036646272871227126, ""precip_norm_mm"": 25.232431199982123, ""temp_norm_c"": 9.95548702663848, ""norm_years"": 15}, ""combined"": {""precip_mm"": 69.91606899441649, ""temp_c"": 9.992133299509707, ""dry_days"": 8, ""hot_days"": 0, ""max_dry_spell"": 5, ""n_days"": 50}, ""source"": ""ERA5 полигона""}","соседние поля региона в эти дни тоже ниже нормы (медианный Z -0.9, ниже нормы 44% из 57 полей) — явление региональное | пик на уровне нормы (188%), но спад начался на 64 дней раньше обычного","AOI-0067, сезон 2021: критическая аномалия с 2021-04-01 по 2021-04-20 (20 дней, 5 наблюдений), фаза — весна (всходы и рост). NDVI в худший день 2021-04-02: 0.07 при норме 0.17 (Z = -2.5). Вероятная причина — ранний спад вегетации (уборка, полегание, болезнь) (уверенность 60%). Аргументы: соседние поля региона в эти дни тоже ниже нормы (медианный Z -0.9, ниже нормы 44% из 57 полей) — явление региональное; пик на уровне нормы (188%), но спад начался на 64 дней раньше обычного. Норма: история полигона."
AOI-0068,2010,2010-04-02,2010-05-07,36,4,-2.0188072957631866,-1.5918018941578442,1,-0.24909196279790285,-0.1835069719611789,2010-04-30,0.1139921326699207,0.36308409546782355,весна (всходы и рост),весна (всходы и рост),92,127,умеренная,unsown_or_changed,0.8,история полигона,ERA5 полигона,0,-0.6855760652562669,0.3508771929824561,"{""available"": true, ""before"": {""precip_mm"": 0.0066653246904024, ""temp_c"": 9.893432235717796, ""dry_days"": 1, ""hot_days"": 0, ""max_dry_spell"": 1, ""n_days"": 1}, ""during"": {""precip_mm"": 37.15851336912124, ""temp_c"": 10.76943250762094, ""dry_days"": 26, ""hot_days"": 0, ""max_dry_spell"": 19, ""n_days"": 36, ""precip_deficit_pct"": 16.108107670167094, ""temp_anomaly_c"": -1.5399027017899485, ""precip_norm_mm"": 44.29333078222536, ""temp_norm_c"": 12.309335209410888, ""norm_years"": 15}, ""combined"": {""precip_mm"": 37.16517869381164, ""temp_c"": 10.74575682459653, ""dry_days"": 27, ""hot_days"": 0, ""max_dry_spell"": 19, ""n_days"": 37}, ""source"": ""ERA5 полигона""}","соседние поля региона в эти дни чуть ниже нормы (медианный Z -0.7) | пик главного сезона всего 0.26 при норме 0.40: кривая плоская с весны — поле не засеяно, под паром или занято другой культурой","AOI-0068, сезон 2010: умеренная аномалия с 2010-04-02 по 2010-05-07 (36 дней, 4 наблюдений), фаза — весна (всходы и рост). NDVI в худший день 2010-04-30: 0.11 при норме 0.36 (Z = -2.0). Вероятная причина — поле не засеяно, под паром или сменилась культура (уверенность 80%). Аргументы: соседние поля региона в эти дни чуть ниже нормы (медианный Z -0.7); пик главного сезона всего 0.26 при норме 0.40: кривая плоская с весны — поле не засеяно, под паром или занято другой культурой. Норма: история полигона."
AOI-0068,2010,2010-05-18,2010-09-24,130,23,-1.6123973430165264,-1.3163366129019864,0,-0.17935840389555008,-0.09652608504066786,2010-06-17,0.13495634885909483,0.2614932492855023,пик вегетации,осень (озимые всходы),138,267,умеренная,unsown_or_changed,0.8,история полигона,ERA5 полигона,0,-0.3301161825316672,0.07017543859649122,"{""available"": true, ""before"": {""precip_mm"": 47.42290998261112, ""temp_c"": 15.248159270816398, ""dry_days"": 24, ""hot_days"": 0, ""max_dry_spell"": 22, ""n_days"": 30, ""precip_deficit_pct"": -31.896723257403934, ""temp_anomaly_c"": 0.15367888768513538, ""precip_norm_mm"": 35.95457780256043, ""temp_norm_c"": 15.094480383131263, ""norm_years"": 15}, ""during"": {""precip_mm"": 139.2650911686406, ""temp_c"": 24.975984710302132, ""dry_days"": 112, ""hot_days"": 51, ""max_dry_spell"": 62, ""n_days"": 130, ""precip_deficit_pct"": -6.8885425774275255, ""temp_anomaly_c"": 1.4072301028868424, ""precip_norm_mm"": 130.29000846162745, ""temp_norm_c"": 23.56875460741529, ""norm_years"": 15}, ""combined"": {""precip_mm"": 186.68800115125174, ""temp_c"": 23.152017440398556, ""dry_days"": 136, ""hot_days"": 51, ""max_dry_spell"": 62, ""n_days"": 160, ""precip_deficit_pct"": -12.297191353092352, ""temp_anomaly_c"": 1.1721892500365207, ""precip_norm_mm"": 166.2445862641879, ""temp_norm_c"": 21.979828190362035, ""norm_years"": 15}, ""source"": ""ERA5 полигона""}","температура выше нормы на 1.2 °C (23.2 против 22.0 °C), жарких дней 51 | сухая серия 62 дней подряд | соседние поля региона в эти дни чуть ниже нормы (медианный Z -0.3) | пик главного сезона всего 0.26 при норме 0.40: кривая плоская с весны — поле не засеяно, под паром или занято другой культурой","AOI-0068, сезон 2010: умеренная аномалия с 2010-05-18 по 2010-09-24 (130 дней, 23 наблюдений), фаза — пик вегетации. NDVI в худший день 2010-06-17: 0.13 при норме 0.26 (Z = -1.6). Вероятная причина — поле не засеяно, под паром или сменилась культура (уверенность 80%). Аргументы: температура выше нормы на 1.2 °C (23.2 против 22.0 °C), жарких дней 51; сухая серия 62 дней подряд; соседние поля региона в эти дни чуть ниже нормы (медианный Z -0.3); пик главного сезона всего 0.26 при норме 0.40: кривая плоская с весны — поле не засеяно, под паром или занято другой культурой. Норма: история полигона."
AOI-0068,2012,2012-04-07,2012-06-20,75,6,-1.7378836196260274,-1.4768802316653642,0,-0.2037456957766868,-0.1692523785291884,2012-04-22,0.1382018931231626,0.3372624556900194,весна (всходы и рост),пик вегетации,98,172,умеренная,unsown_or_changed,0.8,история полигона,ERA5 полигона,0,-0.330456345275948,0.21052631578947367,"{""available"": true, ""before"": {""precip_mm"": 6.254960000092069, ""temp_c"": 8.899834993150535, ""dry_days"": 4, ""hot_days"": 0, ""max_dry_spell"": 4, ""n_days"": 30}, ""during"": {""precip_mm"": 54.904423504581246, ""temp_c"": 20.463365859985373, ""dry_days"": 65, ""hot_days"": 6, ""max_dry_spell"": 22, ""n_days"": 75, ""precip_deficit_pct"": 43.906813910971245, ""temp_anomaly_c"": 3.213971188297979, ""precip_norm_mm"": 97.88073620464212, ""temp_norm_c"": 17.249394671687394, ""norm_years"": 15}, ""combined"": {""precip_mm"": 61.159383504673315, ""temp_c"": 19.60680801799761, ""dry_days"": 69, ""hot_days"": 6, ""max_dry_spell"": 22, ""n_days"": 105}, ""source"": ""ERA5 полигона""}","соседние поля региона в эти дни чуть ниже нормы (медианный Z -0.3) | пик главного сезона всего 0.22 при норме 0.41: кривая плоская с весны — поле не засеяно, под паром или занято другой культурой","AOI-0068, сезон 2012: умеренная аномалия с 2012-04-07 по 2012-06-20 (75 дней, 6 наблюдений), фаза — весна (всходы и рост). NDVI в худший день 2012-04-22: 0.14 при норме 0.34 (Z = -1.7). Вероятная причина — поле не засеяно, под паром или сменилась культура (уверенность 80%). Аргументы: соседние поля региона в эти дни чуть ниже нормы (медианный Z -0.3); пик главного сезона всего 0.22 при норме 0.41: кривая плоская с весны — поле не засеяно, под паром или занято другой культурой. Норма: история полигона."
AOI-0068,2014,2014-09-10,2014-10-30,51,10,-1.625004963610327,-1.404260298325391,0,-0.21540226486391761,-0.12883832299582157,2014-10-10,0.10489487295368731,0.24360652773055863,лето после уборки,осень (озимые всходы),253,303,умеренная,weak_season,0.4,история полигона,ERA5 полигона,0,-0.685693387264769,0.21052631578947367,"{""available"": true, ""before"": {""precip_mm"": 7.796564547273731, ""temp_c"": 25.44392833709719, ""dry_days"": 28, ""hot_days"": 11, ""max_dry_spell"": 20, ""n_days"": 30, ""precip_deficit_pct"": 63.931970521749435, ""temp_anomaly_c"": 1.5870628526475699, ""precip_norm_mm"": 21.616275299916644, ""temp_norm_c"": 23.85686548444962, ""norm_years"": 15}, ""during"": {""precip_mm"": 67.99098068678333, ""temp_c"": 10.735811705994477, ""dry_days"": 38, ""hot_days"": 0, ""max_dry_spell"": 14, ""n_days"": 51, ""precip_deficit_pct"": -9.000514692178307, ""temp_anomaly_c"": -2.680589155226224, ""precip_norm_mm"": 62.37675196194487, ""temp_norm_c"": 13.416400861220701, ""norm_years"": 15}, ""combined"": {""precip_mm"": 75.78754523405706, ""temp_c"": 16.183262310106596, ""dry_days"": 66, ""hot_days"": 11, ""max_dry_spell"": 20, ""n_days"": 81, ""precip_deficit_pct"": 9.76924191840659, ""temp_anomaly_c"": -1.09997730045815, ""precip_norm_mm"": 83.99302726186151, ""temp_norm_c"": 17.283239610564745, ""norm_years"": 15}, ""source"": ""ERA5 полигона""}",сухая серия 20 дней подряд | соседние поля региона в эти дни чуть ниже нормы (медианный Z -0.7) | погодного сигнала нет; вероятны агротехнические причины,"AOI-0068, сезон 2014: умеренная аномалия с 2014-09-10 по 2014-10-30 (51 дней, 10 наблюдений), фаза — лето после уборки. NDVI в худший день 2014-10-10: 0.10 при норме 0.24 (Z = -1.6). Вероятная причина — ослабленный сезон без явной погодной причины (уверенность 40%). Аргументы: сухая серия 20 дней подряд; соседние поля региона в эти дни чуть ниже нормы (медианный Z -0.7); погодного сигнала нет; вероятны агротехнические причины. Норма: история полигона."
AOI-0068,2018,2018-05-07,2018-07-20,75,14,-1.408457347373409,-1.2758231071295625,0,-0.16349923410312098,-0.11393667838424686,2018-07-02,0.12680897322357085,0.196244801823327,весна (всходы и рост),созревание и уборка,127,201,умеренная,unsown_or_changed,0.8,история полигона,ERA5 полигона,0,-0.48445300596442215,0.17543859649122806,"{""available"": true, ""before"": {""precip_mm"": 15.37323684498304, ""temp_c"": 13.195527744293232, ""dry_days"": 25, ""hot_days"": 0, ""max_dry_spell"": 12, ""n_days"": 30, ""precip_deficit_pct"": 57.67428387133398, ""temp_anomaly_c"": 0.4680509263497772, ""precip_norm_mm"": 36.321268134601446, ""temp_norm_c"": 12.727476817943455, ""norm_years"": 15}, ""during"": {""precip_mm"": 62.657369371692084, ""temp_c"": 23.904274097018796, ""dry_days"": 63, ""hot_days"": 20, ""max_dry_spell"": 25, ""n_days"": 75, ""precip_deficit_pct"": 32.52064358367848, ""temp_anomaly_c"": 1.2389084650675457, ""precip_norm_mm"": 92.85413006182269, ""temp_norm_c"": 22.66536563195125, ""norm_years"": 15}, ""combined"": {""precip_mm"": 78.03060621667512, ""temp_c"": 20.84463228195435, ""dry_days"": 88, ""hot_days"": 20, ""max_dry_spell"": 25, ""n_days"": 105, ""precip_deficit_pct"": 39.59329151978168, ""temp_anomaly_c"": 1.0186634540053312, ""precip_norm_mm"": 129.17539819642414, ""temp_norm_c"": 19.82596882794902, ""norm_years"": 15}, ""source"": ""ERA5 полигона""}","температура выше нормы на 1.0 °C (20.8 против 19.8 °C), жарких дней 20 | сухая серия 25 дней подряд | за 30 дней до эпизода: осадков 15 мм при норме 36 мм | соседние поля региона в эти дни чуть ниже нормы (медианный Z -0.5) | пик главного сезона всего 0.25 при норме 0.41: кривая плоская с весны — поле не засеяно, под паром или занято другой культурой","AOI-0068, сезон 2018: умеренная аномалия с 2018-05-07 по 2018-07-20 (75 дней, 14 наблюдений), фаза — весна (всходы и рост). NDVI в худший день 2018-07-02: 0.13 при норме 0.20 (Z = -1.4). Вероятная причина — поле не засеяно, под паром или сменилась культура (уверенность 80%). Аргументы: температура выше нормы на 1.0 °C (20.8 против 19.8 °C), жарких дней 20; сухая серия 25 дней подряд; за 30 дней до эпизода: осадков 15 мм при норме 36 мм; соседние поля региона в эти дни чуть ниже нормы (медианный Z -0.5); пик главного сезона всего 0.25 при норме 0.41: кривая плоская с весны — поле не засеяно, под паром или занято другой культурой. Норма: история полигона."
AOI-0068,2020,2020-09-13,2020-10-30,48,12,-1.712285413668268,-1.3745079556733064,0,-0.22549239502821103,-0.1280869022277593,2020-10-30,0.09122837782030446,0.25122419152757597,лето после уборки,осень (озимые всходы),257,304,умеренная,weather_drought,0.8,история полигона,ERA5 полигона,0,-0.8866759966755687,0.40350877192982454,"{""available"": true, ""before"": {""precip_mm"": 0.3136680402242564, ""temp_c"": 23.424659591250972, ""dry_days"": 30, ""hot_days"": 2, ""max_dry_spell"": 30, ""n_days"": 30, ""precip_deficit_pct"": 98.61028309523763, ""temp_anomaly_c"": 0.37673666965813624, ""precip_norm_mm"": 22.57064292370351, ""temp_norm_c"": 23.047922921592836, ""norm_years"": 15}, ""during"": {""precip_mm"": 25.26488308694042, ""temp_c"": 15.327777613533895, ""dry_days"": 44, ""hot_days"": 0, ""max_dry_spell"": 36, ""n_days"": 48, ""precip_deficit_pct"": 60.709831465761724, ""temp_anomaly_c"": 2.5597902929341405, ""precip_norm_mm"": 64.30332072748446, ""temp_norm_c"": 12.767987320599754, ""norm_years"": 15}, ""combined"": {""precip_mm"": 25.578551127164676, ""temp_c"": 18.441962989578926, ""dry_days"": 74, ""hot_days"": 2, ""max_dry_spell"": 66, ""n_days"": 78, ""precip_deficit_pct"": 70.5567122160255, ""temp_anomaly_c"": 1.7201542839818345, ""precip_norm_mm"": 86.87396365118796, ""temp_norm_c"": 16.72180870559709, ""norm_years"": 15}, ""source"": ""ERA5 полигона""}","за 30 дней до и во время эпизода осадков 26 мм при норме 87 мм (дефицит 71 %) | сухая серия 66 дней подряд | за 30 дней до эпизода: осадков 0 мм при норме 23 мм | во время эпизода: осадков 25 мм при норме 64 мм | соседние поля региона в эти дни тоже ниже нормы (медианный Z -0.9, ниже нормы 40% из 57 полей) — явление региональное","AOI-0068, сезон 2020: умеренная аномалия с 2020-09-13 по 2020-10-30 (48 дней, 12 наблюдений), фаза — лето после уборки. NDVI в худший день 2020-10-30: 0.09 при норме 0.25 (Z = -1.7). Вероятная причина — погодный стресс: дефицит осадков и/или жара (уверенность 80%). Аргументы: за 30 дней до и во время эпизода осадков 26 мм при норме 87 мм (дефицит 71 %); сухая серия 66 дней подряд; за 30 дней до эпизода: осадков 0 мм при норме 23 мм; во время эпизода: осадков 25 мм при норме 64 мм; соседние поля региона в эти дни тоже ниже нормы (медианный Z -0.9, ниже нормы 40% из 57 полей) — явление региональное. Норма: история полигона."
AOI-0068,2024,2024-05-03,2024-06-29,58,17,-1.721333231635315,-1.4091750615192584,0,-0.21115745143426057,-0.1506785227801129,2024-05-16,0.20168832178447582,0.4128457732187364,весна (всходы и рост),созревание и уборка,124,181,умеренная,unsown_or_changed,0.8,история полигона,ERA5 полигона,0,-0.0938455764913998,0.2807017543859649,"{""available"": true, ""before"": {""precip_mm"": 19.263163753093338, ""temp_c"": 16.287902609507267, ""dry_days"": 26, ""hot_days"": 0, ""max_dry_spell"": 11, ""n_days"": 30, ""precip_deficit_pct"": 50.25599427328717, ""temp_anomaly_c"": 4.92938229242961, ""precip_norm_mm"": 38.72459298698759, ""temp_norm_c"": 11.358520317077657, ""norm_years"": 15}, ""during"": {""precip_mm"": 17.872929125344328, ""temp_c"": 20.944795775139493, ""dry_days"": 54, ""hot_days"": 9, ""max_dry_spell"": 24, ""n_days"": 58, ""precip_deficit_pct"": 76.01707693529835, ""temp_anomaly_c"": -0.05436548364573213, ""precip_norm_mm"": 74.52356444260921, ""temp_norm_c"": 20.999161258785225, ""norm_years"": 15}, ""combined"": {""precip_mm"": 37.136092878437665, ""temp_c"": 19.35721855958305, ""dry_days"": 80, ""hot_days"": 9, ""max_dry_spell"": 27, ""n_days"": 88, ""precip_deficit_pct"": 67.20821448991421, ""temp_anomaly_c"": 1.644639440016313, ""precip_norm_mm"": 113.24815742959682, ""temp_norm_c"": 17.712579119566737, ""norm_years"": 15}, ""source"": ""ERA5 полигона""}","за 30 дней до и во время эпизода осадков 37 мм при норме 113 мм (дефицит 67 %) | температура выше нормы на 1.6 °C (19.4 против 17.7 °C), жарких дней 9 | сухая серия 27 дней подряд | за 30 дней до эпизода: осадков 19 мм при норме 39 мм | во время эпизода: осадков 18 мм при норме 75 мм | другие поля региона в эти дни в норме (медианный Z -0.1, ниже нормы 28% из 57) — причина локальная, на самом поле | пик главного сезона всего 0.26 при норме 0.41: кривая плоская с весны — поле не засеяно, под паром или занято другой культурой","AOI-0068, сезон 2024: умеренная аномалия с 2024-05-03 по 2024-06-29 (58 дней, 17 наблюдений), фаза — весна (всходы и рост). NDVI в худший день 2024-05-16: 0.20 при норме 0.41 (Z = -1.7). Вероятная причина — поле не засеяно, под паром или сменилась культура (уверенность 80%). Аргументы: за 30 дней до и во время эпизода осадков 37 мм при норме 113 мм (дефицит 67 %); температура выше нормы на 1.6 °C (19.4 против 17.7 °C), жарких дней 9; сухая серия 27 дней подряд; за 30 дней до эпизода: осадков 19 мм при норме 39 мм; во время эпизода: осадков 18 мм при норме 75 мм; другие поля региона в эти дни в норме (медианный Z -0.1, ниже нормы 28% из 57) — причина локальная, на самом поле; пик главного сезона всего 0.26 при норме 0.41: кривая плоская с весны — поле не засеяно, под паром или занято другой культурой. Норма: история полигона."
AOI-0069,2012,2012-05-09,2012-07-07,60,4,-1.9939733670999236,-1.5143529609272224,0,-0.278337757760892,-0.21665477815898998,2012-06-08,0.11586832700739226,0.3840967278703985,весна (всходы и рост),созревание и уборка,130,189,умеренная,unsown_or_changed,0.8,история полигона,ERA5 полигона,0,-0.3041730629249596,0.22807017543859648,"{""available"": true, ""before"": {""precip_mm"": 10.481839266667743, ""temp_c"": 16.570620418730257, ""dry_days"": 27, ""hot_days"": 0, ""max_dry_spell"": 15, ""n_days"": 30, ""precip_deficit_pct"": 70.71040222103525, ""temp_anomaly_c"": 3.722556094517781, ""precip_norm_mm"": 35.78690067978881, ""temp_norm_c"": 12.848064324212476, ""norm_years"": 15}, ""during"": {""precip_mm"": 54.50141614465868, ""temp_c"": 23.768542728726846, ""dry_days"": 49, ""hot_days"": 9, ""max_dry_spell"": 14, ""n_days"": 60, ""precip_deficit_pct"": 28.15797849543945, ""temp_anomaly_c"": 1.8291418172442633, ""precip_norm_mm"": 75.86286549745668, ""temp_norm_c"": 21.939400911482583, ""norm_years"": 15}, ""combined"": {""precip_mm"": 64.98325541132643, ""temp_c"": 21.369235292061315, ""dry_days"": 76, ""hot_days"": 9, ""max_dry_spell"": 22, ""n_days"": 90, ""precip_deficit_pct"": 41.797231076897525, ""temp_anomaly_c"": 2.4602799096687704, ""precip_norm_mm"": 111.6497661772455, ""temp_norm_c"": 18.908955382392545, ""norm_years"": 15}, ""source"": ""ERA5 полигона""}","за 30 дней до и во время эпизода осадков 65 мм при норме 112 мм (дефицит 42 %) | температура выше нормы на 2.5 °C (21.4 против 18.9 °C), жарких дней 9 | сухая серия 22 дней подряд | за 30 дней до эпизода: осадков 10 мм при норме 36 мм | соседние поля региона в эти дни чуть ниже нормы (медианный Z -0.3) | пик главного сезона всего 0.22 при норме 0.46: кривая плоская с весны — поле не засеяно, под паром или занято другой культурой","AOI-0069, сезон 2012: умеренная аномалия с 2012-05-09 по 2012-07-07 (60 дней, 4 наблюдений), фаза — весна (всходы и рост). NDVI в худший день 2012-06-08: 0.12 при норме 0.38 (Z = -2.0). Вероятная причина — поле не засеяно, под паром или сменилась культура (уверенность 80%). Аргументы: за 30 дней до и во время эпизода осадков 65 мм при норме 112 мм (дефицит 42 %); температура выше нормы на 2.5 °C (21.4 против 18.9 °C), жарких дней 9; сухая серия 22 дней подряд; за 30 дней до эпизода: осадков 10 мм при норме 36 мм; соседние поля региона в эти дни чуть ниже нормы (медианный Z -0.3); пик главного сезона всего 0.22 при норме 0.46: кривая плоская с весны — поле не засеяно, под паром или занято другой культурой. Норма: история полигона."
AOI-0069,2012,2012-08-01,2012-10-18,79,8,-1.4529309241947952,-1.2358076177251813,0,-0.1971983537812071,-0.0894496337988744,2012-08-13,0.08658628965713205,0.14470352662492386,созревание и уборка,осень (озимые всходы),214,292,умеренная,weak_season,0.6,история полигона,ERA5 полигона,0,-0.2936087537169424,0.14035087719298245,"{""available"": true, ""before"": {""precip_mm"": 28.544413282713066, ""temp_c"": 26.20003540705123, ""dry_days"": 26, ""hot_days"": 11, ""max_dry_spell"": 20, ""n_days"": 30, ""precip_deficit_pct"": 9.320121655090198, ""temp_anomaly_c"": -0.2873843377733998, ""precip_norm_mm"": 31.478221854402577, ""temp_norm_c"": 26.48741974482463, ""norm_years"": 15}, ""during"": {""precip_mm"": 41.89857875385325, ""temp_c"": 20.505444610255417, ""dry_days"": 70, ""hot_days"": 14, ""max_dry_spell"": 27, ""n_days"": 79, ""precip_deficit_pct"": 40.02266425303566, ""temp_anomaly_c"": 0.6720625500854354, ""precip_norm_mm"": 69.85735233491741, ""temp_norm_c"": 19.83338206016998, ""norm_years"": 15}, ""combined"": {""precip_mm"": 70.44299203656632, ""temp_c"": 22.072763178180875, ""dry_days"": 96, ""hot_days"": 25, ""max_dry_spell"": 35, ""n_days"": 109, ""precip_deficit_pct"": 30.48542666274202, ""temp_anomaly_c"": 0.4079945992986076, ""precip_norm_mm"": 101.33557418932, ""temp_norm_c"": 21.664768578882267, ""norm_years"": 15}, ""source"": ""ERA5 полигона""}","сухая серия 35 дней подряд | другие поля региона в эти дни в норме (медианный Z -0.3, ниже нормы 14% из 57) — причина локальная, на самом поле | пик сезона 47% от нормы без явного погодного сигнала","AOI-0069, сезон 2012: умеренная аномалия с 2012-08-01 по 2012-10-18 (79 дней, 8 наблюдений), фаза — созревание и уборка. NDVI в худший день 2012-08-13: 0.09 при норме 0.14 (Z = -1.5). Вероятная причина — ослабленный сезон без явной погодной причины (уверенность 60%). Аргументы: сухая серия 35 дней подряд; другие поля региона в эти дни в норме (медианный Z -0.3, ниже нормы 14% из 57) — причина локальная, на самом поле; пик сезона 47% от нормы без явного погодного сигнала. Норма: история полигона."
AOI-0069,2015,2015-04-01,2015-07-02,93,16,-1.908886004434885,-1.3763717915280365,0,-0.30801371727190574,-0.239974300397446,2015-06-04,0.1377356881205067,0.4179150901643467,весна (всходы и рост),созревание и уборка,91,183,умеренная,unsown_or_changed,0.8,история полигона,ERA5 полигона,0,-0.3242146845255565,0.17543859649122806,"{""available"": true, ""during"": {""precip_mm"": 98.85683161377452, ""temp_c"": 17.635971183991735, ""dry_days"": 61, ""hot_days"": 8, ""max_dry_spell"": 16, ""n_days"": 93, ""precip_deficit_pct"": 14.393692424811599, ""temp_anomaly_c"": -0.13340250426418265, ""precip_norm_mm"": 115.47844360294144, ""temp_norm_c"": 17.769373688255918, ""norm_years"": 15}, ""combined"": {""precip_mm"": 98.85683161377453, ""temp_c"": 17.635971183991735, ""dry_days"": 61, ""hot_days"": 8, ""max_dry_spell"": 16, ""n_days"": 123}, ""source"": ""ERA5 полигона""}","соседние поля региона в эти дни чуть ниже нормы (медианный Z -0.3) | пик главного сезона всего 0.16 при норме 0.47: кривая плоская с весны — поле не засеяно, под паром или занято другой культурой","AOI-0069, сезон 2015: умеренная аномалия с 2015-04-01 по 2015-07-02 (93 дней, 16 наблюдений), фаза — весна (всходы и рост). NDVI в худший день 2015-06-04: 0.14 при норме 0.42 (Z = -1.9). Вероятная причина — поле не засеяно, под паром или сменилась культура (уверенность 80%). Аргументы: соседние поля региона в эти дни чуть ниже нормы (медианный Z -0.3); пик главного сезона всего 0.16 при норме 0.47: кривая плоская с весны — поле не засеяно, под паром или занято другой культурой. Норма: история полигона."
AOI-0069,2017,2017-04-22,2017-06-24,64,16,-1.6353921560650155,-1.3266053161280944,0,-0.29658989516821177,-0.2428701165880377,2017-05-31,0.1717187221796347,0.4377558233908336,весна (всходы и рост),пик вегетации,112,175,умеренная,unsown_or_changed,0.8,история полигона,ERA5 полигона,0,0.613633275341203,0.08771929824561403,"{""available"": true, ""before"": {""precip_mm"": 25.87699555305077, ""temp_c"": 9.629828216483556, ""dry_days"": 15, ""hot_days"": 0, ""max_dry_spell"": 4, ""n_days"": 30}, ""during"": {""precip_mm"": 120.77107713644048, ""temp_c"": 16.93171704411509, ""dry_days"": 42, ""hot_days"": 0, ""max_dry_spell"": 14, ""n_days"": 64, ""precip_deficit_pct"": -62.71106251243135, ""temp_anomaly_c"": -2.6048563363060104, ""precip_norm_mm"": 74.22425695684545, ""temp_norm_c"": 19.5365733804211, ""norm_years"": 15}, ""combined"": {""precip_mm"": 146.64807268949127, ""temp_c"": 15.127720980817887, ""dry_days"": 57, ""hot_days"": 0, ""max_dry_spell"": 14, ""n_days"": 94, ""precip_deficit_pct"": -40.67754541150601, ""temp_anomaly_c"": -2.067480271105225, ""precip_norm_mm"": 104.24412244364973, ""temp_norm_c"": 17.195201251923113, ""norm_years"": 15}, ""source"": ""ERA5 полигона""}","другие поля региона в эти дни в норме (медианный Z 0.6, ниже нормы 9% из 57) — причина локальная, на самом поле | пик главного сезона всего 0.18 при норме 0.47: кривая плоская с весны — поле не засеяно, под паром или занято другой культурой","AOI-0069, сезон 2017: умеренная аномалия с 2017-04-22 по 2017-06-24 (64 дней, 16 наблюдений), фаза — весна (всходы и рост). NDVI в худший день 2017-05-31: 0.17 при норме 0.44 (Z = -1.6). Вероятная причина — поле не засеяно, под паром или сменилась культура (уверенность 80%). Аргументы: другие поля региона в эти дни в норме (медианный Z 0.6, ниже нормы 9% из 57) — причина локальная, на самом поле; пик главного сезона всего 0.18 при норме 0.47: кривая плоская с весны — поле не засеяно, под паром или занято другой культурой. Норма: история полигона."
AOI-0069,2020,2020-04-27,2020-06-25,60,16,-1.6380602755236808,-1.323750839044087,0,-0.27919947380996224,-0.23084497032380555,2020-06-02,0.17083312517530866,0.421937348018523,весна (всходы и рост),созревание и уборка,118,177,умеренная,unsown_or_changed,0.8,история полигона,ERA5 полигона,0,-0.10007860477553675,0.08771929824561403,"{""available"": true, ""before"": {""precip_mm"": 18.549082328503022, ""temp_c"": 8.480256223154615, ""dry_days"": 22, ""hot_days"": 0, ""max_dry_spell"": 10, ""n_days"": 30, ""precip_deficit_pct"": 48.38418657777029, ""temp_anomaly_c"": -2.1500124543577748, ""precip_norm_mm"": 35.93682071183707, ""temp_norm_c"": 10.63026867751239, ""norm_years"": 15}, ""during"": {""precip_mm"": 107.98625605360154, ""temp_c"": 19.540225392296225, ""dry_days"": 39, ""hot_days"": 9, ""max_dry_spell"": 20, ""n_days"": 60, ""precip_deficit_pct"": -52.63540896870096, ""temp_anomaly_c"": -0.5370196963281657, ""precip_norm_mm"": 70.7478407423437, ""temp_norm_c"": 20.07724508862439, ""norm_years"": 15}, ""combined"": {""precip_mm"": 126.53533838210456, ""temp_c"": 16.19651378302085, ""dry_days"": 61, ""hot_days"": 9, ""max_dry_spell"": 20, ""n_days"": 90, ""precip_deficit_pct"": -18.60687061977442, ""temp_anomaly_c"": -1.0246686696859513, ""precip_norm_mm"": 106.68466145418078, ""temp_norm_c"": 17.221182452706802, ""norm_years"": 15}, ""source"": ""ERA5 полигона""}","сухая серия 20 дней подряд | другие поля региона в эти дни в норме (медианный Z -0.1, ниже нормы 9% из 57) — причина локальная, на самом поле | пик главного сезона всего 0.19 при норме 0.46: кривая плоская с весны — поле не засеяно, под паром или занято другой культурой","AOI-0069, сезон 2020: умеренная аномалия с 2020-04-27 по 2020-06-25 (60 дней, 16 наблюдений), фаза — весна (всходы и рост). NDVI в худший день 2020-06-02: 0.17 при норме 0.42 (Z = -1.6). Вероятная причина — поле не засеяно, под паром или сменилась культура (уверенность 80%). Аргументы: сухая серия 20 дней подряд; другие поля региона в эти дни в норме (медианный Z -0.1, ниже нормы 9% из 57) — причина локальная, на самом поле; пик главного сезона всего 0.19 при норме 0.46: кривая плоская с весны — поле не засеяно, под паром или занято другой культурой. Норма: история полигона."
AOI-0070,2012,2012-05-21,2012-10-29,162,16,-1.9642125087015982,-1.3588391598574698,0,-0.19555198796312342,-0.14357899275667557,2012-06-25,0.1035794891718442,0.261288384465565,пик вегетации,осень (озимые всходы),142,303,умеренная,unsown_or_changed,0.8,история полигона,ERA5 полигона,0,-0.29360040829059797,0.07017543859649122,"{""available"": true, ""before"": {""precip_mm"": 12.238761064130205, ""temp_c"": 19.86830980512833, ""dry_days"": 26, ""hot_days"": 0, ""max_dry_spell"": 22, ""n_days"": 30, ""precip_deficit_pct"": 71.27325486121777, ""temp_anomaly_c"": 4.543546942565662, ""precip_norm_mm"": 42.60406462689501, ""temp_norm_c"": 15.324762862562668, ""norm_years"": 15}, ""during"": {""precip_mm"": 117.05774768213413, ""temp_c"": 21.79362553691125, ""dry_days"": 143, ""hot_days"": 34, ""max_dry_spell"": 36, ""n_days"": 162, ""precip_deficit_pct"": 29.536757852478534, ""temp_anomaly_c"": 0.7250110572148643, ""precip_norm_mm"": 166.12597450038228, ""temp_norm_c"": 21.068614479696386, ""norm_years"": 15}, ""combined"": {""precip_mm"": 129.29650874626435, ""temp_c"": 21.492794953820166, ""dry_days"": 169, ""hot_days"": 34, ""max_dry_spell"": 36, ""n_days"": 192, ""precip_deficit_pct"": 38.055629517022595, ""temp_anomaly_c"": 1.3216572893009264, ""precip_norm_mm"": 208.7300391272773, ""temp_norm_c"": 20.17113766451924, ""norm_years"": 15}, ""source"": ""ERA5 полигона""}","температура выше нормы на 1.3 °C (21.5 против 20.2 °C), жарких дней 34 | сухая серия 36 дней подряд | за 30 дней до эпизода: осадков 12 мм при норме 43 мм | другие поля региона в эти дни в норме (медианный Z -0.3, ниже нормы 7% из 57) — причина локальная, на самом поле | пик главного сезона всего 0.29 при норме 0.43: кривая плоская с весны — поле не засеяно, под паром или занято другой культурой","AOI-0070, сезон 2012: умеренная аномалия с 2012-05-21 по 2012-10-29 (162 дней, 16 наблюдений), фаза — пик вегетации. NDVI в худший день 2012-06-25: 0.10 при норме 0.26 (Z = -2.0). Вероятная причина — поле не засеяно, под паром или сменилась культура (уверенность 80%). Аргументы: температура выше нормы на 1.3 °C (21.5 против 20.2 °C), жарких дней 34; сухая серия 36 дней подряд; за 30 дней до эпизода: осадков 12 мм при норме 43 мм; другие поля региона в эти дни в норме (медианный Z -0.3, ниже нормы 7% из 57) — причина локальная, на самом поле; пик главного сезона всего 0.29 при норме 0.43: кривая плоская с весны — поле не засеяно, под паром или занято другой культурой. Норма: история полигона."
AOI-0070,2014,2014-10-04,2014-10-30,27,6,-1.4457469181115326,-1.240436509899042,0,-0.16270980845416155,-0.1480254940100209,2014-10-21,0.13321100147321985,0.29255938890111893,осень (озимые всходы),осень (озимые всходы),277,303,умеренная,weather_drought,0.5,история полигона,ERA5 полигона,0,-0.7168928399761044,0.21052631578947367,"{""available"": true, ""before"": {""precip_mm"": 31.98596731383279, ""temp_c"": 16.24804457676266, ""dry_days"": 22, ""hot_days"": 0, ""max_dry_spell"": 6, ""n_days"": 30, ""precip_deficit_pct"": 11.990035088516127, ""temp_anomaly_c"": -1.3164437774375592, ""precip_norm_mm"": 36.34357466907607, ""temp_norm_c"": 17.56448835420022, ""norm_years"": 15}, ""during"": {""precip_mm"": 35.0797125328827, ""temp_c"": 7.2178283403603585, ""dry_days"": 22, ""hot_days"": 0, ""max_dry_spell"": 13, ""n_days"": 27, ""precip_deficit_pct"": -6.9244973853080705, ""temp_anomaly_c"": -3.190473573350661, ""precip_norm_mm"": 32.80792838938593, ""temp_norm_c"": 10.40830191371102, ""norm_years"": 15}, ""combined"": {""precip_mm"": 67.06567984671548, ""temp_c"": 11.970573727940517, ""dry_days"": 44, ""hot_days"": 0, ""max_dry_spell"": 15, ""n_days"": 57, ""precip_deficit_pct"": 3.016309291185071, ""temp_anomaly_c"": -2.2041421018174496, ""precip_norm_mm"": 69.151503058462, ""temp_norm_c"": 14.174715829757966, ""norm_years"": 15}, ""source"": ""ERA5 полигона""}","сухая серия 15 дней подряд | соседние поля региона в эти дни тоже ниже нормы (медианный Z -0.7, ниже нормы 21% из 57 полей) — явление региональное | явного дефицита осадков в ERA5 нет, но угнетены все поля региона — вероятен региональный погодный фактор (заморозки, суховей, град)","AOI-0070, сезон 2014: умеренная аномалия с 2014-10-04 по 2014-10-30 (27 дней, 6 наблюдений), фаза — осень (озимые всходы). NDVI в худший день 2014-10-21: 0.13 при норме 0.29 (Z = -1.4). Вероятная причина — погодный стресс: дефицит осадков и/или жара (уверенность 50%). Аргументы: сухая серия 15 дней подряд; соседние поля региона в эти дни тоже ниже нормы (медианный Z -0.7, ниже нормы 21% из 57 полей) — явление региональное; явного дефицита осадков в ERA5 нет, но угнетены все поля региона — вероятен региональный погодный фактор (заморозки, суховей, град). Норма: история полигона."
AOI-0070,2015,2015-04-01,2015-04-09,9,2,-1.6400822287038617,-1.3256682456785205,0,-0.12560073352443568,-0.11073226721799431,2015-04-01,0.1347297806568224,0.23547601020813316,весна (всходы и рост),весна (всходы и рост),91,99,умеренная,weak_season,0.4,история полигона,ERA5 полигона,0,-0.6523703298208914,0.3090909090909091,"{""available"": true, ""during"": {""precip_mm"": 23.825700908414795, ""temp_c"": 6.224697618523761, ""dry_days"": 4, ""hot_days"": 0, ""max_dry_spell"": 3, ""n_days"": 9, ""precip_deficit_pct"": -115.05045427460084, ""temp_anomaly_c"": -2.616066954917544, ""precip_norm_mm"": 11.079121403757387, ""temp_norm_c"": 8.840764573441305, ""norm_years"": 15}, ""combined"": {""precip_mm"": 23.825700908414795, ""temp_c"": 6.224697618523761, ""dry_days"": 4, ""hot_days"": 0, ""max_dry_spell"": 3, ""n_days"": 39}, ""source"": ""ERA5 полигона""}",соседние поля региона в эти дни чуть ниже нормы (медианный Z -0.7) | погодного сигнала нет; вероятны агротехнические причины,"AOI-0070, сезон 2015: умеренная аномалия с 2015-04-01 по 2015-04-09 (9 дней, 2 наблюдений), фаза — весна (всходы и рост). NDVI в худший день 2015-04-01: 0.13 при норме 0.24 (Z = -1.6). Вероятная причина — ослабленный сезон без явной погодной причины (уверенность 40%). Аргументы: соседние поля региона в эти дни чуть ниже нормы (медианный Z -0.7); погодного сигнала нет; вероятны агротехнические причины. Норма: история полигона."
AOI-0070,2020,2020-09-24,2020-10-30,37,12,-1.422366925508983,-1.2135076468352703,0,-0.16726755193641607,-0.14527008159294438,2020-10-20,0.13535369846304066,0.2924165424351309,осень (озимые всходы),осень (озимые всходы),268,304,умеренная,weather_drought,0.8,история полигона,ERA5 полигона,0,-0.8879470342427104,0.40350877192982454,"{""available"": true, ""before"": {""precip_mm"": 0.4200521667535707, ""temp_c"": 21.43344297291322, ""dry_days"": 30, ""hot_days"": 2, ""max_dry_spell"": 30, ""n_days"": 30, ""precip_deficit_pct"": 98.67304125923471, ""temp_anomaly_c"": 0.9889929957448658, ""precip_norm_mm"": 31.655254519165645, ""temp_norm_c"": 20.444449977168354, ""norm_years"": 15}, ""during"": {""precip_mm"": 20.686899325410714, ""temp_c"": 14.91872300080234, ""dry_days"": 34, ""hot_days"": 0, ""max_dry_spell"": 25, ""n_days"": 37, ""precip_deficit_pct"": 53.96508665137295, ""temp_anomaly_c"": 3.727995481672469, ""precip_norm_mm"": 44.93741341217857, ""temp_norm_c"": 11.19072751912987, ""norm_years"": 15}, ""combined"": {""precip_mm"": 21.106951492164285, ""temp_c"": 17.83576179428482, ""dry_days"": 64, ""hot_days"": 2, ""max_dry_spell"": 55, ""n_days"": 67, ""precip_deficit_pct"": 72.44259527415335, ""temp_anomaly_c"": 2.501576458122793, ""precip_norm_mm"": 76.59266793134421, ""temp_norm_c"": 15.334185336162028, ""norm_years"": 15}, ""source"": ""ERA5 полигона""}","за 30 дней до и во время эпизода осадков 21 мм при норме 77 мм (дефицит 72 %) | сухая серия 55 дней подряд | за 30 дней до эпизода: осадков 0 мм при норме 32 мм | во время эпизода: осадков 21 мм при норме 45 мм | соседние поля региона в эти дни тоже ниже нормы (медианный Z -0.9, ниже нормы 40% из 57 полей) — явление региональное","AOI-0070, сезон 2020: умеренная аномалия с 2020-09-24 по 2020-10-30 (37 дней, 12 наблюдений), фаза — осень (озимые всходы). NDVI в худший день 2020-10-20: 0.14 при норме 0.29 (Z = -1.4). Вероятная причина — погодный стресс: дефицит осадков и/или жара (уверенность 80%). Аргументы: за 30 дней до и во время эпизода осадков 21 мм при норме 77 мм (дефицит 72 %); сухая серия 55 дней подряд; за 30 дней до эпизода: осадков 0 мм при норме 32 мм; во время эпизода: осадков 21 мм при норме 45 мм; соседние поля региона в эти дни тоже ниже нормы (медианный Z -0.9, ниже нормы 40% из 57 полей) — явление региональное. Норма: история полигона."
AOI-0071,2012,2012-05-28,2012-10-06,132,8,-2.123026388562171,-1.428057791774863,14,-0.17338302799571356,-0.12114070960695113,2012-06-16,0.17186886384660466,0.32891358735018866,пик вегетации,осень (озимые всходы),149,280,критическая,early_decline,0.6,история полигона,ERA5 региона (медиана соседних полей),0,-0.312391893810707,0.08771929824561403,"{""available"": true, ""before"": {""precip_mm"": 32.13615047388885, ""temp_c"": 20.857001883491662, ""dry_days"": 25, ""hot_days"": 0, ""max_dry_spell"": 19, ""n_days"": 30, ""precip_deficit_pct"": 30.319889378558994, ""temp_anomaly_c"": 4.2134365530939135, ""precip_norm_mm"": 46.11954571725429, ""temp_norm_c"": 16.64356533039775, ""norm_years"": 15}, ""during"": {""precip_mm"": 89.78971365281149, ""temp_c"": 23.203889081079435, ""dry_days"": 108, ""hot_days"": 29, ""max_dry_spell"": 35, ""n_days"": 132, ""precip_deficit_pct"": 18.14462828678757, ""temp_anomaly_c"": 0.25848093415815043, ""precip_norm_mm"": 109.6931230944717, ""temp_norm_c"": 22.945408146921284, ""norm_years"": 15}, ""combined"": {""precip_mm"": 121.92586412670033, ""temp_c"": 22.769280340785404, ""dry_days"": 133, ""hot_days"": 29, ""max_dry_spell"": 35, ""n_days"": 162, ""precip_deficit_pct"": 21.748427097396227, ""temp_anomaly_c"": 0.9908801228499549, ""precip_norm_mm"": 155.81266881172598, ""temp_norm_c"": 21.77840021793545, ""norm_years"": 15}, ""source"": ""ERA5 региона (медиана соседних полей)""}","сухая серия 35 дней подряд | соседние поля региона в эти дни чуть ниже нормы (медианный Z -0.3) | пик на уровне нормы (119%), но спад начался на 52 дней раньше обычного","AOI-0071, сезон 2012: критическая аномалия с 2012-05-28 по 2012-10-06 (132 дней, 8 наблюдений), фаза — пик вегетации. NDVI в худший день 2012-06-16: 0.17 при норме 0.33 (Z = -2.1). Вероятная причина — ранний спад вегетации (уборка, полегание, болезнь) (уверенность 60%). Аргументы: сухая серия 35 дней подряд; соседние поля региона в эти дни чуть ниже нормы (медианный Z -0.3); пик на уровне нормы (119%), но спад начался на 52 дней раньше обычного. Норма: история полигона."
AOI-0071,2014,2014-09-20,2014-10-30,41,9,-1.5344706239677566,-1.303837422338346,0,-0.1162524178797123,-0.09056932940868935,2014-10-25,0.15098177262535878,0.22275508620386902,осень (озимые всходы),осень (озимые всходы),263,303,умеренная,early_decline,0.6,история полигона,ERA5 региона (медиана соседних полей),0,-0.7001748598275886,0.21052631578947367,"{""available"": true, ""before"": {""precip_mm"": 8.447791015626649, ""temp_c"": 22.27910699632435, ""dry_days"": 28, ""hot_days"": 2, ""max_dry_spell"": 18, ""n_days"": 30, ""precip_deficit_pct"": 52.274555346817976, ""temp_anomaly_c"": 0.5455509443064486, ""precip_norm_mm"": 17.700811541969376, ""temp_norm_c"": 21.733556052017903, ""norm_years"": 15}, ""during"": {""precip_mm"": 53.29356110220331, ""temp_c"": 10.070676273252928, ""dry_days"": 30, ""hot_days"": 0, ""max_dry_spell"": 14, ""n_days"": 41, ""precip_deficit_pct"": -15.78444352626478, ""temp_anomaly_c"": -2.8316741274183332, ""precip_norm_mm"": 46.028256887648375, ""temp_norm_c"": 12.902350400671262, ""norm_years"": 15}, ""combined"": {""precip_mm"": 61.74135211782996, ""temp_c"": 15.229168128071844, ""dry_days"": 58, ""hot_days"": 2, ""max_dry_spell"": 18, ""n_days"": 71, ""precip_deficit_pct"": 3.1190104622084935, ""temp_anomaly_c"": -1.4046776182388463, ""precip_norm_mm"": 63.72906842961775, ""temp_norm_c"": 16.63384574631069, ""norm_years"": 15}, ""source"": ""ERA5 региона (медиана соседних полей)""}","сухая серия 18 дней подряд | соседние поля региона в эти дни тоже ниже нормы (медианный Z -0.7, ниже нормы 21% из 57 полей) — явление региональное | пик на уровне нормы (140%), но спад начался на 34 дней раньше обычного","AOI-0071, сезон 2014: умеренная аномалия с 2014-09-20 по 2014-10-30 (41 дней, 9 наблюдений), фаза — осень (озимые всходы). NDVI в худший день 2014-10-25: 0.15 при норме 0.22 (Z = -1.5). Вероятная причина — ранний спад вегетации (уборка, полегание, болезнь) (уверенность 60%). Аргументы: сухая серия 18 дней подряд; соседние поля региона в эти дни тоже ниже нормы (медианный Z -0.7, ниже нормы 21% из 57 полей) — явление региональное; пик на уровне нормы (140%), но спад начался на 34 дней раньше обычного. Норма: история полигона."
AOI-0071,2018,2018-04-03,2018-06-08,67,14,-2.124692372436398,-1.4974874934993716,9,-0.16263839892396972,-0.12007414009051502,2018-05-26,0.22374204210835272,0.38638044103232244,весна (всходы и рост),пик вегетации,93,159,критическая,crop_rotation,0.7,история полигона,ERA5 региона (медиана соседних полей),1,-0.23197240307485165,0.2807017543859649,"{""available"": true, ""before"": {""precip_mm"": 2.143330130479626, ""temp_c"": 8.84507808685305, ""dry_days"": 1, ""hot_days"": 0, ""max_dry_spell"": 1, ""n_days"": 30}, ""during"": {""precip_mm"": 37.262646987999354, ""temp_c"": 16.412759033127234, ""dry_days"": 58, ""hot_days"": 0, ""max_dry_spell"": 19, ""n_days"": 67, ""precip_deficit_pct"": 61.11058857821155, ""temp_anomaly_c"": 0.9370753982468845, ""precip_norm_mm"": 95.81694766180577, ""temp_norm_c"": 15.47568363488035, ""norm_years"": 15}, ""combined"": {""precip_mm"": 39.40597711847898, ""temp_c"": 16.193405962220734, ""dry_days"": 59, ""hot_days"": 0, ""max_dry_spell"": 19, ""n_days"": 97}, ""source"": ""ERA5 региона (медиана соседних полей)""}","другие поля региона в эти дни в норме (медианный Z -0.2, ниже нормы 28% из 57) — причина локальная, на самом поле | пик достигнут (145% нормы), но на 63 дней позже обычного: на поле яровая культура вместо привычной озимой, весеннее отставание — смена фазы, а не угнетение","AOI-0071, сезон 2018: критическая аномалия с 2018-04-03 по 2018-06-08 (67 дней, 14 наблюдений), фаза — весна (всходы и рост). NDVI в худший день 2018-05-26: 0.22 при норме 0.39 (Z = -2.1). Вероятная причина — смена культуры: яровая вместо озимой, весеннее отставание — не угнетение (уверенность 70%). Аргументы: другие поля региона в эти дни в норме (медианный Z -0.2, ниже нормы 28% из 57) — причина локальная, на самом поле; пик достигнут (145% нормы), но на 63 дней позже обычного: на поле яровая культура вместо привычной озимой, весеннее отставание — смена фазы, а не угнетение. Норма: история полигона."
AOI-0071,2019,2019-04-08,2019-05-05,28,9,-1.3625839633564136,-1.2536739832419852,0,-0.1158644499484511,-0.10604518341024761,2019-04-17,0.20583146563037896,0.31956590699308257,весна (всходы и рост),весна (всходы и рост),98,125,умеренная,late_start,0.6,история полигона,ERA5 региона (медиана соседних полей),1,0.38826567174768956,0.21052631578947367,"{""available"": true, ""before"": {""precip_mm"": 5.058669800030202, ""temp_c"": 6.983896600632469, ""dry_days"": 4, ""hot_days"": 0, ""max_dry_spell"": 4, ""n_days"": 30}, ""during"": {""precip_mm"": 34.930596581206636, ""temp_c"": 12.735196097439585, ""dry_days"": 20, ""hot_days"": 0, ""max_dry_spell"": 11, ""n_days"": 28, ""precip_deficit_pct"": -1.1386053127696583, ""temp_anomaly_c"": -0.029388278524828948, ""precip_norm_mm"": 34.537352451306084, ""temp_norm_c"": 12.764584375964414, ""norm_years"": 15}, ""combined"": {""precip_mm"": 39.98926638123684, ""temp_c"": 11.584936198078164, ""dry_days"": 24, ""hot_days"": 0, ""max_dry_spell"": 11, ""n_days"": 58}, ""source"": ""ERA5 региона (медиана соседних полей)""}","другие поля региона в эти дни в норме (медианный Z 0.4, ниже нормы 21% из 57) — причина локальная, на самом поле | рост начался на 30 дней позже нормы, но пик достигнут (131% нормы)","AOI-0071, сезон 2019: умеренная аномалия с 2019-04-08 по 2019-05-05 (28 дней, 9 наблюдений), фаза — весна (всходы и рост). NDVI в худший день 2019-04-17: 0.21 при норме 0.32 (Z = -1.4). Вероятная причина — запаздывание всходов и роста (уверенность 60%). Аргументы: другие поля региона в эти дни в норме (медианный Z 0.4, ниже нормы 21% из 57) — причина локальная, на самом поле; рост начался на 30 дней позже нормы, но пик достигнут (131% нормы). Норма: история полигона."
AOI-0071,2020,2020-04-17,2020-05-22,36,8,-1.3044827249763529,-1.2026236315343921,0,-0.11098556624259126,-0.09944592590409897,2020-04-27,0.22850108440231612,0.33830311614271497,весна (всходы и рост),пик вегетации,108,143,умеренная,crop_rotation,0.7,история полигона,ERA5 региона (медиана соседних полей),0,-0.22356957534406666,0.2807017543859649,"{""available"": true, ""before"": {""precip_mm"": 5.222227429765525, ""temp_c"": 7.476935839653047, ""dry_days"": 14, ""hot_days"": 0, ""max_dry_spell"": 10, ""n_days"": 30}, ""during"": {""precip_mm"": 58.05503464914966, ""temp_c"": 14.168598498322575, ""dry_days"": 22, ""hot_days"": 0, ""max_dry_spell"": 12, ""n_days"": 36, ""precip_deficit_pct"": -13.091500882179098, ""temp_anomaly_c"": -1.2015225478188576, ""precip_norm_mm"": 51.334569084579144, ""temp_norm_c"": 15.370121046141433, ""norm_years"": 15}, ""combined"": {""precip_mm"": 63.27726207891518, ""temp_c"": 12.109625372578108, ""dry_days"": 36, ""hot_days"": 0, ""max_dry_spell"": 12, ""n_days"": 66}, ""source"": ""ERA5 региона (медиана соседних полей)""}","другие поля региона в эти дни в норме (медианный Z -0.2, ниже нормы 28% из 57) — причина локальная, на самом поле | пик достигнут (107% нормы), но на 39 дней позже обычного: на поле яровая культура вместо привычной озимой, весеннее отставание — смена фазы, а не угнетение","AOI-0071, сезон 2020: умеренная аномалия с 2020-04-17 по 2020-05-22 (36 дней, 8 наблюдений), фаза — весна (всходы и рост). NDVI в худший день 2020-04-27: 0.23 при норме 0.34 (Z = -1.3). Вероятная причина — смена культуры: яровая вместо озимой, весеннее отставание — не угнетение (уверенность 70%). Аргументы: другие поля региона в эти дни в норме (медианный Z -0.2, ниже нормы 28% из 57) — причина локальная, на самом поле; пик достигнут (107% нормы), но на 39 дней позже обычного: на поле яровая культура вместо привычной озимой, весеннее отставание — смена фазы, а не угнетение. Норма: история полигона."
AOI-0071,2021,2021-04-13,2021-05-04,22,2,-1.378646525311279,-1.2493493930862767,0,-0.1178664676282051,-0.10547674413032798,2021-04-26,0.22029415158031848,0.33776973270927346,весна (всходы и рост),весна (всходы и рост),103,124,умеренная,data_suspect,0.4,история полигона,ERA5 региона (медиана соседних полей),3,-0.6931656359351953,0.2982456140350877,"{""available"": true, ""before"": {""precip_mm"": 41.64991227766665, ""temp_c"": 8.42557227876454, ""dry_days"": 5, ""hot_days"": 0, ""max_dry_spell"": 3, ""n_days"": 30}, ""during"": {""precip_mm"": 45.49772271933321, ""temp_c"": 12.327841792764916, ""dry_days"": 12, ""hot_days"": 0, ""max_dry_spell"": 8, ""n_days"": 22, ""precip_deficit_pct"": -85.88386977656258, ""temp_anomaly_c"": -0.8971883672090648, ""precip_norm_mm"": 24.476423249646516, ""temp_norm_c"": 13.225030159973981, ""norm_years"": 15}, ""combined"": {""precip_mm"": 87.14763499699987, ""temp_c"": 10.950570199588313, ""dry_days"": 17, ""hot_days"": 0, ""max_dry_spell"": 8, ""n_days"": 52}, ""source"": ""ERA5 региона (медиана соседних полей)""}","соседние поля региона в эти дни чуть ниже нормы (медианный Z -0.7) | внутри эпизода всего 2 наблюдений, рядом 3 артефактов","AOI-0071, сезон 2021: умеренная аномалия с 2021-04-13 по 2021-05-04 (22 дней, 2 наблюдений), фаза — весна (всходы и рост). NDVI в худший день 2021-04-26: 0.22 при норме 0.34 (Z = -1.4). Вероятная причина — вероятная ошибка данных (мало наблюдений, артефакты рядом) (уверенность 40%). Аргументы: соседние поля региона в эти дни чуть ниже нормы (медианный Z -0.7); внутри эпизода всего 2 наблюдений, рядом 3 артефактов. Норма: история полигона."
AOI-0071,2024,2024-05-15,2024-08-01,79,26,-2.14710115837608,-1.5172401614333895,11,-0.14932192598803537,-0.1338244951863605,2024-06-08,0.20620612874143465,0.35495029579992265,пик вегетации,созревание и уборка,136,214,критическая,unsown_or_changed,0.8,история полигона,ERA5 региона (медиана соседних полей),0,-0.5065540016243198,0.21052631578947367,"{""available"": true, ""before"": {""precip_mm"": 8.032035522337111, ""temp_c"": 16.278685553279942, ""dry_days"": 25, ""hot_days"": 0, ""max_dry_spell"": 10, ""n_days"": 30, ""precip_deficit_pct"": 80.5615468460817, ""temp_anomaly_c"": 2.127749252216173, ""precip_norm_mm"": 41.32034302697617, ""temp_norm_c"": 14.15093630106377, ""norm_years"": 15}, ""during"": {""precip_mm"": 33.120804786541264, ""temp_c"": 24.78714630459601, ""dry_days"": 70, ""hot_days"": 27, ""max_dry_spell"": 25, ""n_days"": 79, ""precip_deficit_pct"": 63.4663217278033, ""temp_anomaly_c"": 1.4779070225400233, ""precip_norm_mm"": 90.65828121595754, ""temp_norm_c"": 23.309239282055987, ""norm_years"": 15}, ""combined"": {""precip_mm"": 41.152840308878375, ""temp_c"": 22.4453681161604, ""dry_days"": 95, ""hot_days"": 27, ""max_dry_spell"": 25, ""n_days"": 109, ""precip_deficit_pct"": 68.81855637991184, ""temp_anomaly_c"": 1.6567626820839187, ""precip_norm_mm"": 131.9786242429337, ""temp_norm_c"": 20.78860543407648, ""norm_years"": 15}, ""source"": ""ERA5 региона (медиана соседних полей)""}","за 30 дней до и во время эпизода осадков 41 мм при норме 132 мм (дефицит 69 %) | температура выше нормы на 1.7 °C (22.4 против 20.8 °C), жарких дней 27 | сухая серия 25 дней подряд | за 30 дней до эпизода: осадков 8 мм при норме 41 мм | во время эпизода: осадков 33 мм при норме 91 мм | соседние поля региона в эти дни чуть ниже нормы (медианный Z -0.5) | пик главного сезона всего 0.30 при норме 0.38: кривая плоская с весны — поле не засеяно, под паром или занято другой культурой","AOI-0071, сезон 2024: критическая аномалия с 2024-05-15 по 2024-08-01 (79 дней, 26 наблюдений), фаза — пик вегетации. NDVI в худший день 2024-06-08: 0.21 при норме 0.35 (Z = -2.1). Вероятная причина — поле не засеяно, под паром или сменилась культура (уверенность 80%). Аргументы: за 30 дней до и во время эпизода осадков 41 мм при норме 132 мм (дефицит 69 %); температура выше нормы на 1.7 °C (22.4 против 20.8 °C), жарких дней 27; сухая серия 25 дней подряд; за 30 дней до эпизода: осадков 8 мм при норме 41 мм; во время эпизода: осадков 33 мм при норме 91 мм; соседние поля региона в эти дни чуть ниже нормы (медианный Z -0.5); пик главного сезона всего 0.30 при норме 0.38: кривая плоская с весны — поле не засеяно, под паром или занято другой культурой. Норма: история полигона."
AOI-0071,2024,2024-08-22,2024-10-26,66,19,-1.6615286457408438,-1.4592019222661388,0,-0.12449957460815347,-0.09888351362755117,2024-10-07,0.13263146918638097,0.2562039623518285,лето после уборки,осень (озимые всходы),235,300,умеренная,weather_drought,0.65,история полигона,ERA5 региона (медиана соседних полей),0,-0.6970577898908306,0.19298245614035087,"{""available"": true, ""before"": {""precip_mm"": 18.275509321105922, ""temp_c"": 25.059487341421644, ""dry_days"": 26, ""hot_days"": 5, ""max_dry_spell"": 15, ""n_days"": 30, ""precip_deficit_pct"": -6.21484323589947, ""temp_anomaly_c"": -1.4737818672902314, ""precip_norm_mm"": 17.206172663190447, ""temp_norm_c"": 26.533269208711875, ""norm_years"": 15}, ""during"": {""precip_mm"": 15.678620664139702, ""temp_c"": 18.998398849538706, ""dry_days"": 61, ""hot_days"": 7, ""max_dry_spell"": 52, ""n_days"": 66, ""precip_deficit_pct"": 73.94446500223854, ""temp_anomaly_c"": 2.252808117740372, ""precip_norm_mm"": 60.173858128365914, ""temp_norm_c"": 16.745590731798334, ""norm_years"": 15}, ""combined"": {""precip_mm"": 33.95412998524563, ""temp_c"": 20.892489003252123, ""dry_days"": 87, ""hot_days"": 12, ""max_dry_spell"": 67, ""n_days"": 96, ""precip_deficit_pct"": 56.1202940372173, ""temp_anomaly_c"": 1.0882487474183087, ""precip_norm_mm"": 77.38003079155634, ""temp_norm_c"": 19.804240255833815, ""norm_years"": 15}, ""source"": ""ERA5 региона (медиана соседних полей)""}","за 30 дней до и во время эпизода осадков 34 мм при норме 77 мм (дефицит 56 %) | температура выше нормы на 1.1 °C (20.9 против 19.8 °C), жарких дней 12 | сухая серия 67 дней подряд | во время эпизода: осадков 16 мм при норме 60 мм | соседние поля региона в эти дни чуть ниже нормы (медианный Z -0.7)","AOI-0071, сезон 2024: умеренная аномалия с 2024-08-22 по 2024-10-26 (66 дней, 19 наблюдений), фаза — лето после уборки. NDVI в худший день 2024-10-07: 0.13 при норме 0.26 (Z = -1.7). Вероятная причина — погодный стресс: дефицит осадков и/или жара (уверенность 65%). Аргументы: за 30 дней до и во время эпизода осадков 34 мм при норме 77 мм (дефицит 56 %); температура выше нормы на 1.1 °C (20.9 против 19.8 °C), жарких дней 12; сухая серия 67 дней подряд; во время эпизода: осадков 16 мм при норме 60 мм; соседние поля региона в эти дни чуть ниже нормы (медианный Z -0.7). Норма: история полигона."
AOI-0073,2010,2010-10-02,2010-10-30,29,2,-3.1910174371207662,-1.4947181721549105,4,-0.13329844934480192,-0.08073406710540984,2010-10-30,0.06445832605524943,0.19209902354008007,осень (озимые всходы),осень (озимые всходы),275,303,умеренная,early_decline,0.6,история полигона,ERA5 полигона,0,-0.5516552931432871,0.19298245614035087,"{""available"": true, ""before"": {""precip_mm"": 55.40569297155429, ""temp_c"": 16.385791015625028, ""dry_days"": 23, ""hot_days"": 0, ""max_dry_spell"": 11, ""n_days"": 30, ""precip_deficit_pct"": -57.48319085738041, ""temp_anomaly_c"": 0.3910257304156346, ""precip_norm_mm"": 35.18197254571167, ""temp_norm_c"": 15.994765285209393, ""norm_years"": 15}, ""during"": {""precip_mm"": 66.56463706574911, ""temp_c"": 5.891473980607684, ""dry_days"": 19, ""hot_days"": 0, ""max_dry_spell"": 7, ""n_days"": 29, ""precip_deficit_pct"": -46.45877291186202, ""temp_anomaly_c"": -3.0250199957368915, ""precip_norm_mm"": 45.44940241019723, ""temp_norm_c"": 8.916493976344576, ""norm_years"": 15}, ""combined"": {""precip_mm"": 121.9703300373034, ""temp_c"": 11.22756738824362, ""dry_days"": 42, ""hot_days"": 0, ""max_dry_spell"": 11, ""n_days"": 59, ""precip_deficit_pct"": -51.26906877626676, ""temp_anomaly_c"": -1.2880475926084927, ""precip_norm_mm"": 80.63137495590892, ""temp_norm_c"": 12.515614980852114, ""norm_years"": 15}, ""source"": ""ERA5 полигона""}","соседние поля региона в эти дни чуть ниже нормы (медианный Z -0.6) | пик на уровне нормы (110%), но спад начался на 32 дней раньше обычного","AOI-0073, сезон 2010: умеренная аномалия с 2010-10-02 по 2010-10-30 (29 дней, 2 наблюдений), фаза — осень (озимые всходы). NDVI в худший день 2010-10-30: 0.06 при норме 0.19 (Z = -3.2). Вероятная причина — ранний спад вегетации (уборка, полегание, болезнь) (уверенность 60%). Аргументы: соседние поля региона в эти дни чуть ниже нормы (медианный Z -0.6); пик на уровне нормы (110%), но спад начался на 32 дней раньше обычного. Норма: история полигона."
AOI-0073,2011,2011-06-11,2011-06-26,16,3,-1.35330075997024,-1.2276971085406627,0,-0.1487219993422736,-0.14090845290662243,2011-06-18,0.372680758241014,0.5208174518411723,пик вегетации,созревание и уборка,162,177,умеренная,crop_rotation,0.7,история полигона,ERA5 полигона,1,0.26312113410654364,0.05263157894736842,"{""available"": true, ""before"": {""precip_mm"": 20.103264580686897, ""temp_c"": 18.82749180263945, ""dry_days"": 23, ""hot_days"": 0, ""max_dry_spell"": 14, ""n_days"": 30, ""precip_deficit_pct"": 61.17583093012831, ""temp_anomaly_c"": 0.5322216542561833, ""precip_norm_mm"": 51.780282907039535, ""temp_norm_c"": 18.295270148383267, ""norm_years"": 15}, ""during"": {""precip_mm"": 32.23595350872799, ""temp_c"": 21.343376016616844, ""dry_days"": 9, ""hot_days"": 0, ""max_dry_spell"": 3, ""n_days"": 16, ""precip_deficit_pct"": -19.844596276180337, ""temp_anomaly_c"": -0.47875988350974197, ""precip_norm_mm"": 26.89812850171454, ""temp_norm_c"": 21.822135900126586, ""norm_years"": 15}, ""combined"": {""precip_mm"": 52.339218089414885, ""temp_c"": 19.702581964022897, ""dry_days"": 32, ""hot_days"": 0, ""max_dry_spell"": 14, ""n_days"": 46, ""precip_deficit_pct"": 33.47702736713949, ""temp_anomaly_c"": 0.18057590198977636, ""precip_norm_mm"": 78.67841140875409, ""temp_norm_c"": 19.52200606203312, ""norm_years"": 15}, ""source"": ""ERA5 полигона""}","другие поля региона в эти дни в норме (медианный Z 0.3, ниже нормы 5% из 57) — причина локальная, на самом поле | пик достигнут (91% нормы), но на 25 дней позже обычного: на поле яровая культура вместо привычной озимой, весеннее отставание — смена фазы, а не угнетение","AOI-0073, сезон 2011: умеренная аномалия с 2011-06-11 по 2011-06-26 (16 дней, 3 наблюдений), фаза — пик вегетации. NDVI в худший день 2011-06-18: 0.37 при норме 0.52 (Z = -1.4). Вероятная причина — смена культуры: яровая вместо озимой, весеннее отставание — не угнетение (уверенность 70%). Аргументы: другие поля региона в эти дни в норме (медианный Z 0.3, ниже нормы 5% из 57) — причина локальная, на самом поле; пик достигнут (91% нормы), но на 25 дней позже обычного: на поле яровая культура вместо привычной озимой, весеннее отставание — смена фазы, а не угнетение. Норма: история полигона."
AOI-0073,2012,2012-06-20,2012-07-29,40,4,-1.750699913453334,-1.3792079349056043,0,-0.25398086831390765,-0.22312783296647282,2012-06-29,0.29817979294891084,0.5419498427453746,пик вегетации,созревание и уборка,172,211,умеренная,early_decline,0.6,история полигона,ERA5 полигона,0,-0.2892184178536522,0.21052631578947367,"{""available"": true, ""before"": {""precip_mm"": 71.16282890682513, ""temp_c"": 20.07337774700591, ""dry_days"": 17, ""hot_days"": 2, ""max_dry_spell"": 7, ""n_days"": 30, ""precip_deficit_pct"": -61.14304623787255, ""temp_anomaly_c"": 0.20694536279749443, ""precip_norm_mm"": 44.1612781737895, ""temp_norm_c"": 19.866432384208416, ""norm_years"": 15}, ""during"": {""precip_mm"": 48.96050445346489, ""temp_c"": 23.490369876225813, ""dry_days"": 30, ""hot_days"": 4, ""max_dry_spell"": 9, ""n_days"": 40, ""precip_deficit_pct"": 33.03520774757593, ""temp_anomaly_c"": 0.42138381057315044, ""precip_norm_mm"": 73.11380026224536, ""temp_norm_c"": 23.068986065652663, ""norm_years"": 15}, ""combined"": {""precip_mm"": 120.12333336029002, ""temp_c"": 22.02594467798871, ""dry_days"": 47, ""hot_days"": 6, ""max_dry_spell"": 9, ""n_days"": 70, ""precip_deficit_pct"": -2.428695816911075, ""temp_anomaly_c"": 0.32948161866929837, ""precip_norm_mm"": 117.27507843603485, ""temp_norm_c"": 21.696463059319413, ""norm_years"": 15}, ""source"": ""ERA5 полигона""}","другие поля региона в эти дни в норме (медианный Z -0.3, ниже нормы 21% из 57) — причина локальная, на самом поле | пик на уровне нормы (157%), но спад начался на 70 дней раньше обычного","AOI-0073, сезон 2012: умеренная аномалия с 2012-06-20 по 2012-07-29 (40 дней, 4 наблюдений), фаза — пик вегетации. NDVI в худший день 2012-06-29: 0.30 при норме 0.54 (Z = -1.8). Вероятная причина — ранний спад вегетации (уборка, полегание, болезнь) (уверенность 60%). Аргументы: другие поля региона в эти дни в норме (медианный Z -0.3, ниже нормы 21% из 57) — причина локальная, на самом поле; пик на уровне нормы (157%), но спад начался на 70 дней раньше обычного. Норма: история полигона."
AOI-0073,2012,2012-09-05,2012-10-09,35,3,-1.720871456716209,-1.4800072014642804,0,-0.11272198037713221,-0.09009524038300024,2012-09-25,0.14008890276701724,0.24232719858754329,лето после уборки,осень (озимые всходы),249,283,умеренная,early_decline,0.6,история полигона,ERA5 полигона,0,-0.3845260941409141,0.17543859649122806,"{""available"": true, ""before"": {""precip_mm"": 50.986632975646984, ""temp_c"": 20.969324005974684, ""dry_days"": 19, ""hot_days"": 3, ""max_dry_spell"": 5, ""n_days"": 30, ""precip_deficit_pct"": -122.45167191897983, ""temp_anomaly_c"": -1.5612582284432897, ""precip_norm_mm"": 22.920319067872445, ""temp_norm_c"": 22.530582234417974, ""norm_years"": 15}, ""during"": {""precip_mm"": 22.064189262142264, ""temp_c"": 15.84473410106843, ""dry_days"": 29, ""hot_days"": 0, ""max_dry_spell"": 13, ""n_days"": 35, ""precip_deficit_pct"": 49.25640957132541, ""temp_anomaly_c"": 1.349069675263907, ""precip_norm_mm"": 43.48172660970017, ""temp_norm_c"": 14.495664425804524, ""norm_years"": 15}, ""combined"": {""precip_mm"": 73.05082223778925, ""temp_c"": 18.209929441794394, ""dry_days"": 48, ""hot_days"": 3, ""max_dry_spell"": 13, ""n_days"": 65, ""precip_deficit_pct"": -10.012909229485167, ""temp_anomaly_c"": 0.005841412014433445, ""precip_norm_mm"": 66.40204567757262, ""temp_norm_c"": 18.20408802977996, ""norm_years"": 15}, ""source"": ""ERA5 полигона""}","соседние поля региона в эти дни чуть ниже нормы (медианный Z -0.4) | пик на уровне нормы (157%), но спад начался на 70 дней раньше обычного","AOI-0073, сезон 2012: умеренная аномалия с 2012-09-05 по 2012-10-09 (35 дней, 3 наблюдений), фаза — лето после уборки. NDVI в худший день 2012-09-25: 0.14 при норме 0.24 (Z = -1.7). Вероятная причина — ранний спад вегетации (уборка, полегание, болезнь) (уверенность 60%). Аргументы: соседние поля региона в эти дни чуть ниже нормы (медианный Z -0.4); пик на уровне нормы (157%), но спад начался на 70 дней раньше обычного. Норма: история полигона."
AOI-0073,2020,2020-07-03,2020-10-17,107,42,-1.7503704654332268,-1.5058191730696833,0,-0.3141385514686116,-0.18086557236941722,2020-09-09,0.16297825822923717,0.27807757485840295,созревание и уборка,осень (озимые всходы),185,291,умеренная,weather_drought,0.75,история полигона,ERA5 полигона,0,-0.7882475752501648,0.2982456140350877,"{""available"": true, ""before"": {""precip_mm"": 25.044676422567136, ""temp_c"": 23.648204867045106, ""dry_days"": 24, ""hot_days"": 3, ""max_dry_spell"": 8, ""n_days"": 30, ""precip_deficit_pct"": 49.794177669339845, ""temp_anomaly_c"": 2.367981385831481, ""precip_norm_mm"": 49.88400798939333, ""temp_norm_c"": 21.280223481213625, ""norm_years"": 15}, ""during"": {""precip_mm"": 49.43023061098195, ""temp_c"": 20.10959816454358, ""dry_days"": 99, ""hot_days"": 6, ""max_dry_spell"": 70, ""n_days"": 107, ""precip_deficit_pct"": 65.02431532777251, ""temp_anomaly_c"": 0.9073092853787799, ""precip_norm_mm"": 141.32741381395206, ""temp_norm_c"": 19.2022888791648, ""norm_years"": 15}, ""combined"": {""precip_mm"": 74.47490703354909, ""temp_c"": 20.884475544653398, ""dry_days"": 123, ""hot_days"": 9, ""max_dry_spell"": 70, ""n_days"": 137, ""precip_deficit_pct"": 61.051015503590534, ""temp_anomaly_c"": 1.227164489857465, ""precip_norm_mm"": 191.21142180334536, ""temp_norm_c"": 19.657311054795933, ""norm_years"": 15}, ""source"": ""ERA5 полигона""}","за 30 дней до и во время эпизода осадков 74 мм при норме 191 мм (дефицит 61 %) | температура выше нормы на 1.2 °C (20.9 против 19.7 °C), жарких дней 9 | сухая серия 70 дней подряд | за 30 дней до эпизода: осадков 25 мм при норме 50 мм | во время эпизода: осадков 49 мм при норме 141 мм | соседние поля региона в эти дни тоже ниже нормы (медианный Z -0.8, ниже нормы 30% из 57 полей) — явление региональное | пик на уровне нормы (126%), но спад начался на 54 дней раньше обычного","AOI-0073, сезон 2020: умеренная аномалия с 2020-07-03 по 2020-10-17 (107 дней, 42 наблюдений), фаза — созревание и уборка. NDVI в худший день 2020-09-09: 0.16 при норме 0.28 (Z = -1.8). Вероятная причина — погодный стресс: дефицит осадков и/или жара (уверенность 75%). Аргументы: за 30 дней до и во время эпизода осадков 74 мм при норме 191 мм (дефицит 61 %); температура выше нормы на 1.2 °C (20.9 против 19.7 °C), жарких дней 9; сухая серия 70 дней подряд; за 30 дней до эпизода: осадков 25 мм при норме 50 мм; во время эпизода: осадков 49 мм при норме 141 мм; соседние поля региона в эти дни тоже ниже нормы (медианный Z -0.8, ниже нормы 30% из 57 полей) — явление региональное; пик на уровне нормы (126%), но спад начался на 54 дней раньше обычного. Норма: история полигона."
AOI-0073,2022,2022-05-09,2022-06-13,36,10,-1.521020953631335,-1.2650608864333643,0,-0.2010672080959109,-0.17276889140683363,2022-06-05,0.2894111196267257,0.48280945753243315,весна (всходы и рост),пик вегетации,129,164,умеренная,late_start,0.6,история полигона,ERA5 полигона,0,0.7165475464209261,0.21052631578947367,"{""available"": true, ""before"": {""precip_mm"": 50.379925710570824, ""temp_c"": 11.612439791361519, ""dry_days"": 22, ""hot_days"": 0, ""max_dry_spell"": 14, ""n_days"": 30, ""precip_deficit_pct"": -4.6256853404944565, ""temp_anomaly_c"": -0.43764618061206306, ""precip_norm_mm"": 48.15254069458574, ""temp_norm_c"": 12.050085971973582, ""norm_years"": 15}, ""during"": {""precip_mm"": 44.836564155572134, ""temp_c"": 16.946025043063713, ""dry_days"": 27, ""hot_days"": 0, ""max_dry_spell"": 13, ""n_days"": 36, ""precip_deficit_pct"": 29.485648472219104, ""temp_anomaly_c"": -1.3692774395883838, ""precip_norm_mm"": 63.58501948061969, ""temp_norm_c"": 18.315302482652097, ""norm_years"": 15}, ""combined"": {""precip_mm"": 95.21648986614295, ""temp_c"": 14.521668110471806, ""dry_days"": 49, ""hot_days"": 0, ""max_dry_spell"": 14, ""n_days"": 66, ""precip_deficit_pct"": 14.785601442484763, ""temp_anomaly_c"": -0.9458086855082417, ""precip_norm_mm"": 111.7375601752054, ""temp_norm_c"": 15.467476795980048, ""norm_years"": 15}, ""source"": ""ERA5 полигона""}","другие поля региона в эти дни в норме (медианный Z 0.7, ниже нормы 21% из 57) — причина локальная, на самом поле | рост начался на 47 дней позже нормы, но пик достигнут (149% нормы)","AOI-0073, сезон 2022: умеренная аномалия с 2022-05-09 по 2022-06-13 (36 дней, 10 наблюдений), фаза — весна (всходы и рост). NDVI в худший день 2022-06-05: 0.29 при норме 0.48 (Z = -1.5). Вероятная причина — запаздывание всходов и роста (уверенность 60%). Аргументы: другие поля региона в эти дни в норме (медианный Z 0.7, ниже нормы 21% из 57) — причина локальная, на самом поле; рост начался на 47 дней позже нормы, но пик достигнут (149% нормы). Норма: история полигона."
AOI-0073,2023,2023-06-12,2023-09-02,83,26,-2.529711476886903,-1.428173325585405,15,-0.29165188690536814,-0.20718544349937712,2023-06-24,0.26268734726627646,0.5394586415246286,пик вегетации,лето после уборки,163,245,критическая,weak_season,0.45,история полигона,ERA5 полигона,1,0.46824723216283637,0.017543859649122806,"{""available"": true, ""before"": {""precip_mm"": 38.141168241301315, ""temp_c"": 17.896613248189315, ""dry_days"": 21, ""hot_days"": 0, ""max_dry_spell"": 11, ""n_days"": 30, ""precip_deficit_pct"": 24.80112081136103, ""temp_anomaly_c"": -0.6682931843510325, ""precip_norm_mm"": 50.720394576125116, ""temp_norm_c"": 18.564906432540347, ""norm_years"": 15}, ""during"": {""precip_mm"": 129.5380441813325, ""temp_c"": 21.924165872780698, ""dry_days"": 60, ""hot_days"": 6, ""max_dry_spell"": 10, ""n_days"": 83, ""precip_deficit_pct"": -11.087440151669448, ""temp_anomaly_c"": -0.9983486456405046, ""precip_norm_mm"": 116.60908200285482, ""temp_norm_c"": 22.922514518421202, ""norm_years"": 15}, ""combined"": {""precip_mm"": 167.67921242263384, ""temp_c"": 20.854904114039623, ""dry_days"": 81, ""hot_days"": 6, ""max_dry_spell"": 11, ""n_days"": 113, ""precip_deficit_pct"": -0.20901030159430345, ""temp_anomaly_c"": -0.9107233019353345, ""precip_norm_mm"": 167.32947657897995, ""temp_norm_c"": 21.765627415974958, ""norm_years"": 15}, ""source"": ""ERA5 полигона""}","другие поля региона в эти дни в норме (медианный Z 0.5, ниже нормы 2% из 57) — причина локальная, на самом поле | погодного сигнала нет; вероятны агротехнические причины","AOI-0073, сезон 2023: критическая аномалия с 2023-06-12 по 2023-09-02 (83 дней, 26 наблюдений), фаза — пик вегетации. NDVI в худший день 2023-06-24: 0.26 при норме 0.54 (Z = -2.5). Вероятная причина — ослабленный сезон без явной погодной причины (уверенность 45%). Аргументы: другие поля региона в эти дни в норме (медианный Z 0.5, ниже нормы 2% из 57) — причина локальная, на самом поле; погодного сигнала нет; вероятны агротехнические причины. Норма: история полигона."
AOI-0073,2024,2024-06-19,2024-10-13,117,38,-1.6747632730426798,-1.3978485344306346,0,-0.29777556083159684,-0.17636127410986155,2024-07-03,0.2858322101187569,0.540607751424481,пик вегетации,осень (озимые всходы),171,287,умеренная,weather_drought,0.75,история полигона,ERA5 полигона,0,-0.7390837874221464,0.22807017543859648,"{""available"": true, ""before"": {""precip_mm"": 19.251236697183316, ""temp_c"": 22.364331393771717, ""dry_days"": 21, ""hot_days"": 0, ""max_dry_spell"": 6, ""n_days"": 30, ""precip_deficit_pct"": 60.77060153526681, ""temp_anomaly_c"": 2.8171305536340725, ""precip_norm_mm"": 49.07349449798464, ""temp_norm_c"": 19.547200840137645, ""norm_years"": 15}, ""during"": {""precip_mm"": 44.42976123075404, ""temp_c"": 22.07995505373704, ""dry_days"": 104, ""hot_days"": 15, ""max_dry_spell"": 60, ""n_days"": 117, ""precip_deficit_pct"": 73.34343498645906, ""temp_anomaly_c"": 2.2683244719690983, ""precip_norm_mm"": 166.67474300677785, ""temp_norm_c"": 19.811630581767943, ""norm_years"": 15}, ""combined"": {""precip_mm"": 63.680997927937355, ""temp_c"": 22.137991041499227, ""dry_days"": 125, ""hot_days"": 15, ""max_dry_spell"": 60, ""n_days"": 147, ""precip_deficit_pct"": 70.48365323191499, ""temp_anomaly_c"": 2.380325713125224, ""precip_norm_mm"": 215.7482375047625, ""temp_norm_c"": 19.757665328374003, ""norm_years"": 15}, ""source"": ""ERA5 полигона""}","за 30 дней до и во время эпизода осадков 64 мм при норме 216 мм (дефицит 70 %) | температура выше нормы на 2.4 °C (22.1 против 19.8 °C), жарких дней 15 | сухая серия 60 дней подряд | за 30 дней до эпизода: осадков 19 мм при норме 49 мм | во время эпизода: осадков 44 мм при норме 167 мм | соседние поля региона в эти дни тоже ниже нормы (медианный Z -0.7, ниже нормы 23% из 57 полей) — явление региональное | пик на уровне нормы (113%), но спад начался на 64 дней раньше обычного","AOI-0073, сезон 2024: умеренная аномалия с 2024-06-19 по 2024-10-13 (117 дней, 38 наблюдений), фаза — пик вегетации. NDVI в худший день 2024-07-03: 0.29 при норме 0.54 (Z = -1.7). Вероятная причина — погодный стресс: дефицит осадков и/или жара (уверенность 75%). Аргументы: за 30 дней до и во время эпизода осадков 64 мм при норме 216 мм (дефицит 70 %); температура выше нормы на 2.4 °C (22.1 против 19.8 °C), жарких дней 15; сухая серия 60 дней подряд; за 30 дней до эпизода: осадков 19 мм при норме 49 мм; во время эпизода: осадков 44 мм при норме 167 мм; соседние поля региона в эти дни тоже ниже нормы (медианный Z -0.7, ниже нормы 23% из 57 полей) — явление региональное; пик на уровне нормы (113%), но спад начался на 64 дней раньше обычного. Норма: история полигона."
AOI-0074,2010,2010-06-24,2010-08-17,55,7,-1.4592507182398864,-1.2841288108734503,0,-0.29121611583729146,-0.24925053111202122,2010-07-02,0.2523248463827425,0.5164102016325952,пик вегетации,лето после уборки,175,229,умеренная,weather_drought,0.75,история полигона,ERA5 полигона,0,-0.2950761595185764,0.14035087719298245,"{""available"": true, ""before"": {""precip_mm"": 16.530775763044403, ""temp_c"": 21.08824286990698, ""dry_days"": 24, ""hot_days"": 1, ""max_dry_spell"": 9, ""n_days"": 30, ""precip_deficit_pct"": 64.78913607331165, ""temp_anomaly_c"": 0.6536810309798682, ""precip_norm_mm"": 46.94794140087761, ""temp_norm_c"": 20.434561838927113, ""norm_years"": 15}, ""during"": {""precip_mm"": 38.213178085786836, ""temp_c"": 27.95161518328119, ""dry_days"": 47, ""hot_days"": 35, ""max_dry_spell"": 38, ""n_days"": 55, ""precip_deficit_pct"": 56.897932175185, ""temp_anomaly_c"": 4.761174837362876, ""precip_norm_mm"": 88.65741254248246, ""temp_norm_c"": 23.190440345918315, ""norm_years"": 15}, ""combined"": {""precip_mm"": 54.74395384883124, ""temp_c"": 25.529248484443244, ""dry_days"": 71, ""hot_days"": 36, ""max_dry_spell"": 38, ""n_days"": 85, ""precip_deficit_pct"": 59.62994656413285, ""temp_anomaly_c"": 3.31147114099241, ""precip_norm_mm"": 135.60535394336006, ""temp_norm_c"": 22.217777343450834, ""norm_years"": 15}, ""source"": ""ERA5 полигона""}","за 30 дней до и во время эпизода осадков 55 мм при норме 136 мм (дефицит 60 %) | температура выше нормы на 3.3 °C (25.5 против 22.2 °C), жарких дней 36 | сухая серия 38 дней подряд | за 30 дней до эпизода: осадков 17 мм при норме 47 мм | во время эпизода: осадков 38 мм при норме 89 мм | другие поля региона в эти дни в норме (медианный Z -0.3, ниже нормы 14% из 57) — причина локальная, на самом поле | пик на уровне нормы (126%), но спад начался на 63 дней раньше обычного","AOI-0074, сезон 2010: умеренная аномалия с 2010-06-24 по 2010-08-17 (55 дней, 7 наблюдений), фаза — пик вегетации. NDVI в худший день 2010-07-02: 0.25 при норме 0.52 (Z = -1.5). Вероятная причина — погодный стресс: дефицит осадков и/или жара (уверенность 75%). Аргументы: за 30 дней до и во время эпизода осадков 55 мм при норме 136 мм (дефицит 60 %); температура выше нормы на 3.3 °C (25.5 против 22.2 °C), жарких дней 36; сухая серия 38 дней подряд; за 30 дней до эпизода: осадков 17 мм при норме 47 мм; во время эпизода: осадков 38 мм при норме 89 мм; другие поля региона в эти дни в норме (медианный Z -0.3, ниже нормы 14% из 57) — причина локальная, на самом поле; пик на уровне нормы (126%), но спад начался на 63 дней раньше обычного. Норма: история полигона."
AOI-0074,2010,2010-09-18,2010-10-30,43,3,-1.5314099406515065,-1.3226187135384495,0,-0.10180934658841544,-0.0677152611725846,2010-10-27,0.11915863492068879,0.21913599328064395,осень (озимые всходы),осень (озимые всходы),261,303,умеренная,early_decline,0.6,история полигона,ERA5 полигона,0,-0.5374593477882936,0.14035087719298245,"{""available"": true, ""before"": {""precip_mm"": 24.359988908297936, ""temp_c"": 19.079339451260058, ""dry_days"": 25, ""hot_days"": 0, ""max_dry_spell"": 9, ""n_days"": 30, ""precip_deficit_pct"": 10.288583339082303, ""temp_anomaly_c"": -0.3376726729781616, ""precip_norm_mm"": 27.153722251841593, ""temp_norm_c"": 19.41701212423822, ""norm_years"": 15}, ""during"": {""precip_mm"": 109.52461635391586, ""temp_c"": 9.184201147389993, ""dry_days"": 28, ""hot_days"": 0, ""max_dry_spell"": 7, ""n_days"": 43, ""precip_deficit_pct"": -68.4806154950845, ""temp_anomaly_c"": -1.439567505789661, ""precip_norm_mm"": 65.00725085320649, ""temp_norm_c"": 10.623768653179654, ""norm_years"": 15}, ""combined"": {""precip_mm"": 133.8846052622138, ""temp_c"": 13.250696340761255, ""dry_days"": 53, ""hot_days"": 0, ""max_dry_spell"": 11, ""n_days"": 73, ""precip_deficit_pct"": -45.272560338102984, ""temp_anomaly_c"": -0.9867340128534252, ""precip_norm_mm"": 92.16097310504806, ""temp_norm_c"": 14.23743035361468, ""norm_years"": 15}, ""source"": ""ERA5 полигона""}","соседние поля региона в эти дни чуть ниже нормы (медианный Z -0.5) | пик на уровне нормы (126%), но спад начался на 63 дней раньше обычного","AOI-0074, сезон 2010: умеренная аномалия с 2010-09-18 по 2010-10-30 (43 дней, 3 наблюдений), фаза — осень (озимые всходы). NDVI в худший день 2010-10-27: 0.12 при норме 0.22 (Z = -1.5). Вероятная причина — ранний спад вегетации (уборка, полегание, болезнь) (уверенность 60%). Аргументы: соседние поля региона в эти дни чуть ниже нормы (медианный Z -0.5); пик на уровне нормы (126%), но спад начался на 63 дней раньше обычного. Норма: история полигона."
AOI-0074,2012,2012-09-11,2012-10-03,23,2,-1.3721381826228507,-1.2356925198913398,0,-0.07386385933961537,-0.06405947431721859,2012-09-27,0.1513509937687745,0.21129153651295493,лето после уборки,осень (озимые всходы),255,277,умеренная,early_decline,0.6,история полигона,ERA5 полигона,0,-0.4125037369275309,0.17543859649122806,"{""available"": true, ""before"": {""precip_mm"": 47.22839650166222, ""temp_c"": 18.695125155978765, ""dry_days"": 18, ""hot_days"": 0, ""max_dry_spell"": 5, ""n_days"": 30, ""precip_deficit_pct"": -75.70965120425814, ""temp_anomaly_c"": -2.382866380479591, ""precip_norm_mm"": 26.878658160194266, ""temp_norm_c"": 21.077991536458356, ""norm_years"": 15}, ""during"": {""precip_mm"": 3.687504269226593, ""temp_c"": 16.38789003344552, ""dry_days"": 22, ""hot_days"": 0, ""max_dry_spell"": 12, ""n_days"": 23, ""precip_deficit_pct"": 88.30476105434501, ""temp_anomaly_c"": 1.6340332538033469, ""precip_norm_mm"": 31.529960921376222, ""temp_norm_c"": 14.753856779642172, ""norm_years"": 15}, ""combined"": {""precip_mm"": 50.91590077088881, ""temp_c"": 17.693872178275655, ""dry_days"": 40, ""hot_days"": 0, ""max_dry_spell"": 13, ""n_days"": 53, ""precip_deficit_pct"": 12.82810384580012, ""temp_anomaly_c"": -0.6396835203190783, ""precip_norm_mm"": 58.4086190815705, ""temp_norm_c"": 18.333555698594733, ""norm_years"": 15}, ""source"": ""ERA5 полигона""}","соседние поля региона в эти дни чуть ниже нормы (медианный Z -0.4) | пик на уровне нормы (108%), но спад начался на 57 дней раньше обычного","AOI-0074, сезон 2012: умеренная аномалия с 2012-09-11 по 2012-10-03 (23 дней, 2 наблюдений), фаза — лето после уборки. NDVI в худший день 2012-09-27: 0.15 при норме 0.21 (Z = -1.4). Вероятная причина — ранний спад вегетации (уборка, полегание, болезнь) (уверенность 60%). Аргументы: соседние поля региона в эти дни чуть ниже нормы (медианный Z -0.4); пик на уровне нормы (108%), но спад начался на 57 дней раньше обычного. Норма: история полигона."
AOI-0074,2013,2013-07-02,2013-08-21,51,5,-1.4302364038784652,-1.2074175892413528,0,-0.2998308830933404,-0.23728588871098374,2013-07-16,0.20510132365378825,0.5048719012445582,созревание и уборка,лето после уборки,183,233,умеренная,early_decline,0.6,история полигона,ERA5 полигона,0,-0.1289499024947978,0.07017543859649122,"{""available"": true, ""before"": {""precip_mm"": 71.56649317153452, ""temp_c"": 21.668095291985434, ""dry_days"": 20, ""hot_days"": 0, ""max_dry_spell"": 10, ""n_days"": 30, ""precip_deficit_pct"": -46.43141259164785, ""temp_anomaly_c"": 0.3812344035395938, ""precip_norm_mm"": 48.87372996333201, ""temp_norm_c"": 21.28686088844584, ""norm_years"": 15}, ""during"": {""precip_mm"": 58.66203343731158, ""temp_c"": 22.028349108477848, ""dry_days"": 38, ""hot_days"": 0, ""max_dry_spell"": 17, ""n_days"": 51, ""precip_deficit_pct"": 20.151331378646574, ""temp_anomaly_c"": -1.6780933716717854, ""precip_norm_mm"": 73.4665141575372, ""temp_norm_c"": 23.706442480149633, ""norm_years"": 15}, ""combined"": {""precip_mm"": 130.2285266088461, ""temp_c"": 21.894921769036213, ""dry_days"": 58, ""hot_days"": 0, ""max_dry_spell"": 17, ""n_days"": 81, ""precip_deficit_pct"": -6.447823072989323, ""temp_anomaly_c"": -0.9153793808527624, ""precip_norm_mm"": 122.34024412086923, ""temp_norm_c"": 22.810301149888975, ""norm_years"": 15}, ""source"": ""ERA5 полигона""}","сухая серия 17 дней подряд | другие поля региона в эти дни в норме (медианный Z -0.1, ниже нормы 7% из 57) — причина локальная, на самом поле | пик на уровне нормы (98%), но спад начался на 60 дней раньше обычного","AOI-0074, сезон 2013: умеренная аномалия с 2013-07-02 по 2013-08-21 (51 дней, 5 наблюдений), фаза — созревание и уборка. NDVI в худший день 2013-07-16: 0.21 при норме 0.50 (Z = -1.4). Вероятная причина — ранний спад вегетации (уборка, полегание, болезнь) (уверенность 60%). Аргументы: сухая серия 17 дней подряд; другие поля региона в эти дни в норме (медианный Z -0.1, ниже нормы 7% из 57) — причина локальная, на самом поле; пик на уровне нормы (98%), но спад начался на 60 дней раньше обычного. Норма: история полигона."
AOI-0074,2015,2015-05-27,2015-06-21,26,2,-1.9022789318551203,-1.496682212664815,0,-0.2020599625485729,-0.17473830988044112,2015-06-11,0.29633553228392756,0.49733750373126306,пик вегетации,пик вегетации,147,172,умеренная,crop_rotation,0.7,история полигона,ERA5 полигона,1,0.06261432438725277,0.22807017543859648,"{""available"": true, ""before"": {""precip_mm"": 52.24921978937758, ""temp_c"": 14.757034333546983, ""dry_days"": 19, ""hot_days"": 0, ""max_dry_spell"": 10, ""n_days"": 30, ""precip_deficit_pct"": 4.187777555348182, ""temp_anomaly_c"": -0.9602535410280542, ""precip_norm_mm"": 54.532937924032154, ""temp_norm_c"": 15.717287874575037, ""norm_years"": 15}, ""during"": {""precip_mm"": 6.748788448778242, ""temp_c"": 21.685801491370594, ""dry_days"": 23, ""hot_days"": 0, ""max_dry_spell"": 15, ""n_days"": 26, ""precip_deficit_pct"": 83.06174470557274, ""temp_anomaly_c"": 1.220565577449964, ""precip_norm_mm"": 39.843468713088846, ""temp_norm_c"": 20.46523591392063, ""norm_years"": 15}, ""combined"": {""precip_mm"": 58.99800823815582, ""temp_c"": 17.973961942536516, ""dry_days"": 42, ""hot_days"": 0, ""max_dry_spell"": 16, ""n_days"": 56, ""precip_deficit_pct"": 37.48648593392178, ""temp_anomaly_c"": 0.05226962112245559, ""precip_norm_mm"": 94.376406637121, ""temp_norm_c"": 17.92169232141406, ""norm_years"": 15}, ""source"": ""ERA5 полигона""}","сухая серия 16 дней подряд | другие поля региона в эти дни в норме (медианный Z 0.1, ниже нормы 23% из 57) — причина локальная, на самом поле | пик достигнут (110% нормы), но на 27 дней позже обычного: на поле яровая культура вместо привычной озимой, весеннее отставание — смена фазы, а не угнетение","AOI-0074, сезон 2015: умеренная аномалия с 2015-05-27 по 2015-06-21 (26 дней, 2 наблюдений), фаза — пик вегетации. NDVI в худший день 2015-06-11: 0.30 при норме 0.50 (Z = -1.9). Вероятная причина — смена культуры: яровая вместо озимой, весеннее отставание — не угнетение (уверенность 70%). Аргументы: сухая серия 16 дней подряд; другие поля региона в эти дни в норме (медианный Z 0.1, ниже нормы 23% из 57) — причина локальная, на самом поле; пик достигнут (110% нормы), но на 27 дней позже обычного: на поле яровая культура вместо привычной озимой, весеннее отставание — смена фазы, а не угнетение. Норма: история полигона."
AOI-0074,2018,2018-06-04,2018-06-23,20,3,-1.7326016383819713,-1.4512264632055658,0,-0.18241990198198188,-0.16576993486054586,2018-06-15,0.3189823800461892,0.501402282028171,пик вегетации,пик вегетации,155,174,умеренная,crop_rotation,0.7,история полигона,ERA5 полигона,0,-0.7064394499565639,0.2982456140350877,"{""available"": true, ""before"": {""precip_mm"": 54.52971509513738, ""temp_c"": 18.124133756425675, ""dry_days"": 21, ""hot_days"": 0, ""max_dry_spell"": 9, ""n_days"": 30, ""precip_deficit_pct"": 6.926197213931906, ""temp_anomaly_c"": 1.1222502574214275, ""precip_norm_mm"": 58.5876083955385, ""temp_norm_c"": 17.001883499004247, ""norm_years"": 15}, ""during"": {""precip_mm"": 9.37965126920659, ""temp_c"": 20.422918415069606, ""dry_days"": 17, ""hot_days"": 1, ""max_dry_spell"": 10, ""n_days"": 20, ""precip_deficit_pct"": 65.3507852494414, ""temp_anomaly_c"": -0.8281663534376307, ""precip_norm_mm"": 27.070314108793408, ""temp_norm_c"": 21.251084768507237, ""norm_years"": 15}, ""combined"": {""precip_mm"": 63.90936636434397, ""temp_c"": 19.043647619883245, ""dry_days"": 38, ""hot_days"": 1, ""max_dry_spell"": 11, ""n_days"": 50, ""precip_deficit_pct"": 25.390011226209765, ""temp_anomaly_c"": 0.34208361307780066, ""precip_norm_mm"": 85.65792250433189, ""temp_norm_c"": 18.701564006805445, ""norm_years"": 15}, ""source"": ""ERA5 полигона""}","соседние поля региона в эти дни тоже ниже нормы (медианный Z -0.7, ниже нормы 30% из 57 полей) — явление региональное | пик достигнут (136% нормы), но на 42 дней позже обычного: на поле яровая культура вместо привычной озимой, весеннее отставание — смена фазы, а не угнетение","AOI-0074, сезон 2018: умеренная аномалия с 2018-06-04 по 2018-06-23 (20 дней, 3 наблюдений), фаза — пик вегетации. NDVI в худший день 2018-06-15: 0.32 при норме 0.50 (Z = -1.7). Вероятная причина — смена культуры: яровая вместо озимой, весеннее отставание — не угнетение (уверенность 70%). Аргументы: соседние поля региона в эти дни тоже ниже нормы (медианный Z -0.7, ниже нормы 30% из 57 полей) — явление региональное; пик достигнут (136% нормы), но на 42 дней позже обычного: на поле яровая культура вместо привычной озимой, весеннее отставание — смена фазы, а не угнетение. Норма: история полигона."
AOI-0074,2020,2020-07-03,2020-10-13,103,37,-1.553638336104329,-1.3275669576013926,0,-0.29762001388831105,-0.1748886981477784,2020-08-20,0.14935300855079844,0.3597314596941471,созревание и уборка,осень (озимые всходы),185,287,умеренная,weather_drought,0.75,история полигона,ERA5 полигона,0,-0.7841210095974286,0.2807017543859649,"{""available"": true, ""before"": {""precip_mm"": 25.034264236182935, ""temp_c"": 23.642258347405345, ""dry_days"": 24, ""hot_days"": 3, ""max_dry_spell"": 8, ""n_days"": 30, ""precip_deficit_pct"": 49.393267210735836, ""temp_anomaly_c"": 2.370262630603925, ""precip_norm_mm"": 49.468248306861184, ""temp_norm_c"": 21.27199571680142, ""norm_years"": 15}, ""during"": {""precip_mm"": 51.20740142430158, ""temp_c"": 20.22865491823859, ""dry_days"": 93, ""hot_days"": 6, ""max_dry_spell"": 59, ""n_days"": 103, ""precip_deficit_pct"": 63.092694952698466, ""temp_anomaly_c"": 0.611675722930805, ""precip_norm_mm"": 138.74597822483273, ""temp_norm_c"": 19.616979195307785, ""norm_years"": 15}, ""combined"": {""precip_mm"": 76.24166566048451, ""temp_c"": 20.998640654140868, ""dry_days"": 117, ""hot_days"": 9, ""max_dry_spell"": 59, ""n_days"": 133, ""precip_deficit_pct"": 59.49208140881637, ""temp_anomaly_c"": 1.0083494615036948, ""precip_norm_mm"": 188.2142265316939, ""temp_norm_c"": 19.990291192637173, ""norm_years"": 15}, ""source"": ""ERA5 полигона""}","за 30 дней до и во время эпизода осадков 76 мм при норме 188 мм (дефицит 59 %) | температура выше нормы на 1.0 °C (21.0 против 20.0 °C), жарких дней 9 | сухая серия 59 дней подряд | за 30 дней до эпизода: осадков 25 мм при норме 49 мм | во время эпизода: осадков 51 мм при норме 139 мм | соседние поля региона в эти дни тоже ниже нормы (медианный Z -0.8, ниже нормы 28% из 57 полей) — явление региональное | пик на уровне нормы (128%), но спад начался на 56 дней раньше обычного","AOI-0074, сезон 2020: умеренная аномалия с 2020-07-03 по 2020-10-13 (103 дней, 37 наблюдений), фаза — созревание и уборка. NDVI в худший день 2020-08-20: 0.15 при норме 0.36 (Z = -1.6). Вероятная причина — погодный стресс: дефицит осадков и/или жара (уверенность 75%). Аргументы: за 30 дней до и во время эпизода осадков 76 мм при норме 188 мм (дефицит 59 %); температура выше нормы на 1.0 °C (21.0 против 20.0 °C), жарких дней 9; сухая серия 59 дней подряд; за 30 дней до эпизода: осадков 25 мм при норме 49 мм; во время эпизода: осадков 51 мм при норме 139 мм; соседние поля региона в эти дни тоже ниже нормы (медианный Z -0.8, ниже нормы 28% из 57 полей) — явление региональное; пик на уровне нормы (128%), но спад начался на 56 дней раньше обычного. Норма: история полигона."
AOI-0074,2022,2022-05-13,2022-06-12,31,11,-1.6851812346397554,-1.363951974019974,0,-0.20566284424915648,-0.1799464539504031,2022-06-04,0.27640706976247514,0.47965384067602396,весна (всходы и рост),пик вегетации,133,163,умеренная,crop_rotation,0.7,история полигона,ERA5 полигона,0,0.7497668007541862,0.22807017543859648,"{""available"": true, ""before"": {""precip_mm"": 51.81416558543006, ""temp_c"": 11.270305188496934, ""dry_days"": 22, ""hot_days"": 0, ""max_dry_spell"": 14, ""n_days"": 30, ""precip_deficit_pct"": 2.433688448670801, ""temp_anomaly_c"": -1.5879816917136829, ""precip_norm_mm"": 53.10661514366141, ""temp_norm_c"": 12.858286880210617, ""norm_years"": 15}, ""during"": {""precip_mm"": 45.737598550910974, ""temp_c"": 17.406850341058565, ""dry_days"": 22, ""hot_days"": 0, ""max_dry_spell"": 8, ""n_days"": 31, ""precip_deficit_pct"": 11.50172781866784, ""temp_anomaly_c"": -1.3069797693614937, ""precip_norm_mm"": 51.68191132273752, ""temp_norm_c"": 18.71383011042006, ""norm_years"": 15}, ""combined"": {""precip_mm"": 97.55176413634103, ""temp_c"": 14.388877315208582, ""dry_days"": 44, ""hot_days"": 0, ""max_dry_spell"": 14, ""n_days"": 61, ""precip_deficit_pct"": 6.906063644647609, ""temp_anomaly_c"": -1.445177436092079, ""precip_norm_mm"": 104.78852646639895, ""temp_norm_c"": 15.83405475130066, ""norm_years"": 15}, ""source"": ""ERA5 полигона""}","другие поля региона в эти дни в норме (медианный Z 0.7, ниже нормы 23% из 57) — причина локальная, на самом поле | пик достигнут (154% нормы), но на 28 дней позже обычного: на поле яровая культура вместо привычной озимой, весеннее отставание — смена фазы, а не угнетение","AOI-0074, сезон 2022: умеренная аномалия с 2022-05-13 по 2022-06-12 (31 дней, 11 наблюдений), фаза — весна (всходы и рост). NDVI в худший день 2022-06-04: 0.28 при норме 0.48 (Z = -1.7). Вероятная причина — смена культуры: яровая вместо озимой, весеннее отставание — не угнетение (уверенность 70%). Аргументы: другие поля региона в эти дни в норме (медианный Z 0.7, ниже нормы 23% из 57) — причина локальная, на самом поле; пик достигнут (154% нормы), но на 28 дней позже обычного: на поле яровая культура вместо привычной озимой, весеннее отставание — смена фазы, а не угнетение. Норма: история полигона."
AOI-0074,2023,2023-06-15,2023-08-21,68,21,-1.8214469920604694,-1.2502864906886852,0,-0.27389984312848165,-0.22197187855970923,2023-06-22,0.28949177981029917,0.5134068310036105,пик вегетации,лето после уборки,166,233,умеренная,early_decline,0.6,история полигона,ERA5 полигона,1,0.48265747706294304,0.017543859649122806,"{""available"": true, ""before"": {""precip_mm"": 38.95563786909051, ""temp_c"": 18.003319878048394, ""dry_days"": 21, ""hot_days"": 0, ""max_dry_spell"": 11, ""n_days"": 30, ""precip_deficit_pct"": 19.26164410917204, ""temp_anomaly_c"": -1.1830306738394256, ""precip_norm_mm"": 48.24923351395114, ""temp_norm_c"": 19.18635055188782, ""norm_years"": 15}, ""during"": {""precip_mm"": 104.76668230226238, ""temp_c"": 22.381977994769244, ""dry_days"": 47, ""hot_days"": 6, ""max_dry_spell"": 8, ""n_days"": 68, ""precip_deficit_pct"": 0.6605695062242845, ""temp_anomaly_c"": -0.8583426840165131, ""precip_norm_mm"": 105.4633409729752, ""temp_norm_c"": 23.240320678785757, ""norm_years"": 15}, ""combined"": {""precip_mm"": 143.7223201713529, ""temp_c"": 21.041572448834287, ""dry_days"": 68, ""hot_days"": 6, ""max_dry_spell"": 11, ""n_days"": 98, ""precip_deficit_pct"": 6.499308432585749, ""temp_anomaly_c"": -0.9577369666153714, ""precip_norm_mm"": 153.71257448692634, ""temp_norm_c"": 21.99930941544966, ""norm_years"": 15}, ""source"": ""ERA5 полигона""}","другие поля региона в эти дни в норме (медианный Z 0.5, ниже нормы 2% из 57) — причина локальная, на самом поле | пик на уровне нормы (92%), но спад начался на 66 дней раньше обычного","AOI-0074, сезон 2023: умеренная аномалия с 2023-06-15 по 2023-08-21 (68 дней, 21 наблюдений), фаза — пик вегетации. NDVI в худший день 2023-06-22: 0.29 при норме 0.51 (Z = -1.8). Вероятная причина — ранний спад вегетации (уборка, полегание, болезнь) (уверенность 60%). Аргументы: другие поля региона в эти дни в норме (медианный Z 0.5, ниже нормы 2% из 57) — причина локальная, на самом поле; пик на уровне нормы (92%), но спад начался на 66 дней раньше обычного. Норма: история полигона."
AOI-0074,2024,2024-06-15,2024-10-17,125,44,-1.455828444850992,-1.3124266643218907,0,-0.28686979850783134,-0.16827219636681218,2024-06-21,0.3261701175498774,0.5109616084876386,пик вегетации,осень (озимые всходы),167,291,умеренная,weather_drought,0.75,история полигона,ERA5 полигона,0,-0.7503791296781189,0.24561403508771928,"{""available"": true, ""before"": {""precip_mm"": 18.820645331654617, ""temp_c"": 20.803998321957085, ""dry_days"": 21, ""hot_days"": 0, ""max_dry_spell"": 6, ""n_days"": 30, ""precip_deficit_pct"": 62.048697556942486, ""temp_anomaly_c"": 1.8043596663298445, ""precip_norm_mm"": 49.5915663497802, ""temp_norm_c"": 18.99963865562724, ""norm_years"": 15}, ""during"": {""precip_mm"": 48.97834817065316, ""temp_c"": 21.692286427815784, ""dry_days"": 111, ""hot_days"": 16, ""max_dry_spell"": 60, ""n_days"": 125, ""precip_deficit_pct"": 72.47990301883532, ""temp_anomaly_c"": 2.181211137729221, ""precip_norm_mm"": 177.9730216945636, ""temp_norm_c"": 19.511075290086563, ""norm_years"": 15}, ""combined"": {""precip_mm"": 67.79899350230778, ""temp_c"": 21.520359697649578, ""dry_days"": 132, ""hot_days"": 16, ""max_dry_spell"": 60, ""n_days"": 155, ""precip_deficit_pct"": 70.20670303540535, ""temp_anomaly_c"": 2.108272143264827, ""precip_norm_mm"": 227.56458804434382, ""temp_norm_c"": 19.41208755438475, ""norm_years"": 15}, ""source"": ""ERA5 полигона""}","за 30 дней до и во время эпизода осадков 68 мм при норме 228 мм (дефицит 70 %) | температура выше нормы на 2.1 °C (21.5 против 19.4 °C), жарких дней 16 | сухая серия 60 дней подряд | за 30 дней до эпизода: осадков 19 мм при норме 50 мм | во время эпизода: осадков 49 мм при норме 178 мм | соседние поля региона в эти дни тоже ниже нормы (медианный Z -0.8, ниже нормы 25% из 57 полей) — явление региональное | пик на уровне нормы (116%), но спад начался на 69 дней раньше обычного","AOI-0074, сезон 2024: умеренная аномалия с 2024-06-15 по 2024-10-17 (125 дней, 44 наблюдений), фаза — пик вегетации. NDVI в худший день 2024-06-21: 0.33 при норме 0.51 (Z = -1.5). Вероятная причина — погодный стресс: дефицит осадков и/или жара (уверенность 75%). Аргументы: за 30 дней до и во время эпизода осадков 68 мм при норме 228 мм (дефицит 70 %); температура выше нормы на 2.1 °C (21.5 против 19.4 °C), жарких дней 16; сухая серия 60 дней подряд; за 30 дней до эпизода: осадков 19 мм при норме 50 мм; во время эпизода: осадков 49 мм при норме 178 мм; соседние поля региона в эти дни тоже ниже нормы (медианный Z -0.8, ниже нормы 25% из 57 полей) — явление региональное; пик на уровне нормы (116%), но спад начался на 69 дней раньше обычного. Норма: история полигона."
AOI-0075,2010,2010-07-02,2010-10-30,121,10,-1.9740595555997489,-1.4161481786420567,0,-0.34347286437152635,-0.2106364387047997,2010-08-06,0.1768865928695421,0.5139744806670504,созревание и уборка,осень (озимые всходы),183,303,умеренная,weather_drought,0.75,история полигона,ERA5 полигона,0,-0.4899448552662382,0.15789473684210525,"{""available"": true, ""before"": {""precip_mm"": 14.61811425090076, ""temp_c"": 23.250385644700817, ""dry_days"": 27, ""hot_days"": 3, ""max_dry_spell"": 15, ""n_days"": 30, ""precip_deficit_pct"": 70.98046895193836, ""temp_anomaly_c"": 2.1092211320665157, ""precip_norm_mm"": 50.373364844147524, ""temp_norm_c"": 21.1411645126343, ""norm_years"": 15}, ""during"": {""precip_mm"": 157.01359975453855, ""temp_c"": 19.15020182060475, ""dry_days"": 96, ""hot_days"": 34, ""max_dry_spell"": 38, ""n_days"": 121, ""precip_deficit_pct"": 1.356787391743841, ""temp_anomaly_c"": 1.292417843260818, ""precip_norm_mm"": 159.17324223622958, ""temp_norm_c"": 17.85778397734393, ""norm_years"": 15}, ""combined"": {""precip_mm"": 171.6317140054393, ""temp_c"": 19.96480787837218, ""dry_days"": 123, ""hot_days"": 37, ""max_dry_spell"": 38, ""n_days"": 151, ""precip_deficit_pct"": 18.093775701362024, ""temp_anomaly_c"": 1.4546966423612915, ""precip_norm_mm"": 209.54660708037713, ""temp_norm_c"": 18.51011123601089, ""norm_years"": 15}, ""source"": ""ERA5 полигона""}","температура выше нормы на 1.5 °C (20.0 против 18.5 °C), жарких дней 37 | сухая серия 38 дней подряд | за 30 дней до эпизода: осадков 15 мм при норме 50 мм | соседние поля региона в эти дни чуть ниже нормы (медианный Z -0.5) | пик на уровне нормы (119%), но спад начался на 63 дней раньше обычного","AOI-0075, сезон 2010: умеренная аномалия с 2010-07-02 по 2010-10-30 (121 дней, 10 наблюдений), фаза — созревание и уборка. NDVI в худший день 2010-08-06: 0.18 при норме 0.51 (Z = -2.0). Вероятная причина — погодный стресс: дефицит осадков и/или жара (уверенность 75%). Аргументы: температура выше нормы на 1.5 °C (20.0 против 18.5 °C), жарких дней 37; сухая серия 38 дней подряд; за 30 дней до эпизода: осадков 15 мм при норме 50 мм; соседние поля региона в эти дни чуть ниже нормы (медианный Z -0.5); пик на уровне нормы (119%), но спад начался на 63 дней раньше обычного. Норма: история полигона."
AOI-0075,2011,2011-04-24,2011-05-25,32,5,-1.3926748972048941,-1.2334246711937926,0,-0.19148556160194422,-0.17671280364446842,2011-05-15,0.2812376491515324,0.46459925375565553,весна (всходы и рост),пик вегетации,114,145,умеренная,weak_season,0.45,история полигона,ERA5 полигона,0,-0.19650782835907277,0.21052631578947367,"{""available"": true, ""before"": {""precip_mm"": 46.81948864007879, ""temp_c"": 5.798672584865417, ""dry_days"": 15, ""hot_days"": 0, ""max_dry_spell"": 7, ""n_days"": 30}, ""during"": {""precip_mm"": 52.490407876852885, ""temp_c"": 15.60102718671165, ""dry_days"": 20, ""hot_days"": 0, ""max_dry_spell"": 6, ""n_days"": 32, ""precip_deficit_pct"": 1.917241012093851, ""temp_anomaly_c"": 0.3910642306009908, ""precip_norm_mm"": 53.516447149824856, ""temp_norm_c"": 15.20996295611066, ""norm_years"": 15}, ""combined"": {""precip_mm"": 99.30989651693167, ""temp_c"": 11.501860716848684, ""dry_days"": 35, ""hot_days"": 0, ""max_dry_spell"": 13, ""n_days"": 62, ""precip_deficit_pct"": -1.7751566086515291, ""temp_anomaly_c"": -1.2396565824566483, ""precip_norm_mm"": 97.57773883738706, ""temp_norm_c"": 12.741517299305333, ""norm_years"": 15}, ""source"": ""ERA5 полигона""}","другие поля региона в эти дни в норме (медианный Z -0.2, ниже нормы 21% из 57) — причина локальная, на самом поле | погодного сигнала нет; вероятны агротехнические причины","AOI-0075, сезон 2011: умеренная аномалия с 2011-04-24 по 2011-05-25 (32 дней, 5 наблюдений), фаза — весна (всходы и рост). NDVI в худший день 2011-05-15: 0.28 при норме 0.46 (Z = -1.4). Вероятная причина — ослабленный сезон без явной погодной причины (уверенность 45%). Аргументы: другие поля региона в эти дни в норме (медианный Z -0.2, ниже нормы 21% из 57) — причина локальная, на самом поле; погодного сигнала нет; вероятны агротехнические причины. Норма: история полигона."
AOI-0075,2012,2012-07-12,2012-09-18,69,5,-1.710463174844764,-1.3295815426010595,0,-0.3015073825089288,-0.2123383208747472,2012-08-06,0.21015643174086612,0.5078059347938804,созревание и уборка,осень (озимые всходы),194,262,умеренная,early_decline,0.6,история полигона,ERA5 полигона,0,-0.30365384192435974,0.15789473684210525,"{""available"": true, ""before"": {""precip_mm"": 53.77358997717607, ""temp_c"": 22.831906276279042, ""dry_days"": 20, ""hot_days"": 2, ""max_dry_spell"": 8, ""n_days"": 30, ""precip_deficit_pct"": -13.577859740071151, ""temp_anomaly_c"": 0.5111144496776348, ""precip_norm_mm"": 47.345134078278754, ""temp_norm_c"": 22.320791826601408, ""norm_years"": 15}, ""during"": {""precip_mm"": 68.93444282475514, ""temp_c"": 21.58472700257234, ""dry_days"": 53, ""hot_days"": 11, ""max_dry_spell"": 16, ""n_days"": 69, ""precip_deficit_pct"": 14.34046675710724, ""temp_anomaly_c"": -0.20461481251003022, ""precip_norm_mm"": 80.47492230583066, ""temp_norm_c"": 21.78934181508237, ""norm_years"": 15}, ""combined"": {""precip_mm"": 122.70803280193121, ""temp_c"": 21.962660115816796, ""dry_days"": 73, ""hot_days"": 13, ""max_dry_spell"": 16, ""n_days"": 99, ""precip_deficit_pct"": 3.999390805161396, ""temp_anomaly_c"": 0.012272842698354935, ""precip_norm_mm"": 127.82005638410939, ""temp_norm_c"": 21.95038727311844, ""norm_years"": 15}, ""source"": ""ERA5 полигона""}","сухая серия 16 дней подряд | соседние поля региона в эти дни чуть ниже нормы (медианный Z -0.3) | пик на уровне нормы (123%), но спад начался на 63 дней раньше обычного","AOI-0075, сезон 2012: умеренная аномалия с 2012-07-12 по 2012-09-18 (69 дней, 5 наблюдений), фаза — созревание и уборка. NDVI в худший день 2012-08-06: 0.21 при норме 0.51 (Z = -1.7). Вероятная причина — ранний спад вегетации (уборка, полегание, болезнь) (уверенность 60%). Аргументы: сухая серия 16 дней подряд; соседние поля региона в эти дни чуть ниже нормы (медианный Z -0.3); пик на уровне нормы (123%), но спад начался на 63 дней раньше обычного. Норма: история полигона."
AOI-0075,2018,2018-06-09,2018-07-27,49,10,-1.9199126404699969,-1.5100011723097082,0,-0.31873935944120446,-0.2646072664700681,2018-06-22,0.20272625626300453,0.5064263224432446,пик вегетации,созревание и уборка,160,208,умеренная,early_decline,0.6,история полигона,ERA5 полигона,1,-0.6636323459964993,0.24561403508771928,"{""available"": true, ""before"": {""precip_mm"": 45.34866302835283, ""temp_c"": 17.285334290398513, ""dry_days"": 22, ""hot_days"": 0, ""max_dry_spell"": 11, ""n_days"": 30, ""precip_deficit_pct"": 16.006989326865295, ""temp_anomaly_c"": -0.49255183325874086, ""precip_norm_mm"": 53.990995994691346, ""temp_norm_c"": 17.777886123657254, ""norm_years"": 15}, ""during"": {""precip_mm"": 147.86446471793724, ""temp_c"": 22.72664916888389, ""dry_days"": 30, ""hot_days"": 4, ""max_dry_spell"": 10, ""n_days"": 49, ""precip_deficit_pct"": -90.21861726054065, ""temp_anomaly_c"": 0.11289362009961224, ""precip_norm_mm"": 77.73396045425389, ""temp_norm_c"": 22.613755548784276, ""norm_years"": 15}, ""combined"": {""precip_mm"": 193.21312774629007, ""temp_c"": 20.660327063129948, ""dry_days"": 52, ""hot_days"": 4, ""max_dry_spell"": 11, ""n_days"": 79, ""precip_deficit_pct"": -46.679211711242296, ""temp_anomaly_c"": -0.11702237484659861, ""precip_norm_mm"": 131.72495644894522, ""temp_norm_c"": 20.777349437976547, ""norm_years"": 15}, ""source"": ""ERA5 полигона""}","соседние поля региона в эти дни чуть ниже нормы (медианный Z -0.7) | пик на уровне нормы (121%), но спад начался на 88 дней раньше обычного","AOI-0075, сезон 2018: умеренная аномалия с 2018-06-09 по 2018-07-27 (49 дней, 10 наблюдений), фаза — пик вегетации. NDVI в худший день 2018-06-22: 0.20 при норме 0.51 (Z = -1.9). Вероятная причина — ранний спад вегетации (уборка, полегание, болезнь) (уверенность 60%). Аргументы: соседние поля региона в эти дни чуть ниже нормы (медианный Z -0.7); пик на уровне нормы (121%), но спад начался на 88 дней раньше обычного. Норма: история полигона."
AOI-0075,2019,2019-05-10,2019-06-04,26,12,-1.576575592018623,-1.332373759362399,0,-0.18753199033912132,-0.16742263575706437,2019-05-26,0.27089627070172667,0.45814270934223217,весна (всходы и рост),пик вегетации,130,155,умеренная,late_start,0.6,история полигона,ERA5 полигона,0,0.7957079553467407,0.14035087719298245,"{""available"": true, ""before"": {""precip_mm"": 78.84580363372606, ""temp_c"": 12.171447266472738, ""dry_days"": 17, ""hot_days"": 0, ""max_dry_spell"": 10, ""n_days"": 30, ""precip_deficit_pct"": -67.2485013719749, ""temp_anomaly_c"": -0.0036423174540161085, ""precip_norm_mm"": 47.14290590763877, ""temp_norm_c"": 12.175089583926754, ""norm_years"": 15}, ""during"": {""precip_mm"": 70.30387390964066, ""temp_c"": 18.678259296906326, ""dry_days"": 20, ""hot_days"": 0, ""max_dry_spell"": 9, ""n_days"": 26, ""precip_deficit_pct"": -42.05357730906194, ""temp_anomaly_c"": 1.3408983230590827, ""precip_norm_mm"": 49.491097120829636, ""temp_norm_c"": 17.337360973847243, ""norm_years"": 15}, ""combined"": {""precip_mm"": 149.14967754336672, ""temp_c"": 15.192467137745476, ""dry_days"": 37, ""hot_days"": 0, ""max_dry_spell"": 10, ""n_days"": 56, ""precip_deficit_pct"": -54.34492297646742, ""temp_anomaly_c"": 0.6206086942127804, ""precip_norm_mm"": 96.63400302846838, ""temp_norm_c"": 14.571858443532696, ""norm_years"": 15}, ""source"": ""ERA5 полигона""}","другие поля региона в эти дни в норме (медианный Z 0.8, ниже нормы 14% из 57) — причина локальная, на самом поле | рост начался на 27 дней позже нормы, но пик достигнут (156% нормы)","AOI-0075, сезон 2019: умеренная аномалия с 2019-05-10 по 2019-06-04 (26 дней, 12 наблюдений), фаза — весна (всходы и рост). NDVI в худший день 2019-05-26: 0.27 при норме 0.46 (Z = -1.6). Вероятная причина — запаздывание всходов и роста (уверенность 60%). Аргументы: другие поля региона в эти дни в норме (медианный Z 0.8, ниже нормы 14% из 57) — причина локальная, на самом поле; рост начался на 27 дней позже нормы, но пик достигнут (156% нормы). Норма: история полигона."
AOI-0075,2020,2020-08-29,2020-09-20,23,12,-1.325792541326433,-1.2116970198602697,0,-0.15021774636668578,-0.12841836903521892,2020-09-07,0.18078658880712048,0.3212836982393662,лето после уборки,осень (озимые всходы),242,264,умеренная,weather_drought,0.75,история полигона,ERA5 полигона,0,-0.756536110006791,0.2631578947368421,"{""available"": true, ""before"": {""precip_mm"": 20.92427096789251, ""temp_c"": 21.62430447472468, ""dry_days"": 26, ""hot_days"": 0, ""max_dry_spell"": 14, ""n_days"": 30, ""precip_deficit_pct"": 29.132270319117872, ""temp_anomaly_c"": -1.6905048921373194, ""precip_norm_mm"": 29.52580964864353, ""temp_norm_c"": 23.314809366862, ""norm_years"": 15}, ""during"": {""precip_mm"": 0.5666603872604973, ""temp_c"": 19.31411716074185, ""dry_days"": 23, ""hot_days"": 0, ""max_dry_spell"": 23, ""n_days"": 23, ""precip_deficit_pct"": 97.7851869753649, ""temp_anomaly_c"": 1.467273869721776, ""precip_norm_mm"": 25.58502144233389, ""temp_norm_c"": 17.846843291020075, ""norm_years"": 15}, ""combined"": {""precip_mm"": 21.49093135515301, ""temp_c"": 20.621770357335905, ""dry_days"": 49, ""hot_days"": 0, ""max_dry_spell"": 37, ""n_days"": 53, ""precip_deficit_pct"": 61.00416028987913, ""temp_anomaly_c"": -0.3201480709531843, ""precip_norm_mm"": 55.11083109097741, ""temp_norm_c"": 20.94191842828909, ""norm_years"": 15}, ""source"": ""ERA5 полигона""}","за 30 дней до и во время эпизода осадков 21 мм при норме 55 мм (дефицит 61 %) | сухая серия 37 дней подряд | во время эпизода: осадков 1 мм при норме 26 мм | соседние поля региона в эти дни тоже ниже нормы (медианный Z -0.8, ниже нормы 26% из 57 полей) — явление региональное | пик на уровне нормы (138%), но спад начался на 17 дней раньше обычного","AOI-0075, сезон 2020: умеренная аномалия с 2020-08-29 по 2020-09-20 (23 дней, 12 наблюдений), фаза — лето после уборки. NDVI в худший день 2020-09-07: 0.18 при норме 0.32 (Z = -1.3). Вероятная причина — погодный стресс: дефицит осадков и/или жара (уверенность 75%). Аргументы: за 30 дней до и во время эпизода осадков 21 мм при норме 55 мм (дефицит 61 %); сухая серия 37 дней подряд; во время эпизода: осадков 1 мм при норме 26 мм; соседние поля региона в эти дни тоже ниже нормы (медианный Z -0.8, ниже нормы 26% из 57 полей) — явление региональное; пик на уровне нормы (138%), но спад начался на 17 дней раньше обычного. Норма: история полигона."
AOI-0075,2021,2021-06-04,2021-08-26,84,38,-1.829050112992464,-1.603203074263228,0,-0.3481650069159197,-0.27623608209392175,2021-07-16,0.19373483054163543,0.5416251503829995,пик вегетации,лето после уборки,155,238,умеренная,early_decline,0.6,история полигона,ERA5 полигона,3,0.4128336643114957,0.03508771929824561,"{""available"": true, ""before"": {""precip_mm"": 91.45024021374581, ""temp_c"": 16.377935324774867, ""dry_days"": 16, ""hot_days"": 0, ""max_dry_spell"": 9, ""n_days"": 30, ""precip_deficit_pct"": -64.8766052184332, ""temp_anomaly_c"": -0.6263486212271232, ""precip_norm_mm"": 55.46586800024779, ""temp_norm_c"": 17.00428394600199, ""norm_years"": 15}, ""during"": {""precip_mm"": 134.93178627483005, ""temp_c"": 23.728474924299473, ""dry_days"": 52, ""hot_days"": 16, ""max_dry_spell"": 9, ""n_days"": 84, ""precip_deficit_pct"": -18.21846789766779, ""temp_anomaly_c"": 1.056437027391297, ""precip_norm_mm"": 114.13765435670308, ""temp_norm_c"": 22.672037896908176, ""norm_years"": 15}, ""combined"": {""precip_mm"": 226.38202648857586, ""temp_c"": 21.794122398108797, ""dry_days"": 68, ""hot_days"": 16, ""max_dry_spell"": 9, ""n_days"": 114, ""precip_deficit_pct"": -33.477196312071825, ""temp_anomaly_c"": 0.6135986988075111, ""precip_norm_mm"": 169.6035223569508, ""temp_norm_c"": 21.180523699301286, ""norm_years"": 15}, ""source"": ""ERA5 полигона""}","другие поля региона в эти дни в норме (медианный Z 0.4, ниже нормы 4% из 57) — причина локальная, на самом поле | пик на уровне нормы (108%), но спад начался на 91 дней раньше обычного","AOI-0075, сезон 2021: умеренная аномалия с 2021-06-04 по 2021-08-26 (84 дней, 38 наблюдений), фаза — пик вегетации. NDVI в худший день 2021-07-16: 0.19 при норме 0.54 (Z = -1.8). Вероятная причина — ранний спад вегетации (уборка, полегание, болезнь) (уверенность 60%). Аргументы: другие поля региона в эти дни в норме (медианный Z 0.4, ниже нормы 4% из 57) — причина локальная, на самом поле; пик на уровне нормы (108%), но спад начался на 91 дней раньше обычного. Норма: история полигона."
AOI-0075,2022,2022-05-31,2022-06-25,26,11,-1.6035115325152431,-1.375152299821086,0,-0.22053208001431257,-0.19655804087550685,2022-06-10,0.25488585560782734,0.47197452097489073,пик вегетации,созревание и уборка,151,176,умеренная,crop_rotation,0.7,история полигона,ERA5 полигона,0,0.7330444685777451,0.14035087719298245,"{""available"": true, ""before"": {""precip_mm"": 36.02073876006884, ""temp_c"": 12.946536445617701, ""dry_days"": 22, ""hot_days"": 0, ""max_dry_spell"": 8, ""n_days"": 30, ""precip_deficit_pct"": 34.19081812776895, ""temp_anomaly_c"": -3.60574145564326, ""precip_norm_mm"": 54.73512621689073, ""temp_norm_c"": 16.55227790126096, ""norm_years"": 15}, ""during"": {""precip_mm"": 59.95931234358309, ""temp_c"": 21.211224443484596, ""dry_days"": 18, ""hot_days"": 0, ""max_dry_spell"": 10, ""n_days"": 26, ""precip_deficit_pct"": -64.77088083436588, ""temp_anomaly_c"": 0.3080899263039605, ""precip_norm_mm"": 36.38950768482966, ""temp_norm_c"": 20.903134517180636, ""norm_years"": 15}, ""combined"": {""precip_mm"": 95.98005110365193, ""temp_c"": 16.783713016055902, ""dry_days"": 40, ""hot_days"": 0, ""max_dry_spell"": 10, ""n_days"": 56, ""precip_deficit_pct"": -5.328325606408679, ""temp_anomaly_c"": -1.7886054568820562, ""precip_norm_mm"": 91.1246339017204, ""temp_norm_c"": 18.57231847293796, ""norm_years"": 15}, ""source"": ""ERA5 полигона""}","другие поля региона в эти дни в норме (медианный Z 0.7, ниже нормы 14% из 57) — причина локальная, на самом поле | пик достигнут (134% нормы), но на 32 дней позже обычного: на поле яровая культура вместо привычной озимой, весеннее отставание — смена фазы, а не угнетение","AOI-0075, сезон 2022: умеренная аномалия с 2022-05-31 по 2022-06-25 (26 дней, 11 наблюдений), фаза — пик вегетации. NDVI в худший день 2022-06-10: 0.25 при норме 0.47 (Z = -1.6). Вероятная причина — смена культуры: яровая вместо озимой, весеннее отставание — не угнетение (уверенность 70%). Аргументы: другие поля региона в эти дни в норме (медианный Z 0.7, ниже нормы 14% из 57) — причина локальная, на самом поле; пик достигнут (134% нормы), но на 32 дней позже обычного: на поле яровая культура вместо привычной озимой, весеннее отставание — смена фазы, а не угнетение. Норма: история полигона."
AOI-0075,2023,2023-06-05,2023-07-12,38,13,-1.4322124779467242,-1.2595005074744272,0,-0.2406437632570394,-0.21227678411755516,2023-06-20,0.26763127130932024,0.49679410876510044,пик вегетации,созревание и уборка,156,193,умеренная,early_decline,0.6,история полигона,ERA5 полигона,0,0.7477403620225523,0.08771929824561403,"{""available"": true, ""before"": {""precip_mm"": 32.16079691373608, ""temp_c"": 15.640961117214653, ""dry_days"": 19, ""hot_days"": 0, ""max_dry_spell"": 7, ""n_days"": 30, ""precip_deficit_pct"": 45.43972858832962, ""temp_anomaly_c"": -1.5449926418728257, ""precip_norm_mm"": 58.94544891662126, ""temp_norm_c"": 17.18595375908748, ""norm_years"": 15}, ""during"": {""precip_mm"": 71.8934451909945, ""temp_c"": 20.16104921039784, ""dry_days"": 27, ""hot_days"": 2, ""max_dry_spell"": 8, ""n_days"": 38, ""precip_deficit_pct"": -33.319931268257896, ""temp_anomaly_c"": -1.9852084003693875, ""precip_norm_mm"": 53.92550424162391, ""temp_norm_c"": 22.14625761076723, ""norm_years"": 15}, ""combined"": {""precip_mm"": 104.05424210473058, ""temp_c"": 18.166892698699378, ""dry_days"": 46, ""hot_days"": 2, ""max_dry_spell"": 10, ""n_days"": 68, ""precip_deficit_pct"": 7.811319747741951, ""temp_anomaly_c"": -1.7909955657385517, ""precip_norm_mm"": 112.87095315824514, ""temp_norm_c"": 19.95788826443793, ""norm_years"": 15}, ""source"": ""ERA5 полигона""}","другие поля региона в эти дни в норме (медианный Z 0.7, ниже нормы 9% из 57) — причина локальная, на самом поле | пик на уровне нормы (152%), но спад начался на 100 дней раньше обычного","AOI-0075, сезон 2023: умеренная аномалия с 2023-06-05 по 2023-07-12 (38 дней, 13 наблюдений), фаза — пик вегетации. NDVI в худший день 2023-06-20: 0.27 при норме 0.50 (Z = -1.4). Вероятная причина — ранний спад вегетации (уборка, полегание, болезнь) (уверенность 60%). Аргументы: другие поля региона в эти дни в норме (медианный Z 0.7, ниже нормы 9% из 57) — причина локальная, на самом поле; пик на уровне нормы (152%), но спад начался на 100 дней раньше обычного. Норма: история полигона."
AOI-0076,2010,2010-06-02,2010-06-28,27,4,-2.2642284827759456,-1.6912748916234108,8,-0.18368851986336854,-0.16633758828794024,2010-06-15,0.4017425775351807,0.5837405860269337,пик вегетации,созревание и уборка,153,179,критическая,weather_drought,0.65,история полигона,ERA5 региона (медиана соседних полей),0,-0.03909269488148918,0.17543859649122806,"{""available"": true, ""before"": {""precip_mm"": 89.08249146531706, ""temp_c"": 18.388834160698813, ""dry_days"": 15, ""hot_days"": 0, ""max_dry_spell"": 6, ""n_days"": 30, ""precip_deficit_pct"": -90.85648568882829, ""temp_anomaly_c"": 0.5882796860862562, ""precip_norm_mm"": 46.67511881705546, ""temp_norm_c"": 17.800554474612557, ""norm_years"": 15}, ""during"": {""precip_mm"": 5.024132096184192, ""temp_c"": 24.832726632682082, ""dry_days"": 26, ""hot_days"": 5, ""max_dry_spell"": 20, ""n_days"": 27, ""precip_deficit_pct"": 82.37395501617965, ""temp_anomaly_c"": 1.7552293155487497, ""precip_norm_mm"": 28.504024021248334, ""temp_norm_c"": 23.077497317133332, ""norm_years"": 15}, ""combined"": {""precip_mm"": 94.10662356150127, ""temp_c"": 21.441204279006673, ""dry_days"": 41, ""hot_days"": 5, ""max_dry_spell"": 22, ""n_days"": 57, ""precip_deficit_pct"": -25.176505089858402, ""temp_anomaly_c"": 1.1410453000421725, ""precip_norm_mm"": 75.17914283830379, ""temp_norm_c"": 20.3001589789645, ""norm_years"": 15}, ""source"": ""ERA5 региона (медиана соседних полей)""}","температура выше нормы на 1.1 °C (21.4 против 20.3 °C), жарких дней 5 | сухая серия 22 дней подряд | за 30 дней до эпизода: осадков 89 мм при норме 47 мм | во время эпизода: осадков 5 мм при норме 29 мм | другие поля региона в эти дни в норме (медианный Z -0.0, ниже нормы 18% из 57) — причина локальная, на самом поле","AOI-0076, сезон 2010: критическая аномалия с 2010-06-02 по 2010-06-28 (27 дней, 4 наблюдений), фаза — пик вегетации. NDVI в худший день 2010-06-15: 0.40 при норме 0.58 (Z = -2.3). Вероятная причина — погодный стресс: дефицит осадков и/или жара (уверенность 65%). Аргументы: температура выше нормы на 1.1 °C (21.4 против 20.3 °C), жарких дней 5; сухая серия 22 дней подряд; за 30 дней до эпизода: осадков 89 мм при норме 47 мм; во время эпизода: осадков 5 мм при норме 29 мм; другие поля региона в эти дни в норме (медианный Z -0.0, ниже нормы 18% из 57) — причина локальная, на самом поле. Норма: история полигона."
AOI-0076,2010,2010-07-24,2010-08-12,20,2,-1.3631399360091072,-1.2294380546689658,0,-0.23846421110206573,-0.20797612958432965,2010-08-02,0.22248326228085202,0.4551704717859662,созревание и уборка,лето после уборки,205,224,умеренная,weather_drought,0.65,история полигона,ERA5 региона (медиана соседних полей),1,-0.3835198736242647,0.17543859649122806,"{""available"": true, ""before"": {""precip_mm"": 21.579884177906905, ""temp_c"": 26.899978997972298, ""dry_days"": 23, ""hot_days"": 12, ""max_dry_spell"": 11, ""n_days"": 30, ""precip_deficit_pct"": 27.920357943169726, ""temp_anomaly_c"": 1.636853668683841, ""precip_norm_mm"": 29.938944703544063, ""temp_norm_c"": 25.263125329288457, ""norm_years"": 15}, ""during"": {""precip_mm"": 0.56870392091568, ""temp_c"": 31.507842140197774, ""dry_days"": 20, ""hot_days"": 19, ""max_dry_spell"": 20, ""n_days"": 20, ""precip_deficit_pct"": 94.56206542630935, ""temp_anomaly_c"": 4.907303202217005, ""precip_norm_mm"": 10.458086856490217, ""temp_norm_c"": 26.60053893798077, ""norm_years"": 15}, ""combined"": {""precip_mm"": 22.148588098822586, ""temp_c"": 28.743124254862483, ""dry_days"": 43, ""hot_days"": 31, ""max_dry_spell"": 24, ""n_days"": 50, ""precip_deficit_pct"": 45.17273363042176, ""temp_anomaly_c"": 2.945033482097106, ""precip_norm_mm"": 40.397031560034286, ""temp_norm_c"": 25.798090772765377, ""norm_years"": 15}, ""source"": ""ERA5 региона (медиана соседних полей)""}","за 30 дней до и во время эпизода осадков 22 мм при норме 40 мм (дефицит 45 %) | температура выше нормы на 2.9 °C (28.7 против 25.8 °C), жарких дней 31 | сухая серия 24 дней подряд | во время эпизода: осадков 1 мм при норме 10 мм | соседние поля региона в эти дни чуть ниже нормы (медианный Z -0.4)","AOI-0076, сезон 2010: умеренная аномалия с 2010-07-24 по 2010-08-12 (20 дней, 2 наблюдений), фаза — созревание и уборка. NDVI в худший день 2010-08-02: 0.22 при норме 0.46 (Z = -1.4). Вероятная причина — погодный стресс: дефицит осадков и/или жара (уверенность 65%). Аргументы: за 30 дней до и во время эпизода осадков 22 мм при норме 40 мм (дефицит 45 %); температура выше нормы на 2.9 °C (28.7 против 25.8 °C), жарких дней 31; сухая серия 24 дней подряд; во время эпизода: осадков 1 мм при норме 10 мм; соседние поля региона в эти дни чуть ниже нормы (медианный Z -0.4). Норма: история полигона."
AOI-0076,2017,2017-07-13,2017-08-25,44,11,-1.402579592165759,-1.2299908904300805,0,-0.22573411541580796,-0.20017522719807748,2017-08-12,0.19989780600034834,0.3992085691951697,созревание и уборка,лето после уборки,194,237,умеренная,early_decline,0.6,история полигона,ERA5 региона (медиана соседних полей),0,-0.16779897544963515,0.07017543859649122,"{""available"": true, ""before"": {""precip_mm"": 34.28077206859835, ""temp_c"": 22.781517674683297, ""dry_days"": 22, ""hot_days"": 5, ""max_dry_spell"": 12, ""n_days"": 30, ""precip_deficit_pct"": -10.79536645707686, ""temp_anomaly_c"": -1.8839896084955257, ""precip_norm_mm"": 30.940618876764166, ""temp_norm_c"": 24.665507283178822, ""norm_years"": 15}, ""during"": {""precip_mm"": 21.480226611633352, ""temp_c"": 27.243786630038766, ""dry_days"": 41, ""hot_days"": 26, ""max_dry_spell"": 24, ""n_days"": 44, ""precip_deficit_pct"": 23.197240688642594, ""temp_anomaly_c"": 1.134492749245819, ""precip_norm_mm"": 27.96804021656668, ""temp_norm_c"": 26.109293880792947, ""norm_years"": 15}, ""combined"": {""precip_mm"": 55.76099868023171, ""temp_c"": 25.43475867516492, ""dry_days"": 63, ""hot_days"": 31, ""max_dry_spell"": 24, ""n_days"": 74, ""precip_deficit_pct"": 5.343289868662948, ""temp_anomaly_c"": -0.08921631470337843, ""precip_norm_mm"": 58.90865909333085, ""temp_norm_c"": 25.5239749898683, ""norm_years"": 15}, ""source"": ""ERA5 региона (медиана соседних полей)""}","сухая серия 24 дней подряд | другие поля региона в эти дни в норме (медианный Z -0.2, ниже нормы 7% из 57) — причина локальная, на самом поле | пик на уровне нормы (124%), но спад начался на 45 дней раньше обычного","AOI-0076, сезон 2017: умеренная аномалия с 2017-07-13 по 2017-08-25 (44 дней, 11 наблюдений), фаза — созревание и уборка. NDVI в худший день 2017-08-12: 0.20 при норме 0.40 (Z = -1.4). Вероятная причина — ранний спад вегетации (уборка, полегание, болезнь) (уверенность 60%). Аргументы: сухая серия 24 дней подряд; другие поля региона в эти дни в норме (медианный Z -0.2, ниже нормы 7% из 57) — причина локальная, на самом поле; пик на уровне нормы (124%), но спад начался на 45 дней раньше обычного. Норма: история полигона."
AOI-0076,2019,2019-06-22,2019-07-28,37,14,-1.7140559239428395,-1.5092325016428927,0,-0.3089699464966715,-0.25611330090907913,2019-07-04,0.2916407182944792,0.5788959870882774,пик вегетации,созревание и уборка,173,209,умеренная,early_decline,0.6,история полигона,ERA5 региона (медиана соседних полей),1,-0.4851787032538672,0.17543859649122806,"{""available"": true, ""before"": {""precip_mm"": 14.924698127050558, ""temp_c"": 24.626615472823882, ""dry_days"": 26, ""hot_days"": 8, ""max_dry_spell"": 25, ""n_days"": 30, ""precip_deficit_pct"": 58.43791783784666, ""temp_anomaly_c"": 2.952241703197167, ""precip_norm_mm"": 35.90940913119379, ""temp_norm_c"": 21.674373769626715, ""norm_years"": 15}, ""during"": {""precip_mm"": 73.35447586649327, ""temp_c"": 23.758138503111905, ""dry_days"": 23, ""hot_days"": 5, ""max_dry_spell"": 14, ""n_days"": 37, ""precip_deficit_pct"": -121.15832640100001, ""temp_anomaly_c"": -1.7691492807315612, ""precip_norm_mm"": 33.1683084513347, ""temp_norm_c"": 25.527287783843466, ""norm_years"": 15}, ""combined"": {""precip_mm"": 88.27917399354382, ""temp_c"": 24.147008788057562, ""dry_days"": 49, ""hot_days"": 13, ""max_dry_spell"": 27, ""n_days"": 67, ""precip_deficit_pct"": -27.796888899919068, ""temp_anomaly_c"": 0.3449063837141324, ""precip_norm_mm"": 69.0777175825285, ""temp_norm_c"": 23.80210240434343, ""norm_years"": 15}, ""source"": ""ERA5 региона (медиана соседних полей)""}","сухая серия 27 дней подряд | соседние поля региона в эти дни чуть ниже нормы (медианный Z -0.5) | пик на уровне нормы (132%), но спад начался на 61 дней раньше обычного","AOI-0076, сезон 2019: умеренная аномалия с 2019-06-22 по 2019-07-28 (37 дней, 14 наблюдений), фаза — пик вегетации. NDVI в худший день 2019-07-04: 0.29 при норме 0.58 (Z = -1.7). Вероятная причина — ранний спад вегетации (уборка, полегание, болезнь) (уверенность 60%). Аргументы: сухая серия 27 дней подряд; соседние поля региона в эти дни чуть ниже нормы (медианный Z -0.5); пик на уровне нормы (132%), но спад начался на 61 дней раньше обычного. Норма: история полигона."
AOI-0076,2020,2020-06-24,2020-08-06,44,14,-1.6564774469682446,-1.3771990134835257,0,-0.30373829201491487,-0.24169108471565146,2020-07-07,0.2678647477095523,0.5674617171469533,созревание и уборка,созревание и уборка,176,219,умеренная,early_decline,0.6,история полигона,ERA5 региона (медиана соседних полей),1,-0.6889766458188383,0.2631578947368421,"{""available"": true, ""before"": {""precip_mm"": 50.929973885494874, ""temp_c"": 22.030297046237546, ""dry_days"": 20, ""hot_days"": 2, ""max_dry_spell"": 9, ""n_days"": 30, ""precip_deficit_pct"": -52.51113990521286, ""temp_anomaly_c"": -0.15828737008410343, ""precip_norm_mm"": 33.394264784295984, ""temp_norm_c"": 22.18858441632165, ""norm_years"": 15}, ""during"": {""precip_mm"": 22.574531483652496, ""temp_c"": 26.128570629852003, ""dry_days"": 38, ""hot_days"": 17, ""max_dry_spell"": 14, ""n_days"": 44, ""precip_deficit_pct"": 41.35362587936074, ""temp_anomaly_c"": 0.3393718793550029, ""precip_norm_mm"": 38.492629462846715, ""temp_norm_c"": 25.789198750497, ""norm_years"": 15}, ""combined"": {""precip_mm"": 73.50450536914737, ""temp_c"": 24.467108366224522, ""dry_days"": 58, ""hot_days"": 19, ""max_dry_spell"": 15, ""n_days"": 74, ""precip_deficit_pct"": -2.2502170095753726, ""temp_anomaly_c"": 0.13761812958238906, ""precip_norm_mm"": 71.8868942471427, ""temp_norm_c"": 24.329490236642133, ""norm_years"": 15}, ""source"": ""ERA5 региона (медиана соседних полей)""}","сухая серия 15 дней подряд | соседние поля региона в эти дни чуть ниже нормы (медианный Z -0.7) | пик на уровне нормы (123%), но спад начался на 52 дней раньше обычного","AOI-0076, сезон 2020: умеренная аномалия с 2020-06-24 по 2020-08-06 (44 дней, 14 наблюдений), фаза — созревание и уборка. NDVI в худший день 2020-07-07: 0.27 при норме 0.57 (Z = -1.7). Вероятная причина — ранний спад вегетации (уборка, полегание, болезнь) (уверенность 60%). Аргументы: сухая серия 15 дней подряд; соседние поля региона в эти дни чуть ниже нормы (медианный Z -0.7); пик на уровне нормы (123%), но спад начался на 52 дней раньше обычного. Норма: история полигона."
AOI-0076,2022,2022-05-09,2022-06-17,40,14,-2.5806168305442516,-1.7959781962062493,15,-0.2500366342881288,-0.209912783814897,2022-06-08,0.34138639632506745,0.5749269598312683,весна (всходы и рост),пик вегетации,129,168,критическая,crop_rotation,0.7,история полигона,ERA5 региона (медиана соседних полей),2,0.720340664235299,0.21052631578947367,"{""available"": true, ""before"": {""precip_mm"": 44.402021624334985, ""temp_c"": 12.483921234696021, ""dry_days"": 19, ""hot_days"": 0, ""max_dry_spell"": 8, ""n_days"": 30, ""precip_deficit_pct"": -25.602614680183365, ""temp_anomaly_c"": -0.7491877021767159, ""precip_norm_mm"": 35.35119212079619, ""temp_norm_c"": 13.233108936872737, ""norm_years"": 15}, ""during"": {""precip_mm"": 29.55956076968746, ""temp_c"": 19.416589990898434, ""dry_days"": 33, ""hot_days"": 0, ""max_dry_spell"": 22, ""n_days"": 40, ""precip_deficit_pct"": 50.626010573315774, ""temp_anomaly_c"": -0.6163487930701557, ""precip_norm_mm"": 59.86869020090155, ""temp_norm_c"": 20.03293878396859, ""norm_years"": 15}, ""combined"": {""precip_mm"": 73.96158239402244, ""temp_c"": 16.445446238240258, ""dry_days"": 52, ""hot_days"": 0, ""max_dry_spell"": 22, ""n_days"": 70, ""precip_deficit_pct"": 22.32548435194942, ""temp_anomaly_c"": -0.6732797541158213, ""precip_norm_mm"": 95.21988232169772, ""temp_norm_c"": 17.11872599235608, ""norm_years"": 15}, ""source"": ""ERA5 региона (медиана соседних полей)""}","сухая серия 22 дней подряд | другие поля региона в эти дни в норме (медианный Z 0.7, ниже нормы 21% из 57) — причина локальная, на самом поле | пик достигнут (143% нормы), но на 44 дней позже обычного: на поле яровая культура вместо привычной озимой, весеннее отставание — смена фазы, а не угнетение","AOI-0076, сезон 2022: критическая аномалия с 2022-05-09 по 2022-06-17 (40 дней, 14 наблюдений), фаза — весна (всходы и рост). NDVI в худший день 2022-06-08: 0.34 при норме 0.57 (Z = -2.6). Вероятная причина — смена культуры: яровая вместо озимой, весеннее отставание — не угнетение (уверенность 70%). Аргументы: сухая серия 22 дней подряд; другие поля региона в эти дни в норме (медианный Z 0.7, ниже нормы 21% из 57) — причина локальная, на самом поле; пик достигнут (143% нормы), но на 44 дней позже обычного: на поле яровая культура вместо привычной озимой, весеннее отставание — смена фазы, а не угнетение. Норма: история полигона."
AOI-0076,2024,2024-06-07,2024-08-14,69,27,-2.2849021197040127,-1.4954666084322807,9,-0.2833589049027785,-0.21826196434440642,2024-06-17,0.39620973140122634,0.5864722268490364,пик вегетации,лето после уборки,159,227,критическая,weather_drought,0.75,история полигона,ERA5 региона (медиана соседних полей),1,-0.7805206426068569,0.3684210526315789,"{""available"": true, ""before"": {""precip_mm"": 11.769633942307678, ""temp_c"": 18.42218706342911, ""dry_days"": 25, ""hot_days"": 1, ""max_dry_spell"": 7, ""n_days"": 30, ""precip_deficit_pct"": 77.1750224789168, ""temp_anomaly_c"": -0.2983033938758375, ""precip_norm_mm"": 51.564712085416886, ""temp_norm_c"": 18.720490457304948, ""norm_years"": 15}, ""during"": {""precip_mm"": 28.17218232378079, ""temp_c"": 26.5086231974972, ""dry_days"": 61, ""hot_days"": 28, ""max_dry_spell"": 25, ""n_days"": 69, ""precip_deficit_pct"": 52.35158624342613, ""temp_anomaly_c"": 1.2337188829343368, ""precip_norm_mm"": 59.12512107476817, ""temp_norm_c"": 25.274904314562864, ""norm_years"": 15}, ""combined"": {""precip_mm"": 39.941816266088466, ""temp_c"": 24.058188005355362, ""dry_days"": 86, ""hot_days"": 29, ""max_dry_spell"": 25, ""n_days"": 99, ""precip_deficit_pct"": 63.91555111634637, ""temp_anomaly_c"": 0.7694697081433866, ""precip_norm_mm"": 110.68983316018505, ""temp_norm_c"": 23.288718297211975, ""norm_years"": 15}, ""source"": ""ERA5 региона (медиана соседних полей)""}","за 30 дней до и во время эпизода осадков 40 мм при норме 111 мм (дефицит 64 %) | сухая серия 25 дней подряд | за 30 дней до эпизода: осадков 12 мм при норме 52 мм | во время эпизода: осадков 28 мм при норме 59 мм | соседние поля региона в эти дни тоже ниже нормы (медианный Z -0.8, ниже нормы 37% из 57 полей) — явление региональное | пик на уровне нормы (103%), но спад начался на 63 дней раньше обычного","AOI-0076, сезон 2024: критическая аномалия с 2024-06-07 по 2024-08-14 (69 дней, 27 наблюдений), фаза — пик вегетации. NDVI в худший день 2024-06-17: 0.40 при норме 0.59 (Z = -2.3). Вероятная причина — погодный стресс: дефицит осадков и/или жара (уверенность 75%). Аргументы: за 30 дней до и во время эпизода осадков 40 мм при норме 111 мм (дефицит 64 %); сухая серия 25 дней подряд; за 30 дней до эпизода: осадков 12 мм при норме 52 мм; во время эпизода: осадков 28 мм при норме 59 мм; соседние поля региона в эти дни тоже ниже нормы (медианный Z -0.8, ниже нормы 37% из 57 полей) — явление региональное; пик на уровне нормы (103%), но спад начался на 63 дней раньше обычного. Норма: история полигона."
AOI-0077,2020,2020-04-15,2020-06-05,52,8,-1.5001818990894527,-1.1992796468873117,0,-0.2395647196812672,-0.1973013044202817,2020-05-23,0.3500290638064077,0.5866063775293863,весна (всходы и рост),пик вегетации,106,157,умеренная,crop_rotation,0.7,история полигона,ERA5 региона (медиана соседних полей),2,-0.17495059067418456,0.24561403508771928,"{""available"": true, ""before"": {""precip_mm"": 2.838455891037483, ""temp_c"": 7.288835598173628, ""dry_days"": 13, ""hot_days"": 0, ""max_dry_spell"": 10, ""n_days"": 30}, ""during"": {""precip_mm"": 106.54019195313634, ""temp_c"": 14.750484193957938, ""dry_days"": 28, ""hot_days"": 0, ""max_dry_spell"": 12, ""n_days"": 52, ""precip_deficit_pct"": -47.400556140911235, ""temp_anomaly_c"": -1.8425804545814337, ""precip_norm_mm"": 72.27936904884307, ""temp_norm_c"": 16.59306464853937, ""norm_years"": 15}, ""combined"": {""precip_mm"": 109.37864784417383, ""temp_c"": 13.16771024939763, ""dry_days"": 41, ""hot_days"": 0, ""max_dry_spell"": 12, ""n_days"": 82, ""precip_deficit_pct"": -18.178804003901483, ""temp_anomaly_c"": -1.9990019017061975, ""precip_norm_mm"": 92.553524099434, ""temp_norm_c"": 15.166712151103827, ""norm_years"": 15}, ""source"": ""ERA5 региона (медиана соседних полей)""}","другие поля региона в эти дни в норме (медианный Z -0.2, ниже нормы 25% из 57) — причина локальная, на самом поле | пик достигнут (116% нормы), но на 42 дней позже обычного: на поле яровая культура вместо привычной озимой, весеннее отставание — смена фазы, а не угнетение","AOI-0077, сезон 2020: умеренная аномалия с 2020-04-15 по 2020-06-05 (52 дней, 8 наблюдений), фаза — весна (всходы и рост). NDVI в худший день 2020-05-23: 0.35 при норме 0.59 (Z = -1.5). Вероятная причина — смена культуры: яровая вместо озимой, весеннее отставание — не угнетение (уверенность 70%). Аргументы: другие поля региона в эти дни в норме (медианный Z -0.2, ниже нормы 25% из 57) — причина локальная, на самом поле; пик достигнут (116% нормы), но на 42 дней позже обычного: на поле яровая культура вместо привычной озимой, весеннее отставание — смена фазы, а не угнетение. Норма: история полигона."
AOI-0077,2021,2021-04-01,2021-09-17,170,61,-2.583192349947174,-1.6003098905922966,23,-0.30242710248071536,-0.23124626443183358,2021-06-14,0.24517109051218597,0.5397772721680022,весна (всходы и рост),лето после уборки,91,260,критическая,unsown_or_changed,0.8,история полигона,ERA5 региона (медиана соседних полей),5,0.12141964572401519,0.017543859649122806,"{""available"": true, ""during"": {""precip_mm"": 282.24629265980883, ""temp_c"": 20.462305902599237, ""dry_days"": 116, ""hot_days"": 34, ""max_dry_spell"": 15, ""n_days"": 170, ""precip_deficit_pct"": -74.56771352392553, ""temp_anomaly_c"": -0.34222274828713495, ""precip_norm_mm"": 161.6829864825636, ""temp_norm_c"": 20.804528650886372, ""norm_years"": 15}, ""combined"": {""precip_mm"": 282.24629265980883, ""temp_c"": 20.462305902599237, ""dry_days"": 116, ""hot_days"": 34, ""max_dry_spell"": 15, ""n_days"": 200, ""precip_deficit_pct"": -74.56771352392553, ""temp_anomaly_c"": -0.34222274828713495, ""precip_norm_mm"": 161.6829864825636, ""temp_norm_c"": 20.804528650886372, ""norm_years"": 15}, ""source"": ""ERA5 региона (медиана соседних полей)""}","сухая серия 15 дней подряд | другие поля региона в эти дни в норме (медианный Z 0.1, ниже нормы 2% из 57) — причина локальная, на самом поле | пик главного сезона всего 0.33 при норме 0.59: кривая плоская с весны — поле не засеяно, под паром или занято другой культурой","AOI-0077, сезон 2021: критическая аномалия с 2021-04-01 по 2021-09-17 (170 дней, 61 наблюдений), фаза — весна (всходы и рост). NDVI в худший день 2021-06-14: 0.25 при норме 0.54 (Z = -2.6). Вероятная причина — поле не засеяно, под паром или сменилась культура (уверенность 80%). Аргументы: сухая серия 15 дней подряд; другие поля региона в эти дни в норме (медианный Z 0.1, ниже нормы 2% из 57) — причина локальная, на самом поле; пик главного сезона всего 0.33 при норме 0.59: кривая плоская с весны — поле не засеяно, под паром или занято другой культурой. Норма: история полигона."
AOI-0077,2022,2022-04-16,2022-06-15,61,19,-2.1410049795213695,-1.6546036958214552,12,-0.31899906221235547,-0.2568930628932715,2022-05-25,0.27732806281603006,0.5921527161578463,весна (всходы и рост),пик вегетации,106,166,критическая,crop_rotation,0.7,история полигона,ERA5 региона (медиана соседних полей),1,0.5958395562225172,0.19298245614035087,"{""available"": true, ""before"": {""precip_mm"": 31.38775670423186, ""temp_c"": 10.92844959965461, ""dry_days"": 7, ""hot_days"": 0, ""max_dry_spell"": 3, ""n_days"": 30}, ""during"": {""precip_mm"": 47.31741205663671, ""temp_c"": 16.932036669556872, ""dry_days"": 48, ""hot_days"": 0, ""max_dry_spell"": 22, ""n_days"": 61, ""precip_deficit_pct"": 42.668502341963844, ""temp_anomaly_c"": -0.759475634588096, ""precip_norm_mm"": 82.53301237457597, ""temp_norm_c"": 17.69151230414497, ""norm_years"": 15}, ""combined"": {""precip_mm"": 78.70516876086857, ""temp_c"": 15.747118168918268, ""dry_days"": 55, ""hot_days"": 0, ""max_dry_spell"": 22, ""n_days"": 91, ""precip_deficit_pct"": 23.03761337961331, ""temp_anomaly_c"": -0.36955030804588596, ""precip_norm_mm"": 102.26445958475544, ""temp_norm_c"": 16.116668476964154, ""norm_years"": 15}, ""source"": ""ERA5 региона (медиана соседних полей)""}","сухая серия 22 дней подряд | другие поля региона в эти дни в норме (медианный Z 0.6, ниже нормы 19% из 57) — причина локальная, на самом поле | пик достигнут (117% нормы), но на 91 дней позже обычного: на поле яровая культура вместо привычной озимой, весеннее отставание — смена фазы, а не угнетение","AOI-0077, сезон 2022: критическая аномалия с 2022-04-16 по 2022-06-15 (61 дней, 19 наблюдений), фаза — весна (всходы и рост). NDVI в худший день 2022-05-25: 0.28 при норме 0.59 (Z = -2.1). Вероятная причина — смена культуры: яровая вместо озимой, весеннее отставание — не угнетение (уверенность 70%). Аргументы: сухая серия 22 дней подряд; другие поля региона в эти дни в норме (медианный Z 0.6, ниже нормы 19% из 57) — причина локальная, на самом поле; пик достигнут (117% нормы), но на 91 дней позже обычного: на поле яровая культура вместо привычной озимой, весеннее отставание — смена фазы, а не угнетение. Норма: история полигона."
AOI-0077,2025,2025-06-21,2025-10-03,105,27,-1.7662333197037834,-1.4478451177476384,0,-0.2874633558019014,-0.21189451764836426,2025-07-26,0.19958751800329685,0.48466017026562724,пик вегетации,осень (озимые всходы),172,276,умеренная,early_decline,0.6,история полигона,ERA5 региона (медиана соседних полей),2,-0.4220451469652597,0.19480519480519481,"{""available"": true, ""before"": {""precip_mm"": 32.53844557929182, ""temp_c"": 21.67666083441843, ""dry_days"": 20, ""hot_days"": 1, ""max_dry_spell"": 8, ""n_days"": 30, ""precip_deficit_pct"": 9.754655680762536, ""temp_anomaly_c"": 0.006797750716355466, ""precip_norm_mm"": 36.05553929096777, ""temp_norm_c"": 21.669863083702076, ""norm_years"": 15}, ""during"": {""precip_mm"": 53.24333512773918, ""temp_c"": 22.964936334557624, ""dry_days"": 91, ""hot_days"": 29, ""max_dry_spell"": 17, ""n_days"": 105, ""precip_deficit_pct"": 35.119862079774435, ""temp_anomaly_c"": -0.4306538295372633, ""precip_norm_mm"": 82.06415219586215, ""temp_norm_c"": 23.395590164094887, ""norm_years"": 15}, ""combined"": {""precip_mm"": 85.781780707031, ""temp_c"": 22.678652890082247, ""dry_days"": 111, ""hot_days"": 30, ""max_dry_spell"": 17, ""n_days"": 135, ""precip_deficit_pct"": 27.377239453257896, ""temp_anomaly_c"": -0.33344236725868015, ""precip_norm_mm"": 118.11969148682991, ""temp_norm_c"": 23.012095257340928, ""norm_years"": 15}, ""source"": ""ERA5 региона (медиана соседних полей)""}","сухая серия 17 дней подряд | соседние поля региона в эти дни чуть ниже нормы (медианный Z -0.4) | пик на уровне нормы (137%), но спад начался на 93 дней раньше обычного","AOI-0077, сезон 2025: умеренная аномалия с 2025-06-21 по 2025-10-03 (105 дней, 27 наблюдений), фаза — пик вегетации. NDVI в худший день 2025-07-26: 0.20 при норме 0.48 (Z = -1.8). Вероятная причина — ранний спад вегетации (уборка, полегание, болезнь) (уверенность 60%). Аргументы: сухая серия 17 дней подряд; соседние поля региона в эти дни чуть ниже нормы (медианный Z -0.4); пик на уровне нормы (137%), но спад начался на 93 дней раньше обычного. Норма: история полигона."
