pid,year,shape_score,shape_flag,shape_direction,shape_reasons,has_episode
AOI-0001,2010,0.42796181066586453,False,слабее нормы,дней ниже нормы 45%; средний Z -0.6; амплитуда 0.64,True
AOI-0001,2011,0.45853206728992746,False,сильнее нормы,старт роста сдвинут на +34 дн.; пик сдвинут на +41 дн.; спад сдвинут на +43 дн.,True
AOI-0001,2012,0.39438613324531374,False,слабее нормы,пик сдвинут на -21 дн.; суммарная вегетация 85% нормы; средний Z -0.4,False
AOI-0001,2013,0.4217796287657677,False,сильнее нормы,средний Z +0.9; спад сдвинут на -32 дн.; пик сдвинут на -18 дн.,True
AOI-0001,2014,0.45051095836979527,False,сильнее нормы,пик сдвинут на +45 дн.; старт роста сдвинут на +31 дн.; спад сдвинут на +41 дн.,True
AOI-0001,2015,0.40460570904326926,False,слабее нормы,дней ниже нормы 38%; средний Z -0.4; амплитуда 0.61,True
AOI-0001,2016,0.4760238119680964,False,слабее нормы,дней ниже нормы 39%; пик 72% нормы; амплитуда 0.24,True
AOI-0001,2017,0.38721772077300975,False,сильнее нормы,дней ниже нормы 0%; суммарная вегетация 111% нормы; пик сдвинут на +12 дн.,False
AOI-0001,2018,0.3907897923949185,False,слабее нормы,амплитуда 0.66; дней ниже нормы 23%; спад сдвинут на -22 дн.,False
AOI-0001,2019,0.3940518092935028,False,слабее нормы,старт роста сдвинут на +23 дн.; пик 102% нормы; амплитуда 0.45,False
AOI-0001,2020,0.3832531185412793,False,сильнее нормы,дней ниже нормы 0%; амплитуда 0.62; суммарная вегетация 107% нормы,False
AOI-0001,2021,0.45355633269765366,False,сильнее нормы,пик сдвинут на +51 дн.; спад сдвинут на +50 дн.; старт роста сдвинут на +20 дн.,True
AOI-0001,2022,0.3861828749272153,False,слабее нормы,старт роста сдвинут на +19 дн.; дней ниже нормы 0%; пик сдвинут на +7 дн.,False
AOI-0001,2023,0.38681459145275454,False,сильнее нормы,пик сдвинут на +18 дн.; дней ниже нормы 0%; амплитуда 0.61,False
AOI-0001,2024,0.38092798409438927,False,слабее нормы,амплитуда 0.61; спад сдвинут на -17 дн.; средний Z -0.2,False
AOI-0001,2025,0.4309355656244275,False,слабее нормы,пик сдвинут на +38 дн.; спад сдвинут на +28 дн.; пик 89% нормы,True
AOI-0002,2010,0.49614742852193666,False,сильнее нормы,спад сдвинут на +66 дн.; старт роста сдвинут на +37 дн.; пик сдвинут на +46 дн.,True
AOI-0002,2011,0.4182571681278188,False,слабее нормы,старт роста сдвинут на +24 дн.; пик 87% нормы; пик сдвинут на +17 дн.,True
AOI-0002,2012,0.3822341757402445,False,слабее нормы,дней ниже нормы 2%; средний Z -0.2; пик 106% нормы,False
AOI-0002,2013,0.43681450804519245,False,сильнее нормы,средний Z +1.0; спад сдвинут на +33 дн.; суммарная вегетация 117% нормы,False
AOI-0002,2014,0.45227047012696475,False,слабее нормы,дней ниже нормы 57%; средний Z -0.6; амплитуда 0.64,True
AOI-0002,2015,0.38100641522907885,False,слабее нормы,средний Z -0.4; амплитуда 0.61; суммарная вегетация 90% нормы,False
AOI-0002,2016,0.37253715623379924,False,сильнее нормы,дней ниже нормы 0%; амплитуда 0.60; пик сдвинут на -11 дн.,False
AOI-0002,2017,0.3931501930242648,False,сильнее нормы,старт роста сдвинут на +19 дн.; спад сдвинут на +18 дн.; дней ниже нормы 0%,False
AOI-0002,2018,0.3998042194033627,False,слабее нормы,пик 89% нормы; дней ниже нормы 0%; средний Z -0.4,False
AOI-0002,2019,0.40127173933691174,False,сильнее нормы,амплитуда 0.67; дней ниже нормы 23%; спад сдвинут на -22 дн.,True
AOI-0002,2020,0.4776375745261391,False,слабее нормы,спад сдвинут на +63 дн.; дней ниже нормы 39%; пик 89% нормы,True
AOI-0002,2021,0.41242916111862005,False,слабее нормы,старт роста сдвинут на +21 дн.; амплитуда 0.63; дней ниже нормы 25%,True
AOI-0002,2022,0.3771752243666223,False,слабее нормы,амплитуда 0.62; пик 124% нормы; пик сдвинут на +4 дн.,False
AOI-0002,2023,0.4278579705523565,False,сильнее нормы,спад сдвинут на +50 дн.; пик сдвинут на +28 дн.; средний Z +0.6,True
AOI-0002,2024,0.3880033970577078,False,сильнее нормы,пик 95% нормы; суммарная вегетация 103% нормы; старт роста сдвинут на +1 дн.,False
AOI-0002,2025,0.4186273336618152,False,слабее нормы,дней ниже нормы 35%; пик сдвинут на -30 дн.; амплитуда 0.63,True
AOI-0003,2010,0.3888393132062559,False,слабее нормы,средний Z -0.4; амплитуда 0.61; старт роста сдвинут на +13 дн.,False
AOI-0003,2011,0.3752391106519593,False,слабее нормы,дней ниже нормы 0%; амплитуда 0.54; старт роста сдвинут на +0 дн.,False
AOI-0003,2012,0.43771551710515366,False,слабее нормы,старт роста сдвинут на +42 дн.; спад сдвинут на +39 дн.; пик сдвинут на +31 дн.,True
AOI-0003,2013,0.3799989082272392,False,слабее нормы,пик сдвинут на -21 дн.; спад сдвинут на -20 дн.; амплитуда 0.59,False
AOI-0003,2014,0.3918522488732212,False,слабее нормы,пик сдвинут на -23 дн.; амплитуда 0.65; средний Z -0.3,False
AOI-0003,2015,0.46980327864440646,False,сильнее нормы,пик сдвинут на +47 дн.; спад сдвинут на +47 дн.; дней ниже нормы 40%,True
AOI-0003,2016,0.3759958056317805,False,слабее нормы,амплитуда 0.62; дней ниже нормы 3%; средний Z -0.2,False
AOI-0003,2017,0.5190053098234612,False,сильнее нормы,старт роста сдвинут на +52 дн.; спад сдвинут на +55 дн.; пик сдвинут на +46 дн.,True
AOI-0003,2018,0.3831104244672797,False,слабее нормы,пик сдвинут на -22 дн.; амплитуда 0.59; спад сдвинут на -18 дн.,False
AOI-0003,2019,0.45692666387212927,False,сильнее нормы,средний Z +1.3; суммарная вегетация 133% нормы; амплитуда 0.69,False
AOI-0003,2020,0.4685678693284706,False,слабее нормы,дней ниже нормы 40%; старт роста сдвинут на +29 дн.; средний Z -0.8,True
AOI-0003,2021,0.39282482056481266,False,слабее нормы,старт роста сдвинут на +20 дн.; амплитуда 0.61; спад сдвинут на +6 дн.,False
AOI-0003,2022,0.4370699660750633,False,слабее нормы,пик 81% нормы; амплитуда 0.30; спад сдвинут на -35 дн.,True
AOI-0003,2023,0.3939437531226796,False,сильнее нормы,суммарная вегетация 119% нормы; амплитуда 0.65; дней ниже нормы 0%,False
AOI-0003,2024,0.40254541059539994,False,слабее нормы,средний Z -0.6; суммарная вегетация 81% нормы; спад сдвинут на -16 дн.,True
AOI-0003,2025,0.3913160955627824,False,сильнее нормы,амплитуда 0.66; пик сдвинут на -24 дн.; дней ниже нормы 0%,False
AOI-0004,2010,0.5952970221746839,True,слабее нормы,пик сдвинут на +82 дн.; спад сдвинут на +60 дн.; средний Z -1.2,True
AOI-0004,2011,0.5128012617239806,False,слабее нормы,средний Z -1.4; дней ниже нормы 52%; старт роста сдвинут на +30 дн.,True
AOI-0004,2012,0.4202093709341343,False,слабее нормы,спад сдвинут на -29 дн.; амплитуда 0.35; пик 96% нормы,True
AOI-0004,2013,0.4736020565192585,False,сильнее нормы,спад сдвинут на +55 дн.; пик сдвинут на +49 дн.; амплитуда 0.31,True
AOI-0004,2014,0.45863086542645826,False,слабее нормы,дней ниже нормы 52%; средний Z -0.6; старт роста сдвинут на -9 дн.,True
AOI-0004,2015,0.3929539758001931,False,слабее нормы,спад сдвинут на +22 дн.; дней ниже нормы 20%; средний Z -0.2,True
AOI-0004,2016,0.39943275078360885,False,сильнее нормы,старт роста сдвинут на -8 дн.; средний Z +0.4; суммарная вегетация 104% нормы,False
AOI-0004,2017,0.3853050739414622,False,сильнее нормы,средний Z +0.6; дней ниже нормы 2%; спад сдвинут на +9 дн.,False
AOI-0004,2018,0.40986583509072605,False,слабее нормы,средний Z -0.5; пик 93% нормы; амплитуда 0.37,True
AOI-0004,2019,0.39130066199908575,False,сильнее нормы,спад сдвинут на -28 дн.; средний Z +0.4; амплитуда 0.39,False
AOI-0004,2020,0.37728031130460304,False,слабее нормы,спад сдвинут на +7 дн.; пик сдвинут на +9 дн.; пик 109% нормы,False
AOI-0004,2021,0.370650713967474,False,сильнее нормы,дней ниже нормы 0%; средний Z +0.4; суммарная вегетация 106% нормы,False
AOI-0004,2022,0.3911431279433529,False,сильнее нормы,средний Z +0.7; дней ниже нормы 0%; амплитуда 0.38,False
AOI-0004,2023,0.41937601761425203,False,сильнее нормы,средний Z +1.3; спад сдвинут на +19 дн.; дней ниже нормы 0%,False
AOI-0004,2024,0.41046478909559714,False,слабее нормы,амплитуда 0.32; пик 91% нормы; дней ниже нормы 0%,False
AOI-0004,2025,0.4238495767434055,False,слабее нормы,старт роста сдвинут на -12 дн.; амплитуда 0.33; пик 94% нормы,True
AOI-0005,2010,0.5908801368296622,True,слабее нормы,дней ниже нормы 92%; средний Z -2.2; суммарная вегетация 61% нормы,True
AOI-0005,2011,0.3864496676235476,False,слабее нормы,старт роста сдвинут на +20 дн.; спад сдвинут на -17 дн.; амплитуда 0.47,True
AOI-0005,2012,0.46917700980641525,False,слабее нормы,средний Z -1.2; дней ниже нормы 46%; суммарная вегетация 77% нормы,True
AOI-0005,2013,0.42985857144819756,False,слабее нормы,дней ниже нормы 33%; спад сдвинут на -33 дн.; старт роста сдвинут на -9 дн.,True
AOI-0005,2014,0.43599239756555763,False,слабее нормы,спад сдвинут на +25 дн.; дней ниже нормы 28%; старт роста сдвинут на -8 дн.,True
AOI-0005,2015,0.38496074806778857,False,сильнее нормы,спад сдвинут на +26 дн.; пик сдвинут на +12 дн.; старт роста сдвинут на +10 дн.,False
AOI-0005,2016,0.3866134652571435,False,сильнее нормы,средний Z +0.6; спад сдвинут на +22 дн.; дней ниже нормы 0%,False
AOI-0005,2017,0.39935518480596593,False,сильнее нормы,спад сдвинут на +21 дн.; средний Z +0.4; пик 98% нормы,False
AOI-0005,2018,0.40034589798908193,False,слабее нормы,амплитуда 0.31; пик 91% нормы; пик сдвинут на -13 дн.,False
AOI-0005,2019,0.39207170984190265,False,сильнее нормы,средний Z +0.7; суммарная вегетация 113% нормы; дней ниже нормы 0%,False
AOI-0005,2020,0.3940529381197037,False,сильнее нормы,спад сдвинут на +27 дн.; пик сдвинут на +15 дн.; старт роста сдвинут на +11 дн.,True
AOI-0005,2021,0.37588738582121883,False,сильнее нормы,средний Z +0.5; дней ниже нормы 0%; суммарная вегетация 108% нормы,False
AOI-0005,2022,0.38255436062567505,False,сильнее нормы,средний Z +0.7; дней ниже нормы 0%; суммарная вегетация 110% нормы,False
AOI-0005,2023,0.4013820440900916,False,сильнее нормы,средний Z +0.9; спад сдвинут на +28 дн.; пик сдвинут на +19 дн.,False
AOI-0005,2024,0.4183453251823842,False,слабее нормы,старт роста сдвинут на -10 дн.; дней ниже нормы 0%; пик сдвинут на -19 дн.,False
AOI-0005,2025,0.4160384647387952,False,слабее нормы,пик 89% нормы; амплитуда 0.36; старт роста сдвинут на -7 дн.,True
AOI-0006,2010,0.41510047016750284,False,слабее нормы,спад сдвинут на -39 дн.; дней ниже нормы 30%; амплитуда 0.66,True
AOI-0006,2011,0.422581507675563,False,слабее нормы,старт роста сдвинут на +36 дн.; пик сдвинут на +35 дн.; дней ниже нормы 26%,True
AOI-0006,2012,0.4413000772061253,False,слабее нормы,пик сдвинут на -38 дн.; спад сдвинут на -48 дн.; амплитуда 0.66,True
AOI-0006,2013,0.4435624273073292,False,сильнее нормы,старт роста сдвинут на +45 дн.; средний Z +0.6; пик сдвинут на +22 дн.,False
AOI-0006,2014,0.48209461305205403,False,слабее нормы,дней ниже нормы 54%; спад сдвинут на -49 дн.; пик сдвинут на -35 дн.,True
AOI-0006,2015,0.4100562257927509,False,слабее нормы,спад сдвинут на -37 дн.; старт роста сдвинут на +17 дн.; амплитуда 0.63,True
AOI-0006,2016,0.4546793299213155,False,сильнее нормы,старт роста сдвинут на +43 дн.; средний Z +0.9; пик сдвинут на +26 дн.,False
AOI-0006,2017,0.4549949651870815,False,слабее нормы,старт роста сдвинут на +47 дн.; пик сдвинут на +29 дн.; дней ниже нормы 31%,False
AOI-0006,2018,0.46173212695537225,False,слабее нормы,старт роста сдвинут на +43 дн.; пик сдвинут на +41 дн.; дней ниже нормы 33%,True
AOI-0006,2019,0.45892990306031234,False,слабее нормы,спад сдвинут на -46 дн.; дней ниже нормы 33%; амплитуда 0.71,False
AOI-0006,2020,0.4336902689415923,False,слабее нормы,старт роста сдвинут на +43 дн.; дней ниже нормы 29%; спад сдвинут на +23 дн.,False
AOI-0006,2021,0.4353544143635465,False,слабее нормы,спад сдвинут на -44 дн.; амплитуда 0.71; дней ниже нормы 31%,True
AOI-0006,2022,0.40831952304453334,False,сильнее нормы,спад сдвинут на -40 дн.; амплитуда 0.66; пик 138% нормы,False
AOI-0006,2023,0.47420946814868853,False,сильнее нормы,пик сдвинут на +62 дн.; средний Z +0.9; спад сдвинут на +39 дн.,True
AOI-0006,2024,0.429678288654097,False,слабее нормы,спад сдвинут на -46 дн.; пик сдвинут на -34 дн.; амплитуда 0.64,False
AOI-0006,2025,0.44667484220673115,False,слабее нормы,старт роста сдвинут на +49 дн.; пик сдвинут на +20 дн.; суммарная вегетация 84% нормы,False
AOI-0007,2010,0.36967158762643443,False,сильнее нормы,дней ниже нормы 0%; спад сдвинут на -15 дн.; суммарная вегетация 103% нормы,False
AOI-0007,2011,0.4842898108605582,False,слабее нормы,старт роста сдвинут на +41 дн.; пик сдвинут на +51 дн.; спад сдвинут на +46 дн.,True
AOI-0007,2012,0.4138463311507962,False,слабее нормы,старт роста сдвинут на +19 дн.; суммарная вегетация 81% нормы; пик сдвинут на -19 дн.,False
AOI-0007,2013,0.422481236279488,False,слабее нормы,старт роста сдвинут на +32 дн.; пик сдвинут на +34 дн.; спад сдвинут на +35 дн.,False
AOI-0007,2014,0.38942044380292523,False,слабее нормы,амплитуда 0.63; средний Z -0.4; пик 134% нормы,True
AOI-0007,2015,0.37333441524901834,False,слабее нормы,дней ниже нормы 0%; пик 126% нормы; суммарная вегетация 92% нормы,False
AOI-0007,2016,0.4795185463574872,False,сильнее нормы,спад сдвинут на +59 дн.; пик сдвинут на +50 дн.; старт роста сдвинут на +28 дн.,False
AOI-0007,2017,0.39027432080460095,False,слабее нормы,средний Z -0.4; суммарная вегетация 86% нормы; дней ниже нормы 6%,False
AOI-0007,2018,0.5244002762958934,False,слабее нормы,пик 41% нормы; суммарная вегетация 51% нормы; амплитуда 0.10,True
AOI-0007,2019,0.4035955162523388,False,сильнее нормы,суммарная вегетация 117% нормы; пик 145% нормы; амплитуда 0.66,False
AOI-0007,2020,0.3833432572667798,False,слабее нормы,пик сдвинут на -16 дн.; средний Z -0.3; дней ниже нормы 19%,True
AOI-0007,2021,0.41995303692018177,False,слабее нормы,старт роста сдвинут на +38 дн.; пик сдвинут на +20 дн.; дней ниже нормы 23%,True
AOI-0007,2022,0.4218971035951391,False,сильнее нормы,пик 155% нормы; амплитуда 0.72; суммарная вегетация 120% нормы,False
AOI-0007,2023,0.504913428059502,False,сильнее нормы,старт роста сдвинут на +47 дн.; спад сдвинут на +52 дн.; пик сдвинут на +38 дн.,True
AOI-0007,2024,0.3922748725820851,False,слабее нормы,амплитуда 0.64; пик 138% нормы; пик сдвинут на -18 дн.,False
AOI-0007,2025,0.40540014696234505,False,слабее нормы,старт роста сдвинут на +16 дн.; амплитуда 0.62; дней ниже нормы 1%,False
AOI-0008,2010,0.4335421236209944,False,слабее нормы,старт роста сдвинут на +20 дн.; пик 86% нормы; спад сдвинут на +22 дн.,False
AOI-0008,2011,0.37263445685336005,False,слабее нормы,дней ниже нормы 0%; суммарная вегетация 91% нормы; пик 111% нормы,False
AOI-0008,2012,0.40949158494690413,False,слабее нормы,амплитуда 0.32; пик 92% нормы; средний Z +0.4,False
AOI-0008,2013,0.49460556715824405,False,слабее нормы,старт роста сдвинут на +31 дн.; амплитуда 0.20; пик 69% нормы,True
AOI-0008,2014,0.477116092991208,False,слабее нормы,суммарная вегетация 64% нормы; средний Z -1.0; пик 69% нормы,True
AOI-0008,2015,0.3754952861960785,False,слабее нормы,амплитуда 0.58; дней ниже нормы 5%; средний Z -0.2,False
AOI-0008,2016,0.4059348491231473,False,сильнее нормы,средний Z +0.8; суммарная вегетация 123% нормы; амплитуда 0.63,False
AOI-0008,2017,0.3981730796043357,False,слабее нормы,старт роста сдвинут на +21 дн.; пик сдвинут на +14 дн.; суммарная вегетация 89% нормы,True
AOI-0008,2018,0.4032902617350787,False,слабее нормы,дней ниже нормы 31%; средний Z -0.6; пик сдвинут на -16 дн.,True
AOI-0008,2019,0.42501121593985836,False,сильнее нормы,амплитуда 0.68; средний Z +0.6; старт роста сдвинут на +18 дн.,True
AOI-0008,2020,0.47717875779446295,False,слабее нормы,старт роста сдвинут на +31 дн.; пик сдвинут на +41 дн.; дней ниже нормы 40%,True
AOI-0008,2021,0.4328943166027819,False,сильнее нормы,средний Z +1.0; суммарная вегетация 123% нормы; амплитуда 0.69,False
AOI-0008,2022,0.3919503121807635,False,слабее нормы,старт роста сдвинут на +17 дн.; пик сдвинут на +13 дн.; амплитуда 0.59,False
AOI-0008,2023,0.45700993199031187,False,сильнее нормы,суммарная вегетация 139% нормы; средний Z +0.8; амплитуда 0.72,False
AOI-0008,2024,0.5555105858347655,True,слабее нормы,дней ниже нормы 56%; пик 37% нормы; суммарная вегетация 52% нормы,True
AOI-0008,2025,0.41873179233769126,False,сильнее нормы,суммарная вегетация 124% нормы; амплитуда 0.71; пик 147% нормы,False
AOI-0009,2010,0.40792160215646894,False,слабее нормы,суммарная вегетация 78% нормы; средний Z -0.5; дней ниже нормы 23%,True
AOI-0009,2011,0.47786465583910853,False,слабее нормы,старт роста сдвинут на +53 дн.; пик сдвинут на +45 дн.; спад сдвинут на +44 дн.,True
AOI-0009,2012,0.6965241115754475,True,слабее нормы,старт роста сдвинут на +83 дн.; пик сдвинут на +95 дн.; спад сдвинут на +106 дн.,False
AOI-0009,2013,0.4540674424196434,False,слабее нормы,старт роста сдвинут на +30 дн.; спад сдвинут на +44 дн.; пик сдвинут на +35 дн.,True
AOI-0009,2014,0.42351880106811546,False,слабее нормы,старт роста сдвинут на +20 дн.; амплитуда 0.65; суммарная вегетация 81% нормы,True
AOI-0009,2015,0.3835508052055187,False,слабее нормы,дней ниже нормы 0%; пик 99% нормы; спад сдвинут на +8 дн.,False
AOI-0009,2016,0.40654431417142683,False,сильнее нормы,средний Z +0.9; старт роста сдвинут на +19 дн.; суммарная вегетация 112% нормы,False
AOI-0009,2017,0.3827073173812685,False,слабее нормы,амплитуда 0.60; средний Z -0.3; дней ниже нормы 4%,False
AOI-0009,2018,0.3984032496838487,False,слабее нормы,средний Z -0.6; суммарная вегетация 81% нормы; дней ниже нормы 20%,True
AOI-0009,2019,0.4188248291359326,False,слабее нормы,старт роста сдвинут на +25 дн.; суммарная вегетация 77% нормы; средний Z -0.4,True
AOI-0009,2020,0.3974929416482351,False,слабее нормы,дней ниже нормы 31%; средний Z -0.4; амплитуда 0.61,True
AOI-0009,2021,0.41053439806389064,False,сильнее нормы,средний Z +0.9; суммарная вегетация 119% нормы; амплитуда 0.67,False
AOI-0009,2022,0.3805537032996968,False,слабее нормы,амплитуда 0.66; пик 127% нормы; дней ниже нормы 8%,False
AOI-0009,2023,0.4007894472571632,False,сильнее нормы,суммарная вегетация 126% нормы; средний Z +0.7; дней ниже нормы 0%,False
AOI-0009,2024,0.48563978064091257,False,сильнее нормы,старт роста сдвинут на +44 дн.; спад сдвинут на +58 дн.; пик сдвинут на +34 дн.,True
AOI-0009,2025,0.3951500973614905,False,слабее нормы,амплитуда 0.67; пик сдвинут на -22 дн.; спад сдвинут на -21 дн.,True
AOI-0010,2010,0.37343025552193143,False,сильнее нормы,дней ниже нормы 0%; пик сдвинут на +10 дн.; пик 107% нормы,False
AOI-0010,2011,0.3778564401571016,False,слабее нормы,средний Z +0.4; пик сдвинут на +13 дн.; спад сдвинут на +5 дн.,True
AOI-0010,2012,0.4826354079834041,False,слабее нормы,суммарная вегетация 61% нормы; пик 60% нормы; амплитуда 0.20,True
AOI-0010,2013,0.37466575282266257,False,сильнее нормы,дней ниже нормы 2%; амплитуда 0.58; пик сдвинут на -9 дн.,False
AOI-0010,2014,0.4199359357405313,False,слабее нормы,средний Z -0.7; амплитуда 0.63; дней ниже нормы 25%,True
AOI-0010,2015,0.5304205376317656,False,слабее нормы,пик 42% нормы; средний Z -1.4; суммарная вегетация 53% нормы,True
AOI-0010,2016,0.3958862919923357,False,слабее нормы,старт роста сдвинут на +19 дн.; амплитуда 0.63; средний Z +0.4,False
AOI-0010,2017,0.3825082342490084,False,слабее нормы,спад сдвинут на +10 дн.; старт роста сдвинут на +10 дн.; амплитуда 0.55,True
AOI-0010,2018,0.4230028150642401,False,слабее нормы,дней ниже нормы 36%; амплитуда 0.69; средний Z -0.5,True
AOI-0010,2019,0.3862871384720132,False,сильнее нормы,амплитуда 0.64; суммарная вегетация 109% нормы; пик 127% нормы,True
AOI-0010,2020,0.43840696806897755,False,слабее нормы,пик сдвинут на -42 дн.; дней ниже нормы 35%; средний Z -0.6,True
AOI-0010,2021,0.4868213445580275,False,слабее нормы,амплитуда 0.15; пик 57% нормы; дней ниже нормы 33%,True
AOI-0010,2022,0.43131281670084526,False,сильнее нормы,средний Z +1.3; суммарная вегетация 127% нормы; дней ниже нормы 0%,False
AOI-0010,2023,0.44392431092850754,False,сильнее нормы,средний Z +1.4; суммарная вегетация 124% нормы; пик сдвинут на +19 дн.,False
AOI-0010,2024,0.3750045427820849,False,сильнее нормы,дней ниже нормы 0%; амплитуда 0.59; суммарная вегетация 107% нормы,False
AOI-0010,2025,0.37716572564446205,False,слабее нормы,средний Z -0.3; пик сдвинут на +8 дн.; суммарная вегетация 91% нормы,True
AOI-0011,2010,0.44442934556695934,False,слабее нормы,пик сдвинут на +47 дн.; спад сдвинут на +44 дн.; старт роста сдвинут на +25 дн.,True
AOI-0011,2011,0.3927949905477138,False,слабее нормы,средний Z -0.5; суммарная вегетация 84% нормы; амплитуда 0.59,False
AOI-0011,2012,0.4240733168222549,False,слабее нормы,суммарная вегетация 73% нормы; старт роста сдвинут на +19 дн.; пик 94% нормы,True
AOI-0011,2013,0.4466787704056382,False,слабее нормы,старт роста сдвинут на +35 дн.; спад сдвинут на +36 дн.; пик сдвинут на +30 дн.,True
AOI-0011,2014,0.3942191355866352,False,слабее нормы,амплитуда 0.65; средний Z -0.4; дней ниже нормы 23%,True
AOI-0011,2015,0.37358580708303535,False,слабее нормы,амплитуда 0.63; дней ниже нормы 0%; средний Z +0.1,False
AOI-0011,2016,0.3961439266609302,False,сильнее нормы,старт роста сдвинут на +19 дн.; средний Z +0.5; дней ниже нормы 0%,False
AOI-0011,2017,0.38078359521430183,False,слабее нормы,амплитуда 0.65; дней ниже нормы 0%; старт роста сдвинут на +0 дн.,False
AOI-0011,2018,0.41118876921270525,False,слабее нормы,средний Z -0.7; дней ниже нормы 29%; суммарная вегетация 79% нормы,True
AOI-0011,2019,0.4047864830654522,False,слабее нормы,старт роста сдвинут на +27 дн.; суммарная вегетация 84% нормы; средний Z -0.3,True
AOI-0011,2020,0.39456670024626356,False,слабее нормы,амплитуда 0.62; пик сдвинут на -17 дн.; средний Z -0.4,False
AOI-0011,2021,0.46151443331508457,False,сильнее нормы,средний Z +1.6; суммарная вегетация 124% нормы; амплитуда 0.67,False
AOI-0011,2022,0.3877168595494925,False,слабее нормы,амплитуда 0.67; дней ниже нормы 4%; пик сдвинут на +6 дн.,False
AOI-0011,2023,0.39525939962057977,False,сильнее нормы,суммарная вегетация 121% нормы; средний Z +0.6; дней ниже нормы 0%,False
AOI-0011,2024,0.47410816921783927,False,сильнее нормы,спад сдвинут на +61 дн.; пик сдвинут на +34 дн.; старт роста сдвинут на +24 дн.,True
AOI-0011,2025,0.4022332696963821,False,слабее нормы,пик сдвинут на -25 дн.; амплитуда 0.65; спад сдвинут на -20 дн.,True
AOI-0012,2010,0.3755303497104957,False,сильнее нормы,средний Z +0.5; дней ниже нормы 0%; пик сдвинут на +8 дн.,False
AOI-0012,2011,0.38168581783601346,False,слабее нормы,средний Z +0.6; дней ниже нормы 4%; пик сдвинут на +7 дн.,False
AOI-0012,2012,0.49475677029592036,False,слабее нормы,пик 49% нормы; амплитуда 0.12; суммарная вегетация 68% нормы,True
AOI-0012,2013,0.40098029342039265,False,сильнее нормы,средний Z +0.8; спад сдвинут на -24 дн.; пик сдвинут на -16 дн.,False
AOI-0012,2014,0.39848300994364794,False,слабее нормы,спад сдвинут на +19 дн.; пик сдвинут на +15 дн.; средний Z -0.3,True
AOI-0012,2015,0.5023063329445544,False,слабее нормы,пик 46% нормы; амплитуда 0.12; суммарная вегетация 61% нормы,True
AOI-0012,2016,0.3991795888891637,False,сильнее нормы,средний Z +1.0; дней ниже нормы 0%; суммарная вегетация 112% нормы,False
AOI-0012,2017,0.38723540517161703,False,слабее нормы,дней ниже нормы 0%; пик сдвинут на +15 дн.; спад сдвинут на +9 дн.,False
AOI-0012,2018,0.40069727311751313,False,слабее нормы,амплитуда 0.67; дней ниже нормы 26%; пик 134% нормы,False
AOI-0012,2019,0.37620971704716233,False,сильнее нормы,амплитуда 0.61; суммарная вегетация 108% нормы; пик 128% нормы,False
AOI-0012,2020,0.4209209733311266,False,слабее нормы,пик сдвинут на -40 дн.; средний Z -0.4; амплитуда 0.63,True
AOI-0012,2021,0.4910202005639592,False,слабее нормы,пик 56% нормы; дней ниже нормы 45%; амплитуда 0.20,True
AOI-0012,2022,0.4275108364656999,False,сильнее нормы,средний Z +0.8; суммарная вегетация 123% нормы; амплитуда 0.66,False
AOI-0012,2023,0.3898301301679412,False,сильнее нормы,амплитуда 0.66; суммарная вегетация 112% нормы; дней ниже нормы 1%,False
AOI-0012,2024,0.41345425056927476,False,слабее нормы,дней ниже нормы 29%; амплитуда 0.67; средний Z -0.3,True
AOI-0012,2025,0.4065290249170744,False,слабее нормы,средний Z -0.7; дней ниже нормы 29%; суммарная вегетация 78% нормы,True
AOI-0013,2010,0.6478691303924089,True,слабее нормы,спад сдвинут на -122 дн.; дней ниже нормы 64%; пик сдвинут на -74 дн.,True
AOI-0013,2011,0.4970389567820808,False,слабее нормы,дней ниже нормы 56%; средний Z -0.9; амплитуда 0.27,True
AOI-0013,2012,0.4668264716488168,False,слабее нормы,спад сдвинут на -43 дн.; старт роста сдвинут на -16 дн.; пик сдвинут на -26 дн.,True
AOI-0013,2013,0.5126278758111283,False,слабее нормы,старт роста сдвинут на +54 дн.; спад сдвинут на -61 дн.; амплитуда 0.29,False
AOI-0013,2014,0.5893119136585443,True,слабее нормы,спад сдвинут на -90 дн.; пик сдвинут на -62 дн.; дней ниже нормы 46%,True
AOI-0013,2015,0.41544290777425646,False,слабее нормы,спад сдвинут на -30 дн.; дней ниже нормы 25%; пик 138% нормы,False
AOI-0013,2016,0.5492425772670144,True,сильнее нормы,пик сдвинут на +68 дн.; спад сдвинут на +63 дн.; средний Z +1.2,False
AOI-0013,2017,0.4105897985816277,False,сильнее нормы,амплитуда 0.34; средний Z +0.5; старт роста сдвинут на +16 дн.,False
AOI-0013,2018,0.6111986207814263,True,слабее нормы,пик сдвинут на +69 дн.; спад сдвинут на +65 дн.; амплитуда 0.09,True
AOI-0013,2019,0.49833178905593034,False,сильнее нормы,спад сдвинут на +78 дн.; пик сдвинут на +45 дн.; амплитуда 0.26,False
AOI-0013,2020,0.43636814072014746,False,слабее нормы,амплитуда 0.18; старт роста сдвинут на +18 дн.; спад сдвинут на +19 дн.,True
AOI-0013,2021,0.45747054807983234,False,сильнее нормы,спад сдвинут на +47 дн.; амплитуда 0.30; старт роста сдвинут на +19 дн.,False
AOI-0013,2022,0.5862253367107971,True,сильнее нормы,пик сдвинут на -78 дн.; спад сдвинут на -86 дн.; старт роста сдвинут на -18 дн.,False
AOI-0013,2023,0.5253924596049406,False,сильнее нормы,амплитуда 0.15; спад сдвинут на +50 дн.; старт роста сдвинут на -20 дн.,False
AOI-0013,2024,0.459131852954803,False,сильнее нормы,спад сдвинут на +53 дн.; амплитуда 0.19; дней ниже нормы 0%,False
AOI-0013,2025,0.6255422045599442,True,сильнее нормы,спад сдвинут на -104 дн.; пик сдвинут на -79 дн.; амплитуда 0.17,False
AOI-0014,2010,0.3919743775806091,False,слабее нормы,амплитуда 0.65; пик сдвинут на -18 дн.; старт роста сдвинут на +12 дн.,False
AOI-0014,2011,0.4029405724963727,False,слабее нормы,старт роста сдвинут на +27 дн.; спад сдвинут на +28 дн.; пик сдвинут на +18 дн.,True
AOI-0014,2012,0.3936792915089956,False,слабее нормы,суммарная вегетация 85% нормы; средний Z -0.3; спад сдвинут на -22 дн.,False
AOI-0014,2013,0.44860256185234587,False,сильнее нормы,старт роста сдвинут на +42 дн.; спад сдвинут на +38 дн.; пик сдвинут на +31 дн.,True
AOI-0014,2014,0.4020174949236652,False,слабее нормы,старт роста сдвинут на +17 дн.; дней ниже нормы 2%; спад сдвинут на -23 дн.,False
AOI-0014,2015,0.37936602951321574,False,слабее нормы,амплитуда 0.61; дней ниже нормы 4%; спад сдвинут на -17 дн.,False
AOI-0014,2016,0.44789600236867844,False,сильнее нормы,старт роста сдвинут на +41 дн.; спад сдвинут на +37 дн.; пик сдвинут на +28 дн.,True
AOI-0014,2017,0.3992687666350696,False,сильнее нормы,амплитуда 0.68; пик сдвинут на -21 дн.; пик 130% нормы,False
AOI-0014,2018,0.4044909260645458,False,слабее нормы,пик сдвинут на -31 дн.; спад сдвинут на -29 дн.; средний Z -0.3,True
AOI-0014,2019,0.4634506020863314,False,сильнее нормы,старт роста сдвинут на +40 дн.; средний Z +1.1; спад сдвинут на +24 дн.,True
AOI-0014,2020,0.42280425617725537,False,слабее нормы,дней ниже нормы 44%; пик сдвинут на -26 дн.; средний Z -0.5,True
AOI-0014,2021,0.3843406061368717,False,слабее нормы,амплитуда 0.67; пик 130% нормы; пик сдвинут на -12 дн.,False
AOI-0014,2022,0.4718394363277512,False,слабее нормы,старт роста сдвинут на +46 дн.; пик сдвинут на +40 дн.; спад сдвинут на +41 дн.,True
AOI-0014,2023,0.4024499891571195,False,сильнее нормы,амплитуда 0.71; суммарная вегетация 112% нормы; пик сдвинут на -17 дн.,False
AOI-0014,2024,0.4277045308981242,False,слабее нормы,амплитуда 0.71; дней ниже нормы 31%; пик сдвинут на -27 дн.,True
AOI-0014,2025,0.43821787312748706,False,слабее нормы,пик 74% нормы; спад сдвинут на +26 дн.; суммарная вегетация 77% нормы,True
AOI-0015,2010,0.4555690219066714,False,слабее нормы,пик сдвинут на +50 дн.; спад сдвинут на +37 дн.; старт роста сдвинут на +26 дн.,True
AOI-0015,2011,0.39445467451588906,False,слабее нормы,старт роста сдвинут на +27 дн.; пик сдвинут на +17 дн.; амплитуда 0.54,False
AOI-0015,2012,0.4489532281425723,False,слабее нормы,старт роста сдвинут на +52 дн.; пик сдвинут на +30 дн.; спад сдвинут на +30 дн.,True
AOI-0015,2013,0.3912854219926391,False,слабее нормы,спад сдвинут на -37 дн.; пик сдвинут на -16 дн.; суммарная вегетация 91% нормы,True
AOI-0015,2014,0.38447246012473607,False,сильнее нормы,спад сдвинут на -30 дн.; пик 131% нормы; амплитуда 0.58,True
AOI-0015,2015,0.48184225246654694,False,сильнее нормы,старт роста сдвинут на +45 дн.; пик сдвинут на +60 дн.; спад сдвинут на +48 дн.,True
AOI-0015,2016,0.3793933185675618,False,сильнее нормы,дней ниже нормы 0%; спад сдвинут на -24 дн.; суммарная вегетация 108% нормы,False
AOI-0015,2017,0.38424203657164485,False,слабее нормы,дней ниже нормы 0%; амплитуда 0.61; пик 130% нормы,False
AOI-0015,2018,0.3851801017060946,False,слабее нормы,дней ниже нормы 0%; пик 100% нормы; спад сдвинут на -18 дн.,False
AOI-0015,2019,0.3958550393123461,False,сильнее нормы,спад сдвинут на +28 дн.; суммарная вегетация 112% нормы; дней ниже нормы 0%,False
AOI-0015,2020,0.3913000759006687,False,слабее нормы,средний Z -0.4; дней ниже нормы 21%; пик сдвинут на +9 дн.,True
AOI-0015,2021,0.39729459697115027,False,сильнее нормы,амплитуда 0.66; пик сдвинут на +19 дн.; пик 134% нормы,True
AOI-0015,2022,0.41659566724433633,False,сильнее нормы,амплитуда 0.69; пик 143% нормы; суммарная вегетация 114% нормы,False
AOI-0015,2023,0.5105488672266544,False,сильнее нормы,пик сдвинут на +73 дн.; спад сдвинут на +58 дн.; средний Z +0.9,True
AOI-0015,2024,0.46607230411831774,False,слабее нормы,дней ниже нормы 63%; спад сдвинут на -33 дн.; средний Z -0.5,True
AOI-0015,2025,0.42402715117856726,False,слабее нормы,суммарная вегетация 75% нормы; пик 81% нормы; амплитуда 0.31,False
AOI-0016,2010,0.44568927252189866,False,сильнее нормы,суммарная вегетация 123% нормы; средний Z +0.7; старт роста сдвинут на +22 дн.,False
AOI-0016,2011,0.47520982057790895,False,сильнее нормы,старт роста сдвинут на +44 дн.; пик сдвинут на -32 дн.; суммарная вегетация 117% нормы,False
AOI-0016,2012,0.39066747664163354,False,сильнее нормы,средний Z +0.6; суммарная вегетация 116% нормы; дней ниже нормы 0%,False
AOI-0016,2013,0.4915097735048256,False,сильнее нормы,средний Z +1.3; суммарная вегетация 140% нормы; старт роста сдвинут на +21 дн.,False
AOI-0016,2014,0.42260710500848697,False,сильнее нормы,пик сдвинут на -35 дн.; суммарная вегетация 117% нормы; средний Z +0.5,False
AOI-0016,2015,0.38444882711720446,False,сильнее нормы,дней ниже нормы 0%; пик сдвинут на +16 дн.; спад сдвинут на +12 дн.,False
AOI-0016,2016,0.4386727387672875,False,сильнее нормы,пик сдвинут на +32 дн.; спад сдвинут на +31 дн.; суммарная вегетация 119% нормы,False
AOI-0016,2017,0.4389174299592444,False,слабее нормы,старт роста сдвинут на +42 дн.; спад сдвинут на +31 дн.; пик сдвинут на +27 дн.,False
AOI-0016,2018,0.45544906361192855,False,слабее нормы,дней ниже нормы 43%; средний Z -0.8; суммарная вегетация 71% нормы,True
AOI-0016,2019,0.46600889181403055,False,слабее нормы,старт роста сдвинут на +54 дн.; пик сдвинут на +22 дн.; дней ниже нормы 26%,True
AOI-0016,2020,0.518142090051184,False,слабее нормы,старт роста сдвинут на +43 дн.; дней ниже нормы 50%; средний Z -0.8,True
AOI-0016,2021,0.4886277023129117,False,слабее нормы,пик сдвинут на -46 дн.; дней ниже нормы 40%; спад сдвинут на -53 дн.,True
AOI-0016,2022,0.4387324542878604,False,слабее нормы,старт роста сдвинут на +44 дн.; пик 134% нормы; пик сдвинут на +13 дн.,True
AOI-0016,2023,0.5741492944410017,True,слабее нормы,дней ниже нормы 62%; спад сдвинут на -70 дн.; пик сдвинут на -49 дн.,True
AOI-0016,2024,0.6028168344606409,True,слабее нормы,дней ниже нормы 54%; пик сдвинут на -54 дн.; спад сдвинут на -66 дн.,True
AOI-0016,2025,0.46454862425065613,False,слабее нормы,старт роста сдвинут на +53 дн.; пик 139% нормы; суммарная вегетация 84% нормы,False
AOI-0017,2010,0.46922269750809337,False,слабее нормы,пик сдвинут на +45 дн.; спад сдвинут на +49 дн.; амплитуда 0.26,False
AOI-0017,2011,0.39189496202646606,False,слабее нормы,амплитуда 0.30; пик 101% нормы; дней ниже нормы 4%,False
AOI-0017,2012,0.40801040310105674,False,слабее нормы,пик сдвинут на +27 дн.; амплитуда 0.30; дней ниже нормы 0%,False
AOI-0017,2013,0.455147067789312,False,сильнее нормы,амплитуда 0.19; старт роста сдвинут на -11 дн.; дней ниже нормы 0%,False
AOI-0017,2014,0.43460283347975065,False,слабее нормы,старт роста сдвинут на -14 дн.; амплитуда 0.33; дней ниже нормы 0%,False
AOI-0017,2015,0.41577862358369355,False,слабее нормы,пик сдвинут на +29 дн.; спад сдвинут на +27 дн.; амплитуда 0.33,False
AOI-0017,2016,0.4242104256730941,False,сильнее нормы,амплитуда 0.25; средний Z +0.7; спад сдвинут на -31 дн.,False
AOI-0017,2017,0.4140647104455191,False,сильнее нормы,спад сдвинут на +33 дн.; пик сдвинут на +27 дн.; средний Z +0.6,False
AOI-0017,2018,0.44986037105061355,False,слабее нормы,амплитуда 0.21; старт роста сдвинут на -13 дн.; дней ниже нормы 0%,False
AOI-0017,2019,0.48491828509779666,False,сильнее нормы,пик сдвинут на +54 дн.; спад сдвинут на +54 дн.; средний Z +0.8,False
AOI-0017,2020,0.4069163047670369,False,слабее нормы,спад сдвинут на +28 дн.; амплитуда 0.30; пик 101% нормы,False
AOI-0017,2021,0.43691794442557014,False,сильнее нормы,спад сдвинут на +62 дн.; пик сдвинут на +18 дн.; амплитуда 0.37,False
AOI-0017,2022,0.49127346360016155,False,сильнее нормы,амплитуда 0.21; старт роста сдвинут на -18 дн.; средний Z +0.7,False
AOI-0017,2023,0.46100004322086785,False,сильнее нормы,спад сдвинут на +42 дн.; старт роста сдвинут на -15 дн.; пик сдвинут на +29 дн.,True
AOI-0017,2024,0.6601308335966279,True,слабее нормы,средний Z -2.7; дней ниже нормы 87%; спад сдвинут на -80 дн.,True
AOI-0017,2025,0.5535465704705308,True,слабее нормы,дней ниже нормы 60%; старт роста сдвинут на -20 дн.; спад сдвинут на -49 дн.,True
AOI-0018,2010,0.4046043335267724,False,сильнее нормы,старт роста сдвинут на +22 дн.; амплитуда 0.36; суммарная вегетация 112% нормы,False
AOI-0018,2011,0.4472597739098715,False,сильнее нормы,спад сдвинут на +54 дн.; старт роста сдвинут на +34 дн.; дней ниже нормы 21%,True
AOI-0018,2012,0.42899739638191886,False,сильнее нормы,пик сдвинут на +40 дн.; средний Z +0.7; суммарная вегетация 116% нормы,False
AOI-0018,2013,0.5028448434491146,False,сильнее нормы,пик сдвинут на +62 дн.; средний Z +1.0; суммарная вегетация 127% нормы,False
AOI-0018,2014,0.3911260823716631,False,сильнее нормы,дней ниже нормы 0%; амплитуда 0.37; пик сдвинут на -16 дн.,False
AOI-0018,2015,0.39265865941800215,False,слабее нормы,амплитуда 0.34; дней ниже нормы 0%; спад сдвинут на -23 дн.,False
AOI-0018,2016,0.48139292347960594,False,сильнее нормы,спад сдвинут на -59 дн.; амплитуда 0.22; средний Z +0.6,False
AOI-0018,2017,0.43495150087596207,False,сильнее нормы,спад сдвинут на +43 дн.; пик сдвинут на +27 дн.; средний Z +0.7,False
AOI-0018,2018,0.39366745422639626,False,слабее нормы,суммарная вегетация 83% нормы; дней ниже нормы 0%; средний Z -0.4,False
AOI-0018,2019,0.46729671041341486,False,слабее нормы,пик сдвинут на +58 дн.; спад сдвинут на +32 дн.; дней ниже нормы 31%,True
AOI-0018,2020,0.4990372432753331,False,слабее нормы,дней ниже нормы 55%; спад сдвинут на -54 дн.; средний Z -0.6,True
AOI-0018,2021,0.44709201179613856,False,слабее нормы,дней ниже нормы 47%; спад сдвинут на -45 дн.; амплитуда 0.65,True
AOI-0018,2022,0.4968261619712607,False,слабее нормы,старт роста сдвинут на +57 дн.; пик сдвинут на +36 дн.; дней ниже нормы 31%,True
AOI-0018,2023,0.5016742901828467,False,слабее нормы,дней ниже нормы 54%; спад сдвинут на -54 дн.; амплитуда 0.71,True
AOI-0018,2024,0.46243412910876136,False,слабее нормы,старт роста сдвинут на +38 дн.; дней ниже нормы 41%; средний Z -0.6,True
AOI-0018,2025,0.5133037618998315,False,слабее нормы,дней ниже нормы 58%; спад сдвинут на -68 дн.; пик сдвинут на -38 дн.,True
AOI-0019,2010,0.3761047116710227,False,слабее нормы,амплитуда 0.59; дней ниже нормы 18%; средний Z -0.2,False
AOI-0019,2011,0.44718521265068667,False,сильнее нормы,спад сдвинут на +46 дн.; средний Z +0.8; старт роста сдвинут на +21 дн.,True
AOI-0019,2012,0.3803444946779039,False,слабее нормы,дней ниже нормы 0%; пик 102% нормы; средний Z -0.1,False
AOI-0019,2013,0.41830227137095594,False,слабее нормы,пик сдвинут на -28 дн.; пик 86% нормы; амплитуда 0.36,True
AOI-0019,2014,0.43555287355201855,False,слабее нормы,дней ниже нормы 48%; амплитуда 0.68; средний Z -0.5,True
AOI-0019,2015,0.46489144096127477,False,слабее нормы,дней ниже нормы 54%; средний Z -0.9; пик 81% нормы,True
AOI-0019,2016,0.46890861859599353,False,сильнее нормы,средний Z +1.3; спад сдвинут на +49 дн.; суммарная вегетация 123% нормы,False
AOI-0019,2017,0.3766837443529197,False,сильнее нормы,дней ниже нормы 0%; средний Z +0.3; суммарная вегетация 105% нормы,False
AOI-0019,2018,0.48715850341554456,False,слабее нормы,средний Z -1.0; дней ниже нормы 36%; пик 78% нормы,True
AOI-0019,2019,0.38638991507226295,False,сильнее нормы,амплитуда 0.65; дней ниже нормы 20%; старт роста сдвинут на +0 дн.,True
AOI-0019,2020,0.388803284947289,False,слабее нормы,пик 96% нормы; средний Z -0.3; дней ниже нормы 7%,True
AOI-0019,2021,0.40922767816272193,False,сильнее нормы,старт роста сдвинут на +26 дн.; дней ниже нормы 26%; пик сдвинут на +19 дн.,True
AOI-0019,2022,0.39269579686163625,False,сильнее нормы,амплитуда 0.67; суммарная вегетация 105% нормы; пик 126% нормы,False
AOI-0019,2023,0.40395342976956966,False,сильнее нормы,спад сдвинут на +34 дн.; пик сдвинут на +20 дн.; средний Z +0.5,False
AOI-0019,2024,0.4062721314553589,False,сильнее нормы,дней ниже нормы 30%; амплитуда 0.66; пик сдвинут на -16 дн.,True
AOI-0019,2025,0.40691651663767403,False,слабее нормы,пик 88% нормы; пик сдвинут на -22 дн.; амплитуда 0.40,True
AOI-0020,2010,0.4989237530280931,False,слабее нормы,пик сдвинут на +45 дн.; старт роста сдвинут на +29 дн.; дней ниже нормы 36%,True
AOI-0020,2011,0.3972814939235008,False,сильнее нормы,средний Z +0.8; суммарная вегетация 118% нормы; дней ниже нормы 0%,False
AOI-0020,2012,0.42269829840972156,False,слабее нормы,старт роста сдвинут на +37 дн.; пик сдвинут на +35 дн.; спад сдвинут на +28 дн.,True
AOI-0020,2013,0.4305631310717196,False,слабее нормы,пик 78% нормы; амплитуда 0.28; старт роста сдвинут на +20 дн.,False
AOI-0020,2014,0.3905195745365149,False,слабее нормы,средний Z -0.5; спад сдвинут на -24 дн.; суммарная вегетация 86% нормы,True
AOI-0020,2015,0.38106184824974615,False,слабее нормы,средний Z -0.3; амплитуда 0.59; дней ниже нормы 20%,True
AOI-0020,2016,0.4690046830505115,False,сильнее нормы,спад сдвинут на +61 дн.; средний Z +0.8; старт роста сдвинут на +23 дн.,False
AOI-0020,2017,0.39314940475713334,False,сильнее нормы,спад сдвинут на +22 дн.; суммарная вегетация 112% нормы; старт роста сдвинут на +14 дн.,False
AOI-0020,2018,0.4398770396120546,False,слабее нормы,дней ниже нормы 51%; средний Z -0.7; суммарная вегетация 79% нормы,False
AOI-0020,2019,0.3992896631037854,False,сильнее нормы,суммарная вегетация 114% нормы; амплитуда 0.64; средний Z +0.5,False
AOI-0020,2020,0.38345295955568715,False,слабее нормы,спад сдвинут на -23 дн.; дней ниже нормы 21%; средний Z -0.3,True
AOI-0020,2021,0.3862431088737646,False,сильнее нормы,пик сдвинут на +25 дн.; спад сдвинут на +10 дн.; дней ниже нормы 6%,False
AOI-0020,2022,0.4404445207837819,False,сильнее нормы,средний Z +0.6; амплитуда 0.67; пик 144% нормы,False
AOI-0020,2023,0.4683834578994268,False,сильнее нормы,пик сдвинут на +51 дн.; спад сдвинут на +52 дн.; старт роста сдвинут на +23 дн.,True
AOI-0020,2024,0.42223572618077737,False,слабее нормы,дней ниже нормы 42%; спад сдвинут на -30 дн.; амплитуда 0.64,True
AOI-0020,2025,0.39435810603813387,False,слабее нормы,старт роста сдвинут на +20 дн.; дней ниже нормы 2%; средний Z -0.3,False
AOI-0021,2010,0.4749970141114156,False,слабее нормы,старт роста сдвинут на +43 дн.; пик сдвинут на +45 дн.; спад сдвинут на +36 дн.,True
AOI-0021,2011,0.4882308773406042,False,сильнее нормы,средний Z +1.8; суммарная вегетация 125% нормы; спад сдвинут на -34 дн.,False
AOI-0021,2012,0.41804446004520157,False,слабее нормы,старт роста сдвинут на +23 дн.; суммарная вегетация 78% нормы; средний Z -0.5,True
AOI-0021,2013,0.42223195417245946,False,слабее нормы,спад сдвинут на -47 дн.; пик сдвинут на -23 дн.; амплитуда 0.65,True
AOI-0021,2014,0.4005503324257696,False,слабее нормы,спад сдвинут на -36 дн.; амплитуда 0.65; пик 139% нормы,False
AOI-0021,2015,0.45135888742724833,False,сильнее нормы,пик сдвинут на +56 дн.; спад сдвинут на +48 дн.; старт роста сдвинут на +23 дн.,True
AOI-0021,2016,0.40166047702849034,False,сильнее нормы,суммарная вегетация 118% нормы; спад сдвинут на -33 дн.; средний Z +0.5,False
AOI-0021,2017,0.505627304783115,False,слабее нормы,старт роста сдвинут на +50 дн.; пик сдвинут на +61 дн.; спад сдвинут на +40 дн.,True
AOI-0021,2018,0.4109815400932165,False,слабее нормы,амплитуда 0.69; спад сдвинут на -34 дн.; пик 142% нормы,True
AOI-0021,2019,0.516273688688542,False,сильнее нормы,старт роста сдвинут на +58 дн.; пик сдвинут на +70 дн.; спад сдвинут на +43 дн.,True
AOI-0021,2020,0.42827228003666823,False,слабее нормы,дней ниже нормы 41%; спад сдвинут на -33 дн.; средний Z -0.5,False
AOI-0021,2021,0.3952695270514861,False,слабее нормы,старт роста сдвинут на +19 дн.; пик сдвинут на +23 дн.; суммарная вегетация 89% нормы,False
AOI-0021,2022,0.4183472224406135,False,сильнее нормы,пик 149% нормы; амплитуда 0.67; спад сдвинут на -33 дн.,False
AOI-0021,2023,0.5078905152106944,False,сильнее нормы,старт роста сдвинут на +72 дн.; пик сдвинут на +52 дн.; спад сдвинут на +46 дн.,True
AOI-0021,2024,0.40560178189639307,False,слабее нормы,спад сдвинут на -40 дн.; амплитуда 0.63; пик 139% нормы,False
AOI-0021,2025,0.41630413586084697,False,слабее нормы,суммарная вегетация 81% нормы; дней ниже нормы 0%; спад сдвинут на -26 дн.,False
AOI-0022,2010,0.4217102056281891,False,слабее нормы,старт роста сдвинут на +25 дн.; суммарная вегетация 79% нормы; средний Z -0.5,True
AOI-0022,2011,0.397750790180602,False,сильнее нормы,средний Z +0.9; суммарная вегетация 114% нормы; амплитуда 0.63,False
AOI-0022,2012,0.400033386320085,False,слабее нормы,пик сдвинут на -33 дн.; спад сдвинут на -17 дн.; средний Z -0.2,True
AOI-0022,2013,0.42727812918015956,False,слабее нормы,старт роста сдвинут на +42 дн.; пик сдвинут на +29 дн.; спад сдвинут на +29 дн.,True
AOI-0022,2014,0.38200741396108234,False,сильнее нормы,амплитуда 0.65; дней ниже нормы 0%; пик сдвинут на -12 дн.,False
AOI-0022,2015,0.4956513919058814,False,слабее нормы,пик 41% нормы; суммарная вегетация 55% нормы; амплитуда 0.13,True
AOI-0022,2016,0.3979687063360769,False,сильнее нормы,суммарная вегетация 119% нормы; амплитуда 0.69; дней ниже нормы 0%,False
AOI-0022,2017,0.39670514790132905,False,сильнее нормы,амплитуда 0.69; суммарная вегетация 117% нормы; дней ниже нормы 0%,False
AOI-0022,2018,0.42098978342550847,False,слабее нормы,старт роста сдвинут на +33 дн.; спад сдвинут на +39 дн.; пик сдвинут на +26 дн.,False
AOI-0022,2019,0.39053123539495943,False,слабее нормы,амплитуда 0.67; дней ниже нормы 0%; пик 130% нормы,False
AOI-0022,2020,0.4130519306976289,False,слабее нормы,старт роста сдвинут на +26 дн.; суммарная вегетация 86% нормы; пик сдвинут на +14 дн.,False
AOI-0022,2021,0.3924145697569485,False,сильнее нормы,амплитуда 0.67; суммарная вегетация 117% нормы; дней ниже нормы 0%,False
AOI-0022,2022,0.5317943851996352,False,сильнее нормы,старт роста сдвинут на +55 дн.; средний Z +1.3; спад сдвинут на +50 дн.,True
AOI-0022,2023,0.40468141656837836,False,сильнее нормы,амплитуда 0.70; суммарная вегетация 119% нормы; пик 139% нормы,False
AOI-0022,2024,0.5337482382872453,False,слабее нормы,пик 40% нормы; суммарная вегетация 52% нормы; амплитуда 0.12,True
AOI-0022,2025,0.3916690081822563,False,сильнее нормы,амплитуда 0.69; дней ниже нормы 0%; пик 135% нормы,False
AOI-0023,2010,0.495803486367584,False,слабее нормы,старт роста сдвинут на +60 дн.; пик сдвинут на +38 дн.; спад сдвинут на +33 дн.,True
AOI-0023,2011,0.38788423913844483,False,слабее нормы,амплитуда 0.68; дней ниже нормы 0%; спад сдвинут на -22 дн.,False
AOI-0023,2012,0.43349262788572474,False,слабее нормы,старт роста сдвинут на +33 дн.; пик сдвинут на +32 дн.; спад сдвинут на +31 дн.,True
AOI-0023,2013,0.43794275226459095,False,сильнее нормы,амплитуда 0.70; спад сдвинут на -39 дн.; средний Z +0.6,True
AOI-0023,2014,0.4126794395249481,False,слабее нормы,пик сдвинут на +30 дн.; спад сдвинут на +23 дн.; суммарная вегетация 86% нормы,False
AOI-0023,2015,0.3902426403625741,False,слабее нормы,амплитуда 0.68; спад сдвинут на -28 дн.; пик сдвинут на -10 дн.,False
AOI-0023,2016,0.5708958085524484,True,сильнее нормы,средний Z +1.8; спад сдвинут на +65 дн.; старт роста сдвинут на +41 дн.,False
AOI-0023,2017,0.4107284276064914,False,слабее нормы,амплитуда 0.74; пик сдвинут на -18 дн.; пик 131% нормы,False
AOI-0023,2018,0.4372189654501288,False,слабее нормы,старт роста сдвинут на +36 дн.; дней ниже нормы 28%; пик сдвинут на +20 дн.,False
AOI-0023,2019,0.40424752168276756,False,сильнее нормы,амплитуда 0.71; спад сдвинут на -30 дн.; пик 131% нормы,True
AOI-0023,2020,0.45706582034078935,False,слабее нормы,пик сдвинут на -58 дн.; спад сдвинут на -32 дн.; амплитуда 0.61,True
AOI-0023,2021,0.4028169192209729,False,слабее нормы,амплитуда 0.65; старт роста сдвинут на +17 дн.; пик сдвинут на +16 дн.,False
AOI-0023,2022,0.4082492975350129,False,сильнее нормы,суммарная вегетация 121% нормы; амплитуда 0.69; средний Z +0.5,False
AOI-0023,2023,0.46850580071620923,False,слабее нормы,старт роста сдвинут на +50 дн.; спад сдвинут на +39 дн.; пик сдвинут на +36 дн.,True
AOI-0023,2024,0.44052657694594477,False,слабее нормы,амплитуда 0.78; дней ниже нормы 29%; спад сдвинут на -28 дн.,True
AOI-0023,2025,0.44802611297904416,False,слабее нормы,старт роста сдвинут на +37 дн.; пик сдвинут на +30 дн.; суммарная вегетация 75% нормы,False
AOI-0024,2010,0.5130454487545103,False,сильнее нормы,старт роста сдвинут на +73 дн.; спад сдвинут на +51 дн.; пик сдвинут на +44 дн.,True
AOI-0024,2011,0.5085733310608529,False,слабее нормы,пик сдвинут на +64 дн.; спад сдвинут на +61 дн.; старт роста сдвинут на +29 дн.,True
AOI-0024,2012,0.45434708387390393,False,слабее нормы,старт роста сдвинут на +34 дн.; суммарная вегетация 77% нормы; спад сдвинут на -35 дн.,False
AOI-0024,2013,0.4470925028436099,False,слабее нормы,старт роста сдвинут на +48 дн.; спад сдвинут на +35 дн.; пик сдвинут на +32 дн.,False
AOI-0024,2014,0.5023795617970177,False,слабее нормы,дней ниже нормы 48%; старт роста сдвинут на +29 дн.; суммарная вегетация 69% нормы,True
AOI-0024,2015,0.4011066449867264,False,сильнее нормы,спад сдвинут на -37 дн.; пик 143% нормы; дней ниже нормы 0%,False
AOI-0024,2016,0.5169304861869661,False,сильнее нормы,старт роста сдвинут на +58 дн.; спад сдвинут на +49 дн.; пик сдвинут на +43 дн.,False
AOI-0024,2017,0.40400475948005726,False,слабее нормы,спад сдвинут на -34 дн.; пик 140% нормы; дней ниже нормы 25%,False
AOI-0024,2018,0.43525644577081346,False,слабее нормы,суммарная вегетация 71% нормы; средний Z -0.8; дней ниже нормы 29%,True
AOI-0024,2019,0.42572881619502106,False,сильнее нормы,пик 158% нормы; спад сдвинут на -44 дн.; амплитуда 0.63,False
AOI-0024,2020,0.4713806246157652,False,слабее нормы,старт роста сдвинут на +53 дн.; пик сдвинут на +31 дн.; дней ниже нормы 30%,True
AOI-0024,2021,0.44021950681856353,False,сильнее нормы,пик 161% нормы; суммарная вегетация 119% нормы; спад сдвинут на -37 дн.,False
AOI-0024,2022,0.4576256315960521,False,сильнее нормы,суммарная вегетация 126% нормы; пик 160% нормы; средний Z +0.8,False
AOI-0024,2023,0.46068745594639854,False,сильнее нормы,пик сдвинут на +60 дн.; спад сдвинут на +42 дн.; старт роста сдвинут на +23 дн.,True
AOI-0024,2024,0.5022615409847943,False,слабее нормы,дней ниже нормы 56%; спад сдвинут на -46 дн.; пик 158% нормы,True
AOI-0024,2025,0.482038237003694,False,слабее нормы,старт роста сдвинут на +50 дн.; суммарная вегетация 72% нормы; пик сдвинут на +29 дн.,True
AOI-0025,2010,0.43686110606243517,False,сильнее нормы,пик сдвинут на +46 дн.; старт роста сдвинут на +29 дн.; спад сдвинут на +40 дн.,False
AOI-0025,2011,0.48403242585595063,False,слабее нормы,пик 66% нормы; амплитуда 0.21; суммарная вегетация 70% нормы,True
AOI-0025,2012,0.38133847550768774,False,слабее нормы,дней ниже нормы 0%; спад сдвинут на -22 дн.; пик 130% нормы,False
AOI-0025,2013,0.3952172132199842,False,слабее нормы,суммарная вегетация 82% нормы; пик 100% нормы; дней ниже нормы 4%,False
AOI-0025,2014,0.40860867562156844,False,сильнее нормы,пик 151% нормы; суммарная вегетация 120% нормы; амплитуда 0.68,False
AOI-0025,2015,0.47045905198208027,False,слабее нормы,пик 51% нормы; суммарная вегетация 57% нормы; амплитуда 0.17,True
AOI-0025,2016,0.39757069455688326,False,слабее нормы,пик сдвинут на -30 дн.; дней ниже нормы 0%; спад сдвинут на -22 дн.,False
AOI-0025,2017,0.44096082308208034,False,слабее нормы,пик сдвинут на +54 дн.; спад сдвинут на +44 дн.; дней ниже нормы 20%,True
AOI-0025,2018,0.40867136274748034,False,сильнее нормы,амплитуда 0.69; пик 146% нормы; суммарная вегетация 113% нормы,False
AOI-0025,2019,0.4726301499761997,False,слабее нормы,пик 45% нормы; амплитуда 0.13; дней ниже нормы 42%,True
AOI-0025,2020,0.4335145880017664,False,сильнее нормы,суммарная вегетация 126% нормы; пик 152% нормы; амплитуда 0.70,False
AOI-0025,2021,0.42747926362097627,False,слабее нормы,старт роста сдвинут на +20 дн.; амплитуда 0.68; пик 145% нормы,False
AOI-0025,2022,0.41494328357800553,False,сильнее нормы,пик 155% нормы; амплитуда 0.72; суммарная вегетация 113% нормы,False
AOI-0025,2023,0.5766991969098408,True,сильнее нормы,средний Z +2.0; пик сдвинут на +71 дн.; спад сдвинут на +64 дн.,False
AOI-0025,2024,0.4121198953791957,False,слабее нормы,амплитуда 0.69; пик 143% нормы; дней ниже нормы 23%,True
AOI-0025,2025,0.535221546415961,False,слабее нормы,пик 36% нормы; амплитуда 0.07; пик сдвинут на -47 дн.,True
AOI-0026,2010,0.4661996224621126,False,слабее нормы,пик сдвинут на +53 дн.; спад сдвинут на +46 дн.; средний Z +0.7,True
AOI-0026,2011,0.40125514969188153,False,сильнее нормы,средний Z +0.8; суммарная вегетация 120% нормы; дней ниже нормы 0%,False
AOI-0026,2012,0.5259357417531157,False,слабее нормы,суммарная вегетация 48% нормы; пик 40% нормы; дней ниже нормы 53%,True
AOI-0026,2013,0.38446161156234077,False,сильнее нормы,амплитуда 0.66; суммарная вегетация 112% нормы; дней ниже нормы 0%,False
AOI-0026,2014,0.40945180111523166,False,слабее нормы,старт роста сдвинут на +20 дн.; амплитуда 0.64; суммарная вегетация 87% нормы,False
AOI-0026,2015,0.4190517283106598,False,сильнее нормы,суммарная вегетация 123% нормы; амплитуда 0.70; средний Z +0.5,False
AOI-0026,2016,0.4451846119361496,False,слабее нормы,пик 55% нормы; амплитуда 0.21; суммарная вегетация 71% нормы,True
AOI-0026,2017,0.4411830512931687,False,сильнее нормы,суммарная вегетация 133% нормы; амплитуда 0.73; средний Z +0.6,False
AOI-0026,2018,0.43821706500406166,False,слабее нормы,спад сдвинут на +44 дн.; старт роста сдвинут на +27 дн.; пик сдвинут на +30 дн.,False
AOI-0026,2019,0.4037942718686661,False,слабее нормы,амплитуда 0.70; пик 134% нормы; средний Z -0.2,False
AOI-0026,2020,0.5266718497526777,False,слабее нормы,пик 33% нормы; суммарная вегетация 49% нормы; амплитуда 0.09,True
AOI-0026,2021,0.4384763909108792,False,сильнее нормы,суммарная вегетация 127% нормы; амплитуда 0.74; пик 144% нормы,False
AOI-0026,2022,0.407634355270597,False,слабее нормы,старт роста сдвинут на +20 дн.; амплитуда 0.62; пик сдвинут на +15 дн.,False
AOI-0026,2023,0.4588425159557607,False,сильнее нормы,суммарная вегетация 140% нормы; средний Z +1.0; амплитуда 0.69,False
AOI-0026,2024,0.5432327315183265,True,слабее нормы,пик 36% нормы; суммарная вегетация 47% нормы; амплитуда 0.11,True
AOI-0026,2025,0.4432033938356705,False,сильнее нормы,амплитуда 0.76; пик 145% нормы; суммарная вегетация 114% нормы,False
AOI-0027,2010,0.38823159276927866,False,сильнее нормы,старт роста сдвинут на +18 дн.; дней ниже нормы 1%; амплитуда 0.40,False
AOI-0027,2011,0.3903461631751809,False,слабее нормы,старт роста сдвинут на +22 дн.; дней ниже нормы 6%; средний Z -0.2,False
AOI-0027,2012,0.4699112560791033,False,сильнее нормы,спад сдвинут на +62 дн.; пик сдвинут на +51 дн.; амплитуда 0.32,False
AOI-0027,2013,0.4424766684958543,False,слабее нормы,средний Z -0.7; амплитуда 0.27; суммарная вегетация 78% нормы,True
AOI-0027,2014,0.39643398503279026,False,слабее нормы,пик сдвинут на -23 дн.; амплитуда 0.61; средний Z -0.3,True
AOI-0027,2015,0.3802388096960575,False,сильнее нормы,амплитуда 0.58; дней ниже нормы 4%; старт роста сдвинут на -2 дн.,False
AOI-0027,2016,0.3936032678634378,False,сильнее нормы,пик сдвинут на -20 дн.; дней ниже нормы 2%; спад сдвинут на -21 дн.,False
AOI-0027,2017,0.3926920445531799,False,слабее нормы,старт роста сдвинут на +18 дн.; средний Z -0.3; суммарная вегетация 90% нормы,True
AOI-0027,2018,0.39800483049372753,False,сильнее нормы,пик сдвинут на -20 дн.; дней ниже нормы 0%; старт роста сдвинут на -6 дн.,False
AOI-0027,2019,0.4527754076827258,False,слабее нормы,спад сдвинут на +55 дн.; старт роста сдвинут на +28 дн.; пик сдвинут на +24 дн.,True
AOI-0027,2020,0.38214924701333564,False,слабее нормы,амплитуда 0.61; средний Z -0.2; пик 128% нормы,True
AOI-0027,2021,0.5139369004286589,False,сильнее нормы,спад сдвинут на +96 дн.; пик сдвинут на +48 дн.; средний Z +0.9,True
AOI-0027,2022,0.45184871107994506,False,сильнее нормы,спад сдвинут на +57 дн.; пик сдвинут на +38 дн.; средний Z +0.7,False
AOI-0027,2023,0.4162642141899509,False,сильнее нормы,средний Z +0.8; суммарная вегетация 116% нормы; пик сдвинут на -22 дн.,False
AOI-0027,2024,0.563728723989645,True,слабее нормы,дней ниже нормы 53%; средний Z -1.2; пик 58% нормы,True
AOI-0027,2025,0.44671661594535356,False,сильнее нормы,дней ниже нормы 35%; средний Z +0.8; спад сдвинут на -24 дн.,True
AOI-0028,2010,0.42909020059514436,False,слабее нормы,пик сдвинут на -35 дн.; старт роста сдвинут на +19 дн.; дней ниже нормы 0%,False
AOI-0028,2011,0.4596399551953597,False,сильнее нормы,старт роста сдвинут на +35 дн.; спад сдвинут на +49 дн.; пик сдвинут на +38 дн.,False
AOI-0028,2012,0.49115607871321587,False,слабее нормы,старт роста сдвинут на +33 дн.; суммарная вегетация 66% нормы; пик сдвинут на -25 дн.,False
AOI-0028,2013,0.4887414019985782,False,слабее нормы,суммарная вегетация 48% нормы; пик 45% нормы; амплитуда 0.10,True
AOI-0028,2014,0.46386795812751336,False,слабее нормы,пик сдвинут на -45 дн.; амплитуда 0.73; пик 140% нормы,False
AOI-0028,2015,0.4138615673423254,False,слабее нормы,спад сдвинут на +44 дн.; старт роста сдвинут на +23 дн.; пик сдвинут на +24 дн.,False
AOI-0028,2016,0.3910278942876425,False,слабее нормы,амплитуда 0.66; пик сдвинут на -21 дн.; дней ниже нормы 0%,False
AOI-0028,2017,0.3867792063977498,False,слабее нормы,старт роста сдвинут на +16 дн.; дней ниже нормы 0%; амплитуда 0.60,False
AOI-0028,2018,0.4178423627085762,False,сильнее нормы,амплитуда 0.72; пик сдвинут на -29 дн.; пик 141% нормы,False
AOI-0028,2019,0.5045229013626435,False,слабее нормы,пик 34% нормы; амплитуда 0.08; суммарная вегетация 64% нормы,True
AOI-0028,2020,0.42094563147923025,False,сильнее нормы,амплитуда 0.73; суммарная вегетация 122% нормы; пик 142% нормы,False
AOI-0028,2021,0.5148565918891063,False,сильнее нормы,старт роста сдвинут на +54 дн.; спад сдвинут на +52 дн.; средний Z +1.1,True
AOI-0028,2022,0.43969721467707595,False,сильнее нормы,амплитуда 0.76; суммарная вегетация 116% нормы; пик 144% нормы,True
AOI-0028,2023,0.49644215472234626,False,слабее нормы,пик 40% нормы; суммарная вегетация 53% нормы; амплитуда 0.11,True
AOI-0028,2024,0.44061792906699976,False,слабее нормы,амплитуда 0.75; пик сдвинут на -24 дн.; пик 140% нормы,False
AOI-0028,2025,0.4218586830766941,False,слабее нормы,старт роста сдвинут на +29 дн.; суммарная вегетация 80% нормы; дней ниже нормы 4%,False
AOI-0029,2010,0.42226397973407465,False,сильнее нормы,пик сдвинут на -32 дн.; амплитуда 0.70; пик 137% нормы,False
AOI-0029,2011,0.37101750952271717,False,слабее нормы,дней ниже нормы 1%; старт роста сдвинут на +0 дн.; амплитуда 0.54,False
AOI-0029,2012,0.4010862760714623,False,слабее нормы,спад сдвинут на +31 дн.; пик сдвинут на +29 дн.; пик 102% нормы,False
AOI-0029,2013,0.3948319448202634,False,сильнее нормы,пик сдвинут на -27 дн.; амплитуда 0.64; пик 132% нормы,False
AOI-0029,2014,0.45607056616351566,False,слабее нормы,пик 59% нормы; амплитуда 0.23; суммарная вегетация 71% нормы,True
AOI-0029,2015,0.43234904358325416,False,слабее нормы,амплитуда 0.75; пик 148% нормы; суммарная вегетация 112% нормы,False
AOI-0029,2016,0.43362880530432785,False,сильнее нормы,спад сдвинут на +45 дн.; пик сдвинут на +31 дн.; суммарная вегетация 118% нормы,False
AOI-0029,2017,0.38224508385402134,False,сильнее нормы,пик сдвинут на -21 дн.; дней ниже нормы 0%; амплитуда 0.59,False
AOI-0029,2018,0.500260982300002,False,слабее нормы,суммарная вегетация 51% нормы; пик 46% нормы; амплитуда 0.15,True
AOI-0029,2019,0.4049284460989556,False,слабее нормы,амплитуда 0.70; пик 139% нормы; суммарная вегетация 112% нормы,False
AOI-0029,2020,0.4345342642609292,False,слабее нормы,старт роста сдвинут на +19 дн.; суммарная вегетация 79% нормы; пик сдвинут на +19 дн.,False
AOI-0029,2021,0.41578416139807345,False,сильнее нормы,амплитуда 0.71; пик 141% нормы; дней ниже нормы 0%,False
AOI-0029,2022,0.5680921394937001,True,сильнее нормы,средний Z +2.6; старт роста сдвинут на +57 дн.; спад сдвинут на +58 дн.,True
AOI-0029,2023,0.42414796798887483,False,сильнее нормы,амплитуда 0.72; суммарная вегетация 120% нормы; пик 147% нормы,False
AOI-0029,2024,0.547886143398108,True,слабее нормы,суммарная вегетация 49% нормы; пик 42% нормы; амплитуда 0.13,True
AOI-0029,2025,0.44376533479415864,False,сильнее нормы,амплитуда 0.76; пик 147% нормы; пик сдвинут на -25 дн.,False
AOI-0030,2010,0.48284785809485786,False,слабее нормы,дней ниже нормы 57%; средний Z -1.3; пик 99% нормы,True
AOI-0030,2011,0.42110897690756616,False,слабее нормы,дней ниже нормы 31%; спад сдвинут на +27 дн.; средний Z -0.6,True
AOI-0030,2012,0.4186932079800865,False,слабее нормы,средний Z -0.6; дней ниже нормы 28%; спад сдвинут на -31 дн.,True
AOI-0030,2013,0.40342389770310405,False,слабее нормы,пик сдвинут на +28 дн.; амплитуда 0.33; пик 98% нормы,False
AOI-0030,2014,0.4705487197476344,False,слабее нормы,дней ниже нормы 59%; спад сдвинут на -35 дн.; средний Z -0.5,True
AOI-0030,2015,0.38473915063113834,False,слабее нормы,средний Z -0.3; дней ниже нормы 21%; пик 101% нормы,True
AOI-0030,2016,0.4025611317969496,False,слабее нормы,амплитуда 0.34; старт роста сдвинут на -5 дн.; пик 99% нормы,False
AOI-0030,2017,0.38304803599125453,False,слабее нормы,дней ниже нормы 0%; амплитуда 0.38; спад сдвинут на -23 дн.,False
AOI-0030,2018,0.3965567160441922,False,слабее нормы,средний Z -0.5; амплитуда 0.39; пик 99% нормы,True
AOI-0030,2019,0.37240502983915147,False,сильнее нормы,пик 105% нормы; амплитуда 0.45; дней ниже нормы 8%,True
AOI-0030,2020,0.4138518323171997,False,слабее нормы,средний Z -0.7; дней ниже нормы 29%; спад сдвинут на -25 дн.,True
AOI-0030,2021,0.38093771237711177,False,слабее нормы,пик 100% нормы; пик сдвинут на +10 дн.; спад сдвинут на -16 дн.,True
AOI-0030,2022,0.39921928296828957,False,сильнее нормы,средний Z +1.0; амплитуда 0.42; старт роста сдвинут на -1 дн.,True
AOI-0030,2023,0.48661824340656573,False,сильнее нормы,средний Z +1.7; амплитуда 0.28; спад сдвинут на +19 дн.,False
AOI-0030,2024,0.41291399766767767,False,сильнее нормы,средний Z +0.7; спад сдвинут на +21 дн.; амплитуда 0.35,False
AOI-0030,2025,0.41816614655521817,False,сильнее нормы,средний Z +0.6; спад сдвинут на +26 дн.; амплитуда 0.31,False
AOI-0031,2010,0.3919048900520527,False,слабее нормы,дней ниже нормы 29%; средний Z -0.4; пик 125% нормы,True
AOI-0031,2011,0.42678551268702647,False,слабее нормы,старт роста сдвинут на +28 дн.; амплитуда 0.32; суммарная вегетация 83% нормы,False
AOI-0031,2012,0.5765525306058626,True,слабее нормы,дней ниже нормы 61%; суммарная вегетация 47% нормы; пик 37% нормы,True
AOI-0031,2013,0.3817761428303743,False,сильнее нормы,дней ниже нормы 0%; суммарная вегетация 109% нормы; пик сдвинут на -12 дн.,False
AOI-0031,2014,0.4514876683672176,False,слабее нормы,пик 71% нормы; амплитуда 0.24; суммарная вегетация 72% нормы,False
AOI-0031,2015,0.43925513170152536,False,слабее нормы,старт роста сдвинут на +27 дн.; амплитуда 0.29; пик 86% нормы,True
AOI-0031,2016,0.38397689828144727,False,сильнее нормы,суммарная вегетация 117% нормы; пик 140% нормы; средний Z +0.5,False
AOI-0031,2017,0.40400049167671853,False,сильнее нормы,средний Z +0.8; суммарная вегетация 118% нормы; пик 142% нормы,False
AOI-0031,2018,0.392734142651552,False,сильнее нормы,средний Z +0.6; суммарная вегетация 110% нормы; пик сдвинут на -16 дн.,False
AOI-0031,2019,0.4729981714384819,False,сильнее нормы,средний Z +1.7; суммарная вегетация 129% нормы; пик 144% нормы,False
AOI-0031,2020,0.3921648259020126,False,слабее нормы,средний Z -0.5; дней ниже нормы 23%; амплитуда 0.40,True
AOI-0031,2021,0.5156770534136954,False,слабее нормы,дней ниже нормы 51%; суммарная вегетация 54% нормы; пик 49% нормы,True
AOI-0031,2022,0.48618259887897414,False,сильнее нормы,суммарная вегетация 139% нормы; пик 172% нормы; амплитуда 0.72,False
AOI-0031,2023,0.41663959038421994,False,сильнее нормы,амплитуда 0.29; пик 88% нормы; средний Z +0.5,False
AOI-0031,2024,0.49830671311404295,False,слабее нормы,пик 43% нормы; амплитуда 0.10; суммарная вегетация 56% нормы,True
AOI-0031,2025,0.4359226175415604,False,сильнее нормы,суммарная вегетация 131% нормы; пик 157% нормы; средний Z +0.6,False
AOI-0032,2010,0.4526003807144227,False,слабее нормы,суммарная вегетация 62% нормы; амплитуда 0.22; пик 69% нормы,False
AOI-0032,2011,0.4584337333604487,False,сильнее нормы,суммарная вегетация 138% нормы; пик 173% нормы; средний Z +0.9,False
AOI-0032,2012,0.38173684371900374,False,слабее нормы,старт роста сдвинут на +12 дн.; амплитуда 0.44; суммарная вегетация 92% нормы,True
AOI-0032,2013,0.4268318917376897,False,слабее нормы,амплитуда 0.22; пик 84% нормы; дней ниже нормы 0%,False
AOI-0032,2014,0.38581796405708707,False,слабее нормы,средний Z -0.4; дней ниже нормы 5%; пик 126% нормы,False
AOI-0032,2015,0.428427695729706,False,слабее нормы,старт роста сдвинут на +29 дн.; пик сдвинут на +34 дн.; спад сдвинут на +21 дн.,False
AOI-0032,2016,0.4551471567222003,False,слабее нормы,амплитуда 0.12; пик 53% нормы; суммарная вегетация 75% нормы,False
AOI-0032,2017,0.4295147077371106,False,сильнее нормы,пик 170% нормы; суммарная вегетация 129% нормы; средний Z +0.5,False
AOI-0032,2018,0.50614216248092,False,слабее нормы,пик 36% нормы; амплитуда 0.04; суммарная вегетация 56% нормы,True
AOI-0032,2019,0.41805234499637783,False,сильнее нормы,пик 170% нормы; суммарная вегетация 123% нормы; амплитуда 0.63,False
AOI-0032,2020,0.41447242510465804,False,слабее нормы,пик сдвинут на -27 дн.; амплитуда 0.35; средний Z -0.4,False
AOI-0032,2021,0.48090063374611475,False,слабее нормы,пик 42% нормы; амплитуда 0.09; суммарная вегетация 63% нормы,True
AOI-0032,2022,0.5073274465768863,False,сильнее нормы,пик 193% нормы; суммарная вегетация 137% нормы; амплитуда 0.74,False
AOI-0032,2023,0.47534145734233296,False,сильнее нормы,старт роста сдвинут на +38 дн.; средний Z +1.1; пик сдвинут на +42 дн.,False
AOI-0032,2024,0.47324189776082126,False,слабее нормы,пик 44% нормы; амплитуда 0.08; суммарная вегетация 61% нормы,False
AOI-0032,2025,0.4214353586447147,False,сильнее нормы,пик 167% нормы; суммарная вегетация 130% нормы; дней ниже нормы 0%,False
AOI-0033,2010,0.43602522773177127,False,слабее нормы,амплитуда 0.25; суммарная вегетация 75% нормы; пик 83% нормы,False
AOI-0033,2011,0.4575010329250432,False,слабее нормы,амплитуда 0.13; пик 55% нормы; суммарная вегетация 60% нормы,False
AOI-0033,2012,0.4251093046517539,False,сильнее нормы,пик 179% нормы; суммарная вегетация 119% нормы; дней ниже нормы 0%,False
AOI-0033,2013,0.49007397109455597,False,слабее нормы,амплитуда 0.05; пик 40% нормы; суммарная вегетация 63% нормы,True
AOI-0033,2014,0.402145664806796,False,слабее нормы,пик 156% нормы; дней ниже нормы 4%; суммарная вегетация 106% нормы,False
AOI-0033,2015,0.488656164888846,False,слабее нормы,суммарная вегетация 51% нормы; пик 46% нормы; амплитуда 0.10,True
AOI-0033,2016,0.40869678947980526,False,сильнее нормы,пик 161% нормы; суммарная вегетация 122% нормы; дней ниже нормы 0%,False
AOI-0033,2017,0.4669214795211914,False,слабее нормы,амплитуда 0.13; пик 61% нормы; суммарная вегетация 66% нормы,False
AOI-0033,2018,0.43558729007951236,False,сильнее нормы,пик 178% нормы; суммарная вегетация 130% нормы; средний Z +0.5,False
AOI-0033,2019,0.4668100675608321,False,слабее нормы,амплитуда 0.11; пик 50% нормы; суммарная вегетация 65% нормы,True
AOI-0033,2020,0.422606528595246,False,сильнее нормы,пик 167% нормы; суммарная вегетация 129% нормы; дней ниже нормы 0%,False
AOI-0033,2021,0.43516563671929626,False,слабее нормы,амплитуда 0.28; пик сдвинут на +29 дн.; старт роста сдвинут на +21 дн.,True
AOI-0033,2022,0.4067283560854048,False,сильнее нормы,суммарная вегетация 124% нормы; пик 157% нормы; дней ниже нормы 0%,False
AOI-0033,2023,0.46636907138476147,False,слабее нормы,амплитуда 0.08; пик 52% нормы; суммарная вегетация 75% нормы,False
AOI-0033,2024,0.4642959752974263,False,сильнее нормы,пик 190% нормы; суммарная вегетация 137% нормы; амплитуда 0.65,False
AOI-0033,2025,0.5998962106315354,True,сильнее нормы,средний Z +2.7; старт роста сдвинут на +52 дн.; суммарная вегетация 143% нормы,False
AOI-0034,2010,0.5123864469377742,False,сильнее нормы,пик сдвинут на +70 дн.; средний Z +1.5; спад сдвинут на +32 дн.,False
AOI-0034,2011,0.4444251980065443,False,слабее нормы,пик сдвинут на +39 дн.; старт роста сдвинут на +20 дн.; амплитуда 0.35,False
AOI-0034,2012,0.4106790634309948,False,слабее нормы,пик сдвинут на +39 дн.; спад сдвинут на +24 дн.; дней ниже нормы 0%,False
AOI-0034,2013,0.44332025381129525,False,слабее нормы,амплитуда 0.17; пик 67% нормы; дней ниже нормы 0%,False
AOI-0034,2014,0.43893914694334013,False,слабее нормы,пик сдвинут на +43 дн.; пик 147% нормы; средний Z -0.3,False
AOI-0034,2015,0.4731661181068899,False,слабее нормы,суммарная вегетация 52% нормы; пик 47% нормы; амплитуда 0.11,False
AOI-0034,2016,0.4631937050477158,False,сильнее нормы,пик 172% нормы; пик сдвинут на +36 дн.; суммарная вегетация 123% нормы,False
AOI-0034,2017,0.47222794582892874,False,слабее нормы,амплитуда 0.12; пик 52% нормы; суммарная вегетация 60% нормы,False
AOI-0034,2018,0.476722784181487,False,слабее нормы,пик 167% нормы; пик сдвинут на +33 дн.; амплитуда 0.68,True
AOI-0034,2019,0.4791059839317886,False,слабее нормы,пик 39% нормы; амплитуда 0.08; дней ниже нормы 31%,False
AOI-0034,2020,0.4537027461816824,False,сильнее нормы,пик 168% нормы; суммарная вегетация 128% нормы; амплитуда 0.64,True
AOI-0034,2021,0.5625320013552972,True,слабее нормы,пик 32% нормы; амплитуда 0.09; суммарная вегетация 57% нормы,True
AOI-0034,2022,0.48134122270972973,False,сильнее нормы,пик 186% нормы; суммарная вегетация 137% нормы; амплитуда 0.70,False
AOI-0034,2023,0.5059501763132942,False,слабее нормы,пик 32% нормы; амплитуда 0.08; суммарная вегетация 79% нормы,False
AOI-0034,2024,0.4274074123479464,False,сильнее нормы,пик 178% нормы; суммарная вегетация 122% нормы; амплитуда 0.66,False
AOI-0034,2025,0.4895673347831745,False,слабее нормы,пик 37% нормы; амплитуда 0.05; суммарная вегетация 74% нормы,False
AOI-0035,2010,0.3943145192839043,False,сильнее нормы,пик 152% нормы; суммарная вегетация 114% нормы; дней ниже нормы 0%,False
AOI-0035,2011,0.46741073303831243,False,сильнее нормы,старт роста сдвинут на +32 дн.; средний Z +1.1; пик сдвинут на +32 дн.,False
AOI-0035,2012,0.5307692184686446,False,слабее нормы,суммарная вегетация 48% нормы; пик 47% нормы; амплитуда 0.12,False
AOI-0035,2013,0.5558505482876085,True,сильнее нормы,средний Z +2.0; суммарная вегетация 160% нормы; пик 155% нормы,False
AOI-0035,2014,0.4858259681129121,False,слабее нормы,суммарная вегетация 60% нормы; пик 60% нормы; амплитуда 0.17,False
AOI-0035,2015,0.4059049060803599,False,слабее нормы,пик 168% нормы; дней ниже нормы 0%; амплитуда 0.59,False
AOI-0035,2016,0.4716157619993685,False,слабее нормы,амплитуда 0.11; пик 53% нормы; суммарная вегетация 73% нормы,False
AOI-0035,2017,0.4697399926968894,False,сильнее нормы,пик 189% нормы; суммарная вегетация 139% нормы; средний Z +0.6,False
AOI-0035,2018,0.5220780925894518,False,слабее нормы,пик 36% нормы; амплитуда 0.04; суммарная вегетация 53% нормы,False
AOI-0035,2019,0.5156061558996372,False,сильнее нормы,пик 200% нормы; суммарная вегетация 147% нормы; средний Z +0.8,False
AOI-0035,2020,0.5158174477588833,False,слабее нормы,пик 46% нормы; суммарная вегетация 54% нормы; амплитуда 0.10,False
AOI-0035,2021,0.4059955038095413,False,сильнее нормы,пик 149% нормы; дней ниже нормы 0%; старт роста сдвинут на +15 дн.,False
AOI-0035,2022,0.4351687195153225,False,сильнее нормы,пик 170% нормы; старт роста сдвинут на +16 дн.; дней ниже нормы 0%,False
AOI-0035,2023,0.3989635512777417,False,сильнее нормы,суммарная вегетация 126% нормы; пик 146% нормы; дней ниже нормы 0%,False
AOI-0035,2024,0.4925413713221595,False,слабее нормы,пик сдвинут на +66 дн.; спад сдвинут на +59 дн.; амплитуда 0.35,False
AOI-0035,2025,0.5063188503016943,False,слабее нормы,пик 40% нормы; амплитуда 0.07; пик сдвинут на -43 дн.,False
AOI-0036,2010,0.4759976636903469,False,слабее нормы,амплитуда 0.25; пик сдвинут на +33 дн.; дней ниже нормы 35%,True
AOI-0036,2011,0.4062284179248037,False,сильнее нормы,средний Z +0.8; спад сдвинут на +20 дн.; амплитуда 0.35,False
AOI-0036,2012,0.40412773730395235,False,слабее нормы,средний Z -0.7; суммарная вегетация 78% нормы; дней ниже нормы 27%,True
AOI-0036,2013,0.4737362034678438,False,сильнее нормы,средний Z +1.3; амплитуда 0.19; суммарная вегетация 121% нормы,False
AOI-0036,2014,0.4283041803677816,False,слабее нормы,амплитуда 0.25; средний Z -0.7; пик 84% нормы,True
AOI-0036,2015,0.40253764644602347,False,слабее нормы,средний Z -0.7; дней ниже нормы 29%; суммарная вегетация 81% нормы,True
AOI-0036,2016,0.5084639845487491,False,слабее нормы,спад сдвинут на +66 дн.; амплитуда 0.14; пик 65% нормы,True
AOI-0036,2017,0.39788749289521,False,слабее нормы,амплитуда 0.30; дней ниже нормы 0%; пик 98% нормы,False
AOI-0036,2018,0.3942411231913336,False,слабее нормы,амплитуда 0.33; дней ниже нормы 0%; средний Z -0.3,False
AOI-0036,2019,0.3848871045526155,False,сильнее нормы,средний Z +0.4; амплитуда 0.40; суммарная вегетация 107% нормы,True
AOI-0036,2020,0.41829114085426955,False,слабее нормы,пик сдвинут на -39 дн.; амплитуда 0.38; средний Z -0.3,False
AOI-0036,2021,0.4084453776497687,False,сильнее нормы,старт роста сдвинут на +20 дн.; пик сдвинут на +23 дн.; средний Z +0.6,True
AOI-0036,2022,0.3753451390063775,False,слабее нормы,дней ниже нормы 0%; амплитуда 0.39; старт роста сдвинут на +1 дн.,False
AOI-0036,2023,0.4126164965193259,False,сильнее нормы,средний Z +0.9; суммарная вегетация 125% нормы; дней ниже нормы 0%,False
AOI-0036,2024,0.42914744591952214,False,слабее нормы,дней ниже нормы 41%; средний Z -0.8; суммарная вегетация 81% нормы,True
AOI-0036,2025,0.40189898372237687,False,сильнее нормы,средний Z +0.8; суммарная вегетация 123% нормы; дней ниже нормы 0%,False
AOI-0037,2010,0.4145699947834546,False,слабее нормы,спад сдвинут на +30 дн.; амплитуда 0.29; пик сдвинут на +18 дн.,True
AOI-0037,2011,0.38205198658595546,False,слабее нормы,амплитуда 0.35; пик сдвинут на +10 дн.; дней ниже нормы 5%,False
AOI-0037,2012,0.43997114846464214,False,слабее нормы,средний Z -0.8; амплитуда 0.24; пик 86% нормы,True
AOI-0037,2013,0.46384051115653785,False,сильнее нормы,амплитуда 0.18; средний Z +1.0; пик 89% нормы,True
AOI-0037,2014,0.39729304561284906,False,слабее нормы,средний Z -0.4; амплитуда 0.38; дней ниже нормы 21%,True
AOI-0037,2015,0.4225103483388273,False,слабее нормы,средний Z -0.7; амплитуда 0.29; дней ниже нормы 29%,True
AOI-0037,2016,0.37561047362797106,False,сильнее нормы,дней ниже нормы 0%; средний Z +0.4; амплитуда 0.38,False
AOI-0037,2017,0.4011189073826026,False,сильнее нормы,амплитуда 0.29; средний Z +0.5; спад сдвинут на +17 дн.,False
AOI-0037,2018,0.4080957832296635,False,слабее нормы,амплитуда 0.25; пик 97% нормы; пик сдвинут на -14 дн.,False
AOI-0037,2019,0.3884755440649017,False,сильнее нормы,амплитуда 0.36; средний Z +0.4; суммарная вегетация 104% нормы,True
AOI-0037,2020,0.5148061910369575,False,слабее нормы,дней ниже нормы 64%; средний Z -1.2; амплитуда 0.32,True
AOI-0037,2021,0.4172863683822782,False,сильнее нормы,амплитуда 0.25; старт роста сдвинут на +18 дн.; спад сдвинут на +17 дн.,True
AOI-0037,2022,0.3876948248442893,False,слабее нормы,амплитуда 0.32; дней ниже нормы 0%; пик сдвинут на +10 дн.,False
AOI-0037,2023,0.41797486307664056,False,сильнее нормы,средний Z +0.8; суммарная вегетация 115% нормы; амплитуда 0.36,False
AOI-0037,2024,0.43117210841501685,False,слабее нормы,дней ниже нормы 46%; средний Z -0.7; амплитуда 0.40,True
AOI-0037,2025,0.3795923985610718,False,сильнее нормы,дней ниже нормы 0%; амплитуда 0.39; старт роста сдвинут на -2 дн.,False
AOI-0038,2010,0.5702544150694004,True,слабее нормы,дней ниже нормы 96%; средний Z -1.4; суммарная вегетация 59% нормы,True
AOI-0038,2011,0.39011183583784376,False,сильнее нормы,пик 141% нормы; дней ниже нормы 0%; средний Z +0.3,False
AOI-0038,2012,0.4722316016298058,False,слабее нормы,спад сдвинут на +44 дн.; амплитуда 0.22; пик 79% нормы,True
AOI-0038,2013,0.4962500655053085,False,слабее нормы,дней ниже нормы 54%; амплитуда 0.14; пик 63% нормы,True
AOI-0038,2014,0.49558097397658474,False,слабее нормы,дней ниже нормы 68%; средний Z -1.1; суммарная вегетация 79% нормы,True
AOI-0038,2015,0.5111408891531584,False,слабее нормы,спад сдвинут на +57 дн.; старт роста сдвинут на +31 дн.; амплитуда 0.23,True
AOI-0038,2016,0.4267606885712031,False,сильнее нормы,пик 166% нормы; суммарная вегетация 127% нормы; средний Z +0.8,False
AOI-0038,2017,0.3898833499266218,False,сильнее нормы,средний Z +0.6; дней ниже нормы 0%; амплитуда 0.37,False
AOI-0038,2018,0.4087919638824007,False,сильнее нормы,амплитуда 0.33; средний Z +0.5; пик сдвинут на -17 дн.,True
AOI-0038,2019,0.4204737826047869,False,сильнее нормы,средний Z +0.9; суммарная вегетация 121% нормы; амплитуда 0.35,True
AOI-0038,2020,0.4542218094762792,False,слабее нормы,дней ниже нормы 49%; средний Z -0.7; амплитуда 0.28,True
AOI-0038,2021,0.43107473721361567,False,слабее нормы,амплитуда 0.19; старт роста сдвинут на +18 дн.; пик 89% нормы,True
AOI-0038,2022,0.3900083245977175,False,сильнее нормы,амплитуда 0.34; дней ниже нормы 0%; пик сдвинут на +12 дн.,False
AOI-0038,2023,0.4586289326095184,False,сильнее нормы,средний Z +1.1; суммарная вегетация 129% нормы; амплитуда 0.30,False
AOI-0038,2024,0.39323671686383965,False,слабее нормы,амплитуда 0.34; дней ниже нормы 1%; спад сдвинут на +13 дн.,False
AOI-0038,2025,0.38894542989947795,False,сильнее нормы,амплитуда 0.35; дней ниже нормы 0%; суммарная вегетация 110% нормы,False
AOI-0039,2010,0.42127598122165044,False,слабее нормы,амплитуда 0.26; спад сдвинут на +19 дн.; пик сдвинут на +19 дн.,False
AOI-0039,2011,0.41102070145462505,False,слабее нормы,амплитуда 0.30; средний Z -0.4; дней ниже нормы 23%,True
AOI-0039,2012,0.4594585158287862,False,слабее нормы,средний Z -1.1; амплитуда 0.19; дней ниже нормы 35%,True
AOI-0039,2013,0.44018282959787886,False,сильнее нормы,амплитуда 0.17; пик 91% нормы; средний Z +0.4,False
AOI-0039,2014,0.49146631467860086,False,слабее нормы,дней ниже нормы 63%; средний Z -0.9; старт роста сдвинут на -8 дн.,True
AOI-0039,2015,0.4287167836176111,False,слабее нормы,амплитуда 0.18; средний Z -0.6; пик 89% нормы,True
AOI-0039,2016,0.39882282350492787,False,слабее нормы,амплитуда 0.33; старт роста сдвинут на -5 дн.; пик сдвинут на -12 дн.,False
AOI-0039,2017,0.429579049385775,False,слабее нормы,амплитуда 0.17; средний Z +0.6; спад сдвинут на +21 дн.,False
AOI-0039,2018,0.406756013167461,False,сильнее нормы,амплитуда 0.21; дней ниже нормы 1%; пик 102% нормы,False
AOI-0039,2019,0.4018394897594315,False,сильнее нормы,амплитуда 0.30; средний Z +0.4; пик сдвинут на +8 дн.,True
AOI-0039,2020,0.46996273220303525,False,слабее нормы,дней ниже нормы 49%; средний Z -0.8; пик сдвинут на +20 дн.,True
AOI-0039,2021,0.43442687325185114,False,сильнее нормы,спад сдвинут на +33 дн.; средний Z +0.8; пик сдвинут на +27 дн.,True
AOI-0039,2022,0.3952222498811948,False,сильнее нормы,средний Z +0.8; амплитуда 0.38; дней ниже нормы 1%,False
AOI-0039,2023,0.43245403435752205,False,сильнее нормы,средний Z +1.0; суммарная вегетация 115% нормы; спад сдвинут на +18 дн.,False
AOI-0039,2024,0.4444954562056726,False,слабее нормы,дней ниже нормы 48%; средний Z -0.5; старт роста сдвинут на -8 дн.,True
AOI-0039,2025,0.4169126403893489,False,сильнее нормы,пик сдвинут на -24 дн.; старт роста сдвинут на -9 дн.; средний Z +0.4,False
AOI-0040,2010,0.43194962689939176,False,слабее нормы,суммарная вегетация 72% нормы; амплитуда 0.27; средний Z -0.6,False
AOI-0040,2011,0.4537543912431622,False,сильнее нормы,старт роста сдвинут на +44 дн.; пик 151% нормы; дней ниже нормы 0%,False
AOI-0040,2012,0.48928064800364024,False,слабее нормы,дней ниже нормы 48%; суммарная вегетация 59% нормы; средний Z -0.9,True
AOI-0040,2013,0.4881503911725002,False,сильнее нормы,пик сдвинут на +41 дн.; амплитуда 0.20; средний Z +0.9,False
AOI-0040,2014,0.4812493720577612,False,слабее нормы,дней ниже нормы 38%; спад сдвинут на -49 дн.; суммарная вегетация 69% нормы,False
AOI-0040,2015,0.4298549972387243,False,сильнее нормы,средний Z +1.0; суммарная вегетация 119% нормы; старт роста сдвинут на +21 дн.,False
AOI-0040,2016,0.47670262932336177,False,слабее нормы,амплитуда 0.23; пик сдвинут на -31 дн.; спад сдвинут на -39 дн.,False
AOI-0040,2017,0.4539370967927876,False,сильнее нормы,суммарная вегетация 136% нормы; средний Z +1.1; пик 164% нормы,False
AOI-0040,2018,0.47536005501392914,False,слабее нормы,пик 41% нормы; амплитуда 0.06; суммарная вегетация 64% нормы,False
AOI-0040,2019,0.5196739048471873,False,сильнее нормы,суммарная вегетация 152% нормы; пик 193% нормы; средний Z +1.1,False
AOI-0040,2020,0.5570589748227015,True,слабее нормы,пик 40% нормы; суммарная вегетация 51% нормы; амплитуда 0.07,True
AOI-0040,2021,0.4228300472848304,False,сильнее нормы,старт роста сдвинут на +26 дн.; пик 144% нормы; средний Z +0.5,False
AOI-0040,2022,0.4806275192804559,False,слабее нормы,амплитуда 0.06; пик 42% нормы; суммарная вегетация 76% нормы,False
AOI-0040,2023,0.533105595851527,False,сильнее нормы,суммарная вегетация 159% нормы; пик 207% нормы; средний Z +0.8,False
AOI-0040,2024,0.49142432464589964,False,слабее нормы,пик 43% нормы; амплитуда 0.07; суммарная вегетация 56% нормы,False
AOI-0040,2025,0.4867196346134003,False,сильнее нормы,пик 196% нормы; суммарная вегетация 139% нормы; средний Z +0.5,False
AOI-0041,2010,0.41998805696721814,False,сильнее нормы,амплитуда 0.24; спад сдвинут на +29 дн.; пик сдвинут на +24 дн.,False
AOI-0041,2011,0.38591347938549286,False,слабее нормы,амплитуда 0.33; дней ниже нормы 21%; средний Z -0.3,True
AOI-0041,2012,0.437014752813357,False,слабее нормы,амплитуда 0.24; средний Z -0.8; дней ниже нормы 33%,True
AOI-0041,2013,0.4266200091714813,False,сильнее нормы,амплитуда 0.18; пик 93% нормы; дней ниже нормы 23%,True
AOI-0041,2014,0.40117577068514354,False,слабее нормы,дней ниже нормы 29%; пик сдвинут на -24 дн.; амплитуда 0.39,True
AOI-0041,2015,0.4322717328891036,False,слабее нормы,дней ниже нормы 39%; амплитуда 0.22; средний Z -0.7,True
AOI-0041,2016,0.38575867301366845,False,сильнее нормы,амплитуда 0.32; средний Z +0.5; дней ниже нормы 0%,False
AOI-0041,2017,0.4151096423259172,False,сильнее нормы,амплитуда 0.28; средний Z +0.7; спад сдвинут на +20 дн.,False
AOI-0041,2018,0.41883672552371376,False,слабее нормы,амплитуда 0.21; пик 97% нормы; дней ниже нормы 22%,True
AOI-0041,2019,0.3973393515565768,False,сильнее нормы,средний Z +0.7; амплитуда 0.34; суммарная вегетация 110% нормы,True
AOI-0041,2020,0.5050065773325357,False,слабее нормы,дней ниже нормы 65%; средний Z -1.0; пик сдвинут на +26 дн.,True
AOI-0041,2021,0.42270535330684833,False,сильнее нормы,амплитуда 0.25; старт роста сдвинут на +24 дн.; пик сдвинут на +20 дн.,True
AOI-0041,2022,0.39396179093165046,False,сильнее нормы,амплитуда 0.32; пик сдвинут на +18 дн.; дней ниже нормы 0%,False
AOI-0041,2023,0.4045002306604218,False,сильнее нормы,пик сдвинут на +24 дн.; средний Z +0.6; амплитуда 0.35,False
AOI-0041,2024,0.44994392274924877,False,слабее нормы,дней ниже нормы 55%; средний Z -0.8; суммарная вегетация 86% нормы,True
AOI-0041,2025,0.4049499467580953,False,сильнее нормы,дней ниже нормы 35%; пик сдвинут на -16 дн.; амплитуда 0.40,False
AOI-0042,2010,0.4799021405542731,False,слабее нормы,суммарная вегетация 54% нормы; амплитуда 0.12; пик 51% нормы,False
AOI-0042,2011,0.41525763159057183,False,сильнее нормы,пик 161% нормы; средний Z +0.7; суммарная вегетация 115% нормы,False
AOI-0042,2012,0.43941683535560777,False,слабее нормы,амплитуда 0.19; пик 78% нормы; дней ниже нормы 0%,False
AOI-0042,2013,0.5385972480960629,True,сильнее нормы,средний Z +1.7; амплитуда 0.20; старт роста сдвинут на +29 дн.,False
AOI-0042,2014,0.40061419191023795,False,слабее нормы,средний Z -0.6; амплитуда 0.33; суммарная вегетация 82% нормы,False
AOI-0042,2015,0.4964115465026784,False,слабее нормы,амплитуда 0.09; пик 50% нормы; суммарная вегетация 63% нормы,False
AOI-0042,2016,0.4847764334510637,False,сильнее нормы,пик 204% нормы; суммарная вегетация 138% нормы; амплитуда 0.63,False
AOI-0042,2017,0.503366652779823,False,слабее нормы,амплитуда 0.03; пик 40% нормы; суммарная вегетация 60% нормы,False
AOI-0042,2018,0.39694724841750867,False,сильнее нормы,пик 156% нормы; суммарная вегетация 117% нормы; дней ниже нормы 0%,False
AOI-0042,2019,0.4739265847999233,False,слабее нормы,пик 43% нормы; амплитуда 0.07; суммарная вегетация 75% нормы,False
AOI-0042,2020,0.5791531550111519,True,сильнее нормы,пик 208% нормы; суммарная вегетация 150% нормы; пик сдвинут на -44 дн.,False
AOI-0042,2021,0.5129592365379472,False,слабее нормы,пик 42% нормы; амплитуда 0.07; суммарная вегетация 65% нормы,False
AOI-0042,2022,0.5266900453298788,False,сильнее нормы,пик 215% нормы; суммарная вегетация 150% нормы; амплитуда 0.69,False
AOI-0042,2023,0.49017841872889617,False,слабее нормы,амплитуда 0.06; пик 45% нормы; суммарная вегетация 72% нормы,False
AOI-0042,2024,0.48773382978653573,False,сильнее нормы,пик 198% нормы; суммарная вегетация 139% нормы; амплитуда 0.65,False
AOI-0042,2025,0.5113496531407427,False,слабее нормы,амплитуда 0.05; пик 41% нормы; суммарная вегетация 65% нормы,False
AOI-0043,2010,0.3985149386237432,False,сильнее нормы,суммарная вегетация 124% нормы; пик 142% нормы; амплитуда 0.64,False
AOI-0043,2011,0.38021453687383694,False,слабее нормы,дней ниже нормы 0%; амплитуда 0.39; суммарная вегетация 90% нормы,False
AOI-0043,2012,0.5245254618139823,False,слабее нормы,пик 35% нормы; амплитуда 0.06; дней ниже нормы 48%,True
AOI-0043,2013,0.397051482001911,False,сильнее нормы,суммарная вегетация 116% нормы; средний Z +0.6; пик 143% нормы,False
AOI-0043,2014,0.41509924542911847,False,слабее нормы,старт роста сдвинут на +25 дн.; пик сдвинут на +26 дн.; спад сдвинут на +24 дн.,False
AOI-0043,2015,0.4072660460271736,False,сильнее нормы,средний Z +1.1; суммарная вегетация 120% нормы; дней ниже нормы 0%,False
AOI-0043,2016,0.49701019528629153,False,слабее нормы,пик 37% нормы; амплитуда 0.06; дней ниже нормы 35%,True
AOI-0043,2017,0.4413777924480787,False,сильнее нормы,пик 159% нормы; амплитуда 0.73; суммарная вегетация 122% нормы,True
AOI-0043,2018,0.38838185284869714,False,слабее нормы,суммарная вегетация 81% нормы; пик 100% нормы; амплитуда 0.42,False
AOI-0043,2019,0.5081442522202934,False,слабее нормы,пик 37% нормы; амплитуда 0.06; дней ниже нормы 39%,True
AOI-0043,2020,0.4605065624625274,False,слабее нормы,суммарная вегетация 123% нормы; дней ниже нормы 33%; амплитуда 0.71,True
AOI-0043,2021,0.404785560707048,False,сильнее нормы,средний Z +0.9; старт роста сдвинут на +20 дн.; спад сдвинут на +15 дн.,False
AOI-0043,2022,0.4795267401463448,False,слабее нормы,пик 43% нормы; суммарная вегетация 54% нормы; амплитуда 0.10,True
AOI-0043,2023,0.44114967891116363,False,сильнее нормы,суммарная вегетация 132% нормы; пик 159% нормы; амплитуда 0.72,False
AOI-0043,2024,0.41040470049371125,False,сильнее нормы,пик 153% нормы; суммарная вегетация 119% нормы; амплитуда 0.69,False
AOI-0043,2025,0.49586344668220034,False,слабее нормы,пик 36% нормы; амплитуда 0.06; суммарная вегетация 54% нормы,True
AOI-0044,2010,0.4406102565267458,False,слабее нормы,пик сдвинут на +40 дн.; амплитуда 0.29; спад сдвинут на +26 дн.,False
AOI-0044,2011,0.5049461002174354,False,слабее нормы,старт роста сдвинут на +59 дн.; пик сдвинут на +40 дн.; спад сдвинут на +34 дн.,False
AOI-0044,2012,0.5090789802731881,False,слабее нормы,старт роста сдвинут на +51 дн.; суммарная вегетация 51% нормы; средний Z -0.6,True
AOI-0044,2013,0.4971700475581201,False,сильнее нормы,средний Z +1.5; старт роста сдвинут на +35 дн.; пик сдвинут на +39 дн.,False
AOI-0044,2014,0.4617587014779128,False,слабее нормы,амплитуда 0.17; пик 61% нормы; суммарная вегетация 67% нормы,True
AOI-0044,2015,0.44441353461631905,False,сильнее нормы,пик 173% нормы; суммарная вегетация 134% нормы; амплитуда 0.69,False
AOI-0044,2016,0.4370740547835622,False,сильнее нормы,суммарная вегетация 137% нормы; пик 163% нормы; средний Z +0.7,False
AOI-0044,2017,0.4701769828551195,False,слабее нормы,пик 48% нормы; суммарная вегетация 56% нормы; амплитуда 0.11,False
AOI-0044,2018,0.44937036325546187,False,сильнее нормы,пик 170% нормы; суммарная вегетация 132% нормы; амплитуда 0.70,False
AOI-0044,2019,0.3834634263630362,False,сильнее нормы,дней ниже нормы 1%; старт роста сдвинут на +13 дн.; пик 132% нормы,False
AOI-0044,2020,0.5224787990351452,False,слабее нормы,дней ниже нормы 54%; пик 43% нормы; суммарная вегетация 52% нормы,True
AOI-0044,2021,0.4020947297485161,False,сильнее нормы,пик 143% нормы; суммарная вегетация 115% нормы; дней ниже нормы 0%,False
AOI-0044,2022,0.39769468782088413,False,сильнее нормы,суммарная вегетация 122% нормы; пик 147% нормы; дней ниже нормы 0%,False
AOI-0044,2023,0.46152586660195977,False,слабее нормы,пик 46% нормы; амплитуда 0.10; суммарная вегетация 61% нормы,True
AOI-0044,2024,0.4804526827369989,False,сильнее нормы,пик 173% нормы; суммарная вегетация 130% нормы; амплитуда 0.71,False
AOI-0044,2025,0.5100545976396215,False,слабее нормы,пик 37% нормы; амплитуда 0.05; суммарная вегетация 54% нормы,True
AOI-0045,2010,0.5316622325802557,False,сильнее нормы,старт роста сдвинут на +51 дн.; средний Z +1.7; пик сдвинут на +49 дн.,False
AOI-0045,2011,0.462489668556846,False,слабее нормы,пик 48% нормы; суммарная вегетация 56% нормы; амплитуда 0.13,False
AOI-0045,2012,0.43146211669038714,False,слабее нормы,дней ниже нормы 39%; пик 145% нормы; средний Z -0.5,True
AOI-0045,2013,0.3851174752197352,False,слабее нормы,дней ниже нормы 0%; старт роста сдвинут на +14 дн.; средний Z +0.3,False
AOI-0045,2014,0.46597805565501915,False,слабее нормы,пик 49% нормы; амплитуда 0.12; суммарная вегетация 58% нормы,False
AOI-0045,2015,0.46801111098311454,False,сильнее нормы,суммарная вегетация 135% нормы; пик 171% нормы; средний Z +1.0,False
AOI-0045,2016,0.47746972500387136,False,слабее нормы,пик 49% нормы; амплитуда 0.10; суммарная вегетация 75% нормы,False
AOI-0045,2017,0.5055492806373504,False,сильнее нормы,суммарная вегетация 149% нормы; пик 184% нормы; амплитуда 0.71,False
AOI-0045,2018,0.3747081820969646,False,сильнее нормы,дней ниже нормы 0%; пик 138% нормы; средний Z +0.2,False
AOI-0045,2019,0.46662539379485596,False,слабее нормы,пик 46% нормы; амплитуда 0.09; суммарная вегетация 67% нормы,False
AOI-0045,2020,0.5122367390814095,False,слабее нормы,пик 175% нормы; суммарная вегетация 134% нормы; дней ниже нормы 40%,True
AOI-0045,2021,0.5057270441194217,False,слабее нормы,пик 45% нормы; амплитуда 0.09; суммарная вегетация 55% нормы,False
AOI-0045,2022,0.5478772930198673,True,сильнее нормы,суммарная вегетация 166% нормы; пик 189% нормы; средний Z +1.4,False
AOI-0045,2023,0.47141288027444983,False,слабее нормы,амплитуда 0.10; пик 49% нормы; суммарная вегетация 64% нормы,False
AOI-0045,2024,0.45224303288868495,False,сильнее нормы,пик 180% нормы; суммарная вегетация 131% нормы; амплитуда 0.70,False
AOI-0045,2025,0.5017170633239155,False,слабее нормы,пик 38% нормы; амплитуда 0.05; суммарная вегетация 58% нормы,False
AOI-0046,2010,0.6038399039420703,True,слабее нормы,пик сдвинут на +93 дн.; спад сдвинут на +86 дн.; старт роста сдвинут на +41 дн.,True
AOI-0046,2011,0.45641670929768785,False,слабее нормы,суммарная вегетация 57% нормы; пик 59% нормы; амплитуда 0.21,False
AOI-0046,2012,0.41808627772161705,False,сильнее нормы,старт роста сдвинут на +31 дн.; средний Z +0.8; суммарная вегетация 111% нормы,False
AOI-0046,2013,0.42178037025057136,False,слабее нормы,старт роста сдвинут на +34 дн.; амплитуда 0.34; дней ниже нормы 0%,False
AOI-0046,2014,0.3871598733973644,False,слабее нормы,пик 135% нормы; амплитуда 0.60; средний Z -0.2,True
AOI-0046,2015,0.512983921932441,False,слабее нормы,суммарная вегетация 57% нормы; пик 65% нормы; амплитуда 0.22,True
AOI-0046,2016,0.3984585018215448,False,сильнее нормы,суммарная вегетация 124% нормы; пик 147% нормы; дней ниже нормы 0%,False
AOI-0046,2017,0.38655499109110575,False,сильнее нормы,пик 141% нормы; дней ниже нормы 0%; амплитуда 0.61,False
AOI-0046,2018,0.5589907344850074,True,слабее нормы,суммарная вегетация 42% нормы; пик 32% нормы; амплитуда 0.06,True
AOI-0046,2019,0.3853806053906113,False,сильнее нормы,пик 139% нормы; дней ниже нормы 0%; старт роста сдвинут на +14 дн.,False
AOI-0046,2020,0.4590116883908088,False,слабее нормы,дней ниже нормы 36%; пик 155% нормы; амплитуда 0.72,True
AOI-0046,2021,0.5100963604052569,False,сильнее нормы,средний Z +1.5; суммарная вегетация 145% нормы; пик 145% нормы,False
AOI-0046,2022,0.4757419743775438,False,слабее нормы,пик 44% нормы; амплитуда 0.10; суммарная вегетация 56% нормы,True
AOI-0046,2023,0.4224541093336022,False,сильнее нормы,суммарная вегетация 126% нормы; пик 159% нормы; амплитуда 0.69,False
AOI-0046,2024,0.4400990487682473,False,слабее нормы,пик 161% нормы; амплитуда 0.72; суммарная вегетация 117% нормы,False
AOI-0046,2025,0.4721473308906776,False,слабее нормы,старт роста сдвинут на +53 дн.; спад сдвинут на +49 дн.; пик сдвинут на +37 дн.,True
AOI-0047,2010,0.5139439534382911,False,сильнее нормы,старт роста сдвинут на +51 дн.; средний Z +1.2; спад сдвинут на +44 дн.,False
AOI-0047,2011,0.41224408200849083,False,слабее нормы,старт роста сдвинут на +24 дн.; суммарная вегетация 84% нормы; дней ниже нормы 2%,False
AOI-0047,2012,0.44409594694345755,False,слабее нормы,старт роста сдвинут на +29 дн.; пик сдвинут на +25 дн.; спад сдвинут на +22 дн.,False
AOI-0047,2013,0.5361984601101469,False,слабее нормы,амплитуда 0.14; пик 56% нормы; старт роста сдвинут на +34 дн.,True
AOI-0047,2014,0.39475463546364686,False,слабее нормы,пик 145% нормы; амплитуда 0.64; дней ниже нормы 5%,False
AOI-0047,2015,0.3821035435186358,False,слабее нормы,дней ниже нормы 0%; старт роста сдвинут на +12 дн.; пик 129% нормы,False
AOI-0047,2016,0.5023671244395246,False,сильнее нормы,старт роста сдвинут на +40 дн.; средний Z +1.1; суммарная вегетация 131% нормы,False
AOI-0047,2017,0.5283279901172333,False,слабее нормы,спад сдвинут на +84 дн.; пик сдвинут на +60 дн.; старт роста сдвинут на +22 дн.,False
AOI-0047,2018,0.5975936276721022,True,слабее нормы,суммарная вегетация 50% нормы; пик сдвинут на +58 дн.; пик 49% нормы,True
AOI-0047,2019,0.4799449621259176,False,сильнее нормы,суммарная вегетация 148% нормы; пик 171% нормы; средний Z +0.8,False
AOI-0047,2020,0.4963806767456659,False,слабее нормы,суммарная вегетация 51% нормы; пик 44% нормы; амплитуда 0.10,True
AOI-0047,2021,0.550090158017645,True,сильнее нормы,средний Z +2.0; суммарная вегетация 157% нормы; пик 165% нормы,False
AOI-0047,2022,0.5057297061900908,False,слабее нормы,спад сдвинут на +48 дн.; суммарная вегетация 64% нормы; пик сдвинут на +36 дн.,True
AOI-0047,2023,0.4545994414785626,False,сильнее нормы,суммарная вегетация 134% нормы; пик 172% нормы; амплитуда 0.72,False
AOI-0047,2024,0.5244531973457999,False,слабее нормы,амплитуда 0.11; пик 50% нормы; спад сдвинут на +56 дн.,True
AOI-0047,2025,0.4405875820897304,False,сильнее нормы,пик 160% нормы; пик сдвинут на -33 дн.; амплитуда 0.68,False
AOI-0048,2010,0.4101354461247996,False,слабее нормы,старт роста сдвинут на +26 дн.; пик сдвинут на +21 дн.; амплитуда 0.62,True
AOI-0048,2011,0.3755975631684859,False,слабее нормы,дней ниже нормы 0%; пик 136% нормы; амплитуда 0.61,False
AOI-0048,2012,0.5392962677083456,True,слабее нормы,дней ниже нормы 60%; суммарная вегетация 51% нормы; пик 57% нормы,True
AOI-0048,2013,0.40023864148647015,False,сильнее нормы,суммарная вегетация 119% нормы; средний Z +0.5; пик 139% нормы,False
AOI-0048,2014,0.41633939900927847,False,слабее нормы,пик сдвинут на +38 дн.; спад сдвинут на +31 дн.; старт роста сдвинут на +21 дн.,True
AOI-0048,2015,0.37846640934945275,False,сильнее нормы,суммарная вегетация 113% нормы; дней ниже нормы 0%; средний Z +0.4,False
AOI-0048,2016,0.4715184915933477,False,слабее нормы,пик 55% нормы; суммарная вегетация 63% нормы; амплитуда 0.18,False
AOI-0048,2017,0.3969417342743279,False,сильнее нормы,суммарная вегетация 119% нормы; дней ниже нормы 0%; пик 138% нормы,False
AOI-0048,2018,0.474399717955719,False,слабее нормы,старт роста сдвинут на +31 дн.; суммарная вегетация 71% нормы; пик 76% нормы,True
AOI-0048,2019,0.38584713467372345,False,сильнее нормы,суммарная вегетация 117% нормы; средний Z +0.5; дней ниже нормы 0%,False
AOI-0048,2020,0.4388797569755041,False,слабее нормы,дней ниже нормы 45%; средний Z -0.5; амплитуда 0.64,True
AOI-0048,2021,0.5204219974440025,False,сильнее нормы,средний Z +2.2; суммарная вегетация 144% нормы; дней ниже нормы 0%,False
AOI-0048,2022,0.4385775245397112,False,слабее нормы,суммарная вегетация 75% нормы; пик 83% нормы; амплитуда 0.32,True
AOI-0048,2023,0.42374012037237485,False,сильнее нормы,суммарная вегетация 133% нормы; пик 149% нормы; средний Z +0.6,False
AOI-0048,2024,0.6194582504020991,True,слабее нормы,старт роста сдвинут на +88 дн.; пик сдвинут на +87 дн.; спад сдвинут на +72 дн.,True
AOI-0048,2025,0.4163958182238132,False,слабее нормы,пик сдвинут на -21 дн.; средний Z -0.4; амплитуда 0.62,False
AOI-0049,2010,0.4532962231939766,False,слабее нормы,старт роста сдвинут на +33 дн.; дней ниже нормы 39%; пик сдвинут на +38 дн.,True
AOI-0049,2011,0.40419159564747775,False,слабее нормы,спад сдвинут на -41 дн.; амплитуда 0.66; дней ниже нормы 0%,False
AOI-0049,2012,0.4907614498010872,False,сильнее нормы,старт роста сдвинут на +61 дн.; пик сдвинут на +38 дн.; средний Z +0.6,False
AOI-0049,2013,0.46212818996452687,False,слабее нормы,старт роста сдвинут на +50 дн.; пик сдвинут на +41 дн.; дней ниже нормы 30%,True
AOI-0049,2014,0.43703323335379496,False,слабее нормы,спад сдвинут на -57 дн.; пик сдвинут на -30 дн.; амплитуда 0.65,True
AOI-0049,2015,0.4785988280465573,False,слабее нормы,пик сдвинут на +46 дн.; дней ниже нормы 39%; старт роста сдвинут на +22 дн.,True
AOI-0049,2016,0.4061627405077369,False,слабее нормы,спад сдвинут на -42 дн.; амплитуда 0.65; дней ниже нормы 0%,False
AOI-0049,2017,0.40249185440167035,False,сильнее нормы,пик сдвинут на +23 дн.; амплитуда 0.66; спад сдвинут на +19 дн.,True
AOI-0049,2018,0.47349758895776306,False,слабее нормы,дней ниже нормы 53%; спад сдвинут на -54 дн.; амплитуда 0.70,True
AOI-0049,2019,0.4353007739818866,False,слабее нормы,старт роста сдвинут на +44 дн.; спад сдвинут на +24 дн.; пик сдвинут на +20 дн.,True
AOI-0049,2020,0.4461381040994999,False,слабее нормы,дней ниже нормы 46%; спад сдвинут на -44 дн.; амплитуда 0.69,True
AOI-0049,2021,0.480516181879688,False,сильнее нормы,старт роста сдвинут на +46 дн.; спад сдвинут на +45 дн.; средний Z +1.0,True
AOI-0049,2022,0.4321744946280945,False,сильнее нормы,амплитуда 0.71; спад сдвинут на -40 дн.; пик 142% нормы,False
AOI-0049,2023,0.4151936768437642,False,сильнее нормы,спад сдвинут на -43 дн.; амплитуда 0.66; пик 138% нормы,False
AOI-0049,2024,0.38621990051762894,False,слабее нормы,дней ниже нормы 3%; пик сдвинут на +11 дн.; старт роста сдвинут на +11 дн.,False
AOI-0049,2025,0.4454759360805773,False,слабее нормы,спад сдвинут на -58 дн.; дней ниже нормы 33%; пик сдвинут на -25 дн.,True
AOI-0050,2010,0.39115801483377916,False,слабее нормы,дней ниже нормы 2%; старт роста сдвинут на +13 дн.; спад сдвинут на -19 дн.,False
AOI-0050,2011,0.42274818484660165,False,сильнее нормы,спад сдвинут на +40 дн.; средний Z +0.6; суммарная вегетация 109% нормы,True
AOI-0050,2012,0.39480391534196574,False,сильнее нормы,амплитуда 0.32; дней ниже нормы 3%; спад сдвинут на -18 дн.,True
AOI-0050,2013,0.40874150881155186,False,сильнее нормы,амплитуда 0.26; средний Z +0.8; суммарная вегетация 112% нормы,False
AOI-0050,2014,0.4177453151282098,False,сильнее нормы,пик сдвинут на +30 дн.; спад сдвинут на +21 дн.; дней ниже нормы 0%,False
AOI-0050,2015,0.4139278131078272,False,слабее нормы,дней ниже нормы 36%; средний Z -0.5; старт роста сдвинут на +16 дн.,True
AOI-0050,2016,0.424404555153953,False,слабее нормы,старт роста сдвинут на +24 дн.; амплитуда 0.30; суммарная вегетация 84% нормы,True
AOI-0050,2017,0.3996314683519951,False,слабее нормы,пик сдвинут на +20 дн.; средний Z -0.5; амплитуда 0.37,True
AOI-0050,2018,0.43198999987186737,False,слабее нормы,средний Z -0.7; амплитуда 0.30; пик 89% нормы,True
AOI-0050,2019,0.3930060386006373,False,сильнее нормы,средний Z +0.7; суммарная вегетация 114% нормы; пик 140% нормы,False
AOI-0050,2020,0.42466907684620525,False,слабее нормы,старт роста сдвинут на -16 дн.; дней ниже нормы 21%; средний Z -0.2,True
AOI-0050,2021,0.4291129587371528,False,сильнее нормы,средний Z +1.1; амплитуда 0.34; суммарная вегетация 113% нормы,False
AOI-0050,2022,0.5600532021565846,True,сильнее нормы,средний Z +1.5; пик сдвинут на +59 дн.; спад сдвинут на +50 дн.,True
AOI-0050,2023,0.48158785764280043,False,слабее нормы,спад сдвинут на -66 дн.; пик сдвинут на -36 дн.; старт роста сдвинут на -11 дн.,True
AOI-0050,2024,0.5292315227031907,False,слабее нормы,дней ниже нормы 48%; амплитуда 0.15; средний Z -1.1,True
AOI-0050,2025,0.5633029468020614,True,слабее нормы,спад сдвинут на -87 дн.; дней ниже нормы 58%; средний Z -1.2,True
AOI-0051,2010,0.39688323232962497,False,слабее нормы,пик сдвинут на +19 дн.; средний Z -0.3; амплитуда 0.42,False
AOI-0051,2011,0.5015593663851486,False,сильнее нормы,спад сдвинут на +81 дн.; пик сдвинут на +46 дн.; старт роста сдвинут на +29 дн.,True
AOI-0051,2012,0.3980402941859117,False,слабее нормы,пик сдвинут на +21 дн.; спад сдвинут на +18 дн.; пик 96% нормы,False
AOI-0051,2013,0.40508792673271155,False,сильнее нормы,спад сдвинут на -36 дн.; амплитуда 0.40; средний Z +0.3,True
AOI-0051,2014,0.38396920868621004,False,сильнее нормы,спад сдвинут на -26 дн.; дней ниже нормы 3%; пик сдвинут на -13 дн.,False
AOI-0051,2015,0.400798734581709,False,слабее нормы,спад сдвинут на +30 дн.; старт роста сдвинут на +21 дн.; пик сдвинут на +22 дн.,True
AOI-0051,2016,0.396697563008379,False,слабее нормы,пик сдвинут на -25 дн.; дней ниже нормы 0%; суммарная вегетация 88% нормы,False
AOI-0051,2017,0.5184355562200599,False,слабее нормы,пик сдвинут на +82 дн.; спад сдвинут на +68 дн.; дней ниже нормы 29%,True
AOI-0051,2018,0.4275629772304224,False,слабее нормы,средний Z -0.7; дней ниже нормы 31%; спад сдвинут на -28 дн.,True
AOI-0051,2019,0.4098234615969374,False,слабее нормы,дней ниже нормы 27%; спад сдвинут на -31 дн.; средний Z -0.5,True
AOI-0051,2020,0.3885184208837917,False,слабее нормы,пик сдвинут на +16 дн.; средний Z -0.3; амплитуда 0.58,True
AOI-0051,2021,0.37708337073751247,False,сильнее нормы,дней ниже нормы 0%; пик 133% нормы; спад сдвинут на -18 дн.,False
AOI-0051,2022,0.49210681397318723,False,сильнее нормы,старт роста сдвинут на +42 дн.; спад сдвинут на +62 дн.; пик сдвинут на +47 дн.,True
AOI-0051,2023,0.3888532402567195,False,сильнее нормы,средний Z +0.6; суммарная вегетация 112% нормы; дней ниже нормы 0%,False
AOI-0051,2024,0.44522675648118387,False,слабее нормы,средний Z -0.7; амплитуда 0.29; пик 84% нормы,False
AOI-0051,2025,0.4687943287755539,False,слабее нормы,дней ниже нормы 51%; амплитуда 0.69; спад сдвинут на -33 дн.,True
AOI-0052,2010,0.40967850323286875,False,сильнее нормы,пик сдвинут на +37 дн.; спад сдвинут на +39 дн.; старт роста сдвинут на +13 дн.,False
AOI-0052,2011,0.3783011972845899,False,сильнее нормы,дней ниже нормы 0%; старт роста сдвинут на +13 дн.; средний Z +0.2,False
AOI-0052,2012,0.3977371561744384,False,слабее нормы,пик 91% нормы; амплитуда 0.35; дней ниже нормы 1%,False
AOI-0052,2013,0.43715801030986645,False,сильнее нормы,спад сдвинут на +33 дн.; амплитуда 0.33; пик сдвинут на -24 дн.,False
AOI-0052,2014,0.41395387135508993,False,сильнее нормы,спад сдвинут на -35 дн.; амплитуда 0.66; пик сдвинут на -22 дн.,True
AOI-0052,2015,0.4439827663706701,False,сильнее нормы,пик сдвинут на +56 дн.; спад сдвинут на +42 дн.; дней ниже нормы 4%,False
AOI-0052,2016,0.4384494577145098,False,слабее нормы,амплитуда 0.71; спад сдвинут на -37 дн.; дней ниже нормы 29%,True
AOI-0052,2017,0.41296368436137204,False,сильнее нормы,амплитуда 0.69; суммарная вегетация 117% нормы; пик 146% нормы,False
AOI-0052,2018,0.4794675323095424,False,слабее нормы,старт роста сдвинут на +30 дн.; дней ниже нормы 40%; пик сдвинут на +37 дн.,True
AOI-0052,2019,0.41666009090837863,False,слабее нормы,амплитуда 0.69; спад сдвинут на -33 дн.; пик 142% нормы,True
AOI-0052,2020,0.47073718740381154,False,сильнее нормы,старт роста сдвинут на +40 дн.; спад сдвинут на +41 дн.; средний Z +0.9,True
AOI-0052,2021,0.4110003425032289,False,слабее нормы,амплитуда 0.68; пик 144% нормы; старт роста сдвинут на +18 дн.,False
AOI-0052,2022,0.4084715978936016,False,сильнее нормы,амплитуда 0.68; пик 146% нормы; спад сдвинут на -27 дн.,False
AOI-0052,2023,0.4650899012968798,False,слабее нормы,пик сдвинут на +61 дн.; спад сдвинут на +47 дн.; дней ниже нормы 29%,True
AOI-0052,2024,0.47491726985814686,False,слабее нормы,дней ниже нормы 56%; амплитуда 0.70; спад сдвинут на -34 дн.,True
AOI-0052,2025,0.5210827046077061,False,слабее нормы,старт роста сдвинут на +50 дн.; дней ниже нормы 46%; пик сдвинут на +38 дн.,True
AOI-0053,2010,0.41110739577613875,False,слабее нормы,пик сдвинут на +38 дн.; старт роста сдвинут на +28 дн.; дней ниже нормы 21%,True
AOI-0053,2011,0.4320841414585882,False,слабее нормы,старт роста сдвинут на +33 дн.; пик сдвинут на +39 дн.; дней ниже нормы 31%,True
AOI-0053,2012,0.40282389242820454,False,слабее нормы,пик сдвинут на +36 дн.; старт роста сдвинут на +14 дн.; амплитуда 0.41,False
AOI-0053,2013,0.40722590808110704,False,слабее нормы,пик сдвинут на +25 дн.; амплитуда 0.33; пик 90% нормы,False
AOI-0053,2014,0.41062896063582216,False,сильнее нормы,пик сдвинут на +39 дн.; средний Z +0.4; дней ниже нормы 1%,False
AOI-0053,2015,0.3814234093625326,False,слабее нормы,пик сдвинут на +11 дн.; спад сдвинут на +7 дн.; дней ниже нормы 19%,False
AOI-0053,2016,0.38259442638026064,False,сильнее нормы,пик сдвинут на +18 дн.; дней ниже нормы 0%; амплитуда 0.41,False
AOI-0053,2017,0.4093315658496498,False,сильнее нормы,дней ниже нормы 34%; спад сдвинут на -21 дн.; пик сдвинут на +11 дн.,False
AOI-0053,2018,0.4089169442894565,False,слабее нормы,спад сдвинут на -47 дн.; дней ниже нормы 25%; средний Z -0.4,True
AOI-0053,2019,0.3722722646180014,False,слабее нормы,пик сдвинут на +9 дн.; дней ниже нормы 7%; амплитуда 0.44,True
AOI-0053,2020,0.45361311205279037,False,слабее нормы,дней ниже нормы 45%; средний Z -0.9; суммарная вегетация 80% нормы,False
AOI-0053,2021,0.4179891432115024,False,сильнее нормы,средний Z +0.9; старт роста сдвинут на +20 дн.; спад сдвинут на -31 дн.,False
AOI-0053,2022,0.3871105921335387,False,сильнее нормы,пик сдвинут на -21 дн.; дней ниже нормы 0%; спад сдвинут на +15 дн.,False
AOI-0053,2023,0.4447458083055878,False,сильнее нормы,спад сдвинут на -45 дн.; дней ниже нормы 32%; пик 149% нормы,True
AOI-0053,2024,0.4379125053947992,False,слабее нормы,пик сдвинут на +39 дн.; спад сдвинут на +26 дн.; пик 89% нормы,True
AOI-0053,2025,0.5284291614542211,False,слабее нормы,дней ниже нормы 53%; спад сдвинут на -69 дн.; пик сдвинут на -38 дн.,True
AOI-0054,2010,0.4363130317436692,False,слабее нормы,средний Z -1.0; дней ниже нормы 40%; пик 99% нормы,True
AOI-0054,2011,0.4577698291136201,False,слабее нормы,средний Z -1.1; дней ниже нормы 39%; старт роста сдвинут на +20 дн.,True
AOI-0054,2012,0.4532248937190862,False,слабее нормы,спад сдвинут на -50 дн.; амплитуда 0.25; средний Z -0.6,True
AOI-0054,2013,0.42368585029515143,False,слабее нормы,амплитуда 0.19; спад сдвинут на -29 дн.; пик 95% нормы,True
AOI-0054,2014,0.42019219774243577,False,слабее нормы,амплитуда 0.30; пик сдвинут на -23 дн.; средний Z -0.4,True
AOI-0054,2015,0.3976719528117424,False,слабее нормы,амплитуда 0.32; средний Z -0.6; пик 100% нормы,True
AOI-0054,2016,0.40059728862472344,False,сильнее нормы,амплитуда 0.29; средний Z +0.5; дней ниже нормы 2%,False
AOI-0054,2017,0.4256502982728611,False,слабее нормы,спад сдвинут на -54 дн.; амплитуда 0.32; дней ниже нормы 23%,True
AOI-0054,2018,0.4138731504245559,False,слабее нормы,амплитуда 0.32; средний Z -0.5; дней ниже нормы 25%,True
AOI-0054,2019,0.3916320231429622,False,сильнее нормы,средний Z +0.6; амплитуда 0.35; пик 105% нормы,False
AOI-0054,2020,0.3906805975778109,False,слабее нормы,амплитуда 0.31; спад сдвинут на +16 дн.; пик 101% нормы,True
AOI-0054,2021,0.3828304446374081,False,сильнее нормы,средний Z +0.5; амплитуда 0.38; пик 105% нормы,False
AOI-0054,2022,0.4245075320142923,False,сильнее нормы,средний Z +0.8; амплитуда 0.30; спад сдвинут на -31 дн.,False
AOI-0054,2023,0.43728329897551654,False,сильнее нормы,амплитуда 0.23; средний Z +0.8; дней ниже нормы 0%,False
AOI-0054,2024,0.43369503859936215,False,сильнее нормы,средний Z +0.8; амплитуда 0.27; дней ниже нормы 1%,False
AOI-0054,2025,0.44655126503430187,False,сильнее нормы,амплитуда 0.18; спад сдвинут на -50 дн.; пик 95% нормы,False
AOI-0055,2010,0.4653606616438615,False,слабее нормы,дней ниже нормы 40%; средний Z -0.9; амплитуда 0.27,True
AOI-0055,2011,0.4255049492407682,False,слабее нормы,спад сдвинут на +35 дн.; амплитуда 0.32; средний Z -0.5,True
AOI-0055,2012,0.45058931965326815,False,слабее нормы,спад сдвинут на +50 дн.; амплитуда 0.27; пик сдвинут на -14 дн.,True
AOI-0055,2013,0.45335477039867544,False,слабее нормы,амплитуда 0.18; спад сдвинут на +46 дн.; пик 96% нормы,False
AOI-0055,2014,0.44277657474234294,False,слабее нормы,старт роста сдвинут на -16 дн.; амплитуда 0.29; средний Z -0.3,False
AOI-0055,2015,0.454075824975053,False,слабее нормы,старт роста сдвинут на -18 дн.; амплитуда 0.31; пик сдвинут на +23 дн.,True
AOI-0055,2016,0.4799182022720567,False,сильнее нормы,средний Z +1.5; амплитуда 0.23; пик сдвинут на +26 дн.,False
AOI-0055,2017,0.4178854059048836,False,слабее нормы,амплитуда 0.31; дней ниже нормы 26%; старт роста сдвинут на -7 дн.,True
AOI-0055,2018,0.4211897482885632,False,слабее нормы,амплитуда 0.20; пик сдвинут на -22 дн.; пик 94% нормы,False
AOI-0055,2019,0.4123000383310459,False,сильнее нормы,амплитуда 0.22; дней ниже нормы 0%; пик сдвинут на -17 дн.,False
AOI-0055,2020,0.42632913446748166,False,слабее нормы,амплитуда 0.22; пик сдвинут на -22 дн.; дней ниже нормы 0%,False
AOI-0055,2021,0.4617918867813241,False,сильнее нормы,амплитуда 0.19; средний Z +1.0; спад сдвинут на +35 дн.,False
AOI-0055,2022,0.44544079764196004,False,сильнее нормы,амплитуда 0.21; пик сдвинут на +38 дн.; средний Z +0.8,False
AOI-0055,2023,0.46594658522090804,False,сильнее нормы,старт роста сдвинут на -20 дн.; амплитуда 0.25; средний Z +0.6,False
AOI-0055,2024,0.5575804535715309,True,слабее нормы,пик сдвинут на -57 дн.; старт роста сдвинут на -21 дн.; амплитуда 0.21,True
AOI-0055,2025,0.5172520948350534,False,слабее нормы,амплитуда 0.15; дней ниже нормы 42%; старт роста сдвинут на -16 дн.,True
AOI-0056,2010,0.39863541384098977,False,слабее нормы,средний Z -0.6; суммарная вегетация 84% нормы; спад сдвинут на -23 дн.,False
AOI-0056,2011,0.4509050981799821,False,слабее нормы,старт роста сдвинут на +36 дн.; пик сдвинут на +42 дн.; спад сдвинут на +44 дн.,True
AOI-0056,2012,0.4158555505676984,False,слабее нормы,старт роста сдвинут на +19 дн.; суммарная вегетация 81% нормы; пик 92% нормы,False
AOI-0056,2013,0.39649640520143775,False,слабее нормы,амплитуда 0.35; спад сдвинут на -27 дн.; пик 96% нормы,True
AOI-0056,2014,0.39926606698726846,False,сильнее нормы,спад сдвинут на +37 дн.; дней ниже нормы 0%; пик 99% нормы,False
AOI-0056,2015,0.38151222173089366,False,слабее нормы,дней ниже нормы 0%; пик сдвинут на +14 дн.; спад сдвинут на -17 дн.,False
AOI-0056,2016,0.41587111801855625,False,сильнее нормы,средний Z +0.8; спад сдвинут на +32 дн.; старт роста сдвинут на +19 дн.,False
AOI-0056,2017,0.4431450100041339,False,сильнее нормы,дней ниже нормы 48%; амплитуда 0.70; пик 136% нормы,True
AOI-0056,2018,0.44118991786625394,False,сильнее нормы,пик сдвинут на +37 дн.; старт роста сдвинут на +25 дн.; спад сдвинут на +33 дн.,True
AOI-0056,2019,0.39176596797810054,False,слабее нормы,спад сдвинут на -28 дн.; дней ниже нормы 24%; амплитуда 0.62,True
AOI-0056,2020,0.39612937955284133,False,слабее нормы,спад сдвинут на +21 дн.; пик сдвинут на +11 дн.; средний Z -0.3,True
AOI-0056,2021,0.4111401430041907,False,сильнее нормы,спад сдвинут на +31 дн.; пик сдвинут на +21 дн.; средний Z +0.5,True
AOI-0056,2022,0.39074663673487225,False,сильнее нормы,амплитуда 0.62; спад сдвинут на -24 дн.; пик 133% нормы,True
AOI-0056,2023,0.4036486097859965,False,слабее нормы,спад сдвинут на +33 дн.; пик сдвинут на +24 дн.; дней ниже нормы 2%,False
AOI-0056,2024,0.41841998001583297,False,слабее нормы,пик сдвинут на -27 дн.; средний Z -0.6; пик 91% нормы,True
AOI-0056,2025,0.459618335468255,False,слабее нормы,дней ниже нормы 50%; пик сдвинут на -34 дн.; средний Z -0.6,True
AOI-0057,2010,0.4349561190932345,False,слабее нормы,спад сдвинут на +46 дн.; старт роста сдвинут на +26 дн.; пик сдвинут на +34 дн.,True
AOI-0057,2011,0.5064108703494363,False,сильнее нормы,спад сдвинут на +82 дн.; пик сдвинут на +55 дн.; амплитуда 0.68,False
AOI-0057,2012,0.4354651204852736,False,сильнее нормы,старт роста сдвинут на +27 дн.; спад сдвинут на +34 дн.; пик сдвинут на +29 дн.,True
AOI-0057,2013,0.4010611428380162,False,слабее нормы,спад сдвинут на -30 дн.; суммарная вегетация 83% нормы; амплитуда 0.60,True
AOI-0057,2014,0.3938064407969106,False,слабее нормы,дней ниже нормы 0%; суммарная вегетация 86% нормы; средний Z -0.3,False
AOI-0057,2015,0.3963356399943878,False,сильнее нормы,амплитуда 0.72; дней ниже нормы 0%; пик 129% нормы,False
AOI-0057,2016,0.39154479198950337,False,сильнее нормы,амплитуда 0.69; суммарная вегетация 115% нормы; дней ниже нормы 0%,False
AOI-0057,2017,0.5084023233766216,False,сильнее нормы,спад сдвинут на +59 дн.; пик сдвинут на +53 дн.; средний Z +1.0,True
AOI-0057,2018,0.4035284146334953,False,слабее нормы,амплитуда 0.69; спад сдвинут на -26 дн.; средний Z -0.4,True
AOI-0057,2019,0.4325173338099241,False,слабее нормы,старт роста сдвинут на +23 дн.; спад сдвинут на +26 дн.; амплитуда 0.68,True
AOI-0057,2020,0.5418032380518812,True,слабее нормы,дней ниже нормы 62%; средний Z -1.0; старт роста сдвинут на +30 дн.,True
AOI-0057,2021,0.4146142581889931,False,сильнее нормы,средний Z +1.1; суммарная вегетация 119% нормы; амплитуда 0.65,False
AOI-0057,2022,0.44627732809813353,False,слабее нормы,суммарная вегетация 69% нормы; средний Z -0.6; спад сдвинут на -36 дн.,True
AOI-0057,2023,0.3992408300421423,False,сильнее нормы,суммарная вегетация 121% нормы; средний Z +0.5; амплитуда 0.64,False
AOI-0057,2024,0.38987385030901706,False,слабее нормы,дней ниже нормы 0%; пик сдвинут на +16 дн.; спад сдвинут на +15 дн.,False
AOI-0057,2025,0.4618189669185018,False,слабее нормы,дней ниже нормы 38%; спад сдвинут на -42 дн.; средний Z -0.7,True
AOI-0058,2010,0.44524358953446197,False,слабее нормы,старт роста сдвинут на +38 дн.; пик сдвинут на +34 дн.; спад сдвинут на +34 дн.,True
AOI-0058,2011,0.3906138661098573,False,слабее нормы,дней ниже нормы 0%; пик 96% нормы; спад сдвинут на +14 дн.,False
AOI-0058,2012,0.4324567404243912,False,слабее нормы,амплитуда 0.27; пик 85% нормы; спад сдвинут на +21 дн.,False
AOI-0058,2013,0.4550189374166465,False,слабее нормы,дней ниже нормы 41%; спад сдвинут на +34 дн.; пик сдвинут на +29 дн.,True
AOI-0058,2014,0.41118550341279,False,слабее нормы,пик сдвинут на -32 дн.; дней ниже нормы 31%; средний Z -0.4,True
AOI-0058,2015,0.448697416250489,False,сильнее нормы,старт роста сдвинут на +39 дн.; спад сдвинут на +44 дн.; средний Z +0.7,True
AOI-0058,2016,0.4098338707957426,False,сильнее нормы,средний Z +1.1; суммарная вегетация 126% нормы; дней ниже нормы 0%,False
AOI-0058,2017,0.430713699328897,False,слабее нормы,дней ниже нормы 48%; пик сдвинут на -27 дн.; амплитуда 0.68,True
AOI-0058,2018,0.38816574377421376,False,сильнее нормы,амплитуда 0.36; дней ниже нормы 0%; суммарная вегетация 107% нормы,False
AOI-0058,2019,0.4655471330870381,False,слабее нормы,дней ниже нормы 58%; амплитуда 0.71; средний Z -0.5,True
AOI-0058,2020,0.41817057205589747,False,слабее нормы,пик 85% нормы; амплитуда 0.31; дней ниже нормы 0%,False
AOI-0058,2021,0.3968572948623252,False,сильнее нормы,амплитуда 0.32; средний Z +0.5; дней ниже нормы 0%,False
AOI-0058,2022,0.40286159280494954,False,слабее нормы,дней ниже нормы 31%; амплитуда 0.68; пик сдвинут на -14 дн.,True
AOI-0058,2023,0.4932100542939114,False,сильнее нормы,средний Z +1.3; пик сдвинут на +47 дн.; старт роста сдвинут на +33 дн.,False
AOI-0058,2024,0.40748394756608164,False,слабее нормы,пик сдвинут на -29 дн.; средний Z -0.5; спад сдвинут на -30 дн.,True
AOI-0058,2025,0.5026497760677799,False,слабее нормы,дней ниже нормы 54%; средний Z -1.0; суммарная вегетация 73% нормы,True
AOI-0059,2010,0.42365876020392906,False,слабее нормы,старт роста сдвинут на +37 дн.; спад сдвинут на +29 дн.; пик сдвинут на +27 дн.,True
AOI-0059,2011,0.48783325970275565,False,сильнее нормы,средний Z +1.5; суммарная вегетация 139% нормы; спад сдвинут на +26 дн.,False
AOI-0059,2012,0.38387608015582936,False,сильнее нормы,амплитуда 0.65; дней ниже нормы 0%; пик сдвинут на -16 дн.,False
AOI-0059,2013,0.41346703409042423,False,слабее нормы,пик сдвинут на -29 дн.; амплитуда 0.69; спад сдвинут на -26 дн.,True
AOI-0059,2014,0.4150323587883832,False,слабее нормы,пик сдвинут на -28 дн.; амплитуда 0.66; спад сдвинут на -30 дн.,True
AOI-0059,2015,0.477259213917446,False,сильнее нормы,спад сдвинут на +82 дн.; средний Z +0.8; старт роста сдвинут на +20 дн.,False
AOI-0059,2016,0.3909720448355495,False,слабее нормы,амплитуда 0.67; пик сдвинут на -22 дн.; дней ниже нормы 0%,False
AOI-0059,2017,0.4052719091879147,False,слабее нормы,амплитуда 0.72; пик 131% нормы; пик сдвинут на +10 дн.,False
AOI-0059,2018,0.5025577497516438,False,слабее нормы,старт роста сдвинут на +38 дн.; пик сдвинут на +40 дн.; суммарная вегетация 68% нормы,True
AOI-0059,2019,0.3954607401833156,False,слабее нормы,амплитуда 0.67; средний Z -0.4; суммарная вегетация 87% нормы,True
AOI-0059,2020,0.509462184770727,False,сильнее нормы,спад сдвинут на +86 дн.; старт роста сдвинут на +46 дн.; пик сдвинут на +40 дн.,True
AOI-0059,2021,0.3955132506711489,False,сильнее нормы,суммарная вегетация 121% нормы; средний Z +0.5; амплитуда 0.65,False
AOI-0059,2022,0.5315556189857434,False,сильнее нормы,пик сдвинут на +67 дн.; старт роста сдвинут на +44 дн.; спад сдвинут на +67 дн.,True
AOI-0059,2023,0.3978905184278745,False,сильнее нормы,амплитуда 0.69; дней ниже нормы 0%; старт роста сдвинут на -4 дн.,False
AOI-0059,2024,0.48194962608099945,False,слабее нормы,суммарная вегетация 61% нормы; средний Z -0.9; пик сдвинут на +35 дн.,True
AOI-0059,2025,0.47715819943625565,False,слабее нормы,дней ниже нормы 44%; пик сдвинут на -32 дн.; амплитуда 0.72,True
AOI-0060,2010,0.45577805863186016,False,слабее нормы,дней ниже нормы 40%; пик сдвинут на -40 дн.; спад сдвинут на -50 дн.,True
AOI-0060,2011,0.41952774904636114,False,слабее нормы,спад сдвинут на -53 дн.; пик сдвинут на -21 дн.; дней ниже нормы 23%,True
AOI-0060,2012,0.40389432631452904,False,слабее нормы,старт роста сдвинут на +27 дн.; спад сдвинут на -18 дн.; пик сдвинут на +10 дн.,True
AOI-0060,2013,0.4774008853600212,False,слабее нормы,амплитуда 0.21; спад сдвинут на -51 дн.; старт роста сдвинут на +20 дн.,False
AOI-0060,2014,0.4485332262431117,False,сильнее нормы,спад сдвинут на -63 дн.; пик сдвинут на -34 дн.; амплитуда 0.36,True
AOI-0060,2015,0.4139324168443135,False,слабее нормы,пик сдвинут на +39 дн.; спад сдвинут на +24 дн.; дней ниже нормы 20%,True
AOI-0060,2016,0.4115280098828484,False,сильнее нормы,старт роста сдвинут на +31 дн.; пик сдвинут на +28 дн.; спад сдвинут на +17 дн.,True
AOI-0060,2017,0.42245817029355787,False,слабее нормы,пик сдвинут на +42 дн.; спад сдвинут на +38 дн.; дней ниже нормы 26%,True
AOI-0060,2018,0.39557892629634867,False,сильнее нормы,старт роста сдвинут на +20 дн.; дней ниже нормы 3%; амплитуда 0.41,False
AOI-0060,2019,0.4614977682956848,False,слабее нормы,старт роста сдвинут на +45 дн.; пик сдвинут на +37 дн.; дней ниже нормы 35%,True
AOI-0060,2020,0.498075415240493,False,слабее нормы,дней ниже нормы 64%; спад сдвинут на -56 дн.; пик сдвинут на -36 дн.,True
AOI-0060,2021,0.4369678650637451,False,слабее нормы,старт роста сдвинут на +46 дн.; пик сдвинут на +29 дн.; спад сдвинут на +18 дн.,True
AOI-0060,2022,0.4574599597532686,False,слабее нормы,дней ниже нормы 46%; спад сдвинут на -53 дн.; пик сдвинут на -35 дн.,True
AOI-0060,2023,0.4773933029992293,False,сильнее нормы,старт роста сдвинут на +41 дн.; средний Z +0.9; спад сдвинут на -34 дн.,False
AOI-0060,2024,0.38702633841729195,False,сильнее нормы,суммарная вегетация 118% нормы; средний Z +0.6; дней ниже нормы 0%,False
AOI-0060,2025,0.509719863087996,False,слабее нормы,спад сдвинут на -88 дн.; дней ниже нормы 46%; пик сдвинут на -46 дн.,True
AOI-0061,2010,0.4080110629365027,False,слабее нормы,старт роста сдвинут на +30 дн.; пик сдвинут на +20 дн.; суммарная вегетация 88% нормы,False
AOI-0061,2011,0.422464789701868,False,сильнее нормы,средний Z +1.2; суммарная вегетация 114% нормы; спад сдвинут на -29 дн.,False
AOI-0061,2012,0.4174200856921755,False,слабее нормы,спад сдвинут на +40 дн.; старт роста сдвинут на +19 дн.; пик сдвинут на +20 дн.,False
AOI-0061,2013,0.40495652696528,False,слабее нормы,пик сдвинут на -28 дн.; спад сдвинут на -33 дн.; дней ниже нормы 1%,False
AOI-0061,2014,0.4225477695405222,False,слабее нормы,спад сдвинут на -44 дн.; дней ниже нормы 32%; пик сдвинут на -24 дн.,True
AOI-0061,2015,0.4551155684218134,False,сильнее нормы,старт роста сдвинут на +43 дн.; пик сдвинут на +41 дн.; спад сдвинут на +39 дн.,True
AOI-0061,2016,0.39300352708813335,False,слабее нормы,спад сдвинут на -37 дн.; пик сдвинут на -21 дн.; амплитуда 0.60,False
AOI-0061,2017,0.4753687626731226,False,слабее нормы,старт роста сдвинут на +37 дн.; пик сдвинут на +32 дн.; дней ниже нормы 33%,True
AOI-0061,2018,0.4523326688241472,False,слабее нормы,дней ниже нормы 41%; пик сдвинут на -35 дн.; спад сдвинут на -44 дн.,True
AOI-0061,2019,0.46734466903330574,False,сильнее нормы,старт роста сдвинут на +40 дн.; пик сдвинут на +53 дн.; спад сдвинут на +42 дн.,True
AOI-0061,2020,0.4809676303958255,False,слабее нормы,пик сдвинут на -64 дн.; средний Z -0.6; спад сдвинут на -32 дн.,True
AOI-0061,2021,0.42927217692880115,False,сильнее нормы,спад сдвинут на -46 дн.; пик сдвинут на -26 дн.; амплитуда 0.67,True
AOI-0061,2022,0.4454360792055894,False,слабее нормы,старт роста сдвинут на +46 дн.; пик сдвинут на +28 дн.; спад сдвинут на +28 дн.,True
AOI-0061,2023,0.388552085568759,False,слабее нормы,амплитуда 0.64; дней ниже нормы 0%; спад сдвинут на -24 дн.,False
AOI-0061,2024,0.4231382036330058,False,слабее нормы,пик 79% нормы; средний Z -0.6; суммарная вегетация 81% нормы,True
AOI-0061,2025,0.39573644558772125,False,слабее нормы,спад сдвинут на -37 дн.; амплитуда 0.65; пик сдвинут на -11 дн.,True
AOI-0062,2010,0.39992228328199825,False,слабее нормы,амплитуда 0.69; дней ниже нормы 23%; пик сдвинут на -16 дн.,False
AOI-0062,2011,0.4093722168448431,False,сильнее нормы,пик сдвинут на -39 дн.; дней ниже нормы 0%; средний Z +0.2,False
AOI-0062,2012,0.408723835005242,False,слабее нормы,пик сдвинут на -34 дн.; спад сдвинут на -27 дн.; амплитуда 0.61,False
AOI-0062,2013,0.4424611552643677,False,слабее нормы,пик сдвинут на +48 дн.; старт роста сдвинут на +31 дн.; спад сдвинут на +45 дн.,True
AOI-0062,2014,0.42974889742865496,False,сильнее нормы,средний Z +1.0; пик сдвинут на -30 дн.; спад сдвинут на -29 дн.,False
AOI-0062,2015,0.3854722406578015,False,слабее нормы,дней ниже нормы 0%; пик 99% нормы; суммарная вегетация 89% нормы,False
AOI-0062,2016,0.4105987181338599,False,сильнее нормы,амплитуда 0.68; пик сдвинут на -26 дн.; спад сдвинут на -32 дн.,False
AOI-0062,2017,0.44908596249612354,False,сильнее нормы,старт роста сдвинут на +36 дн.; пик сдвинут на +33 дн.; спад сдвинут на +33 дн.,True
AOI-0062,2018,0.4141219738398184,False,слабее нормы,пик сдвинут на -28 дн.; амплитуда 0.67; спад сдвинут на -32 дн.,False
AOI-0062,2019,0.45837186744601505,False,слабее нормы,старт роста сдвинут на +44 дн.; пик сдвинут на +46 дн.; спад сдвинут на +45 дн.,True
AOI-0062,2020,0.4036839880672347,False,слабее нормы,дней ниже нормы 28%; амплитуда 0.65; спад сдвинут на -27 дн.,True
AOI-0062,2021,0.4876189140674902,False,слабее нормы,старт роста сдвинут на +51 дн.; спад сдвинут на +48 дн.; пик сдвинут на +41 дн.,True
AOI-0062,2022,0.41631482662089897,False,сильнее нормы,амплитуда 0.74; пик 138% нормы; спад сдвинут на -26 дн.,False
AOI-0062,2023,0.4620078586434192,False,слабее нормы,старт роста сдвинут на +42 дн.; пик сдвинут на +28 дн.; амплитуда 0.69,True
AOI-0062,2024,0.4751532493334067,False,слабее нормы,дней ниже нормы 43%; амплитуда 0.76; пик сдвинут на -32 дн.,True
AOI-0062,2025,0.45331332756257714,False,слабее нормы,старт роста сдвинут на +45 дн.; пик сдвинут на +32 дн.; суммарная вегетация 83% нормы,True
AOI-0063,2010,0.39912839888066143,False,слабее нормы,пик 91% нормы; средний Z -0.4; суммарная вегетация 86% нормы,True
AOI-0063,2011,0.5047078509908847,False,сильнее нормы,пик сдвинут на +61 дн.; спад сдвинут на +62 дн.; средний Z +1.2,True
AOI-0063,2012,0.4077167162241158,False,слабее нормы,старт роста сдвинут на +19 дн.; спад сдвинут на +20 дн.; дней ниже нормы 0%,False
AOI-0063,2013,0.41343287201554857,False,слабее нормы,спад сдвинут на +40 дн.; пик сдвинут на +25 дн.; старт роста сдвинут на +20 дн.,False
AOI-0063,2014,0.41549115634826755,False,сильнее нормы,средний Z +0.9; амплитуда 0.63; пик сдвинут на -19 дн.,False
AOI-0063,2015,0.41061436915199323,False,слабее нормы,старт роста сдвинут на +26 дн.; спад сдвинут на +32 дн.; пик сдвинут на +23 дн.,True
AOI-0063,2016,0.3791762767456122,False,сильнее нормы,дней ниже нормы 0%; спад сдвинут на -21 дн.; амплитуда 0.58,False
AOI-0063,2017,0.3805706232366381,False,слабее нормы,амплитуда 0.63; спад сдвинут на -21 дн.; пик сдвинут на -8 дн.,False
AOI-0063,2018,0.4321486324235634,False,слабее нормы,спад сдвинут на +31 дн.; дней ниже нормы 32%; пик сдвинут на +24 дн.,True
AOI-0063,2019,0.3961286556224859,False,слабее нормы,пик сдвинут на -30 дн.; амплитуда 0.62; спад сдвинут на -22 дн.,False
AOI-0063,2020,0.5057947670954103,False,слабее нормы,пик сдвинут на +80 дн.; дней ниже нормы 34%; средний Z -0.6,True
AOI-0063,2021,0.39680275566920936,False,слабее нормы,амплитуда 0.69; пик сдвинут на -23 дн.; спад сдвинут на -19 дн.,True
AOI-0063,2022,0.4042190604083601,False,слабее нормы,суммарная вегетация 79% нормы; средний Z -0.5; старт роста сдвинут на +14 дн.,True
AOI-0063,2023,0.3999441125637014,False,сильнее нормы,амплитуда 0.70; пик сдвинут на -21 дн.; дней ниже нормы 0%,False
AOI-0063,2024,0.4607510222537577,False,слабее нормы,дней ниже нормы 45%; амплитуда 0.75; пик сдвинут на -32 дн.,True
AOI-0063,2025,0.40792806552698524,False,слабее нормы,пик сдвинут на +31 дн.; дней ниже нормы 26%; спад сдвинут на +19 дн.,True
AOI-0064,2010,0.42750270401928964,False,слабее нормы,пик сдвинут на +31 дн.; спад сдвинут на +25 дн.; пик 86% нормы,True
AOI-0064,2011,0.37152559203690916,False,сильнее нормы,дней ниже нормы 0%; амплитуда 0.57; средний Z +0.2,False
AOI-0064,2012,0.5378545699023465,True,слабее нормы,старт роста сдвинут на +67 дн.; суммарная вегетация 58% нормы; пик 94% нормы,False
AOI-0064,2013,0.4234522319442802,False,слабее нормы,дней ниже нормы 36%; спад сдвинут на -42 дн.; пик сдвинут на -28 дн.,True
AOI-0064,2014,0.37381684527754677,False,слабее нормы,дней ниже нормы 0%; спад сдвинут на -23 дн.; амплитуда 0.60,False
AOI-0064,2015,0.4664204676874163,False,слабее нормы,старт роста сдвинут на +38 дн.; пик сдвинут на +52 дн.; спад сдвинут на +33 дн.,True
AOI-0064,2016,0.3885906104424968,False,сильнее нормы,спад сдвинут на -29 дн.; амплитуда 0.63; суммарная вегетация 107% нормы,False
AOI-0064,2017,0.4130810384421051,False,слабее нормы,амплитуда 0.70; дней ниже нормы 31%; пик 135% нормы,True
AOI-0064,2018,0.422286034215967,False,слабее нормы,старт роста сдвинут на +35 дн.; пик сдвинут на +28 дн.; амплитуда 0.63,True
AOI-0064,2019,0.4342521493093858,False,сильнее нормы,дней ниже нормы 33%; амплитуда 0.68; средний Z +0.5,False
AOI-0064,2020,0.40940583934994784,False,слабее нормы,пик сдвинут на -32 дн.; средний Z -0.4; спад сдвинут на -26 дн.,True
AOI-0064,2021,0.4516630342704362,False,слабее нормы,пик сдвинут на +45 дн.; спад сдвинут на +44 дн.; дней ниже нормы 35%,True
AOI-0064,2022,0.3714525347425956,False,сильнее нормы,дней ниже нормы 0%; пик сдвинут на +8 дн.; пик 106% нормы,False
AOI-0064,2023,0.4199521258366351,False,сильнее нормы,спад сдвинут на +32 дн.; пик сдвинут на +21 дн.; амплитуда 0.65,True
AOI-0064,2024,0.3824685630430309,False,слабее нормы,дней ниже нормы 0%; спад сдвинут на -24 дн.; амплитуда 0.59,False
AOI-0064,2025,0.3834993611321523,False,слабее нормы,суммарная вегетация 86% нормы; спад сдвинут на -19 дн.; амплитуда 0.56,False
AOI-0065,2010,0.4086874544065425,False,слабее нормы,дней ниже нормы 34%; спад сдвинут на -29 дн.; амплитуда 0.64,True
AOI-0065,2011,0.38080098350787567,False,сильнее нормы,дней ниже нормы 0%; средний Z +0.4; суммарная вегетация 108% нормы,False
AOI-0065,2012,0.46582365273915466,False,слабее нормы,старт роста сдвинут на +35 дн.; средний Z +1.2; спад сдвинут на +45 дн.,False
AOI-0065,2013,0.39953020535874467,False,слабее нормы,пик сдвинут на -31 дн.; спад сдвинут на -27 дн.; амплитуда 0.62,True
AOI-0065,2014,0.42489880197350893,False,слабее нормы,средний Z +0.7; старт роста сдвинут на +20 дн.; спад сдвинут на -31 дн.,False
AOI-0065,2015,0.45464075025012046,False,слабее нормы,старт роста сдвинут на +37 дн.; спад сдвинут на +40 дн.; дней ниже нормы 32%,True
AOI-0065,2016,0.3936686823151969,False,сильнее нормы,пик сдвинут на -20 дн.; дней ниже нормы 0%; средний Z +0.4,False
AOI-0065,2017,0.4858457856718859,False,сильнее нормы,старт роста сдвинут на +40 дн.; спад сдвинут на +50 дн.; пик сдвинут на +38 дн.,True
AOI-0065,2018,0.4105868734180661,False,слабее нормы,пик сдвинут на -35 дн.; амплитуда 0.66; спад сдвинут на -25 дн.,False
AOI-0065,2019,0.4143930253944011,False,слабее нормы,спад сдвинут на +38 дн.; старт роста сдвинут на +24 дн.; пик 102% нормы,True
AOI-0065,2020,0.3896557816079225,False,слабее нормы,средний Z -0.4; пик 97% нормы; суммарная вегетация 88% нормы,True
AOI-0065,2021,0.4376336207127442,False,слабее нормы,спад сдвинут на +42 дн.; пик сдвинут на +33 дн.; пик 87% нормы,False
AOI-0065,2022,0.39979077195074325,False,слабее нормы,амплитуда 0.69; спад сдвинут на -25 дн.; дней ниже нормы 23%,False
AOI-0065,2023,0.3760077093637336,False,сильнее нормы,дней ниже нормы 0%; суммарная вегетация 105% нормы; пик сдвинут на +8 дн.,False
AOI-0065,2024,0.5123106491060178,False,слабее нормы,дней ниже нормы 65%; амплитуда 0.71; пик сдвинут на -31 дн.,True
AOI-0065,2025,0.4267316520693494,False,слабее нормы,пик сдвинут на +27 дн.; пик 84% нормы; суммарная вегетация 79% нормы,True
AOI-0066,2010,0.44442845960401195,False,слабее нормы,спад сдвинут на +35 дн.; пик сдвинут на +32 дн.; дней ниже нормы 31%,True
AOI-0066,2011,0.373737446075101,False,сильнее нормы,амплитуда 0.64; дней ниже нормы 0%; суммарная вегетация 102% нормы,False
AOI-0066,2012,0.39444669155517154,False,слабее нормы,пик сдвинут на -28 дн.; спад сдвинут на -20 дн.; амплитуда 0.57,True
AOI-0066,2013,0.4815937788337815,False,слабее нормы,пик сдвинут на +54 дн.; спад сдвинут на +53 дн.; средний Z +0.7,True
AOI-0066,2014,0.3854975162232016,False,сильнее нормы,средний Z +0.6; дней ниже нормы 0%; амплитуда 0.62,False
AOI-0066,2015,0.416796676742365,False,слабее нормы,пик сдвинут на -42 дн.; амплитуда 0.63; дней ниже нормы 0%,False
AOI-0066,2016,0.39427241188213896,False,слабее нормы,пик сдвинут на -27 дн.; амплитуда 0.66; спад сдвинут на -24 дн.,True
AOI-0066,2017,0.4138883454367905,False,сильнее нормы,амплитуда 0.75; пик 128% нормы; старт роста сдвинут на -1 дн.,False
AOI-0066,2018,0.423545237061818,False,слабее нормы,старт роста сдвинут на +36 дн.; спад сдвинут на +32 дн.; пик сдвинут на +23 дн.,True
AOI-0066,2019,0.401198163135186,False,сильнее нормы,средний Z +0.7; амплитуда 0.64; суммарная вегетация 109% нормы,False
AOI-0066,2020,0.4121533724899633,False,слабее нормы,дней ниже нормы 30%; пик сдвинут на -24 дн.; средний Z -0.5,True
AOI-0066,2021,0.4940853611434904,False,сильнее нормы,старт роста сдвинут на +47 дн.; спад сдвинут на +54 дн.; пик сдвинут на +33 дн.,True
AOI-0066,2022,0.3904146876888252,False,слабее нормы,амплитуда 0.70; дней ниже нормы 0%; пик сдвинут на -11 дн.,False
AOI-0066,2023,0.3850450012107681,False,слабее нормы,дней ниже нормы 2%; амплитуда 0.61; средний Z -0.3,False
AOI-0066,2024,0.42614746921174096,False,слабее нормы,амплитуда 0.75; дней ниже нормы 27%; пик 132% нормы,False
AOI-0066,2025,0.45672442996288837,False,слабее нормы,старт роста сдвинут на +38 дн.; пик сдвинут на +36 дн.; спад сдвинут на +32 дн.,True
AOI-0067,2010,0.5916264239701395,True,слабее нормы,спад сдвинут на -86 дн.; дней ниже нормы 49%; суммарная вегетация 55% нормы,True
AOI-0067,2011,0.5314087247593406,False,сильнее нормы,старт роста сдвинут на +50 дн.; пик 172% нормы; пик сдвинут на +45 дн.,False
AOI-0067,2012,0.6279252251157993,True,слабее нормы,дней ниже нормы 58%; спад сдвинут на -84 дн.; пик сдвинут на -63 дн.,True
AOI-0067,2013,0.5778600205384248,True,сильнее нормы,спад сдвинут на -88 дн.; пик сдвинут на -54 дн.; средний Z +1.2,False
AOI-0067,2014,0.6165552977851341,True,слабее нормы,спад сдвинут на -110 дн.; пик сдвинут на -55 дн.; амплитуда 0.11,False
AOI-0067,2015,0.5306049415069883,False,сильнее нормы,старт роста сдвинут на +50 дн.; пик сдвинут на +62 дн.; пик 161% нормы,False
AOI-0067,2016,0.5221112435387008,False,слабее нормы,пик сдвинут на +52 дн.; амплитуда 0.13; суммарная вегетация 67% нормы,False
AOI-0067,2017,0.5067553806097439,False,сильнее нормы,старт роста сдвинут на +38 дн.; пик сдвинут на +48 дн.; пик 155% нормы,False
AOI-0067,2018,0.6184779029725674,True,слабее нормы,спад сдвинут на -94 дн.; дней ниже нормы 62%; суммарная вегетация 46% нормы,True
AOI-0067,2019,0.6469926382539958,True,сильнее нормы,пик 223% нормы; спад сдвинут на -90 дн.; суммарная вегетация 143% нормы,False
AOI-0067,2020,0.5070721061064024,False,сильнее нормы,старт роста сдвинут на +43 дн.; пик 188% нормы; суммарная вегетация 113% нормы,False
AOI-0067,2021,0.5253076519382185,False,сильнее нормы,пик 188% нормы; пик сдвинут на -48 дн.; спад сдвинут на -60 дн.,True
AOI-0067,2022,0.5108954579700606,False,сильнее нормы,пик 188% нормы; старт роста сдвинут на +39 дн.; суммарная вегетация 131% нормы,False
AOI-0067,2023,0.5457028191073947,True,сильнее нормы,старт роста сдвинут на +50 дн.; пик 199% нормы; спад сдвинут на -38 дн.,False
AOI-0067,2024,0.5238800445883431,False,слабее нормы,спад сдвинут на -75 дн.; пик 169% нормы; старт роста сдвинут на -17 дн.,False
AOI-0067,2025,0.5481405046067884,True,сильнее нормы,старт роста сдвинут на +58 дн.; пик сдвинут на +58 дн.; пик 167% нормы,False
AOI-0068,2010,0.5574849277296947,True,слабее нормы,дней ниже нормы 77%; амплитуда 0.12; суммарная вегетация 57% нормы,True
AOI-0068,2011,0.3965255021757194,False,сильнее нормы,пик 145% нормы; старт роста сдвинут на +16 дн.; дней ниже нормы 0%,False
AOI-0068,2012,0.49344310928324897,False,слабее нормы,амплитуда 0.12; суммарная вегетация 57% нормы; дней ниже нормы 47%,True
AOI-0068,2013,0.4130099860449745,False,сильнее нормы,амплитуда 0.20; пик 89% нормы; дней ниже нормы 0%,False
AOI-0068,2014,0.43876106241758,False,слабее нормы,дней ниже нормы 49%; средний Z -0.7; суммарная вегетация 81% нормы,True
AOI-0068,2015,0.43379513514031626,False,слабее нормы,амплитуда 0.20; старт роста сдвинут на +21 дн.; пик 93% нормы,False
AOI-0068,2016,0.515357408990885,False,сильнее нормы,спад сдвинут на +62 дн.; амплитуда 0.11; пик 75% нормы,False
AOI-0068,2017,0.39372962238809517,False,сильнее нормы,средний Z +0.5; амплитуда 0.36; дней ниже нормы 0%,False
AOI-0068,2018,0.5131719215422056,False,слабее нормы,дней ниже нормы 62%; суммарная вегетация 58% нормы; амплитуда 0.14,True
AOI-0068,2019,0.3859487192593425,False,сильнее нормы,пик 139% нормы; суммарная вегетация 112% нормы; дней ниже нормы 2%,False
AOI-0068,2020,0.42410312155160274,False,слабее нормы,амплитуда 0.24; средний Z -0.7; суммарная вегетация 79% нормы,True
AOI-0068,2021,0.47194242957201354,False,сильнее нормы,средний Z +1.3; амплитуда 0.26; суммарная вегетация 121% нормы,False
AOI-0068,2022,0.38173812703971105,False,сильнее нормы,амплитуда 0.32; дней ниже нормы 0%; пик сдвинут на -6 дн.,False
AOI-0068,2023,0.4867804594669526,False,сильнее нормы,суммарная вегетация 145% нормы; средний Z +1.4; амплитуда 0.34,False
AOI-0068,2024,0.48332948825507727,False,слабее нормы,амплитуда 0.12; пик 62% нормы; суммарная вегетация 65% нормы,True
AOI-0068,2025,0.4498844329267561,False,сильнее нормы,суммарная вегетация 134% нормы; пик 173% нормы; средний Z +0.9,False
AOI-0069,2010,0.3803264801779303,False,слабее нормы,пик 135% нормы; дней ниже нормы 1%; средний Z -0.2,False
AOI-0069,2011,0.5073679096559419,False,сильнее нормы,пик сдвинут на +51 дн.; средний Z +1.1; старт роста сдвинут на +29 дн.,False
AOI-0069,2012,0.5582784199091206,True,слабее нормы,дней ниже нормы 66%; суммарная вегетация 44% нормы; пик 47% нормы,True
AOI-0069,2013,0.39829051472564275,False,сильнее нормы,старт роста сдвинут на +17 дн.; амплитуда 0.35; средний Z +0.5,False
AOI-0069,2014,0.4286266021343124,False,сильнее нормы,пик 171% нормы; суммарная вегетация 124% нормы; пик сдвинут на -21 дн.,False
AOI-0069,2015,0.5220717827705214,False,слабее нормы,пик 35% нормы; амплитуда 0.04; дней ниже нормы 42%,True
AOI-0069,2016,0.49522713983795297,False,сильнее нормы,пик 191% нормы; суммарная вегетация 145% нормы; средний Z +0.7,False
AOI-0069,2017,0.5062205471756942,False,слабее нормы,пик 38% нормы; амплитуда 0.05; суммарная вегетация 61% нормы,True
AOI-0069,2018,0.45705205932546816,False,слабее нормы,пик 183% нормы; амплитуда 0.68; суммарная вегетация 116% нормы,False
AOI-0069,2019,0.48009397236071566,False,слабее нормы,старт роста сдвинут на +39 дн.; спад сдвинут на +53 дн.; пик сдвинут на +28 дн.,False
AOI-0069,2020,0.49071165598877975,False,слабее нормы,пик 41% нормы; амплитуда 0.08; суммарная вегетация 53% нормы,True
AOI-0069,2021,0.41388643669109854,False,сильнее нормы,пик 149% нормы; средний Z +0.6; суммарная вегетация 114% нормы,False
AOI-0069,2022,0.3943098118208185,False,сильнее нормы,пик сдвинут на +21 дн.; суммарная вегетация 113% нормы; спад сдвинут на +17 дн.,False
AOI-0069,2023,0.41170854190197753,False,сильнее нормы,пик 159% нормы; суммарная вегетация 124% нормы; дней ниже нормы 0%,False
AOI-0069,2024,0.4010343627860363,False,слабее нормы,пик 151% нормы; дней ниже нормы 0%; пик сдвинут на -19 дн.,False
AOI-0069,2025,0.45392800302279823,False,слабее нормы,старт роста сдвинут на +29 дн.; суммарная вегетация 76% нормы; амплитуда 0.31,False
AOI-0070,2010,0.4602468503231419,False,слабее нормы,амплитуда 0.16; пик 67% нормы; суммарная вегетация 67% нормы,False
AOI-0070,2011,0.4028619195502824,False,сильнее нормы,пик 159% нормы; дней ниже нормы 0%; суммарная вегетация 106% нормы,False
AOI-0070,2012,0.556976800562532,True,слабее нормы,дней ниже нормы 74%; суммарная вегетация 50% нормы; средний Z -1.2,True
AOI-0070,2013,0.4091926806263154,False,сильнее нормы,амплитуда 0.27; старт роста сдвинут на +21 дн.; дней ниже нормы 0%,False
AOI-0070,2014,0.4817199819441316,False,слабее нормы,дней ниже нормы 46%; амплитуда 0.17; суммарная вегетация 62% нормы,True
AOI-0070,2015,0.44583249868050245,False,сильнее нормы,амплитуда 0.20; средний Z +0.8; суммарная вегетация 119% нормы,False
AOI-0070,2016,0.40748771772178105,False,слабее нормы,амплитуда 0.25; дней ниже нормы 0%; пик 98% нормы,False
AOI-0070,2017,0.4449397918294342,False,сильнее нормы,суммарная вегетация 131% нормы; пик 167% нормы; средний Z +0.9,False
AOI-0070,2018,0.467305874542039,False,слабее нормы,амплитуда 0.11; пик 55% нормы; суммарная вегетация 60% нормы,False
AOI-0070,2019,0.4442940318742065,False,сильнее нормы,пик 181% нормы; суммарная вегетация 131% нормы; средний Z +0.7,False
AOI-0070,2020,0.4787744604976585,False,слабее нормы,амплитуда 0.14; суммарная вегетация 62% нормы; пик 61% нормы,False
AOI-0070,2021,0.5779147461430096,True,сильнее нормы,средний Z +2.3; суммарная вегетация 170% нормы; пик 158% нормы,False
AOI-0070,2022,0.5717496069593523,True,сильнее нормы,пик сдвинут на +83 дн.; амплитуда 0.08; средний Z +1.1,False
AOI-0070,2023,0.4755526583504766,False,слабее нормы,амплитуда 0.15; пик сдвинут на -41 дн.; пик 79% нормы,False
AOI-0070,2024,0.41491421258345706,False,сильнее нормы,пик 165% нормы; пик сдвинут на -17 дн.; суммарная вегетация 108% нормы,False
AOI-0070,2025,0.4677887747359228,False,слабее нормы,амплитуда 0.14; пик 66% нормы; суммарная вегетация 71% нормы,False
AOI-0071,2010,0.3979191040125469,False,слабее нормы,амплитуда 0.27; пик сдвинут на +8 дн.; спад сдвинут на -15 дн.,False
AOI-0071,2011,0.39988757237729433,False,сильнее нормы,амплитуда 0.32; дней ниже нормы 0%; средний Z +0.4,False
AOI-0071,2012,0.5236702149437821,False,слабее нормы,дней ниже нормы 66%; пик сдвинут на -37 дн.; средний Z -0.8,True
AOI-0071,2013,0.47183508111663147,False,слабее нормы,пик сдвинут на -43 дн.; амплитуда 0.24; средний Z +0.6,False
AOI-0071,2014,0.4258167326522268,False,сильнее нормы,пик сдвинут на -32 дн.; пик 138% нормы; амплитуда 0.38,True
AOI-0071,2015,0.421249836474064,False,слабее нормы,амплитуда 0.22; спад сдвинут на -30 дн.; пик сдвинут на -20 дн.,False
AOI-0071,2016,0.44960212034362734,False,слабее нормы,пик сдвинут на +48 дн.; спад сдвинут на +38 дн.; амплитуда 0.30,False
AOI-0071,2017,0.4188222177843673,False,слабее нормы,пик 152% нормы; спад сдвинут на -30 дн.; суммарная вегетация 88% нормы,False
AOI-0071,2018,0.5748621080026334,True,сильнее нормы,старт роста сдвинут на +68 дн.; спад сдвинут на +75 дн.; пик сдвинут на +56 дн.,True
AOI-0071,2019,0.4339148498396732,False,сильнее нормы,старт роста сдвинут на +34 дн.; амплитуда 0.29; пик 129% нормы,True
AOI-0071,2020,0.4429291742152274,False,слабее нормы,пик сдвинут на +38 дн.; амплитуда 0.22; спад сдвинут на +39 дн.,True
AOI-0071,2021,0.4619984949157653,False,слабее нормы,старт роста сдвинут на +31 дн.; спад сдвинут на -37 дн.; амплитуда 0.31,False
AOI-0071,2022,0.5288640247262536,False,слабее нормы,пик сдвинут на +66 дн.; спад сдвинут на +67 дн.; амплитуда 0.19,False
AOI-0071,2023,0.5361376001775751,False,сильнее нормы,спад сдвинут на +68 дн.; пик сдвинут на +56 дн.; амплитуда 0.24,False
AOI-0071,2024,0.5543511230511677,True,слабее нормы,дней ниже нормы 69%; средний Z -1.2; амплитуда 0.17,True
AOI-0071,2025,0.5055105780242404,False,сильнее нормы,средний Z +1.2; суммарная вегетация 132% нормы; пик сдвинут на +32 дн.,False
AOI-0072,2010,0.40807909502192236,False,слабее нормы,средний Z +0.6; старт роста сдвинут на +20 дн.; пик сдвинут на +18 дн.,False
AOI-0072,2011,0.47458511466574416,False,слабее нормы,амплитуда 0.15; пик 61% нормы; старт роста сдвинут на +20 дн.,False
AOI-0072,2012,0.5281121817881111,False,слабее нормы,суммарная вегетация 56% нормы; старт роста сдвинут на +35 дн.; дней ниже нормы 41%,True
AOI-0072,2013,0.4938799853162819,False,слабее нормы,амплитуда 0.09; пик 50% нормы; суммарная вегетация 62% нормы,False
AOI-0072,2014,0.4048858770475913,False,сильнее нормы,средний Z +0.7; пик 152% нормы; суммарная вегетация 120% нормы,False
AOI-0072,2015,0.4494556206733899,False,слабее нормы,пик 50% нормы; амплитуда 0.12; суммарная вегетация 65% нормы,False
AOI-0072,2016,0.47793445239817717,False,сильнее нормы,суммарная вегетация 141% нормы; пик 183% нормы; средний Z +1.1,False
AOI-0072,2017,0.4835818008349866,False,слабее нормы,пик 44% нормы; амплитуда 0.07; суммарная вегетация 59% нормы,False
AOI-0072,2018,0.4081844415219948,False,слабее нормы,пик 154% нормы; дней ниже нормы 22%; амплитуда 0.59,True
AOI-0072,2019,0.501848499296582,False,слабее нормы,пик 44% нормы; амплитуда 0.09; дней ниже нормы 38%,False
AOI-0072,2020,0.46638760302693333,False,сильнее нормы,пик 175% нормы; суммарная вегетация 129% нормы; амплитуда 0.66,False
AOI-0072,2021,0.40968210218313195,False,слабее нормы,пик сдвинут на +32 дн.; старт роста сдвинут на +19 дн.; средний Z +0.5,False
AOI-0072,2022,0.4694472683199579,False,слабее нормы,пик 44% нормы; амплитуда 0.08; суммарная вегетация 74% нормы,False
AOI-0072,2023,0.49731532908720705,False,сильнее нормы,суммарная вегетация 154% нормы; пик 180% нормы; средний Z +1.1,False
AOI-0072,2024,0.4865556559123202,False,слабее нормы,пик 42% нормы; амплитуда 0.07; суммарная вегетация 53% нормы,False
AOI-0072,2025,0.4278590852300799,False,сильнее нормы,пик 180% нормы; суммарная вегетация 125% нормы; амплитуда 0.64,False
AOI-0073,2010,0.406323467258796,False,слабее нормы,спад сдвинут на -33 дн.; пик сдвинут на -21 дн.; средний Z -0.3,True
AOI-0073,2011,0.41563232026569985,False,слабее нормы,пик сдвинут на +25 дн.; суммарная вегетация 82% нормы; пик 91% нормы,True
AOI-0073,2012,0.4506752592425009,False,слабее нормы,спад сдвинут на -58 дн.; дней ниже нормы 35%; средний Z -0.6,True
AOI-0073,2013,0.40183162953858675,False,слабее нормы,амплитуда 0.25; спад сдвинут на -23 дн.; пик 98% нормы,False
AOI-0073,2014,0.38862821067257963,False,сильнее нормы,суммарная вегетация 116% нормы; пик 139% нормы; дней ниже нормы 0%,False
AOI-0073,2015,0.40461651085081496,False,слабее нормы,средний Z -0.6; дней ниже нормы 27%; пик сдвинут на +20 дн.,True
AOI-0073,2016,0.4938797165832811,False,сильнее нормы,средний Z +1.2; пик сдвинут на -42 дн.; спад сдвинут на -50 дн.,False
AOI-0073,2017,0.39751186832544627,False,сильнее нормы,пик сдвинут на +22 дн.; старт роста сдвинут на +17 дн.; дней ниже нормы 0%,False
AOI-0073,2018,0.4051413651958074,False,сильнее нормы,пик сдвинут на +30 дн.; старт роста сдвинут на +17 дн.; спад сдвинут на +17 дн.,False
AOI-0073,2019,0.3973638653591772,False,сильнее нормы,старт роста сдвинут на +22 дн.; суммарная вегетация 109% нормы; пик 128% нормы,False
AOI-0073,2020,0.4593265369048578,False,слабее нормы,дней ниже нормы 51%; спад сдвинут на -52 дн.; пик сдвинут на -32 дн.,True
AOI-0073,2021,0.4240822765304573,False,сильнее нормы,старт роста сдвинут на +36 дн.; пик сдвинут на +23 дн.; пик 139% нормы,False
AOI-0073,2022,0.4626861480409032,False,сильнее нормы,старт роста сдвинут на +46 дн.; пик 149% нормы; пик сдвинут на +24 дн.,True
AOI-0073,2023,0.4988273585319934,False,слабее нормы,спад сдвинут на -65 дн.; дней ниже нормы 40%; суммарная вегетация 70% нормы,True
AOI-0073,2024,0.5453262086400728,True,слабее нормы,дней ниже нормы 55%; спад сдвинут на -62 дн.; пик сдвинут на -49 дн.,True
AOI-0073,2025,0.4374552857861605,False,сильнее нормы,старт роста сдвинут на +39 дн.; пик 144% нормы; суммарная вегетация 114% нормы,False
AOI-0074,2010,0.47094997814250533,False,слабее нормы,дней ниже нормы 46%; спад сдвинут на -59 дн.; пик сдвинут на -33 дн.,True
AOI-0074,2011,0.41482519131854073,False,сильнее нормы,старт роста сдвинут на +23 дн.; пик 145% нормы; пик сдвинут на +20 дн.,False
AOI-0074,2012,0.4551811207582496,False,слабее нормы,спад сдвинут на -56 дн.; пик сдвинут на -31 дн.; дней ниже нормы 28%,True
AOI-0074,2013,0.513387001677024,False,слабее нормы,пик сдвинут на -45 дн.; спад сдвинут на -54 дн.; старт роста сдвинут на -15 дн.,True
AOI-0074,2014,0.393943027845184,False,сильнее нормы,пик 141% нормы; дней ниже нормы 0%; старт роста сдвинут на +15 дн.,False
AOI-0074,2015,0.4114939179111684,False,слабее нормы,пик сдвинут на +29 дн.; средний Z -0.5; дней ниже нормы 25%,True
AOI-0074,2016,0.5164888920496138,False,сильнее нормы,пик сдвинут на -46 дн.; средний Z +1.0; спад сдвинут на -45 дн.,False
AOI-0074,2017,0.400695648822937,False,сильнее нормы,пик 143% нормы; старт роста сдвинут на +17 дн.; пик сдвинут на +15 дн.,False
AOI-0074,2018,0.42809227053403065,False,сильнее нормы,пик сдвинут на +43 дн.; спад сдвинут на +26 дн.; средний Z +0.5,True
AOI-0074,2019,0.40430036735391023,False,сильнее нормы,старт роста сдвинут на +27 дн.; пик 141% нормы; дней ниже нормы 1%,False
AOI-0074,2020,0.4572818465934308,False,слабее нормы,дней ниже нормы 50%; спад сдвинут на -51 дн.; пик сдвинут на -25 дн.,True
AOI-0074,2021,0.4245643293423742,False,слабее нормы,старт роста сдвинут на +31 дн.; пик сдвинут на +21 дн.; дней ниже нормы 26%,False
AOI-0074,2022,0.48261014085829096,False,сильнее нормы,старт роста сдвинут на +47 дн.; пик сдвинут на +30 дн.; пик 152% нормы,True
AOI-0074,2023,0.4811962720484282,False,слабее нормы,спад сдвинут на -59 дн.; суммарная вегетация 70% нормы; амплитуда 0.31,True
AOI-0074,2024,0.5476585845987386,True,слабее нормы,дней ниже нормы 59%; пик сдвинут на -52 дн.; спад сдвинут на -65 дн.,True
AOI-0074,2025,0.4399120618314903,False,сильнее нормы,старт роста сдвинут на +38 дн.; пик 150% нормы; пик сдвинут на +17 дн.,False
AOI-0075,2010,0.5131048482070267,False,слабее нормы,дней ниже нормы 54%; спад сдвинут на -63 дн.; пик сдвинут на -48 дн.,True
AOI-0075,2011,0.4330212367915002,False,слабее нормы,старт роста сдвинут на +39 дн.; пик 147% нормы; амплитуда 0.61,True
AOI-0075,2012,0.45342335416750446,False,слабее нормы,спад сдвинут на -56 дн.; пик сдвинут на -39 дн.; дней ниже нормы 32%,True
AOI-0075,2013,0.5182489038631394,False,слабее нормы,пик сдвинут на -61 дн.; спад сдвинут на -68 дн.; старт роста сдвинут на -11 дн.,False
AOI-0075,2014,0.3883223714428673,False,сильнее нормы,пик 144% нормы; суммарная вегетация 108% нормы; амплитуда 0.59,False
AOI-0075,2015,0.38973641573698,False,слабее нормы,старт роста сдвинут на +15 дн.; средний Z -0.4; суммарная вегетация 86% нормы,False
AOI-0075,2016,0.43938330444668205,False,сильнее нормы,суммарная вегетация 127% нормы; средний Z +0.9; пик 151% нормы,False
AOI-0075,2017,0.4353844923557208,False,слабее нормы,старт роста сдвинут на +37 дн.; пик 146% нормы; дней ниже нормы 4%,False
AOI-0075,2018,0.5282327372932295,False,слабее нормы,спад сдвинут на -86 дн.; пик сдвинут на -60 дн.; старт роста сдвинут на -10 дн.,True
AOI-0075,2019,0.46200446650395693,False,сильнее нормы,старт роста сдвинут на +39 дн.; пик 155% нормы; суммарная вегетация 118% нормы,True
AOI-0075,2020,0.3973948180446933,False,слабее нормы,пик 137% нормы; средний Z -0.4; старт роста сдвинут на +14 дн.,True
AOI-0075,2021,0.5593128772525721,True,слабее нормы,спад сдвинут на -87 дн.; пик сдвинут на -60 дн.; дней ниже нормы 46%,True
AOI-0075,2022,0.4063336408831719,False,сильнее нормы,пик сдвинут на +33 дн.; средний Z +0.4; пик 134% нормы,True
AOI-0075,2023,0.5954974877209487,True,сильнее нормы,спад сдвинут на -98 дн.; пик сдвинут на -69 дн.; средний Z +1.0,True
AOI-0075,2024,0.4455470756225188,False,сильнее нормы,пик сдвинут на +40 дн.; средний Z +1.0; спад сдвинут на +39 дн.,False
AOI-0075,2025,0.43335723881185856,False,сильнее нормы,старт роста сдвинут на +40 дн.; пик сдвинут на -12 дн.; суммарная вегетация 105% нормы,False
AOI-0076,2010,0.44620412168625423,False,слабее нормы,средний Z -0.8; суммарная вегетация 73% нормы; пик 80% нормы,True
AOI-0076,2011,0.4298898748538166,False,сильнее нормы,пик сдвинут на -28 дн.; спад сдвинут на -35 дн.; старт роста сдвинут на -9 дн.,False
AOI-0076,2012,0.38623701261636134,False,слабее нормы,дней ниже нормы 0%; пик сдвинут на +16 дн.; средний Z -0.2,False
AOI-0076,2013,0.3795244887456438,False,сильнее нормы,спад сдвинут на +13 дн.; пик сдвинут на +14 дн.; дней ниже нормы 7%,False
AOI-0076,2014,0.3717699300398173,False,слабее нормы,дней ниже нормы 7%; пик сдвинут на +6 дн.; средний Z -0.1,False
AOI-0076,2015,0.4118386008012329,False,слабее нормы,средний Z -0.6; спад сдвинут на -32 дн.; суммарная вегетация 80% нормы,False
AOI-0076,2016,0.40771628362095436,False,сильнее нормы,старт роста сдвинут на +20 дн.; средний Z +0.6; суммарная вегетация 115% нормы,False
AOI-0076,2017,0.4397697804563885,False,слабее нормы,старт роста сдвинут на -14 дн.; спад сдвинут на -36 дн.; дней ниже нормы 26%,True
AOI-0076,2018,0.4236584392439477,False,слабее нормы,старт роста сдвинут на +24 дн.; пик сдвинут на +23 дн.; амплитуда 0.64,False
AOI-0076,2019,0.46154996945116106,False,сильнее нормы,спад сдвинут на -52 дн.; пик сдвинут на -31 дн.; средний Z +0.6,True
AOI-0076,2020,0.46722378308878304,False,слабее нормы,старт роста сдвинут на -23 дн.; спад сдвинут на -46 дн.; пик сдвинут на -27 дн.,True
AOI-0076,2021,0.41015362181365494,False,слабее нормы,старт роста сдвинут на +24 дн.; пик сдвинут на +21 дн.; амплитуда 0.62,False
AOI-0076,2022,0.5674252291765679,True,сильнее нормы,средний Z +1.9; старт роста сдвинут на +47 дн.; спад сдвинут на +50 дн.,True
AOI-0076,2023,0.41877995324523254,False,слабее нормы,старт роста сдвинут на +21 дн.; средний Z -0.6; суммарная вегетация 78% нормы,False
AOI-0076,2024,0.5135874111712074,False,слабее нормы,пик сдвинут на -47 дн.; спад сдвинут на -56 дн.; старт роста сдвинут на -22 дн.,True
AOI-0076,2025,0.4163948931872589,False,сильнее нормы,старт роста сдвинут на +29 дн.; пик 139% нормы; пик сдвинут на +17 дн.,False
AOI-0077,2010,0.46324168454932396,False,слабее нормы,спад сдвинут на -52 дн.; суммарная вегетация 71% нормы; средний Z -0.8,False
AOI-0077,2011,0.4255894885953065,False,слабее нормы,спад сдвинут на -60 дн.; дней ниже нормы 4%; суммарная вегетация 89% нормы,False
AOI-0077,2012,0.42683659588820155,False,слабее нормы,пик сдвинут на +36 дн.; амплитуда 0.34; дней ниже нормы 0%,False
AOI-0077,2013,0.4550609152243347,False,слабее нормы,спад сдвинут на -55 дн.; амплитуда 0.26; дней ниже нормы 31%,False
AOI-0077,2014,0.4283112920432321,False,слабее нормы,пик сдвинут на +37 дн.; старт роста сдвинут на -10 дн.; дней ниже нормы 6%,True
AOI-0077,2015,0.4438358235388085,False,слабее нормы,спад сдвинут на -45 дн.; суммарная вегетация 76% нормы; средний Z -0.6,False
AOI-0077,2016,0.4970981278673042,False,сильнее нормы,средний Z +1.3; спад сдвинут на +50 дн.; суммарная вегетация 128% нормы,False
AOI-0077,2017,0.46457840354492774,False,сильнее нормы,средний Z +0.9; суммарная вегетация 126% нормы; спад сдвинут на -43 дн.,False
AOI-0077,2018,0.44994225650622266,False,сильнее нормы,спад сдвинут на -65 дн.; суммарная вегетация 117% нормы; средний Z +0.6,False
AOI-0077,2019,0.3774384103460497,False,сильнее нормы,дней ниже нормы 0%; пик 134% нормы; суммарная вегетация 106% нормы,False
AOI-0077,2020,0.4518573631087371,False,слабее нормы,дней ниже нормы 42%; пик сдвинут на +42 дн.; средний Z -0.5,True
AOI-0077,2021,0.583677708070784,True,слабее нормы,дней ниже нормы 78%; средний Z -1.4; суммарная вегетация 52% нормы,True
AOI-0077,2022,0.5356174054429603,False,сильнее нормы,пик сдвинут на +91 дн.; старт роста сдвинут на +42 дн.; дней ниже нормы 32%,True
AOI-0077,2023,0.5389349478754067,True,сильнее нормы,суммарная вегетация 141% нормы; средний Z +1.3; спад сдвинут на -58 дн.,False
AOI-0077,2024,0.46547801840277203,False,сильнее нормы,спад сдвинут на -72 дн.; пик сдвинут на -24 дн.; дней ниже нормы 0%,False
AOI-0077,2025,0.5075410350088788,False,слабее нормы,спад сдвинут на -72 дн.; дней ниже нормы 49%; старт роста сдвинут на -14 дн.,True
AOI-0078,2010,0.43898938429997697,False,слабее нормы,суммарная вегетация 72% нормы; средний Z -0.7; старт роста сдвинут на +20 дн.,True
AOI-0078,2011,0.4405008837675412,False,слабее нормы,старт роста сдвинут на +47 дн.; пик сдвинут на +37 дн.; спад сдвинут на +34 дн.,True
AOI-0078,2012,0.409149475059726,False,сильнее нормы,спад сдвинут на +44 дн.; дней ниже нормы 0%; пик 102% нормы,False
AOI-0078,2013,0.4418496356618618,False,слабее нормы,амплитуда 0.27; пик 78% нормы; пик сдвинут на -20 дн.,True
AOI-0078,2014,0.43120829113026266,False,слабее нормы,старт роста сдвинут на +34 дн.; амплитуда 0.66; спад сдвинут на +19 дн.,False
AOI-0078,2015,0.4417023799401011,False,слабее нормы,старт роста сдвинут на +23 дн.; суммарная вегетация 74% нормы; средний Z -0.5,False
AOI-0078,2016,0.5364530029166448,False,сильнее нормы,спад сдвинут на +81 дн.; суммарная вегетация 141% нормы; средний Z +1.3,False
AOI-0078,2017,0.449442793067086,False,слабее нормы,старт роста сдвинут на +42 дн.; пик сдвинут на +40 дн.; спад сдвинут на +42 дн.,True
AOI-0078,2018,0.4171790478515661,False,слабее нормы,старт роста сдвинут на +21 дн.; спад сдвинут на -33 дн.; суммарная вегетация 83% нормы,False
AOI-0078,2019,0.590417884744443,True,сильнее нормы,пик сдвинут на +74 дн.; старт роста сдвинут на +49 дн.; спад сдвинут на +72 дн.,True
AOI-0078,2020,0.4713043111910834,False,слабее нормы,дней ниже нормы 52%; амплитуда 0.70; спад сдвинут на -33 дн.,False
AOI-0078,2021,0.46910608275716087,False,сильнее нормы,спад сдвинут на +65 дн.; старт роста сдвинут на +38 дн.; пик сдвинут на +17 дн.,False
AOI-0078,2022,0.38173668956272394,False,слабее нормы,спад сдвинут на -32 дн.; амплитуда 0.59; средний Z +0.2,False
AOI-0078,2023,0.47492002136500333,False,сильнее нормы,старт роста сдвинут на -21 дн.; амплитуда 0.71; спад сдвинут на -29 дн.,False
AOI-0078,2024,0.4497284209066436,False,слабее нормы,суммарная вегетация 72% нормы; средний Z -0.7; спад сдвинут на -33 дн.,True
AOI-0078,2025,0.43681218846573944,False,сильнее нормы,спад сдвинут на -43 дн.; амплитуда 0.69; дней ниже нормы 31%,True
