pid,year,norm_source,n_obs,n_artifacts,mean_z,share_days_depressed,ph_valid,ph_peak,ph_peak_doy,ph_base,ph_amplitude,ph_sos_doy,ph_half_decline_doy,ph_integral,ph_covered_days,dev_peak_ratio,dev_peak_shift_days,dev_sos_shift_days,dev_integral_ratio,dev_decline_shift_days
AOI-0001,2010,история полигона,30,0,-0.5748362316302018,0.4647887323943662,True,0.7507731712461484,141,0.10509464247190889,0.6456785287742395,91,166.0,71.60459382317997,213,1.1763472434564517,-1,0,0.8931653438569649,-20.0
AOI-0001,2011,история полигона,32,3,0.7080150964156012,0.27699530516431925,True,0.7225339016396438,182,0.12857316536363012,0.5939607362760138,122,222.0,84.76792244161086,207,1.1186948822108538,39,31,1.070966310091921,42.0
AOI-0001,2012,история полигона,20,0,-0.38211717148096663,0.16901408450704225,True,0.7205356086922647,122,0.02191142416058888,0.6986241845316759,92,168.0,68.69870313790145,184,1.1198799597870075,-20,0,0.8598962967588544,-18.0
AOI-0001,2013,история полигона,20,1,0.9289144981690873,0.20657276995305165,True,0.7745876181042918,126,0.12118916138875512,0.6533984567155366,91,156.0,90.4875885428215,206,1.2069799632946718,-16,0,1.1452113639335026,-30.0
AOI-0001,2014,история полигона,26,2,0.29367295633260737,0.23943661971830985,True,0.8019129042217785,186,0.16907349294806817,0.6328394112737104,133,218.0,84.1130697037463,213,1.2040962511776214,46,42,1.0605590283220736,41.0
AOI-0001,2015,история полигона,27,0,-0.3825110653034187,0.3568075117370892,True,0.7269607125903882,136,0.11634136213013975,0.6106193504602484,91,179.0,75.61007822515548,213,1.1350912512513185,-6,0,0.9463220304100639,-4.0
AOI-0001,2016,история полигона,30,6,-0.2935502951974494,0.36619718309859156,True,0.46873750717193785,133,0.17802112962456001,0.29071637754737784,107,170.0,64.63388734397563,200,0.7102978475065779,-9,15,0.803023440202296,-14.0
AOI-0001,2017,история полигона,44,1,0.2549992981872239,0.0,True,0.7141698115463309,154,0.1643378522821824,0.5498319592641485,91,189.0,89.2278244645563,210,1.1113220993567638,12,0,1.1305826897640763,7.0
AOI-0001,2018,история полигона,45,1,-0.08323688809090041,0.20657276995305165,True,0.800543373056831,133,0.11500248823663466,0.6855408848201964,91,164.0,78.86390888676212,213,1.2582968975031503,-9,0,0.9899318239895405,-22.0
AOI-0001,2019,история полигона,50,5,-0.06989291701494475,0.11267605633802817,True,0.6489780949098101,145,0.17541597903767234,0.4735621158721377,111,174.0,74.45777495038334,213,1.0049915248045347,4,20,0.9311419155789364,-10.0
AOI-0001,2020,история полигона,49,2,0.18536889565759748,0.03286384976525822,True,0.7988180440731809,151,0.17362303700702866,0.6251950070661523,92,172.0,84.086939438926,213,1.258059598180232,9,0,1.0623297698941014,-18.0
AOI-0001,2021,история полигона,52,8,0.14876672040422448,0.23943661971830985,True,0.6378730164668404,194,0.1615683200252634,0.47630469644157697,109,227.0,78.72449402076359,213,0.9686933731969847,52,18,0.9880777166868674,47.0
AOI-0001,2022,история полигона,50,5,0.28544607868231386,0.0,True,2.0651435584791735,103,0.1577413798668162,1.9074021786123574,103,105.0,83.50963230483548,200,3.225056882454245,-38,12,1.057213967530546,-78.0
AOI-0001,2023,история полигона,50,2,0.1652173085813833,0.018779342723004695,True,0.8043065105445807,160,0.062388048955286816,0.7419184615892939,96,186.0,83.673453463761,213,1.262773165388258,18,5,1.0542893619309053,3.0
AOI-0001,2024,история полигона,41,1,-0.1804530507378109,0.13145539906103287,True,0.7580885797879492,145,0.142802076745208,0.6152865030427412,92,169.0,81.00330500053744,213,1.1886154948518173,3,0,1.020509078390376,-16.0
AOI-0001,2025,история полигона,49,0,-0.3571431243431101,0.22065727699530516,True,0.5797752168924905,179,0.07174199162071415,0.5080332252717763,91,214.0,69.4594355067485,210,0.8735922424915739,38,0,0.8653121731901803,35.0
AOI-0002,2010,история полигона,32,0,0.5363385927653084,0.27699530516431925,True,0.6819243005803682,191,0.2201990710259654,0.46172522955440287,127,245.0,93.24090488331274,213,0.9994155138673262,45,36,1.096697446283649,65.0
AOI-0002,2011,история полигона,38,2,0.019021800484895397,0.23943661971830985,True,0.5943613356310438,163,0.1459820842463164,0.44837925138472734,113,199.0,78.7555789819692,207,0.8686736765570598,17,22,0.9170680545920457,18.0
AOI-0002,2012,история полигона,26,0,-0.2210650624980348,0.028169014084507043,True,0.7116269246937278,145,0.12132600795127745,0.5903009167424503,98,183.0,79.82215004732399,207,1.0563515494683295,-2,6,0.9319805212591677,-3.0
AOI-0002,2013,история полигона,30,0,0.9810069667967783,0.06572769953051644,True,0.6770827499306605,168,0.24611403128537387,0.43096871864528663,91,216.0,101.21027525165576,213,0.9949798782472556,22,0,1.197985889321138,35.0
AOI-0002,2014,история полигона,37,1,-0.5623856780183608,0.568075117370892,True,0.77742493312171,138,0.1281624617697318,0.6492624713519782,91,169.0,75.80710619450656,213,1.1572834579130737,-9,0,0.8796161064532776,-16.0
AOI-0002,2015,история полигона,38,1,-0.35435457960014427,0.13615023474178403,True,0.7628072966876248,150,0.153893342890435,0.6089139537971898,91,175.0,78.14781234469027,213,1.1382472978853448,3,0,0.908366726230326,-9.0
AOI-0002,2016,история полигона,35,3,0.10955253925378991,0.028169014084507043,True,0.8033409440758685,136,-0.203050115903333,1.0063910599792014,92,193.0,87.36315770164089,209,1.202183834504875,-11,0,1.025207098084775,5.0
AOI-0002,2017,история полигона,48,0,0.22752471933741095,0.004694835680751174,True,0.7289294981551835,160,0.22530097908849256,0.5036285190666909,108,199.0,88.72637340842324,210,1.0782603589637954,14,17,1.0406273750672108,18.0
AOI-0002,2018,история полигона,50,1,-0.37293264481075433,0.0,True,0.6067275622574748,145,0.17288869905129012,0.4338388632061847,91,181.0,77.64663403926947,213,0.8914240901546931,-2,0,0.9023884415197208,-3.0
AOI-0002,2019,история полигона,61,1,0.04664238197610748,0.2300469483568075,True,0.8579087047468155,134,0.18383560844568883,0.6740730963011267,91,162.0,86.9673842942941,213,1.2836074677014655,-13,0,1.0179380263621964,-24.0
AOI-0002,2020,история полигона,65,1,-0.13296266742410592,0.3615023474178404,True,0.6160035632716478,164,0.14237185344998643,0.4736317098216614,94,242.0,82.96164331234607,213,0.8947402621070082,18,2,0.9697233265559002,60.0
AOI-0002,2021,история полигона,57,5,-0.33853363310987866,0.23943661971830985,True,0.8015181206788274,147,0.16373259421868142,0.637785526460146,91,181.0,76.6869487867582,213,1.2008421893950083,0,0,0.8904003350725883,-2.0
AOI-0002,2022,история полигона,59,1,0.0011174378067590424,0.107981220657277,True,0.8275126948458572,150,0.20301938385675727,0.6244933109891,97,174.0,84.37512532027324,213,1.2423540942252356,4,6,0.9856108832025201,-12.0
AOI-0002,2023,история полигона,59,3,0.5359085907988682,0.14084507042253522,True,0.7565111797382771,172,0.11554610617380173,0.6409650735644754,92,232.0,97.40836884030762,212,1.1082046696336294,26,1,1.1497024148265444,53.0
AOI-0002,2024,история полигона,59,0,0.03473933955537663,0.14084507042253522,True,0.6448018197737312,146,0.1625155934090415,0.48228622636468965,92,174.0,87.85381272089715,213,0.9511056415060934,-1,0,1.0309867343536967,-13.0
AOI-0002,2025,история полигона,49,1,-0.1200447839907739,0.352112676056338,True,0.7994460950603065,118,0.17191665314233182,0.6275294419179747,91,157.0,84.89680041491121,210,1.1813779769443835,-30,0,0.993181755750792,-27.0
AOI-0003,2010,история полигона,34,1,-0.41052571878169103,0.17370892018779344,True,0.7458012891975365,145,-0.14551138081187023,0.8913126700094067,101,186.0,69.47864212387348,207,1.1755431909837133,-2,10,0.8661220838320094,9.0
AOI-0003,2011,история полигона,38,1,-0.036335375630185206,0.0,True,0.7188812152424824,149,0.16748692660939932,0.551394288633083,94,174.0,74.38819887563221,213,1.1295564668814426,4,3,0.9295702625668706,-3.0
AOI-0003,2012,история полигона,31,2,0.07662129618591221,0.215962441314554,True,0.703678684870866,177,0.1751383217670452,0.5285403631038208,105,214.0,74.3409727140173,195,1.0670467043864167,33,13,0.9364081238591269,38.0
AOI-0003,2013,история полигона,34,0,-0.021263491499781167,0.09859154929577464,True,0.7708826928070269,129,0.1826043509219785,0.5882783418850485,91,159.0,79.27486006591089,213,1.2034744610559056,-20,0,0.9951037346316122,-19.0
AOI-0003,2014,история полигона,47,2,-0.2971435736773592,0.07511737089201878,True,0.8109823530256904,130,0.1454452767704268,0.6655370762552637,91,162.0,77.41131750906142,213,1.272243322861533,-19,0,0.9700752680534522,-16.0
AOI-0003,2015,история полигона,45,2,0.0488161700813318,0.38967136150234744,True,0.733397812329142,197,0.14346080529808952,0.5899370070310526,111,222.0,81.1735507688314,213,1.114263638401434,53,20,1.0200114426245188,48.0
AOI-0003,2016,история полигона,43,1,-0.16857012595817616,0.028169014084507043,True,0.7770260308451488,142,0.15678152681308277,0.620244504032066,92,172.0,80.11836127265309,213,1.2277943809509007,-5,0,1.0086836287310983,-10.0
AOI-0003,2017,история полигона,67,3,0.9037571341356957,0.2863849765258216,True,0.806496734615977,182,0.16875671180310353,0.6377400228128736,140,230.0,90.24550230583233,211,1.2200011635188046,38,49,1.143139614857457,56.0
AOI-0003,2018,история полигона,61,0,-0.18598559031778336,0.07981220657276995,True,0.761715305997332,126,0.16736027454311578,0.5943550314542162,91,160.0,76.14295575728187,213,1.1907345580985904,-22,0,0.9530915131634239,-17.0
AOI-0003,2019,история полигона,89,6,1.2189598486944868,0.0,True,0.8760697838063716,128,0.18035009941998403,0.6957196843863875,91,168.0,103.32622460131851,213,1.3963447959069264,-19,0,1.3239065284592073,-10.0
AOI-0003,2020,история полигона,88,2,-0.7485628757810101,0.4084507042253521,True,0.7324255674629414,157,0.08619362532619863,0.6462319421367427,113,178.0,60.02037250305091,213,1.132268956426937,16,21,0.742658002776833,1.0
AOI-0003,2021,история полигона,74,7,-0.005090072951169321,0.028169014084507043,True,0.7857296359498032,150,0.16889836719326526,0.6168312687565379,108,182.0,79.1086596568353,213,1.243620683243347,4,17,0.9923479832319072,6.0
AOI-0003,2022,история полигона,75,2,0.0676248831207313,0.18779342723004694,True,0.5211212421388999,120,0.1759335233908138,0.34518771874808607,91,144.0,73.65058722560926,213,0.7857962503505795,-28,0,0.9198660262171361,-33.0
AOI-0003,2023,история полигона,87,3,0.30827636264814995,0.0,True,0.838339309502899,135,0.17407799109281044,0.6642613184100886,91,180.0,92.85398949085732,213,1.3322505036075794,-12,0,1.1788238716006438,4.0
AOI-0003,2024,история полигона,78,1,-0.6122172168617045,0.18779342723004694,True,0.6931824982170522,140,0.16049207825502837,0.5326904199620239,92,162.0,65.03335683305967,213,1.0854642092706694,-7,0,0.8083192664630243,-20.0
AOI-0003,2025,история полигона,75,5,0.2897797922082832,0.0,True,0.8404100379260694,123,0.1756215869475576,0.6647884509785118,91,166.0,88.10473684468352,213,1.32661513194605,-24,0,1.114364958144092,-12.0
AOI-0004,2010,история полигона,27,2,-1.1668697877814784,0.43661971830985913,True,0.5280915657423353,232,0.21422125551034576,0.3138703102319895,121,258.0,83.86628789916685,204,0.7392517658207893,82,20,0.8118675711255418,43.0
AOI-0004,2011,история полигона,30,5,-1.3971623286115062,0.460093896713615,True,0.7306588899931327,141,0.2197757821958962,0.5108831077972364,122,189.0,81.1287972795198,196,1.0499012062206228,-9,20,0.7851537637669656,-37.0
AOI-0004,2012,история полигона,25,0,-0.36844527793508447,0.2347417840375587,True,0.6703506251629815,150,0.20582337845331,0.4645272467096715,96,186.0,95.54629059664109,207,0.9604346136408585,0,-8,0.9314860141277722,-31.0
AOI-0004,2013,история полигона,20,3,0.4250800471556346,0.23943661971830985,True,0.6447320553025501,200,0.17574558105631838,0.4689864742462317,103,272.0,101.11057044449721,192,0.9195558661287893,50,1,0.990747498899767,58.0
AOI-0004,2014,история полигона,32,4,-0.6738943541380655,0.5117370892018779,True,0.7176874435588033,141,0.14727118817323376,0.5704162553855696,98,198.0,93.05218118677502,205,1.0321813168041203,-9,-4,0.9065978597056507,-25.0
AOI-0004,2015,история полигона,30,2,-0.2627880268995495,0.20187793427230047,True,0.7374441308685291,158,0.11555044311267325,0.6218936877558559,104,240.0,98.84098077151997,207,1.0616221972830437,9,3,0.9659263435411591,21.0
AOI-0004,2016,история полигона,31,2,0.49716701564297944,0.07511737089201878,True,0.783209189592128,149,0.2635017420680807,0.5197074475240473,99,210.0,110.87850663178934,212,1.134351635803857,-1,-4,1.0913234170574428,-8.0
AOI-0004,2017,история полигона,45,1,0.5808241690704611,0.0,True,0.7431431471655301,157,0.20867345616256652,0.5344696910029636,104,219.0,107.42974064803661,212,1.071078518016656,8,2,1.0551952778696772,0.0
AOI-0004,2018,история полигона,49,0,-0.4522848442444846,0.18309859154929578,True,0.6491820998421161,146,0.22889346175675038,0.42028863808536565,98,184.0,94.83468291606262,213,0.9278557910524514,-4,-4,0.9234373637656718,-36.0
AOI-0004,2019,история полигона,65,4,0.4081398460687181,0.03286384976525822,True,0.7531157107794422,146,0.28756465240106344,0.46555105837837873,102,179.0,107.97955996174396,213,1.0874528326363224,-4,0,1.0608617245243712,-41.0
AOI-0004,2020,история полигона,66,1,-0.019713257057496207,0.07511737089201878,True,0.7550669830556903,158,0.27238685342664654,0.4826801296290438,112,214.0,101.70784764802008,213,1.0875821304323834,9,10,0.9940288043171497,-4.0
AOI-0004,2021,история полигона,56,6,0.2805350109957456,0.06103286384976526,True,0.7927682359006966,150,0.22773369520066414,0.5650345407000325,105,211.0,107.51527271978216,213,1.1492646938112507,0,3,1.0558061775198806,-10.0
AOI-0004,2022,история полигона,57,1,0.678766662661908,0.009389671361502348,True,0.766789467995423,149,0.2037465768685113,0.5630428911269117,100,200.0,110.67643389515919,213,1.108810244659858,-1,-2,1.0891575693382758,-19.0
AOI-0004,2023,история полигона,54,2,1.287590568773644,0.014084507042253521,True,0.7964205497497893,162,0.15917550531540162,0.6372450444343877,104,241.0,115.93962988162995,198,1.1545801511537268,12,2,1.1482930488235248,23.0
AOI-0004,2024,история полигона,57,1,-0.017226464119725126,0.0,True,0.6493620309219823,150,0.26858459312421495,0.38077743779776735,100,230.0,101.71019523771591,213,0.9285021214200168,0,-3,0.9943266568365821,14.0
AOI-0004,2025,история полигона,49,3,-0.028280444057006752,0.1784037558685446,True,0.6540021285124132,155,0.31660328039148905,0.3373988481209242,97,201.0,100.2178799920154,207,0.9345345256974554,6,-6,0.9812756945179355,-20.0
AOI-0005,2025,среднее по культуре (истории полигона нет),54,6,0.20472255540213397,0.0,True,0.6345401990769407,150,0.24811654557917806,0.38642365349776264,91,192.0,90.96881999138319,210,1.06075115223504,3,0,1.0647489778519603,-3.0
AOI-0006,2025,среднее по культуре (истории полигона нет),51,9,-0.38197197441060937,0.19718309859154928,True,0.6524773654680084,166,0.182220823969136,0.4702565414988724,91,208.0,70.78073054076324,210,1.0907364391322842,19,0,0.8284565030307236,13.0
AOI-0007,2010,история полигона,28,0,0.10254586337160458,0.03755868544600939,True,0.6660583701085578,141,0.08732946443133938,0.5787289056772185,91,166.0,74.53733790871804,213,1.16108163713549,-3,0,1.0656860676357336,-12.0
AOI-0007,2011,история полигона,27,3,0.334802625447393,0.19248826291079812,True,0.5664308552993016,194,0.1495592330681164,0.41687162223118523,91,228.0,66.41450210749065,195,0.9516381862894945,51,0,0.9459761020018832,52.0
AOI-0007,2012,история полигона,20,3,0.1278394462699477,0.06103286384976526,True,0.6579316167533164,125,0.1525256490670947,0.5054059676862217,113,156.0,57.16536309027791,184,1.1317657523888938,-19,21,0.8124932832227489,-22.0
AOI-0007,2013,история полигона,28,0,-0.0384772385795344,0.2300469483568075,True,0.6483435834701261,177,0.13623571126979586,0.5121078722003303,117,211.0,68.91724416869758,213,1.0931637223136277,33,26,0.97954996836114,37.0
AOI-0007,2014,история полигона,31,4,-0.3829027800765941,0.1267605633802817,True,0.7618432891405748,136,0.12101581657571586,0.6408274725648588,92,163.0,64.92577320681724,204,1.3356295485558796,-9,1,0.9204547444184273,-16.0
AOI-0007,2015,история полигона,30,3,-0.13884198111254797,0.0,True,0.7162433725935637,142,0.16158109034936793,0.5546622822441958,91,168.0,66.56648463844876,206,1.2565201416535958,-2,0,0.9461415335710344,-11.0
AOI-0007,2016,история полигона,30,3,0.8428364740372292,0.0892018779342723,True,0.6781323872496597,193,0.18219285849615025,0.4959395287535095,120,234.0,83.3685767840251,213,1.153625710168171,50,28,1.203559828335067,59.0
AOI-0007,2017,история полигона,55,2,-0.3802097654031987,0.051643192488262914,True,0.6900815711981416,147,0.14908206670798865,0.540999504490153,100,174.0,62.03464991963551,205,1.2062775380920083,4,9,0.877995150762162,-4.0
AOI-0007,2018,история полигона,41,0,-0.9811100066461491,0.4694835680751174,True,0.24619812147346978,142,0.14171247915867755,0.10448564231479224,91,184.0,41.215595961395834,210,0.4095624304790295,-2,0,0.5714775418845669,7.0
AOI-0007,2019,история полигона,81,3,0.4311902140304137,0.0,True,0.8137923844329176,142,0.14785878356194782,0.6659336008709698,91,165.0,81.80187905505316,213,1.4446493988112508,-2,0,1.179309950909609,-17.0
AOI-0007,2020,история полигона,79,0,-0.30665801343146004,0.19248826291079812,True,0.6934356398446065,127,0.12078733602536036,0.5726483038192461,92,164.0,67.29328684970248,213,1.2020583882195424,-17,0,0.9573353140546819,-15.0
AOI-0007,2021,история полигона,71,4,-0.1464561619020626,0.20187793427230047,True,0.7122974513673005,162,0.1574858831059892,0.5548115682613113,125,184.0,63.67091161490454,213,1.212455569870443,19,34,0.9007415605598786,10.0
AOI-0007,2022,история полигона,75,4,0.4943364285704356,0.0,True,0.8704088490617083,147,0.15081412430419203,0.7195947247575163,91,174.0,85.15295404981356,213,1.5550485951027755,4,0,1.2308322483163099,-4.0
AOI-0007,2023,история полигона,74,2,0.6355804716988039,0.23943661971830985,True,0.813053938398244,180,0.03847185960633971,0.7745820787919043,91,228.0,84.50126893754674,213,1.3687476283908968,37,0,1.218884157214818,56.0
AOI-0007,2024,история полигона,68,1,-0.08669947174609678,0.051643192488262914,True,0.7874683189141639,128,0.1427647816441588,0.6447035372700052,92,157.0,71.47215685286051,213,1.3790322142628888,-16,0,1.0208487815215117,-22.0
AOI-0007,2025,история полигона,74,6,-0.07591845091046678,0.056338028169014086,True,0.7528849080929747,145,-0.034648932426862164,0.7875338405198369,100,173.0,64.49294476811095,210,1.3269846911112975,2,9,0.9142284917006094,-6.0
AOI-0008,2010,история полигона,26,2,-0.12448175691927908,0.0,True,0.5202532506873794,144,0.14008317546852947,0.38017007521884993,108,192.0,57.81100744552373,196,0.8596054667519499,5,17,0.8406381208178777,23.0
AOI-0008,2011,история полигона,25,1,-0.01172180366510904,0.0,True,0.6628487485216338,141,0.1502010245940894,0.5126477239275444,91,168.0,64.81614096627473,195,1.1134901240144737,1,0,0.9451863358653678,-2.0
AOI-0008,2012,история полигона,20,0,0.3343754749357198,0.03755868544600939,True,0.5582544358783844,126,0.20800091546100533,0.3502535204173791,99,154.0,65.63217987999982,205,0.920649926665359,-15,7,0.9592344948314875,-16.0
AOI-0008,2013,история полигона,26,0,0.18962137427446402,0.27230046948356806,True,0.425776076428197,176,0.21900292713516345,0.20677314929303353,91,189.0,59.29032758644631,213,0.690833714943583,37,0,0.8573130413840556,20.0
AOI-0008,2014,история полигона,31,3,-0.9777833902025801,0.3051643192488263,True,0.5159674502182152,123,0.14103587510623072,0.3749315751119845,92,142.0,46.668035330537506,192,0.836290251691469,-18,1,0.6683827196856219,-28.0
AOI-0008,2015,история полигона,28,4,-0.11718531697011896,0.023474178403755867,True,0.7295440477123218,138,0.148532921833336,0.5810111258789858,91,172.0,70.24963038475482,190,1.234753011075967,-2,0,1.0303405803541303,2.0
AOI-0008,2016,история полигона,28,0,0.8810254564182558,0.004694835680751174,True,0.8052516441619866,126,0.16599019973595044,0.6392614444260362,92,162.0,84.85210075479262,213,1.3575078056143794,-15,0,1.2631290749582298,-9.0
AOI-0008,2017,история полигона,52,2,-0.29011101703293984,0.23943661971830985,True,0.7082728900378421,150,0.04717509732914688,0.6610977927086952,91,179.0,61.76095091892202,205,1.181664253533843,12,0,0.8967126669546208,10.0
AOI-0008,2018,история полигона,40,1,-0.46021906247685024,0.3145539906103286,True,0.6964473134519233,124,0.10404312204796215,0.5924041914039612,91,161.0,63.321272436251135,210,1.1675370618531116,-17,0,0.9208681898751903,-9.0
AOI-0008,2019,история полигона,77,5,0.5938863665607956,0.15492957746478872,True,0.8210554724460691,131,0.13716271834509355,0.6838927541009756,99,161.0,78.27143933666939,205,1.4019145483246163,-10,8,1.158135564055287,-10.0
AOI-0008,2020,история полигона,77,8,-0.005020937200561712,0.38967136150234744,True,0.5525330988658038,181,0.13754591420478537,0.41498718466101847,122,202.0,58.50814943226051,213,0.8936063255736072,43,30,0.8471875895008628,34.0
AOI-0008,2021,история полигона,70,8,0.9460725838053549,0.07042253521126761,True,0.8408877243441841,137,0.14657736388594098,0.6943103604582431,91,162.0,82.25333501974356,213,1.4401230798031646,-4,0,1.2176736409125246,-9.0
AOI-0008,2022,история полигона,73,1,-0.20340473291389355,0.13145539906103287,True,0.7415712768440229,153,0.14578680123175727,0.5957844756122657,107,174.0,65.10100690896014,213,1.2429439135343514,15,16,0.9469627357786802,5.0
AOI-0008,2023,история полигона,68,6,0.7500212755362169,0.009389671361502348,True,0.8835010589515035,136,0.13781336437126365,0.7456876945802399,91,173.0,93.1145284302197,213,1.5208211181760416,-4,0,1.3949812331494131,4.0
AOI-0008,2024,история полигона,64,1,-1.186169105705119,0.5633802816901409,True,0.22981587675770326,116,0.14773196024465926,0.082083916513044,92,142.0,37.04753763682631,213,0.3667314285026619,-24,0,0.5255031793223759,-29.0
AOI-0008,2025,история полигона,69,5,0.2245172147099574,0.0,True,0.8744930117998064,117,0.14597110124975612,0.7285219105500503,91,170.0,84.8549019939845,210,1.4993817448385551,-23,0,1.2613949139908027,1.0
AOI-0009,2025,среднее по культуре (истории полигона нет),72,2,-0.4320343639102936,0.4460093896713615,True,0.8193023725135471,127,0.14407228415534235,0.6752300883582047,93,157.0,73.9932258330272,210,1.369615253591314,-20,2,0.8660573104185326,-38.0
AOI-0010,2010,история полигона,23,0,0.04844861316342693,0.0,True,0.6758820479108179,140,0.1724976564759163,0.5033843914349015,91,162.0,72.59874134707047,213,1.0632209746121655,10,0,1.0355060630842479,0.0
AOI-0010,2011,история полигона,21,0,0.3559575912226784,0.06103286384976526,True,0.7072042007479561,142,0.18048351591926654,0.5267206848286896,91,166.0,70.93133510266462,204,1.1139224115582511,12,0,1.012214353530085,5.0
AOI-0010,2012,история полигона,17,1,-0.937291674918019,0.4225352112676056,True,0.39141664641959667,116,0.048855679241458096,0.34256096717813855,92,147.0,43.53946549268213,196,0.5946119307738741,-14,0,0.6072673890750444,-16.0
AOI-0010,2013,история полигона,21,3,0.2781700287098153,0.004694835680751174,True,0.8811960946733632,130,0.1731003490250883,0.7080957456482749,92,151.0,74.67486365301201,185,1.423114840771202,-4,1,1.0687271887368401,-12.0
AOI-0010,2014,история полигона,26,2,-0.6914399052805991,0.2676056338028169,True,0.76027273218997,116,0.11900364332603959,0.6412690888639304,92,164.0,63.750091685422944,184,1.2029702643395301,-14,1,0.9041275086848596,2.0
AOI-0010,2015,история полигона,25,0,-1.326485394330218,0.4647887323943662,True,0.27839573190310246,129,0.1381913205720222,0.14020441133108025,102,158.0,39.35487071979735,204,0.4227679333719457,-1,11,0.5442094245511344,-4.0
AOI-0010,2016,история полигона,25,4,0.49381975821896096,0.028169014084507043,True,1.193872065842709,104,0.14663434807754222,1.0472377177651668,104,148.0,74.79862644897577,190,1.9030286290998029,-26,12,1.0780468028612091,-15.0
AOI-0010,2017,история полигона,48,1,-0.22078858709590113,0.09859154929577464,True,0.6939297983817201,130,0.14093280036329456,0.5529969980184255,96,170.0,68.07153804409815,206,1.1001649827271005,0,5,0.9685545542461493,9.0
AOI-0010,2018,история полигона,36,3,-0.4843912425012546,0.38028169014084506,True,0.8033305090148622,122,0.11307162134658907,0.6902588876682731,91,161.0,71.11742341149213,210,1.2832109437289516,-8,0,1.0137536310075863,-1.0
AOI-0010,2019,история полигона,65,4,0.12458467274035272,0.107981220657277,True,0.7891770344725442,136,0.13243800953897164,0.6567390249335725,91,159.0,75.499967357311,213,1.2616475663434532,6,0,1.0800731489702495,-3.0
AOI-0010,2020,история полигона,66,0,-0.5716644790873009,0.3333333333333333,True,0.7110680617418482,92,0.1422924838417943,0.568775577900054,92,154.0,66.19941001345393,213,1.1206015709911057,-38,0,0.9409517932942394,-8.0
AOI-0010,2021,история полигона,58,1,0.6373549826435292,0.3145539906103286,True,0.3734022020666034,117,0.22243556533761868,0.15096663672898472,91,133.0,62.94866339166435,213,0.5691512290677984,-13,0,0.889187940347643,-29.0
AOI-0010,2022,история полигона,56,2,1.2355324857105952,0.0,True,0.7631165258576486,138,0.21726237615846783,0.5458541496991807,91,170.0,89.36289721662527,213,1.2161331256943686,8,0,1.296489169500532,9.0
AOI-0010,2023,история полигона,61,3,1.3245448546488328,0.004694835680751174,True,0.7005282461639467,149,0.12122139812048763,0.5793068480434591,91,182.0,88.48853727511188,213,1.1084747778529045,19,0,1.281976994681529,21.0
AOI-0010,2024,история полигона,50,0,0.01815368196872093,0.0,True,0.7723535181449113,127,0.18251425096115503,0.5898392671837562,92,156.0,74.48283653185563,213,1.2336636472625773,-3,0,1.0675663759500535,-7.0
AOI-0010,2025,история полигона,63,2,-0.2179551151179106,0.12206572769953052,True,0.7105566665281347,138,0.1513862193994128,0.5591704471287219,94,161.0,67.10056045946321,211,1.1246822262609197,8,3,0.9525203689642737,-1.0
AOI-0011,2010,история полигона,29,3,0.19908008982731307,0.24882629107981222,True,1.8748213132952265,103,0.11528682311611434,1.7595344901791121,103,105.0,73.99118374031065,201,2.6862155492839745,-38,12,0.9495772242855306,-68.0
AOI-0011,2011,история полигона,25,0,-0.4201812873288182,0.15023474178403756,True,0.7357704313472487,134,0.1365978507279777,0.599172580619271,91,166.0,68.77845437981506,204,1.0914526029197669,-9,0,0.8759174845897449,-9.0
AOI-0011,2012,история полигона,21,4,-0.48648008736746373,0.15023474178403756,True,0.6407179920708399,136,0.04651419158081061,0.5942038004900293,113,167.0,53.98234760290735,175,0.943437339969253,-7,21,0.6872876586077534,-10.0
AOI-0011,2013,история полигона,28,1,-0.12325879925099349,0.3145539906103286,True,0.660623669612591,176,0.17841210954354475,0.48221156006904625,126,208.0,69.46987268949516,206,0.9481845721832207,34,35,0.8839540482339925,36.0
AOI-0011,2014,история полигона,32,3,-0.4634086979059133,0.2535211267605634,True,0.7858008581175816,133,0.11604068285288746,0.6697601752646941,92,163.0,71.07715026300096,204,1.1698102619888324,-12,1,0.9067140722930302,-13.0
AOI-0011,2015,история полигона,28,3,0.04221008424715265,0.0,True,0.796200654306715,139,0.1598057016530611,0.636394952653654,91,168.0,78.58752562687374,206,1.1907145919342474,-4,0,1.0088183600251257,-7.0
AOI-0011,2016,история полигона,31,8,0.37715626130319624,0.009389671361502348,True,0.8037478458822935,145,-0.17974285403349552,0.9834906999157891,114,229.0,74.62081196518935,187,1.2033463300239609,3,22,0.9651204285918233,52.0
AOI-0011,2017,история полигона,57,2,-0.013346179877208923,0.0,True,0.80779779244994,143,0.15594657378693125,0.6518512186630088,91,173.0,81.25146308983895,209,1.2102101343356568,1,0,1.0449812585484388,-2.0
AOI-0011,2018,история полигона,41,0,-0.6586613441177468,0.2863849765258216,True,0.7060700114023779,141,0.1330462008415906,0.5730238105607873,91,165.0,64.77711987841303,210,1.047114239369878,-2,0,0.8209410020714596,-10.0
AOI-0011,2019,история полигона,82,2,-0.27380620312856446,0.20657276995305165,True,0.6927135143566578,152,0.17941017086851233,0.5133033434881455,118,170.0,66.53951808398753,213,1.0164411752139964,12,27,0.8438066681454657,-5.0
AOI-0011,2020,история полигона,82,2,-0.37599107178592134,0.24413145539906103,True,0.7581074124149512,129,0.0828297009382939,0.6752777114766573,92,169.0,74.19251156198226,213,1.1275357051521187,-14,0,0.9502645605941948,-6.0
AOI-0011,2021,история полигона,71,5,1.670936425110092,0.0,True,0.8438086701801338,139,0.17072690588219164,0.6730817642979422,91,175.0,96.51355868227853,213,1.2673238916460217,-4,0,1.2582903465575797,-1.0
AOI-0011,2022,история полигона,75,1,-0.05068845293956556,0.04225352112676056,True,0.8154643106572489,148,0.07978032307007193,0.735683987587177,91,175.0,80.33246514512396,213,1.2209180850845522,6,0,1.0315920248953865,1.0
AOI-0011,2023,история полигона,74,1,0.6285104750924217,0.0,True,0.8031909080875432,134,0.22111879726590927,0.582072110821634,91,175.0,92.85152044020892,213,1.2007692938125512,-9,0,1.206356085095834,1.0
AOI-0011,2024,история полигона,69,2,0.7277601089794851,0.2863849765258216,True,0.6920271899634816,176,0.1756831991770647,0.5163439907864169,116,233.0,83.43445226110285,213,0.9953301678717446,34,24,1.076371436428084,57.0
AOI-0011,2025,история полигона,72,3,-0.1308297805640205,0.11737089201877934,True,0.8140956584223691,121,0.1673238457550976,0.6467718126672715,94,155.0,77.8900665218111,209,1.2074792572927044,-23,3,1.0004153090818098,-21.0
AOI-0012,2025,среднее по культуре (истории полигона нет),68,4,-0.7611131009713882,0.39906103286384975,True,0.6076257338720106,140,0.03203330323987099,0.5755924306321396,100,162.0,58.705128603162855,211,1.0157586521232262,-7,9,0.6871170328559422,-33.0
AOI-0013,2010,история полигона,30,2,-1.1649746522340056,0.6572769953051644,True,0.699814433434379,112,0.1351717917359207,0.5646426416984582,91,149.0,75.34620821198192,210,1.4300125986470529,-66,-8,0.8053326728568933,-128.0
AOI-0013,2011,история полигона,37,6,-0.8017274054172899,0.5117370892018779,True,0.5399344072355361,189,0.16472339816490772,0.3752110090706284,109,211.0,75.89092580907922,194,1.1060958130640803,15,9,0.813602357889614,-18.0
AOI-0013,2012,история полигона,26,0,-0.1999104887553091,0.24882629107981222,True,0.6033951584600976,172,0.26049589865930467,0.34289925980079294,92,193.0,86.66874431339703,208,1.2587727838767733,-2,-7,0.9343278010945829,-79.0
AOI-0013,2013,история полигона,31,2,0.08423326914239455,0.09389671361502347,True,0.6169266884477949,154,0.21034078600250108,0.4065859024452938,106,177.0,92.32454353088089,188,1.2545993546563508,-20,7,0.9996383833534542,-47.0
AOI-0013,2014,история полигона,39,1,-0.6200633656057652,0.4788732394366197,True,0.5781898222593085,112,0.3150259969495888,0.26316382530971966,91,139.0,83.87450761549087,213,1.1666455166001244,-62,-9,0.901745727666357,-128.0
AOI-0013,2015,история полигона,36,5,-0.34090535804658195,0.23943661971830985,True,0.6111849936179601,185,0.18179523503691705,0.429389758581043,104,218.0,83.06038042387023,201,1.265914564124183,11,4,0.8932400601509878,-19.0
AOI-0013,2016,история полигона,39,0,1.1960223957868072,0.0,True,0.6634745131150127,242,0.3661568558311553,0.2973176572838574,124,279.0,111.83608191424605,213,1.3566959213623335,68,24,1.22659749353324,64.0
AOI-0013,2017,история полигона,53,3,0.3933657411404562,0.0,True,0.5915477940943334,178,0.22409640849733048,0.36745138559700297,102,280.0,96.06487494619796,211,1.2307675070890467,4,2,1.0428341959625804,56.0
AOI-0013,2018,история полигона,48,1,-1.1253517120938017,0.5352112676056338,True,0.3853665824333913,243,0.09480888740686155,0.2905576950265297,91,298.0,72.98175316833238,212,0.775269685389083,69,-10,0.7784801626118902,76.0
AOI-0013,2019,история полигона,70,3,0.16601805202687997,0.0,True,0.5776017587258977,219,0.25971337458459576,0.31788838414130194,107,298.0,95.12365746248614,213,1.1719250394950191,45,6,1.03107676190262,83.0
AOI-0013,2020,история полигона,78,3,-0.32525049339717,0.09859154929577464,True,0.5052825664304819,193,0.32612082797068226,0.1791617384597996,122,241.0,86.22363008015012,213,1.033049353052736,19,22,0.9278338310588583,19.0
AOI-0013,2021,история полигона,67,0,0.3183008656878724,0.03286384976525822,True,0.5617175050546953,151,0.2287036790938479,0.3330138259608474,110,277.0,96.35269159448993,213,1.1571060882757833,-23,11,1.045591552661845,56.0
AOI-0013,2022,история полигона,64,1,0.4934162904909951,0.0,True,0.6532462133188679,93,0.3864996001368478,0.2667466131820201,91,131.0,102.84947677382512,213,1.3256277053263215,-81,-7,1.1213060051276416,-138.0
AOI-0013,2023,история полигона,68,3,0.47478432832998835,0.03755868544600939,True,0.5496315953996022,176,0.15273281280336057,0.39689878259624156,91,291.0,101.33933568756223,213,1.1367629245904984,2,-9,1.1033936018811372,54.0
AOI-0013,2024,история полигона,70,1,0.2920350639300721,0.004694835680751174,True,0.5301784633342038,164,0.2891022312142754,0.2410762321199284,103,276.0,97.23968000859715,213,1.0914618489226748,-10,3,1.054657073454709,56.0
AOI-0013,2025,история полигона,73,2,0.9806882113713319,0.0,True,0.6728828197111827,91,0.4600546862820375,0.2128281334291452,91,113.0,112.47967594133874,213,1.377960433250064,-83,-6,1.235397773902242,-154.0
AOI-0014,2010,история полигона,30,1,-0.03321538018149022,0.0892018779342723,True,0.7581175318995805,131,0.0923922133877365,0.665725318511844,95,178.0,79.89802832003105,209,1.1971809036444159,-19,4,1.0211733281499054,-14.0
AOI-0014,2011,история полигона,29,0,0.21689389206293433,0.16901408450704225,True,0.6499825679737238,168,0.1337537064791585,0.5162288614945653,115,216.0,77.54256018627771,204,1.0105007799752381,18,24,0.9894383653598626,30.0
AOI-0014,2012,история полигона,23,1,-0.31266377956821195,0.09389671361502347,True,0.6351788462220188,143,0.15685925374542126,0.47831959247659755,93,169.0,69.16475669044887,208,0.9866362866207495,-8,1,0.8778372842819938,-28.0
AOI-0014,2013,история полигона,30,2,0.5744967102737081,0.3004694835680751,True,0.7412819401108136,182,0.16061917283472862,0.580662767276085,128,224.0,81.881459778969,209,1.1378954416995626,32,37,1.0481572789644067,39.0
AOI-0014,2014,история полигона,40,2,-0.2360915884240599,0.051643192488262914,True,0.7446382514609543,142,0.027887038013091628,0.7167512134478626,102,173.0,68.3689053419615,211,1.1710097379834061,-8,11,0.8644732604068606,-18.0
AOI-0014,2015,история полигона,43,0,-0.18348416098235684,0.03755868544600939,True,0.7524435675326216,152,0.13225427589855868,0.620189291634063,91,174.0,75.63104779413898,213,1.187548958144525,2,0,0.96193412132893,-17.0
AOI-0014,2016,история полигона,42,4,0.48242494695430416,0.28169014084507044,True,0.7532801650742302,178,0.15103481496218002,0.6022453501120502,128,223.0,82.66400304921612,213,1.1543673099132048,31,36,1.0601713657148115,33.0
AOI-0014,2017,история полигона,57,1,0.032973908699493695,0.13615023474178403,True,0.8199846660014679,130,0.13336146876560653,0.6866231972358614,91,175.0,83.5144893255811,210,1.3009175364492287,-20,0,1.0702909936275842,-17.0
AOI-0014,2018,история полигона,55,1,-0.27894464985143125,0.1643192488262911,True,0.7319317184987626,122,0.15477738559475945,0.5771543329040032,91,163.0,73.21720266787621,212,1.1411748029646371,-29,0,0.9298858946416639,-29.0
AOI-0014,2019,история полигона,77,6,0.6815218096260924,0.18309859154929578,True,0.8253676666792882,166,0.16813326975961143,0.6572343969196768,130,211.0,85.51808843336929,203,1.2857164419008449,19,39,1.1006133504638407,25.0
AOI-0014,2020,история полигона,79,1,-0.4798017070441746,0.41784037558685444,True,0.7195536629649802,125,0.07257415995963729,0.6469795030053429,92,168.0,71.02107168083367,213,1.1260052124603592,-25,0,0.9020051882413171,-27.0
AOI-0014,2021,история полигона,70,1,-0.10003251381063634,0.11737089201877934,True,0.8166734276571203,139,0.14291802788591224,0.673755399771208,94,179.0,79.19492926061048,213,1.2946208872604694,-11,3,1.0102802019318482,-13.0
AOI-0014,2022,история полигона,73,2,0.02270295030001161,0.29107981220657275,True,0.7890760432620247,190,0.12075398612443092,0.6683220571375939,114,225.0,78.67624418559073,213,1.1906954527466678,41,23,1.0029613452766533,42.0
AOI-0014,2023,история полигона,77,3,0.1424376238587683,0.051643192488262914,True,0.8418583407768173,133,0.10302287447891742,0.7388354662978999,91,182.0,88.16407383063915,213,1.332885866282167,-17,0,1.1338171510427821,-9.0
AOI-0014,2024,история полигона,66,0,-0.1829011372682249,0.3286384976525822,True,0.8593313389398926,127,0.14252053530086253,0.71681080363903,92,162.0,79.65139565955693,213,1.3550085681776185,-26,0,1.0193889063490995,-39.0
AOI-0014,2025,история полигона,76,2,-0.047761299332813756,0.2863849765258216,True,0.48421976301847575,157,0.16181460343579696,0.3224051595826788,91,215.0,68.67662567718885,213,0.7393216885509063,10,0,0.8688550310216189,27.0
AOI-0015,2010,история полигона,33,1,-0.33337436065464415,0.3051643192488263,True,0.61692468447797,193,0.061260550883462155,0.5556641335945078,110,228.0,67.3916483954812,213,1.0088437969877766,50,17,0.8971919132353254,42.0
AOI-0015,2011,история полигона,41,1,-0.007695919580867523,0.107981220657277,True,0.7081353566940742,160,0.16166077227972245,0.5464745844143518,118,186.0,70.15585498963775,213,1.1817222922354114,17,24,0.9364603524419601,-4.0
AOI-0015,2012,история полигона,29,7,0.12854953975459957,0.12206572769953052,True,0.6904753606747338,102,-0.14909839776467002,0.8395737584394038,94,103.0,71.10146994846555,184,1.1432386486201003,-45,2,0.9574675686576487,-93.0
AOI-0015,2013,история полигона,35,1,-0.14271409951188543,0.14084507042253522,True,0.7029206850918794,127,0.1648151672123035,0.538105517879576,91,156.0,69.75434668538941,213,1.171754468725809,-16,-3,0.9311608287512874,-37.0
AOI-0015,2014,история полигона,44,1,0.17306186135091414,0.07042253521126761,True,0.7697796257898671,136,0.1407589065068725,0.6290207192829946,98,166.0,76.08215071681721,211,1.3077150335329788,-7,5,1.021903476369548,-29.0
AOI-0015,2015,история полигона,49,2,0.22598148826819184,0.2676056338028169,True,0.7216201760548298,203,0.15515285002916912,0.5664673260256606,91,232.0,77.60833693543086,213,1.1620708821910561,60,-3,1.0426846280647566,48.0
AOI-0015,2016,история полигона,49,1,0.2572253117312235,0.004694835680751174,True,0.7568248217821865,136,0.11247684756035452,0.644347974221832,92,173.0,81.7193664699703,213,1.2848453530093478,-7,0,1.1042007042288373,-32.0
AOI-0015,2017,история полигона,69,1,-0.019280540840326214,0.0,True,0.7654123471032962,150,0.1519581447803434,0.6134542023229528,102,178.0,72.85064126510152,211,1.2988632170430903,7,8,0.9753170107157241,-15.0
AOI-0015,2018,история полигона,62,2,-0.13907826385284794,0.0,True,0.6000485890139107,134,0.13442438150500052,0.46562420750891015,91,175.0,71.79114986164589,213,0.9993116438628424,-9,-3,0.9599655520000007,-17.0
AOI-0015,2019,история полигона,90,5,0.42543251425119577,0.0,True,0.6684014327274932,156,0.17368335146211228,0.4947180812653809,91,218.0,83.24390050712438,213,1.1124738168826758,13,-3,1.124559202257843,30.0
AOI-0015,2020,история полигона,93,2,-0.44225136078068056,0.215962441314554,True,0.6516229423778377,152,0.062044940916946234,0.5895780014608915,92,179.0,68.39745766074121,213,1.0894355625453251,9,0,0.9128416136672196,-22.0
AOI-0015,2021,история полигона,80,6,-0.04255112544302139,0.08450704225352113,True,0.785665369887516,161,0.12769127984188802,0.657974090045628,101,182.0,73.5169794489014,213,1.3282630605641252,18,7,0.9845730773147703,-12.0
AOI-0015,2022,история полигона,85,2,0.24771427884520125,0.06103286384976526,True,0.8326928481019691,150,0.14335964971997986,0.6893331983819893,91,177.0,85.26893057236651,213,1.4260454800930509,7,-4,1.1545239379152201,-19.0
AOI-0015,2023,история полигона,85,7,0.9055962825560846,0.24882629107981222,True,0.764318152397896,216,0.15571941820207352,0.6085987341958226,109,241.0,85.17215263976385,213,1.2203849714570376,73,15,1.152130820907792,58.0
AOI-0015,2024,история полигона,83,0,-0.45559883994882205,0.6244131455399061,True,0.7592932838712346,128,0.11541069513066139,0.6438825887405732,92,163.0,70.19684340740672,213,1.2862876037226203,-15,0,0.938874730480129,-47.0
AOI-0015,2025,история полигона,73,3,-0.35717549080037486,0.11737089201877934,True,0.4925769247225262,143,0.07181493655290379,0.4207619881696224,100,193.0,59.515049780086564,206,0.8108318399150451,0,7,0.7879391311137368,2.0
AOI-0016,2025,среднее по культуре (истории полигона нет),76,4,-0.09247744237595526,0.28169014084507044,True,0.7815228902664552,184,0.016658061641676616,0.7648648286247786,101,229.0,81.2454717991894,210,1.3064598705553105,37,10,0.9509415760420028,34.0
AOI-0017,2010,история полигона,29,0,-0.36532718301099604,0.10328638497652583,True,0.5612892287352501,195,0.2626248603003611,0.298664368434889,106,247.0,93.47225731578811,213,0.9618432194606454,52,5,0.9138974390117209,51.0
AOI-0017,2011,история полигона,31,0,-0.10171284107356929,0.046948356807511735,True,0.5882167848174042,149,0.2358498337098013,0.35236695110760297,105,,94.70566277953941,204,1.0142282513490675,-2,4,0.9291859864619485,
AOI-0017,2012,история полигона,26,1,0.10669369154598612,0.0,True,0.6683734972392276,170,0.30128179833091706,0.3670916989083105,101,210.0,99.37534178317472,203,1.143483534588176,27,0,0.9778398069000931,13.0
AOI-0017,2013,история полигона,28,0,0.30119221171873756,0.0,True,0.5492908888199652,163,0.35547170821102864,0.1938191806089366,91,209.0,106.86425252280816,209,0.9395405761342264,12,-10,1.0545687896188345,5.0
AOI-0017,2014,история полигона,39,0,-0.1653294416794457,0.0,True,0.671802646240204,140,0.33748589859467026,0.33431674764553376,91,183.0,98.27883169966267,213,1.1608360384519012,-14,-10,0.9640410326325278,-25.0
AOI-0017,2015,история полигона,35,1,-0.17569056242187533,0.046948356807511735,True,0.631910340497991,180,0.282023847834258,0.349886492663733,113,223.0,97.24688145890326,207,1.0821885460140543,30,12,0.9535944057853613,27.0
AOI-0017,2016,история полигона,34,1,0.7847178199549943,0.0,True,0.9803575077791183,101,0.4361109291259478,0.5442465786531705,101,105.0,113.99984862683101,204,1.710116943939276,-52,6,1.1328360749611819,-106.0
AOI-0017,2017,история полигона,65,1,0.5618926796560952,0.0,True,0.6986920665687829,177,0.2957346537222185,0.4029574128465644,115,264.0,112.01082666464393,211,1.2073401346365653,28,14,1.1092628448138466,68.0
AOI-0017,2018,история полигона,50,3,0.10470222393985208,0.0,True,0.6040001088561775,146,0.3867669107819574,0.2172331980742201,91,185.0,102.33083162946272,210,1.0430468507842288,-5,-10,1.0074527689663413,-21.0
AOI-0017,2019,история полигона,73,9,0.8326743468390106,0.0,True,0.6500764806586906,205,0.3034118134780625,0.3466646671806281,106,303.0,118.93395138948574,213,1.1289699833867346,55,5,1.1826520413120347,104.0
AOI-0017,2020,история полигона,71,2,-0.20444092338406977,0.07042253521126761,True,0.5869705864356696,152,0.27682458945146676,0.3101459969842028,112,266.0,96.55430888598488,213,1.0118345840572367,2,11,0.9455920313364654,65.0
AOI-0017,2021,история полигона,66,6,0.14193690723585847,0.0892018779342723,True,0.6597380398855113,161,0.22737889446166096,0.43235914542385034,106,262.0,103.89996637515964,213,1.138174107846821,18,5,1.022907720716789,65.0
AOI-0017,2022,история полигона,58,1,0.666879817902782,0.0,True,0.6387505214984387,137,0.4218492220057204,0.2169012994927183,91,222.0,117.00112234804155,213,1.104705197759263,-15,-10,1.1622797174753805,19.0
AOI-0017,2023,история полигона,71,1,0.3673139740058349,0.08450704225352113,True,0.6534132893138554,179,0.2740308593290424,0.37938242998481303,91,239.0,110.2317848711509,213,1.1248990912026509,29,-10,1.0898096033810192,39.0
AOI-0017,2024,история полигона,70,1,-2.6676235131138615,0.8779342723004695,True,0.5844621031953432,92,0.1877371612706644,0.3967249419246788,92,118.0,58.94952032101094,213,0.9732080773199919,-51,-9,0.5629786641475178,-90.0
AOI-0017,2025,история полигона,76,0,-0.7177750885728624,0.647887323943662,True,0.8330556065096477,123,0.17343040945616445,0.6596251970534832,91,164.0,88.0295236857679,213,1.447058191364541,-33,-10,0.8578264492316691,-50.0
AOI-0018,2025,среднее по культуре (истории полигона нет),72,0,-0.23478426799231716,0.14084507042253522,True,0.8140513853755793,119,0.158645737013731,0.6554056483618483,91,155.0,81.2497104170395,212,1.360837258650925,-28,0,0.9509911871507741,-40.0
AOI-0019,2010,история полигона,32,2,-0.2882995541726886,0.2300469483568075,True,0.7709387828489561,152,-0.0007040160308904356,0.7716427988798465,96,179.0,75.23598578911174,213,1.1593923339942198,5,5,0.9249071088039916,-6.0
AOI-0019,2011,история полигона,40,5,0.9308828235039097,0.1267605633802817,True,0.6499640898994764,141,0.22295981616041013,0.42700427373906624,112,229.0,88.27742242194847,207,0.9624972102181962,-7,21,1.0982743886897686,46.0
AOI-0019,2012,история полигона,28,0,-0.006299331778788634,0.009389671361502348,True,0.6808819017837571,144,0.16057497060009238,0.5203069311836647,97,180.0,79.44548098539047,208,1.015577053415856,-3,5,0.9829514495632,-6.0
AOI-0019,2013,история полигона,38,2,0.18267650928351825,0.11267605633802817,True,0.5777702140354282,120,0.21654811169167254,0.3612221023437556,91,192.0,81.91567930483886,213,0.8517425384112823,-28,-1,1.0128257181991405,8.0
AOI-0019,2014,история полигона,50,2,-0.5072872981835858,0.460093896713615,True,0.8168084259997413,143,0.12699414073930085,0.6898142852604405,96,174.0,74.81578826646445,211,1.2344069081993596,-4,5,0.9199559388514595,-12.0
AOI-0019,2015,история полигона,48,2,-0.920532860184455,0.5305164319248826,True,0.5506019546904736,142,0.1269121638028198,0.4236897908876538,91,196.0,65.42986545020646,213,0.8108423291609542,-5,0,0.798071729105248,12.0
AOI-0019,2016,история полигона,50,5,1.2793990968712945,0.0,True,0.6708856241596749,138,0.16945644957554892,0.501429174584126,92,234.0,100.24550263363328,213,0.999126719160346,-9,0,1.2609567206645016,49.0
AOI-0019,2017,история полигона,71,0,0.31644819614425934,0.0,True,0.7399474175631681,150,0.19711223829412472,0.5428351792690433,100,188.0,85.86964435096166,211,1.1104604550970467,3,9,1.0653731806638729,4.0
AOI-0019,2018,история полигона,61,1,-0.9449141322805219,0.3286384976525822,True,0.5331417910738645,160,0.12841714513482388,0.4047246459390406,91,211.0,63.13739726192328,213,0.7810533426146294,14,0,0.7686207738364532,28.0
AOI-0019,2019,история полигона,89,3,0.009829502760819625,0.18309859154929578,True,0.7922761634199607,148,0.15346616037876595,0.6388100030411947,91,172.0,82.47551349093536,213,1.195309180896551,1,0,1.020210281812314,-15.0
AOI-0019,2020,история полигона,93,1,-0.35151688474452436,0.07511737089201878,True,0.643090302156766,153,0.08583952908667901,0.557250773070087,92,182.0,76.03074639469764,213,0.9549056178110545,6,0,0.937060049969642,-2.0
AOI-0019,2021,история полигона,84,7,0.17645654976559802,0.2535211267605634,True,0.7656030937315189,165,0.1703744500875141,0.5952286436440049,116,200.0,81.11298482407545,213,1.1312530569436885,19,25,1.002106667150443,18.0
AOI-0019,2022,история полигона,84,3,0.10197046810112614,0.19248826291079812,True,0.8285428731049602,151,0.1605403033341259,0.6680025697708343,91,173.0,85.73410524925944,213,1.254027556451564,4,0,1.063307920762244,-14.0
AOI-0019,2023,история полигона,86,5,0.3960386365463324,0.028169014084507043,True,0.7295359291930922,166,0.06317335386871346,0.6663625753243787,91,221.0,88.50822582261156,213,1.0863246651612113,20,0,1.1000852255092068,39.0
AOI-0019,2024,история полигона,84,1,0.07024590507239109,0.3004694835680751,True,0.8387723070244257,132,0.176122628851127,0.6626496781732987,92,166.0,84.45791441952917,213,1.2659905245935261,-16,0,1.0485447513705886,-24.0
AOI-0019,2025,история полигона,74,3,-0.12275040280419104,0.1267605633802817,True,0.5969204217397562,125,0.18425561114600875,0.4126648105937475,91,183.0,78.02751353927044,211,0.8810998537660591,-22,0,0.9620288468662588,-1.0
AOI-0020,2010,история полигона,32,1,-0.8079601736400661,0.39436619718309857,True,0.5430162551137256,192,0.05742772792320893,0.4855885271905167,106,225.0,59.295555092251774,213,0.8651071069459799,45,14,0.7566346781813356,40.0
AOI-0020,2011,история полигона,40,3,0.8354828104920008,0.0,True,0.7689182748990204,149,0.24964171553079498,0.5192765593682255,100,174.0,89.7863839687869,207,1.2968527154489307,3,8,1.178458177073139,-19.0
AOI-0020,2012,история полигона,28,4,0.39401998544407546,0.107981220657277,True,0.6854915849685569,182,0.1863323588406015,0.4991592261279554,105,214.0,78.88230463854617,180,1.134480026648939,35,13,1.0311059766031438,25.0
AOI-0020,2013,история полигона,37,1,-0.24583995120324847,0.14553990610328638,True,0.47715464828961696,147,0.19172175908587535,0.2854328892037416,91,189.0,66.23742913690856,213,0.7779975257502558,0,-1,0.8505507715920368,-2.0
AOI-0020,2014,история полигона,51,1,-0.4824459424246065,0.17370892018779344,True,0.6237313980702526,137,0.13489230171926664,0.48883909635098594,91,166.0,68.57851199293162,213,1.0278987190155608,-11,-1,0.8825337363589639,-24.0
AOI-0020,2015,история полигона,44,1,-0.3389122663566432,0.19718309859154928,True,0.7095182552623697,144,0.11537635452632557,0.5941419007360441,91,173.0,73.58347149290603,213,1.1881807336339505,-3,-1,0.9510987743452234,-19.0
AOI-0020,2016,история полигона,47,4,0.7266438701352189,0.0,True,0.5697066155463103,156,0.18118988640665648,0.38851672913965385,108,254.0,84.73566108162686,213,0.9362687671043761,10,16,1.1071509755407047,62.0
AOI-0020,2017,история полигона,72,0,0.3310880416128485,0.0,True,0.7314774702154263,158,0.1435661506718042,0.5879113195436221,104,211.0,86.55596986251177,211,1.2264620860799766,11,13,1.131722036224447,22.0
AOI-0020,2018,история полигона,58,0,-0.7310884321523777,0.49765258215962443,True,0.5664378805181066,136,0.10169782611749399,0.4647400544006126,91,174.0,62.32139724440643,213,0.9322710479257509,-11,-1,0.7976775832349083,-19.0
AOI-0020,2019,история полигона,90,5,0.3782781771935328,0.0892018779342723,True,0.8065243435198857,143,0.1534938509849912,0.6530304925348944,91,171.0,86.09576092241397,213,1.3667050768477003,-4,0,1.1253429750981123,-27.0
AOI-0020,2020,история полигона,90,0,-0.25206882919414064,0.215962441314554,True,0.6351452256732577,150,0.1638447349010125,0.47130049077224523,92,171.0,71.07870993496238,213,1.0547370510139746,3,0,0.9181040967126471,-28.0
AOI-0020,2021,история полигона,81,7,0.108023763930004,0.06572769953051644,True,0.6951994953043766,171,0.20608486278384516,0.48911463252053144,100,197.0,78.29793505894416,213,1.1302713252329952,25,8,1.0160478559318238,9.0
AOI-0020,2022,история полигона,83,1,0.6827027570166195,0.23943661971830985,True,0.8444048560295421,148,0.1687966644886803,0.6756081915408618,91,174.0,90.62240703022343,213,1.4382370950191465,1,-1,1.1894826040697317,-25.0
AOI-0020,2023,история полигона,83,2,0.5048285634498985,0.24882629107981222,True,0.7540769837717335,198,0.15666075153737216,0.5974162322343614,113,236.0,84.45017207577419,213,1.2083381226813017,51,21,1.101421527887453,52.0
AOI-0020,2024,история полигона,83,2,-0.23494225375254674,0.4131455399061033,True,0.7905529172344444,132,0.13993389112766805,0.6506190261067764,92,165.0,74.72049266096731,213,1.3316189208201268,-16,0,0.9681514989885114,-32.0
AOI-0020,2025,история полигона,73,2,-0.28971797271821603,0.0,True,0.6370264507035673,146,0.09647597770857869,0.5405504729949886,93,192.0,70.49699908262872,213,1.0582131050745502,-1,1,0.9086452896702041,1.0
AOI-0021,2010,история полигона,33,1,-0.18082261342274805,0.38497652582159625,True,0.7594205695978989,192,0.11501197935668458,0.6444085902412143,131,227.0,73.45783250064754,213,1.2559209628170975,44,40,0.9163037793764305,39.0
AOI-0021,2011,история полигона,39,2,1.895059232396117,0.0,True,0.8081131040545515,146,0.21962074159350373,0.5884923624610477,91,175.0,100.40484728974205,207,1.412774118292578,-2,-1,1.2828849135213958,-34.0
AOI-0021,2012,история полигона,30,0,-0.3388251929101053,0.107981220657277,True,0.6595344026419429,152,0.12087546418681051,0.5386589384551324,112,182.0,65.68965325492377,208,1.1313406738420557,5,20,0.8160194744948648,-25.0
AOI-0021,2013,история полигона,35,0,-0.01641256038531782,0.23943661971830985,True,0.8110884441264844,126,0.16155321335121384,0.6495352307752705,91,162.0,81.84217595006045,213,1.3957016790735814,-24,-1,1.028481869603536,-45.0
AOI-0021,2014,история полигона,49,3,-0.17626857595107442,0.0,True,0.7979274142830232,140,0.14916144734657466,0.6487659669364485,99,171.0,77.60091587526271,205,1.388848790829677,-9,7,0.9734973266700858,-34.0
AOI-0021,2015,история полигона,48,2,0.17988724913337792,0.13145539906103287,True,0.7206704261727495,205,0.15589476501265118,0.5647756611600983,115,244.0,83.65541956845888,213,1.2134228921159513,56,24,1.0524895252271207,52.0
AOI-0021,2016,история полигона,48,0,0.5189300461675347,0.0,True,0.7992955908499662,142,0.1999649794183092,0.599330611431657,92,174.0,94.60227299079705,213,1.3943606512125877,-7,0,1.2031439970981714,-35.0
AOI-0021,2017,история полигона,72,6,-0.19284740006106627,0.3286384976525822,True,0.6476767707417392,208,0.15635625104197579,0.4913205196997634,138,232.0,71.26284786415593,211,1.0667100963116412,61,47,0.8876554061929386,41.0
AOI-0021,2018,история полигона,60,1,-0.22821478105185383,0.15492957746478872,True,0.8116615122862454,146,0.08407040755578624,0.7275911047304592,91,174.0,80.24661374851681,213,1.4197207318337128,-2,-1,1.0068294566921365,-32.0
AOI-0021,2019,история полигона,88,7,0.20854918033600084,0.2676056338028169,True,0.6722130466730971,218,0.1641273239299001,0.508085722743197,145,237.0,80.28682615762892,213,1.1074119889693268,71,54,1.0073505969825167,46.0
AOI-0021,2020,история полигона,92,4,-0.4627725321454522,0.4131455399061033,True,0.6808007505723932,152,0.14056713773883078,0.5402336128335624,92,175.0,69.39062817522003,213,1.171447581875901,5,0,0.8639909873952991,-35.0
AOI-0021,2021,история полигона,80,4,-0.13922418877902573,0.056338028169014086,True,0.6732280452531569,169,0.18375237798964936,0.48947566726350755,116,199.0,70.93496857273905,213,1.1260676713531594,23,25,0.8831123754823248,3.0
AOI-0021,2022,история полигона,82,1,0.16970543353740744,0.0,True,0.8463900761173501,152,0.17637139533718366,0.6700186807801665,91,177.0,88.22505307819124,213,1.4860539710289815,5,-1,1.1145329916886166,-31.0
AOI-0021,2023,история полигона,86,6,0.17435199043054855,0.23943661971830985,True,0.7695097637363972,200,0.1696260027409248,0.5998837609954725,162,235.0,81.70441197109409,213,1.2596671232454397,53,71,1.02628720028734,48.0
AOI-0021,2024,история полигона,79,1,-0.12608958802960127,0.023474178403755867,True,0.7988450983700693,136,0.1603395280215015,0.6385055703485678,92,169.0,81.4127610939241,213,1.3911539843280003,-13,0,1.0237850682251468,-38.0
AOI-0021,2025,история полигона,74,5,-0.3369663590462613,0.03286384976525822,True,0.5702626358674567,142,0.08869196082373401,0.48157067504372275,100,192.0,68.7326241115609,211,0.9695589194013225,-7,9,0.854487064594909,-10.0
AOI-0022,2010,история полигона,33,2,-0.5655919958164011,0.2347417840375587,True,0.7436010582954594,157,-0.11126558617168811,0.8548666444671476,102,186.0,57.75226084553188,210,1.1984828283430815,8,11,0.7963557616239885,5.0
AOI-0022,2011,история полигона,41,3,0.8424434020874151,0.0,True,0.7963429597229558,152,0.15468226952815675,0.641660690194799,96,177.0,78.85414939695198,204,1.2942171859374396,2,5,1.1103956524092746,-5.0
AOI-0022,2012,история полигона,30,1,-0.21682926389776208,0.09859154929577464,True,0.682626663634201,120,0.12033653938006017,0.5622901242541408,92,164.0,68.38148220790914,208,1.0832975049369191,-32,0,0.9544551391755568,-17.0
AOI-0022,2013,история полигона,36,5,0.38980279477813107,0.2347417840375587,True,0.7121333810181271,179,0.14644455378672974,0.5656888272313974,133,208.0,73.71221478364525,189,1.1147382517665994,30,42,1.0278901365507658,30.0
AOI-0022,2014,история полигона,52,2,0.05409206168137873,0.009389671361502348,True,0.7872934856859823,140,0.12722025548039043,0.6600732302055919,91,169.0,76.63968718935129,213,1.271857791337406,-12,0,1.0747908253411835,-13.0
AOI-0022,2015,история полигона,47,0,-0.8811962116739868,0.41784037558685444,True,0.2670229808529455,145,0.12385446546108245,0.14316851539186307,95,189.0,41.49200751068027,213,0.41036774455551167,-5,4,0.5634201250115091,8.0
AOI-0022,2016,история полигона,45,2,0.3540743156611658,0.0,True,0.8337677962088219,136,0.14369535960719373,0.6900724366016282,92,172.0,87.17070232812748,213,1.351090749146152,-16,0,1.2373095559891305,-10.0
AOI-0022,2017,история полигона,72,4,0.16964661895962535,0.0,True,0.8239829982343412,135,0.13315476430082662,0.6908282339335146,91,176.0,83.32992278383543,211,1.340073842536467,-16,0,1.1764459596152548,-6.0
AOI-0022,2018,история полигона,60,3,0.14373991175783285,0.17370892018779344,True,0.632885856691928,175,0.13072608295586174,0.5021597737360662,122,219.0,69.68964181917143,213,0.9936089620748213,26,31,0.9709684162360341,40.0
AOI-0022,2019,история полигона,90,4,-0.1681970479763881,0.0,True,0.8004902905401913,143,0.11301563183059177,0.6874746587095995,91,169.0,73.39661872095445,213,1.2990500751607732,-8,0,1.0261838671796373,-13.0
AOI-0022,2020,история полигона,91,3,-0.30884831868370716,0.056338028169014086,True,0.7291086174588195,161,0.14176755606636635,0.5873410613924531,117,184.0,61.81649931025228,213,1.1611666277692805,13,25,0.8568911821608441,4.0
AOI-0022,2021,история полигона,80,6,0.2848286407686585,0.0,True,0.8276057810426735,139,0.15109472430738016,0.6765110567352933,91,177.0,82.82695470251312,213,1.348904531440226,-11,0,1.1684715922233277,-5.0
AOI-0022,2022,история полигона,82,2,1.3725708835776456,0.22065727699530516,True,0.8029158235891779,188,0.16851741856698857,0.6343984050221894,146,228.0,83.32334025314076,213,1.2431297460248785,40,55,1.1760359646241798,50.0
AOI-0022,2023,история полигона,87,4,0.18389705145771026,0.04225352112676056,True,0.8508574048888594,138,0.03176847901568647,0.819088925873173,91,174.0,84.6142039134789,213,1.3866359400400396,-13,0,1.1956138767139775,-8.0
AOI-0022,2024,история полигона,83,1,-1.014660737478656,0.3427230046948357,True,0.25965342357361604,119,0.14147601826115075,0.11817740531246529,92,143.0,38.31651666854211,213,0.39614841616365626,-31,0,0.5197992127076058,-38.0
AOI-0022,2025,история полигона,71,2,0.24716245139817056,0.0,True,0.8311416092061713,141,0.1425760163755965,0.6885655928305748,91,170.0,83.55846206333008,213,1.3552096510349938,-9,0,1.1798462192428385,-13.0
AOI-0023,2010,история полигона,32,5,-0.29179055935433174,0.24882629107981222,True,0.7561251716254551,193,0.05457853360876333,0.7015466380166918,157,225.0,63.40575861699019,189,1.1338322831178524,37,66,0.7758219469511373,30.0
AOI-0023,2011,история полигона,41,3,0.003677550735893828,0.0,True,0.8169457303627772,144,0.12822772531652668,0.6887180050462505,91,174.0,81.26075401248835,207,1.2646659423379283,-6,0,1.000644088215336,-28.0
AOI-0023,2012,история полигона,31,5,0.09104291002823586,0.18779342723004694,True,0.7729050010217126,182,0.10891215797192612,0.6639928430497865,125,221.0,79.09279643031913,201,1.151101838794029,32,33,0.9767332014786438,26.0
AOI-0023,2013,история полигона,35,0,0.5782486450975556,0.19248826291079812,True,0.8393607335845947,127,0.07946652719354733,0.7598942063910474,91,159.0,89.07603271736603,213,1.2771320484559354,-23,0,1.1028946192446225,-42.0
AOI-0023,2014,история полигона,49,0,-0.30149039878816514,0.07511737089201878,True,0.6803637025826444,180,0.10771603432223632,0.5726476682604081,91,214.0,71.27546709808134,213,1.015044027818248,30,0,0.8691953736427304,18.0
AOI-0023,2015,история полигона,47,0,-0.11387985646830005,0.06572769953051644,True,0.8225614363160636,140,0.14037654941459043,0.6821848869014732,91,168.0,80.5060244347782,213,1.2702305506722407,-10,0,0.9899044360653906,-34.0
AOI-0023,2016,история полигона,47,3,1.5770711057544349,0.09389671361502347,True,0.8078315815367878,186,-0.2283101976071421,1.03614177914393,92,290.0,109.36146126541789,212,1.2256788186875327,36,0,1.3802576293941995,96.0
AOI-0023,2017,история полигона,75,2,-0.09578572469100852,0.07042253521126761,True,0.8508302163865133,132,0.1050348490835575,0.7457953673029558,91,178.0,81.96008024583922,211,1.3213378991818505,-18,0,1.00911996213847,-24.0
AOI-0023,2018,история полигона,60,3,-0.3477512083945846,0.2863849765258216,True,0.7360491279142148,170,-0.10761182326358268,0.8436609511777975,91,218.0,68.37258867956106,213,1.1057861747022923,20,0,0.8316688707413711,22.0
AOI-0023,2019,история полигона,90,8,0.34239925896940343,0.1267605633802817,True,0.849734609617106,137,0.13596587509479768,0.7137687345223083,91,168.0,89.13109969422729,211,1.3172205762335412,-13,0,1.1045716993474095,-34.0
AOI-0023,2020,история полигона,91,1,-0.35369596581794066,0.19248826291079812,True,0.7536284677128409,92,0.14364214357893165,0.6099863241339092,92,164.0,71.20549895365025,213,1.137961736240077,-58,0,0.8716428870576086,-38.0
AOI-0023,2021,история полигона,81,2,-0.14694593456281552,0.056338028169014086,True,0.8128128316003675,166,0.1597615217508713,0.6530513098494962,108,191.0,73.20298099152822,213,1.230112428484407,16,17,0.8943549161527302,-11.0
AOI-0023,2022,история полигона,83,0,0.43936361764422543,0.0,True,0.859926775265287,149,0.1650337417260578,0.6948930335392293,91,179.0,98.34234101994859,213,1.3382423284958858,-1,0,1.2275504667841974,-25.0
AOI-0023,2023,история полигона,84,5,-0.0007345599350438273,0.27699530516431925,True,0.7980781775917934,186,0.14958898955248348,0.64848918803931,140,227.0,80.42197045154764,213,1.1781499536288835,36,49,0.9879945122865142,33.0
AOI-0023,2024,история полигона,81,1,-0.14480848519444664,0.2535211267605634,True,0.8878361641719708,131,0.10654891921333945,0.7812872449586313,92,169.0,81.77378620240756,213,1.3808636043796816,-19,0,1.0097156613815776,-34.0
AOI-0023,2025,история полигона,76,2,-0.4324171271349349,0.14553990610328638,True,0.7014487248887634,180,0.14206823367120205,0.5593804912175614,128,195.0,63.80809210771609,211,1.056747330394219,30,37,0.7736779917300939,-4.0
AOI-0024,2025,среднее по культуре (истории полигона нет),71,2,-0.4423164337552901,0.3004694835680751,True,0.5711852831636208,180,0.12201952753806658,0.4491657556255543,137,210.0,59.49444897180608,211,0.916032040234451,30,46,0.7633438707580473,21.0
AOI-0025,2025,среднее по культуре (истории полигона нет),40,2,-1.1383150096662795,0.6666666666666666,True,0.21325096408276129,99,0.14621835394590785,0.06703261013685344,91,173.0,48.66323219212172,201,0.35648837724557414,-48,0,0.5695811679259133,-22.0
AOI-0026,2010,история полигона,19,2,0.8723334208550662,0.20187793427230047,True,0.7357506763527203,192,0.12821541114760832,0.607535265205112,91,219.0,70.07148966554358,196,1.1633803252857626,51,0,0.9846180555356691,46.0
AOI-0026,2011,история полигона,25,0,0.7478560873865658,0.0,True,0.7892471064451386,147,0.18107623875463097,0.6081708676905077,91,171.0,84.67500852920742,213,1.2711143523635395,10,0,1.2000579906291793,-4.0
AOI-0026,2012,история полигона,23,1,-1.0300776010169688,0.5446009389671361,True,0.26026189023403723,120,0.11850965344788313,0.14175223678615412,93,169.0,37.159359408413664,207,0.395947953355242,-17,1,0.5053709734456568,-5.0
AOI-0026,2013,история полигона,19,1,0.3793880895300639,0.014084507042253521,True,0.8283657759803609,127,0.09699605701542556,0.7313697189649353,91,167.0,79.9684706096969,204,1.3343613335960256,-10,0,1.1313507290359688,-8.0
AOI-0026,2014,история полигона,29,5,-0.31984073059413337,0.04225352112676056,True,0.763076004904646,140,0.12570147178189234,0.6373745331227536,116,166.0,58.13768209050766,188,1.23029216630902,3,25,0.8118561590006096,-9.0
AOI-0026,2015,история полигона,29,2,0.591216288577255,0.03755868544600939,True,0.8337065603707569,136,0.12348993961792122,0.7102166207528356,91,174.0,88.02325688890059,213,1.3557141740100356,-1,0,1.251874050430704,-1.0
AOI-0026,2016,история полигона,29,1,-0.1351312427913052,0.3380281690140845,True,0.354833490379785,139,0.13899410018917907,0.21583939019060594,92,162.0,53.91950006291626,209,0.5465881875781429,2,0,0.7450165824638594,-12.0
AOI-0026,2017,история полигона,41,1,0.44386693592136056,0.0,True,0.8562466905189324,126,0.12896276577368898,0.7272839247452434,91,177.0,91.78619227530578,209,1.3949770086899362,-11,0,1.3119121818698465,3.0
AOI-0026,2018,история полигона,39,1,0.3206680456159699,0.20657276995305165,True,0.588860313874885,165,0.01796441865884459,0.5708958952160404,91,224.0,69.1723562417877,210,0.917265996138294,28,0,0.9656511526103765,51.0
AOI-0026,2019,история полигона,58,6,-0.19266486116589068,0.051643192488262914,True,0.8200789946308964,141,0.12166246160013255,0.6984165330307639,91,168.0,73.35820439972892,213,1.3302235312272053,4,0,1.0285879755966656,-7.0
AOI-0026,2020,история полигона,59,1,-1.065646139202801,0.460093896713615,True,0.21664378826937822,129,0.11915913169556834,0.09748465657380988,92,175.0,35.86877861864399,213,0.32872039445902274,-8,0,0.4865056314122212,1.0
AOI-0026,2021,история полигона,52,3,0.3746247373932359,0.009389671361502348,True,0.87820465019243,138,0.11497479947605141,0.7632298507163786,96,182.0,89.77402539440604,213,1.4354979141124886,1,5,1.2784658647788396,9.0
AOI-0026,2022,история полигона,61,2,-0.27163860535290524,0.06103286384976526,True,0.7542428352867658,150,0.10685005406617977,0.6473927812205861,104,172.0,64.73588616457695,213,1.1980806700141573,13,13,0.9000699523947547,-2.0
AOI-0026,2023,история полигона,56,4,0.9275741687119248,0.03286384976525822,True,0.8717515987117704,138,-0.016649507400338003,0.8884011061121084,91,181.0,99.44748915959696,213,1.4239578647730544,1,0,1.4299055034546646,7.0
AOI-0026,2024,история полигона,54,3,-1.0792300910943902,0.41784037558685444,True,0.2409802586894909,111,0.1325307226553906,0.10844953603410032,92,133.0,34.554861927672746,213,0.36409244665387724,-26,0,0.4680256271555158,-41.0
AOI-0026,2025,история полигона,50,7,0.2093544119902058,0.107981220657277,True,0.8850200015546531,126,0.12221926897665693,0.7628007325779962,95,175.0,87.30534381230194,209,1.4453342850035382,-11,4,1.242547545728755,1.0
AOI-0027,2010,история полигона,18,0,0.21821380706225035,0.07511737089201878,True,0.6913218364970143,153,0.1497531580958053,0.541568678401209,104,200.0,95.65733605032544,212,1.0695047867998628,5,10,1.0063565991107437,15.0
AOI-0027,2011,история полигона,27,1,-0.13804193670168588,0.06572769953051644,True,0.7379943724343464,152,0.17868098620672698,0.5593133862276194,109,185.0,88.31479755300873,207,1.1481546674749827,3,18,0.9252669694287681,-2.0
AOI-0027,2012,история полигона,24,0,0.22384311558929113,0.06572769953051644,True,0.6366994252528624,197,0.1266476183799894,0.510051806872873,96,251.0,97.12972107621292,207,0.9695312411771979,50,4,1.024798257852594,63.0
AOI-0027,2013,история полигона,20,1,-0.7734252179424126,0.22065727699530516,True,0.5754004715554064,143,0.11777462857002055,0.4576258429853859,91,166.0,72.96430719319258,188,0.8763745674488775,-8,-4,0.7572327859547169,-21.0
AOI-0027,2014,история полигона,29,1,-0.18758105744910608,0.14553990610328638,True,0.8903363723648756,100,0.22560207193944032,0.6647343004254354,100,165.0,92.09542187755713,204,1.3872885427552908,-50,4,0.9684001110988795,-23.0
AOI-0027,2015,история полигона,29,0,0.04662064995996398,0.03286384976525822,True,0.8141151047128957,140,0.22328740241188735,0.5908277023010083,95,177.0,99.2413722442652,213,1.275480098481818,-9,4,1.0463445100880224,-10.0
AOI-0027,2016,история полигона,29,1,0.19992427957260803,0.028169014084507043,True,0.8327885463818779,129,0.29753117860276085,0.535257367779117,92,165.0,101.95283328037843,209,1.2966545719242426,-21,-1,1.079366190597485,-35.0
AOI-0027,2017,история полигона,40,0,-0.27022066594007244,0.1784037558685446,True,0.789539991127597,154,0.191557872819809,0.597982118307788,104,190.0,86.3935384176698,209,1.2333911664763706,6,13,0.9033752419123964,5.0
AOI-0027,2018,история полигона,41,0,0.163771901516023,0.0,True,0.8295544747803866,129,0.18703076858659676,0.6425237061937898,91,173.0,103.49308299467458,213,1.29761106594105,-21,-7,1.0945285329944279,-14.0
AOI-0027,2019,история полигона,51,4,-0.3324393586235241,0.27230046948356806,True,0.6721791114570537,170,0.167756673660656,0.5044224377963977,117,236.0,83.8271535690804,213,1.0175461818346987,23,22,0.874214825580031,55.0
AOI-0027,2020,история полигона,56,0,-0.22159901822919856,0.14553990610328638,True,0.8156767230204114,151,0.19938934172640996,0.6162873812940014,104,175.0,91.09663445920052,213,1.279490782165572,2,12,0.9557465532427579,-27.0
AOI-0027,2021,история полигона,55,2,0.8534616287180418,0.29577464788732394,True,0.7184977916288986,194,0.14900710666656028,0.5694906849623383,106,278.0,105.11754975935338,213,1.0876860857287927,47,15,1.1131497992807087,97.0
AOI-0027,2022,история полигона,52,1,0.6502198778506767,0.03286384976525822,True,0.7453508111975643,187,0.2050844783705025,0.5402663328270618,91,239.0,108.77231019498382,213,1.1318847510331695,38,-5,1.1546732370506163,58.0
AOI-0027,2023,история полигона,53,1,0.7902967125690682,0.0,True,0.8501197819843144,127,0.27581218340691155,0.5743075985774029,91,165.0,113.5202514625118,208,1.3240438648874218,-23,-6,1.2110716344598864,-24.0
AOI-0027,2024,история полигона,50,0,-1.236034080267905,0.5023474178403756,True,0.38964733224446885,120,0.20609106695326718,0.18355626529120167,95,231.0,64.41410723791218,213,0.5801605432922271,-29,3,0.6634566646099703,37.0
AOI-0027,2025,история полигона,41,0,0.5013554556392649,0.352112676056338,True,0.8057778646203797,132,0.22623646749455192,0.5795413971258278,91,168.0,102.91024412301363,213,1.2511220397512848,-18,0,1.0885987186895445,-62.0
AOI-0028,2010,история полигона,16,1,0.14678861871198393,0.0,True,0.9584023338394425,114,0.11494602120714267,0.8434563126322998,114,165.0,64.73831974643834,181,1.5823837302145578,-37,23,0.8839901108785224,-16.0
AOI-0028,2011,история полигона,22,0,0.8387389696771659,0.2112676056338028,True,0.7379478279881945,189,0.12585734508300964,0.6120904829051849,122,226.0,80.2333586707656,213,1.1674450598341681,38,31,1.096424362135848,49.0
AOI-0028,2012,история полигона,20,2,-0.34300444786633255,0.0,True,1.1167612500789774,118,0.13508399104738103,0.9816772590315964,118,151.0,54.862742476859125,175,1.818264473552605,-33,26,0.7453986884282588,-31.0
AOI-0028,2013,история полигона,15,2,-0.3426396685291476,0.18779342723004694,True,0.3146794018177875,150,0.1742509514746531,0.14042845034313436,98,178.0,38.80631565903589,147,0.5103037940979778,1,7,0.5186191065343373,-3.0
AOI-0028,2014,история полигона,24,3,-0.15025855326235146,0.11267605633802817,True,0.8701169266265962,100,0.11835763355068388,0.7517592930759124,100,168.0,76.18853774117508,190,1.4474034010072083,-51,9,1.0436013618454485,-13.0
AOI-0028,2015,история полигона,26,4,0.18588187148324253,0.1267605633802817,True,0.6938781046886406,175,0.11853504579215511,0.5753430588964855,113,221.0,75.72761316745674,213,1.1155482855562018,24,22,1.0308770953378594,44.0
AOI-0028,2016,история полигона,21,1,-0.04831465473725859,0.004694835680751174,True,0.7962732076689832,131,0.10489909328542298,0.6913741143835602,92,171.0,80.29056212229067,213,1.313048266033812,-20,0,1.1026193380372264,-10.0
AOI-0028,2017,история полигона,36,2,0.3636713332564075,0.014084507042253521,True,0.798818653716246,149,0.14632784794161716,0.6524908057746289,109,173.0,72.81924672974071,209,1.3269169339147062,-2,18,0.9907034118218921,-7.0
AOI-0028,2018,история полигона,33,0,0.07697284920122914,0.028169014084507043,True,0.8579406906381982,122,0.030414907239676325,0.8275257833985219,91,170.0,81.69848617616343,210,1.426529811367371,-29,-1,1.1223310391183448,-11.0
AOI-0028,2019,история полигона,51,0,-0.4150401179237059,0.3755868544600939,True,0.2249846958509915,132,0.1362755963131559,0.08870909953783562,91,157.0,48.382148222415935,213,0.3490072890189282,-19,0,0.6431087646375082,-22.0
AOI-0028,2020,история полигона,49,2,0.17232218699450422,0.0,True,0.859189648699975,134,0.1275977416036818,0.7315919070962933,92,177.0,89.27680466791243,213,1.4351495837962343,-17,0,1.238113208080153,-6.0
AOI-0028,2021,история полигона,45,5,0.937149214806346,0.27230046948356806,True,0.8284560726097371,186,-0.12959340618857282,0.9580494787983099,103,236.0,83.282589467294,208,1.3105189699461155,35,12,1.1440375838214216,60.0
AOI-0028,2022,история полигона,52,2,0.086302701152386,0.09859154929577464,True,0.8719834172141239,134,0.10829873630016255,0.7636846809139614,91,177.0,87.97368349784432,213,1.4603164961288082,-17,-1,1.2154732047712953,-2.0
AOI-0028,2023,история полигона,46,2,-0.5394936068315073,0.28169014084507044,True,0.25741301408642675,148,0.1473595397726818,0.11005347431374496,105,169.0,43.579825632979755,195,0.40214776615794207,-3,14,0.5803839742679057,-9.0
AOI-0028,2024,история полигона,45,0,-0.22990925350130773,0.22065727699530516,True,0.8589294607772491,127,0.10363635907013213,0.7552931017071169,92,164.0,78.33062940860621,213,1.4153540072834383,-24,0,1.0748197708356568,-20.0
AOI-0028,2025,история полигона,52,4,-0.30968535502396366,0.06103286384976526,True,0.7002268351054413,161,0.01069630415517191,0.6895305309502694,97,189.0,60.87365259802641,206,1.1443051475878265,10,6,0.8171530404657346,11.0
AOI-0029,2025,среднее по культуре (истории полигона нет),53,2,-0.1609482969727151,0.38967136150234744,True,0.8741979592296362,126,0.11565253313963444,0.7585454260900018,91,172.0,84.11308452798434,213,1.4613833668588696,-21,0,0.9845056886923471,-23.0
AOI-0030,2010,история полигона,19,0,-1.18315434956385,0.5774647887323944,True,0.7741276619943163,149,0.3429357408351245,0.43119192115919175,91,230.0,116.58229043675264,213,0.9871809941261274,-1,-11,0.8912259389800501,-37.0
AOI-0030,2011,история полигона,25,0,-0.5735556843979944,0.3145539906103286,True,0.7974878059741889,150,0.2520313614006697,0.5454564445735193,116,269.0,122.45516527388101,213,1.0190325943657101,0,13,0.9389636473284182,7.0
AOI-0030,2012,история полигона,23,0,-0.6059302629951854,0.3192488262910798,True,0.7640567852642751,146,-0.007896820171415209,0.7719536054356904,92,295.0,121.0660070350548,207,0.9733132406232814,-4,-13,0.9280614148091041,31.0
AOI-0030,2013,история полигона,19,0,0.11814805800164146,0.13615023474178403,True,0.7709170917780789,178,0.29599187176677755,0.47492522001130133,101,277.0,131.00888677004758,212,0.9775022639898876,29,-3,1.0091473624255758,14.0
AOI-0030,2014,история полигона,27,1,-0.5245736890962823,0.5633802816901409,True,0.8136138326818911,145,0.1917706585577274,0.6218431741241637,91,264.0,122.8062111568147,207,1.0405865449160498,-6,-12,0.9432601022760764,-3.0
AOI-0030,2015,история полигона,31,1,-0.31076551553886583,0.1643192488262911,True,0.7925910859903655,152,0.33176404696116957,0.460827039029196,112,251.0,125.6682054508438,213,1.012253750328472,2,9,0.9651991843088092,-15.0
AOI-0030,2016,история полигона,26,0,-0.11011120628409603,0.10328638497652583,True,0.774881222802558,139,0.31344652652207367,0.46143469628048434,92,254.0,129.09896235254084,213,0.9869013287187224,-11,-12,0.9920381877371084,-11.0
AOI-0030,2017,история полигона,43,0,0.36136558107174177,0.0,True,0.8148354807774855,149,0.31365936718439935,0.5011761135930861,100,269.0,131.7081515409156,209,1.0427296253453529,-1,-4,1.0158950613432876,6.0
AOI-0030,2018,история полигона,37,0,-0.5843826365080801,0.24882629107981222,True,0.7783096516549247,150,0.11925198121382487,0.6590576704410999,91,284.0,122.27345155413272,210,0.9929045491288414,0,-13,0.9380974543353829,21.0
AOI-0030,2019,история полигона,53,2,0.06013849426615243,0.08450704225352113,True,0.8209227022642926,148,0.33950618840054997,0.4814165138637427,109,249.0,130.2650449673998,213,1.0510627162265211,-2,6,1.002865296890272,-16.0
AOI-0030,2020,история полигона,60,4,-0.6069309868987115,0.26291079812206575,True,0.7718897587472512,158,0.37083306371755415,0.40105669502969704,118,217.0,122.37874309034318,213,0.9828855330878837,9,14,0.9374534234006929,-46.0
AOI-0030,2021,история полигона,52,3,0.0742798742820151,0.1784037558685446,True,0.7833989685103369,161,0.23539121541437308,0.5480077530959637,107,232.0,128.6190509947388,213,0.9994271507481899,11,3,0.9893378061999737,-29.0
AOI-0030,2022,история полигона,55,3,0.9471498701809128,0.09859154929577464,True,0.8445244052654765,152,0.08049002150980597,0.7640343837556705,96,,138.27495929348373,211,1.0834463538420525,2,-9,1.0695776710948335,
AOI-0030,2023,история полигона,51,1,1.6016689702925342,0.0,True,0.8072896655740454,169,0.409252251500863,0.3980374140731824,99,268.0,144.05240510620982,207,1.030221783728432,19,-5,1.1186267089407655,6.0
AOI-0030,2024,история полигона,49,0,0.6456352502951664,0.0,True,0.7951489126163136,148,0.3026725022501329,0.4924764103661807,99,274.0,137.5840963642288,213,1.015785910317694,-2,-6,1.0622280925666419,12.0
AOI-0030,2025,история полигона,55,2,1.0579185578357237,0.0,True,0.7672343242960888,150,0.4240128226242571,0.34322150167183174,91,271.0,142.03066755045538,213,0.9778544674053226,0,-12,1.1012712576822106,6.0
AOI-0031,2010,история полигона,37,0,-0.4130408068737097,0.3145539906103286,True,0.6202576910168585,138,0.09713136087934793,0.5231263301375105,92,162.0,58.834109463393844,212,1.229699750451075,-2,0,1.017358006403585,-3.0
AOI-0031,2011,история полигона,30,0,-0.13135190492391605,0.14553990610328638,True,0.48661302109675686,151,0.16106053480229018,0.32555248629446665,122,174.0,48.92604078518111,203,0.9384492718267321,12,30,0.8379532515351731,10.0
AOI-0031,2012,история полигона,18,0,-0.8542248997460485,0.6056338028169014,True,0.23084672497895214,106,0.1071148414847654,0.12373188349418675,106,134.0,31.070255169312425,191,0.43113074654385347,-34,14,0.5243185774119192,-31.0
AOI-0031,2013,история полигона,37,0,0.19064995501457152,0.0,True,0.5975901542281534,127,0.15789316531411662,0.4396969889140368,91,153.0,62.706996659468295,213,1.1730790513427451,-13,-1,1.088996868794295,-13.0
AOI-0031,2014,история полигона,35,0,-0.6540287209858905,0.13615023474178403,True,0.36652003270867933,147,0.12926294618448742,0.23725708652419192,92,175.0,42.76611679289893,212,0.7022094826252185,7,0,0.7254965181169915,10.0
AOI-0031,2015,история полигона,43,0,-0.09173324205791808,0.1643192488262911,True,0.4413009817382252,153,0.11231232471066042,0.32898865702756475,113,185.0,49.62487942985683,208,0.8497488692385703,14,22,0.8493003244560725,21.0
AOI-0031,2016,история полигона,39,1,0.5002444010054478,0.0,True,0.8024528409480093,140,0.1749135326728023,0.627539308275207,92,166.0,71.01634454951402,197,1.626131488424543,2,0,1.2417286005358532,1.0
AOI-0031,2017,история полигона,57,2,0.7929098208827927,0.0,True,0.696849569799843,144,0.1642412662637423,0.5326083035361007,99,167.0,68.66134880425497,198,1.3956205844828407,4,8,1.2050680817441777,2.0
AOI-0031,2018,история полигона,44,0,0.5499319595743262,0.09859154929577464,True,0.6296604075839832,123,0.08192835633013719,0.547732051253846,98,154.0,64.54736305441423,213,1.2366661547302595,-17,7,1.1227751077919434,-12.0
AOI-0031,2019,история полигона,80,5,1.547794575701625,0.0,True,0.7053320648902395,134,0.14877354673512322,0.5565585181551163,96,153.0,77.92968067302502,208,1.4095120172594373,-6,5,1.3813459915396498,-14.0
AOI-0031,2020,история полигона,86,2,-0.5033085298751121,0.2300469483568075,True,0.5115089383898338,136,0.10464055916015322,0.40686837922968055,92,172.0,54.05666117427874,213,0.9997036031526104,-4,0,0.9300806457075196,7.0
AOI-0031,2021,история полигона,66,1,-1.0182766869817501,0.5164319248826291,True,0.2547367188094341,133,0.026121123449625347,0.22861559535980874,96,171.0,33.55209693286334,213,0.4810420386076997,-7,5,0.562997700641611,6.0
AOI-0031,2022,история полигона,68,0,0.5754920806409309,0.11737089201877934,True,0.8311324238324287,140,0.11304588826861857,0.7180865355638101,91,170.0,80.774087225154,213,1.6954949750783541,0,-1,1.4339085010432906,6.0
AOI-0031,2023,история полигона,74,0,0.4727601493151504,0.0,True,0.4480088927572284,133,0.15597757820260585,0.2920313145546225,91,166.0,62.03845815562882,213,0.8680242527647615,-7,-1,1.0760902504288026,1.0
AOI-0031,2024,история полигона,78,0,-1.0516494839513983,0.5070422535211268,True,0.22414728995880068,128,0.12559555268684633,0.09855173727195435,92,157.0,33.45293062800116,213,0.4210878479427871,-12,0,0.5617795021866634,-8.0
AOI-0031,2025,история полигона,76,1,0.62312442097713,0.0,True,0.7636714761627305,141,0.1516717688054608,0.6119997073572696,97,173.0,74.8612196502402,213,1.5435079078850016,1,6,1.3186451405298627,9.0
AOI-0032,2010,история полигона,31,0,-0.8125321458215498,0.20657276995305165,True,0.3226879564131981,138,0.09982575879341893,0.22286219761977916,92,157.0,35.21892273538491,212,0.6905360894695424,2,1,0.6326053047809194,-15.0
AOI-0032,2011,история полигона,30,1,0.8985422210991322,0.0,True,0.7640323420357592,148,0.1655722682886137,0.5984600737471455,92,169.0,73.68142625177163,203,1.7276716293209269,13,1,1.3927819991549457,-3.0
AOI-0032,2012,история полигона,17,0,0.02727873512451477,0.1596244131455399,True,0.5397283082719774,135,-0.04391886127606141,0.5836471695480387,104,207.0,49.24922906508148,187,1.1909799034783326,-3,12,0.905640685234926,35.0
AOI-0032,2013,история полигона,31,4,0.02876512329973061,0.046948356807511735,True,0.39098900044771384,145,-0.04749742531426952,0.4384864257619834,91,227.0,43.58055482796662,168,0.8434625831319892,9,0,0.7972737496222861,56.0
AOI-0032,2014,история полигона,37,0,-0.37707336964266097,0.046948356807511735,True,0.5698147062854892,134,0.1040067931995081,0.46580791308598113,91,159.0,50.90911207047815,213,1.2629832296216212,-4,0,0.9317978010453758,-14.0
AOI-0032,2015,история полигона,37,5,0.19317394083852388,0.0892018779342723,True,0.4951052575096911,176,0.09000607639544236,0.4050991811142487,91,198.0,51.41009396677499,211,1.0506407621607898,40,0,0.9421548637136374,29.0
AOI-0032,2016,история полигона,35,2,-0.14558924595844738,0.1596244131455399,True,0.25012184127857495,131,0.12502371006034538,0.12509813121822957,92,161.0,42.04175803298253,213,0.5288901538034676,-7,0,0.7637722882592181,-11.0
AOI-0032,2017,история полигона,47,2,0.4554598535452745,0.0,True,0.7514986939822945,128,0.12789832129853015,0.6236003726837643,91,172.0,69.80294574129911,197,1.7086330284895788,-10,0,1.314751168851777,1.0
AOI-0032,2018,история полигона,40,1,-0.4836573871131864,0.3192488262910798,True,0.17266470797539551,115,0.12846100880284245,0.04420369917255307,91,152.0,35.206820908991276,210,0.3614686985987293,-23,0,0.6333720027812383,-20.0
AOI-0032,2019,история полигона,78,6,0.25596152994653104,0.0,True,0.7488010120002365,133,0.11172956190361666,0.6370714500966199,91,159.0,67.8372432301198,213,1.7034006051846164,-5,0,1.2696807383779878,-15.0
AOI-0032,2020,история полигона,85,1,-0.4265185928637263,0.014084507042253521,True,0.45818441316349795,111,0.10644851159315401,0.35173590157034396,92,167.0,49.19917795585137,213,0.9927935572769918,-27,0,0.8995965935171478,-5.0
AOI-0032,2021,история полигона,63,3,-0.24765723773340667,0.3755868544600939,True,0.2218241656936343,131,0.11126128650968431,0.11056287918395,101,166.0,38.44651197628417,210,0.4666276779668147,-7,10,0.6945166954237415,-6.0
AOI-0032,2022,история полигона,61,2,0.5477895030892006,0.10328638497652583,True,0.8399711406806791,132,0.10278041688795166,0.7371907237927274,91,169.0,79.29507677547407,212,1.9369017660505368,-6,0,1.5055257308500014,-3.0
AOI-0032,2023,история полигона,74,4,1.104263439080437,0.0,True,0.5902253459540766,180,0.15164295414423856,0.43858239180983805,128,206.0,62.05752893604786,213,1.2543097963256142,44,37,1.152006776380156,37.0
AOI-0032,2024,история полигона,74,0,-0.7216770132863513,0.24882629107981222,True,0.21168035335486632,143,0.12109476431322966,0.09058558904163666,92,166.0,33.74404550424451,213,0.445741906692103,7,0,0.6051040205736544,-6.0
AOI-0032,2025,история полигона,72,3,0.35219549964300484,0.0,True,0.736949232175103,140,0.14237820846510701,0.5945710237099959,95,170.0,68.07196992511112,210,1.674510125697412,4,4,1.274347121854924,-2.0
AOI-0033,2010,история полигона,39,2,-0.3790370950735013,0.09859154929577464,True,0.3649439191350368,149,0.10786238432481543,0.2570815348102214,92,187.0,40.858944386877795,212,0.8324783052947673,17,1,0.7708091380587312,20.0
AOI-0033,2011,история полигона,37,0,-0.6305936019895675,0.12206572769953052,True,0.24136063643298103,132,0.11062253636562398,0.13073810006735703,92,159.0,33.75399041869646,203,0.549134598562747,-4,1,0.6331332698400439,-9.0
AOI-0033,2012,история полигона,21,1,0.19901815729940917,0.014084507042253521,True,0.7321645524258444,127,0.10818746863076383,0.6239770837950807,99,159.0,58.588413445156775,198,1.7977662127756664,-9,7,1.1379059789009176,-13.0
AOI-0033,2013,история полигона,40,0,-0.49078745956288417,0.2535211267605634,True,0.17856245651744942,113,0.12465846900852784,0.053903987508921586,92,161.0,34.340279370904994,213,0.402239819530572,-22,1,0.6426309917811351,-7.0
AOI-0033,2014,история полигона,40,2,-0.2061226354929812,0.04225352112676056,True,0.6436377144106965,136,0.10331466852719672,0.5403230458834998,94,164.0,55.04816334521052,212,1.5603049579567017,2,3,1.057312460834442,-5.0
AOI-0033,2015,история полигона,44,0,-0.8939875169241207,0.38028169014084506,True,0.20253879443983305,128,0.09976524706574315,0.1027735473740899,91,161.0,29.243523562234994,211,0.45786627758607557,-8,0,0.5439354055655681,-7.0
AOI-0033,2016,история полигона,46,2,0.2670865745713697,0.004694835680751174,True,0.6672660590097816,127,0.10829242091602502,0.5589736380937567,92,166.0,63.17229771467842,213,1.6105730360797772,-11,0,1.2275217206644153,-4.0
AOI-0033,2017,история полигона,60,2,0.14445976588662304,0.056338028169014086,True,0.27104596556612676,146,0.13915175174570363,0.13189421382042313,94,164.0,39.729695233567625,194,0.6161756085291209,12,3,0.7526747243551871,-4.0
AOI-0033,2018,история полигона,48,0,0.4656365699323721,0.0,True,0.7286773107527316,124,0.1166915405300255,0.6119857702227061,91,163.0,70.53484411502697,211,1.7884160866142857,-12,-1,1.3838880450783693,-6.0
AOI-0033,2019,история полигона,90,3,-0.5611392895935575,0.19248826291079812,True,0.22441597091672552,120,0.1105097319624844,0.11390623895424112,93,141.0,34.753704036419066,213,0.5064148470936943,-16,2,0.6508983341870669,-27.0
AOI-0033,2020,история полигона,101,3,0.09834748423734106,0.0,True,0.6854281440246284,134,0.10873750921161816,0.5766906348130102,92,167.0,66.55828129761335,213,1.6728281855417761,-2,0,1.2993883853568813,-4.0
AOI-0033,2021,история полигона,79,0,-0.02260440112097702,0.0892018779342723,True,0.3995271045252565,163,0.0804746642312789,0.3190524402939776,105,183.0,48.28679786171067,213,0.9145546003839272,29,14,0.9205124032457516,16.0
AOI-0033,2022,история полигона,76,1,0.3536577408330206,0.0,True,0.648639737071401,129,0.12416351610545297,0.524476220965948,91,164.0,65.42534162815451,209,1.5701883380292039,-7,-1,1.2759444734237628,-5.0
AOI-0033,2023,история полигона,88,0,-0.23367337748181638,0.13615023474178403,True,0.2298920927001533,128,0.15140516519359157,0.07848692750656172,91,155.0,39.636452949066,213,0.5218046555929825,-8,0,0.7468399547650783,-13.0
AOI-0033,2024,история полигона,84,2,0.25788585446160595,0.0,True,0.7703955624034449,129,0.11818120540833332,0.6522143569951115,92,162.0,69.43286997469093,213,1.903978812712458,-7,0,1.360376182863058,-9.0
AOI-0033,2025,история полигона,76,3,2.483722886735916,0.0,True,0.6468385553538581,171,0.19128462353215442,0.45555393182170373,143,190.0,72.55788155155477,213,1.4692189434178438,37,52,1.4276671790682827,25.0
AOI-0034,2025,среднее по культуре (истории полигона нет),69,0,-0.30145600709686887,0.30985915492957744,True,0.1749857795228499,126,0.12442672339462732,0.05055905612822259,91,165.0,41.42089551116041,213,0.38315751273078275,-12,0,0.7557842390472116,-3.0
AOI-0035,2010,история полигона,36,0,0.09404022285940655,0.009389671361502348,True,0.654183511753844,144,0.0992481061623904,0.5549354055914536,92,170.0,63.46090884208554,212,1.526599239405407,5,1,1.1734683551742175,1.0
AOI-0035,2011,история полигона,39,2,0.9924652440739277,0.0,True,0.57976947643736,175,0.13322675003869916,0.4465427263986608,92,198.0,66.57479931504993,212,1.2894371228975614,36,1,1.2357064525193955,31.0
AOI-0035,2012,история полигона,20,0,-0.9315842940165916,0.4507042253521127,True,0.2739708706542717,92,0.08599647769244924,0.1879743929618225,92,112.0,28.29600672268204,205,0.5951615220349984,-47,0,0.5026387775269351,-57.0
AOI-0035,2013,история полигона,41,2,2.049234556148955,0.0,True,0.667775413865782,129,0.17366147917928226,0.4941139346864997,97,156.0,82.98782748221996,207,1.5502912328480418,-12,6,1.5751233828591746,-14.0
AOI-0035,2014,история полигона,41,0,-0.7373235902990692,0.23943661971830985,True,0.27314552369457806,103,0.10148311275453033,0.17166241094004775,91,144.0,34.0050249316362,213,0.5961605072228872,-36,0,0.6065453693400585,-25.0
AOI-0035,2015,история полигона,43,0,-0.08554019969486651,0.0,True,0.7135017879707565,139,0.10768968695582351,0.605812101014933,93,165.0,59.74655054593926,211,1.6828407491321344,0,2,1.0998109174967277,-4.0
AOI-0035,2016,история полигона,46,0,-0.3140034499404814,0.0,True,0.2410441200695487,144,0.1242753034669639,0.1167688166025848,92,162.0,41.56900443576639,213,0.5286311109268919,5,0,0.7493192455714106,-7.0
AOI-0035,2017,история полигона,60,0,0.5962495251675989,0.0,True,0.7932277635290159,127,0.12908929540825953,0.6641384681207564,91,169.0,75.11323349647422,205,1.8876727778716025,-12,0,1.412341965601263,0.0
AOI-0035,2018,история полигона,50,0,-0.766835649104833,0.4131455399061033,True,0.16556848574117028,115,0.11370524673737101,0.05186323900379927,94,154.0,31.764076650314067,213,0.3590219145704506,-24,3,0.5651159877686798,-15.0
AOI-0035,2019,история полигона,90,4,0.8545916749261467,0.0,True,0.8346862301484247,136,0.12118914831051514,0.7134970818379096,91,160.0,80.6289710321944,213,2.0056552381752364,-3,0,1.5232993471719896,-11.0
AOI-0035,2020,история полигона,95,0,-0.8581932904273653,0.27699530516431925,True,0.21185867817951975,92,0.10409158242680083,0.10776709575271892,92,169.0,30.770242683661223,213,0.46142497059106674,-47,0,0.546794130898067,0.0
AOI-0035,2021,история полигона,68,1,0.008096221584819105,0.023474178403755867,True,0.6417524850016428,149,0.10672818329544187,0.535024301706201,107,176.0,57.098379762616915,205,1.489812825050662,11,16,1.0499138874219134,9.0
AOI-0035,2022,история полигона,78,2,0.0065406342636770125,0.0,True,0.7111464952728973,150,0.10977121240224738,0.6013752828706499,106,175.0,60.2922891215803,212,1.6569835664474752,14,15,1.110544107025264,8.0
AOI-0035,2023,история полигона,88,1,0.39537024316195263,0.0,True,0.6276892450582955,139,0.14169944011462443,0.48598980494367106,91,168.0,68.12014983008248,213,1.4607365694874492,0,0,1.266538541057759,-1.0
AOI-0035,2024,история полигона,84,0,0.14947046063549496,0.215962441314554,True,0.4836550979847146,205,0.13105230715577287,0.35260279082894175,92,229.0,47.61137182259839,213,1.0521792337995564,66,0,0.8631206692622555,60.0
AOI-0035,2025,история полигона,72,0,-0.3877948125159577,0.3145539906103286,True,0.18278825736813828,96,0.11481613303280025,0.06797212433533803,91,165.0,38.16569248944025,213,0.39629907935586817,-43,0,0.684716177156362,-4.0
AOI-0036,2025,среднее по культуре (истории полигона нет),77,1,0.3870299030850398,0.0,True,0.5947362982169481,127,0.15684703008332343,0.4378892681336246,91,166.0,67.33344441187151,213,1.3022639975482253,-11,0,1.2285962294934545,-2.0
AOI-0037,2010,история полигона,34,0,0.4315203534609271,0.13615023474178403,True,0.5457974605094407,154,0.2502101726700798,0.2955872878393609,92,201.0,73.15521677003974,203,1.0503010077877672,18,-2,1.0230949424577016,28.0
AOI-0037,2011,история полигона,37,0,0.05887201308740141,0.051643192488262914,True,0.5648126493707158,148,0.21064657270192025,0.3541660766687956,92,172.0,71.18243970382639,203,1.0948208147460126,10,-3,0.9938126666374026,-3.0
AOI-0037,2012,история полигона,20,1,-0.9603084024850197,0.3145539906103286,True,0.4517263303857367,122,0.16889896596241033,0.28282736442332634,102,162.0,56.73740872552172,198,0.8625185362450213,-17,10,0.7828287112221133,-18.0
AOI-0037,2013,история полигона,39,1,1.0713906493467382,0.1784037558685446,True,0.4628162280494917,131,0.19036219962202675,0.2724540284274649,97,166.0,79.27979671744804,204,0.8872729313577697,-8,3,1.1150288618635886,-9.0
AOI-0037,2014,история полигона,42,0,-0.38528585499356033,0.2112676056338028,True,0.543336864999821,131,0.1604490457053243,0.3828878192944967,91,174.0,66.71537511292544,213,1.051224182790096,-8,-3,0.9251345534987242,-2.0
AOI-0037,2015,история полигона,44,0,-0.7352249154519427,0.30985915492957744,True,0.48888060129492106,136,0.15240649952327381,0.33647410177164727,101,171.0,62.04200344080381,211,0.9412117560679759,-3,7,0.8569934207173022,-4.0
AOI-0037,2016,история полигона,42,1,0.4012806094678658,0.0,True,0.6043975532750985,135,0.20395296514784397,0.4004445881272545,92,173.0,76.29178981038368,213,1.1806016060108322,-4,0,1.0682344401237807,-8.0
AOI-0037,2017,история полигона,61,2,0.6558092600973051,0.0,True,0.54575548872204,143,0.2397137077272146,0.3060417809948255,96,188.0,76.21213313727532,197,1.0582739169884028,5,2,1.0705131916822848,13.0
AOI-0037,2018,история полигона,56,0,-0.03252920087617115,0.1267605633802817,True,0.5021367310118034,126,0.14536510695068203,0.3567716240611214,96,170.0,70.8581751680104,213,0.9664278496437912,-13,2,0.9867349469888627,-5.0
AOI-0037,2019,история полигона,89,4,0.36113662681660275,0.15492957746478872,True,0.5786062508023608,141,0.21944996542553472,0.3591562853768261,93,161.0,75.46769272746647,213,1.1267459391124008,3,-1,1.055956744460009,-16.0
AOI-0037,2020,история полигона,91,3,-1.150347116922378,0.6431924882629108,True,0.4779242384303547,155,0.15542430549952463,0.32249993293083007,92,181.0,58.0260651131602,213,0.9152767409677167,17,0,0.7986982420202142,1.0
AOI-0037,2021,история полигона,72,2,0.2099561985804335,0.20187793427230047,True,0.4948377854896809,145,0.018564914247737284,0.4762728712419436,97,293.0,74.19580605919327,213,0.952457987982333,7,3,1.0361829608315365,121.0
AOI-0037,2022,история полигона,77,2,0.13232551330342435,0.0,True,0.568508792275688,149,0.22493963485045174,0.3435691574252362,100,173.0,73.17317973552383,213,1.1027106381021725,11,6,1.0210964047886784,-2.0
AOI-0037,2023,история полигона,86,1,0.8263233098800545,0.0,True,0.5896711362238978,155,0.2270817125833558,0.362589423640542,91,189.0,81.87760392368332,213,1.1486475000944179,17,-3,1.1522511791130425,14.0
AOI-0037,2024,история полигона,93,0,-0.6602947443675731,0.4647887323943662,True,0.5458546925534714,127,0.1361565583650088,0.40969813418846257,92,179.0,63.38147647918516,213,1.0538912092341397,-12,-1,0.87630911296725,3.0
AOI-0037,2025,история полигона,66,0,0.21143996732299145,0.0,True,0.5931821672872413,133,0.2040435370724008,0.38913863021484046,91,169.0,73.79096692879727,213,1.1574026325871503,-6,-2,1.030391062292924,-7.0
AOI-0038,2010,история полигона,36,0,-1.4097148699301947,0.9577464788732394,True,0.26434867627086883,131,0.11505005504027661,0.14929862123059223,95,168.0,35.731025712706526,212,0.5907710486277926,-7,0,0.5966365832274706,2.0
AOI-0038,2011,история полигона,36,1,0.3373876737819548,0.0,True,0.6071278903236014,146,0.17085096030653646,0.4362769300170649,103,167.0,62.100047912525355,203,1.4148931036306995,12,8,1.0714453458142277,1.0
AOI-0038,2012,история полигона,19,0,-0.3180272732074343,0.3145539906103286,True,0.35881006461273696,160,0.05209828068888914,0.3067117839238478,92,255.0,47.430166782139,205,0.799441564503028,24,-3,0.8040987448054209,90.0
AOI-0038,2013,история полигона,40,0,-0.6252197477966355,0.5305164319248826,True,0.283283912140745,130,0.12043472103888449,0.16284919110186052,101,153.0,44.22416936667459,204,0.6318495197413047,-11,6,0.7473608078687973,-14.0
AOI-0038,2014,история полигона,43,0,-1.020924877329847,0.6807511737089202,True,0.5281428457917868,128,0.10086332360263917,0.42727952218914766,91,155.0,47.44482222865192,213,1.2142212069699643,-14,-5,0.802420881968904,-12.0
AOI-0038,2015,история полигона,42,0,-0.15670900690426934,0.27230046948356806,True,0.34555042573143724,159,0.11587251616826688,0.22967790956317036,122,222.0,50.277107182770195,211,0.7674411557542773,24,27,0.8537522976953373,57.0
AOI-0038,2016,история полигона,43,2,0.8025580506030077,0.0,True,0.6797922999014747,131,0.20267711697845212,0.4771151829230226,92,158.0,73.72732029737722,213,1.610030171201002,-10,-2,1.2862157963899166,-11.0
AOI-0038,2017,история полигона,61,0,0.6354329899443393,0.0,True,0.5545325341672256,133,0.18118937210641112,0.37334316206081447,91,157.0,64.52124639730211,197,1.2943838250097544,-6,-5,1.118009969818715,-10.0
AOI-0038,2018,история полигона,56,0,0.5341649657789673,0.14553990610328638,True,0.5053987330162474,124,0.15586154660692353,0.34953718640932385,96,153.0,65.18433262784954,211,1.1615348900924611,-17,1,1.1266270795464153,-14.0
AOI-0038,2019,история полигона,92,1,0.888448238167448,0.13615023474178403,True,0.5087225943546584,136,0.15541912967085725,0.35330346468380114,91,157.0,70.24304963860419,213,1.1801742121308716,-2,-4,1.220940690617128,-11.0
AOI-0038,2020,история полигона,97,0,-0.7083866725895918,0.4788732394366197,True,0.41492793164463215,152,0.13664579463879722,0.27828213700583493,92,171.0,49.22508627120406,213,0.944593010781757,16,-5,0.8344510521768823,6.0
AOI-0038,2021,история полигона,72,0,-0.11607549120969354,0.06103286384976526,True,0.39316680573250273,143,0.02398641834370915,0.3691803873887936,96,196.0,54.94787428080384,213,0.8955427293932121,5,2,0.9376134155250884,31.0
AOI-0038,2022,история полигона,83,1,0.13390420235443148,0.0,True,0.5364975961460144,147,0.18291329979240745,0.353584296353607,99,164.0,61.386519100982525,213,1.2473602701848208,11,4,1.0552372476580685,-2.0
AOI-0038,2023,история полигона,89,0,1.0574768116001927,0.0,True,0.5432068986544157,157,0.2439430615893603,0.29926383706505544,91,173.0,74.04072008203332,213,1.2542654058501315,21,-4,1.292185794128884,8.0
AOI-0038,2024,история полигона,95,0,-0.13947791246192298,0.03755868544600939,True,0.49762698083153534,130,0.15656021749101592,0.34106676334051944,94,179.0,58.14273796258071,213,1.1505921175359752,-9,-2,0.9956389908828455,14.0
AOI-0038,2025,история полигона,74,0,0.18810887669438967,0.0,True,0.5239410476733836,142,0.16970420439815026,0.3542368432752333,91,173.0,64.16331264051729,213,1.2179095615861126,4,-4,1.1069352562254493,7.0
AOI-0039,2025,среднее по культуре (истории полигона нет),73,0,1.2766075099850818,0.0,True,0.7131473066972364,116,0.3013315129374562,0.41181579375978017,91,171.0,97.83152349008023,213,1.5442643333935129,-21,-1,1.5865598229093076,1.0
AOI-0040,2010,история полигона,36,0,-0.5806556172208545,0.018779342723004695,True,0.38245414011741125,145,0.09236797837428233,0.2900861617431289,92,162.0,38.70583423672057,212,0.9243263385557994,9,1,0.7163951269811913,-5.0
AOI-0040,2011,история полигона,37,4,0.2860447546348721,0.0,True,0.6158098507426709,150,0.13697291337004452,0.4788369373726264,107,174.0,57.345183778867465,186,1.511736981983322,15,16,1.0915907874384896,10.0
AOI-0040,2012,история полигона,19,0,-0.9269705636944872,0.4694835680751174,True,0.3617962599394869,92,0.09437660537384925,0.26741965456563765,92,136.0,32.7384934729683,205,0.8543156906372296,-50,0,0.603825937460701,-31.0
AOI-0040,2013,история полигона,40,0,0.8841617898224079,0.0,True,0.3902989138362498,132,0.1286692559047982,0.26162965793145165,99,158.0,58.506927035211255,204,0.9461341546449594,-10,8,1.1141237739547347,-9.0
AOI-0040,2014,история полигона,43,2,-0.7904482363592483,0.3286384976525822,True,0.659004422446314,102,0.10046414702729954,0.5585402754190144,91,117.0,38.04324334664097,203,1.5606998761668052,-40,0,0.7031699501452965,-49.0
AOI-0040,2015,история полигона,44,0,0.8690355505440721,0.0,True,0.5982137598664327,140,0.14218241722114258,0.4560313426452901,109,168.0,63.489133906152375,211,1.5029980911204932,4,18,1.213183094408574,1.0
AOI-0040,2016,история полигона,44,0,-0.3935808120078998,0.0,True,0.3512699472931657,107,0.11949707613553087,0.2317728711576348,92,127.0,41.59991198654174,213,0.830832078184045,-29,0,0.7741175819340625,-39.0
AOI-0040,2017,история полигона,61,1,1.0424515335809266,0.0,True,0.6629275032019756,125,0.12165678259532635,0.5412707206066493,93,163.0,69.78365589566606,198,1.6734538663884366,-17,2,1.3513988396044827,-4.0
AOI-0040,2018,история полигона,56,1,-0.44243106128418414,0.23943661971830985,True,0.17588296874357418,129,0.11180218614465168,0.0640807825989225,94,169.0,41.149431068839846,211,0.4133520439036078,-7,3,0.7658945387978132,3.0
AOI-0040,2019,история полигона,89,3,1.0585511979516355,0.0,True,0.7663392242079631,111,0.1366459840720624,0.6296932401359007,91,156.0,79.28971510757023,213,1.9636436140232962,-31,0,1.5475694076922415,-12.0
AOI-0040,2020,история полигона,91,0,-0.9730082563703918,0.45539906103286387,True,0.17415375095631602,97,0.09941181545226419,0.07474193550405184,92,177.0,28.714923122115355,213,0.40897799916114835,-39,0,0.525535452130168,11.0
AOI-0040,2021,история полигона,72,2,0.46601570958050936,0.046948356807511735,True,0.589748043156312,152,0.0761956439678461,0.513552399188466,110,186.0,58.708227433516164,213,1.4643659459868887,16,19,1.1140833581620118,22.0
AOI-0040,2022,история полигона,78,0,-0.041407388639379955,0.19718309859154928,True,0.18219334295000342,126,0.12271557164797788,0.05947777130202554,91,151.0,47.501258880541755,213,0.42818279427189604,-10,0,0.8912057298418009,-15.0
AOI-0040,2023,история полигона,87,0,0.7586697461815621,0.0,True,0.8124810486209219,128,0.1419726446637777,0.6705084039571442,91,166.0,79.65302498633574,213,2.1103500545497296,-14,0,1.5551565584861307,0.0
AOI-0040,2024,история полигона,94,0,-0.851019432062453,0.16901408450704225,True,0.18735894698698458,117,0.10600663320205182,0.08135231378493275,92,169.0,30.03334344834491,213,0.4403527796216676,-19,0,0.5501574018942899,3.0
AOI-0040,2025,история полигона,74,3,0.44555950243705933,0.0,True,0.7732942990677004,143,0.13394483060728335,0.6393494684604171,94,171.0,69.83616782693318,210,1.9999409793649903,7,3,1.3467947745959623,6.0
AOI-0041,2010,история полигона,35,0,0.28490334842568094,0.0,True,0.518207716526955,158,0.2669249361065658,0.25128278042038915,92,201.0,80.88084519280176,212,0.986066711159531,24,0,1.0339887657002136,28.0
AOI-0041,2011,история полигона,36,0,-0.24980429775049026,0.2112676056338028,True,0.554920498236867,133,0.2158241289799748,0.3390963692568921,92,164.0,73.91317642731855,203,1.0642663359796416,-1,0,0.9413618287387666,-12.0
AOI-0041,2012,история полигона,19,0,-0.8298520801756197,0.36619718309859156,True,0.46709531291171297,123,0.10925039998790854,0.35784491292380444,92,168.0,65.51929361718045,205,0.8821063984616576,-12,0,0.8288161483184744,-12.0
AOI-0041,2013,история полигона,36,0,0.2858053785906749,0.22535211267605634,True,0.4871942977245002,126,0.2592622630797219,0.2279320346447783,96,157.0,80.37951923386909,204,0.924532288997589,-9,5,1.0291897355288748,-18.0
AOI-0041,2014,история полигона,40,0,-0.24923358731516662,0.29107981220657275,True,0.5786714694888649,114,0.18009753850121976,0.39857393098764515,92,176.0,73.75285661463577,212,1.1089190240109108,-21,0,0.9368808826387771,2.0
AOI-0041,2015,история полигона,41,0,-0.6827778665154214,0.4084507042253521,True,0.4672787416304824,131,0.17858107828984687,0.2886976633406355,91,174.0,69.29303058822961,211,0.8860612557850351,-4,-1,0.8771222623433432,-1.0
AOI-0041,2016,история полигона,43,0,0.4947303594851409,0.0,True,0.5832327747740824,133,0.24888614277927554,0.33434663199480685,92,175.0,84.30133231647697,213,1.122589143949576,-1,0,1.082110758912091,-8.0
AOI-0041,2017,история полигона,60,1,0.6818633159211535,0.0,True,0.5463114629223169,143,0.26355306336898476,0.28275839955333215,91,194.0,81.53537285508068,196,1.0450820832391847,9,-1,1.0470172596416913,20.0
AOI-0041,2018,история полигона,54,1,0.2333757735557987,0.215962441314554,True,0.509441563448313,123,0.2236450766299618,0.28579648681835124,95,162.0,80.90556112644649,211,0.9695585797288133,-12,4,1.0344882212617026,-14.0
AOI-0041,2019,история полигона,89,4,0.6367780784331283,0.09389671361502347,True,0.600402447491593,142,0.2443515670418109,0.35605088044978206,93,165.0,86.25075568615134,213,1.1555255792331638,9,2,1.1079202926246503,-13.0
AOI-0041,2020,история полигона,85,0,-1.039134105717502,0.647887323943662,True,0.5384902097392177,159,0.15994340164414528,0.3785468080950724,92,188.0,65.06170566473206,213,1.01876254544051,26,0,0.8210944807288634,11.0
AOI-0041,2021,история полигона,72,3,0.3581189744429671,0.18779342723004694,True,0.5196601931287949,153,0.16290123564099246,0.3567589574878024,91,287.0,82.48244801555987,213,0.9894883211030118,20,-1,1.0553191604036312,114.0
AOI-0041,2022,история полигона,78,2,0.3754715308071647,0.0,True,0.6070619731568904,151,0.28710279106834913,0.31995918208854124,94,176.0,83.00397669953114,213,1.1638602817291428,18,2,1.062750929381694,2.0
AOI-0041,2023,история полигона,87,1,0.5888045762472675,0.0,True,0.6006235258153528,157,0.24254727228476947,0.35807625353058337,91,189.0,85.95701176245129,213,1.153427866113407,24,-1,1.1034654365218362,15.0
AOI-0041,2024,история полигона,89,1,-0.7788245533265279,0.5539906103286385,True,0.5767105502897337,125,0.1801443546466092,0.39656619564312456,92,173.0,67.78084250750427,213,1.1049888143774205,-11,0,0.8572923492375749,-4.0
AOI-0041,2025,история полигона,77,0,0.07161464157537925,0.3474178403755869,True,0.6127665092225193,117,0.21020580397089125,0.402560705251628,91,171.0,78.76215606744448,213,1.1808445129880083,-17,-1,1.0049079288009442,-5.0
AOI-0042,2025,среднее по культуре (истории полигона нет),72,0,-1.0140981151455781,0.5446009389671361,True,0.1704944459533282,152,0.11579267407392287,0.05470177187940532,91,173.0,31.30782915399621,213,0.36919229653515423,15,-1,0.5077273879239509,3.0
AOI-0043,2010,история полигона,32,1,0.3817245554618567,0.0,True,0.7743918837118313,138,0.13143490705137703,0.6429569766604543,92,170.0,83.98462765728814,212,1.4246550827713542,2,1,1.3048356907990017,0.0
AOI-0043,2011,история полигона,36,0,0.12932364868799243,0.0,True,0.5819283569641506,134,0.1878048464714428,0.3941235104927078,91,162.0,62.192641210326045,204,1.045678259700992,-2,0,0.9464249794050659,-8.0
AOI-0043,2012,история полигона,22,4,-0.7462642581360213,0.4507042253521127,True,0.20403224138380938,141,0.1399085602835669,0.06412368110024247,92,169.0,42.246540682493915,184,0.3508106545651679,5,0,0.6287667375209649,-1.0
AOI-0043,2013,история полигона,28,3,0.62200051905921,0.0,True,0.7835678428601408,136,0.18515495943588464,0.5984128834242561,91,152.0,80.61927423722196,202,1.4411464601598654,-2,0,1.246287936826632,-19.0
AOI-0043,2014,история полигона,31,0,0.2260015100963765,0.19718309859154928,True,0.7191106694684658,161,0.09820889959421113,0.6209017698742547,115,193.0,65.54577062321013,212,1.287794111407032,25,24,0.9980592489322275,25.0
AOI-0043,2015,история полигона,29,0,1.0291535447105953,0.0,True,0.7477652023828707,135,0.1587737671250538,0.5889914352578169,96,171.0,79.83772213150911,206,1.3712414697051754,-1,5,1.2364196357296424,1.0
AOI-0043,2016,история полигона,33,2,0.030502388944875215,0.37089201877934275,True,0.21326757065461072,134,0.1265533382127494,0.08671423244186133,92,176.0,51.09613847028884,213,0.3671097787622407,-2,0,0.7697958076268752,5.0
AOI-0043,2017,история полигона,52,2,0.12938451669884668,0.11737089201877934,True,0.8545425698509,129,0.10127602988453771,0.7532665399663623,91,169.0,80.01238069656829,197,1.5871857852069344,-7,0,1.242570802642659,-1.0
AOI-0043,2018,история полигона,40,0,-0.2218529336965852,0.10328638497652583,True,0.5579549903630235,129,0.025602693731822064,0.5323522966312014,91,164.0,56.149323873315055,210,0.9989338053465301,-7,0,0.8473896537919589,-7.0
AOI-0043,2019,история полигона,87,1,-0.42293702116649107,0.39436619718309857,True,0.21547400492177257,142,0.14745878284402777,0.0680152220777448,103,168.0,45.90718975223575,213,0.37096319871250255,6,12,0.6862948311968747,-2.0
AOI-0043,2020,история полигона,87,2,-0.1248135744146193,0.3004694835680751,True,0.8198927888435689,126,0.10700363963342292,0.7128891492101459,92,173.0,80.394282911137,213,1.5143506936080904,-10,0,1.243070346780182,4.0
AOI-0043,2021,история полигона,70,3,0.8856939743613949,0.056338028169014086,True,0.6246771998157563,144,0.11785666738454259,0.5068205324312137,107,186.0,70.84481286252341,213,1.1199543064866841,9,16,1.0847369298971146,17.0
AOI-0043,2022,история полигона,69,0,-0.8122198468584457,0.27699530516431925,True,0.24922870174938627,118,0.1463035974235208,0.10292510432586546,91,156.0,38.966146331640346,213,0.4298682329477321,-18,0,0.5776543989749175,-14.0
AOI-0043,2023,история полигона,82,7,0.27115853532793543,0.0,True,0.8584308304963969,132,0.13871180447181317,0.7197190260245837,91,172.0,87.2659784517998,213,1.5949873601669138,-4,0,1.3591613097453843,3.0
AOI-0043,2024,история полигона,77,0,0.01035780237500511,0.0,True,0.8289129777049629,125,0.13872156320296758,0.6901914145019953,92,163.0,78.41948137563824,213,1.530208356295927,-11,0,1.2104692334345708,-8.0
AOI-0043,2025,история полигона,81,1,-0.7665851062833975,0.3192488262910798,True,0.21118758485954697,132,0.15160000329946252,0.05958758156008445,91,158.0,38.10754363756634,213,0.3633695943234036,-4,0,0.564415689999235,-12.0
AOI-0044,2010,история полигона,26,0,0.014524311201576308,0.046948356807511735,True,0.44443658456962315,183,0.10669902794564641,0.33773755662397675,92,202.0,55.863765465216204,197,0.8842879913860549,43,0,0.9530301747543607,29.0
AOI-0044,2011,история полигона,39,1,0.5973102872175685,0.2535211267605634,True,0.6910233634735365,183,0.13398934614402555,0.557034017329511,153,207.0,55.00003175074722,194,1.3387188526567861,42,61,0.9399538239710226,34.0
AOI-0044,2012,история полигона,19,4,-0.5676121591230591,0.13145539906103287,True,0.600575099147396,140,0.093473663361726,0.50710143578567,140,168.0,33.18715971861256,155,1.2219798379663693,5,48,0.5651970507303016,-10.0
AOI-0044,2013,история полигона,34,0,1.3690560972034376,0.03286384976525822,True,0.5726457704717589,174,0.1394384637907352,0.4332073066810237,122,206.0,70.66436426922462,213,1.1409913779933822,34,30,1.225919586188044,33.0
AOI-0044,2014,история полигона,37,0,-0.4955171030840471,0.15023474178403756,True,0.3148732475024306,128,0.1417964223111009,0.17307682519132972,92,153.0,41.15624843801651,208,0.6149445113869263,-14,0,0.6906777331756957,-22.0
AOI-0044,2015,история полигона,33,3,0.5439652861340392,0.0,True,0.8225070439899645,138,0.13431848759729845,0.6881885563926661,97,181.0,77.4444653038487,184,1.729420801631029,-4,5,1.3592722082734519,5.0
AOI-0044,2016,история полигона,39,1,0.6455695612211221,0.0,True,0.7808913645211764,133,0.1572133207177581,0.6236780438034183,92,169.0,79.371637122484,213,1.626770293119702,-9,0,1.3944563407442208,-10.0
AOI-0044,2017,история полигона,54,1,-0.6629273257982679,0.2535211267605634,True,0.24446386776628473,142,0.13150279701696077,0.11296107074932396,91,185.0,35.440148729247554,199,0.4757155957423111,0,-1,0.5918467331580621,11.0
AOI-0044,2018,история полигона,44,0,0.32858629188732524,0.06572769953051644,True,0.8126093429400064,133,0.10990547103713282,0.7027038719028736,91,168.0,77.39212151090963,213,1.704821226490559,-9,-1,1.3542490287698785,-8.0
AOI-0044,2019,история полигона,65,0,0.29320734089732364,0.03286384976525822,True,0.644325022468685,145,0.09948927041555568,0.5448357520531293,101,168.0,60.44160843210706,213,1.3212914566874876,5,9,1.0354898607857763,-8.0
AOI-0044,2020,история полигона,60,0,-1.0522203716480807,0.6572769953051644,True,0.21967067780150606,145,0.08059834778642419,0.13907233001508187,92,176.0,31.582039528460662,213,0.42605831124418125,3,0,0.5238730042678656,1.0
AOI-0044,2021,история полигона,43,0,0.15308191034858698,0.0,True,0.696145958629023,158,0.12113435652324488,0.5750116021057781,102,181.0,67.50295193642904,209,1.433947653885835,17,10,1.1679517230293728,8.0
AOI-0044,2022,история полигона,59,4,0.39389354755047135,0.0,True,0.6869414831433298,151,0.13035780732107463,0.5565836758222552,91,173.0,71.54730246725242,213,1.4164143370854776,10,-1,1.243862495556465,-2.0
AOI-0044,2023,история полигона,66,3,-0.4479500486489072,0.23943661971830985,True,0.23825591816785208,142,0.13384150500185746,0.10441441316599462,91,162.0,38.82481810970176,212,0.46326211505357967,0,-1,0.6497094218081264,-13.0
AOI-0044,2024,история полигона,61,0,0.13663765229201327,0.1596244131455399,True,0.8290260193333445,124,0.11346958109060805,0.7155564382427365,92,161.0,73.90102887229003,213,1.7322210741791766,-18,0,1.2901500824582184,-18.0
AOI-0044,2025,история полигона,74,1,-0.800744225540892,0.3004694835680751,True,0.19223339384454305,113,0.13579908100610313,0.056434312838439915,91,163.0,33.11976298235672,213,0.3707129982914056,-29,-1,0.5498893695367404,-12.0
AOI-0045,2010,история полигона,38,1,1.6969836667686147,0.19248826291079812,True,0.6666773381045599,185,0.019242951217564825,0.6474343868869951,112,213.0,61.293011640092004,207,1.3644798604116932,49,21,1.0980636879779255,45.0
AOI-0045,2011,история полигона,41,2,-0.546779102110257,0.352112676056338,True,0.235085850178711,132,0.1066598892988309,0.12842596087988012,91,162.0,36.34205119375385,197,0.48171928381477896,-6,0,0.631675040829785,-8.0
AOI-0045,2012,история полигона,21,0,-0.5180351748433264,0.4131455399061033,True,0.6724657170716062,125,-0.0041952580281386185,0.6766609750997448,92,168.0,55.905771717910504,212,1.4543094520549766,-13,0,0.9935657383302762,-3.0
AOI-0045,2013,история полигона,38,0,0.3115772362060072,0.0,True,0.5508611039879547,143,0.13043481936969176,0.420426284618263,102,169.0,57.03750757674727,213,1.1783417902975313,8,11,1.0145132707489417,-2.0
AOI-0045,2014,история полигона,51,0,-0.7266274110739718,0.14553990610328638,True,0.23898247047164906,131,0.12072631487587614,0.11825615559577292,93,158.0,33.76403263048055,213,0.4898284530434786,-7,2,0.5844077258225204,-12.0
AOI-0045,2015,история полигона,40,1,0.831776986411773,0.06572769953051644,True,0.7737967620361184,145,0.014105137455849279,0.7596916245802691,91,182.0,75.7274076487387,202,1.7097518360473467,9,0,1.381510097431248,12.0
AOI-0045,2016,история полигона,51,2,-0.0020153121516848903,0.03755868544600939,True,0.23754084006926496,143,0.1293149908286378,0.10822584924062717,92,170.0,44.333062014102225,213,0.48692635652846566,7,0,0.7792733313511725,-2.0
AOI-0045,2017,история полигона,61,3,0.5239581438797956,0.0,True,0.8280368319811284,148,0.12050958502501066,0.7075272469561178,91,174.0,82.12173939573776,206,1.8459488836708502,12,0,1.5090223200654962,5.0
AOI-0045,2018,история полигона,48,1,0.17538735106847236,0.028169014084507043,True,0.6354658736420911,136,0.08121618212021267,0.5542496915218784,91,164.0,59.31109097221752,209,1.3785340291334063,-2,0,1.058895150753177,-7.0
AOI-0045,2019,история полигона,74,0,-0.3140198290216217,0.17370892018779344,True,0.22714977690179636,128,0.12274731277745497,0.10440246412434138,97,166.0,39.40230402245375,213,0.46441997050686956,-10,6,0.6870989866195619,-4.0
AOI-0045,2020,история полигона,69,1,-0.09599060647510636,0.38028169014084506,True,0.7875461496279668,141,0.07848496638406513,0.7090611832439017,92,173.0,74.18195719942267,213,1.746182216954517,5,0,1.347126277617465,3.0
AOI-0045,2021,история полигона,48,1,-0.6164548421676496,0.29107981220657275,True,0.22056166999274737,142,0.12640861305907322,0.09415305693367415,109,169.0,33.38764426811675,209,0.451120694858525,6,18,0.578312507439939,-1.0
AOI-0045,2022,история полигона,67,2,1.3076100055973916,0.0,True,0.8450922681079942,134,0.14568813335702682,0.6994041347509674,91,170.0,91.92744037725004,213,1.8907852729036019,-4,-1,1.7069699593731251,0.0
AOI-0045,2023,история полигона,80,3,-0.382082516669368,0.07042253521126761,True,0.24098010428896047,140,0.1375923787516331,0.10338772553732736,91,161.0,39.78959878158341,213,0.49447715788386876,4,0,0.6940516502580564,-9.0
AOI-0045,2024,история полигона,66,0,0.13860585649932222,0.0,True,0.8136304330358186,126,0.10603606856897423,0.7075943644668444,92,160.0,72.81062185402217,213,1.801881457032502,-12,0,1.3207091923106813,-11.0
AOI-0045,2025,история полигона,69,0,-0.5927078496579599,0.24413145539906103,True,0.18779210418650144,111,0.13727685234618278,0.05051525184031866,91,171.0,34.09127227446179,213,0.38217323851936974,-27,0,0.5903804146394561,1.0
AOI-0046,2010,история полигона,34,3,0.23131443215253528,0.38497652582159625,True,0.4610440622267069,235,0.03461741071624353,0.4264266515104634,104,283.0,55.68540891825576,207,0.8193811482520692,92,12,0.8185634523802204,109.0
AOI-0046,2011,история полигона,39,1,-0.7255138250353709,0.2300469483568075,True,0.33315470013929915,135,0.11735178696614096,0.2158029131731582,91,166.0,41.11294481013479,204,0.5913298850762783,-8,-1,0.5961613836454969,-8.0
AOI-0046,2012,история полигона,18,0,0.7851551143929714,0.004694835680751174,True,0.6777215468487491,150,0.1238723344470591,0.5538492124016899,92,173.0,77.42948134756267,178,1.246995775541961,8,0,1.1650654898486195,-1.0
AOI-0046,2013,история полигона,32,1,0.19815596914578346,0.028169014084507043,True,0.549377898926419,145,-0.03711181911964434,0.5864897180460633,100,225.0,65.57710104330093,208,1.0019456040631383,2,8,0.973676957015701,52.0
AOI-0046,2014,история полигона,43,0,-0.17126936827302774,0.014084507042253521,True,0.7257979176104191,136,0.12447757493646065,0.6013203426739585,91,167.0,69.6307471788788,213,1.3497657010909152,-8,-1,1.0366075967204986,-7.0
AOI-0046,2015,история полигона,35,2,-0.642143589174114,0.26291079812206575,True,0.4042759289139853,176,0.09950547661237527,0.30477045230161004,98,198.0,41.46142551653654,198,0.7091272902349901,33,6,0.601955578238664,26.0
AOI-0046,2016,история полигона,39,0,0.3762539500549303,0.0,True,0.7886714273274259,128,0.17417773171583822,0.6144936956115876,92,171.0,84.42271202379503,213,1.4686634381484802,-16,0,1.2790352640548748,-6.0
AOI-0046,2017,история полигона,50,1,0.2190825731846695,0.0,True,0.7495292737716176,143,0.13877780616644658,0.6107514676051711,93,176.0,75.6897381408941,199,1.4024809347265168,0,1,1.1378973621487944,3.0
AOI-0046,2018,история полигона,40,0,-1.1479977361558313,0.5070422535211268,True,0.18303164078126405,137,0.07129165761637325,0.1117399831648908,91,281.0,30.013580233304143,206,0.31974905014184835,-6,-1,0.43018120141077876,107.0
AOI-0046,2019,история полигона,68,3,0.1500131559231664,0.004694835680751174,True,0.7403731871091752,145,0.11454616230252722,0.625827024806648,103,170.0,71.80941825579657,213,1.383601419673636,2,12,1.0732329313276563,-7.0
AOI-0046,2020,история полигона,60,1,-0.1284500213872532,0.36619718309859156,True,0.8201800920024116,135,0.10062051292508456,0.719559579077327,92,170.0,77.62587301016036,213,1.5464265174656302,-8,0,1.166734250446694,-4.0
AOI-0046,2021,история полигона,42,3,1.6312094836543383,0.0,True,0.7722529149538281,159,0.1558580882912518,0.6163948266625763,106,183.0,99.19234493165673,209,1.441584747945342,16,14,1.5245704649052603,11.0
AOI-0046,2022,история полигона,55,1,-0.8158369622905263,0.3192488262910798,True,0.2501445550477432,125,0.02967211347029006,0.22047244157745313,91,297.0,39.9685859435438,213,0.4401896640008784,-18,-1,0.5773716389997571,124.0
AOI-0046,2023,история полигона,63,0,0.3663855630260515,0.0,True,0.8381395287649868,131,0.14554248806658807,0.6925970406983987,91,175.0,86.66551975258352,210,1.580498057111301,-12,-1,1.3153015637391081,1.0
AOI-0046,2024,история полигона,50,0,-0.0031868092025051165,0.09389671361502347,True,0.8507589966896023,126,0.1283300919681358,0.7224289047214665,92,163.0,78.6019232924064,213,1.6059006461793175,-18,0,1.1829132215806306,-12.0
AOI-0046,2025,история полигона,71,8,0.5359705697285833,0.16901408450704225,True,0.6198646897429589,176,0.09726967453287502,0.5225950152100839,105,228.0,65.13780658718096,211,1.092681803042861,34,13,0.965731938451633,57.0
AOI-0047,2025,среднее по культуре (истории полигона нет),80,1,0.2930771923751002,0.0,True,0.8291487614928174,119,0.12795199891540954,0.7011967625774078,91,161.0,78.31781220433375,210,1.79545634881625,-18,-1,1.2701007796750836,-9.0
AOI-0048,2010,история полигона,39,2,-0.017892832049657827,0.14084507042253522,True,0.7439040393855437,159,-0.07667567536355559,0.8205797147490993,106,200.0,66.68782339439228,207,1.313252827446074,21,15,0.9993230555238639,27.0
AOI-0048,2011,история полигона,42,0,0.015753930327179116,0.0,True,0.7563720874660014,138,0.14772724450154567,0.6086448429644558,91,172.0,69.9156649806542,204,1.357250292375907,-2,0,1.0516198691829468,-3.0
AOI-0048,2012,история полигона,21,1,-0.9915467469339794,0.596244131455399,True,0.33628954357243823,141,0.11745993466287934,0.21882960890955888,107,161.0,36.68274578498312,196,0.5746787425113463,1,15,0.5354667524384333,-14.0
AOI-0048,2013,история полигона,36,0,0.49542175274217953,0.03286384976525822,True,0.7787678326661479,130,0.1240672032371587,0.6547006294289892,91,157.0,81.00645680298558,213,1.3915623342412475,-12,-4,1.230211650015823,-19.0
AOI-0048,2014,история полигона,50,1,-0.14600163556038834,0.22535211267605634,True,0.6159202885641631,177,0.1058188198536545,0.5101014687105087,105,204.0,59.28495713300471,213,1.0503924266969833,38,14,0.8804767211973069,32.0
AOI-0048,2015,история полигона,40,0,0.37472306517458437,0.0,True,0.7368500728489277,145,0.16688411106595114,0.5699659617829765,101,170.0,76.26383576175576,207,1.318772949573621,5,10,1.153674619462477,-6.0
AOI-0048,2016,история полигона,50,0,-0.7041865133783595,0.38497652582159625,True,0.32470852040381637,137,0.14468581437691366,0.1800227060269027,105,169.0,43.96262480251805,213,0.5540749569357019,-3,13,0.6445484718709014,-7.0
AOI-0048,2017,история полигона,62,1,0.3573338790419325,0.0,True,0.7668013996835716,146,0.14214750680193866,0.624653892881633,93,186.0,80.00200837137932,204,1.3764984207745794,7,2,1.2154968853235466,12.0
AOI-0048,2018,история полигона,46,0,-0.5553395483637894,0.24413145539906103,True,0.4463444163892345,162,0.11523902158597858,0.3311053948032559,118,188.0,49.44480297223359,213,0.7629044915422725,24,27,0.7274408094445647,14.0
AOI-0048,2019,история полигона,74,3,0.5068898920563412,0.0,True,0.7499874329835298,142,0.18280081001872067,0.567186622964809,98,166.0,77.60501169985996,213,1.3444213148539972,3,7,1.1748095576645805,-10.0
AOI-0048,2020,история полигона,71,7,-0.5378763048790948,0.48826291079812206,True,0.7579377460606495,150,0.10363758079759053,0.6543001652630589,92,174.0,60.831478680760355,213,1.3488881682352571,12,0,0.906093504820703,-1.0
AOI-0048,2021,история полигона,49,3,2.1113509392460075,0.0,True,0.7608228366774522,139,0.2566707102652184,0.5041521264122337,102,177.0,93.03544203872043,201,1.3662169130679769,-1,11,1.4335381367047457,3.0
AOI-0048,2022,история полигона,65,2,-0.4635442282168836,0.27699530516431925,True,0.48361022444445856,123,0.15914839023058322,0.3244618342138753,91,141.0,52.019412427752,213,0.8249217512934469,-19,0,0.7673388455549799,-34.0
AOI-0048,2023,история полигона,75,1,0.5497663258714972,0.0,True,0.8218251849989534,136,0.16392238264361375,0.6579028023553397,91,176.0,87.03654383657816,213,1.4862994042814823,-4,0,1.3303552607026412,1.0
AOI-0048,2024,история полигона,64,2,0.4908988184906758,0.3192488262910798,True,0.5203092282527559,227,0.17077512958995245,0.3495340986628035,180,248.0,58.229539061905626,213,0.8743926752279961,87,88,0.8655300313605425,73.0
AOI-0048,2025,история полигона,72,1,-0.3083004675738744,0.22535211267605634,True,0.7544924863788542,120,0.13297225154553793,0.6215202348333163,95,153.0,64.0344067359574,209,1.3350212104734451,-22,4,0.9569779541875149,-23.0
AOI-0049,2025,среднее по культуре (истории полигона нет),51,0,-0.5006694406909962,0.45539906103286387,True,0.7783368046655432,128,0.1476229541369609,0.6307138505285823,91,155.0,69.87507987856563,205,1.3011337399536511,-19,0,0.8178562708087688,-40.0
AOI-0050,2010,история полигона,29,0,-0.2568616761156062,0.014084507042253521,True,0.6984160744754834,166,0.18368446013908618,0.5147316143363971,105,217.0,94.73763972736378,213,1.1744837327493503,0,5,0.9548009593906736,-25.0
AOI-0050,2011,история полигона,39,0,0.6418575320368369,0.11737089201877934,True,0.7190090373646163,157,0.1720718234409967,0.5469372139236196,114,279.0,109.33243298388052,207,1.210001648924098,-9,14,1.114357334313705,43.0
AOI-0050,2012,история полигона,28,0,0.23909054451757603,0.018779342723004695,True,0.6449855130551136,165,0.11275434202776449,0.5322311710273492,98,,103.60487373067161,212,1.0781145254712503,-1,-2,1.050880126982753,
AOI-0050,2013,история полигона,34,0,0.7684139174426826,0.0,True,0.6457629213235375,165,0.22266104152453098,0.42310187979900654,98,,112.77614666830644,213,1.0794864050267166,-1,-3,1.1512659263853318,
AOI-0050,2014,история полигона,41,0,0.39034619049253133,0.0,True,0.6787607776280097,197,0.24492492068812344,0.43383585693988624,100,252.0,106.34944767361736,213,1.134941671217134,30,0,1.0804356420952692,12.0
AOI-0050,2015,история полигона,40,1,-0.5310602434467867,0.3615023474178404,True,0.6699420515081742,177,0.19930928152445912,0.47063276998371506,91,231.0,88.74452411441418,213,1.1137965611894474,13,-8,0.8908148726436461,-15.0
AOI-0050,2016,история полигона,33,6,-0.2811474993776918,0.22535211267605634,True,0.6400872930208512,168,0.2686208279818581,0.3714664650389931,123,212.0,83.26829400735309,181,1.0691271800789104,2,23,0.8388988276182727,-30.0
AOI-0050,2017,история полигона,56,8,-0.5535747026234231,0.2300469483568075,True,0.6405326858438731,184,0.02215338595853055,0.6183792998853426,99,262.0,85.36029233418469,201,1.0634950486185784,19,0,0.85699600618661,20.0
AOI-0050,2018,история полигона,51,0,-0.7212600267873026,0.2300469483568075,True,0.541455759308663,184,0.19182748964233873,0.3496282696663242,106,255.0,85.05562612601364,213,0.8892079645756554,18,6,0.8516153959357649,17.0
AOI-0050,2019,история полигона,55,1,0.6993008875812075,0.018779342723004695,True,0.8199533240114842,162,0.21483480448270872,0.6051185195287755,104,228.0,112.67471358548306,213,1.3956869387729443,-5,4,1.1495750215008746,-16.0
AOI-0050,2020,история полигона,69,0,-0.24724746251669455,0.19718309859154928,True,0.7025086266698202,158,0.202565948815302,0.4999426778545182,92,223.0,94.86666290656407,213,1.1782006740012139,-9,-11,0.9560121911657009,-16.0
AOI-0050,2021,история полигона,59,5,0.9601864449747627,0.0,True,0.7500581177055927,173,0.40338493705754225,0.34667318064805047,113,205.0,110.78542685032488,196,1.2667940467072647,7,13,1.1335122864057896,-36.0
AOI-0050,2022,история полигона,54,3,1.4761703920089082,0.20187793427230047,True,0.7476065706742344,224,0.401865820884717,0.3457407497895174,98,278.0,118.5639704210067,212,1.2225831560270226,58,-5,1.2156893669130717,46.0
AOI-0050,2023,история полигона,64,3,-0.16176435024732289,0.19248826291079812,True,0.6614074013649192,132,0.08307791380948655,0.5783294875554326,91,260.0,95.12744794725575,213,1.0846789839892337,-36,-10,0.959137998287009,19.0
AOI-0050,2024,история полигона,68,2,-1.0520031465125408,0.48826291079812206,True,0.4510555197189601,142,0.29181190137164453,0.15924361834731554,92,217.0,79.75596685267638,213,0.7351562834565998,-24,-2,0.7961783549621281,-38.0
AOI-0050,2025,история полигона,51,1,-1.1155548314860908,0.5727699530516432,True,0.5517224014187345,132,0.30269181581359783,0.2490305856051367,106,149.0,76.82381390733983,206,0.8969699438023937,-33,6,0.7664878221228111,-95.0
AOI-0051,2010,история полигона,27,0,-0.32324740711365385,0.056338028169014086,True,0.6390704522317969,157,0.21325666976741559,0.42581378246438134,94,186.0,80.34616355969858,213,1.0370319781623334,18,3,0.9196218804422898,-7.0
AOI-0051,2011,история полигона,32,1,0.6361247626358366,0.28169014084507044,True,0.6869210146180923,185,0.11900854971599932,0.567912464902093,118,264.0,93.51656969927294,213,1.0972669327924307,45,27,1.0818118867380793,78.0
AOI-0051,2012,история полигона,21,0,0.16162640706993836,0.04225352112676056,True,0.5889670675864564,156,0.06143690681095965,0.5275301607754967,99,246.0,86.96119354685067,185,0.9569635448811834,17,7,1.001926169924124,48.0
AOI-0051,2013,история полигона,30,1,0.33179915163416945,0.13615023474178403,True,0.7068165958306836,132,0.2950897155026517,0.4117268803280319,93,155.0,93.0802953383088,212,1.1623848022312986,-9,2,1.0766025948188007,-39.0
AOI-0051,2014,история полигона,35,1,0.280675761863212,0.0,True,0.7600458442999656,128,0.19108094182199867,0.5689649024779669,91,163.0,96.8318755299702,213,1.2558099474866835,-13,-4,1.1227442065975857,-29.0
AOI-0051,2015,история полигона,35,0,0.0507985884409682,0.20187793427230047,True,0.7390317247113255,160,0.04707570454520271,0.6919560201661228,105,225.0,86.99321870744257,212,1.2086957458170844,22,14,1.0009985844056566,36.0
AOI-0051,2016,история полигона,26,4,0.06376917222475109,0.0,True,0.7056300880236774,113,0.26101733024176316,0.4446127577819143,92,172.0,79.6317162543621,174,1.1505944087150872,-26,0,0.9195045153789245,-31.0
AOI-0051,2017,история полигона,52,9,-0.09425036595286161,0.28169014084507044,True,0.5908081219969276,221,-0.07416992403320788,0.6649780460301354,91,278.0,83.28507756932737,213,0.941384701354782,83,0,0.9555474962526955,94.0
AOI-0051,2018,история полигона,45,4,-0.69858228381091,0.3380281690140845,True,0.6647399724825445,133,0.20005523335201936,0.4646847391305251,91,163.0,72.85685131466796,213,1.0884360996100662,-8,-1,0.8291226904074306,-32.0
AOI-0051,2019,история полигона,49,1,-0.470738717254451,0.2535211267605634,True,0.7515780831645533,136,0.08449150670534424,0.6670865764592091,91,161.0,80.22285460701626,213,1.245937061278022,-5,-2,0.918070933340695,-33.0
AOI-0051,2020,история полигона,63,0,-0.3147913266426589,0.19248826291079812,True,0.7323349496628144,154,0.08384431875542991,0.6484906309073846,92,193.0,80.5114256649776,213,1.2015543043944341,16,0,0.9223040458846045,3.0
AOI-0051,2021,история полигона,51,2,0.13000079489511898,0.03755868544600939,True,0.7962223315398909,140,-0.016810144140228914,0.8130324756801198,98,183.0,88.18929709930623,213,1.3274384061600075,1,7,1.0155943923166566,-13.0
AOI-0051,2022,история полигона,48,4,0.9230402865842736,0.22065727699530516,True,0.7500526197034425,185,0.08324507232242245,0.66680754738102,99,262.0,99.57356248575405,213,1.193922691016583,47,8,1.157313189207627,78.0
AOI-0051,2023,история полигона,61,2,0.552380886964271,0.0,True,0.8096118713124437,140,0.2647532858874163,0.5448585854250274,92,172.0,99.9157583643554,212,1.3518704848051255,1,1,1.161515225120671,-23.0
AOI-0051,2024,история полигона,58,0,-0.6765566636981335,0.14084507042253522,True,0.5210854219094501,161,0.22310194686073656,0.2979834750487135,92,183.0,70.32342410290057,213,0.8386879961845258,22,0,0.8002011950191641,-48.0
AOI-0051,2025,история полигона,58,0,-0.2480779920347478,0.5117370892018779,True,0.854636082400244,123,0.160687818855961,0.6939482635442831,91,160.0,86.93235845391074,213,1.423955274403194,-18,-1,1.0001552388753556,-46.0
AOI-0052,2010,история полигона,30,0,0.27275350811579707,0.1267605633802817,True,0.6734133368715063,181,0.14017649280534825,0.533236844066158,103,227.0,81.08177748949377,213,1.1141089761220344,37,12,1.0275144055560674,39.0
AOI-0052,2011,история полигона,42,1,0.17911919509620197,0.0,True,0.7073111358812955,147,0.18807996966471813,0.5192311662165774,104,184.0,80.22617143802587,207,1.2066752131342782,2,13,1.0171461036450162,-10.0
AOI-0052,2012,история полигона,29,0,0.29761414420616783,0.028169014084507043,True,0.5450994872405793,143,0.11978837143715233,0.425311115803427,97,202.0,78.8833494648263,212,0.9132400971338286,-2,5,1.000632325728928,-1.0
AOI-0052,2013,история полигона,35,3,0.4278432148536241,0.009389671361502348,True,0.525902862329552,120,0.1909134654863702,0.33498939684318174,94,225.0,85.24856877048072,210,0.8757421796027338,-25,3,1.0856708160586408,32.0
AOI-0052,2014,история полигона,44,0,-0.052886043369530955,0.12206572769953052,True,0.8068632965537885,125,0.13503466448526819,0.6718286320685203,91,160.0,83.73300081952074,213,1.37228875598494,-22,0,1.0642168103119911,-35.0
AOI-0052,2015,история полигона,46,1,0.07261070197674822,0.04225352112676056,True,0.5863961710976362,200,0.1225150650999842,0.463881105997652,91,234.0,79.32466397252682,213,0.97537892419957,55,0,1.0038431817194091,45.0
AOI-0052,2016,история полигона,39,2,-0.2836708088307912,0.2676056338028169,True,0.8386600172108757,128,0.1276741755089687,0.710985841701907,92,163.0,78.5119924588702,213,1.4408625225893485,-19,0,0.995689140567639,-47.0
AOI-0052,2017,история полигона,61,4,0.37698266144357206,0.051643192488262914,True,0.8427749304853847,138,0.033917388887139764,0.8088575415982449,95,177.0,91.47142309393845,209,1.460622154450819,-7,4,1.1713929911086942,-20.0
AOI-0052,2018,история полигона,59,1,-0.6903535345197352,0.41784037558685444,True,0.5773800534961278,181,0.13137462642983705,0.4460054270662907,121,201.0,57.26299722545896,213,0.9500424008017402,37,30,0.7113312663465543,13.0
AOI-0052,2019,история полигона,62,2,-0.3032562996228611,0.26291079812206575,True,0.8241146751653269,139,0.1269835536116726,0.6971311215536543,91,163.0,78.84145437321189,213,1.4218200554120926,-7,0,0.9979074897825299,-34.0
AOI-0052,2020,история полигона,76,5,0.8861279331889302,0.2676056338028169,True,0.7251111076727402,176,0.08994296033798263,0.6351681473347576,120,240.0,82.39003766151686,213,1.188515044037132,33,28,1.0477293732654647,46.0
AOI-0052,2021,история полигона,65,5,0.18733316459544677,0.0,True,0.8314179800048782,140,0.1498609962134985,0.6815569837913797,101,178.0,83.745061610589,203,1.4385524816740165,-5,10,1.0676421158581488,-19.0
AOI-0052,2022,история полигона,61,0,0.15465871730400793,0.1643192488262911,True,0.8437200214449512,144,0.1609541587029705,0.6827658627419807,91,172.0,87.17324758581525,213,1.46244513087876,-1,0,1.110961001838533,-26.0
AOI-0052,2023,история полигона,75,3,0.17816413584261145,0.3051643192488263,True,0.7243615352070971,205,-0.0512733834667555,0.7756349186738526,93,239.0,76.31426112406396,211,1.175684858448868,60,2,0.9638298922957289,53.0
AOI-0052,2024,история полигона,72,3,-0.4791826515597257,0.5586854460093896,True,0.8148076110737619,126,0.11409445028364791,0.7007131607901139,92,165.0,74.31383868643027,213,1.4037365616051432,-19,0,0.9391299851482952,-47.0
AOI-0052,2025,история полигона,60,1,-0.6923108098942252,0.460093896713615,True,0.5996469676777844,182,0.12877546001742146,0.4708715076603629,141,201.0,56.029876965626855,213,0.9746918676221044,39,50,0.695360062176347,14.0
AOI-0053,2010,история полигона,30,0,0.12326941137041865,0.2347417840375587,True,0.6245009285469828,191,0.08137321211510722,0.5431277164318756,106,232.0,77.59986850745946,213,1.108637369087704,37,15,0.9675824781974333,15.0
AOI-0053,2011,история полигона,44,3,0.2416936205094501,0.3145539906103286,True,0.6689966033889196,186,0.1383335592468433,0.5306630441420763,121,230.0,77.38935925099278,207,1.1754649803848505,39,30,0.9656592155184429,13.0
AOI-0053,2012,история полигона,28,2,0.2647728475759902,0.04225352112676056,True,0.6242342205175917,154,0.08730021407606776,0.5369340064415239,98,232.0,81.05861065295755,199,1.1195291573932193,6,6,1.0160619579691512,13.0
AOI-0053,2013,история полигона,37,3,-0.0024831224753814147,0.07511737089201878,True,0.5096011904285201,172,0.16792128196498649,0.3416799084635337,91,226.0,76.66012282408178,213,0.9017891884334813,25,0,0.9554653655245013,7.0
AOI-0053,2014,история полигона,42,3,0.3718612044331312,0.03755868544600939,True,0.6280445987781723,183,0.12488124170601524,0.5031633570721571,101,229.0,86.14205476194698,212,1.121353407708194,29,10,1.0822112902947478,11.0
AOI-0053,2015,история полигона,43,1,0.02836585161585815,0.16901408450704225,True,0.6366930657806582,158,0.13772171036764438,0.49897135541301385,91,224.0,84.55767242221826,213,1.1482267538933406,12,0,1.060966114836652,5.0
AOI-0053,2016,история полигона,35,2,0.24847089051691906,0.0,True,0.6290739997449568,165,0.19397053965785993,0.4351034600870969,99,210.0,82.3362863422694,213,1.126722060727508,19,7,1.0329650325188269,-10.0
AOI-0053,2017,история полигона,64,7,-0.06307712451112085,0.352112676056338,True,0.7117612720839794,158,0.05885651070136228,0.6529047613826171,95,204.0,82.55788736721115,202,1.297945066780289,4,4,1.0363907586421002,-18.0
AOI-0053,2018,история полигона,57,2,-0.4195920414580764,0.2535211267605634,True,0.6556978746170643,146,0.15470853843074123,0.5009893361863231,91,174.0,73.8712066627027,213,1.1832370362113918,-8,0,0.9186822140098732,-48.0
AOI-0053,2019,история полигона,57,3,-0.08715564163539923,0.06572769953051644,True,0.5915850515853001,156,0.14468836066229393,0.4468966909230061,91,215.0,78.24924972884426,213,1.0635137143612754,2,0,0.9766258940656909,-6.0
AOI-0053,2020,история полигона,65,1,-0.8325040378090326,0.4507042253521127,True,0.5172794245579772,161,0.1328009929872065,0.38447843157077066,92,195.0,64.63022876059809,213,0.916163909654138,14,0,0.7988850368081849,-26.0
AOI-0053,2021,история полигона,61,9,0.9021917896938144,0.0,True,0.7023130214485099,160,0.19449561354474565,0.5078174079037643,105,191.0,89.30273614373712,199,1.2791718301934631,6,14,1.1296658902655177,-30.0
AOI-0053,2022,история полигона,61,6,0.20655304243992811,0.0,True,0.6168724640655313,132,0.16376184998253238,0.4531106140829989,92,232.0,85.19185218681845,212,1.1047220608436874,-22,1,1.0698442929253023,13.0
AOI-0053,2023,история полигона,69,0,-0.08139038649091108,0.3568075117370892,True,0.8132425653478356,136,-0.028692772254253793,0.8419353376020894,91,191.0,85.48360414607474,213,1.4858869952138702,-18,0,1.0735481296016123,-30.0
AOI-0053,2024,история полигона,74,3,-0.3629392888338455,0.2676056338028169,True,0.5142583982365788,186,0.16188958892452915,0.35236880931204967,92,241.0,70.28325634231796,213,0.8928231372350671,39,0,0.8727101740313823,24.0
AOI-0053,2025,история полигона,49,0,-0.589738490413964,0.5258215962441315,True,0.847053399139963,117,0.1341096445957738,0.7129437545441892,91,153.0,74.35378692439774,210,1.4974226779898636,-37,0,0.9259345642188974,-69.0
AOI-0054,2025,среднее по культуре (истории полигона нет),56,1,2.0080706102177044,0.0,True,0.7677390352538661,155,0.5273879708261116,0.24035106442775456,99,298.0,148.11342046076584,213,1.2834176108086248,8,8,1.7336007332698848,103.0
AOI-0055,2010,история полигона,26,0,-0.8882157160244285,0.39906103286384975,True,0.5473236919989076,193,0.1793194609895123,0.36800423100939533,99,227.0,86.79137680025917,213,0.9936848138172589,15,-6,0.8964247992515576,-23.0
AOI-0055,2011,история полигона,36,1,-0.3541149590292451,0.2347417840375587,True,0.5740012405095162,183,0.18732392146957552,0.3866773190399406,107,,91.57077350039246,207,1.0477461241922348,5,4,0.9504649142118913,
AOI-0055,2012,история полигона,25,2,0.06597025689946868,0.107981220657277,True,0.5713112841184486,165,0.13566320819960667,0.4356480759188419,96,,94.92567247304422,194,1.0414332570315459,-14,-4,0.988058688915794,
AOI-0055,2013,история полигона,31,2,-0.08804915010023309,0.11267605633802817,True,0.5288164590086809,187,0.20769636697346813,0.32112009203521275,91,287.0,93.62539494754856,207,0.9594538401580869,10,-12,0.9731382261137087,40.0
AOI-0055,2014,история полигона,38,1,-0.396901627222543,0.1784037558685446,True,0.5964655550593686,178,0.12613957784562194,0.4703259772137467,100,273.0,90.04919771881052,208,1.0914155408035051,-3,-3,0.9332706126325786,20.0
AOI-0055,2015,история полигона,46,0,-0.21267669117815513,0.14553990610328638,True,0.6067926791452695,193,0.2895894136998097,0.3172032654454598,91,243.0,94.31740842905832,213,1.1082859641436917,22,-11,0.9794915531852612,-17.0
AOI-0055,2016,история полигона,35,1,1.5293540889199975,0.0,True,0.6120055194897596,204,0.3530042741016902,0.25900124538806935,111,265.0,107.52780996248936,205,1.1202567955355867,26,10,1.129451043538289,-1.0
AOI-0055,2017,история полигона,56,2,-0.037838315906391286,0.26291079812206575,True,0.6113119012518726,180,0.2860157661520728,0.3252961350997998,100,226.0,91.87358625950768,203,1.121331137057726,2,-5,0.9547953902647941,-30.0
AOI-0055,2018,история полигона,51,0,-0.3479388898488953,0.056338028169014086,True,0.5171859337166959,156,0.221292252811328,0.29589368090536783,98,,92.91455844711632,213,0.9368748120780028,-22,-4,0.9641825217192326,
AOI-0055,2019,история полигона,51,2,0.1600439895389454,0.0,True,0.5632911020631015,162,0.29852996148394695,0.26476114057915456,104,245.0,97.93569678954444,213,1.0233035005749347,-17,0,1.0196948555755547,-2.0
AOI-0055,2020,история полигона,67,2,-0.2544703296156395,0.0,True,0.5403618329659282,157,0.31085207592701086,0.22950975703891735,114,245.0,93.87296733324331,213,0.9816219588411609,-22,22,0.9754632651896977,-52.0
AOI-0055,2021,история полигона,55,0,0.9778009804803119,0.0,True,0.5859447701337711,190,0.389651415885488,0.1962933542482831,101,271.0,102.24584337019105,203,1.070427028799822,13,-3,1.070340475854895,26.0
AOI-0055,2022,история полигона,49,1,0.7630077789234629,0.0,True,0.595645452939798,217,0.295559734771005,0.300085718168793,100,285.0,103.4487962666913,212,1.084187477779496,38,-5,1.0814542595543248,39.0
AOI-0055,2023,история полигона,68,1,0.5228618443214891,0.014084507042253521,True,0.5939649612785293,174,0.2227274728563983,0.371237488422131,91,260.0,100.56730023629157,213,1.0864237406575228,-6,-13,1.048889640929966,3.0
AOI-0055,2024,история полигона,68,2,-0.7828235428760263,0.38028169014084506,True,0.49727700239672357,123,0.1564345286384599,0.34084247375826365,92,286.0,88.52577837282976,213,0.8929916027997531,-57,-13,0.9150419507102004,39.0
AOI-0055,2025,история полигона,53,1,-0.5933100519966176,0.41784037558685444,True,0.5110565774628073,169,0.36122964087661813,0.14982693658618917,91,201.0,88.84201507703352,206,0.9244847179367509,-12,-12,0.9208050387318759,-58.0
AOI-0056,2010,история полигона,29,0,-0.5515511622597944,0.12206572769953052,True,0.6620033097665,147,0.1979667526117655,0.4640365571547345,96,172.0,77.56971844792568,213,1.0286128716284797,0,5,0.8612869230823693,-22.0
AOI-0056,2011,история полигона,40,3,-0.08228489599748431,0.323943661971831,True,0.7159016344390432,188,0.1606722521998419,0.5552293822392013,122,232.0,83.53103586230787,207,1.0847815086888344,42,31,0.9324074721686854,46.0
AOI-0056,2012,история полигона,29,5,-0.21792585330027645,0.11267605633802817,True,0.6974220082224026,105,0.190428535054906,0.5069934731674967,105,187.0,77.93844081176533,199,1.0739510757094628,-42,13,0.8726364452642517,-23.0
AOI-0056,2013,история полигона,33,0,0.3511113927521321,0.07981220657276995,True,0.625018881461953,135,0.2493479187346284,0.3756709627273246,91,168.0,90.87730860437404,213,0.9652536937477686,-13,0,1.019762823792377,-26.0
AOI-0056,2014,история полигона,41,3,0.14535428287965083,0.0,True,0.6392499044013669,149,0.17973134693488776,0.45951855746647907,96,227.0,90.96436724673039,208,0.9908583975425914,2,5,1.022157351413969,38.0
AOI-0056,2015,история полигона,47,3,-0.012434943088432487,0.0,True,0.7691022105602282,160,0.20463284396205697,0.5644693665981713,91,183.0,91.36908714529129,203,1.2026525728519528,14,0,1.025496357600355,-11.0
AOI-0056,2016,история полигона,35,4,0.7262174219738274,0.004694835680751174,True,0.7690136260034326,165,0.10629457911653822,0.6627190468868944,103,227.0,97.18468682087146,202,1.1962001332980372,19,11,1.102841307728762,24.0
AOI-0056,2017,история полигона,61,6,-0.02687935647241902,0.49295774647887325,True,0.8549566961121668,136,0.055872706788023925,0.7990839893241429,95,181.0,90.94325768371257,202,1.3553586355254406,-11,4,1.0232769003055342,-18.0
AOI-0056,2018,история полигона,58,1,0.6209026297699923,0.19248826291079812,True,0.640170096806051,181,0.2679452266199719,0.3722248701860791,114,223.0,96.1872920162174,213,0.9881789063608178,35,23,1.083272640750738,31.0
AOI-0056,2019,история полигона,58,2,-0.05978286384591929,0.22535211267605634,True,0.7594343181081737,140,0.15230860676533922,0.6071257113428346,91,169.0,90.27043183428378,213,1.1897361595684082,-8,0,1.0127827623644212,-28.0
AOI-0056,2020,история полигона,73,4,-0.25134282596154167,0.1596244131455399,True,0.6795865335632377,157,0.105020221993595,0.5745663115696428,92,214.0,87.03744926321347,213,1.056045997014724,11,0,0.9764136063329343,8.0
AOI-0056,2021,история полигона,63,5,0.49863337701378513,0.06103286384976526,True,0.6162687251902715,167,-0.043590868602319234,0.6598595937925907,100,284.0,90.55196499454382,208,0.947236320862042,21,9,1.0168680436331021,94.0
AOI-0056,2022,история полигона,56,1,0.2786156205789917,0.15492957746478872,True,0.8387522780152251,133,0.20305547365265464,0.6356968043625705,92,176.0,95.59813561888005,212,1.326409050490535,-14,1,1.0770090644751042,-23.0
AOI-0056,2023,история полигона,74,2,0.03531045826801837,0.014084507042253521,True,0.6545702839948309,170,0.13694970736726028,0.5176205766275705,91,231.0,89.12660424525461,213,1.0047869639287568,24,0,0.9983485854276826,41.0
AOI-0056,2024,история полигона,68,1,-0.5499929253619334,0.23943661971830985,True,0.5930250770411402,121,0.1686916951292887,0.42433338191185144,92,166.0,77.99227319342958,213,0.9102361222837986,-28,0,0.8691491105834943,-48.0
AOI-0056,2025,история полигона,55,0,-0.6814980187360169,0.49295774647887325,True,0.7750999060044932,118,0.07409764561880171,0.7010022603856915,91,164.0,79.26418988642055,213,1.2021916315680308,-32,0,0.8818353383362706,-33.0
AOI-0057,2025,среднее по культуре (истории полигона нет),51,4,-0.6596623226139775,0.4694835680751174,True,0.7874379837800028,116,0.1419923329588415,0.6454456508211613,95,144.0,65.31820061101536,209,1.3163480419732934,-31,4,0.7645200557981913,-51.0
AOI-0058,2010,история полигона,25,2,-0.27925392806736593,0.23943661971830985,True,0.6368772779005533,188,0.1271819410203184,0.5096953368802348,124,224.0,81.0793464213757,213,0.9663864030473241,33,33,0.8848523739242985,32.0
AOI-0058,2011,история полигона,28,2,-0.04383434551841231,0.0,True,0.6352825920305792,163,0.21647909332876641,0.4188034987018128,92,200.0,86.31367711398246,203,0.9726383874272932,8,1,0.947774284473896,4.0
AOI-0058,2012,история полигона,22,0,0.13757869584763338,0.014084507042253521,True,0.5665046927520647,147,-0.02024717144149736,0.5867518641935621,94,234.0,91.6287946715243,203,0.8613339926293517,-8,2,1.0100002377339723,40.0
AOI-0058,2013,история полигона,24,1,-0.48006957292484514,0.41784037558685444,True,0.669065634896545,183,0.17801399290545403,0.49105164199109097,91,220.0,74.73849440678634,198,1.0280779206558872,33,0,0.8141968982141564,27.0
AOI-0058,2014,история полигона,36,1,-0.3826904976735884,0.2676056338028169,True,0.7803092980757167,122,0.13720831169345343,0.6431009863822632,91,169.0,84.21068426586271,199,1.199769397764666,-32,0,0.9229609952699047,-30.0
AOI-0058,2015,история полигона,40,4,0.5749914421016166,0.107981220657277,True,0.7124576346371402,158,-0.1733721316024671,0.8858297662396073,95,,92.03003288677164,195,1.1033706616648737,3,4,1.0187708080371245,
AOI-0058,2016,история полигона,30,1,1.0464788341874882,0.0,True,0.8105905918438508,143,0.2568694614445823,0.5537211303992686,92,184.0,116.06528571267633,202,1.2699644021191676,-12,0,1.304194457372333,-17.0
AOI-0058,2017,история полигона,54,1,-0.24310468183189096,0.5211267605633803,True,0.8139748325528876,127,0.08189461229335347,0.7320802202595341,91,183.0,89.16481986723046,213,1.2665323375794058,-28,0,0.9792406800740419,-17.0
AOI-0058,2018,история полигона,54,1,0.2750376637136169,0.0,True,0.6902215678536368,151,0.19684427101174132,0.49337729684189546,91,184.0,96.86360959548155,213,1.0658157695140011,-4,0,1.0698611876449553,-13.0
AOI-0058,2019,история полигона,54,1,-0.4888419689534472,0.5821596244131455,True,0.8282192861914908,141,0.08954888763483543,0.7386703985566554,91,170.0,83.32334988720297,213,1.2910247045671353,-15,0,0.911181769583599,-32.0
AOI-0058,2020,история полигона,60,0,-0.18186815017476193,0.0,True,0.5628821107068135,158,0.21735483095194233,0.3455272797548712,92,207.0,84.57997038842791,213,0.8570298101252641,3,0,0.9276224404735053,11.0
AOI-0058,2021,история полигона,55,6,0.47239509283985953,0.0,True,0.6723029056796122,91,0.31092606749120877,0.3613768381884034,91,192.0,102.40550171316963,213,1.0315130931789154,-64,0,1.135877408743711,-6.0
AOI-0058,2022,история полигона,48,1,-0.12661975088012517,0.29577464788732394,True,0.8492490729347958,140,0.16126737929219298,0.6879816936426029,91,176.0,89.92481856807686,213,1.336003709811345,-15,0,0.9882316200176066,-27.0
AOI-0058,2023,история полигона,67,4,1.3245613621785381,0.15023474178403756,True,0.8168380508266058,201,0.19182368517237153,0.6250143656542342,106,231.0,116.52859168509528,213,1.274138137656199,46,15,1.306485582740821,37.0
AOI-0058,2024,история полигона,55,0,-0.4971385388470772,0.3004694835680751,True,0.7590026376875878,125,0.19129959497319846,0.5677030427143893,92,161.0,81.61613043698394,213,1.1525610616709256,-30,0,0.8931497172896226,-38.0
AOI-0058,2025,история полигона,56,1,-0.9796785524744704,0.5305164319248826,True,0.5570348343013767,182,0.1499033276607366,0.4071315066406401,91,203.0,67.53301371810386,213,0.8310151058920818,27,0,0.7297227664802296,10.0
AOI-0059,2010,история полигона,25,1,-0.03520998423832192,0.19248826291079812,True,0.8232752019650398,168,0.0853672883061986,0.7379079136588412,106,215.0,91.79509933718703,195,1.2388764476512564,34,15,1.010504214344305,31.0
AOI-0059,2011,история полигона,30,7,1.371407965187352,0.023474178403755867,True,0.8608670896147682,135,0.1193682824621088,0.7414988071526594,94,219.0,129.13589480560265,166,1.3174212598985477,-10,3,1.4559761491240932,33.0
AOI-0059,2012,история полигона,23,8,0.25745700863396515,0.018779342723004695,True,0.8734511113824242,134,0.07751907774504325,0.7959320336373809,92,182.0,93.10911374751586,164,1.3366791198071601,-11,0,1.0359645263423192,-11.0
AOI-0059,2013,история полигона,30,0,-0.2567485519532283,0.15023474178403756,True,0.8544574658202521,123,0.1547096876453101,0.6997477781749419,91,161.0,83.93600291689643,212,1.3140310140698304,-29,0,0.9226829544623331,-29.0
AOI-0059,2014,история полигона,38,1,-0.33396962515494144,0.14553990610328638,True,0.8296593652006237,124,0.15854040515561055,0.6711189600450131,91,155.0,80.97018711004917,207,1.2653941998282254,-28,0,0.8885709125508173,-31.0
AOI-0059,2015,история полигона,35,5,0.7607849143324189,0.046948356807511735,True,0.7770802623428394,154,0.14833323631459197,0.6287470260282475,105,262.0,104.85141039875926,186,1.180807344878152,20,14,1.1779839836477908,80.0
AOI-0059,2016,история полигона,32,0,-0.029646710598379415,0.014084507042253521,True,0.8221982660617416,130,0.09546981312194802,0.7267284529397936,92,178.0,88.2742175651615,203,1.2777130391210223,-16,0,0.9779958559981254,-15.0
AOI-0059,2017,история полигона,49,0,-0.04302112428023302,0.15492957746478872,True,0.8461080288453058,152,0.08359646297320958,0.7625115658720962,91,183.0,91.53421298500223,213,1.323887830055503,18,0,1.0116396703481094,-2.0
AOI-0059,2018,история полигона,48,2,-0.741947434805619,0.3427230046948357,True,0.5662370262446301,182,0.16144637249044566,0.40479065375418444,129,211.0,63.12182670462406,213,0.8389624722233089,48,38,0.6824564922237896,29.0
AOI-0059,2019,история полигона,47,3,-0.32663439865851646,0.107981220657277,True,0.8117463638802327,143,0.14456752976151252,0.6671788341187201,91,167.0,81.27257267192411,213,1.2657743050617647,9,0,0.8911223824551386,-19.0
AOI-0059,2020,история полигона,65,5,0.2526996269692055,0.3333333333333333,True,0.755832629939664,182,-0.22282049751980837,0.9786531274594724,92,287.0,95.83170949511764,210,1.1134720804912792,38,0,1.065454313874306,103.0
AOI-0059,2021,история полигона,48,5,0.5606757117102031,0.0,True,0.8483831162045123,140,0.19326274062240417,0.6551203755821082,91,172.0,109.9278828673977,213,1.3251788266242388,-12,0,1.2320092752882972,-14.0
AOI-0059,2022,история полигона,51,2,0.8006083768205263,0.20187793427230047,True,0.7644283774448113,209,0.12941122163251007,0.6350171558123012,111,254.0,108.07983429733454,205,1.1355570684847192,75,20,1.213888821602063,72.0
AOI-0059,2023,история полигона,68,2,-0.02527857392518888,0.009389671361502348,True,0.845352281986933,138,0.07463497146881753,0.7707173105181155,91,180.0,91.35925529756416,213,1.3233544613723567,4,0,1.0094610458803672,-5.0
AOI-0059,2024,история полигона,60,1,-0.9051179357927166,0.352112676056338,True,0.5561986674200385,177,0.1445805359795011,0.41161813144053744,92,196.0,57.393677043428,213,0.8179005321470054,33,0,0.6211066219323452,14.0
AOI-0059,2025,история полигона,56,0,-0.5767624599155458,0.4131455399061033,True,0.8437218890632755,120,0.1250376535118415,0.718684235551434,91,155.0,72.73911115967316,204,1.2836529473403464,-32,0,0.7936389399268597,-31.0
AOI-0060,2010,история полигона,28,1,-0.3360603727008127,0.38967136150234744,True,0.7894428664311003,125,0.14986365362509668,0.6395792128060036,91,177.0,88.14333476584959,213,1.306270040253805,-40,0,0.906623092589989,-53.0
AOI-0060,2011,история полигона,40,2,-0.14845404351482977,0.2347417840375587,True,0.7565531311933876,144,0.2286623744685055,0.5278907567248821,91,174.0,89.52418047202175,207,1.2445002855382878,-20,0,0.9225821984077117,-54.0
AOI-0060,2012,история полигона,27,0,0.2510598503113622,0.1643192488262911,True,0.7434733503492772,170,0.06580975214804234,0.6776635982012349,103,215.0,96.97458071159278,212,1.2348765248869742,11,11,1.0046070823413318,-17.0
AOI-0060,2013,история полигона,31,0,0.18014612942247804,0.06103286384976526,True,0.5626229451239534,148,0.3334568420800951,0.22916610304385832,109,174.0,97.2465941475192,213,0.9167791035761459,-15,18,1.0062427453229443,-51.0
AOI-0060,2014,история полигона,42,0,0.1294636536420143,0.10328638497652583,True,0.6933360678362288,130,0.32911381194007067,0.36422225589615814,91,161.0,99.19329665798905,213,1.1268268901402887,-33,0,1.0280225019021736,-65.0
AOI-0060,2015,история полигона,46,0,-0.07737868466485988,0.19718309859154928,True,0.7629232554810484,199,0.22176883580968335,0.5411544196713651,91,244.0,97.23151660519788,213,1.2248413942479772,41,0,1.0060014955921643,23.0
AOI-0060,2016,история полигона,34,0,0.13245281727788052,0.16901408450704225,True,0.769927326130577,188,0.163483449183072,0.606443876947505,119,240.0,100.73114234985533,213,1.2643582022972057,30,27,1.045794011104406,16.0
AOI-0060,2017,история полигона,59,0,-0.06826183651582153,0.3051643192488263,True,0.7170108015293939,205,-0.0006251621897175262,0.7176359637191114,91,272.0,94.98927271248611,212,1.1564194459056867,45,0,0.9812035256484501,52.0
AOI-0060,2018,история полигона,55,0,0.21390498806531802,0.04225352112676056,True,0.7020239173972043,152,0.21262741151968814,0.48939650587751615,105,221.0,100.85992010193118,213,1.1630810828233409,-10,14,1.0460497628971812,-6.0
AOI-0060,2019,история полигона,58,3,-0.42551756666679885,0.352112676056338,True,0.7171912776521023,197,0.2127520228647674,0.5044392547873349,91,233.0,88.03780778597753,213,1.159876887328277,39,0,0.9051040991694848,10.0
AOI-0060,2020,история полигона,69,0,-0.482885859292268,0.6150234741784038,True,0.765675946518371,129,0.16546742824095173,0.6002085182774193,92,170.0,85.97429242164996,213,1.2535317280653346,-36,0,0.8840418659180661,-59.0
AOI-0060,2021,история полигона,61,8,0.16321777811716165,0.1643192488262911,True,0.8011955829185794,189,0.20807221618969005,0.5931233667288893,135,242.0,95.55068482620624,196,1.3226084656479387,31,44,0.99245982123815,18.0
AOI-0060,2022,история полигона,53,1,-0.4023653526256565,0.5164319248826291,True,0.8132473542756269,131,0.1974209376132222,0.6158264166624047,92,173.0,87.05066904988101,212,1.3490404909093316,-35,1,0.8948279604824868,-55.0
AOI-0060,2023,история полигона,72,9,0.8851487371942404,0.0,True,0.8255634267681643,171,0.3567265986935286,0.4688368280746357,131,239.0,113.08813397292845,203,1.3829943608813944,12,40,1.186530042676896,15.0
AOI-0060,2024,история полигона,68,6,0.6249959738420746,0.0,True,0.7979914959452563,163,0.2964864389209453,0.501505057024311,92,215.0,113.9824401775721,213,1.3399908444194308,3,0,1.195614029794739,-26.0
AOI-0060,2025,история полигона,53,1,-0.5428279278469557,0.45539906103286387,True,0.7676479634481952,114,0.10791739026535,0.6597305731828452,91,142.0,83.93045585787574,213,1.249162106163377,-44,0,0.860838497305879,-85.0
AOI-0061,2010,история полигона,23,1,-0.17049357203813587,0.16901408450704225,True,0.6947468142108638,177,0.1862651155903022,0.5084816986205616,92,217.0,82.8904994900559,204,1.054699357230415,22,1,0.9105802352820056,3.0
AOI-0061,2011,история полигона,23,2,1.0978256365457966,0.0,True,0.6830778563247569,146,0.27472817919476783,0.4083496771299891,91,182.0,104.05212707359465,213,1.0377874268750096,-10,0,1.1608173090982037,-37.0
AOI-0061,2012,история полигона,17,3,0.3818906931989772,0.03755868544600939,True,0.6457912414942858,176,0.03996786356728942,0.6058233779269964,113,255.0,86.03605111045908,157,0.9793562903980626,21,21,0.9574896771901252,35.0
AOI-0061,2013,история полигона,24,1,-0.20869779740155905,0.03286384976525822,True,0.737972087528369,129,0.127375708798211,0.6105963787301579,92,182.0,87.6714195793052,208,1.119201676252757,-27,1,0.9661031903414572,-34.0
AOI-0061,2014,история полигона,28,0,-0.25990594863085037,0.3192488262910798,True,0.7993107235765601,130,0.07184265094030184,0.7274680726362582,91,174.0,85.57781491449954,213,1.2196875788877293,-26,0,0.940886499693842,-43.0
AOI-0061,2015,история полигона,27,0,0.5330916994070346,0.26291079812206575,True,0.7836772495085705,195,0.19490864188034446,0.5887686076282261,132,244.0,94.51759688146595,200,1.1805970564167783,41,41,1.049219044828723,35.0
AOI-0061,2016,история полигона,24,1,-0.05155743548971252,0.03755868544600939,True,0.762894308182001,136,0.16026814718502708,0.6026261609969739,92,176.0,92.59065872563302,213,1.1674764934617066,-20,0,1.0273912617016365,-51.0
AOI-0061,2017,история полигона,48,2,-0.475638161909565,0.352112676056338,True,0.8196851026736849,191,0.13790044685519615,0.6817846558184888,124,225.0,80.25821478033359,208,1.208622062132453,37,33,0.8791451432363213,18.0
AOI-0061,2018,история полигона,39,0,-0.15676989249907505,0.40375586854460094,True,0.8600056778906329,122,0.16091732538119077,0.6990883525094421,91,171.0,89.70691530905832,211,1.3246198957297606,-35,0,0.9898529496355329,-48.0
AOI-0061,2019,история полигона,72,4,0.611195826799978,0.2347417840375587,True,0.7669717768723419,208,0.1958577749072519,0.57111400196509,131,247.0,101.01664804541593,213,1.1664272088293552,54,40,1.1235221765542123,35.0
AOI-0061,2020,история полигона,67,3,-0.5871889394062423,0.17370892018779344,True,0.669715803849442,92,0.10461052430833415,0.5651052795411078,92,182.0,76.81715583230319,213,1.0130446042023107,-63,0,0.8421034423038561,-41.0
AOI-0061,2021,история полигона,67,8,0.1912723697290791,0.22535211267605634,True,0.8791348576983347,131,0.20015794892149222,0.6789769087768425,91,166.0,95.75329565796851,213,1.341098241477446,-26,0,1.0610475195846312,-52.0
AOI-0061,2022,история полигона,59,1,0.09127923682617307,0.2676056338028169,True,0.8088840124741438,182,0.08070365853079556,0.7281803539433482,126,234.0,91.23507087844507,213,1.2254560263080627,30,35,1.006608450984011,27.0
AOI-0061,2023,история полигона,66,2,-0.03333532602810829,0.0,True,0.7910891492009642,160,0.10621295860585746,0.6848761905951067,91,192.0,91.53010415437095,213,1.217384251789723,5,0,1.0104687979353721,-24.0
AOI-0061,2024,история полигона,60,4,-0.5919729719895341,0.15492957746478872,True,0.5253036160145554,158,0.047426046296760754,0.4778775697177947,92,235.0,74.39315948598286,213,0.7872587728736288,3,0,0.8137332823683521,16.0
AOI-0061,2025,история полигона,74,3,0.2553058329799709,0.16901408450704225,True,0.8203184746642725,146,0.1669312397854975,0.653387234878775,91,178.0,94.46582177835116,210,1.2645788876525068,-10,0,1.0463822183212976,-41.0
AOI-0062,2010,история полигона,19,1,-0.23720596441311403,0.215962441314554,True,0.8280483302797247,138,-0.5426163815272496,1.3706647118069744,92,210.0,79.44241131421983,175,1.2929519752881613,-12,1,0.9312732286921797,11.0
AOI-0062,2011,история полигона,23,3,0.1665674080079215,0.0,True,0.6912204650427066,111,0.1632475462314069,0.5279729188112997,91,184.0,90.70105237036387,200,1.0675117930682632,-39,0,1.0695576991281155,-16.0
AOI-0062,2012,история полигона,16,0,-0.206469723296953,0.06103286384976526,True,0.7726113731638561,122,0.04621161950244158,0.7263997536614145,92,172.0,78.41381669114834,167,1.2018914855673948,-32,0,0.9218051395659546,-37.0
AOI-0062,2013,история полигона,23,1,0.20006112350861543,0.215962441314554,True,0.6914203303437906,198,0.16084324512515946,0.5305770852186311,123,235.0,82.15118034283259,205,1.0542349758257514,48,32,0.9660187199984135,43.0
AOI-0062,2014,история полигона,27,0,0.991092223030014,0.0,True,0.8093743597504286,120,0.17911296778707655,0.6302613919633521,92,171.0,96.54635916835338,206,1.2675822624145576,-30,1,1.1472377601137775,-38.0
AOI-0062,2015,история полигона,24,0,-0.08044339076769182,0.0,True,0.6396150301250267,144,0.14937524994595475,0.490239780179072,92,184.0,79.8611788363653,205,0.9869021679219248,-6,1,0.9359771035698016,-16.0
AOI-0062,2016,история полигона,26,1,0.24445672021324766,0.06103286384976526,True,0.8568143653151963,124,0.12112817638491467,0.7356861889302816,92,169.0,91.03561094115764,195,1.3442306059293725,-26,0,1.0816194905060519,-38.0
AOI-0062,2017,история полигона,49,0,0.234859231677825,0.19718309859154928,True,0.8438679840011845,181,0.1653439338573083,0.6785240501438762,128,220.0,87.1412915760468,204,1.2941622733209213,34,37,1.027205502081598,29.0
AOI-0062,2018,история полигона,35,0,-0.1895488776155121,0.107981220657277,True,0.8278855125921313,122,0.15470432116138363,0.6731811914307476,92,168.0,83.0271767106854,210,1.2986759754932247,-28,1,0.9743555069832046,-34.0
AOI-0062,2019,история полигона,71,1,0.16512428300100998,0.30985915492957744,True,0.7370644837413612,194,0.17189884173090367,0.5651656420104576,136,233.0,84.40179633519361,213,1.1103961904017596,47,45,0.9911472398952154,42.0
AOI-0062,2020,история полигона,67,1,-0.3199700405650651,0.2535211267605634,True,0.7771494557028968,133,0.06930342666026355,0.7078460290426333,92,174.0,79.24675669360651,213,1.2151796220558497,-17,0,0.929211131923952,-33.0
AOI-0062,2021,история полигона,61,5,0.0353168866589664,0.3568075117370892,True,0.7423708662145694,191,0.07416538263131094,0.6682054835832585,120,239.0,78.96745249884094,213,1.110070496605215,42,29,0.923138208525177,49.0
AOI-0062,2022,история полигона,61,2,0.026140641484446836,0.028169014084507043,True,0.8742096698605554,141,0.02820557181721001,0.8460040980433453,91,177.0,90.13709433397959,213,1.3821255569190816,-9,0,1.0632093425753961,-25.0
AOI-0062,2023,история полигона,69,5,-0.026782460608971187,0.22065727699530516,True,0.8500385583357625,175,0.1564151889182195,0.693623369417543,130,215.0,84.15719719217236,213,1.3045529593212288,28,39,0.9880026437742012,24.0
AOI-0062,2024,история полигона,58,0,-0.41383457681059826,0.4460093896713615,True,0.8894842764111077,125,0.12501271614686318,0.7644715602642446,92,162.0,81.0709328727817,213,1.3798807415954972,-32,0,0.9526063004188009,-53.0
AOI-0062,2025,история полигона,69,4,-0.19433922550554314,0.28169014084507044,True,0.7984240821211722,179,0.17319258093264225,0.62523150118853,138,201.0,74.76112997236771,210,1.2102088639740365,32,47,0.8717370442773861,8.0
AOI-0063,2010,история полигона,26,1,-0.4127752758299708,0.07042253521126761,True,0.6377923467781246,143,0.17429672738544763,0.4634956193926769,92,184.0,77.83727224882452,204,0.922888070840957,-11,1,0.8690037766108869,-10.0
AOI-0063,2011,история полигона,25,0,1.1577535738143827,0.11267605633802817,True,0.703759321235264,215,0.16963264188193458,0.5341266793533294,92,254.0,101.60925397134366,212,1.0124119848809157,61,1,1.1527189485831804,64.0
AOI-0063,2012,история полигона,21,2,0.1781909890452368,0.0,True,0.6814185608938952,143,0.14079263972023087,0.5406259211736644,106,209.0,87.1489986110902,198,0.9911639098444619,-11,14,0.9870107551907905,17.0
AOI-0063,2013,история полигона,30,5,0.5769521404328025,0.03286384976525822,True,1.8828026571665848,103,-0.5643165619321113,2.4471192190986963,103,112.0,93.52152614485934,179,2.7323653101427507,-49,12,1.063213045754953,-77.0
AOI-0063,2014,история полигона,30,0,1.1673059639227419,0.08450704225352113,True,0.8103819241303922,135,0.1705962641652963,0.639785659965096,91,170.0,97.49464308187194,208,1.1891839633486938,-19,0,1.1043507933099403,-26.0
AOI-0063,2015,история полигона,32,6,0.14394077586102075,0.2112676056338028,True,0.7246461280083641,174,0.17677090595380943,0.5478752220545547,112,221.0,85.36674958709958,201,1.0519295899744314,24,21,0.9590280992245178,32.0
AOI-0063,2016,история полигона,31,0,0.23260487941885596,0.0,True,0.7929664882578259,142,0.20837142114223015,0.5845950671155957,92,171.0,95.46646394059913,213,1.1644968082814802,-12,0,1.0830560146265955,-32.0
AOI-0063,2017,история полигона,56,3,-0.16275887967295266,0.10328638497652583,True,0.7911278278171004,146,0.16233426662381228,0.6287935611932882,94,171.0,85.25145999434885,205,1.1601570064123816,-9,3,0.9574396425661055,-25.0
AOI-0063,2018,история полигона,42,3,-0.2896020024685777,0.29107981220657275,True,0.6452130570851143,177,0.17823210919228658,0.46698094789282774,102,218.0,79.0774206089514,211,0.9294732597520163,24,11,0.8818153735343769,28.0
AOI-0063,2019,история полигона,83,4,-0.1089223129774597,0.056338028169014086,True,0.8106716452216332,124,0.16267372965044852,0.6479979155711846,91,170.0,89.41708830555244,213,1.19222418297287,-31,0,1.0057873260894445,-26.0
AOI-0063,2020,история полигона,83,3,-0.4561433094483677,0.27699530516431925,True,0.7386992068225272,173,0.06474067174459865,0.6739585350779286,92,209.0,75.98255389272025,213,1.065494216329051,24,0,0.8477116266449455,20.0
AOI-0063,2021,история полигона,78,2,-0.13541786659099342,0.19248826291079812,True,0.8555640304557065,131,0.16463901439039014,0.6909250160653164,91,174.0,87.31552458657289,213,1.259243507800116,-23,0,0.9804161577055742,-24.0
AOI-0063,2022,история полигона,74,2,-0.5243738589270371,0.14084507042253522,True,0.770143977949817,153,0.06946023381810114,0.7006837441317159,98,177.0,72.39443287505492,213,1.1330842232956468,-1,7,0.8029153649203348,-18.0
AOI-0063,2023,история полигона,78,1,0.1609136633415053,0.0,True,0.8592359573065963,133,0.15603346076881142,0.7032024965377849,91,180.0,96.60300871446128,213,1.2718632760145752,-20,0,1.0928666138264835,-17.0
AOI-0063,2024,история полигона,67,4,-0.4239226056115016,0.4413145539906103,True,0.8892458904997049,122,0.14163189211917254,0.7476139983805323,92,166.0,84.63441399501417,213,1.298963942381231,-33,0,0.9519734949240365,-31.0
AOI-0063,2025,история полигона,69,5,0.09188168587654268,0.24882629107981222,True,0.7665738900305479,184,0.19489296634643022,0.5716809236841176,91,206.0,84.89753500847728,212,1.1005133788397268,37,0,0.9509075424589002,18.0
AOI-0064,2010,история полигона,24,3,-0.42962767541406677,0.1784037558685446,True,0.5693086008991439,176,0.15244834278755795,0.416860258111586,92,213.0,69.37781383449604,204,0.8580359651263428,29,1,0.8475425975105666,25.0
AOI-0064,2011,история полигона,28,2,0.17046744473988545,0.0,True,0.724077539982216,150,0.10542740787071701,0.618650132111499,91,186.0,82.61853254582303,213,1.1321532137071921,2,0,1.0190691960910052,-8.0
AOI-0064,2012,история полигона,21,9,0.3797762793610981,0.0,True,0.6129155792357883,156,0.10081303024652426,0.5121025489892641,156,215.0,50.82189416072458,143,0.9499954732379756,8,64,0.6310366104651418,26.0
AOI-0064,2013,история полигона,29,2,-0.003231389499110735,0.3145539906103286,True,0.7694169484178761,124,0.1690427593744165,0.6003741890434596,91,157.0,77.58494234837025,206,1.186409848612648,-28,0,0.9553869103162151,-39.0
AOI-0064,2014,история полигона,29,4,0.1511133489373186,0.0,True,0.7814356001127257,144,0.1759211883937898,0.6055144117189359,92,176.0,84.22213764146659,207,1.2284461410151746,-5,1,1.0425939668147823,-21.0
AOI-0064,2015,история полигона,31,7,-0.18843246892059154,0.2347417840375587,True,0.6553137391329894,199,0.15402764531123575,0.5012860938217536,128,221.0,65.0194480606205,184,0.9860943864709648,52,37,0.798180569353171,35.0
AOI-0064,2016,история полигона,31,0,0.2590154303627529,0.06103286384976526,True,0.8007396124273984,136,0.16804176612541477,0.6326978463019837,92,168.0,88.90589884994209,213,1.2563268484285492,-14,0,1.1081459130224849,-33.0
AOI-0064,2017,история полигона,55,3,-0.1843970507276259,0.3192488262910798,True,0.847730913372902,149,0.09688011882214087,0.7508507945507611,94,177.0,80.74657699896181,205,1.3440349729592338,1,3,0.9972437159376027,-21.0
AOI-0064,2018,история полигона,43,11,-0.043888526983397756,0.24413145539906103,True,0.7619516335932931,179,-0.033991833161224914,0.795943466754518,92,217.0,80.23491314223135,205,1.1923002925344846,31,1,0.9857888054713325,29.0
AOI-0064,2019,история полигона,83,3,0.4285059997604924,0.3333333333333333,True,0.8347962399080752,138,0.148342899763676,0.6864533401443992,91,169.0,88.62354309261698,213,1.3189467403029946,-11,0,1.1009248662217417,-32.0
AOI-0064,2020,история полигона,78,0,-0.4478262786598341,0.11737089201877934,True,0.6873244542950038,116,0.08196343213076827,0.6053610221642355,92,171.0,74.5920273424805,213,1.057007954574639,-33,0,0.9174375185115731,-23.0
AOI-0064,2021,история полигона,78,9,0.12583246962890918,0.352112676056338,True,0.6751980527948002,192,0.1303982994098243,0.5447997533849759,105,231.0,75.75818591586759,213,1.0119197345601547,45,14,0.928304953281003,45.0
AOI-0064,2022,история полигона,73,1,0.092479840453453,0.0,True,0.6810482709381056,155,0.14915627084136068,0.5318920000967449,91,186.0,83.4824657681219,213,1.0582519810098177,7,0,1.0308971714657293,-7.0
AOI-0064,2023,история полигона,77,8,0.260726234064906,0.23943661971830985,True,0.792141900284268,167,0.1396830062628835,0.6524588940213845,102,218.0,86.20794800064147,213,1.2165908920278512,21,11,1.0659544826482266,32.0
AOI-0064,2024,история полигона,68,1,-0.1752396695847835,0.0,True,0.7546917077633526,142,0.15863873943276033,0.5960529683305923,92,173.0,80.0414967806787,213,1.1815661996683435,-7,0,0.9892978241820986,-23.0
AOI-0064,2025,история полигона,70,6,-0.1471981243483468,0.13615023474178403,True,0.7188371040901966,147,0.157068312975288,0.5617687911149086,91,176.0,74.84567570047427,211,1.1233091218272768,-1,0,0.9180167983344946,-21.0
AOI-0065,2010,история полигона,26,0,-0.31120619195289534,0.3427230046948357,True,0.798545514697584,139,0.15500764354205435,0.6435378711555296,92,168.0,86.09715193681234,212,1.1863268463699141,-15,1,0.9314093152927795,-35.0
AOI-0065,2011,история полигона,26,3,0.2766155560381,0.0,True,0.7959538243165549,142,0.22048692271936646,0.5754669015971885,92,173.0,98.56850663223031,212,1.1929921010076567,-12,1,1.0754953486933359,-25.0
AOI-0065,2012,история полигона,22,4,1.1275437331033973,0.023474178403755867,True,0.7200277151162543,183,0.10310439679637091,0.6169233183198833,124,267.0,91.4718906914993,180,1.0637445031510395,31,32,1.0091714139071737,61.0
AOI-0065,2013,история полигона,29,3,-0.23051329104574986,0.09859154929577464,True,0.8005918754477562,123,0.17442213742506393,0.6261697380226923,91,166.0,90.84538325510043,213,1.1826172102898151,-31,0,0.9858771198019817,-31.0
AOI-0065,2014,история полигона,29,3,0.7432506364216185,0.051643192488262914,True,0.8211460504018355,140,0.23733767643087186,0.5838083739709636,105,170.0,91.86638821588558,194,1.2346762681211794,-14,14,1.0036595622542857,-33.0
AOI-0065,2015,история полигона,31,3,-0.3431623057326097,0.3286384976525822,True,0.75034639536724,180,0.1555789801541051,0.5947674152131349,91,222.0,81.77465850874648,206,1.0901538486988367,29,0,0.8815337375116611,37.0
AOI-0065,2016,история полигона,31,1,0.39826723673549097,0.0,True,0.810451652230172,136,0.1808346287520875,0.6296170234780845,92,174.0,102.86906190244977,213,1.2172252249694093,-17,0,1.129947321869985,-41.0
AOI-0065,2017,история полигона,56,5,0.5434823967754856,0.28169014084507044,True,0.8586826804853037,186,0.16984557066108547,0.6888371098242183,131,233.0,98.70865391202952,208,1.263398271746713,38,40,1.0766173216319577,49.0
AOI-0065,2018,история полигона,42,0,-0.20973741703727405,0.20657276995305165,True,0.8270577136078333,121,0.15280883229465134,0.674248881313182,91,171.0,90.51541841385284,211,1.243277775278518,-33,0,0.9823094077735612,-30.0
AOI-0065,2019,история полигона,82,4,0.1601433412989692,0.2112676056338028,True,0.6840015217412155,159,0.1674934750574919,0.5165080466837236,109,230.0,90.19936346084987,213,1.0145533209922504,7,18,0.977345143948393,32.0
AOI-0065,2020,история полигона,82,0,-0.4078300466516138,0.09389671361502347,True,0.6505613551987502,155,0.07483862571244078,0.5757227294863094,92,188.0,81.57240301172823,213,0.9643142556440497,3,0,0.8816145110996841,-21.0
AOI-0065,2021,история полигона,78,7,-0.19491392082864845,0.15492957746478872,True,0.6128114357358942,167,0.19066596511883382,0.4221454706170604,94,227.0,86.45220410597383,213,0.8983018229046063,15,3,0.9342689517134288,37.0
AOI-0065,2022,история полигона,73,1,0.022720639817525062,0.2300469483568075,True,0.8695600069386723,146,0.13160210485643634,0.737957902082236,91,176.0,94.59618455509052,213,1.3174830545425915,-6,0,1.0293453580904228,-26.0
AOI-0065,2023,история полигона,78,1,0.16385543285925167,0.0,True,0.7684645724844907,160,0.17662624527527682,0.5918383272092139,91,215.0,96.34043049797758,213,1.1476997412235412,8,0,1.0491512373739338,21.0
AOI-0065,2024,история полигона,67,3,-0.6695449116744094,0.6244131455399061,True,0.8529942852416401,125,0.13359106161089224,0.7194032236307479,92,166.0,80.39865801199176,213,1.2712497677449621,-29,0,0.8688081777896914,-49.0
AOI-0065,2025,история полигона,69,2,-0.438414168251115,0.15492957746478872,True,0.5766369268622157,179,0.2000541828901653,0.3765827439720504,91,202.0,78.73778498120132,212,0.8420065683821623,27,0,0.8465885926208653,12.0
AOI-0066,2025,среднее по культуре (истории полигона нет),77,3,-0.2816948771524363,0.2112676056338028,True,0.7707231006140015,183,0.17536075201636966,0.5953623485976318,130,210.0,76.01955466921227,212,1.288406027261535,36,39,0.8897745748320358,15.0
AOI-0067,2010,история полигона,29,0,-0.7911902856142046,0.45539906103286387,True,0.2302264986455153,142,0.10545235933533186,0.12477413931018345,92,169.0,34.39684079685517,197,0.6529034309777267,-41,-14,0.5825378175846221,-92.0
AOI-0067,2011,история полигона,34,0,0.5664945219516792,0.0,True,0.5906544282715951,213,0.16676615971592457,0.4238882685556705,160,239.0,69.56989376443214,204,1.7518189023591992,45,57,1.2283023746582353,-24.0
AOI-0067,2012,история полигона,17,0,-0.9564867071597624,0.5727699530516432,True,0.3430376157785911,120,0.05060723455015108,0.29243038122844,92,169.0,31.65903104126553,179,0.9660471138530472,-63,-10,0.535973859468221,-105.0
AOI-0067,2013,история полигона,33,2,1.134092894509815,0.03755868544600939,True,0.5986939589366164,130,-0.17764995973649902,0.7763439186731154,99,192.0,74.18264810586143,208,1.7287877954301103,-54,-6,1.3174329116474677,-63.0
AOI-0067,2014,история полигона,37,0,-0.7751680476502254,0.41784037558685444,True,0.23461887297246464,113,0.12116061323285304,0.1134582597396116,93,145.0,35.31808992520709,213,0.6713639779706247,-70,-14,0.5978053352228303,-117.0
AOI-0067,2015,история полигона,28,0,0.11535065828953081,0.018779342723004695,True,0.5596970018241468,230,0.10044101599678688,0.45925598582735994,129,258.0,59.90994398631892,207,1.6341776697260957,47,23,1.044755002183584,3.0
AOI-0067,2016,история полигона,37,0,-0.6345280857917378,0.16901408450704225,True,0.27715615271071437,220,0.1076915306169842,0.16946462209373017,92,236.0,40.049071043140486,213,0.7878928564659772,37,-10,0.68162316241878,-35.0
AOI-0067,2017,история полигона,51,1,0.5347467540420088,0.0,True,0.5281450009108223,216,0.13266818828385074,0.39547681262697154,149,276.0,68.05518912347524,202,1.565417682992461,48,44,1.1999061094624244,22.0
AOI-0067,2018,история полигона,42,0,-1.0425101926764555,0.6056338028169014,True,0.1731983729440186,132,0.09583562478077344,0.07736274816324516,101,174.0,29.189118718292438,210,0.48839521924829665,-52,-5,0.4909908064943469,-86.0
AOI-0067,2019,история полигона,59,5,1.257529564164763,0.0,True,0.7769251444362931,141,0.14942520405157933,0.6274999403847138,97,166.0,80.04249733796722,213,2.2397842689391774,-44,-11,1.429011871495936,-95.0
AOI-0067,2020,история полигона,56,5,0.11271771437091353,0.0,True,0.6081330829581888,184,0.09327745484075112,0.5148556281174377,142,237.0,63.24818879024379,213,1.837196144197896,16,40,1.1057256161474032,-36.0
AOI-0067,2021,история полигона,46,2,0.013442706506592886,0.07511737089201878,True,0.6407674807300191,163,0.05657232138688531,0.5841951593431338,122,192.0,59.45909645407687,209,1.8755818084585434,-48,16,1.0364532332849992,-64.0
AOI-0067,2022,история полигона,54,1,0.6652024666287825,0.0,True,0.6116710520285993,180,0.13124641740476614,0.4804246346238331,146,243.0,76.58478367107013,213,1.9014742379355423,-4,42,1.3610196499021958,-20.0
AOI-0067,2023,история полигона,65,2,0.21810770979771707,0.0,True,0.6682406458136821,188,0.16261391099524944,0.5056267348184327,160,215.0,65.45603423521224,213,2.023847522758076,20,56,1.1475718245161635,-54.0
AOI-0067,2024,история полигона,55,0,0.00020319653712634513,0.18779342723004694,True,0.5780983950891818,152,0.12496202766722928,0.4531363674219525,92,181.0,58.31246607837203,213,1.696900775242003,-33,0,1.014343867150429,-100.0
AOI-0067,2025,история полигона,65,3,0.20000404542472106,0.051643192488262914,True,0.5870222543865101,226,0.13435907930839297,0.45266317507811715,169,253.0,63.80941693193738,213,1.7016674128616331,58,65,1.1162854748142963,-5.0
AOI-0068,2010,история полигона,32,0,-1.1608779705051055,0.7793427230046949,True,0.26196938686802157,140,0.09712732088706262,0.16484206598095896,92,154.0,32.095743162024306,203,0.6563515034426413,4,1,0.5982399498404116,-11.0
AOI-0068,2011,история полигона,35,0,0.3418565641834551,0.0,True,0.5628673462025856,136,0.14033492915382878,0.4225324170487568,100,167.0,56.24110509745347,195,1.4528077123883734,0,9,1.0848200900060077,3.0
AOI-0068,2012,история полигона,18,0,-1.059984598091108,0.4835680751173709,True,0.22153442648872168,141,0.043733327824431956,0.17780109866428973,92,208.0,30.843504840089683,194,0.537680741249618,5,0,0.5746237553755875,44.0
AOI-0068,2013,история полигона,37,2,0.20352095241147702,0.0,True,0.36081112882700006,132,0.15375344445471376,0.2070576843722863,95,163.0,55.230713778772994,213,0.8975383119845194,-4,4,1.057758257954804,-1.0
AOI-0068,2014,история полигона,41,0,-0.6945815563646961,0.48826291079812206,True,0.45755831380124673,126,0.09954991471228804,0.3580083990889587,91,152.0,43.114820108938,213,1.1507031873784945,-11,0,0.8121314118139444,-13.0
AOI-0068,2015,история полигона,37,3,0.34796463672287165,0.08450704225352113,True,0.37393041377702113,146,0.09650744118476108,0.27742297259226006,101,211.0,52.07397300483116,207,0.9291043511402972,10,10,0.9947649009256767,47.0
AOI-0068,2016,история полигона,43,2,0.7000948505697608,0.06103286384976526,True,0.30695370031690633,157,0.19455905135524154,0.11239464896166479,92,226.0,57.35387124679957,213,0.7498875337300233,21,0,1.1018807415373495,60.0
AOI-0068,2017,история полигона,52,2,0.4729059585989699,0.0,True,0.5005268088424886,145,0.1373017809054038,0.3632250279370848,91,175.0,58.44825271857859,203,1.2722467422528638,9,0,1.1275304700223885,12.0
AOI-0068,2018,история полигона,37,0,-1.0815994449415427,0.6244131455399061,True,0.24669711115480383,135,0.09915239243619241,0.1475447187186114,91,161.0,32.96456215733144,209,0.6016630854487925,-1,0,0.6141617136179701,-3.0
AOI-0068,2019,история полигона,65,0,0.16237623654911207,0.018779342723004695,True,0.542876504806403,138,0.12391501145815349,0.41896149334824956,91,161.0,58.316008483502856,213,1.3954558261165269,2,0,1.1212127804306267,-4.0
AOI-0068,2020,история полигона,59,1,-0.6615229780884941,0.22535211267605634,True,0.35697078473764376,134,0.09122837782030446,0.2657424069173393,92,168.0,41.858992497258384,213,0.8876000192813941,-2,0,0.7867018912312943,4.0
AOI-0068,2021,история полигона,45,3,1.2196328716437104,0.03286384976525822,True,0.46077321869262744,155,0.08917837881338993,0.3715948398792375,99,185.0,65.64828746865497,210,1.1531850300402025,21,8,1.274853365438675,22.0
AOI-0068,2022,история полигона,58,2,0.23163158640475257,0.0,True,0.4180356342152506,129,0.1280228252757998,0.2900128089394508,91,163.0,58.11992969196243,213,1.0482927369098674,-7,0,1.1185198763694935,-1.0
AOI-0068,2023,история полигона,71,0,1.305479362387078,0.0,True,0.5508177548768144,133,0.2110295344016099,0.3397882204752045,91,163.0,73.94963451362511,213,1.4177890723040885,-3,0,1.4508284741563455,-1.0
AOI-0068,2024,история полигона,58,0,-0.9129835872184277,0.3615023474178404,True,0.25584260626931676,113,0.13442770772867252,0.12141489854064424,92,142.0,35.3565407868763,213,0.6193356174248037,-23,0,0.6593868177059294,-22.0
AOI-0068,2025,история полигона,66,1,0.9559110138663897,0.0,True,0.6618002241708925,127,0.18488819411611468,0.4769120300547778,91,162.0,70.83939578347027,213,1.732996693319764,-9,0,1.3840750215550521,-2.0
AOI-0069,2010,история полигона,38,0,-0.21112598269894073,0.04225352112676056,True,0.5944658150217532,136,0.10315743758819801,0.4913083774335552,91,167.0,55.59187944048959,213,1.358497525948748,-2,0,1.0164311270287565,-4.0
AOI-0069,2011,история полигона,39,0,1.0615042604095002,0.0,True,0.4495348629463848,189,0.20062233266000784,0.24891253028637694,119,209.0,59.98042444137497,204,0.9869316456023974,51,28,1.1059289084100514,40.0
AOI-0069,2012,история полигона,21,0,-1.1745378399702442,0.6525821596244131,True,0.2195738254125474,131,0.06832294053163555,0.15125088488091187,92,155.0,25.88857915358135,212,0.47410432552741294,-8,0,0.45751513053523435,-17.0
AOI-0069,2013,история полигона,44,1,0.21466876417803407,0.0,True,0.47192664977577586,148,0.11512285520573488,0.35680379457004097,107,174.0,60.47234845896921,213,1.0572431278631755,10,16,1.1139484701285205,4.0
AOI-0069,2014,история полигона,48,0,0.16023162251671083,0.0,True,0.7370219459483864,119,0.10071901012852601,0.6363029358198604,91,159.0,66.31220964649523,213,1.714318060321181,-21,0,1.2285221263660053,-13.0
AOI-0069,2015,история полигона,41,0,-0.23121802554646648,0.43661971830985913,True,0.1609790618484834,131,0.07760330050251113,0.08337576134597227,95,175.0,40.74383506098436,207,0.34507289460515933,-8,4,0.7335508976807347,5.0
AOI-0069,2016,история полигона,48,2,0.6468407202901981,0.0,True,0.8142232961346973,125,0.11723289337565401,0.6969904027590433,92,160.0,75.39736339288885,213,1.9105171827845913,-15,0,1.4147730351121288,-13.0
AOI-0069,2017,история полигона,61,1,-0.40809339480507406,0.3004694835680751,True,0.1763728782731372,160,0.12578332558641578,0.05058955268672141,95,176.0,38.026995330209054,204,0.37863920553183306,22,4,0.6829050386632075,6.0
AOI-0069,2018,история полигона,46,0,-0.044080953223361675,0.20657276995305165,True,0.782630057249655,123,0.09827281350924745,0.6843572437404075,91,158.0,64.26837155367065,209,1.8250843618175743,-18,0,1.1893693129790326,-13.0
AOI-0069,2019,история полигона,78,2,0.5442047031147804,0.1267605633802817,True,0.44178018603547087,165,0.12225221492396811,0.3195279711115028,128,221.0,51.5035427393281,213,0.9557179443247289,29,37,0.9370907928479352,53.0
AOI-0069,2020,история полигона,68,1,-0.8688531452980811,0.2863849765258216,True,0.18931741273766822,133,0.07539464823372062,0.1139227645039476,92,188.0,29.826975185251058,213,0.40742741839399477,-6,0,0.5293280251337396,18.0
AOI-0069,2021,история полигона,51,3,0.6550086492246066,0.004694835680751174,True,0.6593973890052286,157,0.10365661727225944,0.5557407717329692,103,176.0,64.10325172890376,210,1.5050866584692302,21,12,1.185804304320862,7.0
AOI-0069,2022,история полигона,67,4,0.5479971364557212,0.0,True,0.5558417465076814,157,0.12543022825738345,0.4304115182502979,99,186.0,67.29844190791964,213,1.2369389256132761,21,8,1.2504149210497613,18.0
AOI-0069,2023,история полигона,81,0,0.18405202486036953,0.0,True,0.6932220408801897,130,0.13273257858941973,0.5604894622907699,91,160.0,66.13681919356301,213,1.5929979553045557,-11,0,1.2257069920487549,-11.0
AOI-0069,2024,история полигона,69,0,-0.061805497163075505,0.0,True,0.6602195616342624,120,0.11344129136647048,0.5467782702677919,92,159.0,59.376941429085214,213,1.5105242053532535,-20,0,1.0924872423681342,-15.0
AOI-0069,2025,история полигона,57,0,-0.4247694980816963,0.0,True,0.42554426582958604,155,0.11751614969143077,0.3080281161381553,120,178.0,42.058153154924625,213,0.9323186296349605,19,29,0.7566047562510371,9.0
AOI-0070,2010,история полигона,38,0,-0.7568050960226107,0.13615023474178403,True,0.2904681456399194,143,0.12669376697671045,0.16377437866320896,91,175.0,41.460446429899584,213,0.6738850732376646,7,-1,0.6862969205574463,11.0
AOI-0070,2011,история полигона,42,4,0.31367735303569605,0.0,True,0.6639941719388529,144,0.16576523738736024,0.49822893455149264,92,168.0,64.65949025941946,203,1.6225205931265312,10,0,1.1020732328542018,4.0
AOI-0070,2012,история полигона,21,0,-1.2334600244851277,0.7605633802816901,True,0.2861285649431024,128,0.08587512342782717,0.20025344151527524,92,155.0,31.828428663466966,212,0.6621344692788379,-8,0,0.52138049331288,-14.0
AOI-0070,2013,история полигона,41,0,0.13872897746001198,0.009389671361502348,True,0.4662033216288669,140,0.19246764775109793,0.273735673877769,112,160.0,63.031921074077445,213,1.1107757979569244,5,20,1.069504751558858,-5.0
AOI-0070,2014,история полигона,48,0,-0.9204268687754772,0.4647887323943662,True,0.2985037240641694,116,0.1268035306292506,0.17170019343491882,91,149.0,37.87145502406486,213,0.689702091350329,-20,-1,0.6242371385590344,-16.0
AOI-0070,2015,история полигона,40,0,0.7443301336158555,0.04225352112676056,True,0.441766905083568,137,0.1347297806568224,0.3070371244267456,99,207.0,72.3982017458604,207,1.0501334221197463,1,7,1.2435047869183167,43.0
AOI-0070,2016,история полигона,47,1,-0.034612586447623515,0.0,True,0.41705587733063004,122,0.16452439540052524,0.2525314819301048,92,162.0,56.84337546810495,213,0.9814360911675151,-14,0,0.9578085249768473,-10.0
AOI-0070,2017,история полигона,60,3,0.8472552403914964,0.0,True,0.6776743584843629,132,0.1868473396395333,0.4908270188448296,97,172.0,77.37240475163844,204,1.6731542002305284,-4,5,1.3376587777766151,8.0
AOI-0070,2018,история полигона,45,0,-0.8213544353791996,0.4413145539906103,True,0.2388069796913914,127,0.12985386985537617,0.10895310983601522,91,159.0,39.168762097103055,209,0.5494330622570807,-9,-1,0.6475887394549913,-6.0
AOI-0070,2019,история полигона,77,4,0.6742688915920463,0.0,True,0.7291771646128626,138,0.17380622595798803,0.5553709386548746,91,161.0,76.78175812880555,213,1.8155773621962428,2,-1,1.322725426959029,-5.0
AOI-0070,2020,история полигона,71,0,-0.914241671481936,0.40375586854460094,True,0.2648495691145854,138,0.12202349699642424,0.14282607211816117,92,178.0,37.861411311266906,213,0.612408032418137,2,0,0.6241292898408844,13.0
AOI-0070,2021,история полигона,49,2,2.2772467223016792,0.023474178403755867,True,0.646880974135033,144,0.14406198895037292,0.5028189851846601,100,183.0,99.26781560703685,210,1.5842634887032008,9,9,1.7573414829236806,20.0
AOI-0070,2022,история полигона,68,0,1.165969081531085,0.0,True,0.38541934329541144,219,0.25861792312296816,0.12680142017244328,97,,78.73728915913583,213,0.9015258278870544,83,5,1.3604469243563477,
AOI-0070,2023,история полигона,84,3,-0.15375057305503587,0.0,True,0.340892851155141,95,0.18627418488384667,0.15461866627129434,91,160.0,53.98434983210108,213,0.7914302661262907,-41,-1,0.9067319558906779,-4.0
AOI-0070,2024,история полигона,68,0,0.195018725732193,0.11737089201877934,True,0.6752434924111681,119,0.13758579976994317,0.5376576926412249,92,156.0,63.640014914522325,213,1.649844876969492,-18,0,1.0797512264320088,-11.0
AOI-0070,2025,история полигона,64,0,-0.6477540794858518,0.1267605633802817,True,0.2867375518885848,112,0.14754374610268686,0.13919380578589793,91,148.0,42.985862311731736,213,0.662619822060307,-24,-1,0.7127760442313372,-17.0
AOI-0071,2010,история полигона,35,0,-0.1283567372296483,0.14084507042253522,True,0.44669363688712527,154,0.1738117120625288,0.2728819248245965,92,180.0,58.30962381131049,212,1.1991371638573673,9,-1,0.9553225526093774,-16.0
AOI-0071,2011,история полигона,31,0,0.3616776713456383,0.0,True,0.4981268065750567,138,0.17151289182446902,0.32661391475058765,93,170.0,63.228870466321226,204,1.3492182082150483,-9,0,1.0434265804234226,-25.0
AOI-0071,2012,история полигона,14,0,-0.8441067870980161,0.6666666666666666,True,0.45479227973264047,111,0.12014124690828114,0.3346510328243593,92,151.0,46.235844864252726,202,1.1944620432335686,-36,0,0.7485244224780707,-52.0
AOI-0071,2013,история полигона,32,1,0.7323257722499199,0.0,True,0.5776924099494263,96,0.1936990881322424,0.3839933218171839,96,151.0,64.82552556289157,199,1.5435310200803363,-51,2,1.0734485505529971,-44.0
AOI-0071,2014,история полигона,44,1,0.1394944158132458,0.19248826291079812,True,0.521690840221548,115,0.13583905109875413,0.38585178912279383,91,168.0,62.14544676373188,213,1.4047895682742697,-32,-1,1.0217815550830711,-34.0
AOI-0071,2015,история полигона,31,0,0.15977054081202524,0.023474178403755867,True,0.4291758671725619,129,0.0772899804322374,0.3518858867403245,95,170.0,60.51608169698844,207,1.1451116414955569,-18,3,0.9950513350863612,-26.0
AOI-0071,2016,история полигона,40,3,-0.07138667950603839,0.08450704225352113,True,0.44774325136511317,191,0.14557206237568035,0.30217118898943285,92,212.0,61.25217015661171,213,1.1844122919886422,45,-2,1.0067896679264627,28.0
AOI-0071,2017,история полигона,53,2,-0.21028026515353662,0.107981220657277,True,0.5154141518861969,150,0.15234082221761736,0.3630733296685795,100,170.0,53.77909028099475,202,1.4021891271315992,5,8,0.8785732953443258,-28.0
AOI-0071,2018,история полигона,39,8,0.042239738008094205,0.3286384976525822,True,0.5589743059166904,209,0.14872651273220833,0.41024779318448207,109,251.0,63.658434190171164,182,1.4466941039335108,63,16,1.0460511483883124,75.0
AOI-0071,2019,история полигона,73,6,0.10943769893455817,0.13145539906103287,True,0.4865636712537263,150,0.18732029276743783,0.29924337848628846,123,177.0,63.56045713928943,213,1.3126870913658166,6,30,1.0470212896329367,-8.0
AOI-0071,2020,история полигона,63,0,-0.19377929342629835,0.16901408450704225,True,0.409097276416631,184,0.18787701522103045,0.22122026119560056,94,213.0,58.61375239699192,213,1.0734316176038012,39,2,0.960928942686006,13.0
AOI-0071,2021,история полигона,47,4,-0.49531031476862875,0.19718309859154928,True,0.46414081584808187,142,0.1855422171379648,0.27859859871011705,123,159.0,51.54158199599826,210,1.2469405705187944,-5,31,0.8384310571353534,-37.0
AOI-0071,2022,история полигона,59,2,0.15150206340521824,0.28169014084507044,True,0.39695829353246714,212,0.17146739779220793,0.2254908957402592,105,300.0,63.27922303865113,213,1.0360390543183968,66,13,1.0425123183728584,114.0
AOI-0071,2023,история полигона,71,4,0.7267958233820636,0.0,True,0.48545507202824484,202,0.24119918217703062,0.24425588985121421,115,243.0,73.36322935322423,213,1.2878077679786424,57,22,1.2222537731252985,64.0
AOI-0071,2024,история полигона,63,0,-1.2224787295126627,0.6807511737089202,True,0.3026789874377494,118,0.12920044031905265,0.17347854711869676,92,158.0,41.04990260981282,213,0.7875785709007485,-29,0,0.6598355976647118,-45.0
AOI-0071,2025,история полигона,50,3,1.1706109550398978,0.0,True,0.5536851169952788,178,0.2582097924471347,0.29547532454814407,99,202.0,79.21244865715717,213,1.4614876971128528,33,7,1.3286540237948823,29.0
AOI-0072,2025,среднее по культуре (истории полигона нет),58,1,0.08661109568195928,0.0,True,0.7889848294656192,129,0.14264494657106855,0.6463398828945507,91,162.0,72.39451073336089,213,1.7084845168595524,-8,-1,1.174041025134125,-8.0
AOI-0073,2010,история полигона,20,0,-0.33887414609081007,0.1784037558685446,True,0.5797441687000312,160,0.06445832605524943,0.5152858426447817,91,208.0,68.9614923495477,213,1.099423321135466,-22,-15,0.9176763979102354,-32.0
AOI-0073,2011,история полигона,24,1,-0.4385959322183231,0.14553990610328638,True,0.48625616018362194,205,0.006809172688761107,0.4794469874948608,103,241.0,61.972177164279145,204,0.9092584566065984,25,-5,0.8208612241878546,4.0
AOI-0073,2012,история полигона,18,1,-0.4857094968127494,0.352112676056338,True,0.852286043287687,136,0.13825369389562644,0.7140323493920605,111,166.0,65.43273659889128,198,1.5724583462632957,-46,3,0.8666291156178713,-70.0
AOI-0073,2013,история полигона,20,1,0.21538562899196997,0.06572769953051644,True,0.5196585054946293,182,0.14627111072629617,0.37338739476833316,100,233.0,75.57130147456874,199,0.9848921670020786,3,-8,1.0105849119727506,-5.0
AOI-0073,2014,история полигона,22,0,0.4142988871617238,0.0,True,0.7164327334268202,180,0.15251427458902225,0.563918458837798,116,222.0,86.07415774265732,198,1.3935485270877161,-1,9,1.162894531872929,-17.0
AOI-0073,2015,история полигона,28,0,-0.5790945008238689,0.25821596244131456,True,0.5759553748854049,197,0.116520885640702,0.4594344892447029,121,228.0,65.29332923398916,213,1.0916494625287603,18,15,0.865918579552709,-11.0
AOI-0073,2016,история полигона,16,0,1.1843857153611475,0.15492957746478872,True,0.7504587554519561,146,0.163422493931086,0.5870362615208701,108,186.0,84.81433522721116,187,1.415640199803402,-44,-4,1.150003025870819,-50.0
AOI-0073,2017,история полигона,35,0,0.24579051348691594,0.0,True,0.6844865880825627,199,0.126843071095894,0.5576435169866687,125,238.0,79.5173542155777,207,1.319661489316376,20,19,1.0693378930945094,0.0
AOI-0073,2018,история полигона,43,1,0.19625387110560233,0.1267605633802817,True,0.7068195754267727,207,-0.056457746935979276,0.7632773223627519,91,258.0,80.50657960827122,209,1.338354942196583,29,-16,1.0830085935387581,23.0
AOI-0073,2019,история полигона,64,1,0.2450577911070558,0.07042253521126761,True,0.6647461698845581,172,0.14442509082944782,0.5203210790551103,132,234.0,81.82233782982159,213,1.283471802423108,-8,27,1.1016531522324449,-5.0
AOI-0073,2020,история полигона,74,1,-0.47706675691029715,0.5023474178403756,True,0.6768192724713545,160,0.1503351494103349,0.5264841230610197,113,183.0,64.26764916797097,213,1.2639134123463733,-27,5,0.8511750946542492,-54.0
AOI-0073,2021,история полигона,68,6,0.1428743481761384,0.07981220657276995,True,0.7185628981785542,200,0.11644694312622848,0.6021159550523257,130,239.0,80.33408595633927,213,1.3869533187520058,21,24,1.0799934613114162,1.0
AOI-0073,2022,история полигона,59,0,0.564744320009271,0.16901408450704225,True,0.7724619476399562,200,0.14097978179221826,0.631482165847738,153,242.0,86.63957893897407,212,1.4923602602667538,23,47,1.1720211059796866,5.0
AOI-0073,2023,история полигона,56,1,-0.7042905174397672,0.38967136150234744,True,0.4607411260980993,154,0.09093105182068818,0.36981007427741114,99,173.0,55.30011654267248,212,0.845427171565669,-26,-9,0.7273098521827845,-64.0
AOI-0073,2024,история полигона,70,3,0.07779796610554539,0.5492957746478874,True,0.6142028004568203,135,0.16636017334229294,0.4478426271145274,92,173.0,69.3299321629083,213,1.1345642292962919,-47,-16,0.9229048706054558,-64.0
AOI-0073,2025,история полигона,61,1,0.34203541667224335,0.107981220657277,True,0.7429772928377752,189,0.17525912408264838,0.5677181687551269,150,236.0,84.31783879997445,213,1.442328981723969,10,44,1.13767693970123,-2.0
AOI-0074,2010,история полигона,20,1,-0.4284781360858773,0.460093896713615,True,0.6498860471599336,149,0.11381472463731662,0.536071322522617,107,174.0,61.150222838014486,194,1.2566729793362974,-39,4,0.8397240524332144,-63.0
AOI-0074,2011,история полигона,21,2,0.016422988442016253,0.08450704225352113,True,0.7307304609213312,191,0.02053142369767978,0.7101990372236514,107,234.0,74.26199458451212,195,1.47190440005925,17,3,1.0324852594036644,-3.0
AOI-0074,2012,история полигона,21,0,-0.3304325741087428,0.29577464788732394,True,0.5569238017180885,152,0.0857864744724764,0.47113732724561214,103,179.0,62.16933392411448,211,1.0822921317240475,-31,-3,0.8531927377731569,-57.0
AOI-0074,2013,история полигона,20,0,0.3560523902451214,0.23943661971830985,True,0.5050042586066004,138,0.19654117452618258,0.3084630840804178,96,179.0,68.86447950944486,213,0.9809635162498821,-50,-8,0.9517565757847197,-60.0
AOI-0074,2014,история полигона,23,1,0.05892403438202735,0.0,True,0.6924699557621004,178,0.09958962150490289,0.5928803342571974,116,219.0,77.08413037491513,192,1.420589936529622,-10,13,1.0724411751137761,-20.0
AOI-0074,2015,история полигона,28,2,-0.5136585392421251,0.27699530516431925,True,0.5554952965449549,200,0.03222410812509483,0.5232711884198601,103,244.0,64.12937705934789,200,1.0962527608284918,27,-1,0.8832923927119014,9.0
AOI-0074,2016,история полигона,15,0,0.9413523431502263,0.046948356807511735,True,0.6918827518376193,138,0.1462049132500464,0.5456778385875729,98,188.0,80.93155874777827,184,1.3682099637572436,-50,-10,1.136097685676375,-49.0
AOI-0074,2017,история полигона,28,0,0.22318498177770932,0.046948356807511735,True,0.7098190105567828,184,0.0809692429440155,0.6288497676127672,121,237.0,77.45372376968382,207,1.4356948193834638,13,20,1.0804470267245694,0.0
AOI-0074,2018,история полигона,31,0,0.3974045300051989,0.13145539906103287,True,0.6906658514832451,215,0.05915629470505376,0.6315095567781913,113,258.0,80.07854659238927,209,1.3556845343638093,42,10,1.1197413417890056,24.0
AOI-0074,2019,история полигона,60,7,0.17552511143037525,0.056338028169014086,True,0.6943563722289404,177,0.08079152458082348,0.6135648476481169,124,232.0,77.263982327957,202,1.4254698310266347,-6,22,1.078143198104081,-7.0
AOI-0074,2020,история полигона,71,2,-0.4487016629975316,0.5023474178403756,True,0.6567496325595258,159,0.11905579824130247,0.5376938343182234,109,181.0,61.42346932652319,213,1.276248193544332,-29,3,0.841419560623537,-56.0
AOI-0074,2021,история полигона,65,5,-0.10937635181984703,0.2676056338028169,True,0.6835399844526429,193,0.05498698992111012,0.6285529945315327,125,236.0,72.15931052602139,213,1.3828895800330687,20,22,1.0005059154521372,-1.0
AOI-0074,2022,история полигона,62,1,0.6141864769449032,0.14553990610328638,True,0.7630365469669449,199,0.14698202768951207,0.6160545192774328,154,247.0,85.93772152369779,211,1.5429565634923075,28,51,1.2083178902638936,12.0
AOI-0074,2023,история полигона,62,1,-0.5420116924592022,0.29577464788732394,True,0.4743421013561455,156,0.14592688657692726,0.32841521477921826,111,172.0,52.8936413989871,210,0.917447665482431,-27,8,0.7203672752068563,-66.0
AOI-0074,2024,история полигона,72,0,-0.1451923336671357,0.5868544600938967,True,0.5990245337876889,131,0.139184674167322,0.45983985962036694,92,169.0,65.22844220172787,213,1.1620039309751178,-52,-14,0.8974710642327806,-69.0
AOI-0074,2025,история полигона,62,1,0.18662683121192716,0.107981220657277,True,0.7452488999188982,187,0.16231870162185183,0.5829301982970464,149,232.0,79.70328810250089,213,1.5183300446142094,15,48,1.1130446077861051,-6.0
AOI-0075,2010,история полигона,20,0,-0.5890723995003821,0.568075117370892,True,0.643135969090998,150,0.03966387608556941,0.6034720930054286,100,181.0,62.593660699319855,213,1.1940576136417644,-50,-4,0.7592691314858422,-63.0
AOI-0075,2011,история полигона,25,0,-0.12959259809636667,0.1596244131455399,True,0.7421965623499557,194,0.012539751639866157,0.7296568107100895,107,236.0,78.52715969782003,204,1.4682402859887562,-5,4,0.9668446464027546,-10.0
AOI-0075,2012,история полигона,21,0,-0.3176084698446282,0.323943661971831,True,0.6590635255516191,161,0.11897240756956272,0.5400911179820563,108,188.0,70.08331255267191,211,1.2326571563597502,-39,13,0.856232817520763,-63.0
AOI-0075,2013,история полигона,25,1,0.05868255082361113,0.1596244131455399,True,0.5957333059128072,136,0.18335899953225254,0.4123743063805546,91,181.0,79.36333777096593,213,1.1140271960446488,-64,-13,0.9762022455417876,-64.0
AOI-0075,2014,история полигона,24,2,0.109709738728332,0.028169014084507043,True,0.729333942189727,194,0.14076626257197097,0.588567679617756,118,227.0,88.6863349036187,194,1.4405501870298485,-5,15,1.0973398105417613,-19.0
AOI-0075,2015,история полигона,34,0,-0.39317861695977563,0.19248826291079812,True,0.6298248562733653,199,0.06708611923596126,0.562738737037404,117,246.0,71.95192128914158,213,1.2284368175897669,3,14,0.8793443719784382,1.0
AOI-0075,2016,история полигона,19,0,0.7858057359817738,0.004694835680751174,True,0.7647170824143145,184,0.045019380306390334,0.7196977021079242,102,254.0,101.73772420494853,205,1.512364239772524,-15,9,1.2774075504210574,3.0
AOI-0075,2017,история полигона,43,0,-0.17634553293338212,0.056338028169014086,True,0.7409704533278579,188,0.09782772959700277,0.6431427237308551,122,229.0,78.57113700459448,210,1.4618743325084431,-17,19,0.9660498258469981,-17.0
AOI-0075,2018,история полигона,44,2,-0.31483209670081685,0.2300469483568075,True,0.6501423175051991,133,0.1368613421805565,0.5132809753246426,97,156.0,68.75075390917408,209,1.2113628860733028,-61,-8,0.8390829628482033,-88.0
AOI-0075,2019,история полигона,70,2,0.4064671290915365,0.12206572769953052,True,0.7838025774519349,200,0.16669383312320354,0.6171087443287314,129,251.0,95.10208123169798,213,1.55889208811393,6,27,1.1849082375024889,8.0
AOI-0075,2020,история полигона,80,5,-0.3493936194860254,0.1643192488262911,True,0.7000319651538456,195,0.11066251551230899,0.5893694496415366,119,230.0,74.94962834870859,213,1.3781585672034102,-1,17,0.9203177944586931,-17.0
AOI-0075,2021,история полигона,78,4,-0.7876909701584901,0.460093896713615,True,0.5823474298302023,134,0.1506750532122636,0.43167237661793867,104,153.0,56.63576535139072,213,1.075036432590209,-62,0,0.6838148752663216,-91.0
AOI-0075,2022,история полигона,66,2,0.7478944415195674,0.12206572769953052,True,0.7016457292698791,223,0.13261299317553404,0.569032736094345,106,246.0,91.74728358541532,212,1.3423472854315057,32,2,1.141545230438684,3.0
AOI-0075,2023,история полигона,71,3,0.9323331070124876,0.1784037558685446,True,0.8088370680694957,123,0.15793079993898249,0.6509062681305132,91,146.0,92.5377090533254,213,1.5198766460941056,-70,-13,1.1507037928877446,-100.0
AOI-0075,2024,история полигона,80,2,0.9509945059578795,0.06572769953051644,True,0.672886149063093,229,0.2043158873660443,0.46857026169704863,107,282.0,95.390739038722,207,1.2871330147258655,39,11,1.1907412388369059,35.0
AOI-0075,2025,история полигона,64,0,0.1141433311559249,0.07981220657276995,True,0.6578092851771414,184,0.2045084826780865,0.4533008024990549,128,246.0,85.7461255964826,213,1.2747676024931314,-15,25,1.0603761379217331,2.0
AOI-0076,2010,история полигона,22,1,-0.8339852151427597,0.28169014084507044,True,0.4491119351593638,187,0.11283199612037181,0.336279939038992,113,207.0,59.808664931590506,213,0.7662784082690262,16,13,0.7308303300314137,-24.0
AOI-0076,2011,история полигона,28,0,0.221022654661331,0.0,True,0.6493057440237074,146,0.2213982458598538,0.42790749816385365,103,188.0,82.3273124457964,204,1.1202312659381193,-28,2,1.0267766364005142,-43.0
AOI-0076,2012,история полигона,20,0,-0.25252909326658496,0.0,True,0.6069449107677476,184,0.07236589800497246,0.5345790127627751,105,235.0,75.78422008089323,211,1.0540739881579484,14,0,0.9374627567914604,8.0
AOI-0076,2013,история полигона,24,2,0.20265457492373512,0.051643192488262914,True,0.6791802550093486,184,0.12729965480315672,0.5518806002061919,110,231.0,84.28558206343575,213,1.1820410752416275,16,9,1.0510532712161307,1.0
AOI-0076,2014,история полигона,28,0,-0.16823901495168062,0.06572769953051644,True,0.6829933124678105,174,0.0853731427028444,0.5976201697649661,108,219.0,78.72649652209043,213,1.2019026520227811,3,7,0.9769698768672739,-13.0
AOI-0076,2015,история полигона,33,0,-0.6244753524281279,0.19248826291079812,True,0.6083336164991656,157,0.0538176501453774,0.5545159663537882,106,210.0,65.60111578998527,213,1.0429454888627416,-18,4,0.8053134893323252,-21.0
AOI-0076,2016,история полигона,17,0,0.5628198349950092,0.0,True,0.7685326235512318,186,0.11975601240415959,0.6487766111470722,106,225.0,92.23788754941063,203,1.3540141411141922,16,1,1.158676375855276,-2.0
AOI-0076,2017,история полигона,41,0,-0.1569456526332788,0.29107981220657275,True,0.7090610771497383,154,0.14070064551078854,0.5683604316389498,100,188.0,75.92770569215621,210,1.2371955466774576,-23,-2,0.9406010474156966,-45.0
AOI-0076,2018,история полигона,43,4,0.05108405110001383,0.22065727699530516,True,0.7848237107843086,190,0.04281068825896197,0.7420130225253466,117,238.0,82.9637737856344,209,1.3735696322404531,23,16,1.0341165593220196,10.0
AOI-0076,2019,история полигона,68,2,0.5585894272717228,0.17370892018779344,True,0.7707274745520074,146,0.23312466189317582,0.5376028126588316,101,171.0,86.83209144390992,213,1.3166596183908303,-32,0,1.0855680130794019,-61.0
AOI-0076,2020,история полигона,78,7,0.08505521720959415,0.22535211267605634,True,0.7150806177206234,151,0.14444799265134273,0.5706326250692806,92,177.0,80.29688947430736,213,1.2263842456384073,-28,-14,0.9960437185004501,-52.0
AOI-0076,2021,история полигона,77,7,-0.1027029870899576,0.1784037558685446,True,0.775748566609885,188,-0.04687917275353931,0.8226277393634243,100,228.0,80.5309310212549,213,1.3692512181339824,21,-2,1.0009436503054094,-2.0
AOI-0076,2022,история полигона,68,3,1.7967254457243624,0.18779342723004694,True,0.8322817259396424,210,0.14731079364667268,0.6849709322929698,148,270.0,104.27718023148029,212,1.4314125298683011,44,47,1.3226773330274841,45.0
AOI-0076,2023,история полигона,70,1,-0.5471179809219021,0.14553990610328638,True,0.571362645580266,169,0.14948467562181697,0.42187796995844895,128,225.0,65.88920075013849,211,0.9922061943206435,-4,27,0.8095275348192187,-6.0
AOI-0076,2024,история полигона,84,1,-0.12621953733842825,0.323943661971831,True,0.6036676939846951,126,0.2038722669863598,0.3997954269983353,92,167.0,74.57093244691083,213,1.0270356091484103,-46,-14,0.9216572768701768,-63.0
AOI-0076,2025,история полигона,60,1,0.33182497364680386,0.07042253521126761,True,0.7880715883805413,184,0.1824660942417683,0.605605494138773,139,229.0,89.87624112204526,213,1.39385070829641,14,39,1.1260928994834443,-2.0
AOI-0077,2010,история полигона,21,1,-0.7414712029320356,0.09859154929577464,True,0.5631777821134869,149,0.1646930893561048,0.3984846927573821,112,176.0,66.31868378867401,213,0.9818043070907584,4,11,0.733130186853513,-63.0
AOI-0077,2011,история полигона,25,0,-0.20591468938495885,0.03755868544600939,True,0.6932256869096397,144,0.2597477097829359,0.43347797712670383,103,171.0,80.13654117989394,204,1.2280852119876353,-1,2,0.8971533772071493,-74.0
AOI-0077,2012,история полигона,23,0,-0.3360848618956383,0.0,True,0.5418538917458282,181,0.15423679460408313,0.3876170971417451,92,241.0,78.11299711722776,211,0.938933549067503,36,-10,0.8709588420322272,9.0
AOI-0077,2013,история полигона,24,0,-0.3030957231162862,0.3004694835680751,True,0.5003953114788475,145,0.21117386713692776,0.28922144434191976,99,178.0,78.39639595213279,213,0.8668132515160752,0,-3,0.8752656110569177,-61.0
AOI-0077,2014,история полигона,27,2,0.03843824343214408,0.06103286384976526,True,0.7015827518376728,182,0.1382349730496116,0.5633477787880612,92,226.0,89.23538667565171,196,1.2146160205309309,37,-10,1.0041432159918886,-9.0
AOI-0077,2015,история полигона,32,0,-0.5977228968596935,0.07042253521126761,True,0.6000663577929906,158,0.11978017789383963,0.4802861798991509,110,189.0,70.3244851727064,213,1.0425170963036778,13,8,0.77974635952065,-46.0
AOI-0077,2016,история полигона,19,4,1.3083980510568702,0.03286384976525822,True,0.8168636147759664,176,-0.016644338140909855,0.8335079529168762,104,,110.18280082596824,174,1.4494623646914386,31,3,1.2653468696340924,
AOI-0077,2017,история полигона,43,3,0.8442531087218856,0.0,True,0.859944941982223,156,0.16603279556632866,0.6939121464158944,99,193.0,112.35644520211119,210,1.539333211608875,11,-3,1.2874278210554226,-45.0
AOI-0077,2018,история полигона,44,3,0.5196712524793148,0.03755868544600939,True,0.7015857375349854,130,-0.004616950198948906,0.7062026877339344,100,293.0,104.49150240238598,209,1.227029061244589,-16,-3,1.1900985237680142,67.0
AOI-0077,2019,история полигона,71,3,0.12963637423012944,0.0,True,0.7421472124694106,139,0.22429835725311034,0.5178488552163003,102,222.0,93.63320879987748,213,1.3161976298190436,-7,1,1.0568161789163508,-20.0
AOI-0077,2020,история полигона,81,2,-0.43269243133328616,0.4084507042253521,True,0.6801540615578242,187,0.13218343326573684,0.5479706282920873,114,230.0,76.4649775759756,213,1.1586004103962637,42,12,0.8505892820505212,1.0
AOI-0077,2021,история полигона,76,5,-1.418794629362759,0.7981220657276995,True,0.3256517602931659,143,0.06382530807200594,0.26182645222115997,102,,47.96076752958526,213,0.5528818631645123,-2,0,0.5230893620664059,
AOI-0077,2022,история полигона,65,2,0.8035179314282269,0.30985915492957744,True,0.6951359725012684,236,0.03437902242377315,0.6607569500774952,100,,102.21884630563004,211,1.173913339470304,91,-3,1.162635527064782,
AOI-0077,2023,история полигона,67,3,1.306034041476537,0.0,True,0.8499452147347081,147,0.194078131926482,0.655867082808226,91,231.0,125.44905171278008,211,1.5341196388845162,2,-10,1.4519198074097954,-16.0
AOI-0077,2024,история полигона,77,2,0.25525183975575166,0.0,True,0.6754442392768024,122,0.21854484417150438,0.45689939510529803,97,189.0,96.67589370553006,213,1.1756402751322468,-24,1,1.0940124418015038,-68.0
AOI-0077,2025,история полигона,60,2,-0.4255828917134573,0.49295774647887325,True,0.7679544197322676,140,0.18429011996036956,0.583664299771898,91,160.0,76.84137474570831,213,1.368491844210381,-6,-11,0.8565191168706067,-93.0
AOI-0078,2025,среднее по культуре (истории полигона нет),60,8,-0.037616543519079795,0.3004694835680751,True,0.7972984101591202,139,0.15041666206050372,0.6468817480986164,91,169.0,84.93022312144397,209,1.3328315660406302,-8,0,0.9940699271009793,-26.0
