sensor,date,tile,orbit,platform,cloud,lat,lon,nodata
landsat,2010-12-21,172/028,172,landsat-5,84.0,45.996735,42.925058484999994,84.0
landsat,2010-12-20,173/028,173,landsat-7,4.0,46.020745,41.460613365,4.0
landsat,2010-12-20,173/027,173,landsat-7,4.0,47.441705,41.990933605,4.0
landsat,2010-12-20,173/026,173,landsat-7,42.0,48.85689,42.502254135,42.0
landsat,2010-12-19,174/028,174,landsat-5,20.0,46.0116,39.88270841,20.0
landsat,2010-12-19,174/027,174,landsat-5,66.0,47.424705,40.43545866,67.0
landsat,2010-12-19,174/026,174,landsat-5,11.0,48.836079999999995,40.997643945,11.0
landsat,2010-12-14,171/028,171,landsat-5,25.0,46.010715,44.496453445,25.0
landsat,2010-12-14,171/027,171,landsat-5,91.0,47.420345,45.037818720000004,91.0
landsat,2010-12-14,171/026,171,landsat-5,54.0,48.839565,45.61631901,54.0
landsat,2010-11-26,173/028,173,landsat-5,96.0,46.013425,41.430923355000004,96.0
landsat,2010-11-26,173/027,173,landsat-5,56.0,47.434155,41.976338604999995,56.0
landsat,2010-11-26,173/026,173,landsat-5,48.0,48.844395,42.476829105,48.0
landsat,2010-11-26,173/025,173,landsat-5,27.0,50.26074,43.06599945,27.0
landsat,2010-11-19,172/028,172,landsat-5,93.0,46.005795,42.90713349,93.0
landsat,2010-11-19,172/027,172,landsat-5,100.0,47.42554,43.45089377,100.0
landsat,2010-11-19,172/026,172,landsat-5,100.0,48.845150000000004,44.025424075000004,100.0
landsat,2010-11-19,172/025,172,landsat-5,19.0,50.248099999999994,44.616934395,19.0
landsat,2010-11-17,174/028,174,landsat-5,61.0,46.021074999999996,39.871003404999996,61.0
landsat,2010-11-17,174/027,174,landsat-5,55.0,47.435625,40.41760367,54.0
landsat,2010-11-17,174/026,174,landsat-5,92.0,48.845600000000005,40.987968955,92.0
landsat,2010-11-17,174/025,174,landsat-5,73.0,50.262775000000005,41.584684265,73.0
landsat,2010-11-16,175/025,175,landsat-7,0.0,50.270215,40.041309345,0.0
landsat,2010-11-15,176/028,176,landsat-5,5.0,46.020215,36.737903495,4.0
landsat,2010-11-15,176/027,176,landsat-5,41.0,47.43391,37.273298765,37.0
landsat,2010-11-15,176/026,176,landsat-5,7.0,48.8436,37.844034074999996,7.0
landsat,2010-11-15,176/025,176,landsat-5,15.0,50.251490000000004,38.440744405000004,15.0
landsat,2010-11-12,171/028,171,landsat-5,75.0,46.01468,44.482593449999996,75.0
landsat,2010-11-12,171/027,171,landsat-5,77.0,47.42703,45.029723715,77.0
landsat,2010-11-12,171/026,171,landsat-5,47.0,48.844925,45.605964009999994,47.0
landsat,2010-11-12,171/025,171,landsat-5,55.0,50.252759999999995,46.21052433,55.0
landsat,2010-11-11,172/028,172,landsat-7,36.0,46.022365,42.937303494999995,36.0
landsat,2010-11-11,172/027,172,landsat-7,18.0,47.439364999999995,43.48892378,18.0
landsat,2010-11-11,172/026,172,landsat-7,51.0,48.853345,44.06275409,51.0
landsat,2010-11-11,172/025,172,landsat-7,47.0,50.269575,44.6511444,47.0
landsat,2010-11-10,173/028,173,landsat-5,50.0,46.009474999999995,41.42491835,50.0
landsat,2010-11-10,173/027,173,landsat-5,72.0,47.43303,41.96640361,72.0
landsat,2010-11-10,173/026,173,landsat-5,67.0,48.844085,42.464399115,67.0
landsat,2010-11-10,173/025,173,landsat-5,47.0,50.261889999999994,43.053274455,47.0
landsat,2010-11-09,174/028,174,landsat-7,1.0,46.02067,39.90657842,1.0
landsat,2010-11-08,175/028,175,landsat-5,5.0,46.015100000000004,38.291258455000005,2.0
landsat,2010-11-08,175/027,175,landsat-5,64.0,47.42828,38.83924373,63.0
landsat,2010-11-08,175/026,175,landsat-5,67.0,48.847,39.414199015,67.0
landsat,2010-11-08,175/025,175,landsat-5,31.0,50.25443,40.01518934,31.0
landsat,2010-11-07,176/028,176,landsat-7,15.0,46.0205,36.760948495,30.0
landsat,2010-11-06,177/025,177,landsat-5,85.0,50.269515,36.865454465,85.0
landsat,2010-11-03,172/029,172,landsat-5,1.0,44.639129999999994,42.39836324,1.0
landsat,2010-11-03,172/028,172,landsat-5,1.0,46.044979999999995,42.911438495,1.0
landsat,2010-11-03,172/027,172,landsat-5,18.0,47.463355,43.455918765,18.0
landsat,2010-11-01,174/028,174,landsat-5,26.0,46.018645,39.831568415,26.0
landsat,2010-11-01,174/027,174,landsat-5,33.0,47.43339,40.379048665,34.0
landsat,2010-11-01,174/026,174,landsat-5,26.0,48.85435,40.949433955,26.0
landsat,2010-11-01,174/025,174,landsat-5,6.0,50.26374,41.540499265,6.0
landsat,2010-10-31,175/025,175,landsat-7,68.0,50.270160000000004,40.052049345,68.0
landsat,2010-10-30,176/028,176,landsat-5,27.0,46.0821,36.727553505,28.0
landsat,2010-10-30,176/027,176,landsat-5,15.0,47.49718,37.261188785,16.0
landsat,2010-10-30,176/026,176,landsat-5,59.0,48.909565,37.829894089999996,59.0
landsat,2010-10-30,176/025,176,landsat-5,81.0,50.324295,38.422614435,81.0
landsat,2010-10-26,172/028,172,landsat-7,18.0,46.019864999999996,42.9489385,18.0
landsat,2010-10-26,172/027,172,landsat-7,6.0,47.440560000000005,43.47887377,6.0
landsat,2010-10-26,172/026,172,landsat-7,13.0,48.854600000000005,44.050299075,13.0
landsat,2010-10-25,173/028,173,landsat-5,5.0,46.021585,41.361478355,5.0
landsat,2010-10-25,173/027,173,landsat-5,0.0,47.43873000000001,41.901003605,0.0
landsat,2010-10-25,173/026,173,landsat-5,0.0,48.859,42.40234912,0.0
landsat,2010-10-25,173/025,173,landsat-5,0.0,50.270235,42.985504465,0.0
landsat,2010-10-24,174/028,174,landsat-7,8.0,46.01939,39.892688405,8.0
landsat,2010-10-24,174/027,174,landsat-7,11.0,47.437740000000005,40.454278689999995,11.0
landsat,2010-10-24,174/026,174,landsat-7,29.0,48.85722,41.01117396,29.0
landsat,2010-10-24,174/025,174,landsat-7,4.0,50.268955,41.60422427,4.0
landsat,2010-10-23,175/028,175,landsat-5,21.0,46.031040000000004,38.24172346,23.0
landsat,2010-10-23,175/027,175,landsat-5,0.0,47.445814999999996,38.786473735,0.0
landsat,2010-10-23,175/026,175,landsat-5,0.0,48.859314999999995,39.358004025,0.0
landsat,2010-10-23,175/025,175,landsat-5,12.0,50.280535,39.959919355,12.0
landsat,2010-10-22,176/028,176,landsat-7,10.0,46.020425,36.757083495,8.0
landsat,2010-10-22,176/027,176,landsat-7,22.0,47.438295,37.306653785,25.0
landsat,2010-10-22,176/026,176,landsat-7,29.0,48.857085,37.866664075,29.0
landsat,2010-10-20,170/028,170,landsat-5,55.0,46.033675,45.995478405,55.0
landsat,2010-10-18,172/028,172,landsat-5,86.0,46.012699999999995,42.83908349,86.0
landsat,2010-10-18,172/027,172,landsat-5,50.0,47.435555,43.38774877,50.0
landsat,2010-10-18,172/026,172,landsat-5,100.0,48.855464999999995,43.958464075,100.0
landsat,2010-10-18,172/025,172,landsat-5,100.0,50.266864999999996,44.556589415000005,100.0
landsat,2010-10-16,174/028,174,landsat-5,44.0,46.033665,39.812053410000004,44.0
landsat,2010-10-16,174/027,174,landsat-5,16.0,47.448505,40.357198675,17.0
landsat,2010-10-16,174/026,174,landsat-5,0.0,48.862894999999995,40.92314896,0.0
landsat,2010-10-16,174/025,174,landsat-5,0.0,50.273845,41.511544275,0.0
landsat,2010-10-14,176/028,176,landsat-5,6.0,46.027159999999995,36.675663495,15.0
landsat,2010-10-14,176/027,176,landsat-5,0.0,47.442535,37.211388775,0.0
landsat,2010-10-14,176/026,176,landsat-5,0.0,48.857865000000004,37.77689908,0.0
landsat,2010-10-14,176/025,176,landsat-5,15.0,50.27693,38.378079415,15.0
landsat,2010-10-13,177/025,177,landsat-7,31.0,50.2673,36.903084480000004,31.0
landsat,2010-10-09,173/028,173,landsat-5,100.0,46.02552,41.36937836,100.0
landsat,2010-10-09,173/027,173,landsat-5,70.0,47.44667,41.90933861,70.0
landsat,2010-10-09,173/026,173,landsat-5,20.0,48.86184,42.40636912,20.0
landsat,2010-10-09,173/025,173,landsat-5,3.0,50.28121,42.991469465,3.0
landsat,2010-10-08,174/028,174,landsat-7,100.0,46.020675,39.89868842,100.0
landsat,2010-10-08,174/027,174,landsat-7,80.0,47.436485000000005,40.446098684999995,80.0
landsat,2010-10-08,174/026,174,landsat-7,33.0,48.854600000000005,41.00496396,33.0
landsat,2010-10-08,174/025,174,landsat-7,14.0,50.268795,41.610674285,14.0
landsat,2010-10-07,175/028,175,landsat-5,96.0,46.02432,38.23785346,95.0
landsat,2010-10-07,175/027,175,landsat-5,61.0,47.4418,38.78447373,56.0
landsat,2010-10-07,175/026,175,landsat-5,30.0,48.855305,39.355904030000005,30.0
landsat,2010-10-07,175/025,175,landsat-5,84.0,50.277885,39.957719354999995,84.0
landsat,2010-10-05,177/025,177,landsat-5,100.0,50.268600000000006,36.808789465000004,100.0
landsat,2010-10-04,170/028,170,landsat-5,98.0,46.018915,45.991288409999996,98.0
landsat,2010-10-02,172/028,172,landsat-5,82.0,46.03326,42.8537885,82.0
landsat,2010-10-02,172/027,172,landsat-5,100.0,47.44381,43.39550878,100.0
landsat,2010-10-02,172/026,172,landsat-5,100.0,48.859595,43.964604085000005,100.0
landsat,2010-10-02,172/025,172,landsat-5,58.0,50.281765,44.56720441,58.0
landsat,2010-10-01,173/028,173,landsat-7,15.0,46.018209999999996,41.452748365000005,15.0
landsat,2010-09-30,174/028,174,landsat-5,96.0,46.02287,39.811893409999996,96.0
landsat,2010-09-30,174/027,174,landsat-5,100.0,47.44046,40.356988675,100.0
landsat,2010-09-30,174/026,174,landsat-5,89.0,48.853515,40.920743959999996,89.0
landsat,2010-09-30,174/025,174,landsat-5,85.0,50.273830000000004,41.513609275,85.0
landsat,2010-09-28,176/028,176,landsat-5,80.0,46.024615,36.683438505,88.0
landsat,2010-09-28,176/027,176,landsat-5,88.0,47.431805,37.213788775,87.0
landsat,2010-09-28,176/026,176,landsat-5,39.0,48.855255,37.78322408,39.0
landsat,2010-09-28,176/025,176,landsat-5,54.0,50.266185,38.380374415,54.0
landsat,2010-09-27,177/025,177,landsat-7,45.0,50.27668,36.82482947,45.0
landsat,2010-09-25,171/028,171,landsat-5,0.0,46.028090000000006,44.435118455,0.0
landsat,2010-09-25,171/027,171,landsat-5,0.0,47.44603,44.981083725,0.0
landsat,2010-09-25,171/026,171,landsat-5,0.0,48.860150000000004,45.549869015,0.0
landsat,2010-09-25,171/025,171,landsat-5,2.0,50.27371,46.14880934,2.0
landsat,2010-09-23,173/028,173,landsat-5,25.0,46.021384999999995,41.374943355,25.0
landsat,2010-09-23,173/027,173,landsat-5,5.0,47.438559999999995,41.910843605,5.0
landsat,2010-09-23,173/026,173,landsat-5,5.0,48.851150000000004,42.41102412,5.0
landsat,2010-09-23,173/025,173,landsat-5,11.0,50.27191,42.998289455,11.0
landsat,2010-09-22,174/028,174,landsat-7,86.0,46.023815,39.837598424999996,86.0
landsat,2010-09-22,174/027,174,landsat-7,77.0,47.43988,40.385403690000004,76.0
landsat,2010-09-22,174/026,174,landsat-7,24.0,48.860995,40.943873960000005,24.0
landsat,2010-09-22,174/025,174,landsat-7,26.0,50.274185,41.54786929,26.0
landsat,2010-09-19,177/025,177,landsat-5,65.0,50.27017,36.821399465,65.0
landsat,2010-09-18,170/028,170,landsat-5,34.0,46.022845000000004,46.009083405,34.0
landsat,2010-09-17,171/025,171,landsat-7,52.0,50.277339999999995,46.161809345,52.0
landsat,2010-09-16,172/028,172,landsat-5,79.0,46.018625,42.86413349,79.0
landsat,2010-09-16,172/027,172,landsat-5,71.0,47.435770000000005,43.399903769999995,71.0
landsat,2010-09-16,172/026,172,landsat-5,18.0,48.856965,43.97306407,18.0
landsat,2010-09-16,172/025,172,landsat-5,10.0,50.269645,44.571629404999996,10.0
landsat,2010-09-14,174/026,174,landsat-5,0.0,48.856015,40.93511896,0.0
landsat,2010-09-14,174/025,174,landsat-5,0.0,50.268254999999996,41.523794275,0.0
landsat,2010-09-12,176/027,176,landsat-5,0.0,47.434675,37.225628775000004,1.0
landsat,2010-09-12,176/026,176,landsat-5,20.0,48.84999,37.793789079999996,20.0
landsat,2010-09-12,176/025,176,landsat-5,13.0,50.27033,38.395344415,13.0
landsat,2010-09-11,177/025,177,landsat-7,2.0,50.274205,36.835509470000005,2.0
landsat,2010-09-10,170/028,170,landsat-7,0.0,46.023775,46.02889342,0.0
landsat,2010-09-09,171/028,171,landsat-5,85.0,46.01864,44.435203455,85.0
landsat,2010-09-09,171/027,171,landsat-5,91.0,47.4338,44.98311374,91.0
landsat,2010-09-09,171/026,171,landsat-5,100.0,48.853355,45.556059024999996,100.0
landsat,2010-09-09,171/025,171,landsat-5,78.0,50.261525000000006,46.150679345,78.0
landsat,2010-09-07,173/028,173,landsat-5,65.0,46.021085,41.388528355000005,65.0
landsat,2010-09-07,173/027,173,landsat-5,51.0,47.438095000000004,41.928753605,51.0
landsat,2010-09-07,173/026,173,landsat-5,1.0,48.8515,42.42735912,1.0
landsat,2010-09-07,173/025,173,landsat-5,8.0,50.272185,43.01511946,8.0
landsat,2010-09-06,174/028,174,landsat-7,0.0,46.025165,39.83755841,0.0
landsat,2010-09-06,174/027,174,landsat-7,0.0,47.442395000000005,40.401683685,0.0
landsat,2010-09-05,175/028,175,landsat-5,28.0,46.013645,38.257728459999996,10.0
landsat,2010-09-05,175/027,175,landsat-5,43.0,47.42836,38.80276373,40.0
landsat,2010-09-05,175/026,175,landsat-5,71.0,48.852585,39.37464903,71.0
landsat,2010-09-05,175/025,175,landsat-5,99.0,50.266980000000004,39.976829355,99.0
landsat,2010-09-03,177/025,177,landsat-5,38.0,50.264855,36.825859460000004,38.0
landsat,2010-09-02,170/028,170,landsat-5,0.0,46.02278,46.016973405,0.0
landsat,2010-09-01,171/028,171,landsat-7,0.0,46.02252,44.464743459999994,0.0
landsat,2010-09-01,171/027,171,landsat-7,0.0,47.444395,45.00135872,0.0
landsat,2010-09-01,171/026,171,landsat-7,0.0,48.859700000000004,45.58742403,0.0
landsat,2010-09-01,171/025,171,landsat-7,8.0,50.27171,46.187519355,8.0
landsat,2010-08-31,172/028,172,landsat-5,0.0,46.021609999999995,42.881428490000005,0.0
landsat,2010-08-31,172/027,172,landsat-5,14.0,47.438675,43.41602877,14.0
landsat,2010-08-31,172/026,172,landsat-5,22.0,48.85167,43.98568907,22.0
landsat,2010-08-31,172/025,172,landsat-5,3.0,50.262905,44.582424405,3.0
landsat,2010-08-30,173/028,173,landsat-7,4.0,46.025980000000004,41.402588355,4.0
landsat,2010-08-30,173/027,173,landsat-7,0.0,47.443960000000004,41.955378620000005,0.0
landsat,2010-08-30,173/026,173,landsat-7,8.0,48.857205,42.45320413,8.0
landsat,2010-08-30,173/025,173,landsat-7,22.0,50.27478,43.027214459999996,22.0
landsat,2010-08-29,174/028,174,landsat-5,0.0,46.022705,39.84147341,0.0
landsat,2010-08-29,174/027,174,landsat-5,0.0,47.43875,40.38932867,0.0
landsat,2010-08-29,174/026,174,landsat-5,1.0,48.852990000000005,40.95544896,1.0
landsat,2010-08-29,174/025,174,landsat-5,47.0,50.273055,41.549399275,47.0
landsat,2010-08-28,175/028,175,landsat-7,0.0,46.02437,38.287143470000004,0.0
landsat,2010-08-27,176/028,176,landsat-5,0.0,46.02243,36.708843494999996,0.0
landsat,2010-08-27,176/027,176,landsat-5,13.0,47.438955,37.243388769999996,15.0
landsat,2010-08-27,176/026,176,landsat-5,42.0,48.85279,37.81040408,42.0
landsat,2010-08-27,176/025,176,landsat-5,60.0,50.271715,38.41038941,60.0
landsat,2010-08-26,177/025,177,landsat-7,10.0,50.27338,36.864864485,10.0
landsat,2010-08-24,171/028,171,landsat-5,0.0,46.02004,44.45887345,0.0
landsat,2010-08-24,171/027,171,landsat-5,0.0,47.43517,45.005408725,0.0
landsat,2010-08-24,171/026,171,landsat-5,0.0,48.84918,45.578929020000004,0.0
landsat,2010-08-24,171/025,171,landsat-5,6.0,50.267945,46.183034340000006,6.0
landsat,2010-08-23,172/028,172,landsat-7,0.0,46.02445,42.902338490000005,0.0
landsat,2010-08-23,172/027,172,landsat-7,0.0,47.441565,43.450338785,0.0
landsat,2010-08-22,173/028,173,landsat-5,0.0,46.018074999999996,41.40389835,0.0
landsat,2010-08-22,173/027,173,landsat-5,0.0,47.435024999999996,41.942533605,0.0
landsat,2010-08-22,173/026,173,landsat-5,0.0,48.847719999999995,42.43987911,0.0
landsat,2010-08-22,173/025,173,landsat-5,4.0,50.26694,43.027884455,4.0
landsat,2010-08-21,174/025,174,landsat-7,27.0,50.27221,41.577184285,27.0
landsat,2010-08-20,175/028,175,landsat-5,25.0,46.02319,38.279318454999995,38.0
landsat,2010-08-20,175/027,175,landsat-5,42.0,47.439144999999996,38.82501873,48.0
landsat,2010-08-20,175/026,175,landsat-5,69.0,48.853845,39.397589025,69.0
landsat,2010-08-20,175/025,175,landsat-5,70.0,50.26411,39.99609935,70.0
landsat,2010-08-19,176/028,176,landsat-7,6.0,46.0214,36.73562851,21.0
landsat,2010-08-19,176/027,176,landsat-7,8.0,47.443015,37.258838775,9.0
landsat,2010-08-19,176/026,176,landsat-7,5.0,48.85826,37.843594095,5.0
landsat,2010-08-19,176/025,176,landsat-7,16.0,50.274215,38.429709415000005,16.0
landsat,2010-08-18,177/025,177,landsat-5,31.0,50.269284999999996,36.848714470000004,31.0
landsat,2010-08-17,170/028,170,landsat-5,16.0,46.02399,46.0307734,16.0
landsat,2010-08-16,171/028,171,landsat-7,11.0,46.022589999999994,44.474633455,11.0
landsat,2010-08-16,171/027,171,landsat-7,0.0,47.440355,45.033788735,0.0
landsat,2010-08-16,171/026,171,landsat-7,0.0,48.85966,45.595734019999995,0.0
landsat,2010-08-16,171/025,171,landsat-7,0.0,50.274205,46.20907436,0.0
landsat,2010-08-15,172/028,172,landsat-5,51.0,46.016495,42.899033495,51.0
landsat,2010-08-15,172/027,172,landsat-5,12.0,47.43348,43.43443377,12.0
landsat,2010-08-15,172/026,172,landsat-5,0.0,48.854475,44.00649407,0.0
landsat,2010-08-15,172/025,172,landsat-5,0.0,50.265635,44.606034405,0.0
landsat,2010-08-13,174/028,174,landsat-5,55.0,46.025245,39.85728841,55.0
landsat,2010-08-13,174/027,174,landsat-5,90.0,47.439865,40.405603675,90.0
landsat,2010-08-13,174/026,174,landsat-5,68.0,48.855360000000005,40.97197896,68.0
landsat,2010-08-13,174/025,174,landsat-5,58.0,50.27548,41.562164275,58.0
landsat,2010-08-12,175/028,175,landsat-7,43.0,46.024415000000005,38.29510345,55.0
landsat,2010-08-12,175/027,175,landsat-7,10.0,47.441645,38.85743874,11.0
landsat,2010-08-12,175/026,175,landsat-7,26.0,48.861644999999996,39.418504025000004,26.0
landsat,2010-08-08,171/028,171,landsat-5,1.0,46.014655000000005,44.46879345,1.0
landsat,2010-08-08,171/027,171,landsat-5,1.0,47.429755,45.011483725000005,1.0
landsat,2010-08-08,171/026,171,landsat-5,10.0,48.85178,45.58730402,10.0
landsat,2010-08-08,171/025,171,landsat-5,37.0,50.2625,46.185039335,37.0
landsat,2010-08-07,172/028,172,landsat-7,0.0,46.02606,42.915918489999996,0.0
landsat,2010-08-07,172/027,172,landsat-7,0.0,47.44161,43.454468775,0.0
landsat,2010-08-06,173/028,173,landsat-5,0.0,46.015095,41.41545335,0.0
landsat,2010-08-06,173/027,173,landsat-5,0.0,47.43069,41.95426861,0.0
landsat,2010-08-06,173/026,173,landsat-5,0.0,48.85204,42.453879119999996,0.0
landsat,2010-08-06,173/025,173,landsat-5,0.0,50.263035,43.038479460000005,0.0
landsat,2010-08-05,174/028,174,landsat-7,0.0,46.024995000000004,39.867138409999995,0.0
landsat,2010-08-05,174/027,174,landsat-7,0.0,47.44212,40.428018685,0.0
landsat,2010-08-05,174/026,174,landsat-7,2.0,48.85749,40.996923975,2.0
landsat,2010-08-05,174/025,174,landsat-7,1.0,50.274965,41.577149275,1.0
landsat,2010-08-04,175/028,175,landsat-5,0.0,46.013705,38.277453460000004,0.0
landsat,2010-08-04,175/027,175,landsat-5,2.0,47.428325,38.82302873,3.0
landsat,2010-08-04,175/026,175,landsat-5,15.0,48.851095,39.397564020000004,15.0
landsat,2010-08-04,175/025,175,landsat-5,7.0,50.26135,39.996039350000004,7.0
landsat,2010-08-03,176/028,176,landsat-7,0.0,46.02538,36.733618495,1.0
landsat,2010-08-03,176/027,176,landsat-7,0.0,47.443355,37.280658785,0.0
landsat,2010-08-03,176/026,176,landsat-7,1.0,48.862265,37.83942408,1.0
landsat,2010-08-03,176/025,176,landsat-7,29.0,50.272904999999994,38.43833941,29.0
landsat,2010-08-02,177/025,177,landsat-5,21.0,50.269369999999995,36.857039465,21.0
landsat,2010-08-01,170/028,170,landsat-5,0.0,46.01983,46.038608405000005,0.0
landsat,2010-07-31,171/028,171,landsat-7,0.0,46.022665,44.488413460000004,0.0
landsat,2010-07-31,171/027,171,landsat-7,0.0,47.4444,45.02567872,0.0
landsat,2010-07-31,171/026,171,landsat-7,0.0,48.858335,45.597784015,0.0
landsat,2010-07-31,171/025,171,landsat-7,0.0,50.271515,46.211154355000005,0.0
landsat,2010-07-30,172/028,172,landsat-5,0.0,46.016504999999995,42.900938495000005,0.0
landsat,2010-07-30,172/027,172,landsat-5,0.0,47.43073,43.43452377,0.0
landsat,2010-07-30,172/026,172,landsat-5,9.0,48.853125000000006,44.006494075,9.0
landsat,2010-07-30,172/025,172,landsat-5,27.0,50.2629,44.603909404999996,27.0
landsat,2010-07-29,173/028,173,landsat-7,1.0,46.025575,41.423858355,1.0
landsat,2010-07-29,173/027,173,landsat-7,0.0,47.44478,41.97723862,0.0
landsat,2010-07-29,173/026,173,landsat-7,0.0,48.857635,42.47363413,0.0
landsat,2010-07-29,173/025,173,landsat-7,0.0,50.27512,43.04825446,0.0
landsat,2010-07-28,174/028,174,landsat-5,0.0,46.018485,39.855228415,0.0
landsat,2010-07-28,174/027,174,landsat-5,0.0,47.434465,40.403423675,0.0
landsat,2010-07-28,174/026,174,landsat-5,1.0,48.84728,40.969643954999995,1.0
landsat,2010-07-28,174/025,174,landsat-5,8.0,50.267340000000004,41.561794275,8.0
landsat,2010-07-27,175/028,175,landsat-7,0.0,46.02308,38.293133455,0.0
landsat,2010-07-27,175/027,175,landsat-7,0.0,47.44164,38.85338374,0.0
landsat,2010-07-27,175/026,175,landsat-7,0.0,48.861655,39.414329025,0.0
landsat,2010-07-23,171/025,171,landsat-5,76.0,50.266575,46.178734345,76.0
landsat,2010-07-21,173/028,173,landsat-5,18.0,46.01384,41.409653355,18.0
landsat,2010-07-21,173/027,173,landsat-5,47.0,47.437470000000005,41.950703605,47.0
landsat,2010-07-21,173/026,173,landsat-5,39.0,48.850535,42.44773412,39.0
landsat,2010-07-21,173/025,173,landsat-5,0.0,50.26836,43.034044465,0.0
landsat,2010-07-20,174/028,174,landsat-7,3.0,46.02896,39.87910342,3.0
landsat,2010-07-20,174/027,174,landsat-7,0.0,47.4517,40.41601367,0.0
landsat,2010-07-20,174/026,174,landsat-7,0.0,48.86578,40.984898959999995,0.0
landsat,2010-07-20,174/025,174,landsat-7,0.0,50.27874,41.590144295,0.0
landsat,2010-07-19,175/028,175,landsat-5,54.0,46.020475000000005,38.287243455,51.0
landsat,2010-07-19,175/027,175,landsat-5,40.0,47.436425,38.83110873,31.0
landsat,2010-07-19,175/026,175,landsat-5,1.0,48.84838,39.40170902,1.0
landsat,2010-07-19,175/025,175,landsat-5,0.0,50.269375,40.004804355000005,0.0
landsat,2010-07-18,176/028,176,landsat-7,17.0,46.025595,36.743248505,38.0
landsat,2010-07-18,176/027,176,landsat-7,2.0,47.4406,37.276773785,2.0
landsat,2010-07-18,176/026,176,landsat-7,2.0,48.859579999999994,37.837399075,2.0
landsat,2010-07-18,176/025,176,landsat-7,2.0,50.272975,38.44901943,2.0
landsat,2010-07-17,177/025,177,landsat-5,8.0,50.26256,36.853094475000006,8.0
landsat,2010-07-16,170/028,170,landsat-5,16.0,46.015845,46.030668410000004,16.0
landsat,2010-07-15,171/028,171,landsat-7,0.0,46.02262,44.476603455,0.0
landsat,2010-07-15,171/027,171,landsat-7,0.0,47.440355,45.033788735,0.0
landsat,2010-07-15,171/026,171,landsat-7,15.0,48.86103,45.597819015,15.0
landsat,2010-07-15,171/025,171,landsat-7,28.0,50.272975,46.19604434,28.0
landsat,2010-07-14,172/028,172,landsat-5,23.0,46.019270000000006,42.904708494999994,23.0
landsat,2010-07-14,172/027,172,landsat-5,42.0,47.436234999999996,43.44043877,42.0
landsat,2010-07-14,172/026,172,landsat-5,0.0,48.849064999999996,44.00863408,0.0
landsat,2010-07-14,172/025,172,landsat-5,8.0,50.266995,44.610309415,8.0
landsat,2010-07-13,173/028,173,landsat-7,4.0,46.024069999999995,41.431663369999995,4.0
landsat,2010-07-13,173/027,173,landsat-7,32.0,47.44518,41.961253604999996,32.0
landsat,2010-07-13,173/026,173,landsat-7,73.0,48.858705,42.459449115,73.0
landsat,2010-07-13,173/025,173,landsat-7,12.0,50.27262,43.05881947,12.0
landsat,2010-07-12,174/028,174,landsat-5,8.0,46.02113,39.863158415,8.0
landsat,2010-07-12,174/027,174,landsat-5,7.0,47.43712,40.409578675,7.0
landsat,2010-07-12,174/026,174,landsat-5,60.0,48.849905,40.975848955000004,60.0
landsat,2010-07-12,174/025,174,landsat-5,95.0,50.26858,41.56818928,95.0
landsat,2010-07-11,175/028,175,landsat-7,71.0,46.02304,38.291158455,67.0
landsat,2010-07-11,175/027,175,landsat-7,54.0,47.44032,38.851358745,54.0
landsat,2010-07-11,175/026,175,landsat-7,73.0,48.860305,39.414309020000005,73.0
landsat,2010-07-10,176/028,176,landsat-5,31.0,46.01182,36.720768504999995,42.0
landsat,2010-07-10,176/027,176,landsat-5,47.0,47.426935,37.253668770000004,46.0
landsat,2010-07-10,176/026,176,landsat-5,42.0,48.8475,37.82513408,42.0
landsat,2010-07-10,176/025,176,landsat-5,91.0,50.259575,38.423424415,91.0
landsat,2010-07-07,171/028,171,landsat-5,9.0,46.009254999999996,44.46884345,9.0
landsat,2010-07-07,171/027,171,landsat-5,3.0,47.424324999999996,45.013513725,3.0
landsat,2010-07-07,171/026,171,landsat-5,1.0,48.846405000000004,45.589319015,1.0
landsat,2010-07-07,171/025,171,landsat-5,0.0,50.258455,46.184969339999995,0.0
landsat,2010-07-06,172/028,172,landsat-7,11.0,46.022155,42.923693505,11.0
landsat,2010-07-06,172/025,172,landsat-7,88.0,50.26957,44.636059425,88.0
landsat,2010-07-05,173/028,173,landsat-5,47.0,46.00708,41.41121835,47.0
landsat,2010-07-05,173/027,173,landsat-5,4.0,47.424045,41.949868605000006,4.0
landsat,2010-07-05,173/026,173,landsat-5,72.0,48.835695,42.446549114999996,72.0
landsat,2010-07-05,173/025,173,landsat-5,47.0,50.256225,43.034614454999996,47.0
landsat,2010-07-04,174/025,174,landsat-7,27.0,50.27505,41.572944275,27.0
landsat,2010-07-03,175/028,175,landsat-5,40.0,46.015119999999996,38.289283455,50.0
landsat,2010-07-03,175/027,175,landsat-5,70.0,47.431034999999994,38.83517873,71.0
landsat,2010-07-03,175/026,175,landsat-5,17.0,48.84301,39.40375402,17.0
landsat,2010-07-03,175/025,175,landsat-5,6.0,50.261309999999995,40.00892935,6.0
landsat,2010-07-02,176/028,176,landsat-7,62.0,46.022670000000005,36.731823495,79.0
landsat,2010-07-02,176/027,176,landsat-7,30.0,47.440605,37.278723785,29.0
landsat,2010-07-02,176/026,176,landsat-7,36.0,48.85957,37.839484075,36.0
landsat,2010-07-02,176/025,176,landsat-7,40.0,50.272994999999995,38.45331443,40.0
landsat,2010-07-01,177/025,177,landsat-5,45.0,50.28852,36.86887447,45.0
landsat,2010-06-30,170/028,170,landsat-5,90.0,46.023825,46.050543405,90.0
landsat,2010-06-28,172/028,172,landsat-5,40.0,46.013935000000004,42.906883495,40.0
landsat,2010-06-28,172/027,172,landsat-5,37.0,47.430835,43.440598769999994,37.0
landsat,2010-06-28,172/026,172,landsat-5,91.0,48.85185,44.01279907,91.0
landsat,2010-06-28,172/025,172,landsat-5,87.0,50.262975,44.608204404999995,87.0
landsat,2010-06-27,173/025,173,landsat-7,7.0,50.27518,43.05039446000001,7.0
landsat,2010-06-26,174/025,174,landsat-5,0.0,50.261915,41.56562427,0.0
landsat,2010-06-25,175/027,175,landsat-7,60.0,47.441635,38.84528373,57.0
landsat,2010-06-25,175/026,175,landsat-7,70.0,48.85756,39.43101404,70.0
landsat,2010-06-25,175/025,175,landsat-7,22.0,50.275795,40.022099345,22.0
landsat,2010-06-24,176/028,176,landsat-5,80.0,46.01195,36.726688495000005,63.0
landsat,2010-06-24,176/027,176,landsat-5,71.0,47.427105,37.26169377,68.0
landsat,2010-06-24,176/026,176,landsat-5,70.0,48.850285,37.83132408,70.0
landsat,2010-06-24,176/025,176,landsat-5,18.0,50.260975,38.429869415,18.0
landsat,2010-06-21,171/028,171,landsat-5,87.0,46.017385000000004,44.47073345,87.0
landsat,2010-06-21,171/027,171,landsat-5,22.0,47.43248,45.017563725,22.0
landsat,2010-06-21,171/026,171,landsat-5,0.0,48.846465,45.589319015,0.0
landsat,2010-06-21,171/025,171,landsat-5,0.0,50.265164999999996,46.191559335,0.0
landsat,2010-06-20,172/028,172,landsat-7,48.0,46.02472,42.917833494999996,48.0
landsat,2010-06-20,172/027,172,landsat-7,1.0,47.441815000000005,43.468578785000005,1.0
landsat,2010-06-20,172/026,172,landsat-7,0.0,48.855885,44.04184909,0.0
landsat,2010-06-20,172/025,172,landsat-7,0.0,50.272245,44.6274844,0.0
landsat,2010-06-19,173/028,173,landsat-5,48.0,46.015155,41.41348335,48.0
landsat,2010-06-19,173/027,173,landsat-5,0.0,47.430764999999994,41.95225361,0.0
landsat,2010-06-19,173/026,173,landsat-5,2.0,48.84385,42.448214115,2.0
landsat,2010-06-19,173/025,173,landsat-5,36.0,50.26303,43.036419460000005,36.0
landsat,2010-06-18,174/028,174,landsat-7,62.0,46.023495,39.884928419999994,62.0
landsat,2010-06-18,174/027,174,landsat-7,36.0,47.439375,40.431998684999996,36.0
landsat,2010-06-18,174/026,174,landsat-7,24.0,48.858905,40.990743955,24.0
landsat,2010-06-18,174/025,174,landsat-7,61.0,50.27326,41.59405429,61.0
landsat,2010-06-16,176/028,176,landsat-7,8.0,46.02553,36.741363495,22.0
landsat,2010-06-16,176/027,176,landsat-7,14.0,47.44347,37.288613784999995,16.0
landsat,2010-06-16,176/026,176,landsat-7,34.0,48.86234,37.84776908,34.0
landsat,2010-06-16,176/025,176,landsat-7,47.0,50.27159,38.446934415,47.0
landsat,2010-06-15,177/025,177,landsat-5,36.0,50.26126,36.851229465,36.0
landsat,2010-06-14,170/028,170,landsat-5,0.0,46.014555,46.032588405,0.0
landsat,2010-06-13,171/028,171,landsat-7,0.0,46.02533,44.486443455,0.0
landsat,2010-06-13,171/027,171,landsat-7,0.0,47.443055,45.045948734999996,0.0
landsat,2010-06-13,171/026,171,landsat-7,0.0,48.85552,45.616584035,0.0
landsat,2010-06-13,171/025,171,landsat-7,0.0,50.27285,46.20892934,0.0
landsat,2010-06-12,172/028,172,landsat-5,8.0,46.016555,42.901003495,8.0
landsat,2010-06-12,172/027,172,landsat-5,1.0,47.424045,43.432738764999996,1.0
landsat,2010-06-12,172/026,172,landsat-5,35.0,48.846450000000004,44.00456907,35.0
landsat,2010-06-12,172/025,172,landsat-5,28.0,50.256249999999994,44.601834395,28.0
landsat,2010-06-11,173/028,173,landsat-7,0.0,46.02408,41.42959835,0.0
landsat,2010-06-11,173/027,173,landsat-7,0.0,47.443335000000005,41.981178625,0.0
landsat,2010-06-11,173/026,173,landsat-7,0.0,48.86159,42.469489115,0.0
landsat,2010-06-11,173/025,173,landsat-7,0.0,50.27249,43.05256946,0.0
landsat,2010-06-10,174/028,174,landsat-5,0.0,46.022594999999995,39.857243409999995,0.0
landsat,2010-06-10,174/027,174,landsat-5,0.0,47.43992,40.405608674999996,0.0
landsat,2010-06-10,174/026,174,landsat-5,1.0,48.85413,40.969723955,1.0
landsat,2010-06-10,174/025,174,landsat-5,6.0,50.264775,41.559429275,6.0
landsat,2010-06-09,175/028,175,landsat-7,47.0,46.025765,38.300983455,57.0
landsat,2010-06-09,175/027,175,landsat-7,6.0,47.440290000000005,38.845288725,7.0
landsat,2010-06-09,175/026,175,landsat-7,0.0,48.85621,39.430989034999996,0.0
landsat,2010-06-09,175/025,175,landsat-7,0.0,50.27445,40.022099355,0.0
landsat,2010-06-08,176/028,176,landsat-5,60.0,46.01591,36.7207035,57.0
landsat,2010-06-08,176/027,176,landsat-5,0.0,47.431095,37.255578775000004,0.0
landsat,2010-06-08,176/026,176,landsat-5,0.0,48.853004999999996,37.827084080000006,0.0
landsat,2010-06-08,176/025,176,landsat-5,0.0,50.265069999999994,38.425504415,0.0
landsat,2010-06-07,177/025,177,landsat-7,0.0,50.269705,36.88613948,0.0
landsat,2010-06-05,171/028,171,landsat-5,6.0,46.012024999999994,44.46684345,6.0
landsat,2010-06-05,171/027,171,landsat-5,1.0,47.428484999999995,45.00946373,1.0
landsat,2010-06-05,171/026,171,landsat-5,3.0,48.851915,45.58313402,3.0
landsat,2010-06-05,171/025,171,landsat-5,21.0,50.26396,46.182969345000004,21.0
landsat,2010-06-04,172/028,172,landsat-7,9.0,46.02351,42.92550851,9.0
landsat,2010-06-04,172/027,172,landsat-7,2.0,47.445655,43.45438877,2.0
landsat,2010-06-04,172/026,172,landsat-7,8.0,48.85711,44.025214075,8.0
landsat,2010-06-03,173/026,173,landsat-5,22.0,48.8547,42.44972912,22.0
landsat,2010-06-03,173/025,173,landsat-5,1.0,50.275220000000004,43.036034459999996,1.0
landsat,2010-06-02,174/028,174,landsat-7,20.0,46.023525,39.880988419999994,20.0
landsat,2010-06-02,174/027,174,landsat-7,2.0,47.44625,40.417888669999996,2.0
landsat,2010-06-02,174/026,174,landsat-7,46.0,48.858975,40.986658954999996,46.0
landsat,2010-06-02,174/025,174,landsat-7,41.0,50.272005,41.589719285,41.0
landsat,2010-05-31,176/028,176,landsat-7,38.0,46.02156,36.74528351,57.0
landsat,2010-05-31,176/027,176,landsat-7,40.0,47.441835,37.270858770000004,37.0
landsat,2010-05-31,176/026,176,landsat-7,48.0,48.858335,37.851934095000004,48.0
landsat,2010-05-31,176/025,176,landsat-7,91.0,50.27427,38.442604415,91.0
landsat,2010-05-29,170/028,170,landsat-5,53.0,46.014555,46.032588405,53.0
landsat,2010-05-28,171/028,171,landsat-7,13.0,46.023995,44.490363465,13.0
landsat,2010-05-28,171/027,171,landsat-7,10.0,47.439005,45.03783874,10.0
landsat,2010-05-28,171/026,171,landsat-7,1.0,48.858295,45.599869014999996,1.0
landsat,2010-05-28,171/025,171,landsat-7,22.0,50.271475,46.215449355000004,22.0
landsat,2010-05-27,172/028,172,landsat-5,48.0,46.019175000000004,42.89512349,48.0
landsat,2010-05-27,172/027,172,landsat-5,88.0,47.433485,43.432408769999995,88.0
landsat,2010-05-27,172/026,172,landsat-5,30.0,48.846450000000004,44.00456907,30.0
landsat,2010-05-27,172/025,172,landsat-5,32.0,50.25763,44.603959405,32.0
landsat,2010-05-26,173/028,173,landsat-7,23.0,46.02123,41.43738337,23.0
landsat,2010-05-26,173/027,173,landsat-7,74.0,47.442385,41.965073610000005,74.0
landsat,2010-05-26,173/026,173,landsat-7,74.0,48.85772,42.47771913,74.0
landsat,2010-05-26,173/025,173,landsat-7,66.0,50.27518,43.052454455,66.0
landsat,2010-05-24,175/028,175,landsat-7,54.0,46.023065,38.295103455,69.0
landsat,2010-05-18,173/028,173,landsat-5,4.0,46.01402,41.405663355,4.0
landsat,2010-05-18,173/027,173,landsat-5,19.0,47.431039999999996,41.942288610000006,19.0
landsat,2010-05-18,173/026,173,landsat-5,87.0,48.84366,42.438034115,87.0
landsat,2010-05-18,173/025,173,landsat-5,60.0,50.2643,43.028084455,60.0
landsat,2010-05-17,174/026,174,landsat-7,20.0,48.857695,40.98256396,20.0
landsat,2010-05-17,174/025,174,landsat-7,10.0,50.270675,41.58763429,10.0
landsat,2010-05-15,176/028,176,landsat-7,21.0,46.022535000000005,36.725983495,31.0
landsat,2010-05-15,176/027,176,landsat-7,76.0,47.440545,37.274748785,84.0
landsat,2010-05-15,176/026,176,landsat-7,100.0,48.85953,37.835314075,100.0
landsat,2010-05-15,176/025,176,landsat-7,83.0,50.271585,38.446904425,83.0
landsat,2010-05-12,171/028,171,landsat-7,38.0,46.025255,44.466713455000004,38.0
landsat,2010-05-11,172/028,172,landsat-5,100.0,46.017759999999996,42.891258495,100.0
landsat,2010-05-11,172/027,172,landsat-5,87.0,47.433435,43.426323769999996,87.0
landsat,2010-05-11,172/026,172,landsat-5,30.0,48.847735,43.996169075,30.0
landsat,2010-05-11,172/025,172,landsat-5,3.0,50.26567,44.597444405000005,3.0
landsat,2010-05-10,173/026,173,landsat-7,12.0,48.85736,42.45936913,12.0
landsat,2010-05-10,173/025,173,landsat-7,29.0,50.274915,43.03562946,29.0
landsat,2010-05-08,175/028,175,landsat-7,7.0,46.02032,38.287213464999994,6.0
landsat,2010-05-08,175/027,175,landsat-7,34.0,47.44159,38.822988730000006,34.0
landsat,2010-05-08,175/026,175,landsat-7,4.0,48.857625,39.410159039999996,4.0
landsat,2010-05-08,175/025,175,landsat-7,16.0,50.27465,39.996314350000006,16.0
landsat,2010-05-07,176/028,176,landsat-5,5.0,46.017635,36.739968505,4.0
landsat,2010-05-07,176/027,176,landsat-5,1.0,47.43273,37.27537378,1.0
landsat,2010-05-07,176/026,176,landsat-5,4.0,48.843469999999996,37.82109407,4.0
landsat,2010-05-07,176/025,176,landsat-5,5.0,50.2515,38.4214094,5.0
landsat,2010-05-06,177/025,177,landsat-7,16.0,50.269189999999995,36.85668948,16.0
landsat,2010-05-05,170/028,170,landsat-7,21.0,46.022455,46.024843405,21.0
landsat,2010-05-04,171/028,171,landsat-5,33.0,46.020075000000006,44.46084845,33.0
landsat,2010-05-04,171/027,171,landsat-5,24.0,47.425754999999995,45.00337872,24.0
landsat,2010-05-04,171/026,171,landsat-5,13.0,48.8465,45.580984015,13.0
landsat,2010-05-04,171/025,171,landsat-5,1.0,50.25721,46.180614335,1.0
landsat,2010-05-03,172/027,172,landsat-7,46.0,47.44255,43.422048765,46.0
landsat,2010-05-03,172/026,172,landsat-7,5.0,48.858335,44.008424090000005,5.0
landsat,2010-05-03,172/025,172,landsat-7,1.0,50.268145000000004,44.60599442,1.0
landsat,2010-05-02,173/028,173,landsat-5,53.0,46.007459999999995,41.39376835,53.0
landsat,2010-05-02,173/027,173,landsat-5,9.0,47.42452,41.931958605,9.0
landsat,2010-05-02,173/026,173,landsat-5,0.0,48.83676,42.432274109999994,0.0
landsat,2010-05-02,173/025,173,landsat-5,0.0,50.256085,43.022074455,0.0
landsat,2010-05-01,174/028,174,landsat-7,1.0,46.02107,39.845443425,1.0
landsat,2010-05-01,174/027,174,landsat-7,3.0,47.442625,40.38337868,3.0
landsat,2010-05-01,174/026,174,landsat-7,23.0,48.859315,40.966403975,23.0
landsat,2010-05-01,174/025,174,landsat-7,41.0,50.270025000000004,41.555929285,41.0
landsat,2010-04-30,175/028,175,landsat-5,2.0,46.047520000000006,38.28688346,3.0
landsat,2010-04-30,175/027,175,landsat-5,28.0,47.46209,38.833058730000005,32.0
landsat,2010-04-30,175/026,175,landsat-5,68.0,48.883520000000004,39.40826403,68.0
landsat,2010-04-30,175/025,175,landsat-5,78.0,50.29502,40.00963935,78.0
landsat,2010-04-29,176/028,176,landsat-7,4.0,46.02471,36.6987585,7.0
landsat,2010-04-29,176/027,176,landsat-7,12.0,47.441495,37.246818790000006,11.0
landsat,2010-04-29,176/026,176,landsat-7,54.0,48.861955,37.806049075,54.0
landsat,2010-04-28,177/025,177,landsat-5,44.0,50.26651,36.84462947,44.0
landsat,2010-04-27,170/028,170,landsat-5,8.0,46.002485,46.016563395000006,8.0
landsat,2010-04-26,171/028,171,landsat-7,48.0,46.02514,44.439103455,48.0
landsat,2010-04-26,171/027,171,landsat-7,19.0,47.44034499999999,44.985138725,19.0
landsat,2010-04-25,172/028,172,landsat-5,1.0,46.010905,42.88953349,1.0
landsat,2010-04-25,172/027,172,landsat-5,0.0,47.42798500000001,43.426498769999995,0.0
landsat,2010-04-25,172/026,172,landsat-5,0.0,48.84906,44.00034407,0.0
landsat,2010-04-25,172/025,172,landsat-5,0.0,50.258905,44.5996644,0.0
landsat,2010-04-24,173/028,173,landsat-7,19.0,46.02104,41.381023354999996,19.0
landsat,2010-04-24,173/027,173,landsat-7,15.0,47.44049,41.933308625,15.0
landsat,2010-04-24,173/026,173,landsat-7,4.0,48.859195,42.420479119999996,4.0
landsat,2010-04-24,173/025,173,landsat-7,2.0,50.273365,43.020844475000004,2.0
landsat,2010-04-23,174/028,174,landsat-5,20.0,46.01994,39.84734341,20.0
landsat,2010-04-23,174/027,174,landsat-5,2.0,47.435955,40.39329867,2.0
landsat,2010-04-23,174/026,174,landsat-5,2.0,48.858185000000006,40.965918959999996,2.0
landsat,2010-04-23,174/025,174,landsat-5,9.0,50.267574999999994,41.553309275000004,9.0
landsat,2010-04-21,176/028,176,landsat-5,100.0,46.014215,36.705248495,100.0
landsat,2010-04-21,176/027,176,landsat-5,100.0,47.42682,37.245718775,100.0
landsat,2010-04-21,176/026,176,landsat-5,99.0,48.846109999999996,37.821029069999994,99.0
landsat,2010-04-21,176/025,176,landsat-5,99.0,50.25686,38.419194405,99.0
landsat,2010-04-19,170/028,170,landsat-7,7.0,46.02265,46.001183405,7.0
landsat,2010-04-18,171/028,171,landsat-5,90.0,46.017285,44.45298845000001,90.0
landsat,2010-04-18,171/027,171,landsat-5,97.0,47.433795,44.99932872,97.0
landsat,2010-04-18,171/026,171,landsat-5,100.0,48.85319,45.581079025,100.0
landsat,2010-04-18,171/025,171,landsat-5,100.0,50.26254,46.180744335,100.0
landsat,2010-04-16,173/028,173,landsat-5,62.0,46.01817,41.398118350000004,62.0
landsat,2010-04-16,173/027,173,landsat-5,64.0,47.432455000000004,41.936458605,64.0
landsat,2010-04-16,173/026,173,landsat-5,77.0,48.851704999999995,42.439644105,77.0
landsat,2010-04-16,173/025,173,landsat-5,39.0,50.258785,43.026189439999996,39.0
landsat,2010-04-15,174/028,174,landsat-7,26.0,46.02131,39.811878414999995,26.0
landsat,2010-04-15,174/027,174,landsat-7,20.0,47.44002,40.375278685,21.0
landsat,2010-04-15,174/026,174,landsat-7,19.0,48.85849,40.93350896,19.0
landsat,2010-04-15,174/025,174,landsat-7,40.0,50.274435,41.53731429,40.0
landsat,2010-04-14,175/028,175,landsat-5,65.0,46.01907,38.267518460000005,78.0
landsat,2010-04-14,175/027,175,landsat-5,82.0,47.435055000000006,38.810853725,82.0
landsat,2010-04-14,175/026,175,landsat-5,35.0,48.84843,39.38503402,35.0
landsat,2010-04-14,175/025,175,landsat-5,28.0,50.266825,39.98971435,28.0
landsat,2010-04-12,177/025,177,landsat-5,14.0,50.261125,36.846944465,14.0
landsat,2010-04-11,170/028,170,landsat-5,88.0,46.015855,46.032588399999995,88.0
landsat,2010-04-09,172/028,172,landsat-5,100.0,46.01637,42.89319349,100.0
landsat,2010-04-09,172/027,172,landsat-5,100.0,47.430685,43.430473770000006,100.0
landsat,2010-04-09,172/026,172,landsat-5,100.0,48.850395000000006,44.002374075,100.0
landsat,2010-04-09,172/025,172,landsat-5,86.0,50.25884,44.5996594,86.0
landsat,2010-04-07,174/028,174,landsat-5,25.0,46.009119999999996,39.843228409999995,25.0
landsat,2010-04-07,174/027,174,landsat-5,59.0,47.423815000000005,40.39098367,59.0
landsat,2010-04-07,174/026,174,landsat-5,31.0,48.844715,40.961358955,31.0
landsat,2010-04-07,174/025,174,landsat-5,9.0,50.25681,41.550654269999995,9.0
landsat,2010-04-06,175/028,175,landsat-7,43.0,46.021345,38.231983459999995,34.0
landsat,2010-04-06,175/027,175,landsat-7,12.0,47.440235,38.792568745,14.0
landsat,2010-04-06,175/026,175,landsat-7,6.0,48.85912,39.355919025000006,6.0
landsat,2010-04-06,175/025,175,landsat-7,0.0,50.27093,39.953234345,0.0
landsat,2010-04-05,176/028,176,landsat-5,11.0,46.0116,36.711143495,3.0
landsat,2010-04-05,176/027,176,landsat-5,6.0,47.42682,37.245718775,7.0
landsat,2010-04-05,176/026,176,landsat-5,22.0,48.847425,37.81679408,22.0
landsat,2010-04-05,176/025,176,landsat-5,39.0,50.25549,38.41489441,39.0
landsat,2010-04-03,170/028,170,landsat-7,8.0,46.02278,45.987378405,8.0
landsat,2010-04-02,171/028,171,landsat-5,67.0,46.03081,44.466658455,67.0
landsat,2010-04-02,171/027,171,landsat-5,61.0,47.454035,45.01554873,61.0
landsat,2010-04-02,171/026,171,landsat-5,75.0,48.865269999999995,45.587464015,75.0
landsat,2010-04-02,171/025,171,landsat-5,33.0,50.28398,46.192039339999994,33.0
landsat,2010-04-01,172/028,172,landsat-7,75.0,46.026245,42.849973495,75.0
landsat,2010-04-01,172/027,172,landsat-7,90.0,47.44073,43.385568770000006,90.0
landsat,2010-03-29,175/028,175,landsat-5,42.0,46.024519999999995,38.28125346,40.0
landsat,2010-03-29,175/027,175,landsat-5,45.0,47.440439999999995,38.829063735,52.0
landsat,2010-03-29,175/026,175,landsat-5,100.0,48.847055,39.393369025,100.0
landsat,2010-03-29,175/025,175,landsat-5,92.0,50.272115,40.002719354999996,92.0
landsat,2010-03-28,176/028,176,landsat-7,1.0,46.021405,36.667893495,1.0
landsat,2010-03-27,177/025,177,landsat-5,8.0,50.27327,36.85055946,8.0
landsat,2010-03-26,170/028,170,landsat-5,0.0,46.02256,46.034713405000005,0.0
landsat,2010-03-25,171/028,171,landsat-7,12.0,46.019675,44.42334846,12.0
landsat,2010-03-25,171/027,171,landsat-7,44.0,47.440355,44.960818724999996,44.0
landsat,2010-03-24,172/028,172,landsat-5,14.0,46.000095,42.88845844,14.0
landsat,2010-03-24,172/027,172,landsat-5,2.0,47.41983999999999,43.430478805,2.0
landsat,2010-03-24,172/026,172,landsat-5,8.0,48.851805,44.01071906999999,8.0
landsat,2010-03-24,172/025,172,landsat-5,1.0,50.25753,44.601809405,1.0
landsat,2010-03-21,175/028,175,landsat-7,22.0,46.022675,38.228038455000004,22.0
landsat,2010-03-21,175/027,175,landsat-7,80.0,47.440225,38.788518745,81.0
landsat,2010-03-18,170/028,170,landsat-7,12.0,46.022814999999994,45.983438405,12.0
landsat,2010-03-17,171/028,171,landsat-5,0.0,46.019999999999996,44.462843445000004,0.0
landsat,2010-03-17,171/027,171,landsat-5,1.0,47.43242,45.009458715,1.0
landsat,2010-03-17,171/026,171,landsat-5,3.0,48.84908,45.587234005,3.0
landsat,2010-03-16,172/028,172,landsat-7,53.0,46.02618,42.848003495,53.0
landsat,2010-03-16,172/027,172,landsat-7,74.0,47.44073,43.385568770000006,74.0
landsat,2010-03-16,172/026,172,landsat-7,91.0,48.855335,43.970934084999996,91.0
landsat,2010-03-15,173/028,173,landsat-5,19.0,46.021995000000004,41.407963345,19.0
landsat,2010-03-15,173/027,173,landsat-5,5.0,47.433505,41.9484086,5.0
landsat,2010-03-15,173/026,173,landsat-5,17.0,48.84379,42.448239105,17.0
landsat,2010-03-13,175/028,175,landsat-5,31.0,46.006955000000005,38.277563455,32.0
landsat,2010-03-13,175/027,175,landsat-5,100.0,47.42698,38.827093725,100.0
landsat,2010-03-13,175/026,175,landsat-5,30.0,48.83628,39.399514010000004,30.0
landsat,2010-03-10,170/028,170,landsat-5,4.0,46.00906500000001,46.034453405,4.0
landsat,2010-03-08,172/028,172,landsat-5,90.0,46.015225,42.90490849,90.0
landsat,2010-03-08,172/027,172,landsat-5,77.0,47.424045,43.436793765,77.0
landsat,2010-03-08,172/026,172,landsat-5,65.0,48.834239999999994,44.00693406,65.0
landsat,2010-03-06,174/028,174,landsat-5,96.0,46.014475,39.85317341,96.0
landsat,2010-03-06,174/027,174,landsat-5,100.0,47.427769999999995,40.40118367,100.0
landsat,2010-03-06,174/026,174,landsat-5,100.0,48.837905,40.96713395,100.0
landsat,2010-03-04,176/028,176,landsat-5,37.0,46.014585,36.724608495,30.0
landsat,2010-03-04,176/027,176,landsat-5,13.0,47.427045,37.25975376,14.0
landsat,2010-03-04,176/026,176,landsat-5,6.0,48.83675,37.829629065,6.0
landsat,2010-03-02,170/028,170,landsat-7,68.0,46.021345,45.99926342,68.0
landsat,2010-03-01,171/028,171,landsat-5,52.0,46.013284999999996,44.464873445,52.0
landsat,2010-03-01,171/027,171,landsat-5,51.0,47.424355,45.015533715000004,51.0
landsat,2010-03-01,171/026,171,landsat-5,5.0,48.834265,45.58915901,5.0
landsat,2010-02-28,172/027,172,landsat-7,36.0,47.443479999999994,43.38953877,36.0
landsat,2010-02-28,172/026,172,landsat-7,2.0,48.858064999999996,43.97505409,2.0
landsat,2010-02-27,173/028,173,landsat-5,72.0,46.008415,41.413143345,72.0
landsat,2010-02-27,173/027,173,landsat-5,50.0,47.430585,41.9581486,50.0
landsat,2010-02-27,173/026,173,landsat-5,58.0,48.838645,42.458764105,58.0
landsat,2010-02-26,174/028,174,landsat-7,71.0,46.021265,39.819813425,71.0
landsat,2010-02-26,174/027,174,landsat-7,100.0,47.44294,40.355018675,100.0
landsat,2010-02-26,174/026,174,landsat-7,100.0,48.855925,40.92522896,100.0
landsat,2010-02-25,175/028,175,landsat-5,37.0,46.009735000000006,38.287388455,20.0
landsat,2010-02-25,175/027,175,landsat-5,77.0,47.422965000000005,38.833188719999995,75.0
landsat,2010-02-25,175/026,175,landsat-5,87.0,48.832205,39.407809005,87.0
landsat,2010-02-23,177/025,177,landsat-5,1.0,50.265525,36.86371446,1.0
landsat,2010-02-22,170/028,170,landsat-5,100.0,46.014475000000004,46.038503405,100.0
landsat,2010-02-20,172/028,172,landsat-5,76.0,46.01933,42.906678494999994,76.0
landsat,2010-02-20,172/027,172,landsat-5,65.0,47.43084,43.43654377,65.0
landsat,2010-02-20,172/026,172,landsat-5,100.0,48.845075,44.008744074999996,100.0
landsat,2010-02-20,172/025,172,landsat-5,100.0,50.263014999999996,44.610354404999995,100.0
landsat,2010-02-18,174/028,174,landsat-5,90.0,46.025255,39.85926341,90.0
landsat,2010-02-18,174/027,174,landsat-5,85.0,47.442565,40.407708674999995,86.0
landsat,2010-02-18,174/026,174,landsat-5,90.0,48.852720000000005,40.97179396,90.0
landsat,2010-02-18,174/025,174,landsat-5,73.0,50.26729,41.567989275,73.0
landsat,2010-02-17,175/028,175,landsat-7,72.0,46.020025000000004,38.235963455000004,83.0
landsat,2010-02-16,176/028,176,landsat-5,86.0,46.020105,36.728318494999996,73.0
landsat,2010-02-16,176/027,176,landsat-5,100.0,47.432445,37.25752877,100.0
landsat,2010-02-16,176/026,176,landsat-5,37.0,48.84621,37.825129085,37.0
landsat,2010-02-16,176/025,176,landsat-5,46.0,50.25694,38.423454415,46.0
landsat,2010-02-13,171/028,171,landsat-5,100.0,46.014705,44.46878845,100.0
landsat,2010-02-13,171/027,171,landsat-5,42.0,47.431160000000006,45.01959372,42.0
landsat,2010-02-13,171/026,171,landsat-5,0.0,48.8451,45.593459010000004,0.0
landsat,2010-02-13,171/025,171,landsat-5,0.0,50.25439,46.193424335,0.0
landsat,2010-02-12,172/026,172,landsat-7,0.0,48.858019999999996,43.973024075,0.0
landsat,2010-02-11,173/028,173,landsat-5,38.0,46.01251,41.41330335,38.0
landsat,2010-02-11,173/027,173,landsat-5,10.0,47.437375,41.958518605,10.0
landsat,2010-02-11,173/026,173,landsat-5,3.0,48.850759999999994,42.456079115,3.0
landsat,2010-02-11,173/025,173,landsat-5,3.0,50.26181,43.042879455000005,3.0
landsat,2010-02-09,175/028,175,landsat-5,100.0,46.01515,38.285338455,100.0
landsat,2010-02-09,175/027,175,landsat-5,100.0,47.431115000000005,38.83315373,100.0
landsat,2010-02-09,175/026,175,landsat-5,100.0,48.84445,39.401694025,100.0
landsat,2010-02-09,175/025,175,landsat-5,100.0,50.264055,40.00683935,100.0
landsat,2010-02-07,177/025,177,landsat-5,12.0,50.262905,36.86803946,12.0
landsat,2010-02-05,171/027,171,landsat-7,0.0,47.44035,44.981088725,0.0
landsat,2010-02-05,171/026,171,landsat-7,0.0,48.855745,45.566539035000005,0.0
landsat,2010-02-04,172/028,172,landsat-5,100.0,46.01938,42.906743495,100.0
landsat,2010-02-04,172/027,172,landsat-5,100.0,47.4255,43.43873377,100.0
landsat,2010-02-04,172/026,172,landsat-5,100.0,48.847865,44.012854075,100.0
landsat,2010-02-04,172/025,172,landsat-5,25.0,50.261725,44.6211194,25.0
landsat,2010-02-02,174/028,174,landsat-5,93.0,46.013149999999996,39.857118415,93.0
landsat,2010-02-02,174/027,174,landsat-5,70.0,47.42918,40.403288675,69.0
landsat,2010-02-02,174/026,174,landsat-5,100.0,48.852715,40.97380396,100.0
landsat,2010-02-02,174/025,174,landsat-5,100.0,50.264669999999995,41.565694269999995,100.0
landsat,2010-01-31,176/028,176,landsat-5,50.0,46.012005,36.726753495,35.0
landsat,2010-01-31,176/027,176,landsat-5,81.0,47.428455,37.259648775,83.0
landsat,2010-01-31,176/026,176,landsat-5,97.0,48.850345000000004,37.83131908,97.0
landsat,2010-01-31,176/025,176,landsat-5,84.0,50.261015,38.432014415,84.0
landsat,2010-01-28,171/028,171,landsat-5,100.0,46.014755,44.47470345,100.0
landsat,2010-01-28,171/027,171,landsat-5,100.0,47.431160000000006,45.01959372,100.0
landsat,2010-01-28,171/026,171,landsat-5,25.0,48.8451,45.593459010000004,25.0
landsat,2010-01-28,171/025,171,landsat-5,28.0,50.255750000000006,46.195574324999995,28.0
landsat,2010-01-27,172/028,172,landsat-7,8.0,46.017495,42.888953505,8.0
landsat,2010-01-26,173/028,173,landsat-5,32.0,46.01505,41.42116835,32.0
landsat,2010-01-26,173/027,173,landsat-5,100.0,47.429195,41.962028605,100.0
landsat,2010-01-26,173/026,173,landsat-5,69.0,48.84283,42.46266411,69.0
landsat,2010-01-26,173/025,173,landsat-5,100.0,50.2606,43.051399450000005,100.0
landsat,2010-01-24,175/028,175,landsat-5,60.0,46.01249,38.287343455,70.0
landsat,2010-01-24,175/027,175,landsat-5,21.0,47.42839,38.83518873,21.0
landsat,2010-01-24,175/026,175,landsat-5,55.0,48.841705,39.407924025,55.0
landsat,2010-01-24,175/025,175,landsat-5,6.0,50.259955,40.01746434499999,6.0
landsat,2010-01-23,176/026,176,landsat-7,39.0,48.85655,37.808274075,39.0
landsat,2010-01-22,177/025,177,landsat-5,21.0,50.256240000000005,36.872614455000004,21.0
landsat,2010-01-21,170/028,170,landsat-5,39.0,46.011755,46.044368405,39.0
landsat,2010-01-19,172/028,172,landsat-5,100.0,46.015335,42.906853495,100.0
landsat,2010-01-19,172/027,172,landsat-5,22.0,47.430994999999996,43.44878376,22.0
landsat,2010-01-19,172/026,172,landsat-5,3.0,48.842524999999995,44.023444065,3.0
landsat,2010-01-19,172/025,172,landsat-5,1.0,50.25226,44.623359390000005,1.0
landsat,2010-01-18,173/028,173,landsat-7,79.0,46.020665,41.398478350000005,79.0
landsat,2010-01-18,173/027,173,landsat-7,37.0,47.43867,41.951098619999996,37.0
landsat,2010-01-18,173/026,173,landsat-7,0.0,48.85685,42.43696412,0.0
landsat,2010-01-17,174/028,174,landsat-5,42.0,46.01581,39.866978405,42.0
landsat,2010-01-17,174/027,174,landsat-5,4.0,47.43034,40.417463670000004,4.0
landsat,2010-01-17,174/026,174,landsat-5,0.0,48.841735,40.983523950000006,0.0
landsat,2010-01-17,174/025,174,landsat-5,0.0,50.25093,41.57746426,0.0
landsat,2010-01-15,176/028,176,landsat-5,94.0,46.014775,36.730513495,92.0
landsat,2010-01-15,176/027,176,landsat-5,26.0,47.428515000000004,37.265668765,30.0
landsat,2010-01-15,176/026,176,landsat-5,39.0,48.839595,37.835814065,39.0
landsat,2010-01-15,176/025,176,landsat-5,66.0,50.246205,38.4365094,66.0
landsat,2010-01-12,171/028,171,landsat-5,100.0,46.016085,44.476673445,100.0
landsat,2010-01-12,171/027,171,landsat-5,84.0,47.42172,45.01958872,84.0
landsat,2010-01-12,171/026,171,landsat-5,56.0,48.842420000000004,45.59551401,56.0
landsat,2011-12-30,174/028,174,landsat-7,32.0,46.022365,39.84540341,32.0
landsat,2011-12-30,174/027,174,landsat-7,34.0,47.4396,40.407683685,33.0
landsat,2011-12-30,174/026,174,landsat-7,53.0,48.859255000000005,40.966383965,53.0
landsat,2011-12-28,176/028,176,landsat-7,69.0,46.021074999999996,36.72388351,72.0
landsat,2011-12-28,176/027,176,landsat-7,32.0,47.442840000000004,37.250813775,32.0
landsat,2011-12-28,176/026,176,landsat-7,27.0,48.858075,37.83317409,27.0
landsat,2011-12-25,171/028,171,landsat-7,61.0,46.022535000000005,44.47460346,61.0
landsat,2011-12-25,171/027,171,landsat-7,57.0,47.437595,45.021623735000006,57.0
landsat,2011-12-25,171/026,171,landsat-7,71.0,48.85692,45.58526902,71.0
landsat,2011-12-23,173/028,173,landsat-7,100.0,46.02306,41.412183354999996,100.0
landsat,2011-12-23,173/027,173,landsat-7,94.0,47.440915000000004,41.967213625,94.0
landsat,2011-12-23,173/026,173,landsat-7,98.0,48.85991,42.45516912,98.0
landsat,2011-12-16,172/028,172,landsat-7,81.0,46.023520000000005,42.927413509999994,81.0
landsat,2011-12-14,174/028,174,landsat-7,95.0,46.022104999999996,39.886858415000006,95.0
landsat,2011-12-14,174/027,174,landsat-7,78.0,47.43793,40.43604369,78.0
landsat,2011-12-14,174/026,174,landsat-7,80.0,48.857435,40.994898965,80.0
landsat,2011-12-14,174/025,174,landsat-7,88.0,50.270415,41.59818928999999,88.0
landsat,2011-12-12,176/028,176,landsat-7,1.0,46.020070000000004,36.739623495000004,3.0
landsat,2011-12-12,176/027,176,landsat-7,33.0,47.43802,37.288723785,38.0
landsat,2011-12-12,176/026,176,landsat-7,97.0,48.858275,37.85200408,97.0
landsat,2011-12-12,176/025,176,landsat-7,100.0,50.27027,38.461949430000004,100.0
landsat,2011-12-05,175/028,175,landsat-7,9.0,46.021654999999996,38.29510346,4.0
landsat,2011-11-30,172/028,172,landsat-7,86.0,46.018055000000004,42.923743505000004,86.0
landsat,2011-11-30,172/027,172,landsat-7,98.0,47.43886,43.45456377,98.0
landsat,2011-11-30,172/026,172,landsat-7,100.0,48.855795,44.03767909,100.0
landsat,2011-11-30,172/025,172,landsat-7,100.0,50.266785,44.638234425,100.0
landsat,2011-11-28,174/028,174,landsat-7,62.0,46.02081,39.87896842,62.0
landsat,2011-11-28,174/027,174,landsat-7,97.0,47.442205,40.415788675,97.0
landsat,2011-11-23,171/027,171,landsat-7,28.0,47.441675000000004,45.027703720000005,28.0
landsat,2011-11-23,171/026,171,landsat-7,11.0,48.85556,45.601954025,11.0
landsat,2011-11-23,171/025,171,landsat-7,56.0,50.268715,46.215374355,56.0
landsat,2011-11-21,173/028,173,landsat-7,83.0,46.02281,41.425703354999996,83.0
landsat,2011-11-21,173/027,173,landsat-7,49.0,47.440690000000004,41.977108625,49.0
landsat,2011-11-21,173/026,173,landsat-7,7.0,48.86017,42.467429120000006,7.0
landsat,2011-11-21,173/025,173,landsat-7,29.0,50.271145,43.054639465,29.0
landsat,2011-11-14,172/028,172,landsat-7,87.0,46.023655,42.935158505000004,87.0
landsat,2011-11-14,172/027,172,landsat-7,100.0,47.444405,43.464528775000005,100.0
landsat,2011-11-14,172/026,172,landsat-7,100.0,48.85716,44.035649074999995,100.0
landsat,2011-11-14,172/025,172,landsat-7,100.0,50.26954,44.648959425,100.0
landsat,2011-11-12,174/028,174,landsat-7,89.0,46.02081,39.87892341,89.0
landsat,2011-11-12,174/027,174,landsat-7,97.0,47.440574999999995,40.44017369,98.0
landsat,2011-11-12,174/026,174,landsat-7,100.0,48.85319,41.009143975,100.0
landsat,2011-11-12,174/025,174,landsat-7,100.0,50.27194,41.589694275,100.0
landsat,2011-11-07,171/028,171,landsat-7,1.0,46.022625,44.49830345,1.0
landsat,2011-11-07,171/027,171,landsat-7,0.0,47.43898,45.04796872,0.0
landsat,2011-11-07,171/026,171,landsat-7,1.0,48.855425,45.631179035,1.0
landsat,2011-11-07,171/025,171,landsat-7,1.0,50.272675,46.22396434,1.0
landsat,2011-11-06,172/028,172,landsat-5,12.0,46.019275,42.906608495,12.0
landsat,2011-11-06,172/027,172,landsat-5,9.0,47.434830000000005,43.438493765000004,9.0
landsat,2011-11-06,172/026,172,landsat-5,6.0,48.84772,44.008744065,6.0
landsat,2011-11-06,172/025,172,landsat-5,20.0,50.265609999999995,44.608184405,20.0
landsat,2011-11-05,173/028,173,landsat-7,91.0,46.025045,41.447153355,91.0
landsat,2011-11-05,173/027,173,landsat-7,68.0,47.44173,41.988978605,68.0
landsat,2011-11-05,173/026,173,landsat-7,4.0,48.856815,42.500174135,4.0
landsat,2011-11-05,173/025,173,landsat-7,1.0,50.272825,43.075669455,1.0
landsat,2011-11-04,174/028,174,landsat-5,91.0,46.01445,39.84922841,91.0
landsat,2011-11-04,174/027,174,landsat-5,100.0,47.429159999999996,40.39314867,100.0
landsat,2011-11-04,174/026,174,landsat-5,100.0,48.85011,40.96157896,100.0
landsat,2011-11-04,174/025,174,landsat-5,100.0,50.260795,41.550899265,100.0
landsat,2011-11-03,175/028,175,landsat-7,82.0,46.020495,38.324723455,81.0
landsat,2011-11-03,175/027,175,landsat-7,79.0,47.43488,38.871653725,77.0
landsat,2011-11-03,175/026,175,landsat-7,98.0,48.85205,39.458079035,98.0
landsat,2011-11-02,176/028,176,landsat-5,93.0,46.015725,36.7148035,99.0
landsat,2011-11-02,176/027,176,landsat-5,89.0,47.43087,37.24748878,88.0
landsat,2011-11-02,176/026,176,landsat-5,81.0,48.84198,37.814844074999996,81.0
landsat,2011-11-02,176/025,176,landsat-5,94.0,50.260845,38.412679409999996,94.0
landsat,2011-10-29,172/028,172,landsat-7,89.0,46.02122,42.950753505,89.0
landsat,2011-10-29,172/027,172,landsat-7,100.0,47.44191,43.480818775,100.0
landsat,2011-10-29,172/026,172,landsat-7,100.0,48.855935,44.05232908,100.0
landsat,2011-10-29,172/025,172,landsat-7,95.0,50.26958,44.666149425,95.0
landsat,2011-10-28,173/028,173,landsat-5,33.0,46.0232,41.413903355,33.0
landsat,2011-10-28,173/027,173,landsat-5,100.0,47.441695,41.944983609999994,100.0
landsat,2011-10-28,173/026,173,landsat-5,100.0,48.854415,42.44140912,100.0
landsat,2011-10-28,173/025,173,landsat-5,100.0,50.273555,43.025319465,100.0
landsat,2011-10-27,174/028,174,landsat-7,0.0,46.02478,39.890803410000004,0.0
landsat,2011-10-27,174/027,174,landsat-7,5.0,47.439275,40.437998675,5.0
landsat,2011-10-27,174/026,174,landsat-7,84.0,48.85568,41.021508975,84.0
landsat,2011-10-27,174/025,174,landsat-7,90.0,50.27436,41.602459275,90.0
landsat,2011-10-25,176/028,176,landsat-7,61.0,46.02029,36.751238494999996,51.0
landsat,2011-10-25,176/027,176,landsat-7,41.0,47.439535,37.30056879,42.0
landsat,2011-10-25,176/026,176,landsat-7,95.0,48.85308,37.87083409,95.0
landsat,2011-10-25,176/025,176,landsat-7,97.0,50.26892,38.46201441,97.0
landsat,2011-10-22,171/028,171,landsat-7,33.0,46.018625,44.504223464999995,33.0
landsat,2011-10-22,171/027,171,landsat-7,28.0,47.43493,45.052018735000004,28.0
landsat,2011-10-22,171/026,171,landsat-7,57.0,48.854155,45.61442902,57.0
landsat,2011-10-22,171/025,171,landsat-7,72.0,50.268605,46.230409355,72.0
landsat,2011-10-17,176/028,176,landsat-5,100.0,46.010414999999995,36.7208035,100.0
landsat,2011-10-17,176/027,176,landsat-5,78.0,47.43232999999999,37.255438775,74.0
landsat,2011-10-17,176/026,176,landsat-5,39.0,48.84341,37.823184069999996,39.0
landsat,2011-10-17,176/025,176,landsat-5,57.0,50.262205,38.4234244,57.0
landsat,2011-10-16,177/025,177,landsat-7,47.0,50.26963,36.88409947,47.0
landsat,2011-10-14,171/029,171,landsat-5,75.0,44.64019,43.96639821,75.0
landsat,2011-10-14,171/028,171,landsat-5,64.0,46.056545,44.490098455,64.0
landsat,2011-10-14,171/027,171,landsat-5,18.0,47.471525,45.035828725,18.0
landsat,2011-10-14,171/026,171,landsat-5,0.0,48.885385,45.606469015,0.0
landsat,2011-10-14,171/025,171,landsat-5,13.0,50.30534,46.211944345,13.0
landsat,2011-10-11,174/028,174,landsat-7,47.0,46.02212,39.888783405,47.0
landsat,2011-10-11,174/027,174,landsat-7,60.0,47.43793,40.43791867,60.0
landsat,2011-10-11,174/026,174,landsat-7,61.0,48.855684999999994,41.019503975,61.0
landsat,2011-10-11,174/025,174,landsat-7,86.0,50.271665,41.60230927,86.0
landsat,2011-10-10,175/028,175,landsat-5,100.0,46.016495000000006,38.29911346,100.0
landsat,2011-10-10,175/027,175,landsat-5,100.0,47.43101,38.841263729999994,100.0
landsat,2011-10-10,175/026,175,landsat-5,56.0,48.84431,39.410029025,56.0
landsat,2011-10-10,175/025,175,landsat-5,100.0,50.26396,40.01113435,100.0
landsat,2011-10-09,176/028,176,landsat-7,69.0,46.020224999999996,36.749273495,57.0
landsat,2011-10-09,176/027,176,landsat-7,32.0,47.43948,37.29658879,34.0
landsat,2011-10-09,176/026,176,landsat-7,25.0,48.85701,37.858324075,25.0
landsat,2011-10-09,176/025,176,landsat-7,33.0,50.270275,38.472694430000004,33.0
landsat,2011-10-08,177/025,177,landsat-5,0.0,50.268384999999995,36.87818946,0.0
landsat,2011-10-07,170/028,170,landsat-5,9.0,46.015865,46.02459838,9.0
landsat,2011-10-06,171/028,171,landsat-7,74.0,46.02126,44.494333465,74.0
landsat,2011-10-06,171/027,171,landsat-7,81.0,47.4349,45.041888735,81.0
landsat,2011-10-06,171/026,171,landsat-7,59.0,48.85419,45.60609402,59.0
landsat,2011-10-06,171/025,171,landsat-7,13.0,50.268675,46.21966935499999,13.0
landsat,2011-10-04,173/028,173,landsat-7,100.0,46.02766,41.385373365,100.0
landsat,2011-10-04,173/027,173,landsat-7,89.0,47.44901,41.913783609999996,89.0
landsat,2011-10-04,173/026,173,landsat-7,57.0,48.861639999999994,42.41008412,57.0
landsat,2011-10-04,173/025,173,landsat-7,31.0,50.27579,43.008019475,31.0
landsat,2011-10-03,174/028,174,landsat-5,84.0,46.014129999999994,39.898518405000004,84.0
landsat,2011-10-03,174/027,174,landsat-5,97.0,47.435675,40.41557867,97.0
landsat,2011-10-03,174/026,174,landsat-5,100.0,48.84525,41.012413955,100.0
landsat,2011-10-03,174/025,174,landsat-5,100.0,50.26509,41.603719264999995,100.0
landsat,2011-10-02,175/028,175,landsat-7,37.0,46.024155,38.25952847,47.0
landsat,2011-10-01,176/028,176,landsat-5,72.0,46.00786,36.726753495,56.0
landsat,2011-10-01,176/027,176,landsat-5,86.0,47.4243,37.25969377,87.0
landsat,2011-10-01,176/026,176,landsat-5,100.0,48.844885,37.833544079999996,100.0
landsat,2011-10-01,176/025,176,landsat-5,100.0,50.25687,38.429904415,100.0
landsat,2011-09-30,177/025,177,landsat-7,81.0,50.27541,36.82915446,81.0
landsat,2011-09-29,170/028,170,landsat-7,26.0,46.025115,46.026918415,26.0
landsat,2011-09-28,171/028,171,landsat-5,0.0,46.005185,44.470873445,0.0
landsat,2011-09-28,171/027,171,landsat-5,5.0,47.41893,45.017563715,5.0
landsat,2011-09-28,171/026,171,landsat-5,6.0,48.838275,45.591274005,6.0
landsat,2011-09-27,172/028,172,landsat-7,0.0,46.025465,42.884863485,0.0
landsat,2011-09-27,172/027,172,landsat-7,21.0,47.444,43.43201878,21.0
landsat,2011-09-27,172/026,172,landsat-7,84.0,48.86223,43.993824075000006,84.0
landsat,2011-09-27,172/025,172,landsat-7,63.0,50.273399999999995,44.590929405,63.0
landsat,2011-09-26,173/028,173,landsat-5,6.0,46.02047,41.41759835,6.0
landsat,2011-09-26,173/027,173,landsat-5,44.0,47.43473,41.954453605,44.0
landsat,2011-09-26,173/026,173,landsat-5,73.0,48.849270000000004,42.451939115,73.0
landsat,2011-09-26,173/025,173,landsat-5,95.0,50.26842,43.03618946500001,95.0
landsat,2011-09-25,174/028,174,landsat-7,5.0,46.0264,39.851448425,5.0
landsat,2011-09-25,174/027,174,landsat-7,8.0,47.447919999999996,40.38757368,9.0
landsat,2011-09-25,174/026,174,landsat-7,25.0,48.860794999999996,40.956138960000004,25.0
landsat,2011-09-25,174/025,174,landsat-7,47.0,50.274005,41.556279294999996,47.0
landsat,2011-09-24,175/028,175,landsat-5,1.0,46.011005,38.27748846,1.0
landsat,2011-09-24,175/027,175,landsat-5,3.0,47.425625,38.82303873,4.0
landsat,2011-09-24,175/026,175,landsat-5,34.0,48.84843,39.39545402,34.0
landsat,2011-09-24,175/025,175,landsat-5,51.0,50.26028,39.983104345,51.0
landsat,2011-09-22,177/025,177,landsat-5,2.0,50.21613,36.815099495,2.0
landsat,2011-09-21,170/028,170,landsat-5,0.0,46.003555,45.874733415,0.0
landsat,2011-09-20,171/028,171,landsat-7,0.0,46.026520000000005,44.452908449999995,0.0
landsat,2011-09-20,171/027,171,landsat-7,2.0,47.441635000000005,44.99730372,2.0
landsat,2011-09-20,171/026,171,landsat-7,7.0,48.85835,45.581169035,7.0
landsat,2011-09-20,171/025,171,landsat-7,12.0,50.275850000000005,46.17032934,12.0
landsat,2011-09-19,172/028,172,landsat-5,1.0,46.016435,42.897068489999995,1.0
landsat,2011-09-19,172/027,172,landsat-5,0.0,47.432085,43.432493765000004,0.0
landsat,2011-09-19,172/026,172,landsat-5,2.0,48.84635,44.002484069999994,2.0
landsat,2011-09-19,172/025,172,landsat-5,7.0,50.265635,44.606034405,7.0
landsat,2011-09-18,173/028,173,landsat-7,0.0,46.024415000000005,41.412363365000004,0.0
landsat,2011-09-18,173/027,173,landsat-7,0.0,47.445625,41.941448605000005,0.0
landsat,2011-09-18,173/026,173,landsat-7,2.0,48.86252,42.45084913,2.0
landsat,2011-09-18,173/025,173,landsat-7,39.0,50.27876,43.024839465,39.0
landsat,2011-09-17,174/028,174,landsat-5,4.0,46.01183,39.84524341,4.0
landsat,2011-09-17,174/027,174,landsat-5,7.0,47.427915,40.391058665,7.0
landsat,2011-09-17,174/026,174,landsat-5,19.0,48.85293,40.957528960000005,19.0
landsat,2011-09-17,174/025,174,landsat-5,22.0,50.26362,41.54882927,22.0
landsat,2011-09-16,175/028,175,landsat-7,5.0,46.027015,38.287103470000005,0.0
landsat,2011-09-16,175/027,175,landsat-7,28.0,47.44157,38.83311374,31.0
landsat,2011-09-16,175/026,175,landsat-7,67.0,48.86168,39.395564025,67.0
landsat,2011-09-16,175/025,175,landsat-7,26.0,50.27449,40.009264365,26.0
landsat,2011-09-15,176/028,176,landsat-5,29.0,46.017125,36.714848495,52.0
landsat,2011-09-15,176/027,176,landsat-5,24.0,47.43497,37.245508775000005,21.0
landsat,2011-09-15,176/026,176,landsat-5,73.0,48.848745,37.810539075,73.0
landsat,2011-09-15,176/025,176,landsat-5,22.0,50.269014999999996,38.410424410000005,22.0
landsat,2011-09-14,177/025,177,landsat-7,9.0,50.276015,36.864654485,9.0
landsat,2011-09-13,170/028,170,landsat-7,16.0,46.027715,46.038753400000004,16.0
landsat,2011-09-12,171/028,171,landsat-5,27.0,46.020005,44.45098345,27.0
landsat,2011-09-12,171/027,171,landsat-5,14.0,47.43655,44.99527372,14.0
landsat,2011-09-12,171/026,171,landsat-5,89.0,48.851969999999994,45.56436902,89.0
landsat,2011-09-12,171/025,171,landsat-5,86.0,50.264145,46.159344345,86.0
landsat,2011-09-11,172/028,172,landsat-7,46.0,46.02574,42.900358485,46.0
landsat,2011-09-11,172/027,172,landsat-7,63.0,47.44421,43.448233785,63.0
landsat,2011-09-11,172/026,172,landsat-7,30.0,48.862314999999995,44.008424075,30.0
landsat,2011-09-11,172/025,172,landsat-7,7.0,50.274834999999996,44.620974430000004,7.0
landsat,2011-09-10,173/028,173,landsat-5,41.0,46.018235000000004,41.396148350000004,41.0
landsat,2011-09-10,173/027,173,landsat-5,26.0,47.433955,41.932543609999996,26.0
landsat,2011-09-10,173/026,173,landsat-5,40.0,48.84747,42.429629115,40.0
landsat,2011-09-10,173/025,173,landsat-5,94.0,50.268145000000004,43.017299460000004,94.0
landsat,2011-09-08,175/028,175,landsat-5,58.0,46.017745,38.271498455,37.0
landsat,2011-09-08,175/027,175,landsat-5,96.0,47.433745,38.81693373,95.0
landsat,2011-09-08,175/026,175,landsat-5,93.0,48.840435,39.37871902,93.0
landsat,2011-09-08,175/025,175,landsat-5,97.0,50.2616,39.97886435,97.0
landsat,2011-09-07,176/028,176,landsat-7,3.0,46.0239,36.72770851,6.0
landsat,2011-09-07,176/027,176,landsat-7,1.0,47.445595,37.252748775,1.0
landsat,2011-09-07,176/026,176,landsat-7,25.0,48.86083,37.833099095,25.0
landsat,2011-09-07,176/025,176,landsat-7,69.0,50.271495,38.431859425,69.0
landsat,2011-09-06,177/025,177,landsat-5,79.0,50.263735,36.838484465,79.0
landsat,2011-09-04,171/028,171,landsat-7,75.0,46.026555,44.46079845,75.0
landsat,2011-09-04,171/027,171,landsat-7,31.0,47.44302,45.019598735,31.0
landsat,2011-09-04,171/026,171,landsat-7,8.0,48.856925000000004,45.59156403,8.0
landsat,2011-09-04,171/025,171,landsat-7,22.0,50.274429999999995,46.18107435,22.0
landsat,2011-09-03,172/028,172,landsat-5,36.0,46.021744999999996,42.88917349,36.0
landsat,2011-09-03,172/027,172,landsat-5,8.0,47.43754,43.422178765,8.0
landsat,2011-09-03,172/026,172,landsat-5,8.0,48.851705,43.989864069999996,8.0
landsat,2011-09-03,172/025,172,landsat-5,55.0,50.262955,44.588869405,55.0
landsat,2011-09-02,173/028,173,landsat-7,1.0,46.027185,41.40844835,1.0
landsat,2011-09-02,173/027,173,landsat-7,9.0,47.44523,41.957433615,9.0
landsat,2011-09-02,173/026,173,landsat-7,4.0,48.85722,42.45520913,4.0
landsat,2011-09-01,174/028,174,landsat-5,46.0,46.016009999999994,39.833498415,46.0
landsat,2011-09-01,174/027,174,landsat-5,92.0,47.432095000000004,40.379053670000005,92.0
landsat,2011-09-01,174/026,174,landsat-5,68.0,48.847795000000005,40.94297396,68.0
landsat,2011-09-01,174/025,174,landsat-5,70.0,50.268,41.53434427,70.0
landsat,2011-08-31,175/028,175,landsat-7,67.0,46.02562,38.279288455,61.0
landsat,2011-08-31,175/027,175,landsat-7,36.0,47.44292,38.837158744999996,37.0
landsat,2011-08-31,175/026,175,landsat-7,7.0,48.861665,39.399729025,7.0
landsat,2011-08-31,175/025,175,landsat-7,1.0,50.273255000000006,39.998409345,1.0
landsat,2011-08-30,176/028,176,landsat-5,0.0,46.017035,36.709073495,0.0
landsat,2011-08-30,176/027,176,landsat-5,1.0,47.432215,37.241628774999995,1.0
landsat,2011-08-30,176/026,176,landsat-5,0.0,48.85553,37.81242408,0.0
landsat,2011-08-30,176/025,176,landsat-5,0.0,50.266325,38.41045941,0.0
landsat,2011-08-29,177/025,177,landsat-7,0.0,50.274735,36.86691448,0.0
landsat,2011-08-27,171/028,171,landsat-5,5.0,46.02002,44.45492845,5.0
landsat,2011-08-27,171/027,171,landsat-5,13.0,47.43655,44.99932872,13.0
landsat,2011-08-27,171/026,171,landsat-5,48.0,48.850584999999995,45.572679015,48.0
landsat,2011-08-27,171/025,171,landsat-5,59.0,50.269385,46.176594335000004,59.0
landsat,2011-08-26,172/028,172,landsat-7,1.0,46.02709,42.90026349,1.0
landsat,2011-08-26,172/027,172,landsat-7,0.0,47.44421,43.448233785,0.0
landsat,2011-08-26,172/026,172,landsat-7,0.0,48.862365,44.010509075,0.0
landsat,2011-08-26,172/025,172,landsat-7,0.0,50.27345,44.608124405,0.0
landsat,2011-08-25,173/028,173,landsat-5,76.0,46.01814,41.40193335,76.0
landsat,2011-08-25,173/027,173,landsat-5,55.0,47.435175,41.938498605,55.0
landsat,2011-08-25,173/026,173,landsat-5,1.0,48.848960000000005,42.433669115,1.0
landsat,2011-08-25,173/025,173,landsat-5,1.0,50.269555,43.019439455,1.0
landsat,2011-08-24,174/028,174,landsat-7,35.0,46.022285,39.86516842,35.0
landsat,2011-08-24,174/027,174,landsat-7,84.0,47.44374,40.40160867,85.0
landsat,2011-08-24,174/026,174,landsat-7,95.0,48.860335,40.98283897,95.0
landsat,2011-08-24,174/025,174,landsat-7,75.0,50.2723,41.572974285,75.0
landsat,2011-08-23,175/028,175,landsat-5,25.0,46.020435,38.265543455,37.0
landsat,2011-08-23,175/027,175,landsat-5,70.0,47.43646,38.81084373,76.0
landsat,2011-08-23,175/026,175,landsat-5,69.0,48.85122,39.38297402,69.0
landsat,2011-08-23,175/025,175,landsat-5,47.0,50.272310000000004,39.985534349999995,47.0
landsat,2011-08-22,176/028,176,landsat-7,21.0,46.023970000000006,36.73157851,41.0
landsat,2011-08-22,176/027,176,landsat-7,75.0,47.444305,37.256808770000006,80.0
landsat,2011-08-22,176/026,176,landsat-7,89.0,48.85952,37.8372741,89.0
landsat,2011-08-22,176/025,176,landsat-7,90.0,50.27687,38.427529414999995,90.0
landsat,2011-08-21,177/025,177,landsat-5,96.0,50.2692,36.842444470000004,96.0
landsat,2011-08-20,170/028,170,landsat-5,26.0,46.030735,46.03092841,26.0
landsat,2011-08-19,171/028,171,landsat-7,49.0,46.0212,44.478553465000005,49.0
landsat,2011-08-19,171/027,171,landsat-7,77.0,47.444370000000006,45.01554372,77.0
landsat,2011-08-19,171/026,171,landsat-7,37.0,48.859625,45.59785403,37.0
landsat,2011-08-18,172/028,172,landsat-5,49.0,46.0299,42.890828490000004,49.0
landsat,2011-08-18,172/027,172,landsat-5,52.0,47.44552,43.423968765,52.0
landsat,2011-08-18,172/026,172,landsat-5,29.0,48.859825,43.993864075000005,29.0
landsat,2011-08-18,172/025,172,landsat-5,3.0,50.27239,44.5887944,3.0
landsat,2011-08-17,173/028,173,landsat-7,16.0,46.02568,41.416173355,16.0
landsat,2011-08-17,173/027,173,landsat-7,9.0,47.44366,41.967298625,9.0
landsat,2011-08-17,173/026,173,landsat-7,9.0,48.862605,42.45503411999999,9.0
landsat,2011-08-17,173/025,173,landsat-7,34.0,50.27357,43.037804455,34.0
landsat,2011-08-16,174/028,174,landsat-5,39.0,46.022625,39.853303409999995,39.0
landsat,2011-08-16,174/027,174,landsat-5,32.0,47.44131,40.39952867,31.0
landsat,2011-08-16,174/026,174,landsat-5,23.0,48.85549,40.965808960000004,23.0
landsat,2011-08-16,174/025,174,landsat-5,50.0,50.26756,41.555369275000004,50.0
landsat,2011-08-15,175/025,175,landsat-7,96.0,50.274550000000005,40.00920935,96.0
landsat,2011-08-13,177/025,177,landsat-7,14.0,50.272185,36.87545448,14.0
landsat,2011-08-11,171/028,171,landsat-5,0.0,46.020075000000006,44.46084845,0.0
landsat,2011-08-11,171/027,171,landsat-5,0.0,47.43517,45.005408725,0.0
landsat,2011-08-11,171/026,171,landsat-5,0.0,48.850565,45.576879025,0.0
landsat,2011-08-11,171/025,171,landsat-5,0.0,50.262640000000005,46.176454335,0.0
landsat,2011-08-10,172/028,172,landsat-7,13.0,46.02345,42.92353851,13.0
landsat,2011-08-10,172/027,172,landsat-7,0.0,47.44426,43.450338775,0.0
landsat,2011-08-10,172/026,172,landsat-7,0.0,48.86122,44.03339909,0.0
landsat,2011-08-10,172/025,172,landsat-7,5.0,50.270845,44.631764419999996,5.0
landsat,2011-08-09,173/028,173,landsat-5,2.0,46.01681,41.400008355,2.0
landsat,2011-08-09,173/027,173,landsat-5,0.0,47.441845,41.94094361,0.0
landsat,2011-08-09,173/026,173,landsat-5,0.0,48.854455,42.439479115,0.0
landsat,2011-08-09,173/025,173,landsat-5,0.0,50.26687,43.023679455,0.0
landsat,2011-08-08,174/028,174,landsat-7,3.0,46.027675,39.865208415,3.0
landsat,2011-08-08,174/027,174,landsat-7,20.0,47.443605000000005,40.41376367,20.0
landsat,2011-08-08,174/026,174,landsat-7,5.0,48.8602,40.993023975,5.0
landsat,2011-08-08,174/025,174,landsat-7,7.0,50.27769,41.57316927,7.0
landsat,2011-08-07,175/028,175,landsat-5,5.0,46.01779,38.279388455,7.0
landsat,2011-08-07,175/027,175,landsat-5,39.0,47.43375,38.82503873,45.0
landsat,2011-08-07,175/026,175,landsat-5,20.0,48.84845,39.397539019999996,20.0
landsat,2011-08-07,175/025,175,landsat-5,11.0,50.269515,39.998364355,11.0
landsat,2011-08-06,176/028,176,landsat-7,22.0,46.02412,36.73932851,39.0
landsat,2011-08-06,176/027,176,landsat-7,5.0,47.44442,37.26476877,6.0
landsat,2011-08-06,176/026,176,landsat-7,14.0,48.860995,37.847699094999996,14.0
landsat,2011-08-06,176/025,176,landsat-7,15.0,50.2702,38.44475443,15.0
landsat,2011-08-02,172/028,172,landsat-5,26.0,46.01643,42.89516349,26.0
landsat,2011-08-02,172/027,172,landsat-5,4.0,47.433435,43.43038377,4.0
landsat,2011-08-02,172/026,172,landsat-5,1.0,48.84501,44.000399075,1.0
landsat,2011-08-02,172/025,172,landsat-5,38.0,50.26566,44.603884405,38.0
landsat,2011-08-01,173/028,173,landsat-7,7.0,46.02543,41.429778365,7.0
landsat,2011-08-01,173/027,173,landsat-7,13.0,47.440965,41.96714862,13.0
landsat,2011-08-01,173/026,173,landsat-7,32.0,48.861255,42.455149115,32.0
landsat,2011-08-01,173/025,173,landsat-7,33.0,50.273844999999994,43.05442448,33.0
landsat,2011-07-31,174/028,174,landsat-5,44.0,46.025245,39.85728841,44.0
landsat,2011-07-31,174/027,174,landsat-5,29.0,47.44126,40.40357867,29.0
landsat,2011-07-31,174/026,174,landsat-5,4.0,48.85542,40.969898959999995,4.0
landsat,2011-07-31,174/025,174,landsat-5,58.0,50.267485,41.557509275,58.0
landsat,2011-07-30,175/028,175,landsat-7,33.0,46.024415000000005,38.300953469999996,33.0
landsat,2011-07-30,175/027,175,landsat-7,63.0,47.440259999999995,38.847303745,61.0
landsat,2011-07-30,175/026,175,landsat-7,8.0,48.858945,39.408054025,8.0
landsat,2011-07-30,175/025,175,landsat-7,12.0,50.27445,40.022154365000006,12.0
landsat,2011-07-29,176/028,176,landsat-5,0.0,46.018485,36.7166535,0.0
landsat,2011-07-29,176/027,176,landsat-5,2.0,47.435024999999996,37.251438775,2.0
landsat,2011-07-29,176/026,176,landsat-5,8.0,48.856905,37.820769075,8.0
landsat,2011-07-29,176/025,176,landsat-5,9.0,50.26899,38.419024410000006,9.0
landsat,2011-07-28,177/025,177,landsat-7,63.0,50.274875,36.873269480000005,63.0
landsat,2011-07-26,171/028,171,landsat-5,13.0,46.01867,44.460843455,13.0
landsat,2011-07-26,171/027,171,landsat-5,14.0,47.435145,45.007438725,14.0
landsat,2011-07-26,171/026,171,landsat-5,26.0,48.84916,45.576844019999996,26.0
landsat,2011-07-26,171/025,171,landsat-5,46.0,50.269279999999995,46.180954345,46.0
landsat,2011-07-25,172/028,172,landsat-7,67.0,46.026015,42.915688509999995,67.0
landsat,2011-07-25,172/027,172,landsat-7,82.0,47.44161,43.454388785,82.0
landsat,2011-07-25,172/026,172,landsat-7,29.0,48.859695,44.014734075,29.0
landsat,2011-07-25,172/025,172,landsat-7,4.0,50.273555,44.62528942,4.0
landsat,2011-07-24,173/028,173,landsat-5,99.0,46.026275,41.39665336,99.0
landsat,2011-07-24,173/027,173,landsat-5,43.0,47.44331,41.935043605000004,43.0
landsat,2011-07-24,173/026,173,landsat-5,7.0,48.85692,42.431089115,7.0
landsat,2011-07-24,173/025,173,landsat-5,0.0,50.27617,43.016874465,0.0
landsat,2011-07-22,175/028,175,landsat-5,55.0,46.019065,38.27540846,64.0
landsat,2011-07-22,175/027,175,landsat-5,84.0,47.43371500000001,38.81895873,87.0
landsat,2011-07-22,175/026,175,landsat-5,96.0,48.85517,39.395524030000004,96.0
landsat,2011-07-22,175/025,175,landsat-5,88.0,50.26679,39.99400935,88.0
landsat,2011-07-21,176/028,176,landsat-7,3.0,46.02517,36.723903495,6.0
landsat,2011-07-20,177/025,177,landsat-5,4.0,50.26787,36.846579475,4.0
landsat,2011-07-19,170/028,170,landsat-5,54.0,46.015919999999994,46.024758410000004,54.0
landsat,2011-07-17,172/028,172,landsat-5,16.0,46.01495,42.889328495,16.0
landsat,2011-07-17,172/027,172,landsat-5,25.0,47.43063,43.42438877,25.0
landsat,2011-07-17,172/026,172,landsat-5,20.0,48.850314999999995,43.996124075,20.0
landsat,2011-07-17,172/025,172,landsat-5,22.0,50.261555,44.59316941,22.0
landsat,2011-07-16,173/028,173,landsat-7,61.0,46.022965,41.417958355,61.0
landsat,2011-07-16,173/027,173,landsat-7,8.0,47.44366,41.967298625,8.0
landsat,2011-07-16,173/026,173,landsat-7,7.0,48.86268,42.45711412,7.0
landsat,2011-07-16,173/025,173,landsat-7,1.0,50.27229,43.039954460000004,1.0
landsat,2011-07-15,174/028,174,landsat-5,4.0,46.018515,39.851283415,4.0
landsat,2011-07-15,174/027,174,landsat-5,15.0,47.434560000000005,40.397353675,15.0
landsat,2011-07-15,174/026,174,landsat-5,1.0,48.847404999999995,40.963473955,1.0
landsat,2011-07-15,174/025,174,landsat-5,0.0,50.2675,41.555449275,0.0
landsat,2011-07-14,175/028,175,landsat-7,25.0,46.02443,38.298978469999994,34.0
landsat,2011-07-14,175/027,175,landsat-7,40.0,47.44433,38.83716373,42.0
landsat,2011-07-14,175/026,175,landsat-7,12.0,48.858945,39.408054025,12.0
landsat,2011-07-14,175/025,175,landsat-7,0.0,50.271755,40.022099365,0.0
landsat,2011-07-13,176/028,176,landsat-5,17.0,46.021045,36.7107035,17.0
landsat,2011-07-13,176/027,176,landsat-5,17.0,47.434855,37.243418775,14.0
landsat,2011-07-13,176/026,176,landsat-5,1.0,48.854119999999995,37.814579075,1.0
landsat,2011-07-13,176/025,176,landsat-5,6.0,50.262195,38.412679405000006,6.0
landsat,2011-07-12,177/025,177,landsat-7,21.0,50.27218,36.87339448,21.0
landsat,2011-07-10,171/028,171,landsat-5,20.0,46.018635,44.458873455,20.0
landsat,2011-07-10,171/027,171,landsat-5,62.0,47.433769999999996,45.00540873,62.0
landsat,2011-07-10,171/026,171,landsat-5,42.0,48.84644,45.574729015,42.0
landsat,2011-07-10,171/025,171,landsat-5,54.0,50.266575,46.178734345,54.0
landsat,2011-07-09,172/028,172,landsat-7,13.0,46.025875,42.908108490000004,13.0
landsat,2011-07-09,172/027,172,landsat-7,7.0,47.44436,43.458363785,7.0
landsat,2011-07-09,172/026,172,landsat-7,18.0,48.85849,44.02927909,18.0
landsat,2011-07-09,172/025,172,landsat-7,13.0,50.274885,44.6167194,13.0
landsat,2011-07-08,173/028,173,landsat-5,53.0,46.01138,41.397923355,53.0
landsat,2011-07-08,173/027,173,landsat-5,46.0,47.43373,41.93859361,46.0
landsat,2011-07-08,173/026,173,landsat-5,4.0,48.847505,42.433539124999996,4.0
landsat,2011-07-08,173/025,173,landsat-5,1.0,50.265465,43.02360446,1.0
landsat,2011-07-07,174/028,174,landsat-7,35.0,46.020880000000005,39.873053424999995,35.0
landsat,2011-07-07,174/027,174,landsat-7,25.0,47.44365,40.40970867,25.0
landsat,2011-07-06,175/028,175,landsat-5,15.0,46.016365,38.27544846,20.0
landsat,2011-07-06,175/027,175,landsat-5,16.0,47.430989999999994,38.82099373,19.0
landsat,2011-07-06,175/026,175,landsat-5,27.0,48.84437,39.389179025000004,27.0
landsat,2011-07-06,175/025,175,landsat-5,14.0,50.26408,39.99179935,14.0
landsat,2011-07-04,177/025,177,landsat-5,28.0,50.26384,36.85094447,28.0
landsat,2011-07-03,170/028,170,landsat-5,100.0,46.017120000000006,46.036583405,100.0
landsat,2011-07-02,171/028,171,landsat-7,10.0,46.026650000000004,44.47854845,10.0
landsat,2011-07-02,171/027,171,landsat-7,7.0,47.441675000000004,45.02364872,7.0
landsat,2011-07-02,171/026,171,landsat-7,25.0,48.85822,45.610364035,25.0
landsat,2011-07-02,171/025,171,landsat-7,26.0,50.27563,46.20040934,26.0
landsat,2011-07-01,172/028,172,landsat-5,12.0,46.02326,42.9025385,12.0
landsat,2011-07-01,172/027,172,landsat-5,38.0,47.43753,43.438328775,38.0
landsat,2011-07-01,172/026,172,landsat-5,94.0,48.858509999999995,44.00846908,94.0
landsat,2011-07-01,172/025,172,landsat-5,33.0,50.269655,44.608139415,33.0
landsat,2011-06-30,173/028,173,landsat-7,40.0,46.0282,41.425943355,40.0
landsat,2011-06-30,173/027,173,landsat-7,56.0,47.442385,41.965073610000005,56.0
landsat,2011-06-30,173/026,173,landsat-7,73.0,48.859055,42.47559914,73.0
landsat,2011-06-30,173/025,173,landsat-7,24.0,50.27512,43.050314459999996,24.0
landsat,2011-06-29,174/028,174,landsat-5,88.0,46.011725,39.85312341,88.0
landsat,2011-06-29,174/027,174,landsat-5,70.0,47.439814999999996,40.405598675,70.0
landsat,2011-06-29,174/026,174,landsat-5,69.0,48.852675000000005,40.96986396,69.0
landsat,2011-06-29,174/025,174,landsat-5,88.0,50.27138,41.56206928,88.0
landsat,2011-06-28,175/028,175,landsat-7,73.0,46.025745,38.297043455,66.0
landsat,2011-06-27,176/028,176,landsat-5,75.0,46.013175000000004,36.7226535,86.0
landsat,2011-06-27,176/027,176,landsat-5,93.0,47.42688,37.253598769999996,93.0
landsat,2011-06-27,176/026,176,landsat-5,99.0,48.847449999999995,37.82305408,99.0
landsat,2011-06-27,176/025,176,landsat-5,100.0,50.258185,38.42130941,100.0
landsat,2011-06-24,171/028,171,landsat-5,72.0,46.013235,44.464848454999995,72.0
landsat,2011-06-24,171/027,171,landsat-5,82.0,47.427025,45.009463725,82.0
landsat,2011-06-24,171/026,171,landsat-5,68.0,48.8491,45.583099020000006,68.0
landsat,2011-06-24,171/025,171,landsat-5,58.0,50.26114,46.18288934,58.0
landsat,2011-06-23,172/028,172,landsat-7,34.0,46.027285,42.909983495,34.0
landsat,2011-06-23,172/027,172,landsat-7,36.0,47.444355,43.460393785,36.0
landsat,2011-06-22,173/028,173,landsat-5,30.0,46.019149999999996,41.413688345,30.0
landsat,2011-06-22,173/027,173,landsat-5,20.0,47.44276,41.954983604999995,20.0
landsat,2011-06-22,173/026,173,landsat-5,43.0,48.854585,42.449579119999996,43.0
landsat,2011-06-22,173/025,173,landsat-5,79.0,50.273755,43.037944465,79.0
landsat,2011-06-21,174/028,174,landsat-7,85.0,46.02223,39.873053420000005,85.0
landsat,2011-06-21,174/027,174,landsat-7,73.0,47.44365,40.40970867,73.0
landsat,2011-06-21,174/026,174,landsat-7,100.0,48.860265,40.98893397,100.0
landsat,2011-06-20,175/028,175,landsat-5,49.0,46.01772,38.281363455000005,45.0
landsat,2011-06-20,175/027,175,landsat-5,88.0,47.433695,38.82503873,90.0
landsat,2011-06-20,175/026,175,landsat-5,86.0,48.845695,39.39751902,86.0
landsat,2011-06-20,175/025,175,landsat-5,55.0,50.265365,40.000389345,55.0
landsat,2011-06-19,176/028,176,landsat-7,57.0,46.022760000000005,36.737518505,81.0
landsat,2011-06-19,176/027,176,landsat-7,31.0,47.44442,37.26281377,29.0
landsat,2011-06-19,176/026,176,landsat-7,0.0,48.85961,37.8435291,0.0
landsat,2011-06-19,176/025,176,landsat-7,4.0,50.276889999999995,38.431824414999994,4.0
landsat,2011-06-18,177/025,177,landsat-5,4.0,50.27341,36.856904459999996,4.0
landsat,2011-06-16,171/028,171,landsat-7,17.0,46.023885,44.46871845,17.0
landsat,2011-06-16,171/027,171,landsat-7,51.0,47.44302,45.027703735,51.0
landsat,2011-06-16,171/026,171,landsat-7,61.0,48.862359999999995,45.589509019999994,61.0
landsat,2011-06-16,171/025,171,landsat-7,52.0,50.273005,46.18959934,52.0
landsat,2011-06-15,172/028,172,landsat-5,81.0,46.017865,42.9027535,81.0
landsat,2011-06-15,172/027,172,landsat-5,41.0,47.43348,43.43849377,41.0
landsat,2011-06-15,172/026,172,landsat-5,28.0,48.854505,44.01065907,28.0
landsat,2011-06-15,172/025,172,landsat-5,11.0,50.26426,44.60818441,11.0
landsat,2011-06-14,173/028,173,landsat-7,35.0,46.026855,41.426003370000004,35.0
landsat,2011-06-14,173/027,173,landsat-7,60.0,47.447995000000006,41.955473605,60.0
landsat,2011-06-14,173/026,173,landsat-7,94.0,48.859895,42.45316412,94.0
landsat,2011-06-14,173/025,173,landsat-7,57.0,50.27384,43.05235948,57.0
landsat,2011-06-13,174/028,174,landsat-5,44.0,46.011695,39.85706841,44.0
landsat,2011-06-13,174/027,174,landsat-5,35.0,47.42772,40.403203669999996,34.0
landsat,2011-06-13,174/026,174,landsat-5,65.0,48.84856,40.97373895,65.0
landsat,2011-06-13,174/025,174,landsat-5,75.0,50.25789,41.563289265,75.0
landsat,2011-06-12,175/028,175,landsat-7,51.0,46.02568,38.285203455,55.0
landsat,2011-06-12,175/027,175,landsat-7,89.0,47.441595,38.831093730000006,88.0
landsat,2011-06-12,175/026,175,landsat-7,65.0,48.857575,39.41641404000001,65.0
landsat,2011-06-12,175/025,175,landsat-7,38.0,50.274535,40.00705435,38.0
landsat,2011-06-10,177/025,177,landsat-7,50.0,50.27189,36.858734465,50.0
landsat,2011-06-08,171/028,171,landsat-5,46.0,46.0227,44.462793454999996,46.0
landsat,2011-06-08,171/027,171,landsat-5,7.0,47.437845,45.007433725,7.0
landsat,2011-06-08,171/026,171,landsat-5,26.0,48.851855,45.57687402,26.0
landsat,2011-06-08,171/025,171,landsat-5,66.0,50.27198,46.181024345,66.0
landsat,2011-06-07,172/028,172,landsat-7,21.0,46.024654999999996,42.913873505,21.0
landsat,2011-06-07,172/027,172,landsat-7,35.0,47.445449999999994,43.440208765,35.0
landsat,2011-06-07,172/026,172,landsat-7,35.0,48.859665,44.010564075000005,35.0
landsat,2011-06-07,172/025,172,landsat-7,38.0,50.27217,44.623144425,38.0
landsat,2011-06-06,173/028,173,landsat-5,3.0,46.017934999999994,41.409733349999996,3.0
landsat,2011-06-06,173/027,173,landsat-5,2.0,47.433580000000006,41.94647861,2.0
landsat,2011-06-06,173/026,173,landsat-5,2.0,48.8464,42.443909115,2.0
landsat,2011-06-06,173/025,173,landsat-5,5.0,50.26559,43.02994946,5.0
landsat,2011-06-05,174/028,174,landsat-7,15.0,46.02359,39.867178425000006,15.0
landsat,2011-06-05,174/027,174,landsat-7,10.0,47.445045,40.405738674999995,10.0
landsat,2011-06-05,174/026,174,landsat-7,20.0,48.86168,40.984948974999995,20.0
landsat,2011-06-05,174/025,174,landsat-7,39.0,50.272285,41.575039285,39.0
landsat,2011-06-04,175/028,175,landsat-5,0.0,46.01366,38.26956346,1.0
landsat,2011-06-04,175/027,175,landsat-5,27.0,47.428309999999996,38.81087373,32.0
landsat,2011-06-04,175/026,175,landsat-5,17.0,48.84845,39.38711902,17.0
landsat,2011-06-04,175/025,175,landsat-5,33.0,50.25737,39.98733434,33.0
landsat,2011-06-03,176/028,176,landsat-7,16.0,46.02517,36.723903495,24.0
landsat,2011-06-03,176/027,176,landsat-7,4.0,47.44178,37.26865879,3.0
landsat,2011-06-03,176/026,176,landsat-7,4.0,48.860789999999994,37.82899408,4.0
landsat,2011-06-03,176/025,176,landsat-7,0.0,50.27288,38.44042443,0.0
landsat,2011-06-02,177/025,177,landsat-5,0.0,50.265175,36.846704474999996,0.0
landsat,2011-06-01,170/028,170,landsat-5,0.0,46.013185,46.02864341,0.0
landsat,2011-05-31,171/028,171,landsat-7,2.0,46.023935,44.480498465,2.0
landsat,2011-05-31,171/027,171,landsat-7,0.0,47.44437,45.019598720000005,0.0
landsat,2011-05-31,171/026,171,landsat-7,0.0,48.860915,45.604139035,0.0
landsat,2011-05-31,171/025,171,landsat-7,3.0,50.271535,46.202559355,3.0
landsat,2011-05-30,172/028,172,landsat-5,27.0,46.01778,42.895068495000004,27.0
landsat,2011-05-30,172/027,172,landsat-5,4.0,47.433435,43.43038377,4.0
landsat,2011-05-30,172/026,172,landsat-5,0.0,48.84771,44.000344075,0.0
landsat,2011-05-30,172/025,172,landsat-5,1.0,50.258905,44.59963941,1.0
landsat,2011-05-29,173/026,173,landsat-7,0.0,48.861329999999995,42.457229115,0.0
landsat,2011-05-29,173/025,173,landsat-7,0.0,50.27229,43.042014460000004,0.0
landsat,2011-05-28,174/028,174,landsat-5,0.0,46.015855,39.849273415,0.0
landsat,2011-05-28,174/027,174,landsat-5,0.0,47.431915000000004,40.39525367,0.0
landsat,2011-05-28,174/026,174,landsat-5,0.0,48.85549,40.965808960000004,0.0
landsat,2011-05-28,174/025,174,landsat-5,18.0,50.26622999999999,41.55328428,18.0
landsat,2011-05-27,175/028,175,landsat-7,0.0,46.024415000000005,38.300953469999996,0.0
landsat,2011-05-27,175/027,175,landsat-7,0.0,47.44565,38.839193725,0.0
landsat,2011-05-27,175/026,175,landsat-7,1.0,48.85891,39.410139025,1.0
landsat,2011-05-27,175/025,175,landsat-7,6.0,50.273055,40.02430437,6.0
landsat,2011-05-26,176/028,176,landsat-5,36.0,46.018475,36.7147485,28.0
landsat,2011-05-26,176/027,176,landsat-5,70.0,47.43362,37.247463780000004,76.0
landsat,2011-05-26,176/026,176,landsat-5,88.0,48.847435000000004,37.81470408,88.0
landsat,2011-05-26,176/025,176,landsat-5,57.0,50.25956,38.412679415,57.0
landsat,2011-05-25,177/025,177,landsat-7,6.0,50.27226,36.87966448,6.0
landsat,2011-05-23,171/028,171,landsat-5,93.0,46.01329,44.458928455,93.0
landsat,2011-05-23,171/027,171,landsat-5,96.0,47.42978,45.005408725,96.0
landsat,2011-05-23,171/026,171,landsat-5,64.0,48.851875,45.57896402,64.0
landsat,2011-05-23,171/025,171,landsat-5,2.0,50.26394,46.178669345,2.0
landsat,2011-05-22,172/025,172,landsat-7,22.0,50.273555,44.636039415,22.0
landsat,2011-05-21,173/028,173,landsat-5,44.0,46.01537999999999,41.403778349999996,44.0
landsat,2011-05-21,173/027,173,landsat-5,92.0,47.440394999999995,41.944798605,92.0
landsat,2011-05-21,173/026,173,landsat-5,64.0,48.85454,42.443564120000005,64.0
landsat,2011-05-21,173/025,173,landsat-5,16.0,50.265585,43.02582946,16.0
landsat,2011-05-20,174/026,174,landsat-7,36.0,48.85737,40.999073975,36.0
landsat,2011-05-20,174/025,174,landsat-7,17.0,50.27489,41.579294274999995,17.0
landsat,2011-05-19,175/027,175,landsat-5,30.0,47.43108,38.82302373,26.0
landsat,2011-05-19,175/026,175,landsat-5,13.0,48.844415,39.393349025,13.0
landsat,2011-05-19,175/025,175,landsat-5,24.0,50.26412,39.99824935,24.0
landsat,2011-05-18,176/028,176,landsat-7,0.0,46.024115,36.73949349,0.0
landsat,2011-05-18,176/027,176,landsat-7,11.0,47.442009999999996,37.284568789999994,13.0
landsat,2011-05-18,176/026,176,landsat-7,30.0,48.855665,37.858259095,30.0
landsat,2011-05-18,176/025,176,landsat-7,39.0,50.27155,38.444789415,39.0
landsat,2011-05-17,177/025,177,landsat-5,43.0,50.269425,36.855059465,43.0
landsat,2011-05-16,170/028,170,landsat-5,55.0,46.011825,46.036483405,55.0
landsat,2011-05-14,172/028,172,landsat-5,55.0,46.021815000000004,42.89304849,55.0
landsat,2011-05-14,172/027,172,landsat-5,2.0,47.438829999999996,43.42818877,2.0
landsat,2011-05-14,172/026,172,landsat-5,2.0,48.851765,43.99819907,2.0
landsat,2011-05-14,172/025,172,landsat-5,30.0,50.272414999999995,44.597369415,30.0
landsat,2011-05-13,173/025,173,landsat-7,2.0,50.273975,43.062839479999994,2.0
landsat,2011-05-12,174/026,174,landsat-5,25.0,48.86088,40.96803896,25.0
landsat,2011-05-12,174/025,174,landsat-5,13.0,50.270165000000006,41.559724275,13.0
landsat,2011-05-11,175/028,175,landsat-7,85.0,46.025705,38.295073455,82.0
landsat,2011-05-11,175/027,175,landsat-7,88.0,47.442965,38.855403745000004,87.0
landsat,2011-05-11,175/026,175,landsat-7,98.0,48.86162,39.416414025,98.0
landsat,2011-05-11,175/025,175,landsat-7,81.0,50.273120000000006,40.01559435,81.0
landsat,2011-05-10,176/028,176,landsat-5,67.0,46.022655,36.720458495,58.0
landsat,2011-05-10,176/027,176,landsat-5,36.0,47.440475,37.253278775,31.0
landsat,2011-05-10,176/026,176,landsat-5,78.0,48.854265,37.820829075,78.0
landsat,2011-05-10,176/025,176,landsat-5,100.0,50.259640000000005,38.416974415,100.0
landsat,2011-05-09,177/025,177,landsat-7,3.0,50.270835000000005,36.875464484999995,3.0
landsat,2011-05-07,171/028,171,landsat-5,100.0,46.012024999999994,44.46684345,100.0
landsat,2011-05-07,171/027,171,landsat-5,100.0,47.429805,45.011488725,100.0
landsat,2011-05-07,171/026,171,landsat-5,92.0,48.85057,45.583134025,92.0
landsat,2011-05-07,171/025,171,landsat-5,14.0,50.26396,46.182969345000004,14.0
landsat,2011-05-06,172/025,172,landsat-7,11.0,50.276205,44.618844405,11.0
landsat,2011-05-05,173/028,173,landsat-5,71.0,46.02457,41.41775836,71.0
landsat,2011-05-05,173/027,173,landsat-5,63.0,47.44152,41.95481861,63.0
landsat,2011-05-05,173/026,173,landsat-5,19.0,48.85479,42.453814120000004,19.0
landsat,2011-05-05,173/025,173,landsat-5,11.0,50.27529,43.04230946,11.0
landsat,2011-05-04,174/028,174,landsat-7,48.0,46.022310000000004,39.86117841,48.0
landsat,2011-05-04,174/027,174,landsat-7,64.0,47.440815,40.421938690000005,65.0
landsat,2011-05-04,174/026,174,landsat-7,25.0,48.8604,40.97865396,25.0
landsat,2011-05-04,174/025,174,landsat-7,28.0,50.273475,41.58151429,28.0
landsat,2011-05-03,175/028,175,landsat-5,67.0,46.012474999999995,38.289318455,84.0
landsat,2011-05-03,175/027,175,landsat-5,78.0,47.42974,38.835188724999995,76.0
landsat,2011-05-03,175/026,175,landsat-5,25.0,48.851135,39.41216402,25.0
landsat,2011-05-03,175/025,175,landsat-5,3.0,50.26402,40.01113935,3.0
landsat,2011-05-02,176/027,176,landsat-7,35.0,47.443070000000006,37.264768775,24.0
landsat,2011-05-02,176/026,176,landsat-7,16.0,48.85825,37.845684094999996,16.0
landsat,2011-05-02,176/025,176,landsat-7,5.0,50.27421,38.436159415000006,5.0
landsat,2011-05-01,177/025,177,landsat-5,15.0,50.258345,36.838734465,15.0
landsat,2011-04-30,170/028,170,landsat-5,68.0,46.009225,46.024603405,68.0
landsat,2011-04-29,171/025,171,landsat-7,2.0,50.271495,46.206854355000004,2.0
landsat,2011-04-28,172/028,172,landsat-5,5.0,46.024715,42.904563495000005,5.0
landsat,2011-04-28,172/027,172,landsat-5,13.0,47.441680000000005,43.44026377,13.0
landsat,2011-04-28,172/026,172,landsat-5,47.0,48.85591,44.01060408,47.0
landsat,2011-04-28,172/025,172,landsat-5,76.0,50.276495,44.610239410000005,76.0
landsat,2011-04-27,173/025,173,landsat-7,10.0,50.271209999999996,43.058739475,10.0
landsat,2011-04-26,174/028,174,landsat-5,3.0,46.014579999999995,39.845288409999995,3.0
landsat,2011-04-26,174/027,174,landsat-5,9.0,47.432005000000004,40.38917867,10.0
landsat,2011-04-26,174/026,174,landsat-5,7.0,48.855615,40.95964396,7.0
landsat,2011-04-26,174/025,174,landsat-5,3.0,50.26765,41.551169275,3.0
landsat,2011-04-25,175/025,175,landsat-7,3.0,50.274465000000006,40.015654355,3.0
landsat,2011-04-24,176/028,176,landsat-5,7.0,46.021385,36.724348500000005,20.0
landsat,2011-04-24,176/027,176,landsat-5,16.0,47.437839999999994,37.257348775,15.0
landsat,2011-04-24,176/026,176,landsat-5,16.0,48.852954999999994,37.82499908,16.0
landsat,2011-04-24,176/025,176,landsat-5,37.0,50.271789999999996,38.427584415,37.0
landsat,2011-04-23,177/025,177,landsat-7,0.0,50.273605,36.879549485,0.0
landsat,2011-04-21,171/028,171,landsat-5,100.0,46.032309999999995,44.484408450000004,100.0
landsat,2011-04-21,171/027,171,landsat-5,76.0,47.43521,45.019588715,76.0
landsat,2011-04-20,172/026,172,landsat-7,64.0,48.859804999999994,44.025159075,64.0
landsat,2011-04-20,172/025,172,landsat-7,20.0,50.272245,44.63818943,20.0
landsat,2011-04-19,173/028,173,landsat-5,22.0,46.01514,41.41538835,22.0
landsat,2011-04-19,173/027,173,landsat-5,1.0,47.43076,41.952158600000004,1.0
landsat,2011-04-19,173/026,173,landsat-5,66.0,48.84124,42.452534105,66.0
landsat,2011-04-19,173/025,173,landsat-5,68.0,50.259055000000004,43.04095444,68.0
landsat,2011-04-18,174/028,174,landsat-7,6.0,46.024955,39.869108409999996,6.0
landsat,2011-04-18,174/027,174,landsat-7,17.0,47.44207,40.430043685,17.0
landsat,2011-04-18,174/026,174,landsat-7,34.0,48.856085,40.99698898,34.0
landsat,2011-04-18,174/025,174,landsat-7,50.0,50.273555,41.577099270000005,50.0
landsat,2011-04-17,175/028,175,landsat-5,38.0,46.01509,38.279423455,56.0
landsat,2011-04-17,175/027,175,landsat-5,79.0,47.422955,38.82507873,82.0
landsat,2011-04-17,175/026,175,landsat-5,71.0,48.84981,39.403819025000004,71.0
landsat,2011-04-17,175/025,175,landsat-5,56.0,50.258714999999995,39.99598435,56.0
landsat,2011-04-15,177/025,177,landsat-5,88.0,50.261340000000004,36.855434465,88.0
landsat,2011-04-14,170/028,170,landsat-5,31.0,46.007765,46.034408400000004,31.0
landsat,2011-04-05,171/028,171,landsat-5,100.0,46.015969999999996,44.460873455,100.0
landsat,2011-04-05,171/027,171,landsat-5,100.0,47.435145,45.011488725,100.0
landsat,2011-04-05,171/026,171,landsat-5,100.0,48.84914,45.58101402,100.0
landsat,2011-04-05,171/025,171,landsat-5,97.0,50.267895,46.18518434,97.0
landsat,2011-04-04,172/026,172,landsat-7,81.0,48.85849,44.02927909,81.0
landsat,2011-04-04,172/025,172,landsat-7,27.0,50.268175,44.62963442,27.0
landsat,2011-04-03,173/028,173,landsat-5,100.0,46.01517,41.41157835,100.0
landsat,2011-04-03,173/027,173,landsat-5,100.0,47.42944,41.950173605,100.0
landsat,2011-04-03,173/026,173,landsat-5,89.0,48.839665,42.44431411,89.0
landsat,2011-04-03,173/025,173,landsat-5,9.0,50.25757,43.032544445,9.0
landsat,2011-04-02,174/028,174,landsat-7,48.0,46.024985,39.865168409999995,48.0
landsat,2011-04-02,174/027,174,landsat-7,0.0,47.4423,40.409708675000005,0.0
landsat,2011-04-02,174/026,174,landsat-7,1.0,48.858914999999996,40.990933979999994,1.0
landsat,2011-04-02,174/025,174,landsat-7,3.0,50.275065,41.570879274999996,3.0
landsat,2011-04-01,175/028,175,landsat-5,78.0,46.019175,38.281323459999996,89.0
landsat,2011-04-01,175/027,175,landsat-5,7.0,47.435305,38.808813735,6.0
landsat,2011-04-01,175/026,175,landsat-5,1.0,48.85006,39.35380404,1.0
landsat,2011-04-01,175/025,175,landsat-5,2.0,50.261295000000004,40.00677935,2.0
landsat,2011-03-31,176/028,176,landsat-7,91.0,46.025315,36.731648495,78.0
landsat,2011-03-31,176/027,176,landsat-7,58.0,47.4433,37.278633785,53.0
landsat,2011-03-31,176/026,176,landsat-7,18.0,48.85695,37.8477691,18.0
landsat,2011-03-30,177/025,177,landsat-5,48.0,50.266819999999996,36.865684455,48.0
landsat,2011-03-29,170/028,170,landsat-5,56.0,46.01571,46.046383399999996,56.0
landsat,2011-03-28,171/026,171,landsat-7,5.0,48.85695,45.59986902,5.0
landsat,2011-03-28,171/025,171,landsat-7,0.0,50.271465000000006,46.213299355000004,0.0
landsat,2011-03-27,172/028,172,landsat-5,99.0,46.02616,42.91413849,99.0
landsat,2011-03-27,172/027,172,landsat-5,100.0,47.43903,43.44845877,100.0
landsat,2011-03-27,172/026,172,landsat-5,100.0,48.854569999999995,44.019004069999994,100.0
landsat,2011-03-27,172/025,172,landsat-5,34.0,50.27377,44.623159404999996,34.0
landsat,2011-03-25,174/028,174,landsat-5,55.0,46.018429999999995,39.863073404999994,55.0
landsat,2011-03-25,174/027,174,landsat-5,41.0,47.43168,40.411458675,41.0
landsat,2011-03-25,174/026,174,landsat-5,65.0,48.84579,40.97972395,65.0
landsat,2011-03-25,174/025,174,landsat-5,56.0,50.26714,41.572269275,56.0
landsat,2011-03-24,175/028,175,landsat-7,29.0,46.025765,38.300983455,17.0
landsat,2011-03-23,176/027,176,landsat-5,90.0,47.414755,36.91387378,99.0
landsat,2011-03-19,172/028,172,landsat-7,100.0,46.02337,42.91792849,100.0
landsat,2011-03-19,172/027,172,landsat-7,49.0,47.441810000000004,43.470608785,49.0
landsat,2011-03-19,172/026,172,landsat-7,48.0,48.859835000000004,44.029334075,48.0
landsat,2011-03-18,173/028,173,landsat-5,90.0,46.00947,41.42483834,90.0
landsat,2011-03-18,173/027,173,landsat-5,78.0,47.42764,41.966008595000005,78.0
landsat,2011-03-17,174/028,174,landsat-7,95.0,46.020835,39.88291342,95.0
landsat,2011-03-17,174/027,174,landsat-7,91.0,47.44216,40.421863675,91.0
landsat,2011-03-15,176/028,176,landsat-7,6.0,46.025455,36.737488495,8.0
landsat,2011-03-15,176/027,176,landsat-7,58.0,47.440484999999995,37.272813775,66.0
landsat,2011-03-15,176/026,176,landsat-7,43.0,48.858374999999995,37.856109095,43.0
landsat,2011-03-14,177/025,177,landsat-5,74.0,50.24923,36.862234455,74.0
landsat,2011-03-13,170/028,170,landsat-5,63.0,46.01571,46.046383399999996,63.0
landsat,2011-03-12,171/028,171,landsat-7,95.0,46.022645,44.490383460000004,95.0
landsat,2011-03-12,171/027,171,landsat-7,73.0,47.4444,45.02972872,73.0
landsat,2011-03-12,171/026,171,landsat-7,1.0,48.85695,45.59986902,1.0
landsat,2011-03-11,172/028,172,landsat-5,100.0,46.012460000000004,42.901053495,100.0
landsat,2011-03-11,172/027,172,landsat-5,81.0,47.43218,43.442628765,81.0
landsat,2011-03-11,172/026,172,landsat-5,25.0,48.851825,44.01697407,25.0
landsat,2011-03-11,172/025,172,landsat-5,1.0,50.26159,44.6168294,1.0
landsat,2011-03-10,173/027,173,landsat-7,6.0,47.44336,41.979223625,6.0
landsat,2011-03-10,173/026,173,landsat-7,2.0,48.857705,42.47571413,2.0
landsat,2011-03-10,173/025,173,landsat-7,0.0,50.27377,43.050319465,0.0
landsat,2011-03-09,174/028,174,landsat-5,3.0,46.007645,39.856983405,3.0
landsat,2011-03-09,174/027,174,landsat-5,3.0,47.42637,40.403203669999996,3.0
landsat,2011-03-09,174/026,174,landsat-5,4.0,48.845865,40.97362895,4.0
landsat,2011-03-09,174/025,174,landsat-5,0.0,50.251005,41.567249270000005,0.0
landsat,2011-03-08,175/028,175,landsat-7,52.0,46.021775000000005,38.30690347,58.0
landsat,2011-03-08,175/027,175,landsat-7,46.0,47.44298499999999,38.845283725,52.0
landsat,2011-03-08,175/026,175,landsat-7,11.0,48.858909999999995,39.431039045,11.0
landsat,2011-03-07,176/028,176,landsat-5,1.0,46.00389,36.732828479999995,5.0
landsat,2011-03-04,171/028,171,landsat-5,32.0,46.015975,44.476678445,32.0
landsat,2011-03-04,171/027,171,landsat-5,9.0,47.427005,45.023643715,9.0
landsat,2011-03-04,171/026,171,landsat-5,0.0,48.83552,45.597494,0.0
landsat,2011-03-03,172/028,172,landsat-7,13.0,46.02472,42.917833494999996,13.0
landsat,2011-03-03,172/027,172,landsat-7,2.0,47.44176,43.468583785,2.0
landsat,2011-03-03,172/026,172,landsat-7,3.0,48.85584,44.03976409,3.0
landsat,2011-03-02,173/028,173,landsat-5,90.0,46.01368,41.417318345,90.0
landsat,2011-03-02,173/027,173,landsat-5,94.0,47.42659,41.954053605,94.0
landsat,2011-03-02,173/026,173,landsat-5,48.0,48.835805,42.4547441,48.0
landsat,2011-03-02,173/025,173,landsat-5,0.0,50.24956,43.04328445,0.0
landsat,2011-02-22,173/028,173,landsat-7,28.0,46.019735,41.443118365000004,28.0
landsat,2011-02-22,173/027,173,landsat-7,0.0,47.44218,41.97301861,0.0
landsat,2011-02-22,173/026,173,landsat-7,0.0,48.857820000000004,42.483809135,0.0
landsat,2011-02-21,174/028,174,landsat-5,45.0,46.01839,39.865043404999994,45.0
landsat,2011-02-21,174/027,174,landsat-5,54.0,47.433025,40.41145867,54.0
landsat,2011-02-21,174/026,174,landsat-5,1.0,48.845735,40.97979395,1.0
landsat,2011-02-21,174/025,174,landsat-5,0.0,50.263025,41.574134265,0.0
landsat,2011-02-20,175/028,175,landsat-7,93.0,46.024475,38.306938450000004,97.0
landsat,2011-02-20,175/027,175,landsat-7,20.0,47.438945000000004,38.85339873,18.0
landsat,2011-02-20,175/026,175,landsat-7,0.0,48.854815,39.43724904,0.0
landsat,2011-02-19,176/028,176,landsat-5,26.0,46.01737,36.730273495,49.0
landsat,2011-02-19,176/027,176,landsat-5,5.0,47.432505,37.267368770000004,5.0
landsat,2011-02-19,176/026,176,landsat-5,0.0,48.843525,37.83569407,0.0
landsat,2011-02-19,176/025,176,landsat-5,1.0,50.26095,38.438459415,1.0
landsat,2011-02-04,175/028,175,landsat-7,67.0,46.02311,38.308913455,68.0
landsat,2011-02-04,175/027,175,landsat-7,70.0,47.440275,38.867573745,69.0
landsat,2011-02-04,175/026,175,landsat-7,95.0,48.853449999999995,39.44139403,95.0
landsat,2011-02-03,176/028,176,landsat-5,97.0,46.005430000000004,36.738633485,99.0
landsat,2011-02-03,176/027,176,landsat-5,87.0,47.41778,37.273913765,85.0
landsat,2011-01-31,171/028,171,landsat-5,100.0,46.00798,44.488588445000005,100.0
landsat,2011-01-31,171/027,171,landsat-5,79.0,47.417615,45.031738715,79.0
landsat,2011-01-30,172/028,172,landsat-7,85.0,46.02216,42.925683495,85.0
landsat,2011-01-29,173/028,173,landsat-5,58.0,46.009365,41.432603349999994,58.0
landsat,2011-01-29,173/027,173,landsat-5,6.0,47.4221,41.973578595,6.0
landsat,2011-01-29,173/026,173,landsat-5,34.0,48.833515000000006,42.471294105,34.0
landsat,2011-01-28,174/028,174,landsat-7,100.0,46.024874999999994,39.880938404999995,100.0
landsat,2011-01-28,174/027,174,landsat-7,1.0,47.439365,40.427863675,1.0
landsat,2011-01-27,175/028,175,landsat-5,71.0,46.039550000000006,38.31066846,82.0
landsat,2011-01-27,175/027,175,landsat-5,26.0,47.453990000000005,38.859438729999994,24.0
landsat,2011-01-27,175/026,175,landsat-5,0.0,48.87666,39.435314025,0.0
landsat,2011-01-27,175/025,175,landsat-5,2.0,50.28534,40.039484345000005,2.0
landsat,2011-01-22,172/028,172,landsat-5,43.0,46.012924999999996,42.926338485,43.0
landsat,2011-01-22,172/027,172,landsat-5,12.0,47.417654999999996,43.461343755,12.0
landsat,2011-01-22,172/026,172,landsat-5,28.0,48.834514999999996,44.03819906,28.0
landsat,2011-01-21,173/028,173,landsat-7,0.0,46.021,41.447093370000005,0.0
landsat,2011-01-21,173/027,173,landsat-7,12.0,47.442105,41.97503861,12.0
landsat,2011-01-19,175/028,175,landsat-7,38.0,46.02311,38.308913455,53.0
landsat,2011-01-19,175/027,175,landsat-7,13.0,47.438925,38.86757874,15.0
landsat,2011-01-13,173/028,173,landsat-5,22.0,46.00649,41.44204834,22.0
landsat,2011-01-06,172/028,172,landsat-5,65.0,46.0115,42.92057849,65.0
landsat,2011-01-06,172/027,172,landsat-5,40.0,47.41765,43.463373755,40.0
landsat,2011-01-06,172/026,172,landsat-5,23.0,48.835905,44.040279055,23.0
landsat,2011-01-05,173/028,173,landsat-7,86.0,46.022504999999995,41.439288355,86.0
landsat,2011-01-05,173/027,173,landsat-7,90.0,47.440365,41.99098362,90.0
landsat,2012-12-30,176/028,176,landsat-7,3.0,46.019949999999994,36.735518514999995,16.0
landsat,2012-12-30,176/027,176,landsat-7,9.0,47.440259999999995,37.260813775,11.0
landsat,2012-12-30,176/026,176,landsat-7,3.0,48.855445,37.843664090000004,3.0
landsat,2012-12-27,171/028,171,landsat-7,9.0,46.018460000000005,44.482528465,9.0
landsat,2012-12-25,173/028,173,landsat-7,100.0,46.02555,41.420108354999996,100.0
landsat,2012-12-23,175/028,175,landsat-7,90.0,46.022949999999994,38.289188455,96.0
landsat,2012-12-23,175/027,175,landsat-7,31.0,47.440200000000004,38.847303745,35.0
landsat,2012-12-16,174/028,174,landsat-7,33.0,46.02346,39.87900842,33.0
landsat,2012-12-16,174/027,174,landsat-7,6.0,47.443505,40.41780867,7.0
landsat,2012-12-16,174/026,174,landsat-7,8.0,48.857575,40.98471396,8.0
landsat,2012-12-14,176/028,176,landsat-7,63.0,46.022705,36.737538494999995,65.0
landsat,2012-12-11,171/028,171,landsat-7,100.0,46.021255,44.500253465,100.0
landsat,2012-12-11,171/027,171,landsat-7,42.0,47.442965,45.035808725,42.0
landsat,2012-12-11,171/026,171,landsat-7,0.0,48.85546,45.610294025,0.0
landsat,2012-12-11,171/025,171,landsat-7,6.0,50.268575,46.223959355,6.0
landsat,2012-12-09,173/028,173,landsat-7,52.0,46.02095,41.447153369999995,52.0
landsat,2012-12-09,173/027,173,landsat-7,100.0,47.443304999999995,41.97919861,100.0
landsat,2012-12-09,173/026,173,landsat-7,100.0,48.85785,42.487824135,100.0
landsat,2012-12-09,173/025,173,landsat-7,100.0,50.27398,43.067064465,100.0
landsat,2012-12-07,175/028,175,landsat-7,90.0,46.02042,38.320713475000005,90.0
landsat,2012-12-07,175/027,175,landsat-7,81.0,47.440215,38.859478725,86.0
landsat,2012-12-07,175/026,175,landsat-7,92.0,48.857425000000006,39.445614039999995,92.0
landsat,2012-12-07,175/025,175,landsat-7,100.0,50.274235000000004,40.037134355,100.0
landsat,2012-12-02,172/028,172,landsat-7,81.0,46.024879999999996,42.931293495,81.0
landsat,2012-12-02,172/027,172,landsat-7,4.0,47.441855000000004,43.48074878,4.0
landsat,2012-12-02,172/026,172,landsat-7,11.0,48.855875,44.05227909,11.0
landsat,2012-11-30,174/028,174,landsat-7,5.0,46.02069,39.89277342,5.0
landsat,2012-11-30,174/027,174,landsat-7,16.0,47.440665,40.42988867,16.0
landsat,2012-11-25,171/028,171,landsat-7,78.0,46.021240000000006,44.496308465,78.0
landsat,2012-11-25,171/027,171,landsat-7,82.0,47.442965,45.035808725,82.0
landsat,2012-11-25,171/026,171,landsat-7,31.0,48.85683,45.606119019999994,31.0
landsat,2012-11-25,171/025,171,landsat-7,17.0,50.269965,46.219734360000004,17.0
landsat,2012-11-23,173/028,173,landsat-7,13.0,46.021115,41.43940837,13.0
landsat,2012-11-23,173/027,173,landsat-7,40.0,47.442155,41.97112861,40.0
landsat,2012-11-23,173/026,173,landsat-7,11.0,48.85768,42.47964913,11.0
landsat,2012-11-23,173/025,173,landsat-7,79.0,50.27384,43.056584465,79.0
landsat,2012-11-21,175/028,175,landsat-7,90.0,46.02164,38.297078459999994,92.0
landsat,2012-11-21,175/027,175,landsat-7,64.0,47.44021,38.855408745,61.0
landsat,2012-11-21,175/026,175,landsat-7,41.0,48.85208,39.428879035,41.0
landsat,2012-11-21,175/025,175,landsat-7,4.0,50.268995000000004,40.02197435,4.0
landsat,2012-11-19,177/025,177,landsat-7,27.0,50.268225,36.881859485,27.0
landsat,2012-11-16,172/028,172,landsat-7,33.0,46.021975,42.917873494999995,33.0
landsat,2012-11-16,172/027,172,landsat-7,95.0,47.44036,43.46858379,95.0
landsat,2012-11-16,172/026,172,landsat-7,92.0,48.859764999999996,44.031424075000004,92.0
landsat,2012-11-14,174/028,174,landsat-7,100.0,46.020825,39.873008415,100.0
landsat,2012-11-14,174/027,174,landsat-7,81.0,47.43926999999999,40.434013685,81.0
landsat,2012-11-14,174/026,174,landsat-7,20.0,48.85744,40.992888965,20.0
landsat,2012-11-14,174/025,174,landsat-7,14.0,50.27305,41.59840929,14.0
landsat,2012-11-12,176/028,176,landsat-7,38.0,46.02301,36.754768515,47.0
landsat,2012-11-12,176/027,176,landsat-7,11.0,47.43802,37.290673785,13.0
landsat,2012-11-12,176/026,176,landsat-7,5.0,48.856925000000004,37.852069075,5.0
landsat,2012-11-12,176/025,176,landsat-7,55.0,50.270224999999996,38.466249430000005,55.0
landsat,2012-11-09,171/028,171,landsat-7,100.0,46.01857,44.504223464999995,100.0
landsat,2012-11-09,171/027,171,landsat-7,61.0,47.44027,45.043918725,61.0
landsat,2012-11-09,171/026,171,landsat-7,1.0,48.856735,45.62704404,1.0
landsat,2012-11-09,171/025,171,landsat-7,28.0,50.26854,46.230404355,28.0
landsat,2012-11-07,173/028,173,landsat-7,100.0,46.02084,41.454838365,100.0
landsat,2012-11-07,173/027,173,landsat-7,100.0,47.44183,41.985003605,100.0
landsat,2012-11-07,173/026,173,landsat-7,81.0,48.856675,42.496014134999996,81.0
landsat,2012-11-07,173/025,173,landsat-7,67.0,50.274105,43.073414465,67.0
landsat,2012-11-05,175/028,175,landsat-7,93.0,46.02046,38.322688475,95.0
landsat,2012-11-05,175/027,175,landsat-7,100.0,47.441565,38.86352873,100.0
landsat,2012-11-05,175/026,175,landsat-7,100.0,48.856135,39.435139019999994,100.0
landsat,2012-11-05,175/025,175,landsat-7,100.0,50.270089999999996,40.05002437,100.0
landsat,2012-10-31,172/028,172,landsat-7,8.0,46.0236,42.935093505,8.0
landsat,2012-10-31,172/027,172,landsat-7,4.0,47.44046,43.474663785000004,4.0
landsat,2012-10-31,172/026,172,landsat-7,32.0,48.858495,44.037679080000004,32.0
landsat,2012-10-29,174/028,174,landsat-7,100.0,46.020799999999994,39.87695341,100.0
landsat,2012-10-29,174/027,174,landsat-7,83.0,47.440574999999995,40.438143690000004,83.0
landsat,2012-10-29,174/026,174,landsat-7,100.0,48.860135,40.995003964999995,100.0
landsat,2012-10-29,174/025,174,landsat-7,34.0,50.273035,41.60047429,34.0
landsat,2012-10-27,176/028,176,landsat-7,10.0,46.02158,36.74908851,13.0
landsat,2012-10-27,176/027,176,landsat-7,3.0,47.440545,37.278743774999995,3.0
landsat,2012-10-27,176/026,176,landsat-7,0.0,48.857005,37.8602841,0.0
landsat,2012-10-27,176/025,176,landsat-7,2.0,50.26751,38.46198443,2.0
landsat,2012-10-24,171/028,171,landsat-7,75.0,46.01853,44.492388465,75.0
landsat,2012-10-24,171/027,171,landsat-7,95.0,47.44027,45.031758725,95.0
landsat,2012-10-24,171/026,171,landsat-7,100.0,48.855419999999995,45.618669034999996,100.0
landsat,2012-10-24,171/025,171,landsat-7,97.0,50.27414,46.208999344999995,97.0
landsat,2012-10-22,173/028,173,landsat-7,58.0,46.02381,41.439528370000005,58.0
landsat,2012-10-22,173/027,173,landsat-7,34.0,47.439265,41.979098625,34.0
landsat,2012-10-22,173/026,173,landsat-7,0.0,48.85749,42.469574120000004,0.0
landsat,2012-10-22,173/025,173,landsat-7,33.0,50.27128,43.06500948,33.0
landsat,2012-10-20,175/028,175,landsat-7,53.0,46.023015,38.301023455,50.0
landsat,2012-10-20,175/027,175,landsat-7,29.0,47.44024,38.861488745,22.0
landsat,2012-10-20,175/026,175,landsat-7,19.0,48.854765,39.43307404,19.0
landsat,2012-10-20,175/025,175,landsat-7,0.0,50.271655,40.026329355,0.0
landsat,2012-10-15,172/028,172,landsat-7,50.0,46.02211,42.925618495,50.0
landsat,2012-10-15,172/027,172,landsat-7,44.0,47.44051,43.478718785,44.0
landsat,2012-10-15,172/026,172,landsat-7,64.0,48.85848,44.03976908,64.0
landsat,2012-10-13,174/028,174,landsat-7,3.0,46.01935,39.894743425,3.0
landsat,2012-10-13,174/027,174,landsat-7,1.0,47.44197,40.436043675,1.0
landsat,2012-10-13,174/026,174,landsat-7,67.0,48.858450000000005,41.01552898,67.0
landsat,2012-10-13,174/025,174,landsat-7,100.0,50.267480000000006,41.606524289999996,100.0
landsat,2012-10-11,176/025,176,landsat-7,62.0,50.270295000000004,38.476994430000005,62.0
landsat,2012-10-08,171/028,171,landsat-7,16.0,46.01862,44.510138465,16.0
landsat,2012-10-08,171/027,171,landsat-7,0.0,47.438955,45.04999372,0.0
landsat,2012-10-08,171/026,171,landsat-7,0.0,48.855385,45.633264034999996,0.0
landsat,2012-10-08,171/025,171,landsat-7,0.0,50.27128,46.226109345,0.0
landsat,2012-10-06,173/028,173,landsat-7,25.0,46.02236,41.445123355,25.0
landsat,2012-10-06,173/027,173,landsat-7,26.0,47.440185,41.99697362,26.0
landsat,2012-10-06,173/026,173,landsat-7,64.0,48.853965,42.49414414,64.0
landsat,2012-10-06,173/025,173,landsat-7,88.0,50.270065,43.073639455,88.0
landsat,2012-10-04,175/028,175,landsat-7,94.0,46.020444999999995,38.324663474999994,92.0
landsat,2012-10-04,175/027,175,landsat-7,61.0,47.441565,38.86352873,62.0
landsat,2012-10-04,175/026,175,landsat-7,77.0,48.857415,39.44978404,77.0
landsat,2012-10-04,175/025,175,landsat-7,10.0,50.270105,40.05217437,10.0
landsat,2012-09-29,172/028,172,landsat-7,0.0,46.019545,42.933468489999996,0.0
landsat,2012-09-29,172/027,172,landsat-7,0.0,47.43786,43.482848785,0.0
landsat,2012-09-29,172/026,172,landsat-7,2.0,48.857209999999995,44.046079074999994,2.0
landsat,2012-09-29,172/025,172,landsat-7,38.0,50.268119999999996,44.64469941,38.0
landsat,2012-09-27,174/028,174,landsat-7,28.0,46.020635,39.90065842,28.0
landsat,2012-09-27,174/027,174,landsat-7,13.0,47.441919999999996,40.440098675,12.0
landsat,2012-09-27,174/026,174,landsat-7,0.0,48.85589,41.007148965,0.0
landsat,2012-09-27,174/025,174,landsat-7,0.0,50.270084999999995,41.61087429,0.0
landsat,2012-09-25,176/028,176,landsat-7,10.0,46.020525,36.76459351,25.0
landsat,2012-09-25,176/027,176,landsat-7,45.0,47.440715,37.290673775,53.0
landsat,2012-09-25,176/026,176,landsat-7,57.0,48.854295,37.862559075,57.0
landsat,2012-09-25,176/025,176,landsat-7,10.0,50.267585,38.47272443,10.0
landsat,2012-09-22,171/028,171,landsat-7,95.0,46.02129,44.502253455,95.0
landsat,2012-09-22,171/027,171,landsat-7,74.0,47.438950000000006,45.06216374,74.0
landsat,2012-09-22,171/026,171,landsat-7,80.0,48.85947,45.624929019999996,80.0
landsat,2012-09-22,171/025,171,landsat-7,22.0,50.26993,46.22603934,22.0
landsat,2012-09-20,173/028,173,landsat-7,18.0,46.023309999999995,41.464668365,18.0
landsat,2012-09-20,173/027,173,landsat-7,8.0,47.43731,42.00281362,8.0
landsat,2012-09-20,173/026,173,landsat-7,7.0,48.858005,42.49408912,7.0
landsat,2012-09-20,173/025,173,landsat-7,1.0,50.27033,43.09025948,1.0
landsat,2012-09-18,175/028,175,landsat-7,4.0,46.02183,38.32666846,6.0
landsat,2012-09-18,175/027,175,landsat-7,1.0,47.440259999999995,38.885813745,1.0
landsat,2012-09-18,175/026,175,landsat-7,18.0,48.853359999999995,39.460189045,18.0
landsat,2012-09-18,175/025,175,landsat-7,57.0,50.2701,40.052049345,57.0
landsat,2012-09-13,172/028,172,landsat-7,2.0,46.018535,42.952758505000006,2.0
landsat,2012-09-13,172/027,172,landsat-7,0.0,47.440555,43.482848775,0.0
landsat,2012-09-13,172/026,172,landsat-7,0.0,48.855965,44.064799089999994,0.0
landsat,2012-09-13,172/025,172,landsat-7,0.0,50.266819999999996,44.666169425,0.0
landsat,2012-09-11,174/028,174,landsat-7,0.0,46.021955,39.904648425000005,0.0
landsat,2012-09-09,176/028,176,landsat-7,21.0,46.019185,36.76659851,49.0
landsat,2012-09-09,176/027,176,landsat-7,28.0,47.438069999999996,37.294743775,32.0
landsat,2012-09-06,171/028,171,landsat-7,19.0,46.018635,44.514083465,19.0
landsat,2012-09-06,171/027,171,landsat-7,34.0,47.434875000000005,45.060128735,34.0
landsat,2012-09-06,171/026,171,landsat-7,4.0,48.85407,45.62485902,4.0
landsat,2012-09-06,171/025,171,landsat-7,3.0,50.26711,46.238999365,3.0
landsat,2012-09-04,173/028,173,landsat-7,0.0,46.020935,41.448978355,0.0
landsat,2012-09-04,173/027,173,landsat-7,2.0,47.44001,42.00296862,2.0
landsat,2012-09-04,173/026,173,landsat-7,66.0,48.857935,42.492009120000006,66.0
landsat,2012-09-04,173/025,173,landsat-7,39.0,50.26878,43.077849465,39.0
landsat,2012-08-31,177/025,177,landsat-7,43.0,50.267385000000004,36.91347948,43.0
landsat,2012-08-28,172/028,172,landsat-7,29.0,46.022504999999995,42.948863489999994,29.0
landsat,2012-08-28,172/027,172,landsat-7,4.0,47.44076,43.498983785,4.0
landsat,2012-08-28,172/026,172,landsat-7,0.0,48.852000000000004,44.071104094999995,0.0
landsat,2012-08-28,172/025,172,landsat-7,1.0,50.268195,44.66404441,1.0
landsat,2012-08-26,174/028,174,landsat-7,0.0,46.01796,39.89662841,0.0
landsat,2012-08-26,174/027,174,landsat-7,31.0,47.436285,40.458248685,32.0
landsat,2012-08-26,174/026,174,landsat-7,59.0,48.855685,41.017308955000004,59.0
landsat,2012-08-26,174/025,174,landsat-7,27.0,50.269885,41.62135429,27.0
landsat,2012-08-24,176/028,176,landsat-7,0.0,46.02202,36.77232351,1.0
landsat,2012-08-24,176/027,176,landsat-7,6.0,47.436895,37.30853879,7.0
landsat,2012-08-24,176/026,176,landsat-7,1.0,48.85437,37.870899075,1.0
landsat,2012-08-24,176/025,176,landsat-7,14.0,50.26759,38.48347443,14.0
landsat,2012-08-21,171/028,171,landsat-7,4.0,46.022635,44.50816845,4.0
landsat,2012-08-21,171/027,171,landsat-7,37.0,47.43757,45.056073725,37.0
landsat,2012-08-21,171/026,171,landsat-7,71.0,48.852644999999995,45.641574035000005,71.0
landsat,2012-08-19,173/028,173,landsat-7,51.0,46.0356,41.457353354999995,51.0
landsat,2012-08-19,173/027,173,landsat-7,29.0,47.45328,42.01169862,29.0
landsat,2012-08-19,173/026,173,landsat-7,39.0,48.87165,42.501574125,39.0
landsat,2012-08-19,173/025,173,landsat-7,37.0,50.285285,43.09811448,37.0
landsat,2012-08-15,177/025,177,landsat-7,21.0,50.269864999999996,36.900844469999996,21.0
landsat,2012-08-12,172/028,172,landsat-7,70.0,46.02238,42.94111349,70.0
landsat,2012-08-12,172/027,172,landsat-7,44.0,47.43931,43.49095878,44.0
landsat,2012-08-12,172/026,172,landsat-7,39.0,48.85192,44.064849095,39.0
landsat,2012-08-12,172/025,172,landsat-7,71.0,50.26818,44.65544441,71.0
landsat,2012-08-10,174/027,174,landsat-7,37.0,47.439035000000004,40.456298685,37.0
landsat,2012-08-10,174/026,174,landsat-7,80.0,48.857105,41.013323959999994,80.0
landsat,2012-08-08,176/026,176,landsat-7,61.0,48.85846,37.872859085,61.0
landsat,2012-08-08,176/025,176,landsat-7,13.0,50.26893,38.472759409999995,13.0
landsat,2012-08-05,171/028,171,landsat-7,95.0,46.021325,44.519983464999996,95.0
landsat,2012-08-05,171/027,171,landsat-7,84.0,47.4349,45.070263735,84.0
landsat,2012-08-05,171/026,171,landsat-7,82.0,48.854034999999996,45.633194020000005,82.0
landsat,2012-08-05,171/025,171,landsat-7,71.0,50.268375,46.247594359999994,71.0
landsat,2012-08-03,173/028,173,landsat-7,0.0,46.019425,41.45661835,0.0
landsat,2012-08-03,173/027,173,landsat-7,2.0,47.43846,42.010883625000005,2.0
landsat,2012-08-03,173/026,173,landsat-7,37.0,48.8581,42.50017912,37.0
landsat,2012-08-03,173/025,173,landsat-7,60.0,50.27046,43.09867448,60.0
landsat,2012-08-01,175/028,175,landsat-7,50.0,46.02048,38.332618455,60.0
landsat,2012-08-01,175/027,175,landsat-7,41.0,47.437535,38.891903745,40.0
landsat,2012-08-01,175/026,175,landsat-7,53.0,48.85607,39.455994020000006,53.0
landsat,2012-08-01,175/025,175,landsat-7,28.0,50.267365,40.056284345,28.0
landsat,2012-07-30,177/025,177,landsat-7,0.0,50.268875,36.919719485,0.0
landsat,2012-07-27,172/028,172,landsat-7,0.0,46.019745,42.94508849,0.0
landsat,2012-07-27,172/027,172,landsat-7,0.0,47.43801,43.495008784999996,0.0
landsat,2012-07-27,172/026,172,landsat-7,3.0,48.85595,44.058589080000004,3.0
landsat,2012-07-27,172/025,172,landsat-7,30.0,50.268185,44.65974441,30.0
landsat,2012-07-25,174/028,174,landsat-7,0.0,46.017875000000004,39.90850342,0.0
landsat,2012-07-25,174/027,174,landsat-7,0.0,47.439130000000006,40.448123675,0.0
landsat,2012-07-25,174/026,174,landsat-7,0.0,48.85555,41.027678975,0.0
landsat,2012-07-25,174/025,174,landsat-7,0.0,50.267264999999995,41.619059289999996,0.0
landsat,2012-07-23,176/028,176,landsat-7,0.0,46.02045,36.760888495,0.0
landsat,2012-07-23,176/027,176,landsat-7,0.0,47.439645,37.31047379,0.0
landsat,2012-07-23,176/026,176,landsat-7,1.0,48.85846,37.872859085,1.0
landsat,2012-07-23,176/025,176,landsat-7,41.0,50.267579999999995,38.472759415,41.0
landsat,2012-07-20,171/028,171,landsat-7,0.0,46.017285,44.51410846,0.0
landsat,2012-07-20,171/027,171,landsat-7,0.0,47.4376,45.054048725,0.0
landsat,2012-07-20,171/026,171,landsat-7,0.0,48.853995,45.64157403,0.0
landsat,2012-07-20,171/025,171,landsat-7,10.0,50.26577,46.241079355,10.0
landsat,2012-07-18,173/028,173,landsat-7,4.0,46.020920000000004,41.450883355,4.0
landsat,2012-07-18,173/027,173,landsat-7,4.0,47.44001,42.00296862,4.0
landsat,2012-07-18,173/026,173,landsat-7,12.0,48.85144,42.502459134999995,12.0
landsat,2012-07-18,173/025,173,landsat-7,26.0,50.26878,43.077849465,26.0
landsat,2012-07-16,175/028,175,landsat-7,0.0,46.013715000000005,38.328708465,1.0
landsat,2012-07-16,175/027,175,landsat-7,0.0,47.43482,38.867603725,0.0
landsat,2012-07-14,177/025,177,landsat-7,0.0,50.26731,36.907209480000006,0.0
landsat,2012-07-11,172/028,172,landsat-7,51.0,46.01705,42.9451085,51.0
landsat,2012-07-11,172/027,172,landsat-7,96.0,47.43916,43.478878775,96.0
landsat,2012-07-11,172/026,172,landsat-7,94.0,48.853285,44.06276409,94.0
landsat,2012-07-11,172/025,172,landsat-7,99.0,50.27087,44.655429405,99.0
landsat,2012-07-09,174/028,174,landsat-7,3.0,46.020700000000005,39.894698410000004,3.0
landsat,2012-07-09,174/027,174,landsat-7,0.0,47.439035000000004,40.454268685,0.0
landsat,2012-07-09,174/026,174,landsat-7,1.0,48.85292,41.023483975000005,1.0
landsat,2012-07-09,174/025,174,landsat-7,0.0,50.270245,41.604424275,0.0
landsat,2012-07-07,176/028,176,landsat-7,89.0,46.0179,36.768663505,85.0
landsat,2012-07-07,176/027,176,landsat-7,61.0,47.438069999999996,37.294743775,55.0
landsat,2012-07-07,176/026,176,landsat-7,65.0,48.85449,37.881204100000005,65.0
landsat,2012-07-07,176/025,176,landsat-7,26.0,50.264920000000004,38.481354425,26.0
landsat,2012-07-04,171/028,171,landsat-7,53.0,46.019985000000005,44.50818845,53.0
landsat,2012-07-04,171/027,171,landsat-7,89.0,47.437569999999994,45.068238735,89.0
landsat,2012-07-04,171/026,171,landsat-7,65.0,48.85673,45.63322902,65.0
landsat,2012-07-04,171/025,171,landsat-7,20.0,50.2685,46.23462934,20.0
landsat,2012-07-02,173/028,173,landsat-7,90.0,46.019425,41.45661835,90.0
landsat,2012-07-02,173/027,173,landsat-7,56.0,47.438535,42.008863625000004,56.0
landsat,2012-07-02,173/026,173,landsat-7,21.0,48.858085,42.49817412,21.0
landsat,2012-07-02,173/025,173,landsat-7,32.0,50.267565000000005,43.086374455,32.0
landsat,2012-06-30,175/028,175,landsat-7,84.0,46.0178,38.330678455,93.0
landsat,2012-06-30,175/027,175,landsat-7,55.0,47.436215000000004,38.88987874,63.0
landsat,2012-06-30,175/026,175,landsat-7,43.0,48.85607,39.455994020000006,43.0
landsat,2012-06-30,175/025,175,landsat-7,50.0,50.267365,40.056284345,50.0
landsat,2012-06-28,177/025,177,landsat-7,43.0,50.26759,36.921979480000005,43.0
landsat,2012-06-25,172/028,172,landsat-7,1.0,46.021425,42.962373505,1.0
landsat,2012-06-25,172/027,172,landsat-7,22.0,47.44206,43.492983769999995,22.0
landsat,2012-06-25,172/026,172,landsat-7,64.0,48.85468,44.064894075,64.0
landsat,2012-06-25,172/025,172,landsat-7,16.0,50.266915,44.679064425,16.0
landsat,2012-06-23,174/028,174,landsat-7,0.0,46.019335,39.900573405,0.0
landsat,2012-06-23,174/027,174,landsat-7,0.0,47.43759,40.46237869,0.0
landsat,2012-06-23,174/026,174,landsat-7,0.0,48.85696,41.02350896,0.0
landsat,2012-06-23,174/025,174,landsat-7,0.0,50.268699999999995,41.614774275,0.0
landsat,2012-06-21,176/028,176,landsat-7,19.0,46.02322,36.7646535,14.0
landsat,2012-06-21,176/027,176,landsat-7,36.0,47.438185,37.300743775,31.0
landsat,2012-06-21,176/026,176,landsat-7,25.0,48.85454,37.8832841,25.0
landsat,2012-06-21,176/025,176,landsat-7,23.0,50.270295000000004,38.47702442,23.0
landsat,2012-06-18,171/027,171,landsat-7,69.0,47.4376,45.066213735000005,69.0
landsat,2012-06-18,171/026,171,landsat-7,85.0,48.856750000000005,45.62905902,85.0
landsat,2012-06-18,171/025,171,landsat-7,93.0,50.26854,46.230334345,93.0
landsat,2012-06-16,173/028,173,landsat-7,96.0,46.02228,41.44899835,96.0
landsat,2012-06-16,173/027,173,landsat-7,96.0,47.439035,41.988818605,96.0
landsat,2012-06-16,173/026,173,landsat-7,30.0,48.854119999999995,42.500314134999996,30.0
landsat,2012-06-16,173/025,173,landsat-7,3.0,50.27148,43.077739460000004,3.0
landsat,2012-06-14,175/028,175,landsat-7,0.0,46.021829999999994,38.32663347,0.0
landsat,2012-06-14,175/027,175,landsat-7,0.0,47.436205,38.87366374,0.0
landsat,2012-06-14,175/026,175,landsat-7,0.0,48.856125000000006,39.439309019999996,0.0
landsat,2012-06-14,175/025,175,landsat-7,0.0,50.27012,40.05432437,0.0
landsat,2012-06-12,177/025,177,landsat-7,65.0,50.26702,36.890494465,65.0
landsat,2012-06-09,172/028,172,landsat-7,21.0,46.020825,42.929503499999996,21.0
landsat,2012-06-09,172/027,172,landsat-7,24.0,47.437815,43.478798784999995,24.0
landsat,2012-06-09,172/026,172,landsat-7,4.0,48.857175,44.041904075000005,4.0
landsat,2012-06-09,172/025,172,landsat-7,26.0,50.268145,44.64254941,26.0
landsat,2012-06-07,174/027,174,landsat-7,70.0,47.435135,40.444068689999995,69.0
landsat,2012-06-07,174/026,174,landsat-7,29.0,48.854605,41.00295896,29.0
landsat,2012-06-07,174/025,174,landsat-7,1.0,50.26889,41.606574295,1.0
landsat,2012-06-05,176/027,176,landsat-7,58.0,47.436725,37.29465379,51.0
landsat,2012-06-05,176/026,176,landsat-7,17.0,48.855615,37.85623908,17.0
landsat,2012-06-05,176/025,176,landsat-7,4.0,50.268915,38.468394435,4.0
landsat,2012-06-02,171/028,171,landsat-7,88.0,46.019819999999996,44.47066347,88.0
landsat,2012-06-02,171/027,171,landsat-7,90.0,47.436275,45.01959874,90.0
landsat,2012-06-02,171/026,171,landsat-7,87.0,48.85561,45.583184025,87.0
landsat,2012-06-02,171/025,171,landsat-7,87.0,50.26883,46.200334354999995,87.0
landsat,2012-05-31,173/028,173,landsat-7,50.0,46.018155,41.386803349999994,50.0
landsat,2012-05-31,173/027,173,landsat-7,58.0,47.43757,41.939213624999994,58.0
landsat,2012-05-31,173/026,173,landsat-7,90.0,48.85527,42.428739125,90.0
landsat,2012-05-31,173/025,173,landsat-7,51.0,50.26643,43.014854455000005,51.0
landsat,2012-05-29,175/028,175,landsat-7,82.0,46.017345,38.247763475,78.0
landsat,2012-05-29,175/027,175,landsat-7,95.0,47.438795,38.786513729999996,95.0
landsat,2012-05-29,175/026,175,landsat-7,91.0,48.85362,39.372599045,91.0
landsat,2012-05-29,175/025,175,landsat-7,52.0,50.26532,39.97471437,52.0
landsat,2012-05-27,177/025,177,landsat-7,23.0,50.27077,36.797694465,23.0
landsat,2012-05-24,172/028,172,landsat-7,100.0,46.02004,42.811248500000005,100.0
landsat,2012-05-24,172/027,172,landsat-7,100.0,47.437605000000005,43.359148794999996,100.0
landsat,2012-05-24,172/026,172,landsat-7,85.0,48.8562,43.92297408,85.0
landsat,2012-05-22,174/028,174,landsat-7,18.0,46.018915,39.744793415000004,18.0
landsat,2012-05-22,174/027,174,landsat-7,3.0,47.43661,40.30834869,3.0
landsat,2012-05-22,174/026,174,landsat-7,33.0,48.855355,40.870148965,33.0
landsat,2012-05-22,174/025,174,landsat-7,63.0,50.26897,41.4719343,63.0
landsat,2012-05-20,176/028,176,landsat-7,42.0,46.020134999999996,36.607608510000006,33.0
landsat,2012-05-20,176/027,176,landsat-7,4.0,47.435855000000004,37.145403795,0.0
landsat,2012-05-20,176/026,176,landsat-7,0.0,48.854115,37.704009080000006,0.0
landsat,2012-05-20,176/025,176,landsat-7,0.0,50.266895,38.31795444,0.0
landsat,2012-05-17,171/028,171,landsat-7,17.0,46.01637,44.314898459999995,17.0
landsat,2012-05-17,171/027,171,landsat-7,40.0,47.434825000000004,44.875693745,40.0
landsat,2012-05-17,171/026,171,landsat-7,23.0,48.853425,45.43928402,23.0
landsat,2012-05-17,171/025,171,landsat-7,0.0,50.266005,46.05419436,0.0
landsat,2012-05-15,173/028,173,landsat-7,95.0,46.02666,41.226513374999996,95.0
landsat,2012-05-15,173/027,173,landsat-7,71.0,47.441720000000004,41.76638863,71.0
landsat,2012-05-15,173/026,173,landsat-7,60.0,48.86216,42.25448412,60.0
landsat,2012-05-15,173/025,173,landsat-7,10.0,50.274445,42.852154479999996,10.0
landsat,2012-05-13,175/028,175,landsat-7,12.0,46.024395,38.091853465,19.0
landsat,2012-05-13,175/027,175,landsat-7,33.0,47.44121,38.65066375,33.0
landsat,2012-05-13,175/026,175,landsat-7,4.0,48.860645000000005,39.21203903,4.0
landsat,2012-05-13,175/025,175,landsat-7,2.0,50.274405,39.826629374999996,2.0
landsat,2012-05-11,177/025,177,landsat-7,13.0,50.276675,36.68157947,13.0
landsat,2012-05-10,170/028,170,landsat-7,0.0,46.024945,45.867138409999995,0.0
landsat,2012-05-08,172/028,172,landsat-7,35.0,46.025705,42.754743505,35.0
landsat,2012-05-08,172/027,172,landsat-7,84.0,47.440715,43.290583784999995,84.0
landsat,2012-05-08,172/026,172,landsat-7,62.0,48.859584999999996,43.847834074999994,62.0
landsat,2012-05-08,172/025,172,landsat-7,74.0,50.272925,44.459769429999994,74.0
landsat,2012-05-06,174/028,174,landsat-7,16.0,46.02314,39.719268424999996,16.0
landsat,2012-05-06,174/027,174,landsat-7,3.0,47.443895,40.25573868,3.0
landsat,2012-05-06,174/026,174,landsat-7,2.0,48.859905,40.837743985,2.0
landsat,2012-05-06,174/025,174,landsat-7,3.0,50.276804999999996,41.41745428,3.0
landsat,2012-05-04,176/028,176,landsat-7,0.0,46.026485,36.5880735,0.0
landsat,2012-05-04,176/027,176,landsat-7,6.0,47.44382,37.137158795,7.0
landsat,2012-05-04,176/026,176,landsat-7,10.0,48.85682,37.703794099999996,10.0
landsat,2012-05-04,176/025,176,landsat-7,7.0,50.27211,38.29001442,7.0
landsat,2012-05-01,171/028,171,landsat-7,0.0,46.023354999999995,44.362138470000005,0.0
landsat,2012-05-01,171/027,171,landsat-7,0.0,47.444315,44.90203373,0.0
landsat,2012-05-01,171/026,171,landsat-7,1.0,48.86002,45.48525904,1.0
landsat,2012-05-01,171/025,171,landsat-7,13.0,50.271209999999996,46.084399360000006,13.0
landsat,2012-04-29,173/028,173,landsat-7,0.0,46.023664999999994,41.31344336,0.0
landsat,2012-04-29,173/027,173,landsat-7,2.0,47.442125000000004,41.86386863,2.0
landsat,2012-04-29,173/026,173,landsat-7,0.0,48.860330000000005,42.35280912,0.0
landsat,2012-04-29,173/025,173,landsat-7,0.0,50.273415,42.949039479999996,0.0
landsat,2012-04-27,175/028,175,landsat-7,0.0,46.022414999999995,38.19845846,0.0
landsat,2012-04-27,175/027,175,landsat-7,2.0,47.440095,38.754058744999995,2.0
landsat,2012-04-27,175/026,175,landsat-7,1.0,48.86047,39.31631403,1.0
landsat,2012-04-27,175/025,175,landsat-7,9.0,50.273705,39.92976437,9.0
landsat,2012-04-25,177/025,177,landsat-7,34.0,50.27348,36.79941949,34.0
landsat,2012-04-24,170/028,170,landsat-7,4.0,46.024135,45.97756841,4.0
landsat,2012-04-22,172/028,172,landsat-7,61.0,46.02769,42.859463500000004,61.0
landsat,2012-04-22,172/027,172,landsat-7,28.0,47.444985,43.407618785,28.0
landsat,2012-04-22,172/026,172,landsat-7,15.0,48.859345000000005,43.977089095,15.0
landsat,2012-04-22,172/025,172,landsat-7,12.0,50.274649999999994,44.567264415,12.0
landsat,2012-04-20,174/028,174,landsat-7,74.0,46.02104,39.841498425,74.0
landsat,2012-04-20,174/027,174,landsat-7,90.0,47.44261,40.37729368,91.0
landsat,2012-04-20,174/026,174,landsat-7,73.0,48.85939,40.958303975,73.0
landsat,2012-04-20,174/025,174,landsat-7,58.0,50.275725,41.537309275,58.0
landsat,2012-04-18,176/026,176,landsat-7,100.0,48.862049999999996,37.822739075,100.0
landsat,2012-04-18,176/025,176,landsat-7,100.0,50.272729999999996,38.418969419999996,100.0
landsat,2012-04-15,171/028,171,landsat-7,0.0,46.0212,44.478553465000005,0.0
landsat,2012-04-15,171/027,171,landsat-7,0.0,47.44296,45.015543725,0.0
landsat,2012-04-15,171/026,171,landsat-7,1.0,48.859584999999996,45.59993403,1.0
landsat,2012-04-15,171/025,171,landsat-7,6.0,50.277035,46.18758435,6.0
landsat,2012-04-13,173/028,173,landsat-7,24.0,46.021415000000005,41.42582837,24.0
landsat,2012-04-13,173/027,173,landsat-7,32.0,47.442555,41.955228605,32.0
landsat,2012-04-13,173/026,173,landsat-7,41.0,48.85875,42.465274135,41.0
landsat,2012-04-13,173/025,173,landsat-7,98.0,50.27492,43.03975446,98.0
landsat,2012-04-11,175/028,175,landsat-7,88.0,46.024365,38.300953469999996,82.0
landsat,2012-04-11,175/027,175,landsat-7,96.0,47.44427,38.83716873,95.0
landsat,2012-04-11,175/026,175,landsat-7,54.0,48.860225,39.42269404,54.0
landsat,2012-04-11,175/025,175,landsat-7,17.0,50.27169,40.022094365,17.0
landsat,2012-04-06,172/028,172,landsat-7,95.0,46.024395,42.90227349,95.0
landsat,2012-04-06,172/027,172,landsat-7,79.0,47.441505,43.450343785,79.0
landsat,2012-04-06,172/026,172,landsat-7,16.0,48.861000000000004,44.01259908,16.0
landsat,2012-04-06,172/025,172,landsat-7,83.0,50.274845,44.625274430000005,83.0
landsat,2012-04-04,174/028,174,landsat-7,22.0,46.020920000000004,39.863193425,22.0
landsat,2012-04-04,174/027,174,landsat-7,3.0,47.44234,40.403628675,2.0
landsat,2012-04-04,174/026,174,landsat-7,17.0,48.85899,40.982833975,17.0
landsat,2012-04-04,174/025,174,landsat-7,51.0,50.27519,41.562544270000004,51.0
landsat,2012-04-02,176/028,176,landsat-7,8.0,46.025035,36.718058495,27.0
landsat,2012-04-02,176/027,176,landsat-7,56.0,47.441725000000005,37.264678794999995,65.0
landsat,2012-04-02,176/026,176,landsat-7,71.0,48.860749999999996,37.82482408,71.0
landsat,2012-04-02,176/025,176,landsat-7,72.0,50.27146,38.42329941,72.0
landsat,2012-03-30,171/028,171,landsat-7,12.0,46.02387,44.470633465,12.0
landsat,2012-03-30,171/027,171,landsat-7,65.0,47.445685,45.009463725,65.0
landsat,2012-03-30,171/026,171,landsat-7,92.0,48.859695,45.58113402,92.0
landsat,2012-03-30,171/025,171,landsat-7,96.0,50.27297,46.194029365,96.0
landsat,2012-03-28,173/028,173,landsat-7,100.0,46.025855,41.406523355000004,100.0
landsat,2012-03-28,173/027,173,landsat-7,80.0,47.44283,41.945263604999994,80.0
landsat,2012-03-28,173/026,173,landsat-7,57.0,48.85857,42.455094134999996,57.0
landsat,2012-03-28,173/025,173,landsat-7,66.0,50.274715,43.02713446,66.0
landsat,2012-03-26,175/028,175,landsat-7,95.0,46.021615,38.28717847,99.0
landsat,2012-03-26,175/027,175,landsat-7,88.0,47.44159,38.822988730000006,91.0
landsat,2012-03-26,175/026,175,landsat-7,95.0,48.857575,39.405989039999994,95.0
landsat,2012-03-26,175/025,175,landsat-7,98.0,50.27595,39.998464345,98.0
landsat,2012-03-24,177/025,177,landsat-7,50.0,50.274370000000005,36.848049465,50.0
landsat,2012-03-23,170/028,170,landsat-7,41.0,46.023635,46.042693415,41.0
landsat,2012-03-21,172/028,172,landsat-7,44.0,46.023179999999996,42.90804351,44.0
landsat,2012-03-21,172/027,172,landsat-7,89.0,47.443995,43.43412877,89.0
landsat,2012-03-21,172/026,172,landsat-7,72.0,48.85689,44.004364069999994,72.0
landsat,2012-03-21,172/025,172,landsat-7,19.0,50.270815,44.618869419999996,19.0
landsat,2012-03-19,174/028,174,landsat-7,1.0,46.02362,39.863233425000004,1.0
landsat,2012-03-19,174/027,174,landsat-7,0.0,47.44644,40.40168367,0.0
landsat,2012-03-19,174/026,174,landsat-7,6.0,48.860535,40.970478959999994,6.0
landsat,2012-03-19,174/025,174,landsat-7,2.0,50.27365,41.57310429,2.0
landsat,2012-03-17,176/028,176,landsat-7,0.0,46.022335,36.718173495,1.0
landsat,2012-03-17,176/027,176,landsat-7,9.0,47.441725000000005,37.264678794999995,9.0
landsat,2012-03-17,176/026,176,landsat-7,6.0,48.859404999999995,37.824889075,6.0
landsat,2012-03-14,171/028,171,landsat-7,21.0,46.0252,44.466718455000006,21.0
landsat,2012-03-14,171/027,171,landsat-7,66.0,47.44434,45.025678740000004,66.0
landsat,2012-03-14,171/026,171,landsat-7,97.0,48.858235,45.599934035000004,97.0
landsat,2012-03-14,171/025,171,landsat-7,97.0,50.2757,46.18966434,97.0
landsat,2012-03-12,173/028,173,landsat-7,51.0,46.02411,41.42594337,51.0
landsat,2012-03-12,173/027,173,landsat-7,34.0,47.4453,41.955323605000004,34.0
landsat,2012-03-12,173/026,173,landsat-7,54.0,48.86152,42.467214139999996,54.0
landsat,2012-03-12,173/025,173,landsat-7,100.0,50.277680000000004,43.04178446,100.0
landsat,2012-03-05,172/028,172,landsat-7,25.0,46.024525,42.908118495,25.0
landsat,2012-03-05,172/027,172,landsat-7,9.0,47.440105,43.444423764999996,9.0
landsat,2012-03-05,172/026,172,landsat-7,5.0,48.855745,44.02724909,5.0
landsat,2012-03-05,172/025,172,landsat-7,3.0,50.27351,44.618869405,3.0
landsat,2012-03-03,174/028,174,landsat-7,32.0,46.023605,39.869153425,32.0
landsat,2012-03-03,174/027,174,landsat-7,100.0,47.439515,40.417818685,100.0
landsat,2012-03-03,174/026,174,landsat-7,100.0,48.86046,40.976573959999996,100.0
landsat,2012-03-03,174/025,174,landsat-7,100.0,50.27356,41.57730929,100.0
landsat,2012-02-27,171/028,171,landsat-7,58.0,46.021205,44.472633465,58.0
landsat,2012-02-27,171/027,171,landsat-7,68.0,47.44164,45.00946372,68.0
landsat,2012-02-27,171/026,171,landsat-7,97.0,48.858295,45.593684034999995,97.0
landsat,2012-02-23,175/028,175,landsat-7,58.0,46.021615,38.28717847,78.0
landsat,2012-02-23,175/027,175,landsat-7,30.0,47.438900000000004,38.83514874,35.0
landsat,2012-02-23,175/026,175,landsat-7,20.0,48.8576,39.39762403,20.0
landsat,2012-02-23,175/025,175,landsat-7,50.0,50.27181,40.011359365000004,50.0
landsat,2012-02-20,170/028,170,landsat-7,0.0,46.020935,46.042643415,0.0
landsat,2012-02-11,171/028,171,landsat-7,0.0,46.02117,44.470663465,0.0
landsat,2012-02-11,171/027,171,landsat-7,50.0,47.44167,45.007438719999996,50.0
landsat,2012-02-11,171/026,171,landsat-7,94.0,48.858295,45.593684034999995,94.0
landsat,2012-02-11,171/025,171,landsat-7,100.0,50.26892,46.193894355,100.0
landsat,2012-02-09,173/028,173,landsat-7,1.0,46.021555,41.419988365,1.0
landsat,2012-02-07,175/028,175,landsat-7,13.0,46.021640000000005,38.29112347,19.0
landsat,2012-02-07,175/027,175,landsat-7,11.0,47.441565,38.82906873,13.0
landsat,2012-02-07,175/026,175,landsat-7,0.0,48.857555000000005,39.41432904,0.0
landsat,2012-02-07,175/025,175,landsat-7,0.0,50.26908,40.015594365,0.0
landsat,2012-02-02,172/028,172,landsat-7,9.0,46.02332,42.91769351,9.0
landsat,2012-01-29,176/028,176,landsat-7,82.0,46.023984999999996,36.7335685,75.0
landsat,2012-01-26,171/028,171,landsat-7,15.0,46.025275,44.486443455,15.0
landsat,2012-01-26,171/027,171,landsat-7,0.0,47.44033,45.031758725,0.0
landsat,2012-01-26,171/026,171,landsat-7,2.0,48.855459999999994,45.616584035,2.0
landsat,2012-01-24,173/028,173,landsat-7,100.0,46.02243,41.443238365,100.0
landsat,2012-01-24,173/027,173,landsat-7,21.0,47.44348,41.973203615,21.0
landsat,2012-01-24,173/026,173,landsat-7,0.0,48.85917,42.48369414,0.0
landsat,2012-01-24,173/025,173,landsat-7,0.0,50.26865,43.069329475,0.0
landsat,2012-01-17,172/028,172,landsat-7,96.0,46.024465,42.906148495,96.0
landsat,2012-01-17,172/027,172,landsat-7,57.0,47.441559999999996,43.454398785,57.0
landsat,2012-01-17,172/026,172,landsat-7,17.0,48.859685,44.016824075,17.0
landsat,2012-01-15,174/028,174,landsat-7,74.0,46.020894999999996,39.867138425,74.0
landsat,2012-01-13,176/028,176,landsat-7,48.0,46.023685,36.7180735,64.0
landsat,2012-01-13,176/027,176,landsat-7,85.0,47.441725000000005,37.264678794999995,88.0
landsat,2012-01-10,171/027,171,landsat-7,69.0,47.440295,45.021623735000006,69.0
landsat,2012-01-06,175/028,175,landsat-7,32.0,46.024249999999995,38.27534346,43.0
landsat,2012-01-06,175/027,175,landsat-7,52.0,47.44289,38.835133745,59.0
landsat,2012-01-03,170/028,170,landsat-7,44.0,46.020925000000005,46.040668415,44.0
landsat,2012-01-01,172/028,172,landsat-7,58.0,46.022845000000004,42.890663495,58.0
landsat,2012-01-01,172/027,172,landsat-7,87.0,47.440055,43.442233785,87.0
landsat,2012-01-01,172/026,172,landsat-7,100.0,48.85959,44.004314074999996,100.0
landsat,2013-12-30,171/028,171,landsat-7,100.0,46.023844999999994,44.47855346,100.0
landsat,2013-12-30,171/027,171,landsat-7,100.0,47.44024,45.025678725000006,100.0
landsat,2013-12-30,171/026,171,landsat-7,99.0,48.85675,45.61035904,99.0
landsat,2013-12-29,172/029,172,landsat-8,52.82,44.595005,42.379913515,52.82
landsat,2013-12-29,172/028,172,landsat-8,99.99,46.01585,42.893578785,99.99
landsat,2013-12-29,172/027,172,landsat-8,100.0,47.43423,43.429769085000004,100.0
landsat,2013-12-29,172/026,172,landsat-8,100.0,48.85122,44.000659405,100.0
landsat,2013-12-29,172/025,172,landsat-8,100.0,50.26378,44.60103976,100.0
landsat,2013-12-28,173/028,173,landsat-7,78.0,46.022705,41.425823355000006,78.0
landsat,2013-12-28,173/027,173,landsat-7,9.0,47.44074,41.973203625,9.0
landsat,2013-12-28,173/026,173,landsat-7,0.0,48.860034999999996,42.465274120000004,0.0
landsat,2013-12-27,174/029,174,landsat-8,92.73,44.594935,39.324643449999996,96.4
landsat,2013-12-27,174/028,174,landsat-8,90.48,46.01392,39.848658715,90.44
landsat,2013-12-27,174/027,174,landsat-8,99.98,47.43539,40.397754,99.98
landsat,2013-12-27,174/026,174,landsat-8,91.8,48.85093,40.96748431,91.8
landsat,2013-12-27,174/025,174,landsat-8,72.14,50.26574,41.55724464,72.14
landsat,2013-12-26,175/028,175,landsat-7,69.0,46.021604999999994,38.295108459999994,54.0
landsat,2013-12-26,175/027,175,landsat-7,79.0,47.44018,38.853383745,76.0
landsat,2013-12-26,175/026,175,landsat-7,87.0,48.85883,39.418474025,87.0
landsat,2013-12-25,176/028,176,landsat-8,0.66,46.016565,36.71514379,2.45
landsat,2013-12-25,176/027,176,landsat-8,59.86,47.434425,37.247829085000006,70.6
landsat,2013-12-25,176/026,176,landsat-8,100.0,48.850989999999996,37.81887441,100.0
landsat,2013-12-25,176/025,176,landsat-8,100.0,50.26446,38.41803977,100.0
landsat,2013-12-22,171/029,171,landsat-8,87.58,44.593485,43.938658485,87.58
landsat,2013-12-22,171/028,171,landsat-8,97.3,46.015384999999995,44.461983755,97.3
landsat,2013-12-22,171/027,171,landsat-8,95.9,47.433205,45.011504040000005,95.9
landsat,2013-12-22,171/026,171,landsat-8,90.23,48.84997,45.58413436,90.23
landsat,2013-12-22,171/025,171,landsat-8,82.76,50.26476,46.185174715,82.76
landsat,2013-12-21,172/028,172,landsat-7,100.0,46.02213,42.92926351,100.0
landsat,2013-12-21,172/027,172,landsat-7,100.0,47.437655,43.47069379,100.0
landsat,2013-12-21,172/026,172,landsat-7,100.0,48.855705,44.03356408,100.0
landsat,2013-12-20,173/029,173,landsat-8,61.43,44.594505,40.896908415,61.43
landsat,2013-12-20,173/028,173,landsat-8,100.0,46.0159,41.417133660000005,100.0
landsat,2013-12-20,173/027,173,landsat-8,100.0,47.43561,41.95437894,100.0
landsat,2013-12-20,173/026,173,landsat-8,100.0,48.851479999999995,42.45008444,100.0
landsat,2013-12-20,173/025,173,landsat-8,99.15,50.265275,43.03657981,99.15
landsat,2013-12-19,174/028,174,landsat-7,92.0,46.02072,39.88089341,92.0
landsat,2013-12-19,174/027,174,landsat-7,100.0,47.440524999999994,40.44016869,100.0
landsat,2013-12-19,174/026,174,landsat-7,100.0,48.85866,40.999158969999996,100.0
landsat,2013-12-18,175/028,175,landsat-8,1.06,46.015845,38.282178755000004,1.64
landsat,2013-12-18,175/027,175,landsat-8,1.5,47.43314,38.83083405,1.75
landsat,2013-12-18,175/026,175,landsat-8,30.18,48.850555,39.40453437,30.18
landsat,2013-12-18,175/025,175,landsat-8,94.75,50.264894999999996,40.006564714999996,94.75
landsat,2013-12-17,176/028,176,landsat-7,62.0,46.024285000000006,36.7509685,46.0
landsat,2013-12-17,176/027,176,landsat-7,95.0,47.44212,37.29837879,98.0
landsat,2013-12-16,177/025,177,landsat-8,21.62,50.264804999999996,36.85125981,21.62
landsat,2013-12-14,171/028,171,landsat-7,100.0,46.022555,44.49430847,100.0
landsat,2013-12-14,171/027,171,landsat-7,89.0,47.43889,45.04189374,89.0
landsat,2013-12-14,171/026,171,landsat-7,99.0,48.856795000000005,45.60820402,99.0
landsat,2013-12-14,171/025,171,landsat-7,88.0,50.269954999999996,46.217584360000004,88.0
landsat,2013-12-13,172/029,172,landsat-8,0.83,44.594989999999996,42.378058515000006,0.83
landsat,2013-12-13,172/028,172,landsat-8,7.03,46.01579,42.891608785,7.03
landsat,2013-12-13,172/027,172,landsat-8,0.13,47.43423,43.427734085,0.13
landsat,2013-12-13,172/026,172,landsat-8,1.33,48.849869999999996,44.00065941,1.33
landsat,2013-12-13,172/025,172,landsat-8,19.11,50.26378,44.60103976,19.11
landsat,2013-12-12,173/028,173,landsat-7,28.0,46.02248,41.437603375,28.0
landsat,2013-12-12,173/027,173,landsat-7,31.0,47.443529999999996,41.969293615,31.0
landsat,2013-12-12,173/026,173,landsat-7,12.0,48.857420000000005,42.46749412,12.0
landsat,2013-12-12,173/025,173,landsat-7,14.0,50.269875,43.06492948499999,14.0
landsat,2013-12-11,174/029,174,landsat-8,35.42,44.593595,39.320793455,37.36
landsat,2013-12-11,174/028,174,landsat-8,14.82,46.01665,39.844748715,14.87
landsat,2013-12-11,174/027,174,landsat-8,28.96,47.435435,40.393699,29.48
landsat,2013-12-11,174/026,174,landsat-8,58.14,48.850995,40.96339431,58.14
landsat,2013-12-11,174/025,174,landsat-8,44.06,50.26576,41.55518464,44.06
landsat,2013-12-10,175/026,175,landsat-7,71.0,48.857455,39.416389030000005,71.0
landsat,2013-12-10,175/025,175,landsat-7,50.0,50.27025,40.026389370000004,50.0
landsat,2013-12-09,176/028,176,landsat-8,25.74,46.01648,36.70936879,14.99
landsat,2013-12-09,176/027,176,landsat-8,56.34,47.435715,37.24376409,63.09
landsat,2013-12-09,176/026,176,landsat-8,95.52,48.85095,37.81469441,95.52
landsat,2013-12-09,176/025,176,landsat-8,82.7,50.26444,38.41373477,82.7
landsat,2013-12-08,177/025,177,landsat-7,73.0,50.274675,36.869009469999995,73.0
landsat,2013-12-06,171/029,171,landsat-8,35.44,44.593419999999995,43.930963485,35.44
landsat,2013-12-06,171/028,171,landsat-8,33.77,46.015335,44.456058755,33.77
landsat,2013-12-06,171/027,171,landsat-8,2.08,47.434585,45.005419045,2.08
landsat,2013-12-06,171/026,171,landsat-8,21.11,48.851315,45.577899365,21.11
landsat,2013-12-06,171/025,171,landsat-8,83.78,50.266145,46.180869705,83.78
landsat,2013-12-05,172/028,172,landsat-7,31.0,46.021924999999996,42.917643515,31.0
landsat,2013-12-05,172/027,172,landsat-7,73.0,47.4428,43.45034878,73.0
landsat,2013-12-05,172/026,172,landsat-7,100.0,48.85561,44.021054075,100.0
landsat,2013-12-05,172/025,172,landsat-7,100.0,50.26806,44.633914430000004,100.0
landsat,2013-12-04,173/029,173,landsat-8,11.93,44.594625,40.889353415,11.93
landsat,2013-12-04,173/028,173,landsat-8,83.75,46.016055,41.40939366,83.75
landsat,2013-12-04,173/027,173,landsat-8,80.14,47.435784999999996,41.94838394,80.14
landsat,2013-12-04,173/026,173,landsat-8,100.0,48.851375000000004,42.44399444,100.0
landsat,2013-12-04,173/025,173,landsat-8,99.99,50.26514,43.028159814999995,99.99
landsat,2013-12-03,174/028,174,landsat-7,79.0,46.023444999999995,39.87703842,79.0
landsat,2013-12-03,174/027,174,landsat-7,85.0,47.44345,40.41787868,85.0
landsat,2013-12-03,174/026,174,landsat-7,89.0,48.857515,40.98679396,89.0
landsat,2013-12-03,174/025,174,landsat-7,81.0,50.270555,41.58778429,81.0
landsat,2013-12-02,175/028,175,landsat-8,64.58,46.015845,38.282178755000004,71.14
landsat,2013-12-02,175/027,175,landsat-8,51.62,47.433165,38.82880405,59.47
landsat,2013-12-02,175/026,175,landsat-8,97.05,48.85059,39.40244937,97.05
landsat,2013-12-02,175/025,175,landsat-8,92.28,50.264894999999996,40.006564714999996,92.28
landsat,2013-12-01,176/028,176,landsat-7,100.0,46.02137999999999,36.74127851,100.0
landsat,2013-12-01,176/027,176,landsat-7,100.0,47.44167,37.268603784999996,100.0
landsat,2013-12-01,176/026,176,landsat-7,100.0,48.85682,37.8498591,100.0
landsat,2013-12-01,176/025,176,landsat-7,95.0,50.272795,38.44260942,95.0
landsat,2013-11-30,177/025,177,landsat-8,67.6,50.26629,36.85749982,67.6
landsat,2013-11-28,171/028,171,landsat-7,100.0,46.021175,44.492368465,100.0
landsat,2013-11-28,171/027,171,landsat-7,98.0,47.441559999999996,45.03175873,98.0
landsat,2013-11-28,171/026,171,landsat-7,74.0,48.85808,45.614529035000004,74.0
landsat,2013-11-28,171/025,171,landsat-7,51.0,50.267245,46.21536436,51.0
landsat,2013-11-27,172/029,172,landsat-8,100.0,44.595405,42.39693852,100.0
landsat,2013-11-26,173/028,173,landsat-7,100.0,46.021045,41.44137337,100.0
landsat,2013-11-26,173/027,173,landsat-7,100.0,47.44343,41.973268615,100.0
landsat,2013-11-26,173/026,173,landsat-7,13.0,48.859045,42.481539139999995,13.0
landsat,2013-11-26,173/025,173,landsat-7,4.0,50.269875,43.06492948499999,4.0
landsat,2013-11-25,174/029,174,landsat-8,30.58,44.59488,39.34773845,31.97
landsat,2013-11-25,174/028,174,landsat-8,22.36,46.016459999999995,39.872403715000004,22.14
landsat,2013-11-25,174/027,174,landsat-8,57.02,47.435115,40.422104,56.41
landsat,2013-11-25,174/026,174,landsat-8,0.81,48.851935,40.989929305000004,0.81
landsat,2013-11-25,174/025,174,landsat-8,0.08,50.26657,41.58054465,0.08
landsat,2013-11-24,175/028,175,landsat-7,34.0,46.02306,38.314763475,35.0
landsat,2013-11-24,175/027,175,landsat-7,89.0,47.43749,38.861498745,87.0
landsat,2013-11-24,175/026,175,landsat-7,45.0,48.856105,39.42679402,45.0
landsat,2013-11-24,175/025,175,landsat-7,58.0,50.270145,40.03927937,58.0
landsat,2013-11-23,176/028,176,landsat-8,15.49,46.015795,36.744323785,19.98
landsat,2013-11-23,176/027,176,landsat-8,83.2,47.43488,37.277694085,88.35
landsat,2013-11-23,176/026,176,landsat-8,100.0,48.851259999999996,37.84811441,100.0
landsat,2013-11-23,176/025,176,landsat-8,99.26,50.264579999999995,38.44817477,99.26
landsat,2013-11-22,177/025,177,landsat-7,100.0,50.27227,36.88595947,100.0
landsat,2013-11-20,171/029,171,landsat-8,81.36,44.593685,43.959833485,81.36
landsat,2013-11-20,171/028,171,landsat-8,76.22,46.015474999999995,44.485688755,76.22
landsat,2013-11-20,171/027,171,landsat-8,51.21,47.43459,45.033839045,51.21
landsat,2013-11-20,171/026,171,landsat-8,3.47,48.84989,45.607109359999995,3.47
landsat,2013-11-20,171/025,171,landsat-8,3.96,50.265915,46.20884471,3.96
landsat,2013-11-19,172/028,172,landsat-7,0.0,46.020979999999994,42.940973505,0.0
landsat,2013-11-19,172/027,172,landsat-7,0.0,47.44175,43.474748774999995,0.0
landsat,2013-11-19,172/026,172,landsat-7,0.0,48.857195,44.056399095,0.0
landsat,2013-11-19,172/025,172,landsat-7,0.0,50.27352,44.648959405,0.0
landsat,2013-11-18,173/029,173,landsat-8,43.22,44.594315,40.910103414999995,43.22
landsat,2013-11-18,173/028,173,landsat-8,99.36,46.01566,41.428753665,99.36
landsat,2013-11-17,174/028,174,landsat-7,41.0,46.024685,39.892858425,41.0
landsat,2013-11-17,174/027,174,landsat-7,31.0,47.440475,40.44218869,31.0
landsat,2013-11-17,174/026,174,landsat-7,78.0,48.858595,41.00324397,78.0
landsat,2013-11-17,174/025,174,landsat-7,94.0,50.272885,41.604759290000004,94.0
landsat,2013-11-16,175/028,175,landsat-8,74.41,46.015910000000005,38.294033755,64.18
landsat,2013-11-16,175/027,175,landsat-8,98.12,47.433175,38.84098405,97.8
landsat,2013-11-16,175/026,175,landsat-8,99.27,48.850555,39.41498437,99.27
landsat,2013-11-16,175/025,175,landsat-8,97.65,50.2648,40.01947472,97.65
landsat,2013-11-15,176/028,176,landsat-7,20.0,46.022965,36.754703515,27.0
landsat,2013-11-15,176/027,176,landsat-7,7.0,47.4433,37.284583775,8.0
landsat,2013-11-15,176/026,176,landsat-7,36.0,48.858329999999995,37.864394105,36.0
landsat,2013-11-15,176/025,176,landsat-7,76.0,50.268834999999996,38.464099435,76.0
landsat,2013-11-12,171/028,171,landsat-7,95.0,46.022535000000005,44.496283469999995,95.0
landsat,2013-11-12,171/027,171,landsat-7,23.0,47.437515,45.043913735000004,23.0
landsat,2013-11-12,171/026,171,landsat-7,52.0,48.856795000000005,45.60820402,52.0
landsat,2013-11-11,172/029,172,landsat-8,39.14,44.595325,42.393163515,39.14
landsat,2013-11-11,172/028,172,landsat-8,92.88,46.016115,42.90716879,92.88
landsat,2013-11-11,172/027,172,landsat-8,90.84,47.434435,43.443974085,90.84
landsat,2013-11-11,172/026,172,landsat-8,67.99,48.85001,44.01528441,67.99
landsat,2013-11-11,172/025,172,landsat-8,46.28,50.265195,44.61608477,46.28
landsat,2013-11-10,173/028,173,landsat-7,0.0,46.02127,41.43158336,0.0
landsat,2013-11-10,173/027,173,landsat-7,1.0,47.440535,41.98114362,1.0
landsat,2013-11-10,173/026,173,landsat-7,14.0,48.858850000000004,42.471459124999996,14.0
landsat,2013-11-10,173/025,173,landsat-7,20.0,50.26839,43.056729465000004,20.0
landsat,2013-11-09,174/029,174,landsat-8,0.38,44.593575,39.338118455,0.46
landsat,2013-11-09,174/028,174,landsat-8,5.03,46.016515,39.864503715,5.04
landsat,2013-11-09,174/027,174,landsat-8,33.4,47.435204999999996,40.413989,33.28
landsat,2013-11-09,174/026,174,landsat-8,82.86,48.85073,40.97974431,82.86
landsat,2013-11-09,174/025,174,landsat-8,93.74,50.266755,41.572134645,93.74
landsat,2013-11-08,175/028,175,landsat-7,33.0,46.02169,38.31085347,40.0
landsat,2013-11-08,175/027,175,landsat-7,17.0,47.44153,38.85339373,19.0
landsat,2013-11-08,175/026,175,landsat-7,73.0,48.85477,39.422624025000005,73.0
landsat,2013-11-08,175/025,175,landsat-7,98.0,50.270134999999996,40.03712937,98.0
landsat,2013-11-07,176/028,176,landsat-8,77.07,46.016845,36.72873379000001,79.18
landsat,2013-11-07,176/027,176,landsat-8,60.26,47.434709999999995,37.265764085,65.8
landsat,2013-11-07,176/026,176,landsat-8,68.37,48.851145,37.83558441,68.37
landsat,2013-11-07,176/025,176,landsat-8,66.57,50.26452999999999,38.43525977,66.57
landsat,2013-11-06,177/025,177,landsat-7,2.0,50.271,36.890064484999996,2.0
landsat,2013-11-04,171/029,171,landsat-8,47.69,44.593655,43.955983485000004,47.69
landsat,2013-11-04,171/028,171,landsat-8,64.0,46.015465,44.481738755,64.0
landsat,2013-11-04,171/027,171,landsat-8,91.78,47.43459,45.029779045,91.78
landsat,2013-11-04,171/026,171,landsat-8,86.49,48.85122,45.605054365,86.49
landsat,2013-11-04,171/025,171,landsat-8,93.84,50.265905000000004,46.20668971,93.84
landsat,2013-11-03,172/028,172,landsat-7,37.0,46.023475000000005,42.9293385,37.0
landsat,2013-11-03,172/027,172,landsat-7,58.0,47.438955,43.466723775,58.0
landsat,2013-11-03,172/026,172,landsat-7,55.0,48.854485,44.050199094999996,55.0
landsat,2013-11-03,172/025,172,landsat-7,58.0,50.27078,44.642534409999996,58.0
landsat,2013-11-02,173/029,173,landsat-8,1.15,44.594205,40.915803415,1.15
landsat,2013-11-02,173/028,173,landsat-8,0.09,46.015564999999995,41.434528665,0.09
landsat,2013-11-02,173/027,173,landsat-8,1.53,47.435085,41.97619894,1.53
landsat,2013-11-02,173/026,173,landsat-8,13.4,48.851915000000005,42.470509445,13.4
landsat,2013-11-02,173/025,173,landsat-8,79.06,50.265609999999995,43.057614814999994,79.06
landsat,2013-11-01,174/028,174,landsat-7,0.0,46.022055,39.886808405,0.0
landsat,2013-11-01,174/027,174,landsat-7,0.0,47.440475,40.44421869,0.0
landsat,2013-11-01,174/026,174,landsat-7,0.0,48.859875,41.007338965,0.0
landsat,2013-11-01,174/025,174,landsat-7,3.0,50.274145000000004,41.6090893,3.0
landsat,2013-10-31,175/028,175,landsat-8,80.75,46.016015,38.307863755,70.43
landsat,2013-10-31,175/027,175,landsat-8,99.91,47.433185,38.85722405,99.89
landsat,2013-10-31,175/026,175,landsat-8,44.56,48.850505,39.43168937,44.56
landsat,2013-10-31,175/025,175,landsat-8,81.44,50.266045000000005,40.032389710000004,81.44
landsat,2013-10-30,176/028,176,landsat-7,49.0,46.02287,36.749098495,43.0
landsat,2013-10-30,176/027,176,landsat-7,85.0,47.44072,37.294403795,83.0
landsat,2013-10-30,176/026,176,landsat-7,25.0,48.858305,37.858259085,25.0
landsat,2013-10-30,176/025,176,landsat-7,65.0,50.270165000000006,38.45983442,65.0
landsat,2013-10-29,177/025,177,landsat-8,69.39,50.265455,36.88705981,69.39
landsat,2013-10-27,171/028,171,landsat-7,48.0,46.01851,44.494363465,48.0
landsat,2013-10-27,171/027,171,landsat-7,58.0,47.438895,45.033783729999996,58.0
landsat,2013-10-26,172/029,172,landsat-8,0.08,44.595805,42.413963515,0.08
landsat,2013-10-26,172/028,172,landsat-8,18.76,46.016465,42.92843879,18.76
landsat,2013-10-26,172/027,172,landsat-8,66.41,47.434685,43.464269085,66.41
landsat,2013-10-26,172/026,172,landsat-8,92.84,48.851505,44.03825941,92.84
landsat,2013-10-26,172/025,172,landsat-8,98.43,50.263905,44.63763976,98.43
landsat,2013-10-25,173/028,173,landsat-7,1.0,46.022615,41.431598355,1.0
landsat,2013-10-25,173/027,173,landsat-7,3.0,47.441885,41.98126863,3.0
landsat,2013-10-25,173/026,173,landsat-7,5.0,48.860195,42.47143912,5.0
landsat,2013-10-25,173/025,173,landsat-7,17.0,50.27115,43.058764465,17.0
landsat,2013-10-24,174/029,174,landsat-8,7.61,44.59489,39.35351345,8.41
landsat,2013-10-24,174/028,174,landsat-8,0.02,46.016405,39.880303715,0.02
landsat,2013-10-24,174/027,174,landsat-8,0.03,47.43502,40.430219,0.03
landsat,2013-10-24,174/026,174,landsat-8,0.0,48.8518,40.998109305,0.0
landsat,2013-10-24,174/025,174,landsat-8,0.0,50.266465,41.586809645,0.0
landsat,2013-10-23,175/028,175,landsat-7,100.0,46.020325,38.306908475,100.0
landsat,2013-10-23,175/027,175,landsat-7,82.0,47.441525,38.84933373,79.0
landsat,2013-10-23,175/026,175,landsat-7,12.0,48.857445,39.43101404,12.0
landsat,2013-10-23,175/025,175,landsat-7,0.0,50.26753,40.03277437,0.0
landsat,2013-10-22,176/028,176,landsat-8,42.23,46.01572,36.740448785,34.98
landsat,2013-10-22,176/027,176,landsat-8,91.62,47.434825000000004,37.275664085,90.15
landsat,2013-10-17,173/029,173,landsat-8,54.99,44.594260000000006,40.912023415,54.99
landsat,2013-10-17,173/028,173,landsat-8,92.01,46.01566,41.428753665,92.01
landsat,2013-10-17,173/027,173,landsat-8,95.71,47.43528499999999,41.96825394,95.71
landsat,2013-10-17,173/026,173,landsat-8,62.36,48.85183,42.466429445,62.36
landsat,2013-10-17,173/025,173,landsat-8,70.39,50.265475,43.049199810000005,70.39
landsat,2013-10-16,174/028,174,landsat-7,22.0,46.019465,39.870988409999995,22.0
landsat,2013-10-16,174/027,174,landsat-7,34.0,47.437965,40.42793369,33.0
landsat,2013-10-15,175/028,175,landsat-8,62.24,46.015910000000005,38.294033755,63.86
landsat,2013-10-15,175/027,175,landsat-8,98.1,47.433175,38.84504405,97.78
landsat,2013-10-15,175/026,175,landsat-8,99.99,48.850545,39.41915937,99.99
landsat,2013-10-15,175/025,175,landsat-8,78.93,50.2648,40.01947472,78.93
landsat,2013-10-13,177/025,177,landsat-8,87.15,50.265095,36.868084815,87.15
landsat,2013-10-11,171/028,171,landsat-7,100.0,46.01716,44.494363469999996,100.0
landsat,2013-10-11,171/027,171,landsat-7,88.0,47.44027,45.031758725,88.0
landsat,2013-10-11,171/026,171,landsat-7,85.0,48.85675,45.61661904,85.0
landsat,2013-10-11,171/025,171,landsat-7,100.0,50.267255,46.217514359999996,100.0
landsat,2013-10-10,172/029,172,landsat-8,0.11,44.59549,42.40071352,0.11
landsat,2013-10-10,172/028,172,landsat-8,1.71,46.01619,42.91294379,1.71
landsat,2013-10-10,172/027,172,landsat-8,62.02,47.434485,43.450064085,62.02
landsat,2013-10-10,172/026,172,landsat-8,100.0,48.850075,44.02363441,100.0
landsat,2013-10-10,172/025,172,landsat-8,100.0,50.26522,44.624694770000005,100.0
landsat,2013-10-09,173/028,173,landsat-7,22.0,46.01835,41.44125337,22.0
landsat,2013-10-09,173/027,173,landsat-7,99.0,47.439385,41.972988605,99.0
landsat,2013-10-09,173/026,173,landsat-7,100.0,48.85642,42.48375414,100.0
landsat,2013-10-09,173/025,173,landsat-7,100.0,50.27122,43.062969465,100.0
landsat,2013-10-08,174/029,174,landsat-8,11.31,44.594885000000005,39.34388845,9.32
landsat,2013-10-08,174/028,174,landsat-8,10.64,46.01511,39.87240372,10.37
landsat,2013-10-08,174/027,174,landsat-8,27.47,47.435115,40.422104,27.16
landsat,2013-10-08,174/026,174,landsat-8,37.63,48.85194,40.987929304999994,37.63
landsat,2013-10-08,174/025,174,landsat-8,97.35,50.26657,41.58054465,97.35
landsat,2013-10-07,175/028,175,landsat-7,27.0,46.02441,38.308883460000004,16.0
landsat,2013-10-07,175/027,175,landsat-7,97.0,47.438835,38.85745373,97.0
landsat,2013-10-07,175/026,175,landsat-7,100.0,48.854715,39.439329040000004,100.0
landsat,2013-10-07,175/025,175,landsat-7,100.0,50.271575,40.032774355,100.0
landsat,2013-10-06,176/028,176,landsat-8,94.44,46.01566,36.738478785,90.93
landsat,2013-10-06,176/027,176,landsat-8,94.12,47.43482,37.273714084999995,95.96
landsat,2013-10-06,176/026,176,landsat-8,53.55,48.849869999999996,37.843939414999994,53.55
landsat,2013-10-06,176/025,176,landsat-8,94.05,50.264565,38.44386977,94.05
landsat,2013-10-05,177/025,177,landsat-7,100.0,50.2671,36.89654949,100.0
landsat,2013-10-03,171/029,171,landsat-8,97.07,44.593675000000005,43.961758485000004,97.07
landsat,2013-10-03,171/026,171,landsat-8,96.24,48.851205,45.609234365,96.24
landsat,2013-10-03,171/025,171,landsat-8,40.82,50.265825,46.21529971,40.82
landsat,2013-10-01,173/029,173,landsat-8,76.65,44.594139999999996,40.919578415000004,76.65
landsat,2013-10-01,173/028,173,landsat-8,88.14,46.01542,41.440368665,88.14
landsat,2013-10-01,173/027,173,landsat-8,80.03,47.435010000000005,41.978218940000005,80.03
landsat,2013-10-01,173/026,173,landsat-8,21.24,48.852000000000004,42.474599444999996,21.24
landsat,2013-10-01,173/025,173,landsat-8,80.4,50.26568,43.061824814999994,80.4
landsat,2013-09-30,174/028,174,landsat-7,63.0,46.020675,39.89075341,63.0
landsat,2013-09-30,174/027,174,landsat-7,34.0,47.439035,40.452323695000004,35.0
landsat,2013-09-30,174/026,174,landsat-7,71.0,48.85556,41.023663975000005,71.0
landsat,2013-09-30,174/025,174,landsat-7,74.0,50.271515,41.60659427,74.0
landsat,2013-09-29,175/028,175,landsat-8,78.68,46.016000000000005,38.309843755,83.36
landsat,2013-09-29,175/027,175,landsat-8,88.82,47.43316,38.859254050000004,87.66
landsat,2013-09-29,175/026,175,landsat-8,82.15,48.85047,39.433779369999996,82.15
landsat,2013-09-29,175/025,175,landsat-8,79.75,50.266005,40.036694714999996,79.75
landsat,2013-09-28,176/025,176,landsat-7,62.0,50.27159,38.470579415,62.0
landsat,2013-09-27,177/025,177,landsat-8,100.0,50.265455,36.88705981,100.0
landsat,2013-09-25,171/025,171,landsat-7,70.0,50.26849,46.23247934,70.0
landsat,2013-09-24,172/026,172,landsat-8,93.44,48.851505,44.03825941,93.44
landsat,2013-09-24,172/025,172,landsat-8,70.29,50.26388,44.63978976,70.29
landsat,2013-09-23,173/028,173,landsat-7,60.0,46.021895,41.466613370000005,60.0
landsat,2013-09-23,173/027,173,landsat-7,68.0,47.437235,42.00483362,68.0
landsat,2013-09-23,173/026,173,landsat-7,87.0,48.856669999999994,42.49621411,87.0
landsat,2013-09-23,173/025,173,landsat-7,82.0,50.270335,43.09232448,82.0
landsat,2013-09-22,174/029,174,landsat-8,30.91,44.59486,39.35543845,35.58
landsat,2013-09-22,174/028,174,landsat-8,44.78,46.016369999999995,39.882278715,44.89
landsat,2013-09-22,174/027,174,landsat-8,42.63,47.43502,40.430219,43.13
landsat,2013-09-22,174/026,174,landsat-8,40.12,48.85174,41.000189305,40.12
landsat,2013-09-22,174/025,174,landsat-8,69.73,50.266375,41.591009645,69.73
landsat,2013-09-21,175/027,175,landsat-7,78.0,47.4375,38.885818744999995,78.0
landsat,2013-09-19,177/025,177,landsat-7,89.0,50.266040000000004,36.913489485,89.0
landsat,2013-09-17,171/029,171,landsat-8,79.13,44.593644999999995,43.957913485,79.13
landsat,2013-09-17,171/028,171,landsat-8,72.7,46.015445,44.483713755,72.7
landsat,2013-09-17,171/027,171,landsat-8,82.68,47.434565,45.031809045,82.68
landsat,2013-09-17,171/026,171,landsat-8,55.24,48.84984,45.60710436,55.24
landsat,2013-09-17,171/025,171,landsat-8,23.3,50.265865000000005,46.21099471,23.3
landsat,2013-09-16,172/028,172,landsat-7,80.0,46.021035,42.943023495,80.0
landsat,2013-09-16,172/027,172,landsat-7,63.0,47.440655,43.492903784999996,63.0
landsat,2013-09-16,172/026,172,landsat-7,54.0,48.858605,44.056454079999995,54.0
landsat,2013-09-15,173/029,173,landsat-8,63.33,44.594260000000006,40.912023415,63.33
landsat,2013-09-15,173/028,173,landsat-8,57.56,46.01566,41.428753665,57.56
landsat,2013-09-15,173/027,173,landsat-8,63.62,47.43521,41.97027394,63.62
landsat,2013-09-15,173/026,173,landsat-8,87.78,48.85183,42.466429445,87.78
landsat,2013-09-15,173/025,173,landsat-8,85.94,50.26548,43.051259810000005,85.94
landsat,2013-09-13,175/028,175,landsat-8,11.4,46.015910000000005,38.294033755,10.13
landsat,2013-09-13,175/027,175,landsat-8,17.3,47.433144999999996,38.84301405,20.22
landsat,2013-09-13,175/026,175,landsat-8,34.66,48.85052,39.41706937,34.66
landsat,2013-09-13,175/025,175,landsat-8,36.49,50.2648,40.01947472,36.49
landsat,2013-09-12,176/025,176,landsat-7,26.0,50.268865,38.472759409999995,26.0
landsat,2013-09-11,177/025,177,landsat-8,21.59,50.26509,36.866024815,21.59
landsat,2013-09-09,171/028,171,landsat-7,97.0,46.018585,44.508193455,97.0
landsat,2013-09-09,171/027,171,landsat-7,86.0,47.436195,45.066213739999995,86.0
landsat,2013-09-09,171/026,171,landsat-7,73.0,48.855365000000006,45.631144025,73.0
landsat,2013-09-08,172/029,172,landsat-8,60.01,44.59534,42.395018515,60.01
landsat,2013-09-08,172/028,172,landsat-8,92.26,46.01612,42.909068790000006,92.26
landsat,2013-09-08,172/027,172,landsat-8,61.67,47.434435,43.446004085,61.67
landsat,2013-09-08,172/026,172,landsat-8,58.18,48.85003,44.021549410000006,58.18
landsat,2013-09-08,172/025,172,landsat-8,71.22,50.263835,44.622569760000005,71.22
landsat,2013-09-06,174/029,174,landsat-8,76.22,44.593545000000006,39.340043455,73.36
landsat,2013-09-06,174/028,174,landsat-8,72.52,46.01648,39.866478715,72.42
landsat,2013-09-06,174/027,174,landsat-8,95.86,47.435155,40.416014,95.81
landsat,2013-09-06,174/026,174,landsat-8,98.14,48.852005,40.983844305,98.14
landsat,2013-09-06,174/025,174,landsat-8,79.54,50.26666,41.576339649999994,79.54
landsat,2013-09-05,175/028,175,landsat-7,80.0,46.01911,38.328673460000005,81.0
landsat,2013-09-05,175/027,175,landsat-7,78.0,47.437529999999995,38.887848745,79.0
landsat,2013-09-04,176/028,176,landsat-8,85.72,46.016845,36.72873379000001,87.15
landsat,2013-09-04,176/027,176,landsat-8,71.72,47.434655,37.263734084999996,66.41
landsat,2013-09-04,176/026,176,landsat-8,61.12,48.851145,37.83558441,61.12
landsat,2013-09-04,176/025,176,landsat-8,93.36,50.26452999999999,38.43525977,93.36
landsat,2013-09-03,177/025,177,landsat-7,100.0,50.26994,36.90711447,100.0
landsat,2013-09-01,171/026,171,landsat-8,100.0,48.851259999999996,45.596699365,100.0
landsat,2013-09-01,171/025,171,landsat-8,99.98,50.26459,46.200229715,99.98
landsat,2013-08-30,173/029,173,landsat-8,26.05,44.59439,40.902608415,26.05
landsat,2013-08-30,173/028,173,landsat-8,43.28,46.015815,41.421003665,43.28
landsat,2013-08-30,173/027,173,landsat-8,33.49,47.435410000000005,41.96232894,33.49
landsat,2013-08-30,173/026,173,landsat-8,10.29,48.851654999999994,42.458254445,10.29
landsat,2013-08-30,173/025,173,landsat-8,48.76,50.26541,43.04499481,48.76
landsat,2013-08-29,174/025,174,landsat-7,15.0,50.26990000000001,41.61918428,15.0
landsat,2013-08-28,175/028,175,landsat-8,34.8,46.01589,38.290083755,23.81
landsat,2013-08-28,175/027,175,landsat-8,78.92,47.43315,38.83895405,79.7
landsat,2013-08-28,175/026,175,landsat-8,88.63,48.850535,39.412894370000004,88.63
landsat,2013-08-28,175/025,175,landsat-8,91.55,50.26483,40.015174715,91.55
landsat,2013-08-27,176/025,176,landsat-7,98.0,50.268985,38.496339434999996,98.0
landsat,2013-08-26,177/025,177,landsat-8,33.93,50.26509,36.866024815,33.93
landsat,2013-08-23,172/029,172,landsat-8,0.31,44.595405,42.39693852,0.31
landsat,2013-08-23,172/028,172,landsat-8,6.79,46.01619,42.91294379,6.79
landsat,2013-08-23,172/027,172,landsat-8,22.74,47.434485,43.450064085,22.74
landsat,2013-08-23,172/026,172,landsat-8,23.59,48.85003,44.021549410000006,23.59
landsat,2013-08-23,172/025,172,landsat-8,21.47,50.26522,44.624694770000005,21.47
landsat,2013-08-22,173/028,173,landsat-7,9.0,46.02063,41.462558355,9.0
landsat,2013-08-22,173/027,173,landsat-7,22.0,47.435885,42.004618605,22.0
landsat,2013-08-22,173/026,173,landsat-7,13.0,48.851635,42.514639134999996,13.0
landsat,2013-08-22,173/025,173,landsat-7,23.0,50.26763,43.092644455,23.0
landsat,2013-08-21,174/029,174,landsat-8,3.87,44.59486,39.34581345,4.58
landsat,2013-08-21,174/028,174,landsat-8,1.75,46.016459999999995,39.872403715000004,1.76
landsat,2013-08-21,174/027,174,landsat-8,5.47,47.435115,40.422104,5.55
landsat,2013-08-21,174/026,174,landsat-8,7.9,48.851875,40.99201431,7.9
landsat,2013-08-21,174/025,174,landsat-8,2.46,50.266555,41.58260465,2.46
landsat,2013-08-20,175/028,175,landsat-7,12.0,46.020505,38.336563455000004,17.0
landsat,2013-08-20,175/027,175,landsat-7,28.0,47.437505,38.893928745,32.0
landsat,2013-08-20,175/026,175,landsat-7,50.0,48.857344999999995,39.46017903,50.0
landsat,2013-08-20,175/025,175,landsat-7,46.0,50.268635,40.06278435,46.0
landsat,2013-08-19,176/028,176,landsat-8,4.0,46.01566,36.738478785,10.71
landsat,2013-08-19,176/027,176,landsat-8,14.65,47.433475,37.27566909,16.09
landsat,2013-08-19,176/026,176,landsat-8,3.55,48.849914999999996,37.846024415,3.55
landsat,2013-08-19,176/025,176,landsat-8,4.09,50.264579999999995,38.44817477,4.09
landsat,2013-08-18,177/025,177,landsat-7,21.0,50.266180000000006,36.921904485,21.0
landsat,2013-08-16,171/029,171,landsat-8,6.76,44.59371,43.965608485000004,6.76
landsat,2013-08-16,171/028,171,landsat-8,3.89,46.015495,44.489638755,3.89
landsat,2013-08-16,171/027,171,landsat-8,34.25,47.43459,45.037899045,34.25
landsat,2013-08-16,171/026,171,landsat-8,16.84,48.849835,45.613374359999995,16.84
landsat,2013-08-16,171/025,171,landsat-8,2.3,50.265825,46.21529971,2.3
landsat,2013-08-15,172/028,172,landsat-7,0.0,46.019885,42.95473849,0.0
landsat,2013-08-15,172/027,172,landsat-7,5.0,47.438105,43.505148785,5.0
landsat,2013-08-15,172/026,172,landsat-7,56.0,48.855955,44.06693908,56.0
landsat,2013-08-15,172/025,172,landsat-7,35.0,50.26683,44.670489415000006,35.0
landsat,2013-08-14,173/029,173,landsat-8,10.79,44.594139999999996,40.919578415000004,10.79
landsat,2013-08-14,173/028,173,landsat-8,1.15,46.015485,41.438398665,1.15
landsat,2013-08-14,173/027,173,landsat-8,12.38,47.435010000000005,41.978218940000005,12.38
landsat,2013-08-14,173/026,173,landsat-8,32.64,48.852000000000004,42.474599444999996,32.64
landsat,2013-08-14,173/025,173,landsat-8,13.41,50.26568,43.061824814999994,13.41
landsat,2013-08-13,174/028,174,landsat-7,89.0,46.01778,39.918358420000004,89.0
landsat,2013-08-13,174/027,174,landsat-7,60.0,47.43893,40.460268674999995,60.0
landsat,2013-08-13,174/026,174,landsat-7,22.0,48.855284999999995,41.040013974999994,22.0
landsat,2013-08-13,174/025,174,landsat-7,24.0,50.26695,41.62968429,24.0
landsat,2013-08-12,175/028,175,landsat-8,31.62,46.01598,38.305888755,15.94
landsat,2013-08-12,175/027,175,landsat-8,28.18,47.433184999999995,38.853164050000004,25.03
landsat,2013-08-12,175/026,175,landsat-8,8.18,48.85052,39.427509369999996,8.18
landsat,2013-08-12,175/025,175,landsat-8,0.01,50.264695,40.03238972,0.01
landsat,2013-08-11,176/028,176,landsat-7,0.0,46.01679,36.784103509999994,0.0
landsat,2013-08-11,176/027,176,landsat-7,0.0,47.438295,37.312628775,0.0
landsat,2013-08-11,176/026,176,landsat-7,0.0,48.85454,37.8937191,0.0
landsat,2013-08-11,176/025,176,landsat-7,1.0,50.268955000000005,38.487804409999995,1.0
landsat,2013-08-10,177/025,177,landsat-8,8.45,50.26532,36.88070981,8.45
landsat,2013-08-08,171/028,171,landsat-7,2.0,46.021335,44.529843465,2.0
landsat,2013-08-08,171/027,171,landsat-7,12.0,47.43619,45.07837374,12.0
landsat,2013-08-08,171/026,171,landsat-7,33.0,48.853915,45.645704015,33.0
landsat,2013-08-08,171/025,171,landsat-7,38.0,50.26823,46.256179360000004,38.0
landsat,2013-08-07,172/029,172,landsat-8,35.71,44.59574,42.412043515,35.71
landsat,2013-08-07,172/028,172,landsat-8,26.08,46.016395,42.92456379,26.08
landsat,2013-08-07,172/027,172,landsat-8,68.03,47.434635,43.462239085,68.03
landsat,2013-08-07,172/026,172,landsat-8,34.91,48.850170000000006,44.036169415,34.91
landsat,2013-08-07,172/025,172,landsat-8,20.82,50.265254999999996,44.63761977,20.82
landsat,2013-08-06,173/028,173,landsat-7,26.0,46.027060000000006,41.41254337,26.0
landsat,2013-08-06,173/027,173,landsat-7,27.0,47.44827,41.941663605,27.0
landsat,2013-08-06,173/026,173,landsat-7,30.0,48.8622,42.43861412,30.0
landsat,2013-08-06,173/025,173,landsat-7,39.0,50.274795,43.033184485,39.0
landsat,2013-08-05,174/029,174,landsat-8,56.56,44.59486,39.35543845,59.68
landsat,2013-08-05,174/028,174,landsat-8,69.09,46.015069999999994,39.88227872,69.01
landsat,2013-08-05,174/027,174,landsat-8,89.9,47.435025,40.432249,90.41
landsat,2013-08-05,174/026,174,landsat-8,73.85,48.85174,41.000189305,73.85
landsat,2013-08-05,174/025,174,landsat-8,86.24,50.266375,41.591009645,86.24
landsat,2013-08-04,175/028,175,landsat-7,87.0,46.025545,38.275348455,84.0
landsat,2013-08-04,175/027,175,landsat-7,92.0,47.442859999999996,38.833103745,91.0
landsat,2013-08-04,175/026,175,landsat-7,72.0,48.86162,39.395559025,72.0
landsat,2013-08-04,175/025,175,landsat-7,65.0,50.27581,40.005019375,65.0
landsat,2013-08-03,176/028,176,landsat-8,21.79,46.01581,36.746228785,36.16
landsat,2013-08-03,176/027,176,landsat-8,64.74,47.433585,37.281674089999996,63.29
landsat,2013-08-03,176/026,176,landsat-8,85.29,48.84995000000001,37.852294415,85.29
landsat,2013-08-03,176/025,176,landsat-8,98.78,50.26464,38.45463477,98.78
landsat,2013-08-02,177/025,177,landsat-7,36.0,50.275945,36.862509485000004,36.0
landsat,2013-08-01,170/028,170,landsat-7,19.0,46.024964999999995,46.0386984,19.0
landsat,2013-07-31,171/029,171,landsat-8,32.54,44.59375,43.967533485000004,32.54
landsat,2013-07-31,171/028,171,landsat-8,56.89,46.01551,44.493588755,56.89
landsat,2013-07-31,171/027,171,landsat-8,78.62,47.43459,45.041959045,78.62
landsat,2013-07-31,171/026,171,landsat-8,74.44,48.851165,45.617584365,74.44
landsat,2013-07-31,171/025,171,landsat-8,32.0,50.26578,46.21959971,32.0
landsat,2013-07-30,172/028,172,landsat-7,33.0,46.024550000000005,42.913663514999996,33.0
landsat,2013-07-30,172/027,172,landsat-7,53.0,47.44545,43.44418378,53.0
landsat,2013-07-30,172/026,172,landsat-7,75.0,48.861050000000006,44.022974090000005,75.0
landsat,2013-07-30,172/025,172,landsat-7,72.0,50.27748,44.614529415,72.0
landsat,2013-07-29,173/029,173,landsat-8,66.21,44.59408,40.92335841,66.21
landsat,2013-07-29,173/028,173,landsat-8,40.71,46.015405,41.442273665,40.71
landsat,2013-07-29,173/027,173,landsat-8,63.89,47.434884999999994,41.98414894,63.89
landsat,2013-07-29,173/026,173,landsat-8,58.79,48.85074,42.47869945,58.79
landsat,2013-07-29,173/025,173,landsat-8,72.48,50.265744999999995,43.066034814999995,72.48
landsat,2013-07-28,174/028,174,landsat-7,5.0,46.027640000000005,39.859288410000005,5.0
landsat,2013-07-28,174/027,174,landsat-7,32.0,47.444990000000004,40.405728675,33.0
landsat,2013-07-28,174/026,174,landsat-7,76.0,48.86163,40.983013975,76.0
landsat,2013-07-28,174/025,174,landsat-7,98.0,50.277805,41.564829274999994,98.0
landsat,2013-07-27,175/028,175,landsat-8,39.01,46.01602,38.313788755000004,49.69
landsat,2013-07-27,175/027,175,landsat-8,30.23,47.433189999999996,38.86128405,33.82
landsat,2013-07-27,175/026,175,landsat-8,37.76,48.85049,39.43586937,37.76
landsat,2013-07-27,175/025,175,landsat-8,66.0,50.26463,40.04099972,66.0
landsat,2013-07-26,176/028,176,landsat-7,4.0,46.029165,36.723628500000004,12.0
landsat,2013-07-26,176/027,176,landsat-7,25.0,47.44425,37.25860878,25.0
landsat,2013-07-26,176/026,176,landsat-7,43.0,48.86081,37.837274095,43.0
landsat,2013-07-26,176/025,176,landsat-7,88.0,50.27681,38.427529414999995,88.0
landsat,2013-07-25,177/025,177,landsat-8,82.33,50.26553,36.891264809999996,82.33
landsat,2013-07-23,171/028,171,landsat-7,37.0,46.023865,44.476558465,37.0
landsat,2013-07-23,171/027,171,landsat-7,14.0,47.44431,45.01554372,14.0
landsat,2013-07-23,171/026,171,landsat-7,35.0,48.860895,45.595794035,35.0
landsat,2013-07-23,171/025,171,landsat-7,52.0,50.276984999999996,46.18972935,52.0
landsat,2013-07-22,172/029,172,landsat-8,52.71,44.596055,42.425293515,52.71
landsat,2013-07-22,172/028,172,landsat-8,5.83,46.015315,42.940148785,5.83
landsat,2013-07-22,172/027,172,landsat-8,7.55,47.43483500000001,43.476444085,7.55
landsat,2013-07-22,172/026,172,landsat-8,9.71,48.85025,44.050794415,9.71
landsat,2013-07-22,172/025,172,landsat-8,18.47,50.26391,44.652704760000006,18.47
landsat,2013-07-21,173/028,173,landsat-7,15.0,46.028325,41.416353355,15.0
landsat,2013-07-21,173/027,173,landsat-7,38.0,47.446325,41.965568625,38.0
landsat,2013-07-21,173/026,173,landsat-7,65.0,48.85994,42.45908413,65.0
landsat,2013-07-21,173/025,173,landsat-7,73.0,50.276205000000004,43.037499464999996,73.0
landsat,2013-07-20,174/029,174,landsat-8,8.11,44.593500000000006,39.368918455,8.37
landsat,2013-07-20,174/028,174,landsat-8,0.39,46.016295,39.89610371,0.39
landsat,2013-07-20,174/027,174,landsat-8,5.69,47.434835,40.446454,5.77
landsat,2013-07-20,174/026,174,landsat-8,14.55,48.851524999999995,41.014459305,14.55
landsat,2013-07-20,174/025,174,landsat-8,6.61,50.266104999999996,41.603629645,6.61
landsat,2013-07-19,175/028,175,landsat-7,7.0,46.02293,38.285243455,9.0
landsat,2013-07-19,175/027,175,landsat-7,28.0,47.44287,38.841213745000005,33.0
landsat,2013-07-19,175/026,175,landsat-7,31.0,48.861595,39.403899025,31.0
landsat,2013-07-19,175/025,175,landsat-7,8.0,50.27574,40.01361937,8.0
landsat,2013-07-18,176/028,176,landsat-8,3.22,46.01601,36.755938785,8.41
landsat,2013-07-18,176/027,176,landsat-8,19.88,47.4337,37.289629090000005,22.78
landsat,2013-07-18,176/026,176,landsat-8,29.05,48.85007,37.862734415,29.05
landsat,2013-07-18,176/025,176,landsat-8,40.57,50.264669999999995,38.46324477,40.57
landsat,2013-07-17,177/025,177,landsat-7,43.0,50.27191,36.86481948,43.0
landsat,2013-07-16,170/028,170,landsat-7,56.0,46.023515,46.050578415000004,56.0
landsat,2013-07-15,171/029,171,landsat-8,3.2,44.593779999999995,43.971378485,3.2
landsat,2013-07-15,171/028,171,landsat-8,42.09,46.015525,44.497543755,42.09
landsat,2013-07-15,171/027,171,landsat-8,95.17,47.433245,45.04601404,95.17
landsat,2013-07-15,171/026,171,landsat-8,99.95,48.851185,45.619674364999995,99.95
landsat,2013-07-15,171/025,171,landsat-8,97.28,50.265745,46.223904705,97.28
landsat,2013-07-14,172/028,172,landsat-7,31.0,46.0232,42.91375851,31.0
landsat,2013-07-14,172/027,172,landsat-7,22.0,47.444100000000006,43.444263770000006,22.0
landsat,2013-07-14,172/026,172,landsat-7,19.0,48.859705000000005,44.022974095,19.0
landsat,2013-07-14,172/025,172,landsat-7,33.0,50.276129999999995,44.614549405,33.0
landsat,2013-07-13,173/029,173,landsat-8,8.58,44.59407,40.92521341,8.58
landsat,2013-07-13,173/028,173,landsat-8,7.53,46.015405,41.442273665,7.53
landsat,2013-07-13,173/027,173,landsat-8,9.96,47.434884999999994,41.98414894,9.96
landsat,2013-07-13,173/026,173,landsat-8,10.7,48.850809999999996,42.480784445,10.7
landsat,2013-07-13,173/025,173,landsat-8,42.88,50.265744999999995,43.066034814999995,42.88
landsat,2013-07-12,174/028,174,landsat-7,3.0,46.02765,39.86126341000001,3.0
landsat,2013-07-12,174/027,174,landsat-7,12.0,47.44615,40.42005869,12.0
landsat,2013-07-12,174/026,174,landsat-7,2.0,48.85893,40.984913975,2.0
landsat,2013-07-12,174/025,174,landsat-7,19.0,50.276445,41.566874285,19.0
landsat,2013-07-11,175/028,175,landsat-8,4.78,46.016000000000005,38.309843755,6.16
landsat,2013-07-11,175/027,175,landsat-8,8.55,47.433215000000004,38.859254050000004,9.88
landsat,2013-07-11,175/026,175,landsat-8,9.89,48.85049,39.43586937,9.89
landsat,2013-07-11,175/025,175,landsat-8,26.6,50.26466,40.03669472,26.6
landsat,2013-07-10,176/028,176,landsat-7,3.0,46.027964999999995,36.731473495,11.0
landsat,2013-07-10,176/027,176,landsat-7,7.0,47.447235000000006,37.27635879,8.0
landsat,2013-07-10,176/026,176,landsat-7,7.0,48.864855,37.83727408,7.0
landsat,2013-07-10,176/025,176,landsat-7,13.0,50.275499999999994,38.43612442,13.0
landsat,2013-07-09,177/025,177,landsat-8,38.28,50.265455,36.88705981,38.28
landsat,2013-07-07,171/028,171,landsat-7,1.0,46.02388,44.480498465,1.0
landsat,2013-07-07,171/027,171,landsat-7,20.0,47.445660000000004,45.019598725,20.0
landsat,2013-07-07,171/026,171,landsat-7,4.0,48.8596,45.58947402,4.0
landsat,2013-07-07,171/025,171,landsat-7,3.0,50.274215,46.19832436,3.0
landsat,2013-07-06,172/029,172,landsat-8,13.23,44.595805,42.413963515,13.23
landsat,2013-07-06,172/028,172,landsat-8,1.47,46.016465,42.92843879,1.47
landsat,2013-07-06,172/027,172,landsat-8,1.04,47.43474,43.468329085,1.04
landsat,2013-07-06,172/026,172,landsat-8,3.03,48.8502,44.040344415,3.03
landsat,2013-07-06,172/025,172,landsat-8,13.7,50.263915,44.64193976,13.7
landsat,2013-07-05,173/028,173,landsat-7,28.0,46.03625,41.426533375,28.0
landsat,2013-07-05,173/027,173,landsat-7,4.0,47.445054999999996,41.963513625000004,4.0
landsat,2013-07-05,173/026,173,landsat-7,10.0,48.865225,42.45281412,10.0
landsat,2013-07-05,173/025,173,landsat-7,21.0,50.276345,43.04580948,21.0
landsat,2013-07-04,174/029,174,landsat-8,76.84,44.59485,39.35928845,74.59
landsat,2013-07-04,174/028,174,landsat-8,3.05,46.01639,39.886228715,3.06
landsat,2013-07-04,174/027,174,landsat-8,10.87,47.434975,40.436308995,10.99
landsat,2013-07-04,174/026,174,landsat-8,28.03,48.85167,41.004279305,28.03
landsat,2013-07-04,174/025,174,landsat-8,24.39,50.26621,41.597359645,24.39
landsat,2013-07-03,175/028,175,landsat-7,69.0,46.028305,38.281228455000004,74.0
landsat,2013-07-03,175/027,175,landsat-7,74.0,47.444235000000006,38.82703373,74.0
landsat,2013-07-03,175/026,175,landsat-7,8.0,48.860235,39.408094039999995,8.0
landsat,2013-07-03,175/025,175,landsat-7,29.0,50.277249999999995,40.00066935,29.0
landsat,2013-07-02,176/028,176,landsat-8,84.53,46.01594,36.752068785,84.35
landsat,2013-07-01,177/025,177,landsat-7,59.0,50.274525,36.85842448,59.0
landsat,2013-06-30,170/028,170,landsat-7,92.0,46.025040000000004,46.032783405,92.0
landsat,2013-06-29,171/029,171,landsat-8,8.94,44.593775,43.973303485,8.94
landsat,2013-06-29,171/028,171,landsat-8,33.69,46.015525,44.497543755,33.69
landsat,2013-06-29,171/027,171,landsat-8,4.11,47.434595,45.046019045,4.11
landsat,2013-06-29,171/026,171,landsat-8,14.55,48.851145,45.621759365,14.55
landsat,2013-06-29,171/025,171,landsat-8,15.65,50.265745,46.223904705,15.65
landsat,2013-06-28,172/028,172,landsat-7,9.0,46.02575,42.902093505,9.0
landsat,2013-06-28,172/027,172,landsat-7,16.0,47.44664,43.429993769999996,16.0
landsat,2013-06-28,172/026,172,landsat-7,11.0,48.8609,44.00008408,11.0
landsat,2013-06-28,172/025,172,landsat-7,23.0,50.274770000000004,44.610229430000004,23.0
landsat,2013-06-27,173/029,173,landsat-8,9.69,44.594145,40.92902822,9.69
landsat,2013-06-27,173/028,173,landsat-8,8.57,46.016795,41.44617346,8.57
landsat,2013-06-27,173/027,173,landsat-8,3.18,47.434960000000004,41.985898715000005,3.18
landsat,2013-06-27,173/026,173,landsat-8,10.52,48.851165,42.48743421,10.52
landsat,2013-06-27,173/025,173,landsat-8,8.15,50.266175000000004,43.07512955,8.15
landsat,2013-06-26,174/028,174,landsat-7,6.0,46.02366,39.853373425,6.0
landsat,2013-06-26,174/027,174,landsat-7,4.0,47.445125000000004,40.39357368,4.0
landsat,2013-06-26,174/026,174,landsat-7,2.0,48.86183,40.970748975,2.0
landsat,2013-06-26,174/025,174,landsat-7,6.0,50.279425,41.55234428,6.0
landsat,2013-06-25,175/028,175,landsat-8,14.13,46.015005,38.322433555,13.73
landsat,2013-06-25,175/027,175,landsat-8,7.05,47.434870000000004,38.86954883,8.04
landsat,2013-06-25,175/026,175,landsat-8,3.77,48.850805,39.443689125,3.77
landsat,2013-06-25,175/025,175,landsat-8,6.67,50.264875,40.046129455,6.67
landsat,2013-06-24,176/028,176,landsat-7,35.0,46.02758,36.710198500000004,49.0
landsat,2013-06-24,176/027,176,landsat-7,24.0,47.44408,37.24471878,28.0
landsat,2013-06-24,176/026,176,landsat-7,27.0,48.859345000000005,37.824764099999996,27.0
landsat,2013-06-24,176/025,176,landsat-7,30.0,50.276754999999994,38.414634415,30.0
landsat,2013-06-23,177/025,177,landsat-8,93.33,50.26603,36.902419565,93.33
landsat,2013-06-21,171/028,171,landsat-7,46.0,46.02245,44.46077347,46.0
landsat,2013-06-20,172/029,172,landsat-8,24.88,44.596270000000004,42.427318325,24.88
landsat,2013-06-20,172/028,172,landsat-8,26.71,46.015565,42.942233585,26.71
landsat,2013-06-20,172/027,172,landsat-8,74.0,47.43517,43.482253865,74.0
landsat,2013-06-20,172/026,172,landsat-8,96.11,48.850615000000005,44.054019170000004,96.11
landsat,2013-06-20,172/025,172,landsat-8,92.33,50.26565,44.655274504999994,92.33
landsat,2013-06-19,173/028,173,landsat-7,25.0,46.027294999999995,41.40084836,25.0
landsat,2013-06-19,173/027,173,landsat-7,47.0,47.445355,41.951593625,47.0
landsat,2013-06-19,173/026,173,landsat-7,73.0,48.85968,42.44682913,73.0
landsat,2013-06-18,174/029,174,landsat-8,40.55,44.59375,39.364683265,44.61
landsat,2013-06-18,174/028,174,landsat-8,36.86,46.015249999999995,39.889203515,36.89
landsat,2013-06-18,174/027,174,landsat-8,73.14,47.435159999999996,40.438708774999995,74.15
landsat,2013-06-18,174/026,174,landsat-8,78.29,48.85047,41.007979070000005,78.29
landsat,2013-06-18,174/025,174,landsat-8,99.98,50.26641,41.596829385,99.98
landsat,2013-06-17,175/028,175,landsat-7,54.0,46.025605,38.281193475,48.0
landsat,2013-06-17,175/027,175,landsat-7,25.0,47.440185,38.827033745,28.0
landsat,2013-06-16,176/028,176,landsat-8,93.72,46.016115,36.75028359,89.47
landsat,2013-06-16,176/027,176,landsat-8,93.81,47.43527,37.287878875000004,92.7
landsat,2013-06-16,176/026,176,landsat-8,99.94,48.851655,37.85569418,99.94
landsat,2013-06-16,176/025,176,landsat-8,56.27,50.264965000000004,38.457444519999996,56.27
landsat,2013-06-15,177/025,177,landsat-7,68.0,50.274384999999995,36.85206948,68.0
landsat,2013-06-14,170/028,170,landsat-7,52.0,46.02366,46.036778415,52.0
landsat,2013-06-13,171/029,171,landsat-8,12.98,44.595255,43.9608683,12.98
landsat,2013-06-13,171/028,171,landsat-8,7.05,46.01578,44.486253545,7.05
landsat,2013-06-13,171/027,171,landsat-8,66.77,47.4349,45.03582882,66.77
landsat,2013-06-13,171/026,171,landsat-8,66.82,48.851535,45.608499120000005,66.82
landsat,2013-06-13,171/025,171,landsat-8,35.7,50.264795,46.21160945,35.7
landsat,2013-06-12,172/028,172,landsat-7,50.0,46.02299,42.900233505,50.0
landsat,2013-06-12,172/027,172,landsat-7,19.0,47.443895,43.428053770000005,19.0
landsat,2013-06-12,172/026,172,landsat-7,15.0,48.860955000000004,44.01045909,15.0
landsat,2013-06-12,172/025,172,landsat-7,20.0,50.272104999999996,44.608099425,20.0
landsat,2013-06-11,173/029,173,landsat-8,12.52,44.59445,40.91014322,12.52
landsat,2013-06-11,173/028,173,landsat-8,0.18,46.015845,41.426708454999996,0.18
landsat,2013-06-11,173/027,173,landsat-8,2.3,47.43539,41.96805372,2.3
landsat,2013-06-11,173/026,173,landsat-8,1.14,48.8521,42.46889421,1.14
landsat,2013-06-11,173/025,173,landsat-8,11.06,50.265845,43.056149555000005,11.06
landsat,2013-06-10,174/028,174,landsat-7,10.0,46.025035,39.84938341,10.0
landsat,2013-06-10,174/027,174,landsat-7,34.0,47.443645000000004,40.40580369,34.0
landsat,2013-06-10,174/026,174,landsat-7,40.0,48.863305,40.96449396,40.0
landsat,2013-06-10,174/025,174,landsat-7,65.0,50.274025,41.554109280000006,65.0
landsat,2013-06-09,175/028,175,landsat-8,0.09,46.01482,38.292833555,0.13
landsat,2013-06-09,175/027,175,landsat-8,11.02,47.43348,38.843193825,12.8
landsat,2013-06-09,175/026,175,landsat-8,28.66,48.85086,39.416564125,28.66
landsat,2013-06-09,175/025,175,landsat-8,25.47,50.265085,40.02033946,25.47
landsat,2013-06-08,176/028,176,landsat-7,79.0,46.024969999999996,36.716093495,75.0
landsat,2013-06-08,176/027,176,landsat-7,45.0,47.44431,37.260538795,41.0
landsat,2013-06-08,176/026,176,landsat-7,12.0,48.86335,37.820589084999995,12.0
landsat,2013-06-08,176/025,176,landsat-7,22.0,50.27548,38.43179443,22.0
landsat,2013-06-07,177/025,177,landsat-8,14.64,50.26539,36.868679560000004,14.64
landsat,2013-06-05,171/028,171,landsat-7,8.0,46.023865,44.476558465,8.0
landsat,2013-06-05,171/027,171,landsat-7,67.0,47.44569,45.013518725,67.0
landsat,2013-06-05,171/026,171,landsat-7,64.0,48.85962,45.585304019999995,64.0
landsat,2013-06-05,171/025,171,landsat-7,22.0,50.272915,46.196179365,22.0
landsat,2013-06-04,172/029,172,landsat-8,55.19,44.595465000000004,42.391413325,55.19
landsat,2013-06-04,172/028,172,landsat-8,70.5,46.016245,42.905393579999995,70.5
landsat,2013-06-04,172/027,172,landsat-8,52.7,47.434664999999995,43.44372886,52.7
landsat,2013-06-04,172/026,172,landsat-8,3.71,48.851635,44.014329175,3.71
landsat,2013-06-04,172/025,172,landsat-8,1.39,50.26553,44.61872451,1.39
landsat,2013-06-03,173/028,173,landsat-7,40.0,46.025774999999996,41.410393355,40.0
landsat,2013-06-03,173/026,173,landsat-7,98.0,48.863789999999995,42.448749125,98.0
landsat,2013-06-03,173/025,173,landsat-7,90.0,50.274784999999994,43.03133946,90.0
landsat,2013-06-01,175/028,175,landsat-7,50.0,46.025594999999996,38.275343455,45.0
landsat,2013-06-01,175/027,175,landsat-7,33.0,47.44289,38.831073745,31.0
landsat,2013-06-01,175/026,175,landsat-7,37.0,48.862970000000004,39.39557903,37.0
landsat,2013-06-01,175/025,175,landsat-7,39.0,50.27459,39.996314350000006,39.0
landsat,2013-05-31,176/028,176,landsat-8,88.82,46.015525,36.71930859,81.34
landsat,2013-05-31,176/027,176,landsat-8,79.33,47.434815,37.25606887,78.28
landsat,2013-05-31,176/026,176,landsat-8,81.46,48.85139,37.82648918,81.46
landsat,2013-05-31,176/025,176,landsat-8,57.28,50.264845,38.427339515,57.28
landsat,2013-05-30,177/025,177,landsat-7,0.0,50.2731,36.85216449,0.0
landsat,2013-05-29,170/028,170,landsat-7,68.0,46.0278,46.024948405,68.0
landsat,2013-05-28,171/029,171,landsat-8,20.06,44.595060000000004,43.937793299999996,20.06
landsat,2013-05-28,171/028,171,landsat-8,4.56,46.01565,44.460598544999996,4.56
landsat,2013-05-28,171/027,171,landsat-8,0.92,47.433539999999994,45.011498825000004,0.92
landsat,2013-05-28,171/026,171,landsat-8,6.7,48.85161,45.58554412,6.7
landsat,2013-05-27,172/028,172,landsat-7,100.0,46.02562,42.896253505000004,100.0
landsat,2013-05-27,172/027,172,landsat-7,99.0,47.446595,43.42593877,99.0
landsat,2013-05-27,172/026,172,landsat-7,96.0,48.86227,44.006229095,96.0
landsat,2013-05-27,172/025,172,landsat-7,94.0,50.27209,44.603799425000005,94.0
landsat,2013-05-26,173/029,173,landsat-8,100.0,44.59476,40.88939322,100.0
landsat,2013-05-26,173/025,173,landsat-8,60.24,50.26557,43.037259555,60.24
landsat,2013-05-25,174/028,174,landsat-7,59.0,46.025115,39.83755841,59.0
landsat,2013-05-24,175/028,175,landsat-8,93.05,46.014759999999995,38.28099355,94.1
landsat,2013-05-24,175/027,175,landsat-8,88.43,47.43479000000001,38.82899383,89.24
landsat,2013-05-24,175/026,175,landsat-8,86.14,48.85087,39.401964125,86.14
landsat,2013-05-24,175/025,175,landsat-8,88.47,50.26517,40.00528946,88.47
landsat,2013-05-23,176/028,176,landsat-7,0.0,46.024895,36.712053515,1.0
landsat,2013-05-23,176/027,176,landsat-7,7.0,47.44537,37.240743775,8.0
landsat,2013-05-23,176/026,176,landsat-7,20.0,48.862004999999996,37.8205241,20.0
landsat,2013-05-23,176/025,176,landsat-7,22.0,50.272725,38.41893443,22.0
landsat,2013-05-22,177/025,177,landsat-8,33.65,50.265240000000006,36.86026956,33.65
landsat,2013-05-20,171/028,171,landsat-7,0.0,46.0278,44.448938455000004,0.0
landsat,2013-05-20,171/027,171,landsat-7,11.0,47.44296,44.995273725000004,11.0
landsat,2013-05-20,171/026,171,landsat-7,15.0,48.85831,45.576994035,15.0
landsat,2013-05-20,171/025,171,landsat-7,31.0,50.277190000000004,46.168244345000005,31.0
landsat,2013-05-19,172/029,172,landsat-8,88.46,44.595465000000004,42.391413325,88.46
landsat,2013-05-19,172/028,172,landsat-8,86.77,46.016245,42.905393579999995,86.77
landsat,2013-05-19,172/027,172,landsat-8,40.74,47.434664999999995,43.44169886,40.74
landsat,2013-05-19,172/026,172,landsat-8,19.54,48.851635,44.014329175,19.54
landsat,2013-05-19,172/025,172,landsat-8,4.2,50.26552,44.61442451,4.2
landsat,2013-05-18,173/028,173,landsat-7,96.0,46.027435,41.395003355,96.0
landsat,2013-05-18,173/027,173,landsat-7,77.0,47.445555,41.94364362500001,77.0
landsat,2013-05-18,173/026,173,landsat-7,24.0,48.864810000000006,42.434384120000004,24.0
landsat,2013-05-18,173/025,173,landsat-7,51.0,50.27587,43.016464465,51.0
landsat,2013-05-17,174/029,174,landsat-8,24.66,44.5938,39.335843265,26.23
landsat,2013-05-17,174/028,174,landsat-8,74.81,46.01544,39.861583515,74.9
landsat,2013-05-17,174/027,174,landsat-8,41.25,47.435435,40.412363775,41.95
landsat,2013-05-17,174/026,174,landsat-8,26.62,48.850955,40.97736407,26.62
landsat,2013-05-17,174/025,174,landsat-8,7.84,50.265625,41.56950439,7.84
landsat,2013-05-16,175/028,175,landsat-7,83.0,46.026865,38.26544346,81.0
landsat,2013-05-16,175/027,175,landsat-7,19.0,47.44558,38.822958745,17.0
landsat,2013-05-16,175/026,175,landsat-7,27.0,48.858925,39.395579045,27.0
landsat,2013-05-16,175/025,175,landsat-7,18.0,50.277355,39.98777935,18.0
landsat,2013-05-15,176/028,176,landsat-8,76.54,46.01576,36.732828585,78.37
landsat,2013-05-15,176/027,176,landsat-8,75.76,47.43499,37.26995387,71.84
landsat,2013-05-15,176/026,176,landsat-8,17.11,48.851505,37.839009180000005,17.11
landsat,2013-05-15,176/025,176,landsat-8,16.36,50.2649,38.44024452,16.36
landsat,2013-05-14,177/025,177,landsat-7,46.0,50.276920000000004,36.84157447,46.0
landsat,2013-05-13,170/028,170,landsat-7,57.0,46.02365,46.03480342,57.0
landsat,2013-05-12,171/029,171,landsat-8,62.11,44.595255,43.9608683,62.11
landsat,2013-05-12,171/028,171,landsat-8,7.65,46.015744999999995,44.484278545,7.65
landsat,2013-05-12,171/027,171,landsat-8,1.1,47.4349,45.03582882,1.1
landsat,2013-05-12,171/026,171,landsat-8,0.01,48.851479999999995,45.608499120000005,0.01
landsat,2013-05-12,171/025,171,landsat-8,0.43,50.264795,46.21160945,0.43
landsat,2013-05-11,172/028,172,landsat-7,0.0,46.025760000000005,42.903998505000004,0.0
landsat,2013-05-11,172/027,172,landsat-7,0.0,47.44664,43.43201877,0.0
landsat,2013-05-11,172/026,172,landsat-7,0.0,48.85954,44.002229075,0.0
landsat,2013-05-11,172/025,172,landsat-7,0.0,50.27208,44.610249425,0.0
landsat,2013-05-09,174/028,174,landsat-7,1.0,46.02501,39.853333410000005,1.0
landsat,2013-05-09,174/027,174,landsat-7,0.0,47.444945,40.409853685,0.0
landsat,2013-05-09,174/026,174,landsat-7,0.0,48.863235,40.96857896,0.0
landsat,2013-05-09,174/025,174,landsat-7,5.0,50.275279999999995,41.558339275,5.0
landsat,2013-05-07,176/028,176,landsat-7,0.0,46.024969999999996,36.716093495,0.0
landsat,2013-05-07,176/027,176,landsat-7,0.0,47.44431,37.260538795,0.0
landsat,2013-05-07,176/026,176,landsat-7,0.0,48.860654999999994,37.82065908,0.0
landsat,2013-05-07,176/025,176,landsat-7,0.0,50.27548,38.43179443,0.0
landsat,2013-05-04,171/028,171,landsat-7,0.0,46.026515,44.47061347,0.0
landsat,2013-05-04,171/027,171,landsat-7,0.0,47.44161,45.01554874,0.0
landsat,2013-05-04,171/026,171,landsat-7,0.0,48.85964,45.58113402,0.0
landsat,2013-05-04,171/025,171,landsat-7,44.0,50.27429,46.18972936,44.0
landsat,2013-05-03,172/029,172,landsat-8,1.28,44.595029999999994,42.432973329999996,1.28
landsat,2013-05-03,172/028,172,landsat-8,6.01,46.015699999999995,42.949978585,6.01
landsat,2013-05-03,172/027,172,landsat-8,0.77,47.435225,43.486308865,0.77
landsat,2013-05-03,172/026,172,landsat-8,48.77,48.850635,44.06028417,48.77
landsat,2013-05-03,172/025,172,landsat-8,57.78,50.265640000000005,44.661724505,57.78
landsat,2013-05-02,173/028,173,landsat-7,0.0,46.023075000000006,41.410273355,0.0
landsat,2013-05-02,173/027,173,landsat-7,0.0,47.442485,41.957433625,0.0
landsat,2013-05-02,173/026,173,landsat-7,29.0,48.861025,42.446909115,29.0
landsat,2013-05-02,173/025,173,landsat-7,94.0,50.274925,43.041609484999995,94.0
landsat,2013-05-01,174/029,174,landsat-8,6.71,44.593689999999995,39.378143265,7.34
landsat,2013-05-01,174/028,174,landsat-8,0.0,46.016485,39.904988509999995,0.0
landsat,2013-05-01,174/027,174,landsat-8,0.29,47.43497,40.454923775,0.29
landsat,2013-05-01,174/026,174,landsat-8,8.91,48.85161,41.020254065,8.91
landsat,2013-04-30,175/028,175,landsat-7,40.0,46.02158,38.291128470000004,21.0
landsat,2013-04-30,175/025,175,landsat-7,80.0,50.277204999999995,40.00281435,80.0
landsat,2013-04-29,176/028,176,landsat-8,0.09,46.016555,36.77352859,0.13
landsat,2013-04-29,176/027,176,landsat-8,1.53,47.434205,37.309808865,1.8
landsat,2013-04-29,176/026,176,landsat-8,38.75,48.85053,37.880794175000005,38.75
landsat,2013-04-29,176/025,176,landsat-8,76.52,50.26507,38.48324452,76.52
landsat,2013-04-28,177/025,177,landsat-7,13.0,50.277215,36.858404469999996,13.0
landsat,2013-04-26,171/029,171,landsat-8,73.89,44.594229999999996,43.997448295,73.89
landsat,2013-04-26,171/028,171,landsat-8,16.46,46.015910000000005,44.521768545,16.46
landsat,2013-04-26,171/027,171,landsat-8,55.64,47.434925,45.070298820000005,55.64
landsat,2013-04-26,171/026,171,landsat-8,97.86,48.851335000000006,45.64395912,97.86
landsat,2013-04-25,172/028,172,landsat-7,32.0,46.02333,42.91959851,32.0
landsat,2013-04-25,172/027,172,landsat-7,31.0,47.444145,43.448318775000004,31.0
landsat,2013-04-25,172/026,172,landsat-7,17.0,48.86107,44.02922909,17.0
landsat,2013-04-25,172/025,172,landsat-7,64.0,50.27212,44.627444425,64.0
landsat,2013-04-24,173/029,173,landsat-8,53.88,44.59525,40.944153215,53.88
landsat,2013-04-24,173/028,173,landsat-8,44.39,46.01647,41.461653455000004,44.39
landsat,2013-04-24,173/027,173,landsat-8,49.23,47.434555,42.001793715000005,49.23
landsat,2013-04-24,173/026,173,landsat-8,49.04,48.851505,42.503779205,49.04
landsat,2013-04-24,173/025,173,landsat-8,45.63,50.26509,43.091964555,45.63
landsat,2013-04-23,174/028,174,landsat-7,83.0,46.02489,39.86713341,83.0
landsat,2013-04-23,174/027,174,landsat-7,94.0,47.44476,40.426063685,94.0
landsat,2013-04-23,174/026,174,landsat-7,94.0,48.862970000000004,40.98493396,94.0
landsat,2013-04-23,174/025,174,landsat-7,100.0,50.276015,41.58594429,100.0
landsat,2013-04-22,175/028,175,landsat-8,95.13,46.015010000000004,38.328353555,92.55
landsat,2013-04-22,175/027,175,landsat-8,99.95,47.433505,38.875638824999996,99.95
landsat,2013-04-22,175/026,175,landsat-8,97.31,48.850755,39.449944125,97.31
landsat,2013-04-22,175/025,175,landsat-8,60.76,50.264804999999996,40.054719455,60.76
landsat,2013-04-21,176/028,176,landsat-7,69.0,46.02266,36.737308514999995,58.0
landsat,2013-04-21,176/027,176,landsat-7,40.0,47.443015,37.264698775,35.0
landsat,2013-04-21,176/026,176,landsat-7,59.0,48.859539999999996,37.8456191,59.0
landsat,2013-04-21,176/025,176,landsat-7,83.0,50.276844999999994,38.436124414999995,83.0
landsat,2013-04-18,171/028,171,landsat-7,69.0,46.02388,44.480498465,69.0
landsat,2013-04-18,171/027,171,landsat-7,19.0,47.44563,45.017573725000005,19.0
landsat,2013-04-18,171/026,171,landsat-7,0.0,48.860915,45.597879035,0.0
landsat,2013-04-18,171/025,171,landsat-7,1.0,50.272864999999996,46.198324365,1.0
landsat,2013-04-17,172/029,172,landsat-8,97.66,44.596109999999996,42.419768325,97.66
landsat,2013-04-17,172/028,172,landsat-8,74.85,46.015435,42.934488585,74.85
landsat,2013-04-17,172/027,172,landsat-8,15.09,47.435019999999994,43.47008386,15.09
landsat,2013-04-17,172/026,172,landsat-8,0.03,48.850555,44.04567417,0.03
landsat,2013-04-17,172/025,172,landsat-8,0.01,50.26563,44.646674505,0.01
landsat,2013-04-16,173/028,173,landsat-7,1.0,46.024204999999995,41.42016837,1.0
landsat,2013-04-16,173/027,173,landsat-7,0.0,47.446625,41.95355361,0.0
landsat,2013-04-16,173/026,173,landsat-7,0.0,48.864000000000004,42.46083414,0.0
landsat,2013-04-16,173/025,173,landsat-7,0.0,50.273645,43.045924475,0.0
landsat,2013-04-15,174/029,174,landsat-8,24.71,44.593770000000006,39.356993265,24.94
landsat,2013-04-15,174/028,174,landsat-8,6.86,46.015265,39.883283515,6.86
landsat,2013-04-15,174/027,174,landsat-8,15.76,47.43521,40.434658775,16.01
landsat,2013-04-15,174/026,174,landsat-8,3.66,48.850605,40.99980907,3.66
landsat,2013-04-15,174/025,174,landsat-8,0.28,50.2665,41.592619385,0.28
landsat,2013-04-14,175/028,175,landsat-7,7.0,46.024280000000005,38.29108847,3.0
landsat,2013-04-14,175/027,175,landsat-7,7.0,47.44421,38.82905873,8.0
landsat,2013-04-14,175/026,175,landsat-7,19.0,48.860225,39.41226904,19.0
landsat,2013-04-14,175/025,175,landsat-7,8.0,50.273095,40.011409369999996,8.0
landsat,2013-04-13,176/028,176,landsat-8,33.67,46.01648,36.769653590000004,36.03
landsat,2013-04-13,176/027,176,landsat-8,78.88,47.43555,37.307768870000004,75.66
landsat,2013-04-13,176/026,176,landsat-8,41.28,48.85188,37.88073418,41.28
landsat,2013-04-13,176/025,176,landsat-8,34.76,50.26507,38.48324452,34.76
landsat,2013-04-12,177/025,177,landsat-7,67.0,50.273255,36.862639485,67.0
landsat,2013-04-11,170/028,170,landsat-7,100.0,46.02625,46.046688415,100.0
landsat,2013-04-10,172/029,172,landsat-8,99.98,44.595915000000005,43.032488315,99.98
landsat,2013-04-10,172/028,172,landsat-8,99.94,46.016515,43.548638569999994,99.94
landsat,2013-04-10,172/027,172,landsat-8,100.0,47.4346,44.098888849999994,100.0
landsat,2013-04-10,172/026,172,landsat-8,100.0,48.851115,44.67172415,100.0
landsat,2013-04-10,172/025,172,landsat-8,100.0,50.26471,45.27661949,100.0
landsat,2013-04-08,174/029,174,landsat-8,91.58,44.594229999999996,38.90898827,89.54
landsat,2013-04-08,174/028,174,landsat-8,67.5,46.01495,39.437388525,67.14
landsat,2013-04-08,174/027,174,landsat-8,74.83,47.435585,39.986713795,75.43
landsat,2013-04-08,174/026,174,landsat-8,99.97,48.85169500000001,40.563769085,99.97
landsat,2013-04-08,174/025,174,landsat-8,99.98,50.26571,41.15685441,99.98
landsat,2013-04-07,174/028,174,landsat-7,98.0,46.020865,39.863188425000004,98.0
landsat,2013-04-07,174/027,174,landsat-7,67.0,47.443685,40.40160367,66.0
landsat,2013-04-07,174/026,174,landsat-7,90.0,48.858995,40.980823975,90.0
landsat,2013-04-07,174/025,174,landsat-7,95.0,50.27519,41.562544270000004,95.0
landsat,2013-04-05,176/028,176,landsat-7,71.0,46.025045,36.719963495,66.0
landsat,2013-04-05,176/027,176,landsat-7,20.0,47.443015,37.26460879,21.0
landsat,2013-04-05,176/026,176,landsat-7,82.0,48.862030000000004,37.826914075000005,82.0
landsat,2013-04-05,176/025,176,landsat-7,67.0,50.271415000000005,38.42759941,67.0
landsat,2013-04-05,171/029,171,landsat-8,11.83,44.595465000000004,43.441238305,11.83
landsat,2013-04-05,171/028,171,landsat-8,27.72,46.01561,43.965153565,27.72
landsat,2013-04-05,171/027,171,landsat-8,0.01,47.434465,44.51465384,0.01
landsat,2013-04-05,171/026,171,landsat-8,0.04,48.85178,45.09111414,0.04
landsat,2013-04-05,171/025,171,landsat-8,0.41,50.264935,45.693644469999995,0.41
landsat,2013-04-03,175/028,175,landsat-8,94.12,46.016635,38.624383545,92.35
landsat,2013-04-03,175/027,175,landsat-8,71.38,47.43526,39.17371382,67.78
landsat,2013-04-03,175/026,175,landsat-8,49.55,48.851235,39.750374120000004,49.55
landsat,2013-04-03,175/025,175,landsat-8,32.71,50.26651,40.353554450000004,32.71
landsat,2013-04-02,171/028,171,landsat-7,5.0,46.023835000000005,44.46869346,5.0
landsat,2013-04-02,171/027,171,landsat-7,0.0,47.441615,45.02364874,0.0
landsat,2013-04-02,171/026,171,landsat-7,0.0,48.86095,45.589509025,0.0
landsat,2013-04-02,171/025,171,landsat-7,2.0,50.27556,46.198394365,2.0
landsat,2013-03-27,177/025,177,landsat-7,34.0,50.27347,36.875259485,34.0
landsat,2013-03-26,173/029,173,landsat-8,100.0,44.59497,41.283793215,100.0
landsat,2013-03-26,173/028,173,landsat-8,100.0,46.017354999999995,41.80211345,100.0
landsat,2013-03-26,173/027,173,landsat-8,87.42,47.43511,42.345383705,87.42
landsat,2013-03-26,173/026,173,landsat-8,27.37,48.85325,42.8500842,27.37
landsat,2013-03-26,173/025,173,landsat-8,72.59,50.26637,43.437959545,72.59
landsat,2013-03-24,176/027,176,landsat-8,99.19,47.43506,36.91423388,99.94
landsat,2013-03-24,176/026,176,landsat-8,100.0,48.85205,37.477889184999995,100.0
landsat,2013-03-24,176/025,176,landsat-8,100.0,50.265965,38.081074529999995,100.0
landsat,2013-03-21,174/029,174,landsat-8,14.96,44.59471,40.170233245000006,15.26
landsat,2013-03-21,174/028,174,landsat-8,5.34,46.0167,40.692113485,5.34
landsat,2013-03-21,174/027,174,landsat-8,7.77,47.435615,41.233813755,7.77
landsat,2013-03-21,174/026,174,landsat-8,77.81,48.852575,41.798569035,77.81
landsat,2013-03-21,174/025,174,landsat-8,94.49,50.267185,42.393844355,94.49
landsat,2013-03-20,176/028,176,landsat-7,11.0,46.026695000000004,36.73527851,32.0
landsat,2013-03-20,176/027,176,landsat-7,45.0,47.441725000000005,37.26858879,53.0
landsat,2013-03-20,176/026,176,landsat-7,74.0,48.859425,37.833234075,74.0
landsat,2013-03-17,171/028,171,landsat-7,100.0,46.023865,44.476558465,100.0
landsat,2013-03-15,173/028,173,landsat-7,100.0,46.02554,41.422173375,100.0
landsat,2013-03-15,173/027,173,landsat-7,89.0,47.446695000000005,41.951443600000005,89.0
landsat,2013-03-15,173/026,173,landsat-7,100.0,48.859750000000005,42.44900912,100.0
landsat,2013-03-15,173/025,173,landsat-7,100.0,50.2723,43.04592948,100.0
landsat,2013-03-13,175/028,175,landsat-7,100.0,46.02567,38.293028475,100.0
landsat,2013-03-13,175/025,175,landsat-7,100.0,50.27306,40.01570437,100.0
landsat,2013-03-08,172/026,172,landsat-7,0.0,48.85965,44.012649075,0.0
landsat,2013-03-08,172/025,172,landsat-7,3.0,50.27346,44.623124435,3.0
landsat,2013-03-06,174/026,174,landsat-7,69.0,48.85893,40.984913975,69.0
landsat,2013-03-06,174/025,174,landsat-7,59.0,50.275095,41.566749275,59.0
landsat,2013-03-01,171/028,171,landsat-7,0.0,46.023894999999996,44.484443465,0.0
landsat,2013-03-01,171/027,171,landsat-7,12.0,47.438950000000006,45.02973374,12.0
landsat,2013-03-01,171/026,171,landsat-7,28.0,48.85958,45.59364902,28.0
landsat,2013-03-01,171/025,171,landsat-7,98.0,50.274185,46.20476936,98.0
landsat,2013-02-27,173/028,173,landsat-7,77.0,46.022835,41.421893355,77.0
landsat,2013-02-27,173/027,173,landsat-7,11.0,47.442165,41.971308629999996,11.0
landsat,2013-02-27,173/026,173,landsat-7,3.0,48.86001,42.461259119999994,3.0
landsat,2013-02-27,173/025,173,landsat-7,8.0,50.273849999999996,43.058549479999996,8.0
landsat,2013-02-25,175/028,175,landsat-7,65.0,46.02432,38.293098459999996,68.0
landsat,2013-02-25,175/027,175,landsat-7,3.0,47.442904999999996,38.851348744999996,4.0
landsat,2013-02-25,175/026,175,landsat-7,2.0,48.856139999999996,39.424759045,2.0
landsat,2013-02-25,175/025,175,landsat-7,0.0,50.273105,40.01344435,0.0
landsat,2013-02-23,177/025,177,landsat-7,20.0,50.273245,36.86285446,20.0
landsat,2013-02-20,172/028,172,landsat-7,95.0,46.02326,42.91572851,95.0
landsat,2013-02-20,172/027,172,landsat-7,96.0,47.444100000000006,43.444263770000006,96.0
landsat,2013-02-20,172/026,172,landsat-7,87.0,48.858335,44.016824080000006,87.0
landsat,2013-02-09,175/028,175,landsat-7,43.0,46.025639999999996,38.283233455,32.0
landsat,2013-02-09,175/027,175,landsat-7,100.0,47.441565,38.82906873,100.0
landsat,2013-02-06,170/028,170,landsat-7,100.0,46.024905000000004,46.04866342,100.0
landsat,2013-02-04,172/028,172,landsat-7,100.0,46.023185,42.90994851,100.0
landsat,2013-01-28,171/026,171,landsat-7,46.0,48.856899999999996,45.58944402,46.0
landsat,2013-01-28,171/025,171,landsat-7,17.0,50.271474999999995,46.202554355000004,17.0
landsat,2013-01-26,173/028,173,landsat-7,86.0,46.025615,41.418143355,86.0
landsat,2013-01-24,175/028,175,landsat-7,79.0,46.02434,38.29112346,79.0
landsat,2013-01-19,172/028,172,landsat-7,28.0,46.023255000000006,42.9139035,28.0
landsat,2013-01-15,176/028,176,landsat-7,24.0,46.024055000000004,36.7374435,55.0
landsat,2013-01-15,176/027,176,landsat-7,94.0,47.44195499999999,37.28449379,98.0
landsat,2013-01-15,176/026,176,landsat-7,17.0,48.860884999999996,37.845684085,17.0
landsat,2013-01-12,171/028,171,landsat-7,78.0,46.02253,44.480553455,78.0
landsat,2013-01-12,171/027,171,landsat-7,100.0,47.44027,45.039868735,100.0
landsat,2013-01-12,171/026,171,landsat-7,100.0,48.859565,45.60406902,100.0
landsat,2013-01-10,173/028,173,landsat-7,53.0,46.022760000000005,41.425763355,53.0
landsat,2013-01-10,173/027,173,landsat-7,86.0,47.440715,41.975158625000006,86.0
landsat,2013-01-03,172/028,172,landsat-7,6.0,46.02326,42.91572851,6.0
landsat,2013-01-03,172/027,172,landsat-7,45.0,47.444100000000006,43.444263770000006,45.0
landsat,2013-01-03,172/026,172,landsat-7,100.0,48.859735,44.027144095,100.0
landsat,2013-01-01,174/028,174,landsat-7,53.0,46.020894999999996,39.859203414999996,53.0
landsat,2013-01-01,174/027,174,landsat-7,99.0,47.44076,40.41990869,99.0
landsat,2014-12-31,173/028,173,landsat-7,60.0,46.019475,41.45106337,60.0
landsat,2014-12-31,173/027,173,landsat-7,48.0,47.440455,41.98307861,48.0
landsat,2014-12-31,173/026,173,landsat-7,5.0,48.85653000000001,42.49185414,5.0
landsat,2014-12-30,174/029,174,landsat-8,99.98,44.59483,39.36699345,99.97
landsat,2014-12-30,174/028,174,landsat-8,99.02,46.01631999999999,39.892148715,99.02
landsat,2014-12-30,174/027,174,landsat-8,78.99,47.43488,40.442393995,78.89
landsat,2014-12-30,174/026,174,landsat-8,73.73,48.851605000000006,41.008364305,73.73
landsat,2014-12-30,174/025,174,landsat-8,99.95,50.266194999999996,41.599419645,99.95
landsat,2014-12-29,175/028,175,landsat-7,93.0,46.02168,38.31874847,92.0
landsat,2014-12-29,175/027,175,landsat-7,67.0,47.442854999999994,38.859463735000006,72.0
landsat,2014-12-29,175/026,175,landsat-7,89.0,48.85468,39.430964025,89.0
landsat,2014-12-28,176/028,176,landsat-8,90.04,46.01587,36.748198785,89.74
landsat,2014-12-28,176/027,176,landsat-8,78.29,47.434995,37.285654085000004,85.57
landsat,2014-12-28,176/026,176,landsat-8,89.12,48.851335,37.85646941,89.12
landsat,2014-12-28,176/025,176,landsat-8,82.86,50.26462,38.45678977,82.86
landsat,2014-12-25,171/029,171,landsat-8,52.84,44.593715,43.963683485000004,52.84
landsat,2014-12-25,171/028,171,landsat-8,99.94,46.015495,44.489638755,99.94
landsat,2014-12-25,171/027,171,landsat-8,100.0,47.43324,45.03789404,100.0
landsat,2014-12-25,171/026,171,landsat-8,100.0,48.851185,45.613409364999995,100.0
landsat,2014-12-24,172/028,172,landsat-7,56.0,46.021860000000004,42.915838495,56.0
landsat,2014-12-24,172/027,172,landsat-7,76.0,47.440200000000004,43.46048879,76.0
landsat,2014-12-24,172/026,172,landsat-7,78.0,48.858325,44.02725908,78.0
landsat,2014-12-23,173/029,173,landsat-8,100.0,44.594195,40.917658415,100.0
landsat,2014-12-23,173/028,173,landsat-8,100.0,46.015505,41.436498665,100.0
landsat,2014-12-23,173/027,173,landsat-8,100.0,47.435085,41.97619894,100.0
landsat,2014-12-23,173/026,173,landsat-8,100.0,48.851915000000005,42.470509445,100.0
landsat,2014-12-23,173/025,173,landsat-8,100.0,50.265609999999995,43.057614814999994,100.0
landsat,2014-12-22,174/028,174,landsat-7,88.0,46.023485,39.867128414999996,88.0
landsat,2014-12-22,174/027,174,landsat-7,94.0,47.440655,40.42395869,94.0
landsat,2014-12-22,174/026,174,landsat-7,80.0,48.860155,40.98697396,80.0
landsat,2014-12-21,175/028,175,landsat-8,83.72,46.01598,38.305888755,79.47
landsat,2014-12-21,175/027,175,landsat-8,88.13,47.433184999999995,38.853164050000004,86.17
landsat,2014-12-21,175/026,175,landsat-8,74.6,48.85052,39.427509369999996,74.6
landsat,2014-12-21,175/025,175,landsat-8,84.51,50.264685,40.030234719999996,84.51
landsat,2014-12-20,176/028,176,landsat-7,93.0,46.02274,36.743083514999995,84.0
landsat,2014-12-20,176/027,176,landsat-7,84.0,47.444424999999995,37.272493785,83.0
landsat,2014-12-20,176/026,176,landsat-7,100.0,48.858090000000004,37.841584080000004,100.0
landsat,2014-12-19,177/025,177,landsat-8,100.0,50.26532,36.88070981,100.0
landsat,2014-12-17,171/028,171,landsat-7,100.0,46.01981,44.48841847,100.0
landsat,2014-12-17,171/027,171,landsat-7,100.0,47.44018,45.029728725,100.0
landsat,2014-12-17,171/026,171,landsat-7,86.0,48.85675,45.61035904,86.0
landsat,2014-12-16,172/029,172,landsat-8,22.87,44.595825000000005,42.415818515,22.87
landsat,2014-12-16,172/028,172,landsat-8,71.8,46.016465,42.92843879,71.8
landsat,2014-12-16,172/027,172,landsat-8,92.65,47.434685,43.466304085000004,92.65
landsat,2014-12-16,172/026,172,landsat-8,99.98,48.8502,44.040344415,99.98
landsat,2014-12-16,172/025,172,landsat-8,99.99,50.263915,44.64193976,99.99
landsat,2014-12-15,173/028,173,landsat-7,96.0,46.023915,41.43176336,96.0
landsat,2014-12-15,173/027,173,landsat-7,82.0,47.440785000000005,41.969203615,82.0
landsat,2014-12-15,173/026,173,landsat-7,79.0,48.85619,42.475509134999996,79.0
landsat,2014-12-15,173/025,173,landsat-7,100.0,50.27102,43.054479465,100.0
landsat,2014-12-14,174/029,174,landsat-8,61.77,44.59483,39.36699345,71.2
landsat,2014-12-14,174/028,174,landsat-8,99.92,46.01631999999999,39.892148715,99.92
landsat,2014-12-14,174/027,174,landsat-8,85.42,47.43488,40.442393995,85.2
landsat,2014-12-14,174/026,174,landsat-8,13.64,48.851605000000006,41.008364305,13.64
landsat,2014-12-14,174/025,174,landsat-8,48.18,50.266194999999996,41.599419645,48.18
landsat,2014-12-13,175/028,175,landsat-7,80.0,46.021635,38.30497346,81.0
landsat,2014-12-13,175/027,175,landsat-7,52.0,47.440129999999996,38.861488745,58.0
landsat,2014-12-13,175/026,175,landsat-7,63.0,48.853359999999995,39.433074045,63.0
landsat,2014-12-13,175/025,175,landsat-7,69.0,50.271545,40.028474355,69.0
landsat,2014-12-12,176/028,176,landsat-8,26.49,46.016099999999994,36.76171379,21.89
landsat,2014-12-12,176/027,176,landsat-8,99.97,47.433814999999996,37.29758409,99.96
landsat,2014-12-12,176/026,176,landsat-8,91.83,48.851445,37.86900441,91.83
landsat,2014-12-12,176/025,176,landsat-8,85.86,50.26467,38.46970477,85.86
landsat,2014-12-11,177/025,177,landsat-7,66.0,50.27108,36.896334485,66.0
landsat,2014-12-09,171/029,171,landsat-8,93.16,44.593815,43.975228485,93.16
landsat,2014-12-09,171/028,171,landsat-8,100.0,46.01554,44.501493755,100.0
landsat,2014-12-09,171/027,171,landsat-8,100.0,47.43324,45.05007404,100.0
landsat,2014-12-09,171/026,171,landsat-8,100.0,48.84976,45.62381436,100.0
landsat,2014-12-09,171/025,171,landsat-8,100.0,50.265705,46.228209705,100.0
landsat,2014-12-08,172/028,172,landsat-7,100.0,46.020920000000004,42.939003505,100.0
landsat,2014-12-08,172/027,172,landsat-7,100.0,47.440349999999995,43.472723779999995,100.0
landsat,2014-12-08,172/026,172,landsat-7,100.0,48.85715,44.054319095,100.0
landsat,2014-12-08,172/025,172,landsat-7,100.0,50.27211,44.648959415,100.0
landsat,2014-12-07,173/029,173,landsat-8,55.44,44.594015,40.927133409999996,55.44
landsat,2014-12-07,173/028,173,landsat-8,79.93,46.01534,41.444243665,79.93
landsat,2014-12-07,173/027,173,landsat-8,100.0,47.434884999999994,41.98414894,100.0
landsat,2014-12-07,173/026,173,landsat-8,36.44,48.852085,42.47867944,36.44
landsat,2014-12-07,173/025,173,landsat-8,62.16,50.265744999999995,43.066034814999995,62.16
landsat,2014-12-06,174/028,174,landsat-7,53.0,46.02335,39.88685341,53.0
landsat,2014-12-06,174/027,174,landsat-7,72.0,47.443115,40.444293689999995,71.0
landsat,2014-12-06,174/026,174,landsat-7,100.0,48.855705,41.013483975,100.0
landsat,2014-12-06,174/025,174,landsat-7,100.0,50.27299,41.598384280000005,100.0
landsat,2014-12-05,175/028,175,landsat-8,1.47,46.016000000000005,38.309843755,2.22
landsat,2014-12-05,175/027,175,landsat-8,1.44,47.433185,38.85722405,1.68
landsat,2014-12-05,175/026,175,landsat-8,6.95,48.850505,39.43168937,6.95
landsat,2014-12-05,175/025,175,landsat-8,72.12,50.265995000000004,40.034544714999996,72.12
landsat,2014-12-04,176/028,176,landsat-7,98.0,46.02034,36.75868851,100.0
landsat,2014-12-04,176/027,176,landsat-7,100.0,47.441955,37.288493779999996,100.0
landsat,2014-12-04,176/026,176,landsat-7,37.0,48.85697,37.8665441,37.0
landsat,2014-12-04,176/025,176,landsat-7,21.0,50.27284,38.461949419999996,21.0
landsat,2014-12-03,177/025,177,landsat-8,75.18,50.26531,36.87864981,75.18
landsat,2014-12-01,171/028,171,landsat-7,94.0,46.022535,44.496338449999996,94.0
landsat,2014-12-01,171/027,171,landsat-7,59.0,47.441559999999996,45.05202874,59.0
landsat,2014-12-01,171/026,171,landsat-7,60.0,48.853955,45.624919039999995,60.0
landsat,2014-12-01,171/025,171,landsat-7,86.0,50.268550000000005,46.219589345,86.0
landsat,2014-11-30,172/029,172,landsat-8,51.56,44.595575,42.40449352,51.56
landsat,2014-11-30,172/028,172,landsat-8,78.92,46.016325,42.92068879,78.92
landsat,2014-11-30,172/027,172,landsat-8,95.98,47.434585,43.458184085,95.98
landsat,2014-11-30,172/026,172,landsat-8,93.22,48.850094999999996,44.02990441,93.22
landsat,2014-11-30,172/025,172,landsat-8,75.15,50.26386,44.631179759999995,75.15
landsat,2014-11-29,173/028,173,landsat-7,100.0,46.023675,41.44338336,100.0
landsat,2014-11-29,173/027,173,landsat-7,64.0,47.44153,41.993253625,64.0
landsat,2014-11-29,173/026,173,landsat-7,12.0,48.855185000000006,42.491874145,12.0
landsat,2014-11-29,173/025,173,landsat-7,100.0,50.271225,43.069159465,100.0
landsat,2014-11-28,174/029,174,landsat-8,79.24,44.59487,39.35158845,88.42
landsat,2014-11-28,174/028,174,landsat-8,87.57,46.01643,39.876348715,87.52
landsat,2014-11-28,174/027,174,landsat-8,100.0,47.435069999999996,40.426164,100.0
landsat,2014-11-28,174/026,174,landsat-8,80.95,48.851805,40.99610431,80.95
landsat,2014-11-28,174/025,174,landsat-8,62.98,50.266465,41.586809645,62.98
landsat,2014-11-27,175/028,175,landsat-7,4.0,46.023070000000004,38.326603475,5.0
landsat,2014-11-27,175/027,175,landsat-7,100.0,47.437435,38.873658745,100.0
landsat,2014-11-27,175/026,175,landsat-7,73.0,48.857355,39.439329029999996,73.0
landsat,2014-11-27,175/025,175,landsat-7,68.0,50.27003,40.05001937,68.0
landsat,2014-11-26,176/028,176,landsat-8,99.15,46.015795,36.744323785,96.45
landsat,2014-11-26,176/027,176,landsat-8,96.5,47.433530000000005,37.27964909,96.03
landsat,2014-11-26,176/026,176,landsat-8,91.72,48.851304999999996,37.85020441,91.72
landsat,2014-11-26,176/025,176,landsat-8,37.27,50.2646,38.45248477,37.27
landsat,2014-11-25,177/025,177,landsat-7,74.0,50.27377,36.896319475,74.0
landsat,2014-11-23,171/029,171,landsat-8,91.83,44.59374,43.969458485000004,91.83
landsat,2014-11-23,171/028,171,landsat-8,75.23,46.015525,44.497543755,75.23
landsat,2014-11-23,171/027,171,landsat-8,53.13,47.434595,45.046019045,53.13
landsat,2014-11-23,171/026,171,landsat-8,37.95,48.849779999999996,45.619639359999994,37.95
landsat,2014-11-23,171/025,171,landsat-8,15.89,50.265745,46.223904705,15.89
landsat,2014-11-22,172/028,172,landsat-7,83.0,46.025025,42.942853494999994,83.0
landsat,2014-11-22,172/027,172,landsat-7,59.0,47.44045,43.48083378,59.0
landsat,2014-11-22,172/026,172,landsat-7,6.0,48.855865,44.0626591,6.0
landsat,2014-11-22,172/025,172,landsat-7,34.0,50.27213,44.657559410000005,34.0
landsat,2014-11-21,173/029,173,landsat-8,76.93,44.593959999999996,40.93091341,76.93
landsat,2014-11-21,173/028,173,landsat-8,7.78,46.01518,41.451983659999996,7.78
landsat,2014-11-21,173/027,173,landsat-8,0.11,47.434685,41.99208894,0.11
landsat,2014-11-21,173/026,173,landsat-8,25.32,48.852255,42.48685444,25.32
landsat,2014-11-21,173/025,173,landsat-8,70.62,50.265874999999994,43.074444815,70.62
landsat,2014-11-19,175/028,175,landsat-8,100.0,46.01602,38.313788755000004,100.0
landsat,2014-11-19,175/027,175,landsat-8,100.0,47.433195,38.86534405,100.0
landsat,2014-11-19,175/026,175,landsat-8,100.0,48.850480000000005,39.44004437,100.0
landsat,2014-11-19,175/025,175,landsat-8,99.92,50.26463,40.04099972,99.92
landsat,2014-11-18,176/028,176,landsat-7,34.0,46.02063,36.774178515,43.0
landsat,2014-11-18,176/027,176,landsat-7,100.0,47.440825000000004,37.302538775,100.0
landsat,2014-11-18,176/026,176,landsat-7,100.0,48.85711499999999,37.883234099999996,100.0
landsat,2014-11-18,176/025,176,landsat-7,100.0,50.27289,38.47484942,100.0
landsat,2014-11-17,177/025,177,landsat-8,0.21,50.265384999999995,36.88285481,0.21
landsat,2014-11-15,171/028,171,landsat-7,99.0,46.0212,44.500278455,99.0
landsat,2014-11-15,171/027,171,landsat-7,100.0,47.440214999999995,45.056083745,100.0
landsat,2014-11-15,171/026,171,landsat-7,100.0,48.853935,45.62908904,100.0
landsat,2014-11-15,171/025,171,landsat-7,100.0,50.271204999999995,46.223954344999996,100.0
landsat,2014-11-14,172/029,172,landsat-8,32.31,44.595655,42.408268515,32.31
landsat,2014-11-14,172/028,172,landsat-8,73.79,46.016325,42.92068879,73.79
landsat,2014-11-14,172/027,172,landsat-8,99.99,47.434585,43.458184085,99.99
landsat,2014-11-14,172/026,172,landsat-8,86.92,48.850139999999996,44.031989415,86.92
landsat,2014-11-14,172/025,172,landsat-8,78.36,50.263895000000005,44.633329759999995,78.36
landsat,2014-11-13,173/028,173,landsat-7,50.0,46.023675,41.44338336,50.0
landsat,2014-11-13,173/027,173,landsat-7,86.0,47.43911,41.982953605,86.0
landsat,2014-11-13,173/026,173,landsat-7,100.0,48.855095,42.487784145000006,100.0
landsat,2014-11-13,173/025,173,landsat-7,100.0,50.271225,43.067094465,100.0
landsat,2014-11-12,174/029,174,landsat-8,44.09,44.59488,39.34773845,44.66
landsat,2014-11-12,174/028,174,landsat-8,64.92,46.01508,39.876348719999996,64.8
landsat,2014-11-12,174/027,174,landsat-8,82.15,47.435069999999996,40.426164,81.88
landsat,2014-11-12,174/026,174,landsat-8,41.26,48.851865000000004,40.99401931,41.26
landsat,2014-11-12,174/025,174,landsat-8,68.98,50.266465,41.586809645,68.98
landsat,2014-11-11,175/028,175,landsat-7,83.0,46.017610000000005,38.314833475,84.0
landsat,2014-11-11,175/027,175,landsat-7,100.0,47.438805,38.85542373,100.0
landsat,2014-11-11,175/026,175,landsat-7,93.0,48.853305000000006,39.439329045,93.0
landsat,2014-11-11,175/025,175,landsat-7,64.0,50.271510000000006,40.032769355,64.0
landsat,2014-11-10,176/028,176,landsat-8,70.9,46.017070000000004,36.74035379,62.16
landsat,2014-11-10,176/027,176,landsat-8,95.76,47.434825000000004,37.275664085,97.34
landsat,2014-11-10,176/026,176,landsat-8,99.94,48.851265,37.84602441,99.94
landsat,2014-11-10,176/025,176,landsat-8,100.0,50.264579999999995,38.44817477,100.0
landsat,2014-11-09,177/025,177,landsat-7,25.0,50.27086,36.883819474999996,25.0
landsat,2014-11-07,171/029,171,landsat-8,22.63,44.593675000000005,43.961758485000004,22.63
landsat,2014-11-07,171/028,171,landsat-8,97.22,46.015495,44.489638755,97.22
landsat,2014-11-07,171/027,171,landsat-8,100.0,47.43459,45.037899045,100.0
landsat,2014-11-07,171/026,171,landsat-8,100.0,48.851185,45.613409364999995,100.0
landsat,2014-11-07,171/025,171,landsat-8,100.0,50.265825,46.21529971,100.0
landsat,2014-11-06,172/028,172,landsat-7,24.0,46.0222,42.93503851,24.0
landsat,2014-11-06,172/027,172,landsat-7,1.0,47.437655,43.47272379,1.0
landsat,2014-11-06,172/026,172,landsat-7,5.0,48.855725,44.03982408,5.0
landsat,2014-11-06,172/025,172,landsat-7,85.0,50.269414999999995,44.648959425,85.0
landsat,2014-11-05,173/029,173,landsat-8,8.92,44.59408,40.92335841,8.92
landsat,2014-11-05,173/028,173,landsat-8,43.79,46.01542,41.440368665,43.79
landsat,2014-11-05,173/027,173,landsat-8,68.81,47.434985,41.98017394,68.81
landsat,2014-11-05,173/026,173,landsat-8,50.1,48.85074,42.47869945,50.1
landsat,2014-11-05,173/025,173,landsat-8,6.96,50.265685000000005,43.063884814999994,6.96
landsat,2014-11-04,174/028,174,landsat-7,0.0,46.02338,39.88290841,0.0
landsat,2014-11-04,174/027,174,landsat-7,0.0,47.440470000000005,40.440158690000004,0.0
landsat,2014-11-04,174/026,174,landsat-7,0.0,48.85577,41.009393974999995,0.0
landsat,2014-11-04,174/025,174,landsat-7,10.0,50.271730000000005,41.59404927,10.0
landsat,2014-11-03,175/028,175,landsat-8,61.1,46.01602,38.313788755000004,66.68
landsat,2014-11-03,175/027,175,landsat-8,19.51,47.433189999999996,38.86128405,21.55
landsat,2014-11-03,175/026,175,landsat-8,53.25,48.85049,39.43586937,53.25
landsat,2014-11-03,175/025,175,landsat-8,73.28,50.265975,40.040999715,73.28
landsat,2014-11-02,176/028,176,landsat-7,28.0,46.021475,36.7490435,44.0
landsat,2014-11-02,176/027,176,landsat-7,12.0,47.43937,37.29644379,13.0
landsat,2014-11-02,176/026,176,landsat-7,68.0,48.858245,37.858269085,68.0
landsat,2014-11-02,176/025,176,landsat-7,88.0,50.27153,38.470519435,88.0
landsat,2014-11-01,177/025,177,landsat-8,95.17,50.26553,36.891264809999996,95.17
landsat,2014-10-30,171/028,171,landsat-7,24.0,46.02123,44.508143465,24.0
landsat,2014-10-30,171/027,171,landsat-7,6.0,47.441565,45.05202373,6.0
landsat,2014-10-30,171/026,171,landsat-7,81.0,48.85534,45.622799025,81.0
landsat,2014-10-30,171/025,171,landsat-7,78.0,50.26973,46.23476436,78.0
landsat,2014-10-29,172/029,172,landsat-8,60.05,44.59607,42.427148515,60.05
landsat,2014-10-29,172/028,172,landsat-8,45.14,46.016665,42.940058789999995,45.14
landsat,2014-10-29,172/027,172,landsat-8,19.23,47.43483500000001,43.478479085000004,19.23
landsat,2014-10-29,172/026,172,landsat-8,43.21,48.85025,44.050794415,43.21
landsat,2014-10-29,172/025,172,landsat-8,41.5,50.26391,44.652704760000006,41.5
landsat,2014-10-28,173/028,173,landsat-7,14.0,46.01938,41.45684337,14.0
landsat,2014-10-28,173/027,173,landsat-7,0.0,47.440255,41.99102361,0.0
landsat,2014-10-28,173/026,173,landsat-7,0.0,48.856705000000005,42.500024135000004,0.0
landsat,2014-10-28,173/025,173,landsat-7,0.0,50.27277,43.07960947,0.0
landsat,2014-10-27,174/029,174,landsat-8,17.65,44.594835,39.36313845,20.81
landsat,2014-10-27,174/028,174,landsat-8,16.11,46.01631999999999,39.892148715,16.16
landsat,2014-10-27,174/027,174,landsat-8,0.33,47.43488,40.442393995,0.11
landsat,2014-10-27,174/026,174,landsat-8,0.01,48.851605000000006,41.008364305,0.01
landsat,2014-10-27,174/025,174,landsat-8,0.01,50.266125,41.601564644999996,0.01
landsat,2014-10-26,175/028,175,landsat-7,1.0,46.02172,38.32075346,0.0
landsat,2014-10-26,175/027,175,landsat-7,1.0,47.440165,38.875683745,0.0
landsat,2014-10-26,175/026,175,landsat-7,0.0,48.85738,39.441414030000004,0.0
landsat,2014-10-26,175/025,175,landsat-7,0.0,50.27269,40.05437937,0.0
landsat,2014-10-25,176/028,176,landsat-8,50.95,46.01723,36.74999879,44.49
landsat,2014-10-25,176/027,176,landsat-8,2.19,47.433645,37.28565409,0.35
landsat,2014-10-25,176/026,176,landsat-8,0.02,48.849985,37.856469415,0.02
landsat,2014-10-25,176/025,176,landsat-8,0.05,50.264655000000005,38.45893977,0.05
landsat,2014-10-24,177/025,177,landsat-7,85.0,50.271225,36.904749484999996,85.0
landsat,2014-10-22,171/029,171,landsat-8,62.38,44.59371,43.965608485000004,62.38
landsat,2014-10-22,171/028,171,landsat-8,77.47,46.015495,44.489638755,77.47
landsat,2014-10-22,171/027,171,landsat-8,85.33,47.434565,45.039929045,85.33
landsat,2014-10-22,171/026,171,landsat-8,85.63,48.851185,45.613409364999995,85.63
landsat,2014-10-22,171/025,171,landsat-8,81.55,50.26578,46.21959971,81.55
landsat,2014-10-21,172/028,172,landsat-7,100.0,46.021055000000004,42.946748505,100.0
landsat,2014-10-21,172/027,172,landsat-7,63.0,47.4418,43.478803775,63.0
landsat,2014-10-21,172/026,172,landsat-7,100.0,48.855815,44.052339079999996,100.0
landsat,2014-10-21,172/025,172,landsat-7,100.0,50.268095,44.661854430000005,100.0
landsat,2014-10-20,173/029,173,landsat-8,14.95,44.594139999999996,40.919578415000004,14.95
landsat,2014-10-20,173/028,173,landsat-8,79.97,46.015505,41.436498665,79.97
landsat,2014-10-20,173/027,173,landsat-8,87.9,47.435010000000005,41.978218940000005,87.9
landsat,2014-10-20,173/026,173,landsat-8,100.0,48.852000000000004,42.474599444999996,100.0
landsat,2014-10-20,173/025,173,landsat-8,100.0,50.26568,43.061824814999994,100.0
landsat,2014-10-19,174/027,174,landsat-7,100.0,47.44177,40.446168674999996,100.0
landsat,2014-10-19,174/026,174,landsat-7,92.0,48.85435,41.013283959999995,92.0
landsat,2014-10-19,174/025,174,landsat-7,17.0,50.268665,41.612994295,17.0
landsat,2014-10-18,175/028,175,landsat-8,99.99,46.01598,38.305888755,99.99
landsat,2014-10-18,175/027,175,landsat-8,99.98,47.433184999999995,38.853164050000004,99.98
landsat,2014-10-18,175/026,175,landsat-8,97.82,48.85052,39.427509369999996,97.82
landsat,2014-10-18,175/025,175,landsat-8,97.1,50.264695,40.03238972,97.1
landsat,2014-10-16,177/025,177,landsat-8,72.91,50.26532,36.88070981,72.91
landsat,2014-10-14,171/028,171,landsat-7,16.0,46.021245,44.512113455,16.0
landsat,2014-10-14,171/027,171,landsat-7,28.0,47.43886500000001,45.06824374,28.0
landsat,2014-10-14,171/026,171,landsat-7,0.0,48.853899999999996,45.64368904,0.0
landsat,2014-10-14,171/025,171,landsat-7,23.0,50.269735,46.23684435,23.0
landsat,2014-10-13,172/029,172,landsat-8,10.23,44.59574,42.412043515,10.23
landsat,2014-10-13,172/028,172,landsat-8,24.76,46.016395,42.92456379,24.76
landsat,2014-10-13,172/027,172,landsat-8,63.55,47.434685,43.464269085,63.55
landsat,2014-10-13,172/026,172,landsat-8,23.51,48.850170000000006,44.036169415,23.51
landsat,2014-10-13,172/025,172,landsat-8,7.0,50.26388,44.63978976,7.0
landsat,2014-10-12,173/028,173,landsat-7,6.0,46.019235,41.46268337,6.0
landsat,2014-10-12,173/027,173,landsat-7,0.0,47.440155000000004,41.994993609999995,0.0
landsat,2014-10-12,173/026,173,landsat-7,0.0,48.856785,42.504109135,0.0
landsat,2014-10-12,173/025,173,landsat-7,0.0,50.271485,43.083924464999996,0.0
landsat,2014-10-11,174/029,174,landsat-8,0.92,44.59485,39.35928845,1.04
landsat,2014-10-11,174/028,174,landsat-8,0.04,46.01635,39.888203715,0.05
landsat,2014-10-11,174/027,174,landsat-8,0.08,47.434925,40.438338994999995,0.09
landsat,2014-10-11,174/026,174,landsat-8,0.01,48.85167,41.004279305,0.01
landsat,2014-10-11,174/025,174,landsat-8,0.02,50.26621,41.597359645,0.02
landsat,2014-10-10,175/026,175,landsat-7,0.0,48.854690000000005,39.447649025000004,0.0
landsat,2014-10-10,175/025,175,landsat-7,30.0,50.268609999999995,40.058609375,30.0
landsat,2014-10-09,176/028,176,landsat-8,33.76,46.01594,36.752068785,4.0
landsat,2014-10-09,176/027,176,landsat-8,0.39,47.4337,37.289629090000005,0.23
landsat,2014-10-09,176/026,176,landsat-8,0.14,48.85002,37.860644414999996,0.14
landsat,2014-10-09,176/025,176,landsat-8,1.93,50.26463,38.46108977,1.93
landsat,2014-10-08,177/025,177,landsat-7,0.0,50.272425,36.89643447,0.0
landsat,2014-10-06,171/029,171,landsat-8,93.5,44.593775,43.973303485,93.5
landsat,2014-10-06,171/028,171,landsat-8,29.57,46.015505,44.499518755,29.57
landsat,2014-10-06,171/027,171,landsat-8,54.96,47.43324,45.05007404,54.96
landsat,2014-10-06,171/026,171,landsat-8,70.04,48.851110000000006,45.623849365,70.04
landsat,2014-10-06,171/025,171,landsat-8,50.13,50.265705,46.228209705,50.13
landsat,2014-10-05,172/028,172,landsat-7,49.0,46.019645,42.9448735,49.0
landsat,2014-10-05,172/027,172,landsat-7,1.0,47.439255,43.49290879,1.0
landsat,2014-10-05,172/026,172,landsat-7,9.0,48.857225,44.060629085,9.0
landsat,2014-10-05,172/025,172,landsat-7,81.0,50.27081,44.670429435,81.0
landsat,2014-10-04,173/029,173,landsat-8,31.47,44.593959999999996,40.93091341,31.47
landsat,2014-10-04,173/028,173,landsat-8,7.7,46.01526,41.448113665,7.7
landsat,2014-10-04,173/027,173,landsat-8,0.16,47.434785000000005,41.98811894,0.16
landsat,2014-10-04,173/026,173,landsat-8,0.43,48.85091,42.486874445,0.43
landsat,2014-10-04,173/025,173,landsat-8,56.74,50.26581,43.072294815,56.74
landsat,2014-10-03,174/027,174,landsat-7,0.0,47.43907,40.444058675,0.0
landsat,2014-10-03,174/026,174,landsat-7,0.0,48.855565,41.021658975,0.0
landsat,2014-10-03,174/025,174,landsat-7,0.0,50.270115000000004,41.606644275,0.0
landsat,2014-10-02,175/028,175,landsat-8,3.51,46.016025,38.31971376,1.14
landsat,2014-10-02,175/027,175,landsat-8,0.09,47.433195,38.86940405,0.06
landsat,2014-10-02,175/026,175,landsat-8,13.86,48.850465,39.44422437,13.86
landsat,2014-10-02,175/025,175,landsat-8,66.8,50.26459,40.045304720000004,66.8
landsat,2014-09-30,177/025,177,landsat-8,77.75,50.26567,36.89967981,77.75
landsat,2014-09-27,172/029,172,landsat-8,21.14,44.594945,42.436718510000006,21.14
landsat,2014-09-27,172/028,172,landsat-8,27.74,46.016864999999996,42.951678785,27.74
landsat,2014-09-27,172/027,172,landsat-8,7.04,47.434985,43.488629085,7.04
landsat,2014-09-27,172/026,172,landsat-8,3.01,48.850345000000004,44.063329415,3.01
landsat,2014-09-27,172/025,172,landsat-8,11.21,50.26394,44.66561976,11.21
landsat,2014-09-26,173/028,173,landsat-7,58.0,46.02048,41.468398355,58.0
landsat,2014-09-26,173/027,173,landsat-7,3.0,47.43823,42.016938625,3.0
landsat,2014-09-26,173/026,173,landsat-7,6.0,48.856865,42.508299125,6.0
landsat,2014-09-26,173/025,173,landsat-7,6.0,50.267635,43.094599465,6.0
landsat,2014-09-25,174/029,174,landsat-8,96.86,44.594764999999995,39.39008845,97.95
landsat,2014-09-25,174/028,174,landsat-8,100.0,46.016155,39.915853715,100.0
landsat,2014-09-25,174/025,174,landsat-8,96.19,50.265575,41.626799645,96.19
landsat,2014-09-24,175/028,175,landsat-7,82.0,46.02047,38.346363475000004,75.0
landsat,2014-09-24,175/027,175,landsat-7,100.0,47.43478,38.895958745,100.0
landsat,2014-09-24,175/026,175,landsat-7,97.0,48.853265,39.462244029999994,97.0
landsat,2014-09-24,175/025,175,landsat-7,96.0,50.267155,40.071439365,96.0
landsat,2014-09-23,176/028,176,landsat-8,93.68,46.015029999999996,36.77531879,89.92
landsat,2014-09-23,176/027,176,landsat-8,93.28,47.434035,37.313489085,93.53
landsat,2014-09-23,176/026,176,landsat-8,90.99,48.85025,37.883624420000004,90.99
landsat,2014-09-23,176/025,176,landsat-8,92.14,50.26473,38.48692977,92.14
landsat,2014-09-22,177/026,177,landsat-7,35.0,48.858305,36.326164125,35.0
landsat,2014-09-22,177/025,177,landsat-7,29.0,50.26732,36.91350447000001,29.0
landsat,2014-09-20,171/029,171,landsat-8,100.0,44.593895,43.988703485,100.0
landsat,2014-09-20,171/028,171,landsat-8,100.0,46.01558,44.51334875,100.0
landsat,2014-09-20,171/027,171,landsat-8,99.97,47.43459,45.062259045,99.97
landsat,2014-09-20,171/026,171,landsat-8,91.27,48.85107,45.638474365,91.27
landsat,2014-09-20,171/025,171,landsat-8,18.61,50.26558,46.241114705,18.61
landsat,2014-09-19,172/028,172,landsat-7,96.0,46.017275,42.96235351,96.0
landsat,2014-09-19,172/027,172,landsat-7,16.0,47.4379,43.493068775,16.0
landsat,2014-09-19,172/026,172,landsat-7,0.0,48.85467,44.075224094999996,0.0
landsat,2014-09-19,172/025,172,landsat-7,0.0,50.26949,44.668319415,0.0
landsat,2014-09-18,173/029,173,landsat-8,67.21,44.59383,40.93846841,67.21
landsat,2014-09-18,173/028,173,landsat-8,6.35,46.01645,41.455953665,6.35
landsat,2014-09-18,173/027,173,landsat-8,0.04,47.434505,41.998088935,0.04
landsat,2014-09-18,173/026,173,landsat-8,0.01,48.851085,42.495044445,0.01
landsat,2014-09-18,173/025,173,landsat-8,0.01,50.26601,43.082859815000006,0.01
landsat,2014-09-17,174/027,174,landsat-7,6.0,47.43893,40.458243675,7.0
landsat,2014-09-17,174/026,174,landsat-7,24.0,48.855360000000005,41.033918975,24.0
landsat,2014-09-17,174/025,174,landsat-7,17.0,50.268315,41.627749295,17.0
landsat,2014-09-16,175/028,175,landsat-8,26.54,46.016059999999996,38.32168876,22.12
landsat,2014-09-16,175/027,175,landsat-8,14.13,47.433195,38.86940405,15.86
landsat,2014-09-16,175/026,175,landsat-8,41.71,48.850465,39.44422437,41.71
landsat,2014-09-16,175/025,175,landsat-8,89.5,50.26456,40.04960972,89.5
landsat,2014-09-14,177/025,177,landsat-8,6.96,50.265600000000006,36.895474809999996,6.96
landsat,2014-09-12,171/028,171,landsat-7,58.0,46.017269999999996,44.53183847,58.0
landsat,2014-09-12,171/027,171,landsat-7,95.0,47.437515000000005,45.072288725,95.0
landsat,2014-09-12,171/026,171,landsat-7,73.0,48.851214999999996,45.645669014999996,73.0
landsat,2014-09-12,171/025,171,landsat-7,80.0,50.265535,46.25617937,80.0
landsat,2014-09-11,172/029,172,landsat-8,100.0,44.595905,42.419598515000004,100.0
landsat,2014-09-11,172/028,172,landsat-8,83.77,46.016595,42.93618379,83.77
landsat,2014-09-11,172/027,172,landsat-8,12.25,47.434785000000005,43.472389085,12.25
landsat,2014-09-11,172/026,172,landsat-8,11.11,48.85022,44.046619415,11.11
landsat,2014-09-11,172/025,172,landsat-8,4.58,50.26525,44.648379770000005,4.58
landsat,2014-09-09,174/029,174,landsat-8,80.12,44.594835,39.36313845,82.28
landsat,2014-09-09,174/028,174,landsat-8,99.92,46.01631999999999,39.892148715,99.94
landsat,2014-09-09,174/027,174,landsat-8,99.28,47.43488,40.442393995,99.48
landsat,2014-09-09,174/026,174,landsat-8,100.0,48.851600000000005,41.010369305,100.0
landsat,2014-09-09,174/025,174,landsat-8,100.0,50.266104999999996,41.603629645,100.0
landsat,2014-09-08,175/028,175,landsat-7,21.0,46.024375,38.31279347,23.0
landsat,2014-09-08,175/027,175,landsat-7,69.0,47.440155000000004,38.859463745,76.0
landsat,2014-09-08,175/026,175,landsat-7,79.0,48.858775,39.424729025000005,79.0
landsat,2014-09-08,175/025,175,landsat-7,97.0,50.272875,40.03503937,97.0
landsat,2014-09-07,176/028,176,landsat-8,58.33,46.01601,36.755938785,65.67
landsat,2014-09-07,176/027,176,landsat-8,12.67,47.4337,37.29157909,14.48
landsat,2014-09-07,176/026,176,landsat-8,4.98,48.85006,37.864829415,4.98
landsat,2014-09-07,176/025,176,landsat-8,5.28,50.26465,38.465399770000005,5.28
landsat,2014-09-06,177/025,177,landsat-7,0.0,50.27093,36.885859485,0.0
landsat,2014-09-04,171/029,171,landsat-8,60.04,44.593805,43.977158485000004,60.04
landsat,2014-09-04,171/028,171,landsat-8,33.6,46.01554,44.501493755,33.6
landsat,2014-09-04,171/027,171,landsat-8,33.19,47.43459,45.050079045,33.19
landsat,2014-09-04,171/026,171,landsat-8,13.08,48.85113,45.625939365,13.08
landsat,2014-09-04,171/025,171,landsat-8,3.05,50.265705,46.228209705,3.05
landsat,2014-09-03,172/028,172,landsat-7,10.0,46.02469,42.923483495,10.0
landsat,2014-09-03,172/027,172,landsat-7,0.0,47.44305,43.470533790000005,0.0
landsat,2014-09-03,172/026,172,landsat-7,0.0,48.85706999999999,44.039719094999995,0.0
landsat,2014-09-03,172/025,172,landsat-7,3.0,50.27207,44.631764415000006,3.0
landsat,2014-09-02,173/029,173,landsat-8,1.4,44.593959999999996,40.93091341,1.4
landsat,2014-09-02,173/028,173,landsat-8,1.88,46.01518,41.451983659999996,1.88
landsat,2014-09-02,173/027,173,landsat-8,11.86,47.434685,41.99208894,11.86
landsat,2014-09-02,173/026,173,landsat-8,0.78,48.85098,42.488954445000005,0.78
landsat,2014-09-02,173/025,173,landsat-8,0.7,50.265874999999994,43.074444815,0.7
landsat,2014-08-31,175/028,175,landsat-8,0.12,46.016059999999996,38.32168876,0.18
landsat,2014-08-31,175/027,175,landsat-8,0.07,47.43317,38.871434050000005,0.08
landsat,2014-08-31,175/026,175,landsat-8,1.5,48.85043,39.446309365000005,1.5
landsat,2014-08-31,175/025,175,landsat-8,5.63,50.26591,40.049609715,5.63
landsat,2014-08-30,176/028,176,landsat-7,5.0,46.022800000000004,36.745223495000005,18.0
landsat,2014-08-30,176/027,176,landsat-7,15.0,47.44195499999999,37.286448789999994,17.0
landsat,2014-08-30,176/026,176,landsat-7,22.0,48.860865,37.849859085000006,22.0
landsat,2014-08-30,176/025,176,landsat-7,29.0,50.27144,38.44908941,29.0
landsat,2014-08-29,177/025,177,landsat-8,46.47,50.26568,36.90173981,46.47
landsat,2014-08-27,171/028,171,landsat-7,85.0,46.023885,44.496308455000005,85.0
landsat,2014-08-27,171/027,171,landsat-7,99.0,47.441559999999996,45.05202874,99.0
landsat,2014-08-27,171/026,171,landsat-7,100.0,48.85671000000001,45.62491903,100.0
landsat,2014-08-27,171/025,171,landsat-7,90.0,50.2713,46.217514345,90.0
landsat,2014-08-26,172/029,172,landsat-8,29.49,44.59607,42.427148515,29.49
landsat,2014-08-26,172/028,172,landsat-8,34.03,46.016665,42.940058789999995,34.03
landsat,2014-08-26,172/027,172,landsat-8,12.75,47.43483500000001,43.478479085000004,12.75
landsat,2014-08-26,172/026,172,landsat-8,32.67,48.850295,44.052884415,32.67
landsat,2014-08-26,172/025,172,landsat-8,74.64,50.263945,44.654854760000006,74.64
landsat,2014-08-25,173/028,173,landsat-7,19.0,46.023585,41.449238365,19.0
landsat,2014-08-25,173/027,173,landsat-7,50.0,47.44036,41.987138619999996,50.0
landsat,2014-08-25,173/026,173,landsat-7,75.0,48.8576,42.47766912,75.0
landsat,2014-08-25,173/025,173,landsat-7,20.0,50.272705,43.073234485,20.0
landsat,2014-08-24,174/029,174,landsat-8,2.96,44.59348,39.366993455,3.43
landsat,2014-08-24,174/028,174,landsat-8,12.05,46.016295,39.89610371,12.09
landsat,2014-08-24,174/027,174,landsat-8,28.46,47.434835,40.446454,28.8
landsat,2014-08-24,174/026,174,landsat-8,31.27,48.851524999999995,41.014459305,31.27
landsat,2014-08-24,174/025,174,landsat-8,10.59,50.266014999999996,41.607834645,10.59
landsat,2014-08-23,175/028,175,landsat-7,13.0,46.020309999999995,38.314803475000005,13.0
landsat,2014-08-23,175/027,175,landsat-7,5.0,47.441505,38.85541873,6.0
landsat,2014-08-23,175/026,175,landsat-7,25.0,48.85874,39.437294045,25.0
landsat,2014-08-23,175/025,175,landsat-7,28.0,50.270134999999996,40.03712937,28.0
landsat,2014-08-22,176/028,176,landsat-8,24.58,46.01601,36.755938785,20.94
landsat,2014-08-22,176/027,176,landsat-8,47.36,47.433755000000005,37.29360409,55.04
landsat,2014-08-22,176/026,176,landsat-8,37.97,48.85006,37.864829415,37.97
landsat,2014-08-22,176/025,176,landsat-8,29.57,50.26469,38.46754977,29.57
landsat,2014-08-19,171/029,171,landsat-8,42.68,44.593775,43.973303485,42.68
landsat,2014-08-19,171/028,171,landsat-8,73.87,46.01554,44.501493755,73.87
landsat,2014-08-19,171/027,171,landsat-8,80.56,47.43459,45.050079045,80.56
landsat,2014-08-19,171/026,171,landsat-8,79.79,48.85113,45.625939365,79.79
landsat,2014-08-19,171/025,171,landsat-8,95.14,50.265705,46.228209705,95.14
landsat,2014-08-18,172/028,172,landsat-7,0.0,46.02065,42.923513505,0.0
landsat,2014-08-18,172/027,172,landsat-7,0.0,47.441500000000005,43.456513775000005,0.0
landsat,2014-08-18,172/026,172,landsat-7,43.0,48.85704,44.035544095000006,43.0
landsat,2014-08-18,172/025,172,landsat-7,97.0,50.273445,44.629614405,97.0
landsat,2014-08-17,173/029,173,landsat-8,4.64,44.594015,40.927133409999996,4.64
landsat,2014-08-17,173/028,173,landsat-8,3.86,46.01661,41.44821367,3.86
landsat,2014-08-17,173/027,173,landsat-8,0.0,47.434785000000005,41.98811894,0.0
landsat,2014-08-17,173/026,173,landsat-8,1.22,48.85091,42.486874445,1.22
landsat,2014-08-17,173/025,173,landsat-8,12.84,50.26581,43.072294815,12.84
landsat,2014-08-16,174/028,174,landsat-7,2.0,46.0208,39.869063415,2.0
landsat,2014-08-16,174/027,174,landsat-7,1.0,47.437965,40.42590869,1.0
landsat,2014-08-16,174/026,174,landsat-7,6.0,48.85745,40.988873964999996,6.0
landsat,2014-08-16,174/025,174,landsat-7,2.0,50.271905000000004,41.587914295,2.0
landsat,2014-08-15,175/028,175,landsat-8,0.0,46.01602,38.313788755000004,0.0
landsat,2014-08-15,175/027,175,landsat-8,0.0,47.433195,38.86534405,0.0
landsat,2014-08-15,175/026,175,landsat-8,0.0,48.850480000000005,39.44004437,0.0
landsat,2014-08-15,175/025,175,landsat-8,0.01,50.264579999999995,40.04314972,0.01
landsat,2014-08-14,176/028,176,landsat-7,0.0,46.022515,36.731638495,0.0
landsat,2014-08-14,176/027,176,landsat-7,0.0,47.441784999999996,37.27647379,0.0
landsat,2014-08-14,176/026,176,landsat-7,0.0,48.854085,37.845749095,0.0
landsat,2014-08-14,176/025,176,landsat-7,0.0,50.27008,38.438344415,0.0
landsat,2014-08-13,177/025,177,landsat-8,0.54,50.26553,36.891264809999996,0.54
landsat,2014-08-11,171/028,171,landsat-7,99.0,46.02251,44.488388470000004,99.0
landsat,2014-08-11,171/027,171,landsat-7,97.0,47.44291,45.027703725,97.0
landsat,2014-08-11,171/026,171,landsat-7,40.0,48.856805,45.59778402,40.0
landsat,2014-08-11,171/025,171,landsat-7,0.0,50.269985,46.211139360000004,0.0
landsat,2014-08-10,172/029,172,landsat-8,72.02,44.595905,42.419598515000004,72.02
landsat,2014-08-10,172/028,172,landsat-8,45.4,46.016535000000005,42.93420879,45.4
landsat,2014-08-10,172/027,172,landsat-8,0.01,47.434785000000005,43.472389085,0.01
landsat,2014-08-10,172/026,172,landsat-8,1.23,48.85022,44.046619415,1.23
landsat,2014-08-10,172/025,172,landsat-8,19.39,50.2639,44.648399760000004,19.39
landsat,2014-08-09,173/028,173,landsat-7,35.0,46.02279,41.422033365,35.0
landsat,2014-08-09,173/027,173,landsat-7,5.0,47.442115,41.97137363,5.0
landsat,2014-08-09,173/026,173,landsat-7,4.0,48.859965,42.46319412,4.0
landsat,2014-08-09,173/025,173,landsat-7,6.0,50.27379,43.05835949,6.0
landsat,2014-08-08,174/029,174,landsat-8,1.14,44.594835,39.36313845,1.33
landsat,2014-08-08,174/028,174,landsat-8,0.76,46.01631999999999,39.892148715,0.76
landsat,2014-08-08,174/027,174,landsat-8,0.41,47.43488,40.442393995,0.41
landsat,2014-08-08,174/026,174,landsat-8,0.25,48.851535,41.012454305,0.25
landsat,2014-08-08,174/025,174,landsat-8,1.37,50.266104999999996,41.603629645,1.37
landsat,2014-08-07,175/028,175,landsat-7,0.0,46.021545,38.289188460000005,0.0
landsat,2014-08-07,175/027,175,landsat-7,2.0,47.440145,38.847303745000005,2.0
landsat,2014-08-07,175/026,175,landsat-7,1.0,48.857465,39.41221903,1.0
landsat,2014-08-07,175/025,175,landsat-7,2.0,50.27293,40.02429437,2.0
landsat,2014-08-06,176/028,176,landsat-8,2.03,46.01601,36.755938785,8.06
landsat,2014-08-06,176/027,176,landsat-8,10.27,47.4337,37.29157909,12.24
landsat,2014-08-06,176/026,176,landsat-8,13.43,48.85006,37.864829415,13.43
landsat,2014-08-06,176/025,176,landsat-8,24.75,50.26465,38.465399770000005,24.75
landsat,2014-08-03,171/029,171,landsat-8,1.68,44.593805,43.977158485000004,1.68
landsat,2014-08-03,171/028,171,landsat-8,0.0,46.015519999999995,44.503468755,0.0
landsat,2014-08-03,171/027,171,landsat-8,0.0,47.434595,45.054139045,0.0
landsat,2014-08-03,171/026,171,landsat-8,6.12,48.85109,45.628024365,6.12
landsat,2014-08-03,171/025,171,landsat-8,40.5,50.26566,46.232514705,40.5
landsat,2014-08-02,172/028,172,landsat-7,0.0,46.023210000000006,42.91566351,0.0
landsat,2014-08-02,172/027,172,landsat-7,0.0,47.444095000000004,43.44832377,0.0
landsat,2014-08-02,172/026,172,landsat-7,0.0,48.85971,44.031319095,0.0
landsat,2014-08-02,172/025,172,landsat-7,0.0,50.27075,44.62959443,0.0
landsat,2014-08-01,173/029,173,landsat-8,2.15,44.593895,40.934693409999994,2.15
landsat,2014-08-01,173/028,173,landsat-8,0.0,46.01518,41.451983659999996,0.0
landsat,2014-08-01,173/027,173,landsat-8,0.0,47.43461,41.994113935,0.0
landsat,2014-08-01,173/026,173,landsat-8,0.0,48.850995,42.490959445,0.0
landsat,2014-08-01,173/025,173,landsat-8,5.5,50.26594,43.078654815,5.5
landsat,2014-07-31,174/028,174,landsat-7,0.0,46.02212,39.873093425,0.0
landsat,2014-07-31,174/027,174,landsat-7,1.0,47.442145,40.413753674999995,1.0
landsat,2014-07-31,174/026,174,landsat-7,1.0,48.85874,40.99115398,1.0
landsat,2014-07-31,174/025,174,landsat-7,0.0,50.27066,41.58151929,0.0
landsat,2014-07-30,175/028,175,landsat-8,0.07,46.016085000000004,38.32564376,0.09
landsat,2014-07-30,175/027,175,landsat-8,1.87,47.433170000000004,38.87549405,2.18
landsat,2014-07-30,175/026,175,landsat-8,3.46,48.850415,39.450489364999996,3.46
landsat,2014-07-30,175/025,175,landsat-8,0.11,50.26587,40.053909715,0.11
landsat,2014-07-29,176/028,176,landsat-7,0.0,46.022515,36.731638495,0.0
landsat,2014-07-29,176/027,176,landsat-7,0.0,47.440439999999995,37.276473795,0.0
landsat,2014-07-29,176/026,176,landsat-7,0.0,48.85945,37.83943409,0.0
landsat,2014-07-29,176/025,176,landsat-7,1.0,50.271445,38.449029435,1.0
landsat,2014-07-28,177/025,177,landsat-8,0.01,50.265815,36.908094809999994,0.01
landsat,2014-07-26,171/028,171,landsat-7,7.0,46.02116,44.482528455,7.0
landsat,2014-07-26,171/027,171,landsat-7,0.0,47.44021,45.039868745,0.0
landsat,2014-07-26,171/026,171,landsat-7,0.0,48.85812,45.606154024999995,0.0
landsat,2014-07-26,171/025,171,landsat-7,5.0,50.27264,46.21550936,5.0
landsat,2014-07-25,172/029,172,landsat-8,99.97,44.594965,42.43857351,99.97
landsat,2014-07-25,172/028,172,landsat-8,100.0,46.01558,42.95564378,100.0
landsat,2014-07-25,172/027,172,landsat-8,82.67,47.43503,43.494719085,82.67
landsat,2014-07-25,172/026,172,landsat-8,29.85,48.85037,44.06750441,29.85
landsat,2014-07-25,172/025,172,landsat-8,7.05,50.26395,44.66992476,7.05
landsat,2014-07-24,173/028,173,landsat-7,0.0,46.023915,41.43176336,0.0
landsat,2014-07-24,173/027,173,landsat-7,3.0,47.443255,41.979348625,3.0
landsat,2014-07-24,173/026,173,landsat-7,69.0,48.856260000000006,42.477589135,69.0
landsat,2014-07-24,173/025,173,landsat-7,35.0,50.271085,43.056619465,35.0
landsat,2014-07-23,174/029,174,landsat-8,0.62,44.594785,39.38238845,0.43
landsat,2014-07-23,174/028,174,landsat-8,0.0,46.016180000000006,39.911903715,0.0
landsat,2014-07-23,174/027,174,landsat-8,0.03,47.434645,40.462684,0.03
landsat,2014-07-23,174/026,174,landsat-8,5.95,48.851265,41.028804305,5.95
landsat,2014-07-23,174/025,174,landsat-8,0.52,50.265665,41.622594645,0.52
landsat,2014-07-22,175/028,175,landsat-7,45.0,46.021675,38.31282847,60.0
landsat,2014-07-22,175/027,175,landsat-7,47.0,47.441500000000005,38.85136373,53.0
landsat,2014-07-22,175/026,175,landsat-7,93.0,48.854735,39.424709025,93.0
landsat,2014-07-22,175/025,175,landsat-7,87.0,50.270179999999996,40.034984370000004,87.0
landsat,2014-07-21,176/028,176,landsat-8,2.2,46.01496,36.771448795,0.07
landsat,2014-07-21,176/027,176,landsat-8,2.5,47.43392,37.30748409,2.97
landsat,2014-07-21,176/026,176,landsat-8,18.5,48.850215,37.879444415,18.5
landsat,2014-07-21,176/025,176,landsat-8,57.25,50.264714999999995,38.48261977,57.25
landsat,2014-07-18,171/029,171,landsat-8,88.33,44.593865,43.984853485,88.33
landsat,2014-07-18,171/028,171,landsat-8,98.48,46.01558,44.51334875,98.48
landsat,2014-07-18,171/027,171,landsat-8,86.87,47.43459,45.062259045,86.87
landsat,2014-07-18,171/026,171,landsat-8,47.2,48.85107,45.638474365,47.2
landsat,2014-07-18,171/025,171,landsat-8,2.44,50.26558,46.241114705,2.44
landsat,2014-07-17,172/028,172,landsat-7,0.0,46.02482,42.929328495,0.0
landsat,2014-07-17,172/027,172,landsat-7,3.0,47.4431,43.47661879,3.0
landsat,2014-07-17,172/026,172,landsat-7,0.0,48.854455,44.046029094999994,0.0
landsat,2014-07-17,172/025,172,landsat-7,5.0,50.27077,44.638234409999995,5.0
landsat,2014-07-16,173/029,173,landsat-8,0.26,44.59518,40.938478405,0.26
landsat,2014-07-16,173/028,173,landsat-8,0.14,46.015100000000004,41.45585366,0.14
landsat,2014-07-16,173/027,173,landsat-8,0.09,47.434505,41.998088935,0.09
landsat,2014-07-16,173/026,173,landsat-8,0.15,48.851085,42.495044445,0.15
landsat,2014-07-16,173/025,173,landsat-8,0.73,50.26601,43.082859815000006,0.73
landsat,2014-07-15,174/028,174,landsat-7,18.0,46.020624999999995,39.89079342,18.0
landsat,2014-07-15,174/027,174,landsat-7,78.0,47.441905,40.431983675,78.0
landsat,2014-07-15,174/026,174,landsat-7,82.0,48.854614999999995,40.99894396,82.0
landsat,2014-07-15,174/025,174,landsat-7,49.0,50.2703,41.59833929,49.0
landsat,2014-07-14,175/028,175,landsat-8,69.26,46.016085000000004,38.32564376,68.77
landsat,2014-07-14,175/027,175,landsat-8,52.59,47.4332,38.87346405,49.76
landsat,2014-07-14,175/026,175,landsat-8,17.4,48.850449999999995,39.448399365,17.4
landsat,2014-07-14,175/025,175,landsat-8,25.46,50.26587,40.053909715,25.46
landsat,2014-07-13,176/028,176,landsat-7,84.0,46.023025000000004,36.756673515,89.0
landsat,2014-07-13,176/027,176,landsat-7,71.0,47.443245000000005,37.28451377499999,69.0
landsat,2014-07-13,176/026,176,landsat-7,81.0,48.85698,37.864459100000005,81.0
landsat,2014-07-13,176/025,176,landsat-7,23.0,50.268834999999996,38.464099435,23.0
landsat,2014-07-12,177/025,177,landsat-8,5.63,50.26567,36.89967981,5.63
landsat,2014-07-10,171/028,171,landsat-7,16.0,46.02118,44.486473454999995,16.0
landsat,2014-07-10,171/027,171,landsat-7,0.0,47.438865,45.04392374,0.0
landsat,2014-07-10,171/026,171,landsat-7,1.0,48.858140000000006,45.608239025,1.0
landsat,2014-07-10,171/025,171,landsat-7,21.0,50.2726,46.21980436,21.0
landsat,2014-07-09,172/029,172,landsat-8,84.34,44.59607,42.427148515,84.34
landsat,2014-07-09,172/028,172,landsat-8,78.51,46.016665,42.940058789999995,78.51
landsat,2014-07-09,172/027,172,landsat-8,80.67,47.434885,43.480509085,80.67
landsat,2014-07-09,172/026,172,landsat-8,62.27,48.850295,44.052884415,62.27
landsat,2014-07-09,172/025,172,landsat-8,57.23,50.26392,44.65700976,57.23
landsat,2014-07-08,173/028,173,landsat-7,46.0,46.02241,41.439573375,46.0
landsat,2014-07-08,173/027,173,landsat-7,83.0,47.44343,41.973268615,83.0
landsat,2014-07-08,173/026,173,landsat-7,100.0,48.859055,42.48354914,100.0
landsat,2014-07-08,173/025,173,landsat-7,95.0,50.269875,43.06492948499999,95.0
landsat,2014-07-07,174/029,174,landsat-8,25.32,44.59482,39.37083845,27.29
landsat,2014-07-07,174/028,174,landsat-8,37.13,46.01491,39.898078715,36.99
landsat,2014-07-07,174/027,174,landsat-8,73.87,47.43479,40.450509,73.85
landsat,2014-07-07,174/026,174,landsat-8,92.15,48.851465000000005,41.016539304999995,92.15
landsat,2014-07-07,174/025,174,landsat-8,60.72,50.26594,41.609979644999996,60.72
landsat,2014-07-06,175/028,175,landsat-7,87.0,46.022999999999996,38.308848475000005,99.0
landsat,2014-07-06,175/027,175,landsat-7,96.0,47.43746,38.855418745,97.0
landsat,2014-07-06,175/026,175,landsat-7,100.0,48.857465000000005,39.42264403,100.0
landsat,2014-07-06,175/025,175,landsat-7,100.0,50.271564999999995,40.030744375,100.0
landsat,2014-07-05,176/028,176,landsat-8,34.61,46.016099999999994,36.76171379,47.9
landsat,2014-07-05,176/027,176,landsat-8,17.7,47.433814999999996,37.299534089999995,15.5
landsat,2014-07-05,176/026,176,landsat-8,10.54,48.850139999999996,37.871094415,10.54
landsat,2014-07-05,176/025,176,landsat-8,23.32,50.26468,38.47400977,23.32
landsat,2014-07-04,177/025,177,landsat-7,30.0,50.26936,36.873464465,30.0
landsat,2014-07-02,171/029,171,landsat-8,7.16,44.593865,43.984853485,7.16
landsat,2014-07-02,171/028,171,landsat-8,13.04,46.01558,44.51334875,13.04
landsat,2014-07-02,171/027,171,landsat-8,28.76,47.43459,45.062259045,28.76
landsat,2014-07-02,171/026,171,landsat-8,0.07,48.85107,45.638474365,0.07
landsat,2014-07-02,171/025,171,landsat-8,0.0,50.26558,46.241114705,0.0
landsat,2014-07-01,172/028,172,landsat-7,0.0,46.026035,42.9214835,0.0
landsat,2014-07-01,172/027,172,landsat-7,0.0,47.440205,43.45853878,0.0
landsat,2014-07-01,172/026,172,landsat-7,0.0,48.85706999999999,44.039719094999995,0.0
landsat,2014-07-01,172/025,172,landsat-7,0.0,50.27207,44.631764415000006,0.0
landsat,2014-06-30,173/029,173,landsat-8,1.47,44.59512,40.942258405000004,1.47
landsat,2014-06-30,173/028,173,landsat-8,1.56,46.016285,41.463698665,1.56
landsat,2014-06-30,173/027,173,landsat-8,0.0,47.434380000000004,42.00400894,0.0
landsat,2014-06-30,173/026,173,landsat-8,0.62,48.851255,42.503219445,0.62
landsat,2014-06-30,173/025,173,landsat-8,3.29,50.26607,43.08706981500001,3.29
landsat,2014-06-29,174/028,174,landsat-7,16.0,46.023485,39.875018409999996,16.0
landsat,2014-06-29,174/027,174,landsat-7,28.0,47.443265,40.434158690000004,28.0
landsat,2014-06-29,174/026,174,landsat-7,14.0,48.855905,41.001218980000004,14.0
landsat,2014-06-29,174/025,174,landsat-7,13.0,50.273335,41.583624279999995,13.0
landsat,2014-06-28,175/028,175,landsat-8,24.32,46.01614,38.33749876,31.75
landsat,2014-06-28,175/027,175,landsat-8,13.34,47.433205,38.885644049999996,15.27
landsat,2014-06-28,175/026,175,landsat-8,37.09,48.85041,39.460934365,37.09
landsat,2014-06-28,175/025,175,landsat-8,57.81,50.265765,40.066824715,57.81
landsat,2014-06-26,177/025,177,landsat-8,84.32,50.26596,36.91650981,84.32
landsat,2014-06-24,171/028,171,landsat-7,17.0,46.025220000000004,44.492368455000005,17.0
landsat,2014-06-24,171/027,171,landsat-7,19.0,47.440245000000004,45.037838725,19.0
landsat,2014-06-24,171/026,171,landsat-7,9.0,48.856695,45.62286904,9.0
landsat,2014-06-24,171/025,171,landsat-7,20.0,50.273995,46.217584345,20.0
landsat,2014-06-23,172/029,172,landsat-8,63.97,44.59623,42.434703515,63.97
landsat,2014-06-23,172/028,172,landsat-8,46.26,46.015445,42.94789378,46.26
landsat,2014-06-23,172/027,172,landsat-8,22.06,47.434985,43.488629085,22.06
landsat,2014-06-23,172/026,172,landsat-8,74.78,48.850345000000004,44.063329415,74.78
landsat,2014-06-23,172/025,172,landsat-8,78.35,50.26394,44.66561976,78.35
landsat,2014-06-22,173/028,173,landsat-7,40.0,46.020965000000004,41.44524837,40.0
landsat,2014-06-22,173/027,173,landsat-7,11.0,47.443250000000006,41.97925861,11.0
landsat,2014-06-22,173/026,173,landsat-7,3.0,48.859125000000006,42.48562914,3.0
landsat,2014-06-22,173/025,173,landsat-7,72.0,50.273915,43.064919465,72.0
landsat,2014-06-21,174/029,174,landsat-8,53.5,44.594809999999995,39.37468845,56.33
landsat,2014-06-21,174/028,174,landsat-8,44.73,46.016239999999996,39.904003715,44.64
landsat,2014-06-21,174/027,174,landsat-8,57.76,47.434740000000005,40.454564000000005,57.46
landsat,2014-06-21,174/026,174,landsat-8,81.39,48.8514,41.020629305,81.39
landsat,2014-06-21,174/025,174,landsat-8,98.48,50.26585,41.614184644999995,98.48
landsat,2014-06-20,175/028,175,landsat-7,74.0,46.02304,38.310888455,83.0
landsat,2014-06-20,175/027,175,landsat-7,71.0,47.438835,38.85745373,71.0
landsat,2014-06-20,175/026,175,landsat-7,21.0,48.856065,39.439354045,21.0
landsat,2014-06-20,175/025,175,landsat-7,39.0,50.271525,40.034919355,39.0
landsat,2014-06-19,176/028,176,landsat-8,8.31,46.016099999999994,36.76171379,2.72
landsat,2014-06-19,176/027,176,landsat-8,2.43,47.433814999999996,37.29758409,1.3
landsat,2014-06-19,176/026,176,landsat-8,8.49,48.850139999999996,37.871094415,8.49
landsat,2014-06-19,176/025,176,landsat-8,17.24,50.26468,38.47400977,17.24
landsat,2014-06-18,177/025,177,landsat-7,63.0,50.271145000000004,36.898479484999996,63.0
landsat,2014-06-16,171/029,171,landsat-8,27.38,44.593805,43.977158485000004,27.38
landsat,2014-06-16,171/028,171,landsat-8,15.7,46.015519999999995,44.503468755,15.7
landsat,2014-06-16,171/027,171,landsat-8,15.97,47.434595,45.054139045,15.97
landsat,2014-06-16,171/026,171,landsat-8,21.43,48.851105000000004,45.630114365,21.43
landsat,2014-06-16,171/025,171,landsat-8,18.64,50.26566,46.232514705,18.64
landsat,2014-06-15,172/028,172,landsat-7,69.0,46.023605,42.936998505000005,69.0
landsat,2014-06-15,172/027,172,landsat-7,72.0,47.4444,43.468583775,72.0
landsat,2014-06-15,172/026,172,landsat-7,29.0,48.858435,44.037684080000005,29.0
landsat,2014-06-14,173/029,173,landsat-8,41.49,44.593959999999996,40.93091341,41.49
landsat,2014-06-14,173/028,173,landsat-8,45.2,46.01526,41.448113665,45.2
landsat,2014-06-14,173/027,173,landsat-8,40.47,47.43471,41.99013894,40.47
landsat,2014-06-14,173/026,173,landsat-8,31.49,48.85091,42.486874445,31.49
landsat,2014-06-14,173/025,173,landsat-8,38.61,50.265874999999994,43.074444815,38.61
landsat,2014-06-13,174/028,174,landsat-7,64.0,46.02069,39.88488342,64.0
landsat,2014-06-13,174/027,174,landsat-7,51.0,47.442009999999996,40.427933675,51.0
landsat,2014-06-13,174/026,174,landsat-7,25.0,48.858535,41.00541898,25.0
landsat,2014-06-13,174/025,174,landsat-7,72.0,50.270375,41.59619929,72.0
landsat,2014-06-12,175/028,175,landsat-8,57.75,46.016040000000004,38.31773876,55.18
landsat,2014-06-12,175/027,175,landsat-8,99.46,47.433170000000004,38.867374049999995,99.81
landsat,2014-06-12,175/026,175,landsat-8,99.95,48.850445,39.442134365,99.95
landsat,2014-06-12,175/025,175,landsat-8,98.66,50.26459,40.045304720000004,98.66
landsat,2014-06-10,177/025,177,landsat-8,82.13,50.265600000000006,36.895474809999996,82.13
landsat,2014-06-08,171/028,171,landsat-7,94.0,46.018495,44.490413465,94.0
landsat,2014-06-08,171/027,171,landsat-7,52.0,47.44024,45.029728725,52.0
landsat,2014-06-08,171/026,171,landsat-7,33.0,48.85677,45.61244404,33.0
landsat,2014-06-08,171/025,171,landsat-7,22.0,50.27413,46.206849344999995,22.0
landsat,2014-06-07,172/029,172,landsat-8,64.57,44.595905,42.419598515000004,64.57
landsat,2014-06-07,172/028,172,landsat-8,64.24,46.016535000000005,42.93420879,64.24
landsat,2014-06-07,172/027,172,landsat-8,2.37,47.434785000000005,43.472389085,2.37
landsat,2014-06-07,172/026,172,landsat-8,8.59,48.85022,44.046619415,8.59
landsat,2014-06-07,172/025,172,landsat-8,9.59,50.26525,44.648379770000005,9.59
landsat,2014-06-06,173/028,173,landsat-7,14.0,46.019795,41.435578375000006,14.0
landsat,2014-06-06,173/027,173,landsat-7,1.0,47.440835,41.969138615,1.0
landsat,2014-06-06,173/026,173,landsat-7,0.0,48.85754,42.475394145,0.0
landsat,2014-06-06,173/025,173,landsat-7,0.0,50.26846,43.060724485,0.0
landsat,2014-06-05,174/029,174,landsat-8,6.19,44.594835,39.36313845,7.13
landsat,2014-06-05,174/028,174,landsat-8,0.16,46.01631999999999,39.892148715,0.16
landsat,2014-06-05,174/027,174,landsat-8,19.81,47.43488,40.442393995,20.1
landsat,2014-06-05,174/026,174,landsat-8,13.9,48.851535,41.012454305,13.9
landsat,2014-06-05,174/025,174,landsat-8,0.63,50.266104999999996,41.603629645,0.63
landsat,2014-06-04,175/028,175,landsat-7,89.0,46.021604999999994,38.295108459999994,87.0
landsat,2014-06-04,175/027,175,landsat-7,44.0,47.438805,38.85135875,38.0
landsat,2014-06-04,175/026,175,landsat-7,44.0,48.85748,39.41847403,44.0
landsat,2014-06-04,175/025,175,landsat-7,8.0,50.272915,40.03074437,8.0
landsat,2014-06-03,176/028,176,landsat-8,92.3,46.01601,36.755938785,88.31
landsat,2014-06-03,176/027,176,landsat-8,70.16,47.433755000000005,37.29360409,66.7
landsat,2014-06-03,176/026,176,landsat-8,50.63,48.85006,37.864829415,50.63
landsat,2014-06-03,176/025,176,landsat-8,35.48,50.26469,38.46754977,35.48
landsat,2014-06-02,177/025,177,landsat-7,81.0,50.27205,36.87126947,81.0
landsat,2014-05-31,171/029,171,landsat-8,43.01,44.593805,43.977158485000004,43.01
landsat,2014-05-31,171/028,171,landsat-8,37.99,46.01555,44.50544375,37.99
landsat,2014-05-31,171/027,171,landsat-8,10.64,47.434595,45.054139045,10.64
landsat,2014-05-31,171/026,171,landsat-8,9.97,48.851105000000004,45.630114365,9.97
landsat,2014-05-31,171/025,171,landsat-8,0.0,50.265609999999995,46.234664705,0.0
landsat,2014-05-30,172/028,172,landsat-7,11.0,46.024755,42.925283515000004,11.0
landsat,2014-05-30,172/027,172,landsat-7,9.0,47.440255,43.46250879,9.0
landsat,2014-05-30,172/026,172,landsat-7,40.0,48.85839,44.02725408,40.0
landsat,2014-05-30,172/025,172,landsat-7,7.0,50.272115,44.638189425,7.0
landsat,2014-05-29,173/029,173,landsat-8,16.42,44.593895,40.934693409999994,16.42
landsat,2014-05-29,173/028,173,landsat-8,1.71,46.01645,41.455953665,1.71
landsat,2014-05-29,173/027,173,landsat-8,44.45,47.43458,41.996068935,44.45
landsat,2014-05-29,173/026,173,landsat-8,68.51,48.851085,42.495044445,68.51
landsat,2014-05-29,173/025,173,landsat-8,56.81,50.26601,43.082859815000006,56.81
landsat,2014-05-28,174/027,174,landsat-7,59.0,47.437965,40.42590869,59.0
landsat,2014-05-28,174/026,174,landsat-7,88.0,48.857515,40.98679396,88.0
landsat,2014-05-28,174/025,174,landsat-7,26.0,50.269459999999995,41.577004275,26.0
landsat,2014-05-27,175/028,175,landsat-8,78.31,46.016099999999994,38.32959376,74.65
landsat,2014-05-27,175/027,175,landsat-8,72.92,47.433195,38.87752405,71.57
landsat,2014-05-27,175/026,175,landsat-8,53.72,48.85044,39.452579365,53.72
landsat,2014-05-27,175/025,175,landsat-8,43.06,50.265834999999996,40.058214715000005,43.06
landsat,2014-05-25,177/025,177,landsat-8,47.93,50.26447,36.908104815,47.93
landsat,2014-05-23,171/028,171,landsat-7,17.0,46.02113,44.474638455000004,17.0
landsat,2014-05-23,171/027,171,landsat-7,47.0,47.438865,45.03175874,47.0
landsat,2014-05-23,171/026,171,landsat-7,0.0,48.858175,45.599899025,0.0
landsat,2014-05-23,171/025,171,landsat-7,0.0,50.272735,46.20906436,0.0
landsat,2014-05-22,172/029,172,landsat-8,64.32,44.596154999999996,42.430923515,64.32
landsat,2014-05-22,172/028,172,landsat-8,59.34,46.016795,42.947803785000005,59.34
landsat,2014-05-22,172/027,172,landsat-8,29.35,47.434934999999996,43.486599085,29.35
landsat,2014-05-22,172/026,172,landsat-8,18.65,48.850359999999995,44.061239415,18.65
landsat,2014-05-22,172/025,172,landsat-8,0.74,50.263965,44.66346976,0.74
landsat,2014-05-21,173/028,173,landsat-7,6.0,46.019940000000005,41.42974337,6.0
landsat,2014-05-21,173/027,173,landsat-7,4.0,47.44103,41.96119361,4.0
landsat,2014-05-21,173/026,173,landsat-7,2.0,48.857435,42.46930414,2.0
landsat,2014-05-21,173/025,173,landsat-7,1.0,50.27365,43.048094465000005,1.0
landsat,2014-05-20,174/029,174,landsat-8,93.97,44.59482,39.37083845,99.12
landsat,2014-05-20,174/028,174,landsat-8,30.42,46.01495,39.896103714999995,30.41
landsat,2014-05-20,174/027,174,landsat-8,18.74,47.434835,40.446454,17.78
landsat,2014-05-20,174/026,174,landsat-8,10.83,48.851465000000005,41.016539304999995,10.83
landsat,2014-05-20,174/025,174,landsat-8,0.0,50.26594,41.609979644999996,0.0
landsat,2014-05-19,175/028,175,landsat-7,62.0,46.02428,38.291128459999996,63.0
landsat,2014-05-19,175/027,175,landsat-7,36.0,47.43882,38.83718373,27.0
landsat,2014-05-19,175/026,175,landsat-7,21.0,48.856094999999996,39.420584045,21.0
landsat,2014-05-19,175/025,175,landsat-7,2.0,50.271695,40.013439355,2.0
landsat,2014-05-18,176/028,176,landsat-8,73.3,46.0173,36.75387379,63.33
landsat,2014-05-18,176/027,176,landsat-8,3.71,47.4337,37.289629090000005,1.7
landsat,2014-05-18,176/026,176,landsat-8,0.05,48.85002,37.860644414999996,0.05
landsat,2014-05-18,176/025,176,landsat-8,0.05,50.26465,38.465399770000005,0.05
landsat,2014-05-17,177/025,177,landsat-7,0.0,50.27056,36.864934469999994,0.0
landsat,2014-05-15,171/029,171,landsat-8,9.58,44.593289999999996,43.91363849,9.58
landsat,2014-05-15,171/028,171,landsat-8,4.9,46.015285,44.438278755,4.9
landsat,2014-05-15,171/027,171,landsat-8,0.26,47.434585,44.985119045,0.26
landsat,2014-05-15,171/026,171,landsat-8,0.01,48.850089999999994,45.55489936,0.01
landsat,2014-05-15,171/025,171,landsat-8,0.01,50.264995,46.15934971,0.01
landsat,2014-05-14,172/028,172,landsat-7,87.0,46.024685000000005,42.921413515,87.0
landsat,2014-05-14,172/027,172,landsat-7,67.0,47.444145,43.450348775,67.0
landsat,2014-05-14,172/026,172,landsat-7,36.0,48.85835,44.023084080000004,36.0
landsat,2014-05-14,172/025,172,landsat-7,30.0,50.270759999999996,44.633889429999996,30.0
landsat,2014-05-13,173/029,173,landsat-8,96.77,44.59486,40.87424341,96.77
landsat,2014-05-13,173/028,173,landsat-8,99.99,46.016445000000004,41.39002866,99.99
landsat,2014-05-13,173/027,173,landsat-8,88.6,47.434929999999994,41.928398935000004,88.6
landsat,2014-05-13,173/026,173,landsat-8,42.97,48.85222,42.421364444999995,42.97
landsat,2014-05-13,173/025,173,landsat-8,7.47,50.266149999999996,43.007119810000006,7.47
landsat,2014-05-12,174/027,174,landsat-7,70.0,47.43945,40.415708675000005,70.0
landsat,2014-05-12,174/026,174,landsat-7,20.0,48.856035000000006,40.995053979999994,20.0
landsat,2014-05-12,174/025,174,landsat-7,29.0,50.273425,41.57941928,29.0
landsat,2014-05-11,175/028,175,landsat-8,32.48,46.015735,38.262428755,32.45
landsat,2014-05-11,175/027,175,landsat-8,60.92,47.433144999999996,38.808504049999996,60.45
landsat,2014-05-11,175/026,175,landsat-8,40.57,48.85065,39.38156437,40.57
landsat,2014-05-11,175/025,175,landsat-8,57.23,50.265095,39.980744720000004,57.23
landsat,2014-05-09,177/025,177,landsat-8,53.28,50.265855,36.834314815,53.28
landsat,2014-05-07,171/028,171,landsat-7,86.0,46.023920000000004,44.498258465,86.0
landsat,2014-05-07,171/027,171,landsat-7,37.0,47.438895,45.04594874,37.0
landsat,2014-05-07,171/026,171,landsat-7,10.0,48.85812,45.612414025,10.0
landsat,2014-05-07,171/025,171,landsat-7,3.0,50.27261,46.22195436,3.0
landsat,2014-05-06,172/029,172,landsat-8,93.53,44.595055,42.379978515000005,93.53
landsat,2014-05-06,172/028,172,landsat-8,92.05,46.01585,42.893578785,92.05
landsat,2014-05-06,172/027,172,landsat-8,98.77,47.43423,43.427734085,98.77
landsat,2014-05-06,172/026,172,landsat-8,99.99,48.851235,43.998569405,99.99
landsat,2014-05-06,172/025,172,landsat-8,97.67,50.26377,44.59673976,97.67
landsat,2014-05-05,173/028,173,landsat-7,100.0,46.025095,41.441598375,100.0
landsat,2014-05-05,173/027,173,landsat-7,100.0,47.439115,41.983133625,100.0
landsat,2014-05-05,173/026,173,landsat-7,99.0,48.85751500000001,42.47358412,99.0
landsat,2014-05-05,173/025,173,landsat-7,97.0,50.272634999999994,43.069029485,97.0
landsat,2014-05-04,174/029,174,landsat-8,23.37,44.594965,39.322718449999996,20.41
landsat,2014-05-04,174/028,174,landsat-8,6.8,46.01531,39.84668371,6.82
landsat,2014-05-04,174/027,174,landsat-8,7.14,47.43409,40.395653995,7.26
landsat,2014-05-04,174/026,174,landsat-8,8.97,48.8524,40.961319305,8.97
landsat,2014-05-04,174/025,174,landsat-8,1.27,50.26585,41.550979639999994,1.27
landsat,2014-05-03,175/028,175,landsat-7,59.0,46.02296,38.301023455000006,59.0
landsat,2014-05-03,175/027,175,landsat-7,83.0,47.44018,38.857433744999994,88.0
landsat,2014-05-03,175/026,175,landsat-7,65.0,48.854744999999994,39.43098904,65.0
landsat,2014-05-03,175/025,175,landsat-7,34.0,50.271640000000005,40.024179355,34.0
landsat,2014-05-02,176/028,176,landsat-8,85.6,46.01648,36.70936879,83.48
landsat,2014-05-02,176/027,176,landsat-8,99.12,47.434365,37.241904085,99.62
landsat,2014-05-02,176/026,176,landsat-8,91.11,48.85091,37.81051941,91.11
landsat,2014-05-02,176/025,176,landsat-8,71.69,50.26442,38.40942977,71.69
landsat,2014-05-01,177/025,177,landsat-7,14.0,50.273405,36.873219475,14.0
landsat,2014-04-28,172/028,172,landsat-7,44.0,46.02071,42.925483505,44.0
landsat,2014-04-28,172/027,172,landsat-7,77.0,47.437555,43.46258879,77.0
landsat,2014-04-28,172/026,172,landsat-7,8.0,48.854295,44.025279069999996,8.0
landsat,2014-04-28,172/025,172,landsat-7,6.0,50.273435000000006,44.640299445,6.0
landsat,2014-04-27,173/029,173,landsat-8,31.2,44.59468,40.885578415,31.2
landsat,2014-04-27,173/028,173,landsat-8,0.17,46.016215,41.40164866,0.17
landsat,2014-04-27,173/027,173,landsat-8,0.03,47.434655,41.938368935,0.03
landsat,2014-04-27,173/026,173,landsat-8,0.02,48.851135,42.43373944,0.02
landsat,2014-04-27,173/025,173,landsat-8,0.01,50.265005,43.019749815,0.01
landsat,2014-04-26,174/028,174,landsat-7,78.0,46.020745000000005,39.876993420000005,78.0
landsat,2014-04-26,174/027,174,landsat-7,13.0,47.442105,40.419833675,13.0
landsat,2014-04-26,174/026,174,landsat-7,0.0,48.858670000000004,40.997248979999995,0.0
landsat,2014-04-26,174/025,174,landsat-7,0.0,50.26921,41.587764295,0.0
landsat,2014-04-25,175/028,175,landsat-8,63.32,46.01578,38.270328755,58.54
landsat,2014-04-25,175/027,175,landsat-8,3.26,47.433155,38.81662405,3.18
landsat,2014-04-25,175/026,175,landsat-8,0.02,48.850605,39.38782937,0.02
landsat,2014-04-25,175/025,175,landsat-8,0.02,50.265029999999996,39.98934972,0.02
landsat,2014-04-24,176/028,176,landsat-7,59.0,46.023995,36.7354735,56.0
landsat,2014-04-24,176/027,176,landsat-7,66.0,47.43903,37.270718775,67.0
landsat,2014-04-24,176/026,176,landsat-7,20.0,48.85687,37.8519441,20.0
landsat,2014-04-24,176/025,176,landsat-7,3.0,50.272795,38.44260942,3.0
landsat,2014-04-23,177/025,177,landsat-8,50.39,50.26593,36.838524815,50.39
landsat,2014-04-21,171/028,171,landsat-7,100.0,46.021195,44.490393465,100.0
landsat,2014-04-21,171/027,171,landsat-7,58.0,47.44159,45.029733730000004,58.0
landsat,2014-04-21,171/026,171,landsat-7,13.0,48.85546,45.604034025,13.0
landsat,2014-04-21,171/025,171,landsat-7,4.0,50.269945,46.21543436,4.0
landsat,2014-04-20,172/029,172,landsat-8,59.48,44.594989999999996,42.378058515000006,59.48
landsat,2014-04-20,172/028,172,landsat-8,95.45,46.01585,42.893578785,95.45
landsat,2014-04-20,172/027,172,landsat-8,99.94,47.43423,43.427734085,99.94
landsat,2014-04-20,172/026,172,landsat-8,93.9,48.851235,43.998569405,93.9
landsat,2014-04-20,172/025,172,landsat-8,71.5,50.26377,44.59673976,71.5
landsat,2014-04-18,174/029,174,landsat-8,65.97,44.59492,39.328493449999996,66.47
landsat,2014-04-18,174/028,174,landsat-8,13.01,46.015245,39.85260871,12.9
landsat,2014-04-18,174/027,174,landsat-8,3.09,47.433994999999996,40.401738995,2.72
landsat,2014-04-18,174/026,174,landsat-8,4.05,48.852275,40.967494305,4.05
landsat,2014-04-18,174/025,174,landsat-8,2.94,50.26574,41.55724464,2.94
landsat,2014-04-17,175/028,175,landsat-7,0.0,46.021695,38.31677347,1.0
landsat,2014-04-17,175/027,175,landsat-7,0.0,47.437465,38.863523745,0.0
landsat,2014-04-17,175/026,175,landsat-7,25.0,48.856105,39.42679402,25.0
landsat,2014-04-17,175/025,175,landsat-7,34.0,50.270145,40.03927937,34.0
landsat,2014-04-16,176/028,176,landsat-8,28.26,46.0167,36.72098879,29.6
landsat,2014-04-16,176/027,176,landsat-8,36.21,47.434535,37.253834084999994,41.64
landsat,2014-04-16,176/026,176,landsat-8,40.95,48.851025,37.823049409999996,40.95
landsat,2014-04-16,176/025,176,landsat-8,55.04,50.264475000000004,38.42234977,55.04
landsat,2014-04-15,177/025,177,landsat-7,16.0,50.27108,36.896334485,16.0
landsat,2014-04-13,171/029,171,landsat-8,80.96,44.5948,43.934813485,80.96
landsat,2014-04-13,171/028,171,landsat-8,30.31,46.015370000000004,44.458033755,30.31
landsat,2014-04-13,171/027,171,landsat-8,46.97,47.433234999999996,45.005414040000005,46.97
landsat,2014-04-13,171/026,171,landsat-8,81.31,48.849985000000004,45.579959360000004,81.31
landsat,2014-04-13,171/025,171,landsat-8,98.01,50.266145,46.180869705,98.01
landsat,2014-04-12,172/028,172,landsat-7,99.0,46.021045,42.944843505,99.0
landsat,2014-04-12,172/027,172,landsat-7,100.0,47.4418,43.478803775,100.0
landsat,2014-04-12,172/026,172,landsat-7,29.0,48.854495,44.048214075000004,29.0
landsat,2014-04-12,172/025,172,landsat-7,0.0,50.268085,44.65755943,0.0
landsat,2014-04-11,173/029,173,landsat-8,14.4,44.594675,40.887433415000004,14.4
landsat,2014-04-11,173/028,173,landsat-8,89.99,46.0162,41.40354866,89.99
landsat,2014-04-11,173/027,173,landsat-8,100.0,47.434535,41.94429393,100.0
landsat,2014-04-11,173/026,173,landsat-8,86.47,48.85122,42.43782444,86.47
landsat,2014-04-11,173/025,173,landsat-8,55.25,50.265069999999994,43.021899815,55.25
landsat,2014-04-10,174/028,174,landsat-7,50.0,46.0219,39.904648425000005,50.0
landsat,2014-04-10,174/027,174,landsat-7,69.0,47.44177,40.446168674999996,70.0
landsat,2014-04-10,174/026,174,landsat-7,100.0,48.855695,41.015398965,100.0
landsat,2014-04-10,174/025,174,landsat-7,100.0,50.26992,41.617224289999996,100.0
landsat,2014-04-09,175/028,175,landsat-8,70.05,46.01578,38.270328755,58.23
landsat,2014-04-09,175/027,175,landsat-8,60.08,47.433155,38.81662405,59.01
landsat,2014-04-09,175/026,175,landsat-8,71.44,48.85063,39.38991437,71.44
landsat,2014-04-09,175/025,175,landsat-8,73.78,50.265029999999996,39.98934972,73.78
landsat,2014-04-08,176/028,176,landsat-7,9.0,46.02182,36.764598500000005,4.0
landsat,2014-04-08,176/027,176,landsat-7,11.0,47.439535,37.30840379,4.0
landsat,2014-04-08,176/026,176,landsat-7,0.0,48.853085,37.881269095,0.0
landsat,2014-04-08,176/025,176,landsat-7,5.0,50.270215,38.47272942,5.0
landsat,2014-04-07,177/025,177,landsat-8,92.93,50.26592,36.836464815,92.93
landsat,2014-04-05,171/028,171,landsat-7,78.0,46.021245,44.512088465000005,78.0
landsat,2014-04-05,171/027,171,landsat-7,66.0,47.442944999999995,45.049998724999995,66.0
landsat,2014-04-05,171/026,171,landsat-7,91.0,48.857985,45.635384035,91.0
landsat,2014-04-05,171/025,171,landsat-7,96.0,50.26974,46.23691436,96.0
landsat,2014-04-04,172/029,172,landsat-8,5.47,44.594905,42.374278515,5.47
landsat,2014-04-04,172/028,172,landsat-8,8.35,46.01578,42.889703784999995,8.35
landsat,2014-04-04,172/027,172,landsat-8,32.08,47.43418,43.423674085,32.08
landsat,2014-04-04,172/026,172,landsat-8,66.2,48.851200000000006,43.994389405,66.2
landsat,2014-04-04,172/025,172,landsat-8,69.25,50.26514,44.594559770000004,69.25
landsat,2014-04-03,173/028,173,landsat-7,69.0,46.025009999999995,41.445308354999995,69.0
landsat,2014-04-03,173/027,173,landsat-7,41.0,47.440434999999994,41.98503361,41.0
landsat,2014-04-02,174/029,174,landsat-8,77.4,44.594965,39.322718449999996,77.19
landsat,2014-04-02,174/028,174,landsat-8,79.48,46.01396,39.846683715,79.4
landsat,2014-04-02,174/027,174,landsat-8,86.34,47.43409,40.395653995,86.11
landsat,2014-04-02,174/026,174,landsat-8,67.03,48.8524,40.961319305,67.03
landsat,2014-04-02,174/025,174,landsat-8,47.78,50.26585,41.550979639999994,47.78
landsat,2014-04-01,175/028,175,landsat-7,44.0,46.017669999999995,38.320753475000004,42.0
landsat,2014-04-01,175/027,175,landsat-7,79.0,47.438835,38.86150873,80.0
landsat,2014-04-01,175/026,175,landsat-7,100.0,48.85467,39.44558904,100.0
landsat,2014-04-01,175/025,175,landsat-7,100.0,50.271495,40.039219349999996,100.0
landsat,2014-03-31,176/028,176,landsat-8,67.67,46.016565,36.71514379,66.52
landsat,2014-03-31,176/027,176,landsat-8,63.04,47.43448,37.249854085,62.25
landsat,2014-03-31,176/026,176,landsat-8,28.35,48.851,37.81678441,28.35
landsat,2014-03-31,176/025,176,landsat-8,24.58,50.26446,38.41803977,24.58
landsat,2014-03-30,177/025,177,landsat-7,17.0,50.265685,36.894519485000004,17.0
landsat,2014-03-28,171/029,171,landsat-8,62.74,44.59355,43.946363485,62.74
landsat,2014-03-28,171/028,171,landsat-8,64.35,46.01542,44.469888755,64.35
landsat,2014-03-28,171/027,171,landsat-8,37.9,47.433235,45.01759404,37.9
landsat,2014-03-28,171/026,171,landsat-8,21.76,48.84995,45.58831436,21.76
landsat,2014-03-28,171/025,171,landsat-8,4.99,50.266065,46.18947471,4.99
landsat,2014-03-27,172/028,172,landsat-7,57.0,46.019490000000005,42.93340849,57.0
landsat,2014-03-27,172/027,172,landsat-7,39.0,47.43781,43.482858785000005,39.0
landsat,2014-03-27,172/026,172,landsat-7,69.0,48.8558,44.04607908,69.0
landsat,2014-03-27,172/025,172,landsat-7,87.0,50.269435,44.657559425,87.0
landsat,2014-03-26,173/029,173,landsat-8,4.27,44.594505,40.896908415,4.27
landsat,2014-03-26,173/028,173,landsat-8,0.47,46.015964999999994,41.415163660000005,0.47
landsat,2014-03-26,173/027,173,landsat-8,9.96,47.435685,41.952358939999996,9.96
landsat,2014-03-26,173/026,173,landsat-8,7.3,48.851465,42.44807944,7.3
landsat,2014-03-26,173/025,173,landsat-8,0.32,50.265209999999996,43.03236981,0.32
landsat,2014-03-25,174/028,174,landsat-7,12.0,46.01791,39.89666842,13.0
landsat,2014-03-25,174/027,174,landsat-7,76.0,47.439165,40.437988675,76.0
landsat,2014-03-25,174/026,174,landsat-7,91.0,48.85563,41.017568975,91.0
landsat,2014-03-25,174/025,174,landsat-7,16.0,50.267405,41.60866429,16.0
landsat,2014-03-24,175/028,175,landsat-8,0.11,46.01584,38.276253755,0.16
landsat,2014-03-24,175/027,175,landsat-8,0.12,47.433184999999995,38.82271405,0.13
landsat,2014-03-24,175/026,175,landsat-8,0.02,48.850615000000005,39.39408937,0.02
landsat,2014-03-24,175/025,175,landsat-8,1.36,50.263665,39.99575471,1.36
landsat,2014-03-23,176/028,176,landsat-7,0.0,46.02033,36.75678351,0.0
landsat,2014-03-23,176/027,176,landsat-7,0.0,47.440605000000005,37.286628775,0.0
landsat,2014-03-23,176/026,176,landsat-7,0.0,48.85702,37.8686291,0.0
landsat,2014-03-23,176/025,176,landsat-7,0.0,50.266155,38.46842944,0.0
landsat,2014-03-22,177/025,177,landsat-8,0.02,50.265995000000004,36.840674815,0.02
landsat,2014-03-20,171/028,171,landsat-7,59.0,46.01985,44.500253470000004,59.0
landsat,2014-03-20,171/027,171,landsat-7,100.0,47.44024,45.041888725,100.0
landsat,2014-03-20,171/026,171,landsat-7,100.0,48.854034999999996,45.61442902,100.0
landsat,2014-03-20,171/025,171,landsat-7,92.0,50.268519999999995,46.226104355,92.0
landsat,2014-03-19,172/029,172,landsat-8,3.94,44.594905,42.374278515,3.94
landsat,2014-03-19,172/028,172,landsat-8,55.86,46.015715,42.885828785,55.86
landsat,2014-03-19,172/027,172,landsat-8,19.82,47.434124999999995,43.419614085000006,19.82
landsat,2014-03-19,172/026,172,landsat-8,0.31,48.851155,43.992304405,0.31
landsat,2014-03-19,172/025,172,landsat-8,0.05,50.263755,44.59242976,0.05
landsat,2014-03-18,173/028,173,landsat-7,96.0,46.02225,41.44731337,96.0
landsat,2014-03-18,173/027,173,landsat-7,96.0,47.437664999999996,41.986983620000004,96.0
landsat,2014-03-18,173/026,173,landsat-7,72.0,48.856255000000004,42.477689125,72.0
landsat,2014-03-17,174/029,174,landsat-8,73.76,44.594955,39.31694345,78.33
landsat,2014-03-17,174/028,174,landsat-8,91.4,46.016685,39.842778715,91.37
landsat,2014-03-17,174/027,174,landsat-8,100.0,47.434135,40.391598994999995,100.0
landsat,2014-03-16,175/028,175,landsat-7,55.0,46.02037,38.320718475,34.0
landsat,2014-03-16,175/027,175,landsat-7,93.0,47.441535,38.861498729999994,92.0
landsat,2014-03-16,175/026,175,landsat-7,98.0,48.85477,39.433049025,98.0
landsat,2014-03-16,175/025,175,landsat-7,100.0,50.268715,40.045724375,100.0
landsat,2014-03-15,176/028,176,landsat-8,45.07,46.01648,36.70936879,36.65
landsat,2014-03-15,176/027,176,landsat-8,67.13,47.434365,37.241904085,63.6
landsat,2014-03-15,176/026,176,landsat-8,75.78,48.85091,37.81051941,75.78
landsat,2014-03-15,176/025,176,landsat-8,3.85,50.26442,38.40942977,3.85
landsat,2014-03-12,171/029,171,landsat-8,100.0,44.594764999999995,43.930963485,100.0
landsat,2014-03-12,171/028,171,landsat-8,99.96,46.01539,44.456058755,99.96
landsat,2014-03-11,172/028,172,landsat-7,100.0,46.0236,42.9351785,100.0
landsat,2014-03-11,172/027,172,landsat-7,100.0,47.439054999999996,43.474828775,100.0
landsat,2014-03-11,172/026,172,landsat-7,93.0,48.854515000000006,44.054369095,93.0
landsat,2014-03-11,172/025,172,landsat-7,36.0,50.270825,44.648979405,36.0
landsat,2014-03-10,173/027,173,landsat-8,81.58,47.435885,41.944413940000004,81.58
landsat,2014-03-10,173/026,173,landsat-8,36.85,48.851304999999996,42.441914440000005,36.85
landsat,2014-03-10,173/025,173,landsat-8,44.08,50.265074999999996,43.023959815,44.08
landsat,2014-03-09,174/028,174,landsat-7,97.0,46.01938,39.882823404999996,97.0
landsat,2014-03-09,174/027,174,landsat-7,100.0,47.439125000000004,40.442113684999995,100.0
landsat,2014-03-09,174/026,174,landsat-7,79.0,48.857245,41.00314396,79.0
landsat,2014-03-09,174/025,174,landsat-7,85.0,50.26902,41.595964269999996,85.0
landsat,2014-03-08,175/028,175,landsat-8,65.15,46.015825,38.278228755,61.17
landsat,2014-03-08,175/027,175,landsat-8,0.45,47.43454,38.826769045000006,0.18
landsat,2014-03-08,175/026,175,landsat-8,0.06,48.850605,39.398269369999994,0.06
landsat,2014-03-08,175/025,175,landsat-8,1.32,50.264979999999994,40.000109715,1.32
landsat,2014-03-07,176/028,176,landsat-7,59.0,46.02287,36.749098495,64.0
landsat,2014-03-07,176/027,176,landsat-7,38.0,47.43785,37.282738775,34.0
landsat,2014-03-07,176/026,176,landsat-7,1.0,48.854285000000004,37.8645241,1.0
landsat,2014-03-07,176/025,176,landsat-7,1.0,50.270125,38.45768442,1.0
landsat,2014-03-06,177/025,177,landsat-8,17.68,50.264934999999994,36.85555481,17.68
landsat,2014-03-04,171/028,171,landsat-7,92.0,46.021204999999995,44.494363455,92.0
landsat,2014-03-04,171/027,171,landsat-7,19.0,47.438895,45.04999874,19.0
landsat,2014-03-04,171/026,171,landsat-7,32.0,48.852665,45.624884034999994,32.0
landsat,2014-03-04,171/025,171,landsat-7,100.0,50.26861,46.219594345,100.0
landsat,2014-03-03,172/029,172,landsat-8,81.79,44.595555,42.40263352,81.79
landsat,2014-03-03,172/028,172,landsat-8,99.95,46.01625,42.91491379,99.95
landsat,2014-03-03,172/027,172,landsat-8,100.0,47.434535,43.450054085000005,100.0
landsat,2014-03-03,172/026,172,landsat-8,100.0,48.851425,44.023634404999996,100.0
landsat,2014-03-03,172/025,172,landsat-8,100.0,50.26386,44.62041476,100.0
landsat,2014-03-02,173/028,173,landsat-7,100.0,46.019475,41.45106337,100.0
landsat,2014-03-02,173/027,173,landsat-7,100.0,47.440434999999994,41.98503361,100.0
landsat,2014-03-02,173/026,173,landsat-7,100.0,48.855185000000006,42.491874145,100.0
landsat,2014-03-02,173/025,173,landsat-7,100.0,50.27135,43.071384465,100.0
landsat,2014-03-01,174/029,174,landsat-8,55.15,44.594925,39.338118449999996,64.04
landsat,2014-03-01,174/028,174,landsat-8,99.98,46.015164999999996,39.864458709999994,99.98
landsat,2014-02-28,175/028,175,landsat-7,100.0,46.019075,38.32666347,100.0
landsat,2014-02-28,175/027,175,landsat-7,94.0,47.43477,38.871638745,93.0
landsat,2014-02-28,175/026,175,landsat-7,87.0,48.852035,39.435109025,87.0
landsat,2014-02-27,176/026,176,landsat-8,90.79,48.851074999999994,37.825134410000004,90.79
landsat,2014-02-27,176/025,176,landsat-8,16.19,50.264495,38.42664977,16.19
landsat,2014-02-24,171/029,171,landsat-8,98.84,44.593485,43.938658485,98.84
landsat,2014-02-24,171/028,171,landsat-8,100.0,46.015384999999995,44.461983755,100.0
landsat,2014-02-24,171/027,171,landsat-8,100.0,47.433229999999995,45.00947404,100.0
landsat,2014-02-24,171/026,171,landsat-8,36.8,48.84997,45.58413436,36.8
landsat,2014-02-24,171/025,171,landsat-8,40.94,50.266104999999996,46.185174705,40.94
landsat,2014-02-23,172/028,172,landsat-7,87.0,46.023405,42.9254635,87.0
landsat,2014-02-23,172/027,172,landsat-7,96.0,47.441755,43.474588795,96.0
landsat,2014-02-23,172/026,172,landsat-7,40.0,48.854455,44.046029094999994,40.0
landsat,2014-02-23,172/025,172,landsat-7,11.0,50.26942,44.638234415,11.0
landsat,2014-02-22,173/029,173,landsat-8,23.19,44.594615,40.891213415,23.19
landsat,2014-02-22,173/028,173,landsat-8,12.02,46.016055,41.40939366,12.02
landsat,2014-02-22,173/027,173,landsat-8,6.98,47.435784999999996,41.94838394,6.98
landsat,2014-02-22,173/026,173,landsat-8,44.18,48.851375000000004,42.44399444,44.18
landsat,2014-02-22,173/025,173,landsat-8,26.29,50.26514,43.028159814999995,26.29
landsat,2014-02-21,174/028,174,landsat-7,69.0,46.022135000000006,39.874978405,69.0
landsat,2014-02-21,174/027,174,landsat-7,98.0,47.43936,40.423808675000004,98.0
landsat,2014-02-21,174/026,174,landsat-7,84.0,48.853205,41.003118975,84.0
landsat,2014-02-21,174/025,174,landsat-7,43.0,50.27055,41.58768428,43.0
landsat,2014-02-20,175/028,175,landsat-8,93.85,46.01584,38.276253755,90.41
landsat,2014-02-19,176/028,176,landsat-7,86.0,46.020105,36.745163515,89.0
landsat,2014-02-19,176/027,176,landsat-7,97.0,47.440435,37.274698775000005,98.0
landsat,2014-02-19,176/026,176,landsat-7,100.0,48.85275,37.843794079999995,100.0
landsat,2014-02-19,176/025,176,landsat-7,100.0,50.26608,38.45768444,100.0
landsat,2014-02-18,177/025,177,landsat-8,93.23,50.264795,36.84919981,93.23
landsat,2014-02-16,171/028,171,landsat-7,100.0,46.022459999999995,44.47655347,100.0
landsat,2014-02-16,171/027,171,landsat-7,83.0,47.438885,45.021623739999995,83.0
landsat,2014-02-16,171/026,171,landsat-7,34.0,48.856880000000004,45.58735402,34.0
landsat,2014-02-16,171/025,171,landsat-7,58.0,50.27012,46.20040436,58.0
landsat,2014-02-15,172/029,172,landsat-8,47.79,44.59522,42.387528515,47.79
landsat,2014-02-15,172/028,172,landsat-8,88.39,46.01599,42.901323790000006,88.39
landsat,2014-02-15,172/027,172,landsat-8,100.0,47.43433,43.435854085,100.0
landsat,2014-02-15,172/026,172,landsat-8,99.96,48.851295,44.006929405,99.96
landsat,2014-02-14,173/028,173,landsat-7,38.0,46.020415,41.40650837,38.0
landsat,2014-02-14,173/027,173,landsat-7,100.0,47.44153,41.94132361,100.0
landsat,2014-02-14,173/026,173,landsat-7,100.0,48.85539,42.436839125000006,100.0
landsat,2014-02-14,173/025,173,landsat-7,100.0,50.269405000000006,43.03548448,100.0
landsat,2014-02-13,174/029,174,landsat-8,9.65,44.594905,39.336193449999996,11.46
landsat,2014-02-13,174/028,174,landsat-8,59.04,46.015205,39.86248371,59.17
landsat,2014-02-13,174/027,174,landsat-8,84.13,47.435255,40.409929000000005,85.15
landsat,2014-02-13,174/026,174,landsat-8,38.07,48.852135000000004,40.977669305,38.07
landsat,2014-02-13,174/025,174,landsat-8,64.18,50.26684,41.56792964500001,64.18
landsat,2014-02-12,175/028,175,landsat-7,5.0,46.02408,38.255618459999994,6.0
landsat,2014-02-12,175/027,175,landsat-7,33.0,47.43879,38.80475873,38.0
landsat,2014-02-12,175/026,175,landsat-7,100.0,48.85619,39.387219045,100.0
landsat,2014-02-11,176/028,176,landsat-8,96.38,46.016774999999996,36.72486379,86.99
landsat,2014-02-11,176/027,176,landsat-8,100.0,47.434595,37.257809085,100.0
landsat,2014-02-09,170/028,170,landsat-7,100.0,46.02254,46.001278424999995,100.0
landsat,2014-02-08,171/029,171,landsat-8,85.83,44.59484,43.936733485,85.83
landsat,2014-02-08,171/028,171,landsat-8,96.92,46.015384999999995,44.461983755,96.92
landsat,2014-02-08,171/027,171,landsat-8,100.0,47.43458,45.009479045,100.0
landsat,2014-02-08,171/026,171,landsat-8,93.98,48.849985000000004,45.579959360000004,93.98
landsat,2014-02-08,171/025,171,landsat-8,60.74,50.266155,46.183024705,60.74
landsat,2014-02-07,172/028,172,landsat-7,52.0,46.019194999999996,42.8403585,52.0
landsat,2014-02-07,172/027,172,landsat-7,100.0,47.437925,43.38752379,100.0
landsat,2014-02-07,172/026,172,landsat-7,100.0,48.85643,43.95425908,100.0
landsat,2014-02-07,172/025,172,landsat-7,100.0,50.270565,44.565114429999994,100.0
landsat,2014-02-06,173/029,173,landsat-8,6.56,44.594625,40.889353415,6.56
landsat,2014-02-06,173/028,173,landsat-8,81.33,46.016135,41.40551866,81.33
landsat,2014-02-06,173/027,173,landsat-8,100.0,47.435885,41.944413940000004,100.0
landsat,2014-02-06,173/026,173,landsat-8,100.0,48.851304999999996,42.441914440000005,100.0
landsat,2014-02-06,173/025,173,landsat-8,100.0,50.265074999999996,43.023959815,100.0
landsat,2014-02-04,175/028,175,landsat-8,2.47,46.01578,38.270328755,3.84
landsat,2014-02-04,175/027,175,landsat-8,37.87,47.43316,38.82068405,43.17
landsat,2014-02-04,175/026,175,landsat-8,61.29,48.850615000000005,39.39408937,61.29
landsat,2014-02-04,175/025,175,landsat-8,63.33,50.265,39.99365472,63.33
landsat,2014-02-03,176/028,176,landsat-7,5.0,46.02474,36.63640352,26.0
landsat,2014-02-03,176/027,176,landsat-7,0.0,47.445535,37.16305878,0.0
landsat,2014-02-02,177/025,177,landsat-8,25.01,50.266075,36.844874815,25.01
landsat,2014-01-31,171/028,171,landsat-7,1.0,46.023415,44.37992846,1.0
landsat,2014-01-31,171/027,171,landsat-7,0.0,47.441590000000005,44.93649374,0.0
landsat,2014-01-31,171/026,171,landsat-7,0.0,48.85447,45.51022904,0.0
landsat,2014-01-31,171/025,171,landsat-7,19.0,50.27235,46.101519345,19.0
landsat,2014-01-30,172/028,172,landsat-8,68.42,46.01585,42.893578785,68.42
landsat,2014-01-30,172/027,172,landsat-8,32.49,47.43423,43.427734085,32.49
landsat,2014-01-30,172/026,172,landsat-8,0.07,48.85122,44.000659405,0.07
landsat,2014-01-30,172/025,172,landsat-8,0.07,50.26378,44.60103976,0.07
landsat,2014-01-29,173/028,173,landsat-7,76.0,46.02166,41.34454837,76.0
landsat,2014-01-29,173/027,173,landsat-7,100.0,47.444475,41.875913620000006,100.0
landsat,2014-01-29,173/026,173,landsat-7,28.0,48.86098,42.38321414,28.0
landsat,2014-01-29,173/025,173,landsat-7,20.0,50.271,42.968049480000005,20.0
landsat,2014-01-28,174/029,174,landsat-8,56.63,44.594935,39.324643449999996,57.46
landsat,2014-01-28,174/026,174,landsat-8,38.5,48.852275,40.967494305,38.5
landsat,2014-01-28,174/025,174,landsat-8,35.95,50.26574,41.55724464,35.95
landsat,2014-01-27,175/028,175,landsat-7,100.0,46.01978,38.218138475,100.0
landsat,2014-01-26,176/028,176,landsat-8,43.23,46.016565,36.71514379,50.64
landsat,2014-01-26,176/027,176,landsat-8,12.18,47.43448,37.249854085,11.68
landsat,2014-01-26,176/026,176,landsat-8,27.06,48.850989999999996,37.81887441,27.06
landsat,2014-01-26,176/025,176,landsat-8,2.57,50.26446,38.41803977,2.57
landsat,2014-01-24,170/028,170,landsat-7,100.0,46.02409,45.97953841,100.0
landsat,2014-01-23,171/029,171,landsat-8,88.09,44.593485,43.938658485,88.09
landsat,2014-01-23,171/028,171,landsat-8,99.98,46.015384999999995,44.461983755,99.98
landsat,2014-01-22,172/028,172,landsat-7,51.0,46.020825,42.85566851,51.0
landsat,2014-01-22,172/027,172,landsat-7,29.0,47.44197,43.385493775,29.0
landsat,2014-01-22,172/026,172,landsat-7,10.0,48.85923,43.966659095,10.0
landsat,2014-01-22,172/025,172,landsat-7,100.0,50.269215,44.565139425,100.0
landsat,2014-01-21,173/029,173,landsat-8,86.27,44.594505,40.896908415,86.27
landsat,2014-01-21,173/028,173,landsat-8,99.91,46.015964999999994,41.415163660000005,99.91
landsat,2014-01-21,173/027,173,landsat-8,44.07,47.43561,41.95437894,44.07
landsat,2014-01-21,173/026,173,landsat-8,0.42,48.851479999999995,42.45008444,0.42
landsat,2014-01-21,173/025,173,landsat-8,0.1,50.265275,43.03657981,0.1
landsat,2014-01-20,174/028,174,landsat-7,100.0,46.02519,39.817918430000006,100.0
landsat,2014-01-20,174/027,174,landsat-7,91.0,47.4413,40.36925869,91.0
landsat,2014-01-20,174/026,174,landsat-7,5.0,48.861135000000004,40.929673965,5.0
landsat,2014-01-20,174/025,174,landsat-7,0.0,50.275755000000004,41.533389299999996,0.0
landsat,2014-01-19,175/028,175,landsat-8,95.79,46.01589,38.290083755,93.52
landsat,2014-01-19,175/027,175,landsat-8,45.14,47.433175,38.83692405,41.59
landsat,2014-01-19,175/026,175,landsat-8,7.65,48.850565,39.410804369999994,7.65
landsat,2014-01-19,175/025,175,landsat-8,1.16,50.264865,40.010869715,1.16
landsat,2014-01-18,176/028,176,landsat-7,100.0,46.024519999999995,36.692853495,100.0
landsat,2014-01-18,176/027,176,landsat-7,100.0,47.44256,37.234653795,100.0
landsat,2014-01-18,176/026,176,landsat-7,100.0,48.86036,37.79563408,100.0
landsat,2014-01-17,177/025,177,landsat-8,98.07,50.26509,36.866024815,98.07
landsat,2014-01-15,171/028,171,landsat-7,3.0,46.021065,44.458828464999996,3.0
landsat,2014-01-15,171/027,171,landsat-7,54.0,47.442930000000004,44.997298725,54.0
landsat,2014-01-15,171/026,171,landsat-7,80.0,48.85561,45.570674025,80.0
landsat,2014-01-15,171/025,171,landsat-7,60.0,50.270265,46.18106436,60.0
landsat,2014-01-14,172/029,172,landsat-8,60.74,44.59549,42.40071352,60.74
landsat,2014-01-14,172/028,172,landsat-8,87.98,46.0162,42.91484879,87.98
landsat,2014-01-14,172/027,172,landsat-8,51.86,47.434535,43.452089085,51.86
landsat,2014-01-14,172/026,172,landsat-8,66.5,48.851425,44.023634404999996,66.5
landsat,2014-01-14,172/025,172,landsat-8,31.21,50.263835,44.622569760000005,31.21
landsat,2014-01-13,173/028,173,landsat-7,90.0,46.023089999999996,41.408368355,90.0
landsat,2014-01-13,173/027,173,landsat-7,89.0,47.441135,41.95730862,89.0
landsat,2014-01-13,173/026,173,landsat-7,97.0,48.85968,42.44692912,97.0
landsat,2014-01-13,173/025,173,landsat-7,96.0,50.27493,43.043669484999995,96.0
landsat,2014-01-12,174/029,174,landsat-8,98.76,44.594895,39.340043449999996,98.81
landsat,2014-01-12,174/028,174,landsat-8,52.78,46.016515,39.864503715,52.94
landsat,2014-01-12,174/027,174,landsat-8,62.94,47.435204999999996,40.413989,63.33
landsat,2014-01-12,174/026,174,landsat-8,94.99,48.852064999999996,40.981759305,94.99
landsat,2014-01-12,174/025,174,landsat-8,99.91,50.265405,41.572009635,99.91
landsat,2014-01-11,175/028,175,landsat-7,23.0,46.027025,38.29894847,33.0
landsat,2014-01-11,175/027,175,landsat-7,74.0,47.442845,38.847298745,78.0
landsat,2014-01-11,175/026,175,landsat-7,97.0,48.861575,39.412244025,97.0
landsat,2014-01-11,175/025,175,landsat-7,96.0,50.275675,40.02220937,96.0
landsat,2014-01-10,176/028,176,landsat-8,99.9,46.015365,36.722988785,100.0
landsat,2014-01-10,176/027,176,landsat-8,100.0,47.434595,37.259759085,100.0
landsat,2014-01-10,176/026,176,landsat-8,99.98,48.85107,37.82722441,99.98
landsat,2014-01-10,176/025,176,landsat-8,100.0,50.264495,38.42664977,100.0
landsat,2014-01-09,177/025,177,landsat-7,18.0,50.273619999999994,36.883674485,18.0
landsat,2014-01-07,171/029,171,landsat-8,90.89,44.593445,43.936738485,90.89
landsat,2014-01-07,171/028,171,landsat-8,99.99,46.015384999999995,44.461983755,99.99
landsat,2014-01-07,171/025,171,landsat-8,100.0,50.26476,46.185174715,100.0
landsat,2014-01-06,172/028,172,landsat-7,92.0,46.024680000000004,42.919508515000004,92.0
landsat,2014-01-06,172/027,172,landsat-7,100.0,47.440205000000006,43.45845879,100.0
landsat,2014-01-06,172/026,172,landsat-7,64.0,48.85835,44.023084080000004,64.0
landsat,2014-01-06,172/025,172,landsat-7,100.0,50.27211,44.633889425,100.0
landsat,2014-01-05,173/029,173,landsat-8,13.12,44.594625,40.889353415,13.12
landsat,2014-01-05,173/028,173,landsat-8,67.68,46.016135,41.40551866,67.68
landsat,2014-01-05,173/027,173,landsat-8,92.86,47.435810000000004,41.946433940000006,92.86
landsat,2014-01-05,173/026,173,landsat-8,99.94,48.851304999999996,42.441914440000005,99.94
landsat,2014-01-04,174/028,174,landsat-7,25.0,46.02347,39.873093420000004,25.0
landsat,2014-01-04,174/027,174,landsat-7,91.0,47.44076,40.42193369,91.0
landsat,2014-01-04,174/026,174,landsat-7,100.0,48.85893,40.982808965000004,100.0
landsat,2014-01-04,174/025,174,landsat-7,20.0,50.273340000000005,41.58373429,20.0
landsat,2014-01-03,175/028,175,landsat-8,76.35,46.015805,38.274283755,63.34
landsat,2014-01-02,176/028,176,landsat-7,100.0,46.023920000000004,36.7315985,100.0
landsat,2014-01-02,176/027,176,landsat-7,100.0,47.441845,37.276538790000004,100.0
landsat,2014-01-02,176/026,176,landsat-7,100.0,48.8608,37.839434085,100.0
landsat,2014-01-01,177/025,177,landsat-8,100.0,50.26608,36.84693482,100.0
s2,2016-12-25,MGRS-37UER,,sentinel-2a,97.419838,50.053546173350554,39.774522772452684,0.0
s2,2016-12-25,MGRS-37UEQ,,sentinel-2a,95.049425,49.155369352358505,39.76015915197604,3.695654
s2,2016-12-25,MGRS-37UDR,,sentinel-2a,88.027967,50.05434932281744,38.362928063957725,0.0
s2,2016-12-25,MGRS-37UDQ,,sentinel-2a,94.342707,49.154832409103605,38.374743093986,0.0
s2,2016-12-25,MGRS-37UDP,,sentinel-2a,99.098349,48.25517010527129,38.385979812712094,0.0
s2,2016-12-25,MGRS-37TDN,,sentinel-2a,98.882643,47.355901916875645,38.3966679277149,3e-06
s2,2016-12-22,MGRS-37UER,,sentinel-2a,99.997514,50.05325874433412,39.774525334629985,11.154342
s2,2016-12-22,MGRS-37UEQ,,sentinel-2a,99.999607,49.15405393436416,39.760159226061155,0.009363
s2,2016-12-22,MGRS-37UDQ,,sentinel-2a,99.99367,49.158582704388714,38.88351333321711,79.096115
s2,2016-12-22,MGRS-37UDP,,sentinel-2a,99.993014,48.257973849716564,38.71468541055641,55.907911
s2,2016-12-18,MGRS-37UDR,,sentinel-2a,92.628757,50.05411879149733,38.11630936318546,47.943544
s2,2016-12-18,MGRS-37UDQ,,sentinel-2a,84.902696,49.15350021648812,37.908619319609315,77.435827
s2,2016-12-15,MGRS-37UER,,sentinel-2a,85.196075,50.053546173350554,39.774522772452684,0.0
s2,2016-12-15,MGRS-37UEQ,,sentinel-2a,98.978361,49.15547576304867,39.76015915197604,4.386827
s2,2016-12-15,MGRS-37UDR,,sentinel-2a,86.064347,50.05434932281744,38.362928063957725,0.0
s2,2016-12-15,MGRS-37UDQ,,sentinel-2a,98.147995,49.154832409103605,38.374743093986,0.0
s2,2016-12-15,MGRS-37UDP,,sentinel-2a,99.907502,48.25517010527129,38.385979812712094,0.0
s2,2016-12-15,MGRS-37TDN,,sentinel-2a,95.955502,47.355901916875645,38.3966679277149,0.0
s2,2016-12-12,MGRS-37UER,,sentinel-2a,73.284578,50.05328413851812,39.77452521940411,10.151808
s2,2016-12-12,MGRS-37UEQ,,sentinel-2a,75.080536,49.154054168283636,39.76015915197604,0.0
s2,2016-12-12,MGRS-37UDR,,sentinel-2a,54.508774,49.79017180402157,39.04802012555,97.377712
s2,2016-12-12,MGRS-37UDQ,,sentinel-2a,88.744899,49.158557292472956,38.875681434923834,78.028268
s2,2016-12-12,MGRS-37UDP,,sentinel-2a,94.38022,48.25792615604368,38.706987634332954,54.846001
s2,2016-12-08,MGRS-37UDR,,sentinel-2a,99.997265,50.054117070015764,38.115746281683236,47.994134
s2,2016-12-08,MGRS-37UDQ,,sentinel-2a,91.873019,49.1534985675291,37.908379855438085,77.507466
landsat,2016-12-31,170/028,170,landsat-7,91.0,46.024924999999996,46.03090342,91.0
landsat,2016-12-30,171/029,171,landsat-8,95.99,44.593644999999995,43.957913485,95.99
landsat,2016-12-30,171/028,171,landsat-8,91.88,46.015474999999995,44.485688755,91.88
landsat,2016-12-30,171/027,171,landsat-8,42.9,47.43459,45.033839045,42.9
landsat,2016-12-30,171/026,171,landsat-8,16.51,48.851185,45.607144364999996,16.51
landsat,2016-12-30,171/025,171,landsat-8,11.23,50.265865000000005,46.21099471,11.23
landsat,2016-12-29,172/028,172,landsat-7,86.0,46.028135,42.890328495000006,86.0
landsat,2016-12-29,172/027,172,landsat-7,85.0,47.445135,43.425948774999995,85.0
landsat,2016-12-29,172/026,172,landsat-7,55.0,48.86076,44.0041541,55.0
landsat,2016-12-29,172/025,172,landsat-7,92.0,50.277305,44.597334415,92.0
landsat,2016-12-28,173/029,173,landsat-8,80.24,44.594205,40.915803415,80.24
landsat,2016-12-28,173/028,173,landsat-8,82.22,46.015564999999995,41.434528665,82.22
landsat,2016-12-28,173/027,173,landsat-8,91.11,47.43511,41.974248939999995,91.11
landsat,2016-12-28,173/026,173,landsat-8,92.49,48.851915000000005,42.470509445,92.49
landsat,2016-12-28,173/025,173,landsat-8,86.08,50.265609999999995,43.057614814999994,86.08
landsat,2016-12-27,174/028,174,landsat-7,86.0,46.02628,39.849513435,87.0
landsat,2016-12-27,174/027,174,landsat-7,84.0,47.44776,40.38958868,85.0
landsat,2016-12-27,174/026,174,landsat-7,95.0,48.86197,40.958463965,95.0
landsat,2016-12-26,175/028,175,landsat-8,99.99,46.01598,38.305888755,99.98
landsat,2016-12-26,175/027,175,landsat-8,95.58,47.433184999999995,38.853164050000004,94.84
landsat,2016-12-26,175/026,175,landsat-8,85.42,48.85052,39.427509369999996,85.42
landsat,2016-12-26,175/025,175,landsat-8,96.87,50.26608,40.02808471,96.87
landsat,2016-12-25,176/028,176,landsat-7,100.0,46.026065,36.708123505,100.0
landsat,2016-12-25,176/027,176,landsat-7,100.0,47.44538,37.248378795,100.0
landsat,2016-12-25,176/026,176,landsat-7,100.0,48.864554999999996,37.81427409,100.0
landsat,2016-12-24,177/025,177,landsat-8,99.99,50.26531,36.87864981,99.99
landsat,2016-12-22,171/028,171,landsat-7,38.0,46.02638,44.450913459999995,38.0
landsat,2016-12-22,171/027,171,landsat-7,100.0,47.44551,45.005408745,100.0
landsat,2016-12-22,171/026,171,landsat-7,100.0,48.859535,45.57702404,100.0
landsat,2016-12-21,172/029,172,landsat-8,70.03,44.59574,42.412043515,70.03
landsat,2016-12-21,172/028,172,landsat-8,84.61,46.016395,42.92456379,84.61
landsat,2016-12-21,172/027,172,landsat-8,19.26,47.434635,43.462239085,19.26
landsat,2016-12-21,172/026,172,landsat-8,34.72,48.850170000000006,44.036169415,34.72
landsat,2016-12-21,172/025,172,landsat-8,100.0,50.265254999999996,44.63761977,100.0
landsat,2016-12-20,173/028,173,landsat-7,85.0,46.028465,41.405023369999995,85.0
landsat,2016-12-20,173/027,173,landsat-7,87.0,47.44278,41.941663625000004,87.0
landsat,2016-12-20,173/026,173,landsat-7,88.0,48.86334,42.434254124999995,88.0
landsat,2016-12-20,173/025,173,landsat-7,31.0,50.275885,43.024494489999995,31.0
landsat,2016-12-19,174/029,174,landsat-8,75.25,44.59486,39.35543845,72.45
landsat,2016-12-19,174/028,174,landsat-8,99.98,46.016405,39.880303715,99.98
landsat,2016-12-19,174/027,174,landsat-8,100.0,47.43502,40.430219,100.0
landsat,2016-12-19,174/026,174,landsat-8,99.97,48.8518,40.998109305,99.97
landsat,2016-12-19,174/025,174,landsat-8,74.43,50.26639,41.588949645,74.43
landsat,2016-12-18,175/028,175,landsat-7,78.0,46.028144999999995,38.267383465,95.0
landsat,2016-12-18,175/027,175,landsat-7,97.0,47.44276,38.814868735000005,100.0
landsat,2016-12-18,175/026,175,landsat-7,48.0,48.860164999999995,39.39142905,48.0
landsat,2016-12-18,175/025,175,landsat-7,8.0,50.275865,39.985619355,8.0
landsat,2016-12-17,176/028,176,landsat-8,18.45,46.01708,36.74225379,11.02
landsat,2016-12-17,176/027,176,landsat-8,39.12,47.43488,37.277694085,41.8
landsat,2016-12-17,176/026,176,landsat-8,35.31,48.851259999999996,37.84811441,35.31
landsat,2016-12-17,176/025,176,landsat-8,27.77,50.26462,38.450329769999996,27.77
landsat,2016-12-16,177/025,177,landsat-7,1.0,50.27545,36.839354475,1.0
landsat,2016-12-15,170/028,170,landsat-7,1.0,46.024924999999996,46.03090342,1.0
landsat,2016-12-14,171/029,171,landsat-8,85.82,44.593675000000005,43.961758485000004,85.82
landsat,2016-12-14,171/028,171,landsat-8,32.58,46.015474999999995,44.485688755,32.58
landsat,2016-12-14,171/027,171,landsat-8,14.75,47.43459,45.037899045,14.75
landsat,2016-12-14,171/026,171,landsat-8,0.21,48.851205,45.609234365,0.21
landsat,2016-12-14,171/025,171,landsat-8,0.16,50.265825,46.21529971,0.16
landsat,2016-12-13,172/028,172,landsat-7,100.0,46.02538,42.888463494999996,100.0
landsat,2016-12-13,172/027,172,landsat-7,100.0,47.446535,43.431863795,100.0
landsat,2016-12-13,172/026,172,landsat-7,69.0,48.86344,43.99794908,69.0
landsat,2016-12-13,172/025,172,landsat-7,4.0,50.274615,44.597354415,4.0
landsat,2016-12-12,173/029,173,landsat-8,90.81,44.594205,40.915803415,90.81
landsat,2016-12-12,173/028,173,landsat-8,89.3,46.015564999999995,41.434528665,89.3
landsat,2016-12-12,173/027,173,landsat-8,100.0,47.43511,41.974248939999995,100.0
landsat,2016-12-12,173/026,173,landsat-8,100.0,48.851915000000005,42.470509445,100.0
landsat,2016-12-12,173/025,173,landsat-8,100.0,50.265609999999995,43.057614814999994,100.0
landsat,2016-12-11,174/028,174,landsat-7,93.0,46.02633,39.841538415,93.0
landsat,2016-12-11,174/027,174,landsat-7,99.0,47.44627,40.399788695,99.0
landsat,2016-12-11,174/026,174,landsat-7,68.0,48.8605,40.96472398,68.0
landsat,2016-12-11,174/025,174,landsat-7,27.0,50.2767,41.54814428,27.0
landsat,2016-12-10,175/028,175,landsat-8,98.01,46.015955000000005,38.301938755,99.44
landsat,2016-12-10,175/027,175,landsat-8,88.49,47.43318,38.84910405,88.13
landsat,2016-12-10,175/026,175,landsat-8,99.94,48.85053,39.42333937,99.94
landsat,2016-12-10,175/025,175,landsat-8,84.75,50.26473,40.028084719999995,84.75
landsat,2016-12-09,176/028,176,landsat-7,99.0,46.026065,36.708123505,100.0
landsat,2016-12-09,176/027,176,landsat-7,97.0,47.44538,37.248378795,97.0
landsat,2016-12-09,176/026,176,landsat-7,100.0,48.863155000000006,37.812259080000004,100.0
landsat,2016-12-09,176/025,176,landsat-7,100.0,50.27395,38.412489425000004,100.0
landsat,2016-12-08,177/025,177,landsat-8,100.0,50.265240000000006,36.874439815,100.0
landsat,2016-12-06,171/028,171,landsat-7,64.0,46.022310000000004,44.45880347,64.0
landsat,2016-12-06,171/027,171,landsat-7,71.0,47.44419,44.99932873,71.0
landsat,2016-12-06,171/026,171,landsat-7,100.0,48.862195,45.579139045000005,100.0
landsat,2016-12-06,171/025,171,landsat-7,68.0,50.27702,46.172534345,68.0
landsat,2016-12-05,172/029,172,landsat-8,92.29,44.59549,42.40071352,92.29
landsat,2016-12-05,172/028,172,landsat-8,84.58,46.01626,42.91681879,84.58
landsat,2016-12-05,172/027,172,landsat-8,50.28,47.434535,43.452089085,50.28
landsat,2016-12-05,172/026,172,landsat-8,14.08,48.850065,44.025724409999995,14.08
landsat,2016-12-05,172/025,172,landsat-8,2.26,50.26385,44.626869760000005,2.26
landsat,2016-12-04,173/028,173,landsat-7,81.0,46.025705,41.40686837,81.0
landsat,2016-12-04,173/027,173,landsat-7,49.0,47.446889999999996,41.93974361,49.0
landsat,2016-12-04,173/026,173,landsat-7,73.0,48.860725,42.436479125,73.0
landsat,2016-12-04,173/025,173,landsat-7,100.0,50.27326,43.028819485,100.0
landsat,2016-12-03,174/029,174,landsat-8,70.53,44.593535,39.343888455,78.54
landsat,2016-12-03,174/028,174,landsat-8,100.0,46.016459999999995,39.872403715000004,100.0
landsat,2016-12-03,174/027,174,landsat-8,99.96,47.435115,40.422104,99.96
landsat,2016-12-03,174/026,174,landsat-8,99.93,48.851935,40.989929305000004,99.93
landsat,2016-12-03,174/025,174,landsat-8,99.96,50.266555,41.58260465,99.96
landsat,2016-12-02,175/028,175,landsat-7,82.0,46.026804999999996,38.27333846,99.0
landsat,2016-12-02,175/027,175,landsat-7,89.0,47.442735,38.816898735,89.0
landsat,2016-12-02,175/026,175,landsat-7,77.0,48.85877,39.397664045,77.0
landsat,2016-12-02,175/025,175,landsat-7,73.0,50.275835,39.989919355,73.0
landsat,2016-12-01,176/028,176,landsat-8,27.25,46.016994999999994,36.73648379,25.73
landsat,2016-12-01,176/027,176,landsat-8,32.28,47.434765,37.271689085,34.44
landsat,2016-12-01,176/026,176,landsat-8,37.28,48.85122,37.843939410000004,37.28
landsat,2016-12-01,176/025,176,landsat-8,66.45,50.264565,38.44386977,66.45
landsat,2016-11-30,177/025,177,landsat-7,2.0,50.278220000000005,36.845504475,2.0
landsat,2016-11-29,170/028,170,landsat-7,67.0,46.024860000000004,46.03879842,67.0
landsat,2016-11-28,171/029,171,landsat-8,90.29,44.593644999999995,43.957913485,90.29
landsat,2016-11-28,171/028,171,landsat-8,100.0,46.015465,44.481738755,100.0
landsat,2016-11-28,171/027,171,landsat-8,100.0,47.43459,45.029779045,100.0
landsat,2016-11-28,171/026,171,landsat-8,99.92,48.849875,45.60501936,99.92
landsat,2016-11-28,171/025,171,landsat-8,91.03,50.265905000000004,46.20668971,91.03
landsat,2016-11-27,172/028,172,landsat-7,90.0,46.028215,42.896103495,90.0
landsat,2016-11-27,172/027,172,landsat-7,96.0,47.442485000000005,43.432113775000005,96.0
landsat,2016-11-27,172/026,172,landsat-7,100.0,48.859489999999994,44.010469095000005,100.0
landsat,2016-11-27,172/025,172,landsat-7,79.0,50.274635,44.605954409999995,79.0
landsat,2016-11-26,173/029,173,landsat-8,80.32,44.594260000000006,40.912023415,80.32
landsat,2016-11-26,173/028,173,landsat-8,99.96,46.015645,41.430653664999994,99.96
landsat,2016-11-26,173/027,173,landsat-8,92.46,47.43521,41.97027394,92.46
landsat,2016-11-26,173/026,173,landsat-8,74.04,48.85183,42.466429445,74.04
landsat,2016-11-26,173/025,173,landsat-8,92.56,50.265545,43.053409810000005,92.56
landsat,2016-11-25,174/028,174,landsat-7,88.0,46.024865000000005,39.85538343,88.0
landsat,2016-11-25,174/027,174,landsat-7,100.0,47.44632,40.397688685,100.0
landsat,2016-11-25,174/026,174,landsat-7,100.0,48.859145,40.964523965,100.0
landsat,2016-11-25,174/025,174,landsat-7,100.0,50.275,41.5650493,100.0
landsat,2016-11-24,175/028,175,landsat-8,55.4,46.01593,38.297988755,31.81
landsat,2016-11-24,175/027,175,landsat-8,23.98,47.43318,38.84910405,13.46
landsat,2016-11-24,175/026,175,landsat-8,0.17,48.85053,39.42333937,0.17
landsat,2016-11-24,175/025,175,landsat-8,3.81,50.264765,40.02377972,3.81
landsat,2016-11-23,176/028,176,landsat-7,0.0,46.025014999999996,36.723543515,0.0
landsat,2016-11-23,176/027,176,landsat-7,0.0,47.444085,37.25253378,0.0
landsat,2016-11-23,176/026,176,landsat-7,0.0,48.860615,37.828874105,0.0
landsat,2016-11-23,176/025,176,landsat-7,2.0,50.27129,38.427534435,2.0
landsat,2016-11-22,177/025,177,landsat-8,5.18,50.265240000000006,36.874439815,5.18
landsat,2016-11-20,171/028,171,landsat-7,43.0,46.022355,44.47063847,43.0
landsat,2016-11-20,171/027,171,landsat-7,21.0,47.44285,45.011488725,21.0
landsat,2016-11-20,171/026,171,landsat-7,4.0,48.859445,45.59161904,4.0
landsat,2016-11-20,171/025,171,landsat-7,0.0,50.276905,46.18542935,0.0
landsat,2016-11-19,172/029,172,landsat-8,50.93,44.595575,42.40449352,50.93
landsat,2016-11-19,172/028,172,landsat-8,78.66,46.01626,42.91681879,78.66
landsat,2016-11-19,172/027,172,landsat-8,100.0,47.434585,43.456149085,100.0
landsat,2016-11-19,172/026,172,landsat-8,99.95,48.85011,44.027814410000005,99.95
landsat,2016-11-19,172/025,172,landsat-8,67.21,50.26386,44.631179759999995,67.21
landsat,2016-11-18,173/028,173,landsat-7,100.0,46.025455,41.420393375,100.0
landsat,2016-11-18,173/027,173,landsat-7,97.0,47.44652,41.95367861,97.0
landsat,2016-11-18,173/026,173,landsat-7,80.0,48.862525000000005,42.458694144999996,80.0
landsat,2016-11-18,173/025,173,landsat-7,56.0,50.27346,43.043504490000004,56.0
landsat,2016-11-17,174/029,174,landsat-8,98.43,44.59355,39.349663455,99.2
landsat,2016-11-17,174/028,174,landsat-8,100.0,46.01643,39.876348715,100.0
landsat,2016-11-17,174/027,174,landsat-8,100.0,47.435069999999996,40.426164,100.0
landsat,2016-11-17,174/026,174,landsat-8,100.0,48.851865000000004,40.99401931,100.0
landsat,2016-11-17,174/025,174,landsat-8,100.0,50.266465,41.586809645,100.0
landsat,2016-11-16,175/028,175,landsat-7,100.0,46.025504999999995,38.287148465,100.0
landsat,2016-11-16,175/027,175,landsat-7,100.0,47.444105,38.84120875,100.0
landsat,2016-11-16,175/026,175,landsat-7,100.0,48.857405,39.412264050000005,100.0
landsat,2016-11-16,175/025,175,landsat-7,100.0,50.274355,40.007044355000005,100.0
landsat,2016-11-15,176/028,176,landsat-8,100.0,46.01708,36.74225379,100.0
landsat,2016-11-15,176/027,176,landsat-8,99.99,47.43488,37.277694085,99.99
landsat,2016-11-15,176/026,176,landsat-8,100.0,48.851259999999996,37.84811441,100.0
landsat,2016-11-15,176/025,176,landsat-8,100.0,50.26462,38.450329769999996,100.0
landsat,2016-11-14,177/025,177,landsat-7,42.0,50.27455,36.86656949,42.0
landsat,2016-11-13,170/028,170,landsat-7,2.0,46.02352,46.040663405000004,2.0
landsat,2016-11-12,171/029,171,landsat-8,69.77,44.59371,43.965608485000004,69.77
landsat,2016-11-12,171/028,171,landsat-8,98.89,46.015495,44.489638755,98.89
landsat,2016-11-12,171/027,171,landsat-8,96.04,47.434565,45.039929045,96.04
landsat,2016-11-12,171/026,171,landsat-8,69.36,48.851185,45.613409364999995,69.36
landsat,2016-11-12,171/025,171,landsat-8,81.19,50.26578,46.21959971,81.19
landsat,2016-11-11,172/028,172,landsat-7,14.0,46.02431,42.90578851,14.0
landsat,2016-11-11,172/027,172,landsat-7,4.0,47.44259,43.438193775,4.0
landsat,2016-11-11,172/026,172,landsat-7,34.0,48.859505,44.016724095,34.0
landsat,2016-11-11,172/025,172,landsat-7,77.0,50.275995,44.61023442,77.0
landsat,2016-11-10,173/029,173,landsat-8,92.31,44.594139999999996,40.919578415000004,92.31
landsat,2016-11-10,173/028,173,landsat-8,99.99,46.01542,41.440368665,99.99
landsat,2016-11-10,173/027,173,landsat-8,97.89,47.434985,41.98017394,97.89
landsat,2016-11-10,173/026,173,landsat-8,100.0,48.85207,42.476679445,100.0
landsat,2016-11-10,173/025,173,landsat-8,100.0,50.26568,43.061824814999994,100.0
landsat,2016-11-09,174/028,174,landsat-7,53.0,46.024834999999996,39.859328430000005,53.0
landsat,2016-11-09,174/027,174,landsat-7,60.0,47.44627,40.39971368,60.0
landsat,2016-11-09,174/026,174,landsat-7,72.0,48.860425,40.96861896,72.0
landsat,2016-11-09,174/025,174,landsat-7,78.0,50.27493,41.567189299999995,78.0
landsat,2016-11-08,175/028,175,landsat-8,40.93,46.01598,38.305888755,22.98
landsat,2016-11-08,175/027,175,landsat-8,85.65,47.43316,38.855194049999994,84.91
landsat,2016-11-08,175/026,175,landsat-8,99.98,48.850485,39.429599370000005,99.98
landsat,2016-11-08,175/025,175,landsat-8,94.87,50.264695,40.03238972,94.87
landsat,2016-11-07,176/028,176,landsat-7,64.0,46.024950000000004,36.721578515000004,57.0
landsat,2016-11-07,176/027,176,landsat-7,81.0,47.445375,37.248558775,81.0
landsat,2016-11-07,176/026,176,landsat-7,98.0,48.859185,37.820664085000004,98.0
landsat,2016-11-07,176/025,176,landsat-7,100.0,50.272635,38.427499440000005,100.0
landsat,2016-11-06,177/025,177,landsat-8,99.97,50.26531,36.87864981,99.97
landsat,2016-11-04,171/028,171,landsat-7,79.0,46.025025,44.462723475000004,79.0
landsat,2016-11-04,171/027,171,landsat-7,68.0,47.442845,45.003378725000005,68.0
landsat,2016-11-04,171/026,171,landsat-7,100.0,48.86081,45.587479044999995,100.0
landsat,2016-11-04,171/025,171,landsat-7,100.0,50.272859999999994,46.185429365000005,100.0
landsat,2016-11-03,172/029,172,landsat-8,76.47,44.595655,42.408268515,76.47
landsat,2016-11-03,172/028,172,landsat-8,68.62,46.016325,42.92068879,68.62
landsat,2016-11-03,172/027,172,landsat-8,95.12,47.434635,43.460209085,95.12
landsat,2016-11-03,172/026,172,landsat-8,99.99,48.850139999999996,44.031989415,99.99
landsat,2016-11-03,172/025,172,landsat-8,99.98,50.26522,44.63546477,99.98
landsat,2016-11-02,173/028,173,landsat-7,88.0,46.024280000000005,41.410718375,88.0
landsat,2016-11-02,173/027,173,landsat-7,52.0,47.4441,41.94355861,52.0
landsat,2016-11-02,173/026,173,landsat-7,34.0,48.86093,42.448459145,34.0
landsat,2016-11-02,173/025,173,landsat-7,87.0,50.2773,43.02880447,87.0
landsat,2016-11-01,174/029,174,landsat-8,66.07,44.59487,39.35158845,64.79
landsat,2016-11-01,174/028,174,landsat-8,86.57,46.016405,39.880303715,86.54
landsat,2016-11-01,174/027,174,landsat-8,63.56,47.43502,40.430219,63.83
landsat,2016-11-01,174/026,174,landsat-8,82.52,48.851805,40.99610431,82.52
landsat,2016-11-01,174/025,174,landsat-8,93.71,50.26639,41.588949645,93.71
landsat,2016-10-31,175/028,175,landsat-7,52.0,46.024065,38.27140346,65.0
landsat,2016-10-31,175/027,175,landsat-7,81.0,47.44409,38.82498875,90.0
landsat,2016-10-31,175/026,175,landsat-7,100.0,48.861509999999996,39.391409034999995,100.0
landsat,2016-10-31,175/025,175,landsat-7,100.0,50.27315,39.99200936,100.0
landsat,2016-10-30,176/028,176,landsat-8,49.61,46.015730000000005,36.742348785000004,62.35
landsat,2016-10-30,176/027,176,landsat-8,56.69,47.433530000000005,37.27769909,66.5
landsat,2016-10-30,176/026,176,landsat-8,96.77,48.84991,37.848114415,96.77
landsat,2016-10-30,176/025,176,landsat-8,99.34,50.2646,38.45248477,99.34
landsat,2016-10-29,177/025,177,landsat-7,100.0,50.27552,36.843564475,100.0
landsat,2016-10-28,170/028,170,landsat-7,86.0,46.02365,46.02488841,86.0
landsat,2016-10-27,171/029,171,landsat-8,97.6,44.593675000000005,43.961758485000004,97.6
landsat,2016-10-27,171/028,171,landsat-8,76.51,46.015474999999995,44.485688755,76.51
landsat,2016-10-27,171/027,171,landsat-8,96.08,47.43459,45.037899045,96.08
landsat,2016-10-27,171/026,171,landsat-8,97.62,48.851165,45.611319365,97.62
landsat,2016-10-27,171/025,171,landsat-8,94.14,50.265825,46.21529971,94.14
landsat,2016-10-26,172/028,172,landsat-7,27.0,46.025310000000005,42.884588495,27.0
landsat,2016-10-26,172/027,172,landsat-7,3.0,47.44378,43.429928790000005,3.0
landsat,2016-10-26,172/026,172,landsat-7,40.0,48.856725,44.002179095,40.0
landsat,2016-10-26,172/025,172,landsat-7,96.0,50.273264999999995,44.59735442,96.0
landsat,2016-10-25,173/029,173,landsat-8,48.2,44.594205,40.915803415,48.2
landsat,2016-10-25,173/028,173,landsat-8,5.74,46.015564999999995,41.434528665,5.74
landsat,2016-10-25,173/027,173,landsat-8,0.05,47.435085,41.97619894,0.05
landsat,2016-10-25,173/026,173,landsat-8,0.21,48.851915000000005,42.470509445,0.21
landsat,2016-10-25,173/025,173,landsat-8,0.39,50.265609999999995,43.057614814999994,0.39
landsat,2016-10-24,174/028,174,landsat-7,43.0,46.025009999999995,39.837593420000005,43.0
landsat,2016-10-24,174/027,174,landsat-7,5.0,47.443615,40.393633695,4.0
landsat,2016-10-24,174/026,174,landsat-7,8.0,48.857870000000005,40.96052398,8.0
landsat,2016-10-24,174/025,174,landsat-7,42.0,50.274010000000004,41.54799428,42.0
landsat,2016-10-23,175/028,175,landsat-8,84.91,46.015955000000005,38.301938755,87.2
landsat,2016-10-23,175/027,175,landsat-8,83.38,47.433184999999995,38.853164050000004,85.04
landsat,2016-10-23,175/026,175,landsat-8,87.04,48.85052,39.427509369999996,87.04
landsat,2016-10-23,175/025,175,landsat-8,99.99,50.264685,40.030234719999996,99.99
landsat,2016-10-22,176/028,176,landsat-7,17.0,46.024730000000005,36.709958515,15.0
landsat,2016-10-22,176/027,176,landsat-7,3.0,47.4452,37.238488785,3.0
landsat,2016-10-22,176/026,176,landsat-7,32.0,48.85907,37.808149085,32.0
landsat,2016-10-22,176/025,176,landsat-7,86.0,50.27256,38.41675444,86.0
landsat,2016-10-21,177/025,177,landsat-8,99.95,50.26531,36.87864981,99.95
landsat,2016-10-19,171/028,171,landsat-7,66.0,46.02499,44.454833475,66.0
landsat,2016-10-19,171/027,171,landsat-7,58.0,47.445544999999996,44.995273725000004,58.0
landsat,2016-10-19,171/026,171,landsat-7,100.0,48.858225000000004,45.568614025,100.0
landsat,2016-10-19,171/025,171,landsat-7,100.0,50.27424,46.17904937,100.0
landsat,2016-10-18,172/029,172,landsat-8,23.1,44.595655,42.408268515,23.1
landsat,2016-10-18,172/028,172,landsat-8,22.42,46.016395,42.92456379,22.42
landsat,2016-10-18,172/027,172,landsat-8,21.94,47.434635,43.462239085,21.94
landsat,2016-10-18,172/026,172,landsat-8,62.68,48.850170000000006,44.036169415,62.68
landsat,2016-10-18,172/025,172,landsat-8,100.0,50.265254999999996,44.63761977,100.0
landsat,2016-10-17,173/028,173,landsat-7,25.0,46.02315,41.400908369999996,25.0
landsat,2016-10-17,173/027,173,landsat-7,23.0,47.444295,41.935613610000004,23.0
landsat,2016-10-17,173/026,173,landsat-7,48.0,48.85939,42.43840414,48.0
landsat,2016-10-17,173/025,173,landsat-7,15.0,50.27716,43.02038947,15.0
landsat,2016-10-16,174/029,174,landsat-8,89.22,44.593509999999995,39.355438455,96.68
landsat,2016-10-16,174/028,174,landsat-8,70.1,46.015029999999996,39.884253720000004,70.26
landsat,2016-10-16,174/027,174,landsat-8,40.69,47.434975,40.434273995,40.82
landsat,2016-10-16,174/026,174,landsat-8,39.82,48.85174,41.000189305,39.82
landsat,2016-10-16,174/025,174,landsat-8,87.5,50.266305,41.593154645,87.5
landsat,2016-10-15,175/028,175,landsat-7,13.0,46.025455,38.273303475,14.0
landsat,2016-10-15,175/027,175,landsat-7,21.0,47.441415,38.818918749999995,24.0
landsat,2016-10-15,175/026,175,landsat-7,94.0,48.85883,39.387214035,94.0
landsat,2016-10-15,175/025,175,landsat-7,93.0,50.273105,39.994214369999995,93.0
landsat,2016-10-14,176/028,176,landsat-8,88.95,46.01587,36.748198785,89.46
landsat,2016-10-14,176/027,176,landsat-8,99.65,47.43359,37.28362409,99.94
landsat,2016-10-14,176/026,176,landsat-8,88.09,48.849985,37.856469415,88.09
landsat,2016-10-14,176/025,176,landsat-8,37.79,50.26462,38.45678977,37.79
landsat,2016-10-13,177/025,177,landsat-7,61.0,50.27545,36.839354475,61.0
landsat,2016-10-12,170/028,170,landsat-7,38.0,46.02638,46.020998410000004,38.0
landsat,2016-10-11,171/029,171,landsat-8,94.03,44.59374,43.969458485000004,94.03
landsat,2016-10-11,171/028,171,landsat-8,70.85,46.015495,44.495568755,70.85
landsat,2016-10-11,171/027,171,landsat-8,74.97,47.434595,45.046019045,74.97
landsat,2016-10-11,171/026,171,landsat-8,98.26,48.849779999999996,45.619639359999994,98.26
landsat,2016-10-11,171/025,171,landsat-8,92.4,50.265745,46.223904705,92.4
landsat,2016-10-10,172/028,172,landsat-7,60.0,46.0268,42.89215851,60.0
landsat,2016-10-10,172/027,172,landsat-7,62.0,47.44109,43.42797879,62.0
landsat,2016-10-10,172/026,172,landsat-7,94.0,48.859359999999995,43.993839085000005,94.0
landsat,2016-10-10,172/025,172,landsat-7,97.0,50.273275,44.601634435,97.0
landsat,2016-10-09,173/029,173,landsat-8,66.26,44.595365,40.927143404999995,66.26
landsat,2016-10-09,173/028,173,landsat-8,45.49,46.01534,41.444243665,45.49
landsat,2016-10-09,173/027,173,landsat-8,39.36,47.43481,41.98616894,39.36
landsat,2016-10-09,173/026,173,landsat-8,73.61,48.850825,42.482789445,73.61
landsat,2016-10-09,173/025,173,landsat-8,96.73,50.265805,43.070234815,96.73
landsat,2016-10-08,174/028,174,landsat-7,31.0,46.022245,39.84350843,31.0
landsat,2016-10-08,174/027,174,landsat-7,87.0,47.44511,40.38546368,87.0
landsat,2016-10-08,174/026,174,landsat-7,76.0,48.85934,40.954268965,76.0
landsat,2016-10-08,174/025,174,landsat-7,51.0,50.272575,41.5522843,51.0
landsat,2016-10-07,175/028,175,landsat-8,61.06,46.016040000000004,38.31773876,58.19
landsat,2016-10-07,175/027,175,landsat-8,62.73,47.433195,38.86534405,63.7
landsat,2016-10-07,175/026,175,landsat-8,78.28,48.850480000000005,39.44004437,78.28
landsat,2016-10-07,175/025,175,landsat-8,65.59,50.26459,40.045304720000004,65.59
landsat,2016-10-06,176/028,176,landsat-7,8.0,46.024640000000005,36.704263505,27.0
landsat,2016-10-06,176/027,176,landsat-7,61.0,47.442679999999996,37.248468794999994,63.0
landsat,2016-10-06,176/026,176,landsat-7,58.0,48.861805000000004,37.812259085,58.0
landsat,2016-10-06,176/025,176,landsat-7,98.0,50.272585,38.408224419999996,98.0
landsat,2016-10-05,177/025,177,landsat-8,74.26,50.265600000000006,36.895474809999996,74.26
landsat,2016-10-03,171/028,171,landsat-7,65.0,46.022310000000004,44.452913464999995,65.0
landsat,2016-10-03,171/027,171,landsat-7,14.0,47.441495,45.00743874,14.0
landsat,2016-10-03,171/026,171,landsat-7,0.0,48.860929999999996,45.574909025,0.0
landsat,2016-10-03,171/025,171,landsat-7,5.0,50.274195,46.18334437,5.0
landsat,2016-10-02,172/029,172,landsat-8,32.46,44.59472,42.42724351,32.46
landsat,2016-10-02,172/028,172,landsat-8,13.78,46.016725,42.94392879,13.78
landsat,2016-10-02,172/027,172,landsat-8,21.61,47.43488,43.482539085,21.61
landsat,2016-10-02,172/026,172,landsat-8,39.69,48.85028,44.054974415000004,39.69
landsat,2016-10-02,172/025,172,landsat-8,60.01,50.26392,44.65700976,60.01
landsat,2016-10-01,173/028,173,landsat-7,40.0,46.022994999999995,41.408653369999996,40.0
landsat,2016-10-01,173/027,173,landsat-7,9.0,47.4441,41.94355861,9.0
landsat,2016-10-01,173/026,173,landsat-7,41.0,48.859565,42.446574139999996,41.0
landsat,2016-10-01,173/025,173,landsat-7,68.0,50.275949999999995,43.028919465,68.0
landsat,2016-09-30,174/029,174,landsat-8,64.46,44.5948,39.37853845,72.51
landsat,2016-09-30,174/028,174,landsat-8,92.36,46.016239999999996,39.904003715,92.58
landsat,2016-09-30,174/027,174,landsat-8,23.06,47.434740000000005,40.454564000000005,23.02
landsat,2016-09-30,174/026,174,landsat-8,2.78,48.851389999999995,41.022629304999995,2.78
landsat,2016-09-30,174/025,174,landsat-8,66.31,50.26585,41.614184644999995,66.31
landsat,2016-09-29,175/028,175,landsat-7,100.0,46.025495,38.281193474999995,100.0
landsat,2016-09-29,175/027,175,landsat-7,100.0,47.44409,38.82094873,100.0
landsat,2016-09-29,175/026,175,landsat-7,95.0,48.857495,39.39345403,95.0
landsat,2016-09-29,175/025,175,landsat-7,83.0,50.27169,40.002809375,83.0
landsat,2016-09-28,176/028,176,landsat-8,80.9,46.01622999999999,36.76755879,79.27
landsat,2016-09-28,176/027,176,landsat-8,81.61,47.43387,37.30350909,80.72
landsat,2016-09-28,176/026,176,landsat-8,96.47,48.851524999999995,37.87526941,96.47
landsat,2016-09-28,176/025,176,landsat-8,86.95,50.264700000000005,38.47831477,86.95
landsat,2016-09-27,177/025,177,landsat-7,96.0,50.27171,36.858274495,96.0
landsat,2016-09-26,170/028,170,landsat-7,70.0,46.02216,46.03873842,70.0
landsat,2016-09-25,171/029,171,landsat-8,44.52,44.593865,43.984853485,44.52
landsat,2016-09-25,171/028,171,landsat-8,26.62,46.01557,44.50939375,26.62
landsat,2016-09-25,171/027,171,landsat-8,46.1,47.43459,45.058199045,46.1
landsat,2016-09-25,171/026,171,landsat-8,94.26,48.85109,45.634294365,94.26
landsat,2016-09-25,171/025,171,landsat-8,100.0,50.26562,46.236814705,100.0
landsat,2016-09-24,172/028,172,landsat-7,100.0,46.027005,42.90377851,100.0
landsat,2016-09-24,172/027,172,landsat-7,99.0,47.44124,43.440138790000006,99.0
landsat,2016-09-24,172/026,172,landsat-7,100.0,48.859505,44.008434085000005,100.0
landsat,2016-09-24,172/025,172,landsat-7,100.0,50.273309999999995,44.614529435,100.0
landsat,2016-09-23,173/029,173,landsat-8,99.97,44.595235,40.936558405,99.97
landsat,2016-09-23,173/028,173,landsat-8,98.56,46.015100000000004,41.45585366,98.56
landsat,2016-09-23,173/027,173,landsat-8,69.15,47.43458,41.996068935,69.15
landsat,2016-09-23,173/026,173,landsat-8,35.82,48.851065,42.493044444999995,35.82
landsat,2016-09-23,173/025,173,landsat-8,31.94,50.26594,43.078654815,31.94
landsat,2016-09-22,174/028,174,landsat-7,78.0,46.02354,39.851353415,78.0
landsat,2016-09-22,174/027,174,landsat-7,75.0,47.44348,40.40781869,76.0
landsat,2016-09-22,174/026,174,landsat-7,88.0,48.857605,40.97486898,88.0
landsat,2016-09-22,174/025,174,landsat-7,69.0,50.273815,41.55846928,69.0
landsat,2016-09-21,175/028,175,landsat-8,100.0,46.016059999999996,38.32168876,100.0
landsat,2016-09-21,175/027,175,landsat-8,100.0,47.4332,38.87346405,100.0
landsat,2016-09-21,175/026,175,landsat-8,98.6,48.850449999999995,39.448399365,98.6
landsat,2016-09-21,175/025,175,landsat-8,45.61,50.26456,40.04960972,45.61
landsat,2016-09-20,176/028,176,landsat-7,64.0,46.02635,36.721708500000005,81.0
landsat,2016-09-20,176/027,176,landsat-7,84.0,47.441500000000005,37.25862878,93.0
landsat,2016-09-20,176/026,176,landsat-7,100.0,48.857995,37.837284104999995,100.0
landsat,2016-09-20,176/025,176,landsat-7,97.0,50.275335,38.42753442,97.0
landsat,2016-09-19,177/025,177,landsat-8,74.14,50.26567,36.89967981,74.14
landsat,2016-09-17,171/028,171,landsat-7,5.0,46.025085,44.47850347,5.0
landsat,2016-09-17,171/027,171,landsat-7,51.0,47.440155000000004,45.027703745,51.0
landsat,2016-09-17,171/026,171,landsat-7,89.0,48.859465,45.59367403,89.0
landsat,2016-09-17,171/025,171,landsat-7,89.0,50.27405,46.20268437,89.0
landsat,2016-09-16,172/029,172,landsat-8,1.61,44.59464,42.42346851,1.61
landsat,2016-09-16,172/028,172,landsat-8,26.56,46.016665,42.940058789999995,26.56
landsat,2016-09-16,172/027,172,landsat-8,35.22,47.43483500000001,43.478479085000004,35.22
landsat,2016-09-16,172/026,172,landsat-8,23.66,48.850295,44.052884415,23.66
landsat,2016-09-16,172/025,172,landsat-8,59.98,50.263945,44.654854760000006,59.98
landsat,2016-09-15,173/028,173,landsat-7,1.0,46.022755000000004,41.420188365,1.0
landsat,2016-09-15,173/027,173,landsat-7,18.0,47.44216,41.96746363,18.0
landsat,2016-09-15,173/026,173,landsat-7,61.0,48.861245,42.460999125,61.0
landsat,2016-09-15,173/025,173,landsat-7,83.0,50.275000000000006,43.052004485,83.0
landsat,2016-09-14,174/029,174,landsat-8,8.63,44.59482,39.37083845,9.43
landsat,2016-09-14,174/028,174,landsat-8,16.09,46.016295,39.89610371,16.05
landsat,2016-09-14,174/027,174,landsat-8,1.46,47.434835,40.446454,1.38
landsat,2016-09-14,174/026,174,landsat-8,2.14,48.851465000000005,41.016539304999995,2.14
landsat,2016-09-14,174/025,174,landsat-8,58.26,50.266014999999996,41.607834645,58.26
landsat,2016-09-13,175/028,175,landsat-7,0.0,46.02423,38.291128459999996,0.0
landsat,2016-09-13,175/027,175,landsat-7,0.0,47.44276,38.845268745,0.0
landsat,2016-09-13,175/026,175,landsat-7,0.0,48.856045,39.416414044999996,0.0
landsat,2016-09-13,175/025,175,landsat-7,32.0,50.27297,40.011339359999994,32.0
landsat,2016-09-12,176/028,176,landsat-8,0.63,46.016025,36.757843785,0.09
landsat,2016-09-12,176/027,176,landsat-8,0.44,47.43376,37.295554089999996,0.52
landsat,2016-09-12,176/026,176,landsat-8,2.77,48.850105,37.866914415,2.77
landsat,2016-09-12,176/025,176,landsat-8,16.52,50.26467,38.46970477,16.52
landsat,2016-09-11,177/025,177,landsat-7,1.0,50.271935,36.87089949,1.0
landsat,2016-09-10,170/028,170,landsat-7,2.0,46.02473,46.054568419999995,2.0
landsat,2016-09-09,171/029,171,landsat-8,0.71,44.593805,43.977158485000004,0.71
landsat,2016-09-09,171/028,171,landsat-8,1.1,46.01554,44.501493755,1.1
landsat,2016-09-09,171/027,171,landsat-8,72.19,47.434595,45.054139045,72.19
landsat,2016-09-09,171/026,171,landsat-8,48.7,48.85113,45.625939365,48.7
landsat,2016-09-09,171/025,171,landsat-8,33.38,50.26566,46.232514705,33.38
landsat,2016-09-08,172/028,172,landsat-7,0.0,46.025785,42.9117035,0.0
landsat,2016-09-08,172/027,172,landsat-7,0.0,47.44269,43.448328775,0.0
landsat,2016-09-08,172/026,172,landsat-7,12.0,48.858270000000005,44.027154100000004,12.0
landsat,2016-09-08,172/025,172,landsat-7,76.0,50.274705,44.620999409999996,76.0
landsat,2016-09-07,173/029,173,landsat-8,3.82,44.593959999999996,40.93091341,3.82
landsat,2016-09-07,173/028,173,landsat-8,1.83,46.01653,41.452083665,1.83
landsat,2016-09-07,173/027,173,landsat-8,58.37,47.434685,41.99208894,58.37
landsat,2016-09-07,173/026,173,landsat-8,50.98,48.85098,42.488954445000005,50.98
landsat,2016-09-07,173/025,173,landsat-8,34.96,50.265874999999994,43.074444815,34.96
landsat,2016-09-06,174/028,174,landsat-7,1.0,46.026185,39.867178415,1.0
landsat,2016-09-06,174/027,174,landsat-7,2.0,47.44209,40.413748674999994,2.0
landsat,2016-09-06,174/026,174,landsat-7,2.0,48.858745,40.98914398,2.0
landsat,2016-09-06,174/025,174,landsat-7,48.0,50.27615,41.57543928,48.0
landsat,2016-09-05,175/028,175,landsat-8,0.18,46.016059999999996,38.32168876,0.26
landsat,2016-09-05,175/027,175,landsat-8,0.5,47.433195,38.86940405,0.58
landsat,2016-09-05,175/026,175,landsat-8,0.26,48.850465,39.44422437,0.26
landsat,2016-09-05,175/025,175,landsat-8,1.93,50.26456,40.04960972,1.93
landsat,2016-09-04,176/028,176,landsat-7,0.0,46.025225000000006,36.733343505,1.0
landsat,2016-09-04,176/027,176,landsat-7,4.0,47.44308,37.276308795000006,4.0
landsat,2016-09-04,176/026,176,landsat-7,12.0,48.856725,37.8456941,12.0
landsat,2016-09-04,176/025,176,landsat-7,9.0,50.27269,38.440459419999996,9.0
landsat,2016-09-03,177/025,177,landsat-8,18.49,50.265605,36.897534809999996,18.49
landsat,2016-09-01,171/028,171,landsat-7,100.0,46.02381,44.48249846,100.0
landsat,2016-09-01,171/027,171,landsat-7,94.0,47.44285,45.035813745,94.0
landsat,2016-09-01,171/026,171,landsat-7,89.0,48.85667,45.60827404,89.0
landsat,2016-09-01,171/025,171,landsat-7,78.0,50.272710000000004,46.20469435,78.0
landsat,2016-08-31,172/029,172,landsat-8,54.85,44.59607,42.427148515,54.85
landsat,2016-08-31,172/028,172,landsat-8,53.51,46.016665,42.940058789999995,53.51
landsat,2016-08-31,172/027,172,landsat-8,39.4,47.434885,43.480509085,39.4
landsat,2016-08-31,172/026,172,landsat-8,18.67,48.850295,44.052884415,18.67
landsat,2016-08-31,172/025,172,landsat-8,1.12,50.26527,44.656989769999996,1.12
landsat,2016-08-30,173/028,173,landsat-7,13.0,46.02512,41.437788375,13.0
landsat,2016-08-30,173/027,173,landsat-7,18.0,47.440615,41.975373635,18.0
landsat,2016-08-30,173/026,173,landsat-7,0.0,48.858720000000005,42.469304125,0.0
landsat,2016-08-30,173/025,173,landsat-7,0.0,50.27379,43.06041949,0.0
landsat,2016-08-29,174/029,174,landsat-8,26.84,44.59482,39.37083845,28.4
landsat,2016-08-29,174/028,174,landsat-8,3.17,46.01627,39.900053715,3.18
landsat,2016-08-29,174/027,174,landsat-8,0.0,47.43479,40.450509,0.0
landsat,2016-08-29,174/026,174,landsat-8,0.0,48.851465000000005,41.016539304999995,0.0
landsat,2016-08-29,174/025,174,landsat-8,0.0,50.26594,41.609979644999996,0.0
landsat,2016-08-28,175/028,175,landsat-7,3.0,46.02426,38.30099346,4.0
landsat,2016-08-28,175/027,175,landsat-7,0.0,47.441415,38.85742875,0.0
landsat,2016-08-28,175/026,175,landsat-7,0.0,48.85601,39.428924045,0.0
landsat,2016-08-28,175/025,175,landsat-7,0.0,50.27157,40.022029355,0.0
landsat,2016-08-27,176/028,176,landsat-8,23.22,46.01481,36.763703795,26.45
landsat,2016-08-27,176/027,176,landsat-8,24.35,47.433814999999996,37.299534089999995,24.83
landsat,2016-08-27,176/026,176,landsat-8,1.27,48.85149,37.87109441,1.27
landsat,2016-08-27,176/025,176,landsat-8,0.02,50.26468,38.47400977,0.02
landsat,2016-08-26,177/025,177,landsat-7,73.0,50.270725,36.879424485,73.0
landsat,2016-08-24,171/029,171,landsat-8,13.79,44.593865,43.984853485,13.79
landsat,2016-08-24,171/028,171,landsat-8,0.04,46.01557,44.50939375,0.04
landsat,2016-08-24,171/027,171,landsat-8,0.02,47.43459,45.058199045,0.02
landsat,2016-08-24,171/026,171,landsat-8,3.96,48.85109,45.634294365,3.96
landsat,2016-08-24,171/025,171,landsat-8,14.14,50.26562,46.236814705,14.14
landsat,2016-08-23,172/028,172,landsat-7,3.0,46.024834999999996,42.93296851,3.0
landsat,2016-08-23,172/027,172,landsat-7,13.0,47.438955,43.470618795,13.0
landsat,2016-08-23,172/026,172,landsat-7,45.0,48.858329999999995,44.03560408,45.0
landsat,2016-08-23,172/025,172,landsat-7,49.0,50.272035,44.64462444,49.0
landsat,2016-08-22,173/029,173,landsat-8,66.22,44.593824999999995,40.94032841,66.22
landsat,2016-08-22,173/028,173,landsat-8,54.51,46.01637,41.459828665,54.51
landsat,2016-08-22,173/027,173,landsat-8,44.21,47.43448,42.000038935,44.21
landsat,2016-08-22,173/026,173,landsat-8,23.06,48.851169999999996,42.499134444999996,23.06
landsat,2016-08-22,173/025,173,landsat-8,6.94,50.26601,43.082859815000006,6.94
landsat,2016-08-21,174/028,174,landsat-7,26.0,46.020665,39.88088841,26.0
landsat,2016-08-21,174/027,174,landsat-7,42.0,47.44051,40.43408369,41.0
landsat,2016-08-21,174/026,174,landsat-7,18.0,48.859955,40.997228965000005,18.0
landsat,2016-08-21,174/025,174,landsat-7,54.0,50.270489999999995,41.58775928,54.0
landsat,2016-08-20,175/028,175,landsat-8,0.0,46.016099999999994,38.32959376,0.0
landsat,2016-08-20,175/027,175,landsat-8,0.72,47.4332,38.88158405,0.84
landsat,2016-08-20,175/026,175,landsat-8,0.02,48.850425,39.456759364999996,0.02
landsat,2016-08-20,175/025,175,landsat-8,0.85,50.265834999999996,40.058214715000005,0.85
landsat,2016-08-19,176/028,176,landsat-7,7.0,46.022909999999996,36.754638514999996,12.0
landsat,2016-08-19,176/027,176,landsat-7,5.0,47.443245000000005,37.286468775,6.0
landsat,2016-08-19,176/026,176,landsat-7,49.0,48.85962,37.8643991,49.0
landsat,2016-08-19,176/025,176,landsat-7,95.0,50.27008,38.461924440000004,95.0
landsat,2016-08-18,177/025,177,landsat-8,41.32,50.265815,36.908094809999994,41.32
landsat,2016-08-16,171/028,171,landsat-7,0.0,46.02251,44.50417847,0.0
landsat,2016-08-16,171/027,171,landsat-7,7.0,47.441505,45.047973729999995,7.0
landsat,2016-08-16,171/026,171,landsat-7,18.0,48.859314999999995,45.62707404,18.0
landsat,2016-08-16,171/025,171,landsat-7,18.0,50.269760000000005,46.22831936,18.0
landsat,2016-08-15,172/029,172,landsat-8,46.66,44.594965,42.43857351,46.66
landsat,2016-08-15,172/028,172,landsat-8,2.25,46.01693,42.955548785000005,2.25
landsat,2016-08-15,172/027,172,landsat-8,0.84,47.435035,43.49268408499999,0.84
landsat,2016-08-15,172/026,172,landsat-8,20.28,48.85037,44.06750441,20.28
landsat,2016-08-15,172/025,172,landsat-8,83.43,50.26395,44.66992476,83.43
landsat,2016-08-14,173/028,173,landsat-7,100.0,46.02212,41.45124837,100.0
landsat,2016-08-14,173/027,173,landsat-7,100.0,47.4431,41.98329861,100.0
landsat,2016-08-14,173/026,173,landsat-7,96.0,48.85916,42.48953915,96.0
landsat,2016-08-14,173/025,173,landsat-7,99.0,50.26995,43.075324484999996,99.0
landsat,2016-08-13,174/029,174,landsat-8,20.36,44.594775,39.38623845,23.42
landsat,2016-08-13,174/028,174,landsat-8,10.86,46.016180000000006,39.911903715,10.84
landsat,2016-08-13,174/027,174,landsat-8,15.27,47.434645,40.462684,15.33
landsat,2016-08-13,174/026,174,landsat-8,36.81,48.85119,41.032889305,36.81
landsat,2016-08-13,174/025,174,landsat-8,16.27,50.265645,41.624654645,16.27
landsat,2016-08-12,175/028,175,landsat-7,0.0,46.02432,38.31282846,0.0
landsat,2016-08-12,175/027,175,landsat-7,6.0,47.44145,38.86756375,7.0
landsat,2016-08-12,175/026,175,landsat-7,3.0,48.855985000000004,39.437269044999994,3.0
landsat,2016-08-12,175/025,175,landsat-7,1.0,50.272815,40.034979359999994,1.0
landsat,2016-08-11,176/028,176,landsat-8,30.54,46.015029999999996,36.77531879,37.96
landsat,2016-08-11,176/027,176,landsat-8,11.21,47.434035,37.313489085,7.12
landsat,2016-08-11,176/026,176,landsat-8,15.33,48.850245,37.88571442,15.33
landsat,2016-08-11,176/025,176,landsat-8,9.52,50.26473,38.48692977,9.52
landsat,2016-08-10,177/025,177,landsat-7,37.0,50.2723,36.89399449,37.0
landsat,2016-08-08,171/029,171,landsat-8,97.18,44.593925,43.992558485,97.18
landsat,2016-08-08,171/028,171,landsat-8,99.77,46.015609999999995,44.52124875,99.77
landsat,2016-08-08,171/027,171,landsat-8,99.15,47.43459,45.070379045,99.15
landsat,2016-08-08,171/026,171,landsat-8,98.14,48.851045,45.642649365,98.14
landsat,2016-08-07,172/028,172,landsat-7,83.0,46.02221,42.93694351,83.0
landsat,2016-08-07,172/027,172,landsat-7,90.0,47.442994999999996,43.470618779999995,90.0
landsat,2016-08-07,172/026,172,landsat-7,99.0,48.858425,44.0480091,99.0
landsat,2016-08-07,172/025,172,landsat-7,64.0,50.274735,44.644639409999996,64.0
landsat,2016-08-06,173/029,173,landsat-8,28.44,44.595060000000004,40.946033405,28.44
landsat,2016-08-06,173/028,173,landsat-8,48.11,46.016270000000006,41.465603665,48.11
landsat,2016-08-06,173/027,173,landsat-8,51.17,47.434304999999995,42.006033939999995,51.17
landsat,2016-08-06,173/026,173,landsat-8,16.82,48.851255,42.503219445,16.82
landsat,2016-08-06,173/025,173,landsat-8,0.0,50.264790000000005,43.09137981,0.0
landsat,2016-08-05,174/028,174,landsat-7,79.0,46.02064,39.88483341,79.0
landsat,2016-08-05,174/027,174,landsat-7,37.0,47.44041,40.440158690000004,37.0
landsat,2016-08-05,174/026,174,landsat-7,6.0,48.858540000000005,41.00130897,6.0
landsat,2016-08-05,174/025,174,landsat-7,1.0,50.27428,41.598694295,1.0
landsat,2016-08-04,175/028,175,landsat-8,75.3,46.01612,38.33354376,76.56
landsat,2016-08-04,175/027,175,landsat-8,8.59,47.4332,38.88158405,9.67
landsat,2016-08-04,175/026,175,landsat-8,24.98,48.850425,39.456759364999996,24.98
landsat,2016-08-04,175/025,175,landsat-8,63.94,50.26445,40.06251972,63.94
landsat,2016-08-02,177/025,177,landsat-8,12.22,50.26447,36.908104815,12.22
landsat,2016-07-31,171/028,171,landsat-7,0.0,46.023830000000004,44.49631346,0.0
landsat,2016-07-31,171/027,171,landsat-7,40.0,47.440160000000006,45.043918725,40.0
landsat,2016-07-31,171/026,171,landsat-7,95.0,48.856615000000005,45.62703904,95.0
landsat,2016-07-31,171/025,171,landsat-7,30.0,50.273885,46.219729345,30.0
landsat,2016-07-30,172/029,172,landsat-8,1.26,44.594805,42.43101851,1.26
landsat,2016-07-30,172/028,172,landsat-8,0.19,46.016795,42.947803785000005,0.19
landsat,2016-07-30,172/027,172,landsat-8,6.73,47.434934999999996,43.484564085,6.73
landsat,2016-07-30,172/026,172,landsat-8,12.71,48.850314999999995,44.059149415,12.71
landsat,2016-07-30,172/025,172,landsat-8,16.98,50.265280000000004,44.66129977,16.98
landsat,2016-07-28,174/029,174,landsat-8,4.13,44.59346,39.374688455,4.85
landsat,2016-07-28,174/028,174,landsat-8,3.18,46.016239999999996,39.904003715,3.19
landsat,2016-07-28,174/027,174,landsat-8,9.14,47.434740000000005,40.454564000000005,9.26
landsat,2016-07-28,174/026,174,landsat-8,4.3,48.8514,41.020629305,4.3
landsat,2016-07-28,174/025,174,landsat-8,0.98,50.26585,41.614184644999995,0.98
landsat,2016-07-27,175/028,175,landsat-7,2.0,46.025710000000004,38.320653475,3.0
landsat,2016-07-27,175/027,175,landsat-7,6.0,47.43876,38.867573750000005,6.0
landsat,2016-07-27,175/026,175,landsat-7,8.0,48.85737,39.43515903,8.0
landsat,2016-07-27,175/025,175,landsat-7,7.0,50.272729999999996,40.04147937,7.0
landsat,2016-07-26,176/028,176,landsat-8,7.32,46.01616,36.76368879,21.67
landsat,2016-07-26,176/027,176,landsat-8,6.44,47.433814999999996,37.299534089999995,7.56
landsat,2016-07-26,176/026,176,landsat-8,0.45,48.85013,37.873184415,0.45
landsat,2016-07-26,176/025,176,landsat-8,0.02,50.26468,38.47400977,0.02
landsat,2016-07-25,177/025,177,landsat-7,20.0,50.272295,36.891929489999995,20.0
landsat,2016-07-23,171/029,171,landsat-8,23.9,44.593835,43.981008485000004,23.9
landsat,2016-07-23,171/028,171,landsat-8,27.96,46.01557,44.50939375,27.96
landsat,2016-07-23,171/027,171,landsat-8,61.61,47.43459,45.058199045,61.61
landsat,2016-07-23,171/026,171,landsat-8,75.08,48.85109,45.634294365,75.08
landsat,2016-07-23,171/025,171,landsat-8,82.17,50.26562,46.236814705,82.17
landsat,2016-07-22,172/028,172,landsat-7,26.0,46.02619,42.934948500000004,26.0
landsat,2016-07-22,172/027,172,landsat-7,27.0,47.4403,43.47069878,27.0
landsat,2016-07-22,172/026,172,landsat-7,27.0,48.857105,44.052234095,27.0
landsat,2016-07-22,172/025,172,landsat-7,49.0,50.274735,44.644639409999996,49.0
landsat,2016-07-21,173/029,173,landsat-8,60.9,44.595245000000006,40.934703405,60.9
landsat,2016-07-21,173/028,173,landsat-8,99.99,46.015100000000004,41.45585366,99.99
landsat,2016-07-21,173/027,173,landsat-8,95.44,47.43458,41.996068935,95.44
landsat,2016-07-21,173/026,173,landsat-8,43.0,48.851085,42.495044445,43.0
landsat,2016-07-21,173/025,173,landsat-8,28.44,50.265945,43.080714815,28.44
landsat,2016-07-20,174/028,174,landsat-7,54.0,46.02065,39.88680341,54.0
landsat,2016-07-20,174/027,174,landsat-7,61.0,47.440365,40.444208689999996,62.0
landsat,2016-07-20,174/026,174,landsat-7,88.0,48.858475,41.00539897,88.0
landsat,2016-07-20,174/025,174,landsat-7,74.0,50.271495,41.6027493,74.0
landsat,2016-07-19,175/028,175,landsat-8,49.18,46.016045,38.323668760000004,59.42
landsat,2016-07-19,175/027,175,landsat-8,69.21,47.4332,38.87346405,76.12
landsat,2016-07-19,175/026,175,landsat-8,92.88,48.850449999999995,39.448399365,92.88
landsat,2016-07-19,175/025,175,landsat-8,90.46,50.26587,40.053909715,90.46
landsat,2016-07-17,177/025,177,landsat-8,0.0,50.26567,36.89967981,0.0
landsat,2016-07-15,171/028,171,landsat-7,0.0,46.021175,44.508123475000005,0.0
landsat,2016-07-15,171/027,171,landsat-7,0.0,47.441535,45.04999873,0.0
landsat,2016-07-15,171/026,171,landsat-7,11.0,48.859295,45.63124404,11.0
landsat,2016-07-15,171/025,171,landsat-7,8.0,50.275205,46.22624935,8.0
landsat,2016-07-14,172/029,172,landsat-8,0.02,44.596055,42.425293515,0.02
landsat,2016-07-14,172/028,172,landsat-8,0.0,46.016665,42.940058789999995,0.0
landsat,2016-07-14,172/027,172,landsat-8,0.06,47.43483500000001,43.478479085000004,0.06
landsat,2016-07-14,172/026,172,landsat-8,0.91,48.850295,44.052884415,0.91
landsat,2016-07-14,172/025,172,landsat-8,4.91,50.26527,44.656989769999996,4.91
landsat,2016-07-13,173/028,173,landsat-7,1.0,46.023529999999994,41.449218355,1.0
landsat,2016-07-13,173/027,173,landsat-7,1.0,47.441455000000005,41.995268625,1.0
landsat,2016-07-13,173/026,173,landsat-7,1.0,48.8605,42.489619135,1.0
landsat,2016-07-13,173/025,173,landsat-7,8.0,50.274119999999996,43.08145949,8.0
landsat,2016-07-12,174/029,174,landsat-8,5.06,44.59482,39.37083845,5.41
landsat,2016-07-12,174/028,174,landsat-8,1.42,46.016295,39.89610371,1.43
landsat,2016-07-12,174/027,174,landsat-8,7.24,47.434835,40.446454,7.34
landsat,2016-07-12,174/026,174,landsat-8,13.96,48.851465000000005,41.016539304999995,13.96
landsat,2016-07-12,174/025,174,landsat-8,24.93,50.26594,41.609979644999996,24.93
landsat,2016-07-11,175/028,175,landsat-7,38.0,46.02032,38.326638475,51.0
landsat,2016-07-11,175/027,175,landsat-7,35.0,47.44148,38.86555373,34.0
landsat,2016-07-11,175/026,175,landsat-7,19.0,48.85862,39.447719045,19.0
landsat,2016-07-11,175/025,175,landsat-7,16.0,50.27408,40.041424355,16.0
landsat,2016-07-10,176/028,176,landsat-8,72.49,46.01609,36.759813789999995,57.29
landsat,2016-07-10,176/027,176,landsat-8,52.25,47.433814999999996,37.29758409,49.25
landsat,2016-07-10,176/026,176,landsat-8,28.23,48.850094999999996,37.869004415,28.23
landsat,2016-07-10,176/025,176,landsat-8,26.82,50.26467,38.46970477,26.82
landsat,2016-07-09,177/025,177,landsat-7,31.0,50.27363,36.889969475,31.0
landsat,2016-07-07,171/029,171,landsat-8,5.75,44.593835,43.981008485000004,5.75
landsat,2016-07-07,171/028,171,landsat-8,26.38,46.015535,44.50741875,26.38
landsat,2016-07-07,171/027,171,landsat-8,8.23,47.43324,45.058194040000004,8.23
landsat,2016-07-07,171/026,171,landsat-8,0.07,48.85107,45.632204365,0.07
landsat,2016-07-07,171/025,171,landsat-8,2.33,50.26562,46.236814705,2.33
landsat,2016-07-06,172/028,172,landsat-7,6.0,46.02342,42.9292735,6.0
landsat,2016-07-06,172/027,172,landsat-7,1.0,47.440345,43.47670379,1.0
landsat,2016-07-06,172/026,172,landsat-7,3.0,48.85841,44.041859079999995,3.0
landsat,2016-07-06,172/025,172,landsat-7,15.0,50.273395,44.648919434999996,15.0
landsat,2016-07-05,173/029,173,landsat-8,8.8,44.59518,40.938478405,8.8
landsat,2016-07-05,173/028,173,landsat-8,17.02,46.015100000000004,41.45585366,17.02
landsat,2016-07-05,173/027,173,landsat-8,45.67,47.434505,41.998088935,45.67
landsat,2016-07-05,173/026,173,landsat-8,63.2,48.851085,42.495044445,63.2
landsat,2016-07-05,173/025,173,landsat-8,72.99,50.26601,43.082859815000006,72.99
landsat,2016-07-04,174/028,174,landsat-7,15.0,46.02203,39.882863405,15.0
landsat,2016-07-04,174/027,174,landsat-7,31.0,47.440465,40.43813369,31.0
landsat,2016-07-04,174/026,174,landsat-7,32.0,48.85989,41.001318964999996,32.0
landsat,2016-07-04,174/025,174,landsat-7,31.0,50.274204999999995,41.600834295,31.0
landsat,2016-07-03,175/028,175,landsat-8,32.97,46.016085000000004,38.32564376,28.2
landsat,2016-07-03,175/027,175,landsat-8,26.24,47.433170000000004,38.87549405,20.62
landsat,2016-07-03,175/026,175,landsat-8,18.42,48.85044,39.452579365,18.42
landsat,2016-07-03,175/025,175,landsat-8,11.91,50.264525,40.05390972,11.91
landsat,2016-07-02,176/028,176,landsat-7,39.0,46.024105000000006,36.746968499999994,29.0
landsat,2016-07-02,176/027,176,landsat-7,2.0,47.443304999999995,37.292218795,3.0
landsat,2016-07-02,176/026,176,landsat-7,3.0,48.855525,37.862379105,3.0
landsat,2016-07-02,176/025,176,landsat-7,15.0,50.271435,38.455504425,15.0
landsat,2016-07-01,177/025,177,landsat-8,36.6,50.265744999999995,36.90388981,36.6
landsat,2016-06-29,171/028,171,landsat-7,24.0,46.02114,44.490418455,24.0
landsat,2016-06-29,171/027,171,landsat-7,46.0,47.440155000000004,45.043923745,46.0
landsat,2016-06-29,171/026,171,landsat-7,86.0,48.85941,45.612444030000006,86.0
landsat,2016-06-29,171/025,171,landsat-7,35.0,50.26993,46.21321435,35.0
landsat,2016-06-28,172/029,172,landsat-8,24.57,44.594805,42.43101851,24.57
landsat,2016-06-28,172/028,172,landsat-8,8.75,46.016735,42.945828785,8.75
landsat,2016-06-28,172/027,172,landsat-8,12.31,47.434934999999996,43.484564085,12.31
landsat,2016-06-28,172/026,172,landsat-8,8.23,48.850314999999995,44.059149415,8.23
landsat,2016-06-28,172/025,172,landsat-8,22.49,50.26393,44.66131976,22.49
landsat,2016-06-27,173/028,173,landsat-7,0.0,46.026465,41.43772336,0.0
landsat,2016-06-27,173/027,173,landsat-7,0.0,47.440605000000005,41.97519361,0.0
landsat,2016-06-27,173/026,173,landsat-7,1.0,48.857565,42.479404145000004,1.0
landsat,2016-06-27,173/025,173,landsat-7,2.0,50.27244,43.06063947,2.0
landsat,2016-06-26,174/029,174,landsat-8,0.16,44.5948,39.37853845,0.18
landsat,2016-06-26,174/028,174,landsat-8,1.59,46.016239999999996,39.904003715,1.59
landsat,2016-06-26,174/027,174,landsat-8,6.76,47.434740000000005,40.454564000000005,6.79
landsat,2016-06-26,174/026,174,landsat-8,3.72,48.85133,41.024714305,3.72
landsat,2016-06-26,174/025,174,landsat-8,10.1,50.26583,41.616244644999995,10.1
landsat,2016-06-25,175/028,175,landsat-7,0.0,46.0216,38.308848479999995,0.0
landsat,2016-06-25,175/027,175,landsat-7,11.0,47.44279,38.851353735000004,13.0
landsat,2016-06-25,175/026,175,landsat-7,23.0,48.858695,39.433119045,23.0
landsat,2016-06-25,175/025,175,landsat-7,21.0,50.27553,40.02858936,21.0
landsat,2016-06-24,176/028,176,landsat-8,3.43,46.016245,36.76946379,12.13
landsat,2016-06-24,176/027,176,landsat-8,25.49,47.43392,37.305534089999995,29.63
landsat,2016-06-24,176/026,176,landsat-8,27.45,48.85017,37.877359415,27.45
landsat,2016-06-24,176/025,176,landsat-8,31.78,50.264735,38.48046477,31.78
landsat,2016-06-23,177/025,177,landsat-7,4.0,50.272149999999996,36.883514489999996,4.0
landsat,2016-06-21,171/029,171,landsat-8,4.79,44.593925,43.992558485,4.79
landsat,2016-06-21,171/028,171,landsat-8,2.32,46.015595000000005,44.51729875,2.32
landsat,2016-06-21,171/027,171,landsat-8,5.91,47.434565,45.068349045000005,5.91
landsat,2016-06-21,171/026,171,landsat-8,9.59,48.851045,45.642649365,9.59
landsat,2016-06-20,172/028,172,landsat-7,7.0,46.023285,42.9215235,7.0
landsat,2016-06-20,172/027,172,landsat-7,15.0,47.4416,43.466483795,15.0
landsat,2016-06-20,172/026,172,landsat-7,11.0,48.86104,44.03346408,11.0
landsat,2016-06-20,172/025,172,landsat-7,42.0,50.272009999999995,44.631769414999994,42.0
landsat,2016-06-19,173/029,173,landsat-8,1.63,44.595,40.949813405,1.63
landsat,2016-06-19,173/028,173,landsat-8,0.15,46.01621,41.467573665,0.15
landsat,2016-06-19,173/027,173,landsat-8,15.53,47.434205,42.010008940000006,15.53
landsat,2016-06-19,173/026,173,landsat-8,58.92,48.85134,42.50730445,58.92
landsat,2016-06-19,173/025,173,landsat-8,43.64,50.264855,43.09558981,43.64
landsat,2016-06-18,174/028,174,landsat-7,8.0,46.02207,39.873048415,8.0
landsat,2016-06-18,174/027,174,landsat-7,17.0,47.440555,40.43002869,18.0
landsat,2016-06-18,174/026,174,landsat-7,40.0,48.85874,40.991053969999996,40.0
landsat,2016-06-18,174/025,174,landsat-7,34.0,50.274465,41.590284295000004,34.0
landsat,2016-06-17,175/028,175,landsat-8,9.47,46.01616,38.341448760000006,14.24
landsat,2016-06-17,175/027,175,landsat-8,13.85,47.433205,38.88970405,16.13
landsat,2016-06-17,175/026,175,landsat-8,15.29,48.850395,39.465114365,15.29
landsat,2016-06-17,175/025,175,landsat-8,55.98,50.26573,40.071124714999996,55.98
landsat,2016-06-16,176/028,176,landsat-7,17.0,46.02275,36.744988515,37.0
landsat,2016-06-16,176/027,176,landsat-7,64.0,47.444424999999995,37.276398785,71.0
landsat,2016-06-16,176/026,176,landsat-7,59.0,48.856719999999996,37.845759085,59.0
landsat,2016-06-16,176/025,176,landsat-7,16.0,50.271395,38.453329435,16.0
landsat,2016-06-15,177/025,177,landsat-8,75.97,50.26596,36.91650981,75.97
landsat,2016-06-13,171/028,171,landsat-7,0.0,46.02249,44.490363470000005,0.0
landsat,2016-06-13,171/027,171,landsat-7,25.0,47.441505,45.03175873,25.0
landsat,2016-06-13,171/026,171,landsat-7,34.0,48.85941,45.61247904,34.0
landsat,2016-06-13,171/025,171,landsat-7,92.0,50.275369999999995,46.209059350000004,92.0
landsat,2016-06-12,172/029,172,landsat-8,14.78,44.59488,42.43479851,14.78
landsat,2016-06-12,172/028,172,landsat-8,8.32,46.015515,42.95176878,8.32
landsat,2016-06-12,172/027,172,landsat-8,37.28,47.434985,43.490659085,37.28
landsat,2016-06-12,172/026,172,landsat-8,50.95,48.850345000000004,44.063329415,50.95
landsat,2016-06-12,172/025,172,landsat-8,63.78,50.26529,44.66559977,63.78
landsat,2016-06-10,174/029,174,landsat-8,59.08,44.5948,39.37853845,66.91
landsat,2016-06-10,174/028,174,landsat-8,67.48,46.016239999999996,39.904003715,67.66
landsat,2016-06-10,174/027,174,landsat-8,50.79,47.434740000000005,40.454564000000005,51.31
landsat,2016-06-10,174/026,174,landsat-8,37.27,48.85133,41.024714305,37.27
landsat,2016-06-10,174/025,174,landsat-8,25.33,50.26583,41.616244644999995,25.33
landsat,2016-06-08,176/028,176,landsat-8,18.94,46.01617,36.76558879,37.26
landsat,2016-06-08,176/027,176,landsat-8,35.59,47.43387,37.30155909,40.47
landsat,2016-06-08,176/026,176,landsat-8,83.08,48.85013,37.873184415,83.08
landsat,2016-06-08,176/025,176,landsat-8,94.01,50.264700000000005,38.47831477,94.01
landsat,2016-06-05,171/029,171,landsat-8,75.47,44.593835,43.981008485000004,75.47
landsat,2016-06-05,171/028,171,landsat-8,86.14,46.01557,44.50939375,86.14
landsat,2016-06-05,171/027,171,landsat-8,92.83,47.43459,45.058199045,92.83
landsat,2016-06-05,171/026,171,landsat-8,42.15,48.85109,45.634294365,42.15
landsat,2016-06-05,171/025,171,landsat-8,11.58,50.26562,46.236814705,11.58
landsat,2016-06-03,173/029,173,landsat-8,65.51,44.593895,40.934693409999994,65.51
landsat,2016-06-03,173/028,173,landsat-8,20.53,46.015100000000004,41.45585366,20.53
landsat,2016-06-03,173/027,173,landsat-8,4.91,47.43458,41.996068935,4.91
landsat,2016-06-03,173/026,173,landsat-8,18.8,48.851085,42.495044445,18.8
landsat,2016-06-03,173/025,173,landsat-8,38.29,50.26601,43.082859815000006,38.29
landsat,2016-06-01,175/028,175,landsat-8,76.09,46.016059999999996,38.32168876,88.5
landsat,2016-06-01,175/027,175,landsat-8,60.14,47.43317,38.871434050000005,68.01
landsat,2016-06-01,175/026,175,landsat-8,92.78,48.85043,39.446309365000005,92.78
landsat,2016-06-01,175/025,175,landsat-8,100.0,50.26456,40.04960972,100.0
landsat,2016-05-30,177/025,177,landsat-8,84.25,50.26426,36.897544815,84.25
landsat,2016-05-28,171/028,171,landsat-7,84.0,46.023825,44.48644846,84.0
landsat,2016-05-28,171/027,171,landsat-7,30.0,47.441535,45.04189874,30.0
landsat,2016-05-28,171/026,171,landsat-7,7.0,48.86074,45.610359025,7.0
landsat,2016-05-28,171/025,171,landsat-7,24.0,50.27132,46.208919345,24.0
landsat,2016-05-27,172/029,172,landsat-8,77.05,44.595905,42.419598515000004,77.05
landsat,2016-05-27,172/028,172,landsat-8,95.13,46.016595,42.93618379,95.13
landsat,2016-05-27,172/027,172,landsat-8,76.83,47.434785000000005,43.474419085,76.83
landsat,2016-05-27,172/026,172,landsat-8,24.25,48.85022,44.046619415,24.25
landsat,2016-05-27,172/025,172,landsat-8,38.18,50.263935000000004,44.650554760000006,38.18
landsat,2016-05-26,173/028,173,landsat-7,87.0,46.02114,41.43551836,87.0
landsat,2016-05-26,173/027,173,landsat-7,68.0,47.44176,41.98335362500001,68.0
landsat,2016-05-26,173/026,173,landsat-7,68.0,48.86016,42.473274135,68.0
landsat,2016-05-26,173/025,173,landsat-7,92.0,50.273920000000004,43.06883449,92.0
landsat,2016-05-25,174/029,174,landsat-8,23.1,44.593485,39.363138455,24.58
landsat,2016-05-25,174/028,174,landsat-8,8.49,46.01497,39.892148719999994,8.52
landsat,2016-05-25,174/027,174,landsat-8,20.99,47.43488,40.442393995,21.28
landsat,2016-05-25,174/026,174,landsat-8,17.68,48.851535,41.012454305,17.68
landsat,2016-05-25,174/025,174,landsat-8,53.34,50.266104999999996,41.603629645,53.34
landsat,2016-05-24,175/028,175,landsat-7,45.0,46.02297,38.312798475,60.0
landsat,2016-05-24,175/027,175,landsat-7,49.0,47.44282,38.853383735,56.0
landsat,2016-05-24,175/026,175,landsat-7,43.0,48.857389999999995,39.42681403,43.0
landsat,2016-05-24,175/025,175,landsat-7,74.0,50.27142,40.037184374999995,74.0
landsat,2016-05-23,176/028,176,landsat-8,53.32,46.0173,36.75387379,82.2
landsat,2016-05-23,176/027,176,landsat-8,35.57,47.4337,37.29157909,36.9
landsat,2016-05-23,176/026,176,landsat-8,39.61,48.85006,37.864829415,39.61
landsat,2016-05-23,176/025,176,landsat-8,71.06,50.26465,38.465399770000005,71.06
landsat,2016-05-22,177/025,177,landsat-7,29.0,50.27079,36.881674475,29.0
landsat,2016-05-20,171/029,171,landsat-8,65.82,44.593775,43.973303485,65.82
landsat,2016-05-20,171/028,171,landsat-8,9.96,46.01554,44.501493755,9.96
landsat,2016-05-20,171/027,171,landsat-8,12.25,47.43459,45.050079045,12.25
landsat,2016-05-20,171/026,171,landsat-8,11.49,48.85113,45.625939365,11.49
landsat,2016-05-20,171/025,171,landsat-8,14.04,50.265655,46.230359705,14.04
landsat,2016-05-19,172/028,172,landsat-7,100.0,46.02221,42.93694351,100.0
landsat,2016-05-19,172/027,172,landsat-7,100.0,47.442994999999996,43.470618779999995,100.0
landsat,2016-05-19,172/026,172,landsat-7,100.0,48.85847,44.0500941,100.0
landsat,2016-05-19,172/025,172,landsat-7,60.0,50.2707,44.64893943,60.0
landsat,2016-05-18,173/029,173,landsat-8,57.06,44.593965,40.929053409999995,57.06
landsat,2016-05-18,173/028,173,landsat-8,19.7,46.01526,41.448113665,19.7
landsat,2016-05-18,173/027,173,landsat-8,20.02,47.43471,41.99013894,20.02
landsat,2016-05-18,173/026,173,landsat-8,51.28,48.85091,42.486874445,51.28
landsat,2016-05-18,173/025,173,landsat-8,90.91,50.265874999999994,43.074444815,90.91
landsat,2016-05-17,174/028,174,landsat-7,54.0,46.02335,39.88685341,54.0
landsat,2016-05-17,174/027,174,landsat-7,44.0,47.443115,40.444293689999995,44.0
landsat,2016-05-17,174/026,174,landsat-7,70.0,48.855715000000004,41.009468975,70.0
landsat,2016-05-17,174/025,174,landsat-7,94.0,50.273005,41.59631928,94.0
landsat,2016-05-16,175/028,175,landsat-8,73.85,46.016040000000004,38.31773876,81.35
landsat,2016-05-16,175/027,175,landsat-8,25.62,47.433170000000004,38.867374049999995,26.3
landsat,2016-05-16,175/026,175,landsat-8,70.56,48.850445,39.442134365,70.56
landsat,2016-05-16,175/025,175,landsat-8,99.94,50.26459,40.045304720000004,99.94
landsat,2016-05-15,176/028,176,landsat-7,72.0,46.024325000000005,36.75650852,40.0
landsat,2016-05-15,176/027,176,landsat-7,69.0,47.43926,37.2903588,77.0
landsat,2016-05-15,176/026,176,landsat-7,69.0,48.858195,37.85618408,69.0
landsat,2016-05-15,176/025,176,landsat-7,91.0,50.27147,38.464074435,91.0
landsat,2016-05-14,177/025,177,landsat-8,96.52,50.265600000000006,36.895474809999996,96.52
landsat,2016-05-12,171/026,171,landsat-7,95.0,48.86076,45.612444025,95.0
landsat,2016-05-12,171/025,171,landsat-7,99.0,50.26993,46.21321435,99.0
landsat,2016-05-11,172/029,172,landsat-8,99.06,44.59574,42.412043515,99.06
landsat,2016-05-11,172/028,172,landsat-8,81.66,46.016465,42.92843879,81.66
landsat,2016-05-11,172/027,172,landsat-8,14.71,47.43474,43.468329085,14.71
landsat,2016-05-11,172/026,172,landsat-8,16.15,48.85019,44.042439415000004,16.15
landsat,2016-05-11,172/025,172,landsat-8,18.21,50.26389,44.64409476,18.21
landsat,2016-05-10,173/028,173,landsat-7,16.0,46.022345,41.441538375,16.0
landsat,2016-05-10,173/027,173,landsat-7,10.0,47.4433,41.975348615,10.0
landsat,2016-05-10,173/026,173,landsat-7,13.0,48.85611,42.473529125,13.0
landsat,2016-05-10,173/025,173,landsat-7,35.0,50.271164999999996,43.066804489999996,35.0
landsat,2016-05-09,174/029,174,landsat-8,25.89,44.59353,39.347738455,25.36
landsat,2016-05-09,174/028,174,landsat-8,47.14,46.01508,39.876348719999996,46.96
landsat,2016-05-09,174/027,174,landsat-8,76.04,47.435069999999996,40.426164,75.73
landsat,2016-05-09,174/026,174,landsat-8,47.01,48.851805,40.99610431,47.01
landsat,2016-05-09,174/025,174,landsat-8,22.38,50.26639,41.588949645,22.38
landsat,2016-05-08,175/028,175,landsat-7,53.0,46.02029,38.310853475,72.0
landsat,2016-05-08,175/027,175,landsat-7,88.0,47.440095,38.851363735,90.0
landsat,2016-05-08,175/026,175,landsat-7,64.0,48.855995,39.433099045000006,64.0
landsat,2016-05-08,175/025,175,landsat-7,19.0,50.27288,40.02638436,19.0
landsat,2016-05-07,176/028,176,landsat-8,27.6,46.016845,36.72873379000001,43.07
landsat,2016-05-07,176/027,176,landsat-8,89.5,47.43606,37.26762409,92.99
landsat,2016-05-07,176/026,176,landsat-8,85.08,48.849835,37.839759415,85.08
landsat,2016-05-07,176/025,176,landsat-8,61.03,50.265895,38.439534775,61.03
landsat,2016-05-04,171/029,171,landsat-8,61.02,44.594800000000006,43.93475849,61.02
landsat,2016-05-04,171/028,171,landsat-8,35.97,46.015384999999995,44.461983755,35.97
landsat,2016-05-04,171/027,171,landsat-8,24.98,47.434555,45.011509045,24.98
landsat,2016-05-04,171/026,171,landsat-8,29.91,48.85128,45.586254365,29.91
landsat,2016-05-04,171/025,171,landsat-8,63.64,50.26467,46.191624715,63.64
landsat,2016-05-03,172/028,172,landsat-7,2.0,46.022014999999996,42.92722851,2.0
landsat,2016-05-03,172/027,172,landsat-7,64.0,47.441545000000005,43.462598775000004,64.0
landsat,2016-05-03,172/026,172,landsat-7,73.0,48.858405,44.041749100000004,73.0
landsat,2016-05-03,172/025,172,landsat-7,65.0,50.267979999999994,44.64036443,65.0
landsat,2016-05-02,173/029,173,landsat-8,30.57,44.595275,40.847793409999994,30.57
landsat,2016-05-02,173/028,173,landsat-8,32.74,46.01557,41.36677367,32.74
landsat,2016-05-02,173/027,173,landsat-8,16.89,47.434169999999995,41.904523940000004,16.89
landsat,2016-05-02,173/026,173,landsat-8,32.74,48.851775,42.40093445,32.74
landsat,2016-05-02,173/025,173,landsat-8,72.34,50.26446,42.98609481,72.34
landsat,2016-05-01,174/028,174,landsat-7,63.0,46.021975,39.882953425,63.0
landsat,2016-05-01,174/027,174,landsat-7,86.0,47.4433,40.42597868,86.0
landsat,2016-05-01,174/026,174,landsat-7,99.0,48.855975,40.99503397,99.0
landsat,2016-05-01,174/025,174,landsat-7,78.0,50.27041,41.592174299999996,78.0
landsat,2016-04-30,175/028,175,landsat-8,12.54,46.015605,38.244648755,16.43
landsat,2016-04-30,175/027,175,landsat-8,43.18,47.433125000000004,38.792264044999996,48.97
landsat,2016-04-30,175/026,175,landsat-8,92.84,48.85069,39.36484937,92.84
landsat,2016-04-30,175/025,175,landsat-8,98.42,50.265190000000004,39.96782972,98.42
landsat,2016-04-29,176/028,176,landsat-7,7.0,46.02276,36.746893515,8.0
landsat,2016-04-29,176/027,176,landsat-7,19.0,47.44448,37.27842378,22.0
landsat,2016-04-29,176/026,176,landsat-7,56.0,48.85677,37.847839085000004,56.0
landsat,2016-04-29,176/025,176,landsat-7,95.0,50.270065,38.457624440000004,95.0
landsat,2016-04-28,177/025,177,landsat-8,88.0,50.26578,36.830109815,88.0
landsat,2016-04-26,171/028,171,landsat-7,6.0,46.023825,44.48644846,6.0
landsat,2016-04-26,171/026,171,landsat-7,98.0,48.856674999999996,45.614529039999994,98.0
landsat,2016-04-26,171/025,171,landsat-7,86.0,50.27267,46.208989349999996,86.0
landsat,2016-04-25,172/029,172,landsat-8,58.69,44.595135,42.383753515,58.69
landsat,2016-04-25,172/028,172,landsat-8,37.49,46.01592,42.89744879,37.49
landsat,2016-04-25,172/027,172,landsat-8,61.5,47.43428,43.433824085,61.5
landsat,2016-04-25,172/026,172,landsat-8,45.0,48.851254999999995,44.004839405,45.0
landsat,2016-04-25,172/025,172,landsat-8,83.24,50.26379,44.60534976,83.24
landsat,2016-04-24,173/028,173,landsat-7,13.0,46.023849999999996,41.43372836,13.0
landsat,2016-04-24,173/027,173,landsat-7,45.0,47.440685,41.973173615,45.0
landsat,2016-04-24,173/026,173,landsat-7,90.0,48.856205,42.477514135,90.0
landsat,2016-04-24,173/025,173,landsat-7,26.0,50.271025,43.056539465,26.0
landsat,2016-04-23,174/029,174,landsat-8,1.91,44.594915,39.332343449999996,2.06
landsat,2016-04-23,174/028,174,landsat-8,0.07,46.01657,39.856603715,0.07
landsat,2016-04-23,174/027,174,landsat-8,26.21,47.4353,40.405874,26.64
landsat,2016-04-23,174/026,174,landsat-8,51.42,48.850855,40.97356931,51.42
landsat,2016-04-23,174/025,174,landsat-8,49.5,50.26558,41.563594640000005,49.5
landsat,2016-04-22,175/028,175,landsat-7,38.0,46.02297,38.312798475,55.0
landsat,2016-04-22,175/027,175,landsat-7,75.0,47.442795000000004,38.855413735,82.0
landsat,2016-04-22,175/026,175,landsat-7,91.0,48.857389999999995,39.42681403,91.0
landsat,2016-04-22,175/025,175,landsat-7,87.0,50.270070000000004,40.03712437,87.0
landsat,2016-04-21,176/028,176,landsat-8,35.46,46.01535,36.721083785000005,63.14
landsat,2016-04-21,176/027,176,landsat-8,61.28,47.434595,37.257809085,64.97
landsat,2016-04-21,176/026,176,landsat-8,87.67,48.851074999999994,37.825134410000004,87.67
landsat,2016-04-21,176/025,176,landsat-8,94.12,50.264495,38.42664977,94.12
landsat,2016-04-20,177/025,177,landsat-7,75.0,50.269595,36.889989490000005,75.0
landsat,2016-04-18,171/029,171,landsat-8,0.71,44.593515,43.942513485,0.71
landsat,2016-04-18,171/028,171,landsat-8,2.51,46.015435,44.467913755,2.51
landsat,2016-04-18,171/027,171,landsat-8,14.02,47.433234999999996,45.013534039999996,14.02
landsat,2016-04-18,171/026,171,landsat-8,0.75,48.851295,45.588344365,0.75
landsat,2016-04-18,171/025,171,landsat-8,0.1,50.26472,46.189474715,0.1
landsat,2016-04-17,172/028,172,landsat-7,1.0,46.022149999999996,42.93497351,1.0
landsat,2016-04-17,172/027,172,landsat-7,0.0,47.442944999999995,43.46656378,0.0
landsat,2016-04-17,172/026,172,landsat-7,22.0,48.858425,44.0480091,22.0
landsat,2016-04-17,172/025,172,landsat-7,91.0,50.27476,44.64248941,91.0
landsat,2016-04-16,173/029,173,landsat-8,68.82,44.5945,40.898768415000006,68.82
landsat,2016-04-16,173/028,173,landsat-8,99.25,46.0159,41.417133660000005,99.25
landsat,2016-04-16,173/027,173,landsat-8,98.43,47.435585,41.95633394,98.43
landsat,2016-04-16,173/026,173,landsat-8,98.21,48.851479999999995,42.45008444,98.21
landsat,2016-04-16,173/025,173,landsat-8,83.19,50.265275,43.03657981,83.19
landsat,2016-04-15,174/028,174,landsat-7,77.0,46.02196,39.888868425,77.0
landsat,2016-04-15,174/027,174,landsat-7,53.0,47.441855000000004,40.434003675,53.0
landsat,2016-04-15,174/026,174,landsat-7,33.0,48.855909999999994,40.999123964999995,33.0
landsat,2016-04-15,174/025,174,landsat-7,74.0,50.270224999999996,41.600479295,74.0
landsat,2016-04-14,175/028,175,landsat-8,82.56,46.01587,38.286133754999994,88.2
landsat,2016-04-14,175/027,175,landsat-8,94.07,47.433170000000004,38.83286405,93.06
landsat,2016-04-14,175/026,175,landsat-8,60.79,48.85058,39.40662437,60.79
landsat,2016-04-14,175/025,175,landsat-8,77.43,50.264894999999996,40.006564714999996,77.43
landsat,2016-04-13,176/028,176,landsat-7,70.0,46.022975,36.756608514999996,72.0
landsat,2016-04-13,176/027,176,landsat-7,46.0,47.43791,37.292398795,37.0
landsat,2016-04-13,176/026,176,landsat-7,33.0,48.85685,37.856184084999995,33.0
landsat,2016-04-13,176/025,176,landsat-7,43.0,50.2701,38.466224440000005,43.0
landsat,2016-04-12,177/025,177,landsat-8,22.42,50.26629,36.85749982,22.42
landsat,2016-04-10,171/028,171,landsat-7,0.0,46.021145000000004,44.500283455,0.0
landsat,2016-04-10,171/027,171,landsat-7,0.0,47.440155000000004,45.056083745,0.0
landsat,2016-04-10,171/026,171,landsat-7,0.0,48.86068,45.622869025,0.0
landsat,2016-04-10,171/025,171,landsat-7,0.0,50.271195,46.221804344999995,0.0
landsat,2016-04-09,172/029,172,landsat-8,21.53,44.595325,42.393163515,21.53
landsat,2016-04-09,172/028,172,landsat-8,0.06,46.01612,42.909068790000006,0.06
landsat,2016-04-09,172/027,172,landsat-8,0.05,47.434435,43.443974085,0.05
landsat,2016-04-09,172/026,172,landsat-8,6.87,48.85136,44.015284405,6.87
landsat,2016-04-09,172/025,172,landsat-8,19.45,50.263845,44.61610976,19.45
landsat,2016-04-08,173/028,173,landsat-7,0.0,46.020835000000005,41.449098355000004,0.0
landsat,2016-04-08,173/027,173,landsat-7,2.0,47.441455000000005,41.995268625,2.0
landsat,2016-04-08,173/026,173,landsat-7,57.0,48.85915,42.48973413,57.0
landsat,2016-04-08,173/025,173,landsat-7,83.0,50.269945,43.07336947,83.0
landsat,2016-04-07,174/029,174,landsat-8,1.43,44.594895,39.340043449999996,1.7
landsat,2016-04-07,174/028,174,landsat-8,0.05,46.01649,39.868453715,0.05
landsat,2016-04-07,174/027,174,landsat-8,0.06,47.43521,40.416019,0.06
landsat,2016-04-07,174/026,174,landsat-8,15.96,48.852005,40.983844305,15.96
landsat,2016-04-07,174/025,174,landsat-8,76.63,50.266735,41.574194645,76.63
landsat,2016-04-06,175/028,175,landsat-7,59.0,46.020355,38.328608475,63.0
landsat,2016-04-06,175/027,175,landsat-7,72.0,47.440135,38.869608735,69.0
landsat,2016-04-06,175/026,175,landsat-7,15.0,48.857315,39.45189405,15.0
landsat,2016-04-06,175/025,175,landsat-7,0.0,50.268635,40.052164375000004,0.0
landsat,2016-04-05,176/028,176,landsat-8,0.06,46.016925,36.73260379,0.19
landsat,2016-04-05,176/027,176,landsat-8,0.14,47.434765,37.269739085,0.17
landsat,2016-04-05,176/026,176,landsat-8,0.09,48.85119,37.837669410000004,0.09
landsat,2016-04-05,176/025,176,landsat-8,0.44,50.26455,38.43956977,0.44
landsat,2016-04-04,177/025,177,landsat-7,30.0,50.27378,36.898384475,30.0
landsat,2016-04-02,171/029,171,landsat-8,97.27,44.593644999999995,43.957913485,97.27
landsat,2016-04-02,171/028,171,landsat-8,94.02,46.015465,44.481738755,94.02
landsat,2016-04-02,171/027,171,landsat-8,99.98,47.43324,45.02977404,99.98
landsat,2016-04-02,171/026,171,landsat-8,100.0,48.849875,45.60501936,100.0
landsat,2016-04-02,171/025,171,landsat-8,100.0,50.265905000000004,46.20668971,100.0
landsat,2016-04-01,172/028,172,landsat-7,20.0,46.023555,42.93701849999999,20.0
landsat,2016-04-01,172/027,172,landsat-7,50.0,47.441795,43.48472879,50.0
landsat,2016-04-01,172/026,172,landsat-7,100.0,48.85579,44.056409099999996,100.0
landsat,2016-04-01,172/025,172,landsat-7,100.0,50.272085000000004,44.651109415,100.0
landsat,2016-03-31,173/029,173,landsat-8,42.99,44.594205,40.915803415,42.99
landsat,2016-03-31,173/028,173,landsat-8,39.43,46.01558,41.432623664999994,39.43
landsat,2016-03-31,173/027,173,landsat-8,44.53,47.435185000000004,41.97222394,44.53
landsat,2016-03-31,173/026,173,landsat-8,54.19,48.85183,42.466429445,54.19
landsat,2016-03-31,173/025,173,landsat-8,49.82,50.265545,43.053409810000005,49.82
landsat,2016-03-30,174/028,174,landsat-7,96.0,46.021905000000004,39.896753425,96.0
landsat,2016-03-30,174/027,174,landsat-7,88.0,47.43902,40.444208695,89.0
landsat,2016-03-30,174/026,174,landsat-7,74.0,48.85847,41.007403964999995,74.0
landsat,2016-03-30,174/025,174,landsat-7,15.0,50.271405,41.6069543,15.0
landsat,2016-03-29,175/028,175,landsat-8,22.71,46.01593,38.297988755,29.55
landsat,2016-03-29,175/027,175,landsat-8,12.8,47.433175,38.84504405,13.93
landsat,2016-03-29,175/026,175,landsat-8,42.81,48.850545,39.41915937,42.81
landsat,2016-03-29,175/025,175,landsat-8,82.85,50.2648,40.01947472,82.85
landsat,2016-03-28,176/028,176,landsat-7,84.0,46.020275,36.75672351,85.0
landsat,2016-03-28,176/027,176,landsat-7,100.0,47.4392,37.28851378,100.0
landsat,2016-03-28,176/026,176,landsat-7,100.0,48.85561,37.868634105,100.0
landsat,2016-03-28,176/025,176,landsat-7,90.0,50.272814999999994,38.46409942,90.0
landsat,2016-03-27,177/025,177,landsat-8,100.0,50.26509,36.866024815,100.0
landsat,2016-03-25,171/028,171,landsat-7,92.0,46.023830000000004,44.49631346,92.0
landsat,2016-03-25,171/027,171,landsat-7,88.0,47.441509999999994,45.05202874,88.0
landsat,2016-03-25,171/026,171,landsat-7,74.0,48.853915,45.62700404,74.0
landsat,2016-03-25,171/025,171,landsat-7,96.0,50.271195,46.221804344999995,96.0
landsat,2016-03-24,172/029,172,landsat-8,97.42,44.595405,42.39693852,97.42
landsat,2016-03-24,172/028,172,landsat-8,100.0,46.01619,42.91294379,100.0
landsat,2016-03-24,172/027,172,landsat-8,98.62,47.434485,43.448029085,98.62
landsat,2016-03-24,172/026,172,landsat-8,97.51,48.850044999999994,44.019459409999996,97.51
landsat,2016-03-24,172/025,172,landsat-8,99.94,50.263835,44.622569760000005,99.94
landsat,2016-03-23,173/028,173,landsat-7,93.0,46.020995,41.44135336,93.0
landsat,2016-03-23,173/027,173,landsat-7,100.0,47.438885,41.989188625,100.0
landsat,2016-03-23,173/026,173,landsat-7,100.0,48.85763,42.48168412,100.0
landsat,2016-03-23,173/025,173,landsat-7,100.0,50.271295,43.075219489999995,100.0
landsat,2016-03-22,174/029,174,landsat-8,45.94,44.594915,39.341968449999996,38.83
landsat,2016-03-22,174/028,174,landsat-8,30.21,46.01379,39.868408715,30.0
landsat,2016-03-22,174/027,174,landsat-8,83.41,47.43516,40.418043999999995,83.19
landsat,2016-03-22,174/026,174,landsat-8,87.52,48.852005,40.983844305,87.52
landsat,2016-03-22,174/025,174,landsat-8,93.83,50.266735,41.574194645,93.83
landsat,2016-03-21,175/028,175,landsat-7,85.0,46.020315,38.320718475,84.0
landsat,2016-03-21,175/027,175,landsat-7,100.0,47.440129999999996,38.861498735,100.0
landsat,2016-03-21,175/026,175,landsat-7,76.0,48.85597,39.441439044999996,76.0
landsat,2016-03-21,175/025,175,landsat-7,18.0,50.26869000000001,40.041424375,18.0
landsat,2016-03-20,176/028,176,landsat-8,24.2,46.015495,36.728833785000006,47.46
landsat,2016-03-20,176/027,176,landsat-8,50.74,47.434709999999995,37.265764085,59.43
landsat,2016-03-20,176/026,176,landsat-8,83.57,48.851145,37.83558441,83.57
landsat,2016-03-20,176/025,176,landsat-8,76.43,50.26452999999999,38.43525977,76.43
landsat,2016-03-19,177/025,177,landsat-7,26.0,50.269665,36.89419949,26.0
landsat,2016-03-17,171/029,171,landsat-8,99.99,44.59358,43.950208485000005,99.99
landsat,2016-03-17,171/028,171,landsat-8,100.0,46.015429999999995,44.473833755,100.0
landsat,2016-03-17,171/027,171,landsat-8,89.49,47.434585,45.021659045,89.49
landsat,2016-03-17,171/026,171,landsat-8,56.1,48.851259999999996,45.596699365,56.1
landsat,2016-03-17,171/025,171,landsat-8,65.12,50.26599,46.19807971,65.12
landsat,2016-03-16,172/028,172,landsat-7,46.0,46.02221,42.93694351,46.0
landsat,2016-03-16,172/027,172,landsat-7,2.0,47.442994999999996,43.470618779999995,2.0
landsat,2016-03-16,172/026,172,landsat-7,3.0,48.858425,44.0480091,3.0
landsat,2016-03-16,172/025,172,landsat-7,4.0,50.268005,44.64895943,4.0
landsat,2016-03-15,173/029,173,landsat-8,96.5,44.59438,40.904463414999995,96.5
landsat,2016-03-15,173/028,173,landsat-8,90.76,46.015815,41.421003665,90.76
landsat,2016-03-15,173/027,173,landsat-8,77.54,47.435485,41.96030394,77.54
landsat,2016-03-15,173/026,173,landsat-8,75.29,48.85164,42.456249445,75.29
landsat,2016-03-15,173/025,173,landsat-8,74.94,50.265344999999996,43.04078481,74.94
landsat,2016-03-14,174/028,174,landsat-7,91.0,46.02061,39.88886843,91.0
landsat,2016-03-14,174/027,174,landsat-7,100.0,47.441855000000004,40.434003675,100.0
landsat,2016-03-14,174/026,174,landsat-7,100.0,48.85841,41.00957898,100.0
landsat,2016-03-14,174/025,174,landsat-7,93.0,50.268895,41.598394299999995,93.0
landsat,2016-03-13,175/028,175,landsat-8,76.92,46.01589,38.290083755,91.74
landsat,2016-03-13,175/027,175,landsat-8,79.54,47.433175,38.83692405,81.25
landsat,2016-03-13,175/026,175,landsat-8,96.93,48.850565,39.410804369999994,96.93
landsat,2016-03-13,175/025,175,landsat-8,100.0,50.266215,40.010869709999994,100.0
landsat,2016-03-12,176/028,176,landsat-7,100.0,46.022909999999996,36.754638514999996,100.0
landsat,2016-03-12,176/027,176,landsat-7,98.0,47.44184,37.284443780000004,98.0
landsat,2016-03-12,176/026,176,landsat-7,94.0,48.8555,37.85624908,94.0
landsat,2016-03-12,176/025,176,landsat-7,98.0,50.26877,38.464099435,98.0
landsat,2016-03-11,177/025,177,landsat-8,11.54,50.265015000000005,36.861819815000004,11.54
landsat,2016-03-09,171/028,171,landsat-7,99.0,46.02113,44.496333455,99.0
landsat,2016-03-09,171/027,171,landsat-7,100.0,47.44016,45.052028745,100.0
landsat,2016-03-09,171/026,171,landsat-7,100.0,48.853955,45.624919039999995,100.0
landsat,2016-03-09,171/025,171,landsat-7,100.0,50.269850000000005,46.22180435,100.0
landsat,2016-03-08,172/029,172,landsat-8,56.81,44.595405,42.39693852,56.81
landsat,2016-03-08,172/028,172,landsat-8,8.93,46.01612,42.909068790000006,8.93
landsat,2016-03-08,172/027,172,landsat-8,0.44,47.434435,43.446004085,0.44
landsat,2016-03-08,172/026,172,landsat-8,42.12,48.851395,44.019459405,42.12
landsat,2016-03-08,172/025,172,landsat-8,49.63,50.26386,44.62041476,49.63
landsat,2016-03-07,173/028,173,landsat-7,67.0,46.020915,41.44522836,67.0
landsat,2016-03-07,173/027,173,landsat-7,34.0,47.43886,41.991143625,34.0
landsat,2016-03-07,173/026,173,landsat-7,99.0,48.856375,42.485789125,99.0
landsat,2016-03-07,173/025,173,landsat-7,100.0,50.27001,43.079529484999995,100.0
landsat,2016-03-06,174/029,174,landsat-8,79.44,44.593535,39.343888455,90.08
landsat,2016-03-06,174/028,174,landsat-8,98.22,46.01649,39.868453715,98.21
landsat,2016-03-06,174/027,174,landsat-8,99.99,47.43516,40.418043999999995,99.99
landsat,2016-03-06,174/026,174,landsat-8,100.0,48.852,40.985849305,100.0
landsat,2016-03-06,174/025,174,landsat-8,90.08,50.26666,41.576339649999994,90.08
landsat,2016-03-05,175/028,175,landsat-7,100.0,46.017635,38.324698475,100.0
landsat,2016-03-05,175/027,175,landsat-7,100.0,47.437435,38.865558735,100.0
landsat,2016-03-05,175/026,175,landsat-7,73.0,48.85326,39.445584045000004,73.0
landsat,2016-03-05,175/025,175,landsat-7,40.0,50.270084999999995,40.039214355,40.0
landsat,2016-03-04,176/028,176,landsat-8,46.78,46.016925,36.73260379,55.61
landsat,2016-03-04,176/027,176,landsat-8,96.73,47.434765,37.269739085,97.46
landsat,2016-03-04,176/026,176,landsat-8,99.92,48.85118,37.83975941,99.92
landsat,2016-03-04,176/025,176,landsat-8,100.0,50.26455,38.43956977,100.0
landsat,2016-03-03,177/025,177,landsat-7,100.0,50.27116,36.902604485,100.0
landsat,2016-03-01,171/029,171,landsat-8,95.54,44.593644999999995,43.957913485,95.54
landsat,2016-03-01,171/028,171,landsat-8,100.0,46.015465,44.481738755,100.0
landsat,2016-03-01,171/027,171,landsat-8,100.0,47.43459,45.029779045,100.0
landsat,2016-03-01,171/026,171,landsat-8,100.0,48.849875,45.60501936,100.0
landsat,2016-03-01,171/025,171,landsat-8,100.0,50.265905000000004,46.20668971,100.0
landsat,2016-02-29,172/028,172,landsat-7,85.0,46.02362,42.9408935,85.0
landsat,2016-02-29,172/027,172,landsat-7,100.0,47.440495,43.486833785,100.0
landsat,2016-02-29,172/026,172,landsat-7,100.0,48.853134999999995,44.0585441,100.0
landsat,2016-02-29,172/025,172,landsat-7,100.0,50.26939,44.651134415,100.0
landsat,2016-02-28,173/029,173,landsat-8,96.72,44.59555,40.91581341,96.72
landsat,2016-02-28,173/028,173,landsat-8,99.99,46.01558,41.432623664999994,99.99
landsat,2016-02-28,173/027,173,landsat-8,100.0,47.435185000000004,41.97222394,100.0
landsat,2016-02-28,173/026,173,landsat-8,100.0,48.85183,42.466429445,100.0
landsat,2016-02-28,173/025,173,landsat-8,100.0,50.265545,43.053409810000005,100.0
landsat,2016-02-27,174/028,174,landsat-7,37.0,46.021905000000004,39.896708415000006,37.0
landsat,2016-02-27,174/027,174,landsat-7,71.0,47.440325,40.45231869,72.0
landsat,2016-02-27,174/026,174,landsat-7,96.0,48.85416,41.021723980000004,96.0
landsat,2016-02-27,174/025,174,landsat-7,91.0,50.270129999999995,41.604579275,91.0
landsat,2016-02-26,175/028,175,landsat-8,15.6,46.015945,38.303913754999996,21.49
landsat,2016-02-26,175/027,175,landsat-8,6.26,47.433184999999995,38.853164050000004,4.86
landsat,2016-02-26,175/026,175,landsat-8,17.81,48.850494999999995,39.42542437,17.81
landsat,2016-02-26,175/025,175,landsat-8,45.49,50.26608,40.02808471,45.49
landsat,2016-02-25,176/028,176,landsat-7,99.0,46.017804999999996,36.770353515,100.0
landsat,2016-02-25,176/027,176,landsat-7,99.0,47.43942,37.30246878,99.0
landsat,2016-02-25,176/026,176,landsat-7,100.0,48.85572,37.881149105,100.0
landsat,2016-02-25,176/025,176,landsat-7,100.0,50.27017,38.47702942,100.0
landsat,2016-02-24,177/025,177,landsat-8,99.99,50.26532,36.88070981,99.99
landsat,2016-02-22,171/028,171,landsat-7,100.0,46.021195000000006,44.512118455,100.0
landsat,2016-02-22,171/027,171,landsat-7,100.0,47.43749,45.058103724999995,100.0
landsat,2016-02-22,171/026,171,landsat-7,100.0,48.85386,45.639519039999996,100.0
landsat,2016-02-22,171/025,171,landsat-7,100.0,50.271074999999996,46.234694345,100.0
landsat,2016-02-21,172/029,172,landsat-8,40.11,44.595905,42.419598515000004,40.11
landsat,2016-02-21,172/028,172,landsat-8,43.09,46.016525,42.93230879,43.09
landsat,2016-02-21,172/027,172,landsat-8,76.71,47.43474,43.468329085,76.71
landsat,2016-02-21,172/026,172,landsat-8,31.03,48.85154,44.04243941,31.03
landsat,2016-02-21,172/025,172,landsat-8,52.1,50.26389,44.64409476,52.1
landsat,2016-02-20,173/028,173,landsat-7,69.0,46.020754999999994,41.452968355,69.0
landsat,2016-02-20,173/027,173,landsat-7,78.0,47.441355,41.999243625,78.0
landsat,2016-02-20,173/026,173,landsat-7,100.0,48.85789,42.49393912,100.0
landsat,2016-02-20,173/025,173,landsat-7,95.0,50.26866,43.077684465000004,95.0
landsat,2016-02-19,174/029,174,landsat-8,7.99,44.59483,39.36699345,8.8
landsat,2016-02-19,174/028,174,landsat-8,67.37,46.01631999999999,39.892148715,67.27
landsat,2016-02-19,174/027,174,landsat-8,91.97,47.43488,40.442393995,91.86
landsat,2016-02-19,174/026,174,landsat-8,99.01,48.851600000000005,41.010369305,99.01
landsat,2016-02-19,174/025,174,landsat-8,84.36,50.266125,41.601564644999996,84.36
landsat,2016-02-18,175/028,175,landsat-7,0.0,46.021645,38.316808460000004,0.0
landsat,2016-02-18,175/027,175,landsat-7,0.0,47.437435,38.865558735,0.0
landsat,2016-02-18,175/026,175,landsat-7,2.0,48.854575,39.447694049999996,2.0
landsat,2016-02-18,175/025,175,landsat-7,47.0,50.27005,40.043509355,47.0
landsat,2016-02-17,176/028,176,landsat-8,42.46,46.015950000000004,36.753968785,55.21
landsat,2016-02-17,176/027,176,landsat-8,93.1,47.435050000000004,37.289629085,94.37
landsat,2016-02-17,176/026,176,landsat-8,84.96,48.85137,37.86064441,84.96
landsat,2016-02-17,176/025,176,landsat-8,20.14,50.26463,38.46108977,20.14
landsat,2016-02-16,177/025,177,landsat-7,78.0,50.270939999999996,36.890089474999996,78.0
landsat,2016-02-14,171/029,171,landsat-8,97.23,44.59375,43.967533485000004,97.23
landsat,2016-02-14,171/028,171,landsat-8,100.0,46.01551,44.493588755,100.0
landsat,2016-02-14,171/027,171,landsat-8,99.92,47.433245,45.04195404,99.92
landsat,2016-02-14,171/026,171,landsat-8,95.93,48.849835,45.613374359999995,95.93
landsat,2016-02-14,171/025,171,landsat-8,100.0,50.26578,46.21959971,100.0
landsat,2016-02-13,172/028,172,landsat-7,85.0,46.019375,42.92930351,85.0
landsat,2016-02-13,172/027,172,landsat-7,63.0,47.440195,43.46462378,63.0
landsat,2016-02-13,172/026,172,landsat-7,89.0,48.85709,44.045979095,89.0
landsat,2016-02-13,172/025,172,landsat-7,62.0,50.267995,44.64466443,62.0
landsat,2016-02-12,173/029,173,landsat-8,66.46,44.594139999999996,40.919578415000004,66.46
landsat,2016-02-12,173/028,173,landsat-8,64.51,46.015505,41.436498665,64.51
landsat,2016-02-12,173/027,173,landsat-8,79.96,47.435085,41.97619894,79.96
landsat,2016-02-12,173/026,173,landsat-8,99.97,48.852000000000004,42.474599444999996,99.97
landsat,2016-02-12,173/025,173,landsat-8,59.47,50.265609999999995,43.057614814999994,59.47
landsat,2016-02-11,174/028,174,landsat-7,36.0,46.019315,39.880933425,36.0
landsat,2016-02-11,174/027,174,landsat-7,99.0,47.439255,40.425828675,99.0
landsat,2016-02-11,174/026,174,landsat-7,64.0,48.855850000000004,41.00129398,64.0
landsat,2016-02-11,174/025,174,landsat-7,37.0,50.273185,41.58790928,37.0
landsat,2016-02-10,175/028,175,landsat-8,1.59,46.01598,38.305888755,1.08
landsat,2016-02-10,175/027,175,landsat-8,43.05,47.433184999999995,38.853164050000004,50.25
landsat,2016-02-10,175/026,175,landsat-8,71.45,48.85052,39.427509369999996,71.45
landsat,2016-02-10,175/025,175,landsat-8,30.2,50.26608,40.02808471,30.2
landsat,2016-02-09,176/028,176,landsat-7,58.0,46.021405,36.74500352,53.0
landsat,2016-02-09,176/027,176,landsat-7,88.0,47.437799999999996,37.282488795,93.0
landsat,2016-02-09,176/026,176,landsat-7,81.0,48.854075,37.847909085,81.0
landsat,2016-02-09,176/025,176,landsat-7,48.0,50.268715,38.457654435,48.0
landsat,2016-02-08,177/025,177,landsat-8,0.77,50.265245,36.876499815,0.77
landsat,2016-02-06,171/028,171,landsat-7,100.0,46.022459999999995,44.48249846,100.0
landsat,2016-02-06,171/027,171,landsat-7,100.0,47.437484999999995,45.029728725,100.0
landsat,2016-02-06,171/026,171,landsat-7,100.0,48.854015000000004,45.61240904,100.0
landsat,2016-02-06,171/025,171,landsat-7,100.0,50.27132,46.208919345,100.0
landsat,2016-02-05,172/029,172,landsat-8,92.25,44.595575,42.40449352,92.25
landsat,2016-02-05,172/028,172,landsat-8,74.53,46.016325,42.92068879,74.53
landsat,2016-02-05,172/027,172,landsat-8,99.98,47.434585,43.456149085,99.98
landsat,2016-02-05,172/026,172,landsat-8,100.0,48.850094999999996,44.02990441,100.0
landsat,2016-02-05,172/025,172,landsat-8,100.0,50.26386,44.631179759999995,100.0
landsat,2016-02-04,173/028,173,landsat-7,97.0,46.01981,41.433673375,97.0
landsat,2016-02-04,173/027,173,landsat-7,100.0,47.440785000000005,41.969203615,100.0
landsat,2016-02-04,173/026,173,landsat-7,100.0,48.857465000000005,42.473314145,100.0
landsat,2016-02-04,173/025,173,landsat-7,100.0,50.26705,43.06075448,100.0
landsat,2016-02-03,174/029,174,landsat-8,86.89,44.59488,39.34773845,84.61
landsat,2016-02-03,174/028,174,landsat-8,98.35,46.01643,39.876348715,98.35
landsat,2016-02-03,174/027,174,landsat-8,99.99,47.43512,40.424133999999995,99.99
landsat,2016-02-03,174/026,174,landsat-8,99.97,48.851875,40.99201431,99.97
landsat,2016-02-03,174/025,174,landsat-8,100.0,50.266555,41.58260465,100.0
landsat,2016-02-02,175/028,175,landsat-7,0.0,46.018815000000004,38.29317346,0.0
landsat,2016-02-02,175/027,175,landsat-7,30.0,47.437425000000005,38.849338745,35.0
landsat,2016-02-02,175/026,175,landsat-7,27.0,48.85607,39.418474035,27.0
landsat,2016-02-02,175/025,175,landsat-7,28.0,50.270134999999996,40.02853437,28.0
landsat,2016-02-01,176/028,176,landsat-8,100.0,46.015645,36.736578785000006,100.0
landsat,2016-02-01,176/027,176,landsat-8,100.0,47.434765,37.271689085,100.0
landsat,2016-02-01,176/026,176,landsat-8,100.0,48.85123,37.84184941,100.0
landsat,2016-02-01,176/025,176,landsat-8,99.97,50.264565,38.44386977,99.97
landsat,2016-01-31,177/025,177,landsat-7,94.0,50.26788,36.86917947,94.0
landsat,2016-01-29,171/029,171,landsat-8,99.99,44.593655,43.955983485000004,99.99
landsat,2016-01-29,171/028,171,landsat-8,100.0,46.015465,44.481738755,100.0
landsat,2016-01-29,171/027,171,landsat-8,99.97,47.43324,45.02977404,99.97
landsat,2016-01-29,171/026,171,landsat-8,99.92,48.85122,45.605054365,99.92
landsat,2016-01-29,171/025,171,landsat-8,29.11,50.265905000000004,46.20668971,29.11
landsat,2016-01-28,172/028,172,landsat-7,100.0,46.020525,42.917588515000006,100.0
landsat,2016-01-28,172/027,172,landsat-7,100.0,47.440045,43.450433775,100.0
landsat,2016-01-28,172/026,172,landsat-7,100.0,48.854205,44.02105408,100.0
landsat,2016-01-28,172/025,172,landsat-7,100.0,50.26796,44.63176943,100.0
landsat,2016-01-27,173/029,173,landsat-8,6.63,44.594260000000006,40.912023415,6.63
landsat,2016-01-27,173/028,173,landsat-8,26.57,46.01566,41.428753665,26.57
landsat,2016-01-27,173/027,173,landsat-8,86.1,47.43521,41.97027394,86.1
landsat,2016-01-27,173/026,173,landsat-8,99.97,48.85183,42.466429445,99.97
landsat,2016-01-27,173/025,173,landsat-8,99.91,50.265545,43.053409810000005,99.91
landsat,2016-01-26,174/028,174,landsat-7,2.0,46.018045,39.869058425,2.0
landsat,2016-01-26,174/027,174,landsat-7,0.0,47.439440000000005,40.411653675,0.0
landsat,2016-01-26,174/026,174,landsat-7,2.0,48.85349,40.980653965,2.0
landsat,2016-01-26,174/025,174,landsat-7,5.0,50.266635,41.579284295,5.0
landsat,2016-01-25,175/028,175,landsat-8,8.79,46.01593,38.297988755,5.52
landsat,2016-01-25,175/027,175,landsat-8,3.79,47.43318,38.84910405,4.41
landsat,2016-01-25,175/026,175,landsat-8,1.59,48.85053,39.42333937,1.59
landsat,2016-01-25,175/025,175,landsat-8,0.07,50.264765,40.02377972,0.07
landsat,2016-01-24,176/028,176,landsat-7,36.0,46.019845000000004,36.735388515,33.0
landsat,2016-01-24,176/027,176,landsat-7,21.0,47.441615,37.26657878,20.0
landsat,2016-01-24,176/026,176,landsat-7,26.0,48.85395,37.837479085,26.0
landsat,2016-01-24,176/025,176,landsat-7,3.0,50.268705,38.446909434999995,3.0
landsat,2016-01-23,177/025,177,landsat-8,7.49,50.265240000000006,36.874439815,7.49
landsat,2016-01-21,171/028,171,landsat-7,8.0,46.01976,44.482498469999996,8.0
landsat,2016-01-21,171/027,171,landsat-7,8.0,47.434755,45.031758745,8.0
landsat,2016-01-21,171/026,171,landsat-7,3.0,48.85407,45.59986403,3.0
landsat,2016-01-21,171/025,171,landsat-7,0.0,50.26863,46.208989365,0.0
landsat,2016-01-20,172/029,172,landsat-8,16.3,44.595655,42.408268515,16.3
landsat,2016-01-20,172/028,172,landsat-8,21.99,46.016325,42.92068879,21.99
landsat,2016-01-20,172/027,172,landsat-8,55.47,47.434585,43.458184085,55.47
landsat,2016-01-20,172/026,172,landsat-8,70.46,48.851485,44.031989409999994,70.46
landsat,2016-01-20,172/025,172,landsat-8,92.97,50.263895000000005,44.633329759999995,92.97
landsat,2016-01-19,173/028,173,landsat-7,76.0,46.02139,41.42199336,76.0
landsat,2016-01-19,173/027,173,landsat-7,96.0,47.439364999999995,41.97127863,96.0
landsat,2016-01-19,173/026,173,landsat-7,100.0,48.851985,42.46950414,100.0
landsat,2016-01-19,173/025,173,landsat-7,100.0,50.26961,43.052334470000005,100.0
landsat,2016-01-18,174/029,174,landsat-8,95.02,44.59487,39.35158845,94.38
landsat,2016-01-18,174/028,174,landsat-8,100.0,46.016405,39.880303715,100.0
landsat,2016-01-18,174/027,174,landsat-8,100.0,47.435069999999996,40.428194000000005,100.0
landsat,2016-01-18,174/026,174,landsat-8,100.0,48.851805,40.99610431,100.0
landsat,2016-01-18,174/025,174,landsat-8,100.0,50.266465,41.586809645,100.0
landsat,2016-01-17,175/028,175,landsat-7,100.0,46.021515,38.29313346,100.0
landsat,2016-01-17,175/027,175,landsat-7,100.0,47.438745,38.85135375,100.0
landsat,2016-01-17,175/026,175,landsat-7,100.0,48.851974999999996,39.424729049999996,100.0
landsat,2016-01-17,175/025,175,landsat-7,77.0,50.270219999999995,40.022029360000005,77.0
landsat,2016-01-16,176/028,176,landsat-8,96.75,46.015730000000005,36.742348785000004,92.4
landsat,2016-01-16,176/027,176,landsat-8,99.08,47.433530000000005,37.27769909,98.97
landsat,2016-01-16,176/026,176,landsat-8,100.0,48.84991,37.848114415,100.0
landsat,2016-01-16,176/025,176,landsat-8,100.0,50.26462,38.450329769999996,100.0
landsat,2016-01-15,177/025,177,landsat-7,77.0,50.269375,36.87736949000001,77.0
landsat,2016-01-13,171/029,171,landsat-8,100.0,44.59371,43.965608485000004,100.0
landsat,2016-01-13,171/028,171,landsat-8,100.0,46.01551,44.493588755,100.0
landsat,2016-01-13,171/027,171,landsat-8,100.0,47.43459,45.041959045,100.0
landsat,2016-01-13,171/026,171,landsat-8,100.0,48.849835,45.613374359999995,100.0
landsat,2016-01-13,171/025,171,landsat-8,100.0,50.26578,46.21959971,100.0
landsat,2016-01-12,172/028,172,landsat-7,51.0,46.017835000000005,42.919598515000004,51.0
landsat,2016-01-12,172/027,172,landsat-7,79.0,47.4374,43.454568775,79.0
landsat,2016-01-12,172/026,172,landsat-7,54.0,48.8543,44.033519095,54.0
landsat,2016-01-12,172/025,172,landsat-7,2.0,50.270685,44.62961942,2.0
landsat,2016-01-11,173/029,173,landsat-8,100.0,44.594015,40.927133409999996,100.0
landsat,2016-01-11,173/028,173,landsat-8,100.0,46.01534,41.444243665,100.0
landsat,2016-01-11,173/027,173,landsat-8,91.56,47.434884999999994,41.98414894,91.56
landsat,2016-01-11,173/026,173,landsat-8,19.31,48.852154999999996,42.48076444,19.31
landsat,2016-01-11,173/025,173,landsat-8,1.4,50.265744999999995,43.066034814999995,1.4
landsat,2016-01-10,174/028,174,landsat-7,59.0,46.02346,39.87107341,59.0
landsat,2016-01-10,174/027,174,landsat-7,38.0,47.438,40.41975368,38.0
landsat,2016-01-10,174/026,174,landsat-7,27.0,48.854569999999995,40.997198985,27.0
landsat,2016-01-10,174/025,174,landsat-7,29.0,50.270585,41.58355428,29.0
landsat,2016-01-09,175/028,175,landsat-8,95.12,46.016040000000004,38.31773876,96.09
landsat,2016-01-09,175/027,175,landsat-8,99.96,47.433195,38.86534405,99.95
landsat,2016-01-09,175/026,175,landsat-8,100.0,48.850480000000005,39.44004437,100.0
landsat,2016-01-09,175/025,175,landsat-8,100.0,50.265975,40.040999715,100.0
landsat,2016-01-08,176/028,176,landsat-7,8.0,46.018715,36.747023514999995,17.0
landsat,2016-01-08,176/027,176,landsat-7,17.0,47.439085000000006,37.27860378,15.0
landsat,2016-01-08,176/026,176,landsat-7,25.0,48.8555,37.856119105,25.0
landsat,2016-01-08,176/025,176,landsat-7,31.0,50.266014999999996,38.457689439999996,31.0
landsat,2016-01-07,177/025,177,landsat-8,100.0,50.265600000000006,36.895474809999996,100.0
landsat,2016-01-05,171/028,171,landsat-7,100.0,46.017085,44.496333469999996,100.0
landsat,2016-01-05,171/027,171,landsat-7,100.0,47.438835,45.03783873,100.0
landsat,2016-01-05,171/026,171,landsat-7,55.0,48.856674999999996,45.620784040000004,55.0
landsat,2016-01-05,171/025,171,landsat-7,66.0,50.267155,46.22180435999999,66.0
landsat,2016-01-04,172/029,172,landsat-8,32.93,44.59589,42.417738514999996,32.93
landsat,2016-01-04,172/028,172,landsat-8,0.11,46.016525,42.93230879,0.11
landsat,2016-01-04,172/027,172,landsat-8,67.88,47.434735,43.470359085,67.88
landsat,2016-01-04,172/026,172,landsat-8,12.29,48.85154,44.04243941,12.29
landsat,2016-01-04,172/025,172,landsat-8,16.78,50.265240000000006,44.64407477,16.78
landsat,2016-01-03,173/028,173,landsat-7,4.0,46.018240000000006,41.44336338,4.0
landsat,2016-01-03,173/027,173,landsat-7,8.0,47.439235,41.977118614999995,8.0
landsat,2016-01-03,173/026,173,landsat-7,100.0,48.854955000000004,42.483624145,100.0
landsat,2016-01-03,173/025,173,landsat-7,100.0,50.26981,43.06495447,100.0
landsat,2016-01-02,174/029,174,landsat-8,9.08,44.593500000000006,39.359288455,10.58
landsat,2016-01-02,174/028,174,landsat-8,99.95,46.01638,39.884253715,99.95
landsat,2016-01-02,174/027,174,landsat-8,32.0,47.434975,40.436308995,32.34
landsat,2016-01-02,174/026,174,landsat-8,34.43,48.85167,41.004279305,34.43
landsat,2016-01-02,174/025,174,landsat-8,15.31,50.266284999999996,41.595214645,15.31
landsat,2016-01-01,175/028,175,landsat-7,28.0,46.020295,38.316778475,30.0
landsat,2016-01-01,175/027,175,landsat-7,36.0,47.440125,38.857448735,39.0
landsat,2016-01-01,175/026,175,landsat-7,11.0,48.85199,39.430939025,11.0
landsat,2016-01-01,175/025,175,landsat-7,80.0,50.267340000000004,40.041359365,80.0
s2,2017-12-31,MGRS-38TLR,,sentinel-2a,82.51085,45.5423254418942,43.15190030630933,7.512888
s2,2017-12-31,MGRS-37TGL,,sentinel-2a,49.488261,45.49576035108139,42.677748938852375,68.444765
s2,2017-12-30,MGRS-37TDL,,sentinel-2a,68.002641,45.55630948054889,38.40541244952027,16.164064
s2,2017-12-30,MGRS-37TEL,,sentinel-2a,98.262489,45.93044840795527,39.05180756597409,99.053246
s2,2017-12-30,MGRS-37TDM,,sentinel-2a,75.443763,46.456397999714966,38.40685319286823,0.281694
s2,2017-12-30,MGRS-37TEM,,sentinel-2a,63.286948,46.4600803963381,39.2454603391337,80.480635
s2,2017-12-30,MGRS-37TDN,,sentinel-2a,89.973456,47.355901916875645,38.3966679277149,0.0
s2,2017-12-30,MGRS-37TEN,,sentinel-2a,97.220737,47.3597907315669,39.444558009249505,53.809446
s2,2017-12-30,MGRS-37UDP,,sentinel-2a,99.650341,48.25517010527129,38.385979812712094,0.0
s2,2017-12-30,MGRS-37UEP,,sentinel-2a,99.99916,48.258053388043436,39.64951137876397,27.3516
s2,2017-12-30,MGRS-37UDQ,,sentinel-2a,99.568534,49.154832409103605,38.374743093986,0.0
s2,2017-12-30,MGRS-37UEQ,,sentinel-2a,99.932343,49.15543379859335,39.76015915197604,4.102524
s2,2017-12-30,MGRS-37UFQ,,sentinel-2a,99.997365,49.26407797501187,40.54377080208799,91.31428
s2,2017-12-30,MGRS-37UDR,,sentinel-2a,97.879386,50.05434932281744,38.362928063957725,0.0
s2,2017-12-30,MGRS-37UER,,sentinel-2a,91.864377,50.053546173350554,39.774522772452684,0.0
s2,2017-12-30,MGRS-37UFR,,sentinel-2a,90.060967,50.04884893998705,40.771618591273594,65.840387
s2,2017-12-30,MGRS-37UFR,,sentinel-2a,89.322042,50.04813368014966,40.77187545625145,65.868634
s2,2017-12-30,MGRS-37UER,,sentinel-2a,90.470732,50.053546173350554,39.774522772452684,0.0
s2,2017-12-30,MGRS-37TEM,,sentinel-2a,61.138451,46.45962024603149,39.24581372773221,80.481708
s2,2017-12-30,MGRS-37TEL,,sentinel-2a,97.349547,45.92919405134181,39.05214589076134,99.051255
s2,2017-12-30,MGRS-37TDN,,sentinel-2a,84.356244,47.355901916875645,38.3966679277149,0.0
s2,2017-12-30,MGRS-37TDM,,sentinel-2a,70.451931,46.455948091000295,38.40685319286823,0.280988
s2,2017-12-30,MGRS-37TDL,,sentinel-2a,57.125125,45.55585918782108,38.405750484362656,16.167833
s2,2017-12-29,MGRS-38TLR,,sentinel-2b,89.718688,45.5423254418942,43.13231138058171,1.242816
s2,2017-12-29,MGRS-37TGL,,sentinel-2b,57.023308,45.510976410545304,42.26901348910191,0.0
s2,2017-12-29,MGRS-37TFM,,sentinel-2b,88.162046,46.43858907799752,41.02303425761262,4.275759
s2,2017-12-29,MGRS-37TFL,,sentinel-2b,78.952628,45.54022786979853,40.99030968579453,0.0
s2,2017-12-27,MGRS-38ULU,,sentinel-2a,57.417087,48.23318727916225,42.54585788922914,81.365919
s2,2017-12-27,MGRS-38TLT,,sentinel-2a,19.515137,47.756582740698114,42.36162139656285,99.678248
s2,2017-12-27,MGRS-37UGP,,sentinel-2a,74.165687,48.21863084887421,42.22935796350052,40.658924
s2,2017-12-27,MGRS-37UFP,,sentinel-2a,80.139773,48.238014373183745,41.093384770106766,0.0
s2,2017-12-27,MGRS-37UEP,,sentinel-2a,80.408976,48.25441590912898,39.746498560243026,0.0
s2,2017-12-27,MGRS-37UDR,,sentinel-2a,99.651289,49.78151105679995,39.051373056067945,97.580457
s2,2017-12-27,MGRS-37TGN,,sentinel-2a,49.580504,47.32509222791769,42.00417272597676,63.972956
s2,2017-12-27,MGRS-37TGM,,sentinel-2a,28.286384,46.44051918172407,41.78600870581633,87.509108
s2,2017-12-27,MGRS-37TGL,,sentinel-2a,0.542033,45.99091277733568,41.5944558439097,99.935114
s2,2017-12-27,MGRS-37TFN,,sentinel-2a,42.922254,47.33927476175064,41.05736653787892,0.0
s2,2017-12-27,MGRS-37TFM,,sentinel-2a,30.97829,46.441387403923535,41.02303425761262,1.715296
s2,2017-12-27,MGRS-37TFL,,sentinel-2a,15.107664,45.545174943766305,40.939275247479344,20.160471
s2,2017-12-27,MGRS-37TEN,,sentinel-2a,29.77301,47.35517094361567,39.73350488611941,0.0
s2,2017-12-27,MGRS-37TEM,,sentinel-2a,40.900615,46.4552395980743,39.721122510119244,0.0
s2,2017-12-27,MGRS-37TEL,,sentinel-2a,63.709872,45.55516155802344,39.709322690138876,0.0
s2,2017-12-27,MGRS-37TDN,,sentinel-2a,78.8956,47.357307494764086,38.54588251250535,31.882891
s2,2017-12-27,MGRS-37TDM,,sentinel-2a,69.866772,46.455948091000295,38.4165686298557,8.743913
s2,2017-12-27,MGRS-37TDL,,sentinel-2a,77.831838,45.555848279985554,38.41655925323913,0.0
s2,2017-12-26,MGRS-37TGL,,sentinel-2b,77.542305,45.49555332346944,42.6830520538054,69.202524
s2,2017-12-26,MGRS-38TLR,,sentinel-2b,56.768894,45.5423254418942,43.15253456090052,8.11149
s2,2017-12-26,MGRS-38TMR,,sentinel-2b,5.198414,45.555848279985554,44.41655925323914,0.0
s2,2017-12-26,MGRS-37TGM,,sentinel-2b,96.863496,46.38946274360072,42.86945960881134,86.879295
s2,2017-12-26,MGRS-38TLS,,sentinel-2b,92.083573,46.44484415760099,43.26089706300656,32.268506
s2,2017-12-26,MGRS-38TMS,,sentinel-2b,67.384422,46.455948091000295,44.40685319286824,0.0
s2,2017-12-26,MGRS-38TLT,,sentinel-2b,99.489468,47.34783727905577,43.41057314375545,57.053936
s2,2017-12-26,MGRS-38TMT,,sentinel-2b,99.781549,47.355901916875645,44.396667927714915,0.0
s2,2017-12-26,MGRS-38ULU,,sentinel-2b,97.670239,48.24976835429048,43.564601535601085,81.653178
s2,2017-12-26,MGRS-38UMU,,sentinel-2b,74.494201,48.25517010527129,44.388021469408315,0.302391
s2,2017-12-26,MGRS-38UMV,,sentinel-2b,67.256802,49.15498809027682,44.40170944429264,15.077348
s2,2017-12-26,MGRS-38UMA,,sentinel-2b,36.405307,50.05638555766038,44.57622275841483,39.357713
s2,2017-12-26,MGRS-38UMV,,sentinel-2b,15.055158,49.15494414310332,44.397919688534444,14.675529
s2,2017-12-26,MGRS-38UMU,,sentinel-2b,35.582344,48.25517010527129,44.387797554009964,0.24488
s2,2017-12-26,MGRS-38UMA,,sentinel-2b,1.942821,50.05635771447835,44.57296350745405,38.991225
s2,2017-12-26,MGRS-38ULU,,sentinel-2b,15.188994,48.24971443792143,43.56089908064246,81.251901
s2,2017-12-26,MGRS-38TMS,,sentinel-2b,28.592373,46.455948091000295,44.40685319286824,0.0
s2,2017-12-26,MGRS-38TMR,,sentinel-2b,1.468413,45.555848279985554,44.41655925323914,0.0
s2,2017-12-26,MGRS-38TLS,,sentinel-2b,67.045393,46.44477587261456,43.257531642836014,31.868774
s2,2017-12-26,MGRS-38TLR,,sentinel-2b,44.252464,45.5423254418942,43.15218224092425,7.807041
s2,2017-12-26,MGRS-37TGL,,sentinel-2b,65.015206,45.49566405824842,42.679763665534644,68.808025
s2,2017-12-25,MGRS-37TEL,,sentinel-2b,99.863161,45.91984549991495,39.056350700783454,98.908907
s2,2017-12-24,MGRS-37TEL,,sentinel-2a,14.574395,45.552043867860924,40.136752120618766,72.609174
s2,2017-12-24,MGRS-37TFL,,sentinel-2a,65.878665,45.54022786979853,40.99030968579453,0.0
s2,2017-12-24,MGRS-37TGL,,sentinel-2a,93.053633,45.510976410545304,42.26901348910191,0.0
s2,2017-12-24,MGRS-38TLR,,sentinel-2a,96.626449,45.542775093518955,43.13210944046601,1.417225
s2,2017-12-24,MGRS-37TEM,,sentinel-2a,100.0,46.34464420271716,40.299030561743066,92.855811
s2,2017-12-24,MGRS-38TMR,,sentinel-2a,99.969232,45.56255656501979,43.9218361878123,84.969014
s2,2017-12-24,MGRS-37TFM,,sentinel-2a,99.50124,46.43862347798044,41.02303425761262,4.051098
s2,2017-12-24,MGRS-37TGM,,sentinel-2a,97.490096,46.409654223673776,42.32255806075449,0.0
s2,2017-12-24,MGRS-38TLS,,sentinel-2a,99.893337,46.44199651685744,43.10447289717486,0.0
s2,2017-12-24,MGRS-38TMS,,sentinel-2a,99.818701,46.455941771988535,44.105344788883485,56.988913
s2,2017-12-24,MGRS-37TFN,,sentinel-2a,99.898863,47.33583213391937,41.1410558286183,22.682422
s2,2017-12-24,MGRS-37TGN,,sentinel-2a,99.28509,47.30813919478231,42.37872682059947,0.0
s2,2017-12-24,MGRS-38TLT,,sentinel-2a,99.46804,47.34150750986245,43.07228785963724,0.0
s2,2017-12-24,MGRS-38TMT,,sentinel-2a,98.345578,47.356376666313736,44.294103640140264,29.088232
s2,2017-12-24,MGRS-37UFP,,sentinel-2a,99.99885,48.231833842522704,41.32734023361741,42.947704
s2,2017-12-24,MGRS-37UGP,,sentinel-2a,99.500805,48.205889454825964,42.43764667004669,0.0
s2,2017-12-24,MGRS-38ULU,,sentinel-2a,99.336779,48.24031810254367,43.03852186223403,0.0
s2,2017-12-24,MGRS-38UMU,,sentinel-2a,99.459255,48.25561986448831,44.3859798127121,4.516584
s2,2017-12-24,MGRS-37UFQ,,sentinel-2a,100.0,49.12767159144384,41.51952742091434,62.950361
s2,2017-12-24,MGRS-37UGQ,,sentinel-2a,99.999285,49.103979522758856,42.49956588053624,0.0
s2,2017-12-24,MGRS-38ULV,,sentinel-2a,99.999988,49.1395064724358,43.00303182220056,0.0
s2,2017-12-24,MGRS-38UMV,,sentinel-2a,99.994612,49.154832409103605,44.374743093986,0.0
s2,2017-12-24,MGRS-37UFR,,sentinel-2a,100.0,50.02278406902036,41.717209040840885,82.728642
s2,2017-12-24,MGRS-37UGR,,sentinel-2a,100.0,50.00138514141226,42.5646436719868,0.140262
s2,2017-12-24,MGRS-38ULA,,sentinel-2a,100.0,50.038532267272885,42.965725565884355,0.0
s2,2017-12-24,MGRS-38UMA,,sentinel-2a,100.0,50.05434932281744,44.36292806395774,0.0
s2,2017-12-24,MGRS-38TMT,,sentinel-2a,72.310864,47.35592703718776,44.29441789497986,29.089117
s2,2017-12-24,MGRS-38TLR,,sentinel-2a,72.785754,45.5423254418942,43.132112479890594,1.418267
s2,2017-12-24,MGRS-37TGM,,sentinel-2a,76.367941,46.409654223673776,42.32255806075449,0.0
s2,2017-12-24,MGRS-37TGL,,sentinel-2a,56.877146,45.510976410545304,42.26901348910191,7e-06
s2,2017-12-24,MGRS-37TFL,,sentinel-2a,24.806662,45.54022786979853,40.99030968579453,0.0
s2,2017-12-24,MGRS-37TEL,,sentinel-2a,12.887458,45.552053921583635,40.13577459802694,72.569555
s2,2017-12-22,MGRS-37TGM,,sentinel-2b,3.915683,46.05951179031494,41.6288639002087,99.19318
s2,2017-12-22,MGRS-37TGL,,sentinel-2b,13.145104,45.97695789422046,41.599119139957274,99.875093
s2,2017-12-22,MGRS-37TFM,,sentinel-2b,3.441077,46.20190856003725,40.98437610805786,64.235634
s2,2017-12-22,MGRS-37TFL,,sentinel-2b,6.476599,45.54506725388629,40.94458662706654,19.463989
s2,2017-12-22,MGRS-37TEM,,sentinel-2b,66.658756,46.32996991630144,39.714460439651056,37.860563
s2,2017-12-22,MGRS-37TEL,,sentinel-2b,55.937224,45.55516155802344,39.709322690138876,0.0
s2,2017-12-22,MGRS-37TDM,,sentinel-2b,91.228848,46.40607834428506,38.416493563668396,23.852061
s2,2017-12-22,MGRS-37TDL,,sentinel-2b,72.695701,45.555848279985554,38.41655925323913,3e-06
s2,2017-12-22,MGRS-38ULV,,sentinel-2b,21.716038,49.13628553707108,42.74188938448576,49.614188
s2,2017-12-22,MGRS-38ULU,,sentinel-2b,21.195091,48.23331299845188,42.552493074783634,80.560052
s2,2017-12-22,MGRS-38ULA,,sentinel-2b,54.211437,50.038375444152734,42.938611485692725,18.72028
s2,2017-12-22,MGRS-38TLT,,sentinel-2b,1.41983,47.74557798627396,42.36748802479225,99.566758
s2,2017-12-22,MGRS-37UGR,,sentinel-2b,50.759561,50.00363992281441,42.5646436719868,0.800568
s2,2017-12-22,MGRS-37UGQ,,sentinel-2b,35.482788,49.11154590823648,42.46806676160139,16.716029
s2,2017-12-22,MGRS-37UGP,,sentinel-2b,59.951315,48.21846869111643,42.235815420376355,39.873275
s2,2017-12-22,MGRS-37UFR,,sentinel-2b,51.365739,50.036078817817135,41.171034934115724,0.0
s2,2017-12-22,MGRS-37UFQ,,sentinel-2b,71.876264,49.13712921999243,41.13124149469353,0.0
s2,2017-12-22,MGRS-37UFP,,sentinel-2b,57.988008,48.238014373183745,41.093384770106766,0.0
s2,2017-12-22,MGRS-37UEQ,,sentinel-2b,75.045633,49.15405391693018,39.76015922801296,0.009117
s2,2017-12-22,MGRS-37UEP,,sentinel-2b,43.992196,48.25441590912898,39.746498560243026,0.0
s2,2017-12-22,MGRS-37UDP,,sentinel-2b,25.572822,48.257974258049785,38.71475204333146,55.845487
s2,2017-12-22,MGRS-37TGN,,sentinel-2b,0.373798,47.3249395865712,42.00986799318777,63.233751
s2,2017-12-22,MGRS-37TGM,,sentinel-2b,1.649979,46.5161555683723,41.79581821416228,87.212276
s2,2017-12-22,MGRS-37TFN,,sentinel-2b,18.028066,47.33927476175064,41.05736653787892,0.0
s2,2017-12-22,MGRS-37TFM,,sentinel-2b,0.479468,46.527452926699524,41.02835629063709,31.567663
s2,2017-12-22,MGRS-37TEN,,sentinel-2b,58.575513,47.35517094361567,39.73350488611941,3e-06
s2,2017-12-22,MGRS-37TEM,,sentinel-2b,57.703858,46.66761720583642,39.721122510119244,56.323886
s2,2017-12-22,MGRS-37TDN,,sentinel-2b,57.284336,47.357342211213165,38.54972235062937,32.466686
s2,2017-12-20,MGRS-37UDP,,sentinel-2a,57.037833,48.25517010527129,38.385979812712094,0.0
s2,2017-12-20,MGRS-37TEM,,sentinel-2a,84.341642,46.45961968771498,39.246931716685964,80.338216
s2,2017-12-20,MGRS-37TEL,,sentinel-2a,100.0,45.92712245159797,39.053071695245016,99.018258
s2,2017-12-20,MGRS-37TDN,,sentinel-2a,70.470724,47.355901916875645,38.3966679277149,0.0
s2,2017-12-18,MGRS-37UDQ,,sentinel-2b,100.0,49.15396377253525,37.9106205463349,77.135384
s2,2017-12-18,MGRS-37UDR,,sentinel-2b,99.999952,50.054575617781595,38.11868831379266,47.561121
s2,2017-12-17,MGRS-38TLT,,sentinel-2a,100.0,47.75165563760501,42.3642573163903,99.628162
s2,2017-12-17,MGRS-37TGL,,sentinel-2a,83.474704,45.984998340278054,41.5964729235812,99.910814
s2,2017-12-17,MGRS-37TFM,,sentinel-2a,82.998225,46.441338015350446,41.02303425761262,1.598269
s2,2017-12-17,MGRS-37TFL,,sentinel-2a,46.589607,45.545127576408206,40.94156727978505,19.831344
s2,2017-12-17,MGRS-37TEM,,sentinel-2a,85.581353,46.4552395980743,39.721122510119244,0.0
s2,2017-12-17,MGRS-37TEL,,sentinel-2a,59.887033,45.55516155802344,39.709322690138876,0.0
s2,2017-12-17,MGRS-37TDM,,sentinel-2a,77.934204,46.455948091000295,38.41672080176214,9.004804
s2,2017-12-17,MGRS-37TDL,,sentinel-2a,83.282776,45.555848279985554,38.41655925323913,0.0
s2,2017-12-15,MGRS-37TEL,,sentinel-2b,98.283262,45.928867485732816,39.05244039794189,99.052423
s2,2017-12-14,MGRS-37TFL,,sentinel-2a,63.563944,45.54022786979853,40.99030968579453,0.0
s2,2017-12-12,MGRS-38TLT,,sentinel-2b,0.349108,47.755878681041054,42.362110752344066,99.67497
s2,2017-12-12,MGRS-37TGL,,sentinel-2b,99.989814,45.99034133098523,41.5946881011905,99.934852
s2,2017-12-12,MGRS-37TFL,,sentinel-2b,87.140314,45.54515614783722,40.93953438447796,20.139505
s2,2017-12-11,MGRS-38ULU,,sentinel-2a,72.028152,48.249707712208604,43.56043837235811,81.23998
s2,2017-12-11,MGRS-38TMR,,sentinel-2a,78.590224,45.555848279985554,44.41655925323914,0.0
s2,2017-12-11,MGRS-38TLT,,sentinel-2a,49.060553,47.347777348570766,43.40714257910564,56.635791
s2,2017-12-11,MGRS-38TLS,,sentinel-2a,26.242436,46.44476608628822,43.2570501247321,31.87612
s2,2017-12-11,MGRS-38TLR,,sentinel-2a,16.179262,45.5423254418942,43.15220613343204,7.793418
s2,2017-12-11,MGRS-37TGM,,sentinel-2a,10.556788,46.3895775,42.865785,86.485523
s2,2017-12-11,MGRS-37TGM,,sentinel-2a,9.996722,46.38957734796996,42.8657854022411,86.485523
s2,2017-12-11,MGRS-37TGL,,sentinel-2a,9.181661,45.495677821574674,42.68024632152711,68.813837
s2,2017-12-10,MGRS-37UER,,sentinel-2a,72.740406,50.053546173350554,39.774522772452684,0.0
s2,2017-12-10,MGRS-37UEQ,,sentinel-2a,74.883589,49.155401922702495,39.76015915197604,3.911928
s2,2017-12-10,MGRS-37UEP,,sentinel-2a,26.41907,48.25749341041427,39.652916982643276,26.967883
s2,2017-12-10,MGRS-37UDR,,sentinel-2a,73.420909,50.05434932281744,38.362928063957725,3e-06
s2,2017-12-10,MGRS-37UDP,,sentinel-2a,42.5103,48.25517010527129,38.385979812712094,3e-06
s2,2017-12-10,MGRS-37TEN,,sentinel-2a,6.66181,47.35924142502202,39.447770473068076,53.452516
s2,2017-12-10,MGRS-37TEM,,sentinel-2a,0.005001,46.45961846691981,39.248410891217546,80.095237
s2,2017-12-10,MGRS-37TEL,,sentinel-2a,0.00945,45.92279805183514,39.05509150871368,98.946691
s2,2017-12-10,MGRS-37TDN,,sentinel-2a,16.652502,47.355901916875645,38.3966679277149,0.0
s2,2017-12-10,MGRS-37TDM,,sentinel-2a,0.137411,46.455948091000295,38.40685319286823,0.226861
s2,2017-12-10,MGRS-37TDL,,sentinel-2a,0.024566,45.639602008751346,38.40869634663425,36.847404
s2,2017-12-09,MGRS-38UMV,,sentinel-2b,54.712554,49.154832409103605,44.374743093986,0.0
s2,2017-12-09,MGRS-38UMU,,sentinel-2b,46.629349,48.25517010527129,44.3859798127121,4.506103
s2,2017-12-09,MGRS-38UMA,,sentinel-2b,71.852897,50.05434932281744,44.36292806395774,0.0
s2,2017-12-09,MGRS-38ULU,,sentinel-2b,72.84606,48.24031810254367,43.03852186223403,0.0
s2,2017-12-09,MGRS-38TMT,,sentinel-2b,29.41155,47.35592737724885,44.29494901606013,29.043627
s2,2017-12-09,MGRS-38TMS,,sentinel-2b,61.780414,46.455495537358516,44.10623423248257,56.987125
s2,2017-12-09,MGRS-38TLT,,sentinel-2b,44.458401,47.34150750986245,43.07228785963724,0.000259
s2,2017-12-09,MGRS-38TLS,,sentinel-2b,88.831589,46.44199651685744,43.10447289717486,0.0
s2,2017-12-09,MGRS-37UGP,,sentinel-2b,70.04676,48.205889454825964,42.43764667004669,0.001719
s2,2017-12-09,MGRS-37UFP,,sentinel-2b,91.744688,48.23187104079739,41.32547692706586,42.771026
s2,2017-12-09,MGRS-37TGN,,sentinel-2b,75.355262,47.30813919478231,42.37872682059947,0.000305
s2,2017-12-09,MGRS-37TGL,,sentinel-2b,63.529692,45.510976410545304,42.26901348910191,7e-06
s2,2017-12-09,MGRS-37TFL,,sentinel-2b,61.449192,45.54022786979853,40.99061966938743,0.210175
s2,2017-12-09,MGRS-37TEM,,sentinel-2b,76.400331,46.35293121232269,40.298571549037256,92.721379
s2,2017-12-09,MGRS-37TEL,,sentinel-2b,85.388343,45.5579629829527,40.14817287163362,74.15033
s2,2017-12-07,MGRS-38ULU,,sentinel-2a,76.193321,48.23326597087754,42.55000633093843,80.794364
s2,2017-12-07,MGRS-38ULA,,sentinel-2a,67.347571,50.038340051873476,42.93545278357327,19.048029
s2,2017-12-07,MGRS-38TLT,,sentinel-2a,61.029928,47.748797110328056,42.365771418604936,99.597454
s2,2017-12-07,MGRS-37UGR,,sentinel-2a,65.81539,50.003706725082154,42.5646436719868,0.863886
s2,2017-12-07,MGRS-37UGP,,sentinel-2a,64.452915,48.218516352601995,42.233409152448154,40.099958
s2,2017-12-07,MGRS-37UFR,,sentinel-2a,81.301597,50.036078817817135,41.171034934115724,0.0
s2,2017-12-07,MGRS-37UFP,,sentinel-2a,81.974246,48.238014373183745,41.093384770106766,0.0
s2,2017-12-07,MGRS-37UEP,,sentinel-2a,81.022183,48.25441590912898,39.746498560243026,3e-06
s2,2017-12-07,MGRS-37UDP,,sentinel-2a,86.534557,48.257970848366504,38.71419603011758,55.808002
s2,2017-12-07,MGRS-37TGN,,sentinel-2a,77.983367,47.32498786882962,42.00820155353211,63.435245
s2,2017-12-07,MGRS-37TGL,,sentinel-2a,100.0,45.98031500030576,41.59797604730418,99.889284
s2,2017-12-07,MGRS-37TFN,,sentinel-2a,88.088038,47.33927476175064,41.05736653787892,0.0
s2,2017-12-07,MGRS-37TEN,,sentinel-2a,83.778863,47.35517094361567,39.73350488611941,0.0
s2,2017-12-07,MGRS-37TDN,,sentinel-2a,77.595595,47.357342811629785,38.54978901184867,32.438329
s2,2017-12-06,MGRS-38UMA,,sentinel-2b,55.148917,50.05631888818537,44.568454048531784,38.455558
s2,2017-12-05,MGRS-37TDL,,sentinel-2b,96.085882,45.5563094781464,38.40541234511423,16.164611
s2,2017-12-05,MGRS-37TEL,,sentinel-2b,100.0,45.92991484847917,39.05180780762039,99.045765
s2,2017-12-05,MGRS-37TDM,,sentinel-2b,88.373446,46.45639799794057,38.40685319286823,0.278728
s2,2017-12-05,MGRS-37TEM,,sentinel-2b,98.661172,46.46008038599012,39.24546037006608,80.50946
s2,2017-12-05,MGRS-37TDN,,sentinel-2b,47.103006,47.355901916875645,38.3966679277149,0.0
landsat,2018-12-31,176/028,176,landsat-7,96.0,46.03344,36.67458852,99.0
landsat,2018-12-31,176/027,176,landsat-7,99.0,47.454115,37.20435878,100.0
landsat,2018-12-31,176/026,176,landsat-7,65.0,48.870824999999996,37.776469105000004,65.0
landsat,2018-12-30,177/025,177,landsat-8,44.45,50.265600000000006,36.895474809999996,44.45
landsat,2018-12-28,171/028,171,landsat-7,76.0,46.03427,44.41531346,76.0
landsat,2018-12-28,171/027,171,landsat-7,63.0,47.449545,44.95878373,63.0
landsat,2018-12-28,171/026,171,landsat-7,71.0,48.867760000000004,45.53122904,71.0
landsat,2018-12-27,172/029,172,landsat-8,70.04,44.59599,42.423373514999994,70.04
landsat,2018-12-27,172/028,172,landsat-8,84.89,46.015315,42.940148785,84.89
landsat,2018-12-27,172/027,172,landsat-8,99.97,47.43483500000001,43.476444085,99.97
landsat,2018-12-27,172/026,172,landsat-8,92.37,48.85026,44.048704415,92.37
landsat,2018-12-27,172/025,172,landsat-8,95.79,50.263935000000004,44.650554760000006,95.79
landsat,2018-12-26,173/028,173,landsat-7,100.0,46.03459,41.366588375,100.0
landsat,2018-12-26,173/027,173,landsat-7,98.0,47.4491,41.902293625,98.0
landsat,2018-12-26,173/026,173,landsat-7,95.0,48.867795,42.393039125,95.0
landsat,2018-12-25,174/029,174,landsat-8,100.0,44.59482,39.37083845,100.0
landsat,2018-12-25,174/028,174,landsat-8,100.0,46.016295,39.89610371,100.0
landsat,2018-12-25,174/027,174,landsat-8,100.0,47.434835,40.446454,100.0
landsat,2018-12-25,174/026,174,landsat-8,100.0,48.851524999999995,41.014459305,100.0
landsat,2018-12-25,174/025,174,landsat-8,100.0,50.26603,41.605774645,100.0
landsat,2018-12-24,175/028,175,landsat-7,84.0,46.03193,38.231838465,90.0
landsat,2018-12-24,175/027,175,landsat-7,99.0,47.450725,38.780353755,100.0
landsat,2018-12-24,175/026,175,landsat-7,68.0,48.869665,39.345584040000006,68.0
landsat,2018-12-23,176/028,176,landsat-8,100.0,46.01609,36.759813789999995,100.0
landsat,2018-12-21,170/028,170,landsat-7,52.0,46.030625,45.989588424999994,52.0
landsat,2018-12-20,171/029,171,landsat-8,100.0,44.59387,43.982928485,100.0
landsat,2018-12-20,171/028,171,landsat-8,99.91,46.01557,44.50939375,99.91
landsat,2018-12-20,171/027,171,landsat-8,92.25,47.43459,45.058199045,92.25
landsat,2018-12-20,171/026,171,landsat-8,100.0,48.84974,45.63425936,100.0
landsat,2018-12-20,171/025,171,landsat-8,100.0,50.26562,46.236814705,100.0
landsat,2018-12-19,172/028,172,landsat-7,100.0,46.031375,42.849358505,100.0
landsat,2018-12-19,172/027,172,landsat-7,100.0,47.4513,43.38710879,100.0
landsat,2018-12-19,172/026,172,landsat-7,100.0,48.8698,43.953979085,100.0
landsat,2018-12-18,173/029,173,landsat-8,48.68,44.59518,40.938478405,48.68
landsat,2018-12-18,173/028,173,landsat-8,88.46,46.01645,41.455953665,88.46
landsat,2018-12-18,173/027,173,landsat-8,99.9,47.43458,41.996068935,99.9
landsat,2018-12-18,173/026,173,landsat-8,72.98,48.851085,42.495044445,72.98
landsat,2018-12-18,173/025,173,landsat-8,51.0,50.26459,43.07875981,51.0
landsat,2018-12-17,174/028,174,landsat-7,100.0,46.03054,39.80418343,100.0
landsat,2018-12-17,174/027,174,landsat-7,91.0,47.450845,40.347103675,91.0
landsat,2018-12-17,174/026,174,landsat-7,66.0,48.869254999999995,40.92014399,66.0
landsat,2018-12-16,175/028,175,landsat-8,65.82,46.016085000000004,38.32564376,65.47
landsat,2018-12-16,175/027,175,landsat-8,91.29,47.4332,38.87346405,90.54
landsat,2018-12-16,175/026,175,landsat-8,85.69,48.850449999999995,39.448399365,85.69
landsat,2018-12-16,175/025,175,landsat-8,98.53,50.26587,40.053909715,98.53
landsat,2018-12-15,176/028,176,landsat-7,81.0,46.033429999999996,36.67268352,62.0
landsat,2018-12-15,176/027,176,landsat-7,64.0,47.454055,37.200378779999994,67.0
landsat,2018-12-15,176/026,176,landsat-7,95.0,48.866704999999996,37.766239085,95.0
landsat,2018-12-14,177/025,177,landsat-8,55.15,50.26567,36.89967981,55.15
landsat,2018-12-12,171/028,171,landsat-7,100.0,46.031515,44.40942846,100.0
landsat,2018-12-12,171/027,171,landsat-7,30.0,47.450895,44.95877875,30.0
landsat,2018-12-12,171/026,171,landsat-7,0.0,48.869125,45.527029025000004,0.0
landsat,2018-12-12,171/025,171,landsat-7,33.0,50.28148,46.123254355,33.0
landsat,2018-12-11,172/029,172,landsat-8,85.22,44.59607,42.427148515,85.22
landsat,2018-12-11,172/028,172,landsat-8,99.98,46.016665,42.940058789999995,99.98
landsat,2018-12-11,172/027,172,landsat-8,70.44,47.434885,43.480509085,70.44
landsat,2018-12-11,172/026,172,landsat-8,99.98,48.850295,44.052884415,99.98
landsat,2018-12-11,172/025,172,landsat-8,51.64,50.263945,44.654854760000006,51.64
landsat,2018-12-10,173/028,173,landsat-7,81.0,46.03467,41.362713375,81.0
landsat,2018-12-10,173/027,173,landsat-7,87.0,47.453315,41.89638861,87.0
landsat,2018-12-10,173/026,173,landsat-7,90.0,48.867779999999996,42.391029125,90.0
landsat,2018-12-10,173/025,173,landsat-7,91.0,50.28315,42.97777949,91.0
landsat,2018-12-09,174/029,174,landsat-8,8.61,44.59482,39.37083845,7.08
landsat,2018-12-09,174/028,174,landsat-8,23.38,46.016295,39.89610371,23.2
landsat,2018-12-09,174/027,174,landsat-8,56.97,47.434835,40.446454,56.47
landsat,2018-12-09,174/026,174,landsat-8,81.89,48.851524999999995,41.014459305,81.89
landsat,2018-12-09,174/025,174,landsat-8,95.62,50.266014999999996,41.607834645,95.62
landsat,2018-12-08,175/028,175,landsat-7,71.0,46.031890000000004,38.229863465,72.0
landsat,2018-12-08,175/027,175,landsat-7,95.0,47.4521,38.77832375,96.0
landsat,2018-12-08,175/026,175,landsat-7,100.0,48.869665,39.345584040000006,100.0
landsat,2018-12-08,175/025,175,landsat-7,100.0,50.281565,39.940609359999996,100.0
landsat,2018-12-07,176/028,176,landsat-8,87.72,46.01609,36.759813789999995,92.72
landsat,2018-12-07,176/027,176,landsat-8,99.98,47.43376,37.295554089999996,100.0
landsat,2018-12-07,176/026,176,landsat-8,99.91,48.851455,37.86691441,99.91
landsat,2018-12-07,176/025,176,landsat-8,35.54,50.26469,38.46754977,35.54
landsat,2018-12-06,177/025,177,landsat-7,57.0,50.282714999999996,36.796819475,57.0
landsat,2018-12-05,170/028,170,landsat-7,13.0,46.030585,45.991563424999995,13.0
landsat,2018-12-04,171/029,171,landsat-8,99.05,44.593805,43.977158485000004,99.05
landsat,2018-12-04,171/028,171,landsat-8,99.99,46.01554,44.501493755,99.99
landsat,2018-12-04,171/027,171,landsat-8,81.37,47.43459,45.050079045,81.37
landsat,2018-12-04,171/026,171,landsat-8,87.29,48.85113,45.625939365,87.29
landsat,2018-12-04,171/025,171,landsat-8,99.99,50.265705,46.228209705,99.99
landsat,2018-12-03,172/028,172,landsat-7,65.0,46.03004,42.85118352,65.0
landsat,2018-12-03,172/027,172,landsat-7,91.0,47.45265,43.38516378,91.0
landsat,2018-12-03,172/026,172,landsat-7,61.0,48.868425,43.9580941,61.0
landsat,2018-12-03,172/025,172,landsat-7,100.0,50.279815,44.55426944,100.0
landsat,2018-12-02,173/029,173,landsat-8,90.07,44.594015,40.927133409999996,90.07
landsat,2018-12-02,173/028,173,landsat-8,99.94,46.016675,41.44624367,99.94
landsat,2018-12-02,173/027,173,landsat-8,99.96,47.434785000000005,41.98811894,99.96
landsat,2018-12-02,173/026,173,landsat-8,100.0,48.850825,42.482789445,100.0
landsat,2018-12-02,173/025,173,landsat-8,100.0,50.265805,43.070234815,100.0
landsat,2018-12-01,174/028,174,landsat-7,100.0,46.030585,39.80217342,100.0
landsat,2018-12-01,174/027,174,landsat-7,100.0,47.450805,40.351303695,100.0
landsat,2018-12-01,174/026,174,landsat-7,100.0,48.870665,40.915968965,100.0
landsat,2018-12-01,174/025,174,landsat-7,100.0,50.281655,41.502219284999995,100.0
landsat,2018-11-30,175/028,175,landsat-8,83.59,46.01602,38.313788755000004,80.36
landsat,2018-11-30,175/027,175,landsat-8,57.93,47.433189999999996,38.86128405,55.46
landsat,2018-11-30,175/026,175,landsat-8,1.39,48.85049,39.43586937,1.39
landsat,2018-11-30,175/025,175,landsat-8,0.04,50.26463,40.04099972,0.04
landsat,2018-11-29,176/028,176,landsat-7,60.0,46.0347,36.668878505,54.0
landsat,2018-11-29,176/027,176,landsat-7,22.0,47.451355,37.20047878,23.0
landsat,2018-11-29,176/026,176,landsat-7,9.0,48.868085,37.772359105,9.0
landsat,2018-11-29,176/025,176,landsat-7,0.0,50.283115,38.365089420000004,0.0
landsat,2018-11-28,177/025,177,landsat-8,46.59,50.265455,36.88705981,46.59
landsat,2018-11-26,171/028,171,landsat-7,95.0,46.032885,44.419233475,95.0
landsat,2018-11-26,171/027,171,landsat-7,100.0,47.448165,44.960808745,100.0
landsat,2018-11-26,171/026,171,landsat-7,100.0,48.866445,45.529084025,100.0
landsat,2018-11-26,171/025,171,landsat-7,16.0,50.282695000000004,46.13197437,16.0
landsat,2018-11-25,172/029,172,landsat-8,3.44,44.59574,42.412043515,3.44
landsat,2018-11-25,172/028,172,landsat-8,11.82,46.016465,42.92843879,11.82
landsat,2018-11-25,172/027,172,landsat-8,75.88,47.434685,43.466304085000004,75.88
landsat,2018-11-25,172/026,172,landsat-8,99.94,48.850155,44.038259415,99.94
landsat,2018-11-25,172/025,172,landsat-8,98.86,50.26388,44.63978976,98.86
landsat,2018-11-24,173/028,173,landsat-7,9.0,46.031895,41.366473375,9.0
landsat,2018-11-24,173/027,173,landsat-7,8.0,47.453215,41.900363615,8.0
landsat,2018-11-24,173/026,173,landsat-7,2.0,48.869325,42.400989145,2.0
landsat,2018-11-24,173/025,173,landsat-7,0.0,50.280525,42.982104485,0.0
landsat,2018-11-23,174/029,174,landsat-8,71.4,44.59485,39.35928845,83.6
landsat,2018-11-23,174/028,174,landsat-8,69.33,46.01638,39.884253715,69.31
landsat,2018-11-23,174/027,174,landsat-8,47.02,47.434975,40.434273995,47.17
landsat,2018-11-23,174/026,174,landsat-8,29.26,48.85167,41.004279305,29.26
landsat,2018-11-23,174/025,174,landsat-8,3.02,50.266284999999996,41.595214645,3.02
landsat,2018-11-22,175/028,175,landsat-7,45.0,46.030564999999996,38.23381347,49.0
landsat,2018-11-22,175/027,175,landsat-7,70.0,47.449349999999995,38.78239375,75.0
landsat,2018-11-22,175/026,175,landsat-7,65.0,48.868305,39.34973403,65.0
landsat,2018-11-22,175/025,175,landsat-7,53.0,50.282804999999996,39.95145938,53.0
landsat,2018-11-21,176/028,176,landsat-8,63.52,46.01581,36.746228785,56.44
landsat,2018-11-21,176/027,176,landsat-8,9.73,47.43494,37.283624085,11.59
landsat,2018-11-21,176/026,176,landsat-8,85.05,48.849995,37.854379415,85.05
landsat,2018-11-21,176/025,176,landsat-8,93.85,50.26462,38.45678977,93.85
landsat,2018-11-20,177/025,177,landsat-7,92.0,50.285495,36.80296948,92.0
landsat,2018-11-19,170/028,170,landsat-7,3.0,46.0333,45.993583425,3.0
landsat,2018-11-18,171/029,171,landsat-8,99.94,44.59371,43.965608485000004,99.94
landsat,2018-11-18,171/028,171,landsat-8,99.98,46.015495,44.489638755,99.98
landsat,2018-11-18,171/027,171,landsat-8,42.07,47.43459,45.037899045,42.07
landsat,2018-11-18,171/026,171,landsat-8,3.86,48.851185,45.613409364999995,3.86
landsat,2018-11-18,171/025,171,landsat-8,0.61,50.26578,46.21959971,0.61
landsat,2018-11-17,172/028,172,landsat-7,95.0,46.03152,42.857018515,95.0
landsat,2018-11-17,172/027,172,landsat-7,89.0,47.4554,43.389133779999995,89.0
landsat,2018-11-17,172/026,172,landsat-7,53.0,48.868480000000005,43.95814909,53.0
landsat,2018-11-17,172/025,172,landsat-7,0.0,50.282495,44.560694440000006,0.0
landsat,2018-11-16,173/029,173,landsat-8,89.38,44.594139999999996,40.919578415000004,89.38
landsat,2018-11-16,173/028,173,landsat-8,100.0,46.015505,41.436498665,100.0
landsat,2018-11-16,173/027,173,landsat-8,100.0,47.435010000000005,41.978218940000005,100.0
landsat,2018-11-16,173/026,173,landsat-8,80.89,48.852000000000004,42.474599444999996,80.89
landsat,2018-11-16,173/025,173,landsat-8,34.25,50.26568,43.061824814999994,34.25
landsat,2018-11-15,174/028,174,landsat-7,98.0,46.029145,39.812073435,98.0
landsat,2018-11-15,174/027,174,landsat-7,30.0,47.452155000000005,40.353258685,30.0
landsat,2018-11-15,174/026,174,landsat-7,13.0,48.871825,40.92642399,13.0
landsat,2018-11-15,174/025,174,landsat-7,4.0,50.2882,41.513009284999995,4.0
landsat,2018-11-14,175/028,175,landsat-8,81.8,46.015945,38.303913754999996,83.47
landsat,2018-11-14,175/027,175,landsat-8,20.59,47.433184999999995,38.853164050000004,17.54
landsat,2018-11-14,175/026,175,landsat-8,12.18,48.85052,39.427509369999996,12.18
landsat,2018-11-14,175/025,175,landsat-8,0.46,50.264695,40.03238972,0.46
landsat,2018-11-13,176/028,176,landsat-7,92.0,46.033585,36.68042852,70.0
landsat,2018-11-13,176/027,176,landsat-7,52.0,47.45013,37.210298795,45.0
landsat,2018-11-13,176/026,176,landsat-7,42.0,48.86813,37.77457908,42.0
landsat,2018-11-13,176/025,176,landsat-7,15.0,50.28311,38.377919445,15.0
landsat,2018-11-12,177/025,177,landsat-8,19.27,50.26531,36.87864981,19.27
landsat,2018-11-10,171/028,171,landsat-7,55.0,46.03157,44.42126846,55.0
landsat,2018-11-10,171/027,171,landsat-7,99.0,47.44954,44.97094874,99.0
landsat,2018-11-10,171/026,171,landsat-7,100.0,48.869075,45.539544025,100.0
landsat,2018-11-10,171/025,171,landsat-7,99.0,50.281365,46.136144355,99.0
landsat,2018-11-09,172/029,172,landsat-8,14.37,44.595655,42.408268515,14.37
landsat,2018-11-09,172/028,172,landsat-8,63.55,46.016335,42.92258879,63.55
landsat,2018-11-09,172/027,172,landsat-8,42.21,47.434635,43.460209085,42.21
landsat,2018-11-09,172/026,172,landsat-8,84.64,48.85013,44.034079414999994,84.64
landsat,2018-11-09,172/025,172,landsat-8,100.0,50.26522,44.63546477,100.0
landsat,2018-11-08,173/027,173,landsat-7,8.0,47.451499999999996,41.91436863,8.0
landsat,2018-11-08,173/026,173,landsat-7,24.0,48.870755,42.40515413,24.0
landsat,2018-11-08,173/025,173,landsat-7,96.0,50.28478,42.994499495,96.0
landsat,2018-11-07,174/029,174,landsat-8,6.17,44.59352,39.351588455,3.04
landsat,2018-11-07,174/028,174,landsat-8,9.63,46.01506,39.88030372,9.66
landsat,2018-11-07,174/027,174,landsat-8,57.0,47.43502,40.430219,57.79
landsat,2018-11-07,174/026,174,landsat-8,76.53,48.85174,41.000189305,76.53
landsat,2018-11-07,174/025,174,landsat-8,93.18,50.266375,41.591009645,93.18
landsat,2018-11-06,175/028,175,landsat-7,2.0,46.029275,38.24758848,2.0
landsat,2018-11-06,175/027,175,landsat-7,48.0,47.450795,38.788488735,54.0
landsat,2018-11-06,175/026,175,landsat-7,98.0,48.868255000000005,39.360204055,98.0
landsat,2018-11-06,175/025,175,landsat-7,100.0,50.284115,39.95570436,100.0
landsat,2018-11-05,176/028,176,landsat-8,71.16,46.01708,36.74225379,52.3
landsat,2018-11-05,176/027,176,landsat-8,97.86,47.43488,37.279644085,97.44
landsat,2018-11-05,176/026,176,landsat-8,29.11,48.84995000000001,37.852294415,29.11
landsat,2018-11-05,176/025,176,landsat-8,18.51,50.2646,38.45248477,18.51
landsat,2018-11-04,177/025,177,landsat-7,74.0,50.281679999999994,36.815619495,74.0
landsat,2018-11-03,170/028,170,landsat-7,0.0,46.031875,45.99939841,0.0
landsat,2018-11-02,171/029,171,landsat-8,65.32,44.593675000000005,43.961758485000004,65.32
landsat,2018-11-02,171/028,171,landsat-8,0.19,46.015460000000004,44.487663755,0.19
landsat,2018-11-02,171/027,171,landsat-8,0.02,47.43459,45.037899045,0.02
landsat,2018-11-02,171/026,171,landsat-8,0.11,48.851185,45.613409364999995,0.11
landsat,2018-11-02,171/025,171,landsat-8,1.49,50.265825,46.21529971,1.49
landsat,2018-11-01,172/028,172,landsat-7,33.0,46.033,42.8648435,33.0
landsat,2018-11-01,172/027,172,landsat-7,2.0,47.45151,43.40332379,2.0
landsat,2018-11-01,172/026,172,landsat-7,0.0,48.865875,43.9727541,0.0
landsat,2018-11-01,172/025,172,landsat-7,0.0,50.2812,44.567189420000005,0.0
landsat,2018-10-31,173/029,173,landsat-8,23.94,44.594205,40.915803415,23.94
landsat,2018-10-31,173/028,173,landsat-8,92.41,46.015505,41.436498665,92.41
landsat,2018-10-31,173/027,173,landsat-8,99.94,47.435085,41.97619894,99.94
landsat,2018-10-31,173/026,173,landsat-8,92.42,48.850655,42.474619450000006,92.42
landsat,2018-10-31,173/025,173,landsat-8,46.05,50.26568,43.061824814999994,46.05
landsat,2018-10-30,174/028,174,landsat-7,4.0,46.029135,39.817908415000005,4.0
landsat,2018-10-30,174/027,174,landsat-7,44.0,47.449275,40.367438695000004,44.0
landsat,2018-10-30,174/026,174,landsat-7,64.0,48.867705,40.93221397,64.0
landsat,2018-10-30,174/025,174,landsat-7,100.0,50.283825,41.5277093,100.0
landsat,2018-10-29,175/028,175,landsat-8,0.57,46.01598,38.305888755,0.31
landsat,2018-10-29,175/027,175,landsat-8,51.68,47.433184999999995,38.853164050000004,58.35
landsat,2018-10-29,175/026,175,landsat-8,96.53,48.85052,39.427509369999996,96.53
landsat,2018-10-29,175/025,175,landsat-8,100.0,50.264695,40.03238972,100.0
landsat,2018-10-28,176/028,176,landsat-7,55.0,46.03246,36.692148515,46.0
landsat,2018-10-28,176/027,176,landsat-7,91.0,47.451655,37.22036378,91.0
landsat,2018-10-28,176/026,176,landsat-7,100.0,48.865555,37.78716408,100.0
landsat,2018-10-28,176/025,176,landsat-7,100.0,50.280495,38.388704445,100.0
landsat,2018-10-27,177/025,177,landsat-8,81.02,50.265384999999995,36.88285481,81.02
landsat,2018-10-25,171/028,171,landsat-7,94.0,46.030305,44.440968475,94.0
landsat,2018-10-25,171/027,171,landsat-7,100.0,47.452235,44.98310873,100.0
landsat,2018-10-25,171/026,171,landsat-7,100.0,48.86633,45.552029024999996,100.0
landsat,2018-10-25,171/025,171,landsat-7,100.0,50.279815,46.15554937,100.0
landsat,2018-10-24,172/029,172,landsat-8,87.57,44.59574,42.412043515,87.57
landsat,2018-10-24,172/028,172,landsat-8,90.1,46.016405,42.92646879,90.1
landsat,2018-10-24,172/027,172,landsat-8,66.65,47.434685,43.464269085,66.65
landsat,2018-10-24,172/026,172,landsat-8,20.37,48.850155,44.038259415,20.37
landsat,2018-10-24,172/025,172,landsat-8,66.75,50.26523,44.63976977,66.75
landsat,2018-10-23,173/028,173,landsat-7,67.0,46.03014,41.387558354999996,67.0
landsat,2018-10-23,173/027,173,landsat-7,94.0,47.44986,41.926258634999996,94.0
landsat,2018-10-23,173/026,173,landsat-7,99.0,48.868395,42.41963413,99.0
landsat,2018-10-23,173/025,173,landsat-7,45.0,50.283635000000004,43.00723449,45.0
landsat,2018-10-22,174/029,174,landsat-8,99.66,44.59486,39.35543845,100.0
landsat,2018-10-22,174/028,174,landsat-8,99.99,46.015029999999996,39.884253720000004,99.99
landsat,2018-10-22,174/027,174,landsat-8,92.11,47.434975,40.434273995,92.0
landsat,2018-10-22,174/026,174,landsat-8,99.97,48.85167,41.004279305,99.97
landsat,2018-10-22,174/025,174,landsat-8,99.97,50.266284999999996,41.595214645,99.97
landsat,2018-10-21,175/028,175,landsat-7,99.0,46.032055,38.257488465,100.0
landsat,2018-10-21,175/027,175,landsat-7,100.0,47.45214,38.80670875,100.0
landsat,2018-10-21,175/026,175,landsat-7,93.0,48.864165,39.376849045,93.0
landsat,2018-10-21,175/025,175,landsat-7,100.0,50.281295,39.972839359999995,100.0
landsat,2018-10-20,176/028,176,landsat-8,60.3,46.017215,36.74809879,61.1
landsat,2018-10-20,176/027,176,landsat-8,47.64,47.43359,37.28362409,42.65
landsat,2018-10-20,176/026,176,landsat-8,62.2,48.851335,37.85646941,62.2
landsat,2018-10-20,176/025,176,landsat-8,16.73,50.26462,38.45678977,16.73
landsat,2018-10-19,177/025,177,landsat-7,0.0,50.28461,36.830179494999996,0.0
landsat,2018-10-18,170/028,170,landsat-7,24.0,46.030365,46.019173425,24.0
landsat,2018-10-17,171/029,171,landsat-8,55.06,44.59374,43.969458485000004,55.06
landsat,2018-10-17,171/028,171,landsat-8,12.02,46.01551,44.493588755,12.02
landsat,2018-10-17,171/027,171,landsat-8,0.28,47.43459,45.041959045,0.28
landsat,2018-10-17,171/026,171,landsat-8,0.2,48.851165,45.617584365,0.2
landsat,2018-10-17,171/025,171,landsat-8,0.01,50.265745,46.223904705,0.01
landsat,2018-10-16,172/028,172,landsat-7,26.0,46.032,42.88413351,26.0
landsat,2018-10-16,172/027,172,landsat-7,10.0,47.449020000000004,43.41962379,10.0
landsat,2018-10-16,172/026,172,landsat-7,0.0,48.865975,43.98537908,0.0
landsat,2018-10-16,172/025,172,landsat-7,0.0,50.28123,44.586519429999996,0.0
landsat,2018-10-15,173/029,173,landsat-8,16.18,44.59408,40.92335841,16.18
landsat,2018-10-15,173/028,173,landsat-8,25.11,46.01534,41.444243665,25.11
landsat,2018-10-15,173/027,173,landsat-8,0.52,47.434884999999994,41.98414894,0.52
landsat,2018-10-15,173/026,173,landsat-8,4.21,48.85217,42.48276944,4.21
landsat,2018-10-15,173/025,173,landsat-8,17.86,50.265744999999995,43.068089815,17.86
landsat,2018-10-14,174/028,174,landsat-7,10.0,46.027705,39.82969841,10.0
landsat,2018-10-14,174/027,174,landsat-7,4.0,47.447745,40.3836487,4.0
landsat,2018-10-14,174/026,174,landsat-7,17.0,48.86757,40.94240397,17.0
landsat,2018-10-14,174/025,174,landsat-7,1.0,50.28365,41.5361243,1.0
landsat,2018-10-13,175/028,175,landsat-8,0.27,46.01602,38.313788755000004,0.4
landsat,2018-10-13,175/027,175,landsat-8,0.07,47.433189999999996,38.86128405,0.08
landsat,2018-10-13,175/026,175,landsat-8,0.03,48.850455,39.43795437,0.03
landsat,2018-10-13,175/025,175,landsat-8,0.02,50.26463,40.04099972,0.02
landsat,2018-10-12,176/028,176,landsat-7,0.0,46.031245,36.6981785,0.0
landsat,2018-10-12,176/027,176,landsat-7,0.0,47.450540000000004,37.236188795000004,0.0
landsat,2018-10-12,176/026,176,landsat-7,0.0,48.86567,37.801634105000005,0.0
landsat,2018-10-12,176/025,176,landsat-7,0.0,50.280555,38.39522442,0.0
landsat,2018-10-11,177/025,177,landsat-8,20.39,50.26553,36.891264809999996,20.39
landsat,2018-10-09,171/028,171,landsat-7,31.0,46.03167,44.44493846,31.0
landsat,2018-10-09,171/027,171,landsat-7,67.0,47.450855,44.993243750000005,67.0
landsat,2018-10-09,171/026,171,landsat-7,77.0,48.86899,45.560399024999995,77.0
landsat,2018-10-09,171/025,171,landsat-7,52.0,50.281175000000005,46.157634349999995,52.0
landsat,2018-10-08,172/029,172,landsat-8,8.87,44.59599,42.423373514999994,8.87
landsat,2018-10-08,172/028,172,landsat-8,73.58,46.016595,42.93618379,73.58
landsat,2018-10-08,172/027,172,landsat-8,94.4,47.434785000000005,43.474419085,94.4
landsat,2018-10-08,172/026,172,landsat-8,94.17,48.85026,44.048704415,94.17
landsat,2018-10-08,172/025,172,landsat-8,47.18,50.26526,44.65268477,47.18
landsat,2018-10-07,173/028,173,landsat-7,0.0,46.02865,41.39346337,0.0
landsat,2018-10-07,173/027,173,landsat-7,0.0,47.449855,41.926078615,0.0
landsat,2018-10-07,173/026,173,landsat-7,0.0,48.86716,42.425649145,0.0
landsat,2018-10-07,173/025,173,landsat-7,0.0,50.28228,43.005394475,0.0
landsat,2018-10-06,174/029,174,landsat-8,0.29,44.59483,39.36699345,0.33
landsat,2018-10-06,174/028,174,landsat-8,0.02,46.01495,39.896103714999995,0.02
landsat,2018-10-06,174/027,174,landsat-8,0.02,47.434835,40.446454,0.02
landsat,2018-10-06,174/026,174,landsat-8,18.87,48.851524999999995,41.014459305,18.87
landsat,2018-10-06,174/025,174,landsat-8,33.1,50.266014999999996,41.607834645,33.1
landsat,2018-10-05,175/028,175,landsat-7,23.0,46.032065,38.26333348,26.0
landsat,2018-10-05,175/027,175,landsat-7,39.0,47.446709999999996,38.80470875,45.0
landsat,2018-10-05,175/026,175,landsat-7,83.0,48.86558,39.37265903,83.0
landsat,2018-10-05,175/025,175,landsat-7,95.0,50.279915,39.977194374999996,95.0
landsat,2018-10-04,176/028,176,landsat-8,6.39,46.01609,36.759813789999995,15.62
landsat,2018-10-04,176/027,176,landsat-8,12.68,47.435105,37.295554085,14.07
landsat,2018-10-04,176/026,176,landsat-8,43.3,48.850094999999996,37.869004415,43.3
landsat,2018-10-04,176/025,176,landsat-8,72.75,50.26467,38.46970477,72.75
landsat,2018-10-03,177/025,177,landsat-7,92.0,50.279215,36.828369495000004,92.0
landsat,2018-10-02,170/028,170,landsat-7,13.0,46.031785,46.013203415,13.0
landsat,2018-10-01,171/029,171,landsat-8,0.07,44.593835,43.981008485000004,0.07
landsat,2018-10-01,171/028,171,landsat-8,1.6,46.01557,44.50939375,1.6
landsat,2018-10-01,171/027,171,landsat-8,15.1,47.43459,45.058199045,15.1
landsat,2018-10-01,171/026,171,landsat-8,1.0,48.85109,45.634294365,1.0
landsat,2018-10-01,171/025,171,landsat-8,0.1,50.26562,46.236814705,0.1
landsat,2018-09-30,172/028,172,landsat-7,59.0,46.031850000000006,42.874568505,59.0
landsat,2018-09-30,172/027,172,landsat-7,99.0,47.451665,43.41548879,99.0
landsat,2018-09-30,172/026,172,landsat-7,98.0,48.864585,43.983239095,98.0
landsat,2018-09-30,172/025,172,landsat-7,75.0,50.279880000000006,44.575814414999996,75.0
landsat,2018-09-29,173/029,173,landsat-8,5.47,44.59518,40.938478405,5.47
landsat,2018-09-29,173/028,173,landsat-8,3.57,46.016435,41.457858665,3.57
landsat,2018-09-29,173/027,173,landsat-8,8.47,47.434505,41.998088935,8.47
landsat,2018-09-29,173/026,173,landsat-8,66.99,48.851085,42.495044445,66.99
landsat,2018-09-29,173/025,173,landsat-8,92.8,50.26601,43.082859815000006,92.8
landsat,2018-09-28,174/028,174,landsat-7,38.0,46.03035,39.829828430000006,38.0
landsat,2018-09-28,174/027,174,landsat-7,59.0,47.45058,40.37344868,60.0
landsat,2018-09-28,174/026,174,landsat-7,6.0,48.86886,40.944673985,6.0
landsat,2018-09-28,174/025,174,landsat-7,19.0,50.279695,41.531644295,19.0
landsat,2018-09-27,175/028,175,landsat-8,29.63,46.016099999999994,38.32959376,11.24
landsat,2018-09-27,175/027,175,landsat-8,2.59,47.43317,38.879554049999996,1.89
landsat,2018-09-27,175/026,175,landsat-8,28.81,48.850404999999995,39.454669365,28.81
landsat,2018-09-27,175/025,175,landsat-8,99.99,50.265834999999996,40.058214715000005,99.99
landsat,2018-09-26,176/028,176,landsat-7,26.0,46.032520000000005,36.694203505,29.0
landsat,2018-09-26,176/027,176,landsat-7,28.0,47.449070000000006,37.22645878,32.0
landsat,2018-09-26,176/026,176,landsat-7,47.0,48.86568,37.799544105,47.0
landsat,2018-09-26,176/025,176,landsat-7,36.0,50.281864999999996,38.393044425,36.0
landsat,2018-09-25,177/025,177,landsat-8,97.84,50.265815,36.908094809999994,97.84
landsat,2018-09-23,171/028,171,landsat-7,0.0,46.03165,44.44099346,0.0
landsat,2018-09-23,171/027,171,landsat-7,0.0,47.446835,44.98310873,0.0
landsat,2018-09-23,171/026,171,landsat-7,0.0,48.864925,45.558309045,0.0
landsat,2018-09-23,171/025,171,landsat-7,0.0,50.281165,46.15548435,0.0
landsat,2018-09-22,172/029,172,landsat-8,0.05,44.594965,42.43857351,0.05
landsat,2018-09-22,172/028,172,landsat-8,0.1,46.015525,42.95366878,0.1
landsat,2018-09-22,172/027,172,landsat-8,0.01,47.435035,43.49268408499999,0.01
landsat,2018-09-22,172/026,172,landsat-8,1.58,48.85037,44.06750441,1.58
landsat,2018-09-22,172/025,172,landsat-8,3.79,50.26395,44.66992476,3.79
landsat,2018-09-21,173/028,173,landsat-7,0.0,46.02887,41.38366836,0.0
landsat,2018-09-21,173/027,173,landsat-7,0.0,47.44851,41.92613863,0.0
landsat,2018-09-21,173/026,173,landsat-7,0.0,48.86698,42.417579135,0.0
landsat,2018-09-21,173/025,173,landsat-7,0.0,50.28094,43.00735449,0.0
landsat,2018-09-20,174/029,174,landsat-8,0.46,44.594775,39.38623845,0.45
landsat,2018-09-20,174/028,174,landsat-8,0.04,46.016180000000006,39.911903715,0.04
landsat,2018-09-20,174/027,174,landsat-8,0.02,47.434645,40.462684,0.02
landsat,2018-09-20,174/026,174,landsat-8,0.0,48.851255,41.030809305000005,0.0
landsat,2018-09-20,174/025,174,landsat-8,0.05,50.265645,41.624654645,0.05
landsat,2018-09-19,175/028,175,landsat-7,0.0,46.02932,38.25547348,0.0
landsat,2018-09-19,175/027,175,landsat-7,0.0,47.450775,38.798628734999994,0.0
landsat,2018-09-19,175/026,175,landsat-7,0.0,48.86689,39.37478405,0.0
landsat,2018-09-19,175/025,175,landsat-7,0.0,50.27993,39.970744374999995,0.0
landsat,2018-09-18,176/028,176,landsat-8,0.03,46.01497,36.773348795000004,0.08
landsat,2018-09-18,176/027,176,landsat-8,1.09,47.433980000000005,37.31146409,1.3
landsat,2018-09-18,176/026,176,landsat-8,9.87,48.85025,37.883624420000004,9.87
landsat,2018-09-18,176/025,176,landsat-8,65.65,50.264754999999994,38.48477477,65.65
landsat,2018-09-17,177/025,177,landsat-7,0.0,50.28184,36.826094495,0.0
landsat,2018-09-16,170/028,170,landsat-7,9.0,46.031819999999996,46.00926341,9.0
landsat,2018-09-15,171/029,171,landsat-8,22.21,44.593925,43.992558485,22.21
landsat,2018-09-15,171/028,171,landsat-8,48.56,46.015595000000005,44.51729875,48.56
landsat,2018-09-15,171/027,171,landsat-8,53.86,47.434595,45.066319045,53.86
landsat,2018-09-15,171/026,171,landsat-8,86.98,48.851045,45.642649365,86.98
landsat,2018-09-14,172/028,172,landsat-7,19.0,46.030515,42.876398515000005,19.0
landsat,2018-09-14,172/027,172,landsat-7,12.0,47.45156,43.40746878,12.0
landsat,2018-09-14,172/026,172,landsat-7,0.0,48.868624999999994,43.9831291,0.0
landsat,2018-09-14,172/025,172,landsat-7,20.0,50.279894999999996,44.58006944,20.0
landsat,2018-09-13,173/029,173,landsat-8,0.43,44.595060000000004,40.946033405,0.43
landsat,2018-09-13,173/028,173,landsat-8,0.03,46.016270000000006,41.465603665,0.03
landsat,2018-09-13,173/027,173,landsat-8,0.02,47.434304999999995,42.006033939999995,0.02
landsat,2018-09-13,173/026,173,landsat-8,0.0,48.851255,42.503219445,0.0
landsat,2018-09-13,173/025,173,landsat-8,0.01,50.264790000000005,43.09137981,0.01
landsat,2018-09-12,174/028,174,landsat-7,25.0,46.030405,39.829823430000005,25.0
landsat,2018-09-12,174/027,174,landsat-7,26.0,47.451930000000004,40.373518685,26.0
landsat,2018-09-12,174/026,174,landsat-7,10.0,48.86886,40.944673985,10.0
landsat,2018-09-12,174/025,174,landsat-7,0.0,50.28104,41.5317693,0.0
landsat,2018-09-11,175/028,175,landsat-8,45.77,46.01612,38.33354376,51.82
landsat,2018-09-11,175/027,175,landsat-8,90.98,47.433205,38.885644049999996,95.81
landsat,2018-09-11,175/026,175,landsat-8,89.39,48.85041,39.460934365,89.39
landsat,2018-09-11,175/025,175,landsat-8,57.15,50.26445,40.06251972,57.15
landsat,2018-09-10,176/028,176,landsat-7,33.0,46.031090000000006,36.690428499999996,30.0
landsat,2018-09-10,176/027,176,landsat-7,48.0,47.45043,37.230188795000004,54.0
landsat,2018-09-10,176/026,176,landsat-7,91.0,48.866995,37.793354089999994,91.0
landsat,2018-09-10,176/025,176,landsat-7,78.0,50.283235,38.397269445,78.0
landsat,2018-09-09,177/025,177,landsat-8,100.0,50.26589,36.91229981,100.0
landsat,2018-09-07,171/028,171,landsat-7,96.0,46.030289999999994,44.442943475,96.0
landsat,2018-09-07,171/027,171,landsat-7,59.0,47.450885,44.983108725,59.0
landsat,2018-09-07,171/026,171,landsat-7,1.0,48.86363,45.551994019999995,1.0
landsat,2018-09-07,171/025,171,landsat-7,0.0,50.279815,46.15554937,0.0
landsat,2018-09-06,172/029,172,landsat-8,39.06,44.59623,42.434703515,39.06
landsat,2018-09-06,172/028,172,landsat-8,9.7,46.016864999999996,42.951678785,9.7
landsat,2018-09-06,172/027,172,landsat-8,1.23,47.434985,43.488629085,1.23
landsat,2018-09-06,172/026,172,landsat-8,0.63,48.850345000000004,44.063329415,0.63
landsat,2018-09-06,172/025,172,landsat-8,15.28,50.26394,44.66561976,15.28
landsat,2018-09-05,173/028,173,landsat-7,0.0,46.03022,41.383688355000004,0.0
landsat,2018-09-05,173/027,173,landsat-7,21.0,47.44851,41.92613863,21.0
landsat,2018-09-05,173/026,173,landsat-7,29.0,48.868325,42.41755413,29.0
landsat,2018-09-05,173/025,173,landsat-7,0.0,50.279455,42.99915447,0.0
landsat,2018-09-04,174/029,174,landsat-8,1.27,44.5948,39.37853845,1.22
landsat,2018-09-04,174/028,174,landsat-8,0.43,46.01621,39.907948715,0.43
landsat,2018-09-04,174/027,174,landsat-8,3.05,47.43469,40.458629,3.08
landsat,2018-09-04,174/026,174,landsat-8,2.12,48.851325,41.026719305,2.12
landsat,2018-09-04,174/025,174,landsat-8,0.58,50.265755,41.61838964499999,0.58
landsat,2018-09-03,175/028,175,landsat-7,33.0,46.028009999999995,38.257488475,46.0
landsat,2018-09-03,175/027,175,landsat-7,70.0,47.448105,38.796608735,72.0
landsat,2018-09-03,175/026,175,landsat-7,28.0,48.865525000000005,39.372699055,28.0
landsat,2018-09-03,175/025,175,landsat-7,4.0,50.281375,39.96639936,4.0
landsat,2018-09-02,176/028,176,landsat-8,38.65,46.0149,36.769478795,46.34
landsat,2018-09-02,176/027,176,landsat-8,74.23,47.43392,37.305534089999995,72.66
landsat,2018-09-02,176/026,176,landsat-8,61.02,48.85017,37.877359415,61.02
landsat,2018-09-02,176/025,176,landsat-8,42.14,50.264735,38.48046477,42.14
landsat,2018-09-01,177/025,177,landsat-7,0.0,50.281835,36.824029495,0.0
landsat,2018-08-31,170/028,170,landsat-7,8.0,46.029120000000006,46.00921341,8.0
landsat,2018-08-30,171/029,171,landsat-8,12.47,44.593895,43.988703485,12.47
landsat,2018-08-30,171/028,171,landsat-8,1.83,46.015595000000005,44.51729875,1.83
landsat,2018-08-30,171/027,171,landsat-8,6.04,47.434595,45.066319045,6.04
landsat,2018-08-30,171/026,171,landsat-8,11.33,48.851045,45.642649365,11.33
landsat,2018-08-29,172/028,172,landsat-7,1.0,46.031850000000006,42.874568505,1.0
landsat,2018-08-29,172/027,172,landsat-7,14.0,47.45161,43.41346379,14.0
landsat,2018-08-29,172/026,172,landsat-7,1.0,48.868655000000004,43.97906408,1.0
landsat,2018-08-29,172/025,172,landsat-7,0.0,50.279905,44.573664414999996,0.0
landsat,2018-08-28,173/029,173,landsat-8,3.13,44.593765000000005,40.94410341,3.13
landsat,2018-08-28,173/028,173,landsat-8,0.02,46.016285,41.463698665,0.02
landsat,2018-08-28,173/027,173,landsat-8,0.0,47.434380000000004,42.00400894,0.0
landsat,2018-08-28,173/026,173,landsat-8,0.0,48.851255,42.503219445,0.0
landsat,2018-08-28,173/025,173,landsat-8,0.01,50.26614,43.091274815,0.01
landsat,2018-08-27,174/028,174,landsat-7,1.0,46.027770000000004,39.82378841,1.0
landsat,2018-08-27,174/027,174,landsat-7,4.0,47.447835,40.375543699999994,4.0
landsat,2018-08-27,174/026,174,landsat-7,0.0,48.866285000000005,40.938208965,0.0
landsat,2018-08-27,174/025,174,landsat-7,0.0,50.278504999999996,41.525069275,0.0
landsat,2018-08-26,175/028,175,landsat-8,1.69,46.01612,38.33354376,2.2
landsat,2018-08-26,175/027,175,landsat-8,0.02,47.4332,38.88158405,0.02
landsat,2018-08-26,175/026,175,landsat-8,0.0,48.850425,39.456759364999996,0.0
landsat,2018-08-26,175/025,175,landsat-8,0.15,50.26445,40.06251972,0.15
landsat,2018-08-25,176/028,176,landsat-7,9.0,46.028490000000005,36.696153519999996,13.0
landsat,2018-08-25,176/027,176,landsat-7,0.0,47.449015,37.22443878,0.0
landsat,2018-08-25,176/026,176,landsat-7,0.0,48.865629999999996,37.797464105,0.0
landsat,2018-08-25,176/025,176,landsat-7,0.0,50.27782,38.39304444,0.0
landsat,2018-08-24,177/025,177,landsat-8,0.01,50.265825,36.910154809999995,0.01
landsat,2018-08-22,171/028,171,landsat-7,20.0,46.031670000000005,44.43902346,20.0
landsat,2018-08-22,171/027,171,landsat-7,30.0,47.446865,44.981083729999995,30.0
landsat,2018-08-22,171/026,171,landsat-7,4.0,48.864965,45.556224045,4.0
landsat,2018-08-22,171/025,171,landsat-7,19.0,50.281215,46.15333435,19.0
landsat,2018-08-21,172/029,172,landsat-8,0.28,44.59488,42.43479851,0.28
landsat,2018-08-21,172/028,172,landsat-8,0.02,46.016864999999996,42.951678785,0.02
landsat,2018-08-21,172/027,172,landsat-8,0.02,47.434985,43.488629085,0.02
landsat,2018-08-21,172/026,172,landsat-8,0.0,48.850345000000004,44.063329415,0.0
landsat,2018-08-21,172/025,172,landsat-8,0.0,50.26394,44.66561976,0.0
landsat,2018-08-20,173/028,173,landsat-7,0.0,46.03022,41.383688355000004,0.0
landsat,2018-08-20,173/027,173,landsat-7,0.0,47.451184999999995,41.92824363,0.0
landsat,2018-08-20,173/026,173,landsat-7,0.0,48.864374999999995,42.421704145,0.0
landsat,2018-08-20,173/025,173,landsat-7,0.0,50.279520000000005,43.00129947,0.0
landsat,2018-08-19,174/029,174,landsat-8,0.89,44.5948,39.37853845,1.03
landsat,2018-08-19,174/028,174,landsat-8,0.02,46.01621,39.907948715,0.02
landsat,2018-08-19,174/027,174,landsat-8,0.01,47.43469,40.458629,0.01
landsat,2018-08-19,174/026,174,landsat-8,0.05,48.851325,41.026719305,0.05
landsat,2018-08-19,174/025,174,landsat-8,0.64,50.26574,41.620449644999994,0.64
landsat,2018-08-18,175/028,175,landsat-7,0.0,46.02666,38.25748848,0.0
landsat,2018-08-18,175/027,175,landsat-7,1.0,47.448105,38.796608735,2.0
landsat,2018-08-18,175/026,175,landsat-7,14.0,48.86687,39.37269905,14.0
landsat,2018-08-18,175/025,175,landsat-7,4.0,50.282725,39.966399355,4.0
landsat,2018-08-17,176/028,176,landsat-8,0.07,46.01496,36.771448795,0.1
landsat,2018-08-17,176/027,176,landsat-8,2.03,47.43392,37.30748409,2.42
landsat,2018-08-17,176/026,176,landsat-8,17.52,48.850215,37.879444415,17.52
landsat,2018-08-17,176/025,176,landsat-8,72.08,50.264714999999995,38.48261977,72.08
landsat,2018-08-16,177/025,177,landsat-7,18.0,50.27644,36.824284495,18.0
landsat,2018-08-15,170/028,170,landsat-7,3.0,46.030395,46.015228425000004,3.0
landsat,2018-08-14,171/029,171,landsat-8,0.06,44.593925,43.992558485,0.06
landsat,2018-08-14,171/028,171,landsat-8,0.08,46.015595000000005,44.51729875,0.08
landsat,2018-08-14,171/027,171,landsat-8,3.17,47.434595,45.066319045,3.17
landsat,2018-08-14,171/026,171,landsat-8,3.69,48.851045,45.642649365,3.69
landsat,2018-08-13,172/028,172,landsat-7,35.0,46.03326,42.876528500000006,35.0
landsat,2018-08-13,172/027,172,landsat-7,83.0,47.447565,43.409653775,83.0
landsat,2018-08-13,172/026,172,landsat-7,65.0,48.864639999999994,43.983239095,65.0
landsat,2018-08-13,172/025,172,landsat-7,31.0,50.281265000000005,44.57793942,31.0
landsat,2018-08-12,173/029,173,landsat-8,44.38,44.59371,40.94602341,44.38
landsat,2018-08-12,173/028,173,landsat-8,88.59,46.01621,41.467573665,88.59
landsat,2018-08-12,173/027,173,landsat-8,23.99,47.43428,42.007988940000004,23.99
landsat,2018-08-12,173/026,173,landsat-8,3.23,48.85134,42.50730445,3.23
landsat,2018-08-12,173/025,173,landsat-8,3.35,50.266145,43.093334815,3.35
landsat,2018-08-11,174/028,174,landsat-7,0.0,46.027744999999996,39.82772841,0.0
landsat,2018-08-11,174/027,174,landsat-7,0.0,47.445195,40.37533368,0.0
landsat,2018-08-11,174/026,174,landsat-7,2.0,48.86077,40.944358985,2.0
landsat,2018-08-11,174/025,174,landsat-7,3.0,50.279765,41.529399285,3.0
landsat,2018-08-10,175/028,175,landsat-8,3.19,46.01614,38.33749876,3.79
landsat,2018-08-10,175/027,175,landsat-8,23.28,47.433205,38.885644049999996,25.98
landsat,2018-08-10,175/026,175,landsat-8,21.51,48.85041,39.460934365,21.51
landsat,2018-08-10,175/025,175,landsat-8,1.32,50.26442,40.06682472,1.32
landsat,2018-08-09,176/028,176,landsat-7,0.0,46.032595,36.698078505,0.0
landsat,2018-08-09,176/027,176,landsat-7,0.0,47.453175,37.230248785,0.0
landsat,2018-08-09,176/026,176,landsat-7,10.0,48.868415,37.80365410500001,10.0
landsat,2018-08-09,176/025,176,landsat-7,14.0,50.284605,38.395154430000005,14.0
landsat,2018-08-08,177/025,177,landsat-8,2.29,50.26596,36.91650981,2.29
landsat,2018-08-06,171/028,171,landsat-7,10.0,46.024925,44.444968474999996,10.0
landsat,2018-08-06,171/027,171,landsat-7,16.0,47.44687,44.98919373,16.0
landsat,2018-08-06,171/026,171,landsat-7,6.0,48.86094,45.558219025,6.0
landsat,2018-08-06,171/025,171,landsat-7,8.0,50.275729999999996,46.159709365,8.0
landsat,2018-08-05,172/029,172,landsat-8,7.55,44.59505,42.44234851,7.55
landsat,2018-08-05,172/028,172,landsat-8,1.19,46.01558,42.95564378,1.19
landsat,2018-08-05,172/027,172,landsat-8,0.0,47.43503,43.494719085,0.0
landsat,2018-08-05,172/026,172,landsat-8,0.7,48.850415,44.06959441,0.7
landsat,2018-08-05,172/025,172,landsat-8,1.38,50.263985000000005,44.67207976,1.38
landsat,2018-08-04,173/028,173,landsat-7,44.0,46.03282,41.38958336,44.0
landsat,2018-08-04,173/027,173,landsat-7,91.0,47.448565,41.92598362,91.0
landsat,2018-08-04,173/026,173,landsat-7,56.0,48.865885,42.42774915,56.0
landsat,2018-08-04,173/025,173,landsat-7,17.0,50.28228,43.005394475,17.0
landsat,2018-08-03,174/029,174,landsat-8,46.52,44.594775,39.38623845,52.01
landsat,2018-08-03,174/028,174,landsat-8,50.65,46.016155,39.915853715,50.67
landsat,2018-08-03,174/027,174,landsat-8,64.21,47.434595,40.466739000000004,64.47
landsat,2018-08-03,174/026,174,landsat-8,42.24,48.85119,41.032889305,42.24
landsat,2018-08-03,174/025,174,landsat-8,43.72,50.265575,41.626799645,43.72
landsat,2018-08-02,175/028,175,landsat-7,10.0,46.030755,38.265338475,15.0
landsat,2018-08-02,175/027,175,landsat-7,11.0,47.446715,38.808758749999996,12.0
landsat,2018-08-02,175/026,175,landsat-7,40.0,48.865545,39.37474403,40.0
landsat,2018-08-02,175/025,175,landsat-7,78.0,50.279865,39.979339374999995,78.0
landsat,2018-08-01,176/028,176,landsat-8,11.11,46.01645,36.77917879,3.24
landsat,2018-08-01,176/027,176,landsat-8,9.61,47.434035,37.315439084999994,6.45
landsat,2018-08-01,176/026,176,landsat-8,10.07,48.85029,37.88779942,10.07
landsat,2018-08-01,176/025,176,landsat-8,16.67,50.26475,38.491229770000004,16.67
landsat,2018-07-31,177/025,177,landsat-7,2.0,50.27652500000001,36.830554495,2.0
landsat,2018-07-30,170/028,170,landsat-7,42.0,46.027675,46.021093425000004,42.0
landsat,2018-07-29,171/029,171,landsat-8,13.58,44.59399,44.000253485,13.58
landsat,2018-07-29,171/028,171,landsat-8,65.58,46.015625,44.52519875,65.58
landsat,2018-07-29,171/027,171,landsat-8,93.98,47.43324,45.078494039999995,93.98
landsat,2018-07-29,171/026,171,landsat-8,87.59,48.851005,45.651004365,87.59
landsat,2018-07-28,172/028,172,landsat-7,5.0,46.029225,42.8785485,5.0
landsat,2018-07-28,172/027,172,landsat-7,74.0,47.449020000000004,43.41962379,74.0
landsat,2018-07-28,172/026,172,landsat-7,75.0,48.867369999999994,43.987409084999996,75.0
landsat,2018-07-28,172/025,172,landsat-7,13.0,50.277235000000005,44.582284415000004,13.0
landsat,2018-07-27,173/029,173,landsat-8,38.78,44.59487,40.957368405,38.78
landsat,2018-07-27,173/028,173,landsat-8,2.79,46.016045,41.475318665,2.79
landsat,2018-07-27,173/027,173,landsat-8,6.8,47.435345,42.017988935,6.8
landsat,2018-07-27,173/026,173,landsat-8,49.58,48.851510000000005,42.51547945,49.58
landsat,2018-07-27,173/025,173,landsat-8,98.87,50.264984999999996,43.10400481,98.87
landsat,2018-07-26,174/028,174,landsat-7,1.0,46.03174,39.83570342,1.0
landsat,2018-07-26,174/027,174,landsat-7,27.0,47.4465,40.379453685,27.0
landsat,2018-07-26,174/026,174,landsat-7,91.0,48.86468,40.95264398,91.0
landsat,2018-07-26,174/025,174,landsat-7,85.0,50.282285,41.537959285,85.0
landsat,2018-07-25,175/028,175,landsat-8,22.38,46.01618,38.345398759999995,25.87
landsat,2018-07-25,175/027,175,landsat-8,58.43,47.433205,38.89376405,61.85
landsat,2018-07-25,175/026,175,landsat-8,48.01,48.850385,39.469284365,48.01
landsat,2018-07-25,175/025,175,landsat-8,65.08,50.26569,40.075429715,65.08
landsat,2018-07-24,176/028,176,landsat-7,8.0,46.03,36.70578852,11.0
landsat,2018-07-24,176/027,176,landsat-7,24.0,47.44919,37.23441378,23.0
landsat,2018-07-24,176/026,176,landsat-7,21.0,48.864374999999995,37.801764085,21.0
landsat,2018-07-24,176/025,176,landsat-7,59.0,50.277879999999996,38.405939445,59.0
landsat,2018-07-23,177/025,177,landsat-8,51.48,50.264685,36.920729820000005,51.48
landsat,2018-07-21,171/028,171,landsat-7,23.0,46.02901,44.44694346,23.0
landsat,2018-07-21,171/027,171,landsat-7,31.0,47.44818,44.999328745,31.0
landsat,2018-07-21,171/026,171,landsat-7,91.0,48.866335,45.564544025000004,91.0
landsat,2018-07-21,171/025,171,landsat-7,94.0,50.278435,46.16185935,94.0
landsat,2018-07-20,172/029,172,landsat-8,42.91,44.59505,42.44234851,42.91
landsat,2018-07-20,172/028,172,landsat-8,24.68,46.015585,42.957543779999995,24.68
landsat,2018-07-20,172/027,172,landsat-8,37.54,47.43508,43.496749085000005,37.54
landsat,2018-07-20,172/026,172,landsat-8,93.48,48.850405,44.07168441,93.48
landsat,2018-07-20,172/025,172,landsat-8,99.95,50.26396,44.67423476,99.95
landsat,2018-07-19,173/028,173,landsat-7,86.0,46.03268,41.395423359999995,86.0
landsat,2018-07-19,173/027,173,landsat-7,62.0,47.448364999999995,41.93393362,62.0
landsat,2018-07-19,173/026,173,landsat-7,74.0,48.86464,42.43396414,74.0
landsat,2018-07-19,173/025,173,landsat-7,21.0,50.282415,43.013809475,21.0
landsat,2018-07-18,174/029,174,landsat-8,25.15,44.594775,39.38623845,28.31
landsat,2018-07-18,174/028,174,landsat-8,35.84,46.01614,39.913878714999996,35.82
landsat,2018-07-18,174/027,174,landsat-8,33.78,47.434595,40.466739000000004,33.92
landsat,2018-07-18,174/026,174,landsat-8,45.85,48.85119,41.032889305,45.85
landsat,2018-07-18,174/025,174,landsat-8,95.06,50.265575,41.626799645,95.06
landsat,2018-07-17,175/028,175,landsat-7,63.0,46.030775,38.269288474999996,79.0
landsat,2018-07-17,175/027,175,landsat-7,32.0,47.446745,38.81484375,35.0
landsat,2018-07-17,175/026,175,landsat-7,45.0,48.86556,39.38099903,45.0
landsat,2018-07-17,175/025,175,landsat-7,100.0,50.279849999999996,39.985789374999996,100.0
landsat,2018-07-16,176/028,176,landsat-8,35.13,46.016375,36.77530379,55.47
landsat,2018-07-16,176/027,176,landsat-8,50.51,47.433980000000005,37.31146409,51.87
landsat,2018-07-16,176/026,176,landsat-8,86.0,48.850245,37.88571442,86.0
landsat,2018-07-16,176/025,176,landsat-8,100.0,50.26473,38.48692977,100.0
landsat,2018-07-15,177/025,177,landsat-7,90.0,50.278005,36.834944475,90.0
landsat,2018-07-14,170/028,170,landsat-7,78.0,46.027615,46.02898342,78.0
landsat,2018-07-13,171/029,171,landsat-8,52.02,44.593955,43.996403485,52.02
landsat,2018-07-13,171/028,171,landsat-8,9.79,46.015609999999995,44.52124875,9.79
landsat,2018-07-13,171/027,171,landsat-8,18.95,47.43459,45.070379045,18.95
landsat,2018-07-13,171/026,171,landsat-8,34.47,48.85103,45.646829365,34.47
landsat,2018-07-12,172/028,172,landsat-7,11.0,46.03078,42.890158495,11.0
landsat,2018-07-12,172/027,172,landsat-7,24.0,47.449175,43.431788795,24.0
landsat,2018-07-12,172/026,172,landsat-7,27.0,48.86338,43.997844099999995,27.0
landsat,2018-07-12,172/025,172,landsat-7,45.0,50.278605,44.59086442,45.0
landsat,2018-07-11,173/029,173,landsat-8,19.43,44.595,40.949813405,19.43
landsat,2018-07-11,173/028,173,landsat-8,9.07,46.01621,41.467573665,9.07
landsat,2018-07-11,173/027,173,landsat-8,29.94,47.434205,42.010008940000006,29.94
landsat,2018-07-11,173/026,173,landsat-8,2.91,48.85134,42.50730445,2.91
landsat,2018-07-11,173/025,173,landsat-8,9.52,50.264855,43.09558981,9.52
landsat,2018-07-10,174/028,174,landsat-7,5.0,46.027564999999996,39.84753343,5.0
landsat,2018-07-10,174/027,174,landsat-7,5.0,47.450450000000004,40.38763368,5.0
landsat,2018-07-10,174/026,174,landsat-7,4.0,48.867245,40.96092898,4.0
landsat,2018-07-10,174/025,174,landsat-7,9.0,50.277995000000004,41.548449295,9.0
landsat,2018-07-09,175/028,175,landsat-8,3.03,46.01614,38.33749876,4.49
landsat,2018-07-09,175/027,175,landsat-8,2.41,47.433205,38.885644049999996,2.81
landsat,2018-07-09,175/026,175,landsat-8,12.8,48.85041,39.460934365,12.8
landsat,2018-07-09,175/025,175,landsat-8,18.25,50.265765,40.066824715,18.25
landsat,2018-07-08,176/028,176,landsat-7,5.0,46.030135,36.711633515,15.0
landsat,2018-07-08,176/027,176,landsat-7,21.0,47.452,37.24227878,25.0
landsat,2018-07-08,176/026,176,landsat-7,16.0,48.864415,37.805939089999995,16.0
landsat,2018-07-08,176/025,176,landsat-7,24.0,50.279225,38.41238944,24.0
landsat,2018-07-07,177/025,177,landsat-8,22.35,50.264545,36.912309815,22.35
landsat,2018-07-05,171/028,171,landsat-7,79.0,46.03172,44.45672348,79.0
landsat,2018-07-05,171/027,171,landsat-7,64.0,47.446805,45.00135374,64.0
landsat,2018-07-05,171/026,171,landsat-7,14.0,48.86495,45.566629035,14.0
landsat,2018-07-05,171/025,171,landsat-7,11.0,50.281055,46.170594365,11.0
landsat,2018-07-04,172/029,172,landsat-8,80.34,44.59488,42.43479851,80.34
landsat,2018-07-04,172/028,172,landsat-8,89.54,46.016864999999996,42.951678785,89.54
landsat,2018-07-04,172/027,172,landsat-8,78.39,47.434985,43.490659085,78.39
landsat,2018-07-04,172/026,172,landsat-8,39.65,48.850385,44.065414415,39.65
landsat,2018-07-04,172/025,172,landsat-8,22.98,50.265299999999996,44.669909770000004,22.98
landsat,2018-07-03,173/028,173,landsat-7,83.0,46.02849500000001,41.40120837,83.0
landsat,2018-07-03,173/027,173,landsat-7,77.0,47.449709999999996,41.933963614999996,77.0
landsat,2018-07-03,173/026,173,landsat-7,16.0,48.86599,42.433844144999995,16.0
landsat,2018-07-03,173/025,173,landsat-7,0.0,50.282415,43.013809475,0.0
landsat,2018-07-02,174/029,174,landsat-8,10.01,44.594785,39.38238845,11.72
landsat,2018-07-02,174/028,174,landsat-8,0.63,46.01621,39.907948715,0.63
landsat,2018-07-02,174/027,174,landsat-8,0.0,47.43469,40.458629,0.0
landsat,2018-07-02,174/026,174,landsat-8,0.07,48.851265,41.028804305,0.07
landsat,2018-07-02,174/025,174,landsat-8,4.42,50.265665,41.622594645,4.42
landsat,2018-07-01,175/028,175,landsat-7,10.0,46.02942,38.263438465,10.0
landsat,2018-07-01,175/027,175,landsat-7,25.0,47.448094999999995,38.814843745000005,27.0
landsat,2018-07-01,175/026,175,landsat-7,28.0,48.866905,39.381024035,28.0
landsat,2018-07-01,175/025,175,landsat-7,13.0,50.278580000000005,39.97923436000001,13.0
landsat,2018-06-30,176/028,176,landsat-8,24.52,46.01496,36.771448795,18.3
landsat,2018-06-30,176/027,176,landsat-8,17.41,47.433975000000004,37.30951409,11.54
landsat,2018-06-30,176/026,176,landsat-8,35.03,48.850205,37.881534415000004,35.03
landsat,2018-06-30,176/025,176,landsat-8,65.51,50.264754999999994,38.48477477,65.51
landsat,2018-06-29,177/025,177,landsat-7,91.0,50.276595,36.834764495,91.0
landsat,2018-06-28,170/028,170,landsat-7,0.0,46.031765,46.019123414999996,0.0
landsat,2018-06-27,171/029,171,landsat-8,6.44,44.593925,43.992558485,6.44
landsat,2018-06-27,171/028,171,landsat-8,22.3,46.01558,44.519273749999996,22.3
landsat,2018-06-27,171/027,171,landsat-8,6.46,47.43459,45.070379045,6.46
landsat,2018-06-27,171/026,171,landsat-8,14.33,48.85101,45.644739365,14.33
landsat,2018-06-26,172/028,172,landsat-7,5.0,46.028025,42.888123515000004,5.0
landsat,2018-06-26,172/027,172,landsat-7,13.0,47.44902,43.41768378,13.0
landsat,2018-06-26,172/026,172,landsat-7,5.0,48.86604,43.9936141,5.0
landsat,2018-06-26,172/025,172,landsat-7,13.0,50.28129,44.58653942,13.0
landsat,2018-06-25,173/029,173,landsat-8,11.08,44.595060000000004,40.946033405,11.08
landsat,2018-06-25,173/028,173,landsat-8,14.73,46.01621,41.467573665,14.73
landsat,2018-06-25,173/027,173,landsat-8,35.59,47.43428,42.007988940000004,35.59
landsat,2018-06-25,173/026,173,landsat-8,17.36,48.85134,42.50730445,17.36
landsat,2018-06-25,173/025,173,landsat-8,2.33,50.264795,43.09343981,2.33
landsat,2018-06-24,174/028,174,landsat-7,57.0,46.027615,39.83964843,57.0
landsat,2018-06-24,174/027,174,landsat-7,77.0,47.449145,40.381548685,77.0
landsat,2018-06-24,174/026,174,landsat-7,73.0,48.865970000000004,40.954828985,73.0
landsat,2018-06-24,174/025,174,landsat-7,58.0,50.278085000000004,41.5442393,58.0
landsat,2018-06-23,175/028,175,landsat-8,83.41,46.01614,38.33749876,76.43
landsat,2018-06-23,175/027,175,landsat-8,44.2,47.433205,38.885644049999996,40.3
landsat,2018-06-23,175/026,175,landsat-8,16.33,48.85041,39.460934365,16.33
landsat,2018-06-23,175/025,175,landsat-8,0.0,50.265765,40.066824715,0.0
landsat,2018-06-22,176/028,176,landsat-7,7.0,46.029984999999996,36.703883520000005,8.0
landsat,2018-06-22,176/027,176,landsat-7,0.0,47.44919,37.23441378,0.0
landsat,2018-06-22,176/026,176,landsat-7,0.0,48.86576,37.807889105,0.0
landsat,2018-06-22,176/025,176,landsat-7,0.0,50.27784,38.403789445,0.0
landsat,2018-06-21,177/025,177,landsat-8,0.01,50.265895,36.91435981,0.01
landsat,2018-06-19,171/028,171,landsat-7,6.0,46.027605,44.446913475,6.0
landsat,2018-06-19,171/027,171,landsat-7,3.0,47.44687,44.98919373,3.0
landsat,2018-06-19,171/026,171,landsat-7,1.0,48.864925,45.564569045,1.0
landsat,2018-06-19,171/025,171,landsat-7,2.0,50.281175000000005,46.157634349999995,2.0
landsat,2018-06-18,172/029,172,landsat-8,86.65,44.594965,42.43857351,86.65
landsat,2018-06-18,172/028,172,landsat-8,47.44,46.01693,42.955548785000005,47.44
landsat,2018-06-18,172/027,172,landsat-8,0.01,47.435035,43.49268408499999,0.01
landsat,2018-06-18,172/026,172,landsat-8,0.0,48.85037,44.06750441,0.0
landsat,2018-06-18,172/025,172,landsat-8,0.62,50.265299999999996,44.669909770000004,0.62
landsat,2018-06-16,174/029,174,landsat-8,94.15,44.594775,39.38623845,93.33
landsat,2018-06-16,174/028,174,landsat-8,32.41,46.016180000000006,39.911903715,32.42
landsat,2018-06-16,174/027,174,landsat-8,4.73,47.434645,40.462684,4.66
landsat,2018-06-16,174/026,174,landsat-8,13.96,48.85119,41.032889305,13.96
landsat,2018-06-16,174/025,174,landsat-8,11.56,50.265645,41.624654645,11.56
landsat,2018-06-15,175/028,175,landsat-7,5.0,46.030705,38.25748847,5.0
landsat,2018-06-15,175/027,175,landsat-7,0.0,47.44677,38.80472373,0.0
landsat,2018-06-15,175/026,175,landsat-7,19.0,48.862804999999994,39.38102405,19.0
landsat,2018-06-15,175/025,175,landsat-7,67.0,50.27996,39.974934355,67.0
landsat,2018-06-14,176/028,176,landsat-8,0.43,46.01504,36.777218790000006,0.01
landsat,2018-06-14,176/027,176,landsat-8,0.63,47.434035,37.313489085,0.75
landsat,2018-06-14,176/026,176,landsat-8,3.41,48.850245,37.88571442,3.41
landsat,2018-06-14,176/025,176,landsat-8,22.92,50.26475,38.491229770000004,22.92
landsat,2018-06-13,177/025,177,landsat-7,99.0,50.28332,36.830484475000006,99.0
landsat,2018-06-12,170/028,170,landsat-7,30.0,46.029095,46.01512841,30.0
landsat,2018-06-11,171/029,171,landsat-8,29.04,44.59399,44.000253485,29.04
landsat,2018-06-11,171/028,171,landsat-8,31.81,46.015625,44.52519875,31.81
landsat,2018-06-11,171/027,171,landsat-8,10.78,47.434595,45.074439045,10.78
landsat,2018-06-11,171/026,171,landsat-8,33.86,48.851005,45.651004365,33.86
landsat,2018-06-10,172/028,172,landsat-7,16.0,46.027955,42.884253515,16.0
landsat,2018-06-10,172/027,172,landsat-7,38.0,47.44762,43.413708775,38.0
landsat,2018-06-10,172/026,172,landsat-7,27.0,48.86601,43.9894441,27.0
landsat,2018-06-10,172/025,172,landsat-7,45.0,50.281279999999995,44.582244419999995,45.0
landsat,2018-06-09,173/029,173,landsat-8,13.09,44.594935,40.953588405000005,13.09
landsat,2018-06-09,173/028,173,landsat-8,1.18,46.01611,41.473348665,1.18
landsat,2018-06-09,173/027,173,landsat-8,0.0,47.434075,42.015928939999995,0.0
landsat,2018-06-09,173/026,173,landsat-8,1.82,48.851425,42.511389449999996,1.82
landsat,2018-06-09,173/025,173,landsat-8,36.52,50.266265000000004,43.099689815000005,36.52
landsat,2018-06-08,174/028,174,landsat-7,1.0,46.027645,39.83569843,1.0
landsat,2018-06-08,174/027,174,landsat-7,6.0,47.44919,40.377503685,6.0
landsat,2018-06-08,174/026,174,landsat-7,37.0,48.866035,40.950738985,37.0
landsat,2018-06-08,174/025,174,landsat-7,24.0,50.282375,41.533749285,24.0
landsat,2018-06-07,175/028,175,landsat-8,9.88,46.01618,38.345398759999995,10.54
landsat,2018-06-07,175/027,175,landsat-8,0.12,47.433205,38.89376405,0.14
landsat,2018-06-07,175/026,175,landsat-8,11.2,48.850385,39.469284365,11.2
landsat,2018-06-07,175/025,175,landsat-8,29.51,50.26569,40.075429715,29.51
landsat,2018-06-06,176/028,176,landsat-7,9.0,46.03117,36.694303500000004,9.0
landsat,2018-06-06,176/027,176,landsat-7,39.0,47.450540000000004,37.236188795000004,39.0
landsat,2018-06-06,176/026,176,landsat-7,60.0,48.86437,37.80371911,60.0
landsat,2018-06-06,176/025,176,landsat-7,99.0,50.279250000000005,38.397374424999995,99.0
landsat,2018-06-05,177/025,177,landsat-8,23.19,50.264685,36.920729820000005,23.19
landsat,2018-06-03,171/028,171,landsat-7,0.0,46.02899,44.44299346,0.0
landsat,2018-06-03,171/027,171,landsat-7,1.0,47.448155,44.993243745,1.0
landsat,2018-06-03,171/026,171,landsat-7,12.0,48.866330000000005,45.558284025000006,12.0
landsat,2018-06-03,171/025,171,landsat-7,24.0,50.27848,46.15755935,24.0
landsat,2018-06-02,172/029,172,landsat-8,18.42,44.59488,42.43479851,18.42
landsat,2018-06-02,172/028,172,landsat-8,0.01,46.016864999999996,42.951678785,0.01
landsat,2018-06-02,172/027,172,landsat-8,0.0,47.434985,43.490659085,0.0
landsat,2018-06-02,172/026,172,landsat-8,0.05,48.850385,44.065414415,0.05
landsat,2018-06-02,172/025,172,landsat-8,2.22,50.263975,44.66776976,2.22
landsat,2018-06-01,173/028,173,landsat-7,40.0,46.028639999999996,41.39536837,40.0
landsat,2018-06-01,173/027,173,landsat-7,36.0,47.449835,41.928033615000004,36.0
landsat,2018-06-01,173/026,173,landsat-7,2.0,48.865899999999996,42.429754145000004,2.0
landsat,2018-06-01,173/025,173,landsat-7,50.0,50.28235,43.009599475,50.0
landsat,2018-05-31,174/029,174,landsat-8,33.32,44.594935,39.324643449999996,23.04
landsat,2018-05-31,174/028,174,landsat-8,0.01,46.01392,39.848658715,0.01
landsat,2018-05-31,174/027,174,landsat-8,4.35,47.434039999999996,40.397678995,4.43
landsat,2018-05-31,174/026,174,landsat-8,12.7,48.850989999999996,40.965399309999995,12.7
landsat,2018-05-31,174/025,174,landsat-8,37.15,50.26576,41.55518464,37.15
landsat,2018-05-30,175/028,175,landsat-7,0.0,46.030755,38.265338475,0.0
landsat,2018-05-30,175/027,175,landsat-7,0.0,47.446745,38.81078875,0.0
landsat,2018-05-30,175/026,175,landsat-7,0.0,48.865570000000005,39.376829029999996,0.0
landsat,2018-05-30,175/025,175,landsat-7,0.0,50.279880000000006,39.981489374999995,0.0
landsat,2018-05-29,176/028,176,landsat-8,0.55,46.016549999999995,36.71324379,0.14
landsat,2018-05-29,176/027,176,landsat-8,0.03,47.434425,37.247829085000006,0.03
landsat,2018-05-29,176/026,176,landsat-8,0.03,48.851,37.81678441,0.03
landsat,2018-05-29,176/025,176,landsat-8,0.08,50.26448,38.41588477,0.08
landsat,2018-05-28,177/025,177,landsat-7,0.0,50.279354999999995,36.834719495,0.0
landsat,2018-05-27,170/028,170,landsat-7,0.0,46.030330000000006,46.023118425,0.0
landsat,2018-05-26,171/029,171,landsat-8,45.41,44.594809999999995,43.932888485,45.41
landsat,2018-05-26,171/028,171,landsat-8,9.53,46.015370000000004,44.458033755,9.53
landsat,2018-05-26,171/027,171,landsat-8,2.22,47.433234999999996,45.005414040000005,2.22
landsat,2018-05-26,171/026,171,landsat-8,0.14,48.850004999999996,45.57577936,0.14
landsat,2018-05-26,171/025,171,landsat-8,0.02,50.266195,46.178719705,0.02
landsat,2018-05-25,172/028,172,landsat-7,15.0,46.028025,42.888123515000004,15.0
landsat,2018-05-25,172/027,172,landsat-7,31.0,47.44767,43.417763775,31.0
landsat,2018-05-25,172/026,172,landsat-7,62.0,48.86604,43.9936141,62.0
landsat,2018-05-25,172/025,172,landsat-7,22.0,50.28129,44.58653942,22.0
landsat,2018-05-24,173/029,173,landsat-8,82.42,44.594675,40.887433415000004,82.42
landsat,2018-05-24,173/028,173,landsat-8,44.23,46.016135,41.40551866,44.23
landsat,2018-05-24,173/027,173,landsat-8,4.29,47.435885,41.944413940000004,4.29
landsat,2018-05-24,173/026,173,landsat-8,21.12,48.85122,42.43782444,21.12
landsat,2018-05-24,173/025,173,landsat-8,56.88,50.265074999999996,43.023959815,56.88
landsat,2018-05-23,174/028,174,landsat-7,67.0,46.027615,39.83964843,67.0
landsat,2018-05-23,174/027,174,landsat-7,97.0,47.4478,40.38147868,97.0
landsat,2018-05-23,174/026,174,landsat-7,81.0,48.865965,40.956838985000005,81.0
landsat,2018-05-23,174/025,174,landsat-7,96.0,50.282285,41.537959285,96.0
landsat,2018-05-22,175/028,175,landsat-8,30.32,46.01578,38.270328755,46.87
landsat,2018-05-22,175/027,175,landsat-8,41.99,47.43316,38.82068405,48.65
landsat,2018-05-22,175/026,175,landsat-8,41.17,48.85063,39.38991437,41.17
landsat,2018-05-22,175/025,175,landsat-8,17.41,50.265,39.99365472,17.41
landsat,2018-05-21,176/028,176,landsat-7,22.0,46.029970000000006,36.70206351,21.0
landsat,2018-05-21,176/027,176,landsat-7,45.0,47.447900000000004,37.240258795,52.0
landsat,2018-05-21,176/026,176,landsat-7,78.0,48.867115,37.80586909,78.0
landsat,2018-05-21,176/025,176,landsat-7,92.0,50.2779,38.40385942,92.0
landsat,2018-05-20,177/025,177,landsat-8,92.74,50.265995000000004,36.840674815,92.74
landsat,2018-05-18,171/028,171,landsat-7,1.0,46.031725,44.45085846,1.0
landsat,2018-05-18,171/027,171,landsat-7,2.0,47.446865,44.99324373,2.0
landsat,2018-05-18,171/026,171,landsat-7,4.0,48.86491,45.568739045,4.0
landsat,2018-05-18,171/025,171,landsat-7,7.0,50.28109499999999,46.16622435,7.0
landsat,2018-05-17,172/029,172,landsat-8,1.64,44.594989999999996,42.378058515000006,1.64
landsat,2018-05-17,172/028,172,landsat-8,0.01,46.01578,42.889703784999995,0.01
landsat,2018-05-17,172/027,172,landsat-8,0.3,47.43418,43.423674085,0.3
landsat,2018-05-17,172/026,172,landsat-8,20.2,48.85119,43.996479405,20.2
landsat,2018-05-17,172/025,172,landsat-8,3.05,50.26377,44.59673976,3.05
landsat,2018-05-16,173/028,173,landsat-7,5.0,46.03118,41.403233375,5.0
landsat,2018-05-16,173/027,173,landsat-7,6.0,47.446844999999996,41.93998363,6.0
landsat,2018-05-16,173/026,173,landsat-7,2.0,48.865965,42.432034125,2.0
landsat,2018-05-16,173/025,173,landsat-7,32.0,50.2798,43.020089485,32.0
landsat,2018-05-15,174/029,174,landsat-8,59.31,44.594944999999996,39.32079345,70.3
landsat,2018-05-15,174/028,174,landsat-8,24.82,46.01396,39.846683715,24.7
landsat,2018-05-15,174/027,174,landsat-8,9.58,47.43409,40.395653995,9.46
landsat,2018-05-15,174/026,174,landsat-8,33.83,48.85234,40.963404305,33.83
landsat,2018-05-15,174/025,174,landsat-8,42.41,50.265835,41.553039639999994,42.41
landsat,2018-05-14,175/028,175,landsat-7,99.0,46.02675,38.27326848,100.0
landsat,2018-05-14,175/027,175,landsat-7,100.0,47.448125,38.812823735,100.0
landsat,2018-05-14,175/026,175,landsat-7,100.0,48.864149999999995,39.391454045,100.0
landsat,2018-05-14,175/025,175,landsat-7,86.0,50.279894999999996,39.983529355,86.0
landsat,2018-05-13,176/028,176,landsat-8,28.95,46.016549999999995,36.71324379,35.07
landsat,2018-05-13,176/027,176,landsat-8,68.81,47.43442,37.245879085,71.67
landsat,2018-05-13,176/026,176,landsat-8,90.59,48.85095,37.81469441,90.59
landsat,2018-05-13,176/025,176,landsat-8,79.2,50.26444,38.41373477,79.2
landsat,2018-05-12,177/025,177,landsat-7,99.0,50.279515,36.84519949,99.0
landsat,2018-05-11,170/028,170,landsat-7,27.0,46.026305,46.026908410000004,27.0
landsat,2018-05-10,171/029,171,landsat-8,91.09,44.59346,43.932888485,91.09
landsat,2018-05-10,171/028,171,landsat-8,83.15,46.015370000000004,44.458033755,83.15
landsat,2018-05-10,171/027,171,landsat-8,79.91,47.433234999999996,45.005414040000005,79.91
landsat,2018-05-10,171/026,171,landsat-8,55.15,48.850004999999996,45.57577936,55.15
landsat,2018-05-10,171/025,171,landsat-8,5.04,50.264845,46.178719715,5.04
landsat,2018-05-09,172/028,172,landsat-7,100.0,46.02808,42.890263495,100.0
landsat,2018-05-09,172/027,172,landsat-7,100.0,47.446475,43.431868789999996,100.0
landsat,2018-05-09,172/026,172,landsat-7,77.0,48.86613,43.99789408,77.0
landsat,2018-05-09,172/025,172,landsat-7,26.0,50.27727,44.595189415,26.0
landsat,2018-05-08,173/029,173,landsat-8,100.0,44.594625,40.889353415,100.0
landsat,2018-05-08,173/028,173,landsat-8,100.0,46.016135,41.40551866,100.0
landsat,2018-05-08,173/027,173,landsat-8,100.0,47.435885,41.944413940000004,100.0
landsat,2018-05-08,173/026,173,landsat-8,99.04,48.851290000000006,42.43990944,99.04
landsat,2018-05-08,173/025,173,landsat-8,28.02,50.265074999999996,43.023959815,28.02
landsat,2018-05-07,174/028,174,landsat-7,96.0,46.02899,39.843548415,96.0
landsat,2018-05-07,174/027,174,landsat-7,85.0,47.44506,40.387488680000004,85.0
landsat,2018-05-07,174/026,174,landsat-7,82.0,48.863205,40.960813985,82.0
landsat,2018-05-07,174/025,174,landsat-7,16.0,50.27941,41.54622428,16.0
landsat,2018-05-06,175/028,175,landsat-8,51.77,46.015805,38.274283755,58.0
landsat,2018-05-06,175/027,175,landsat-8,59.94,47.43316,38.82068405,55.38
landsat,2018-05-06,175/026,175,landsat-8,21.95,48.850615000000005,39.39408937,21.95
landsat,2018-05-06,175/025,175,landsat-8,13.0,50.265,39.99365472,13.0
landsat,2018-05-05,176/028,176,landsat-7,25.0,46.028765,36.708008505,22.0
landsat,2018-05-05,176/027,176,landsat-7,3.0,47.448015,37.246258795,3.0
landsat,2018-05-05,176/026,176,landsat-7,1.0,48.86315,37.814214105,1.0
landsat,2018-05-05,176/025,176,landsat-7,0.0,50.279225,38.405974425,0.0
landsat,2018-05-04,177/025,177,landsat-8,0.01,50.266075,36.844874815,0.01
landsat,2018-05-02,171/028,171,landsat-7,0.0,46.024969999999996,44.456808475,0.0
landsat,2018-05-02,171/027,171,landsat-7,0.0,47.445515,44.997303725,0.0
landsat,2018-05-02,171/026,171,landsat-7,0.0,48.863545,45.57291405,0.0
landsat,2018-05-02,171/025,171,landsat-7,0.0,50.28111,46.16837435,0.0
landsat,2018-05-01,172/029,172,landsat-8,0.23,44.595135,42.383753515,0.23
landsat,2018-05-01,172/028,172,landsat-8,0.03,46.01592,42.89744879,0.03
landsat,2018-05-01,172/027,172,landsat-8,0.01,47.434285,43.431794085,0.01
landsat,2018-05-01,172/026,172,landsat-8,0.01,48.851265,44.002744405,0.01
landsat,2018-05-01,172/025,172,landsat-8,0.92,50.263814999999994,44.60319476,0.92
landsat,2018-04-30,173/028,173,landsat-7,0.0,46.025800000000004,41.40109337,0.0
landsat,2018-04-30,173/027,173,landsat-7,0.0,47.448285,41.935953615,0.0
landsat,2018-04-30,173/026,173,landsat-7,13.0,48.86471,42.43604414,13.0
landsat,2018-04-30,173/025,173,landsat-7,74.0,50.281135,43.016064465,74.0
landsat,2018-04-29,174/029,174,landsat-8,1.04,44.59492,39.328493449999996,1.23
landsat,2018-04-29,174/028,174,landsat-8,0.45,46.016605,39.854628715000004,0.45
landsat,2018-04-29,174/027,174,landsat-8,10.06,47.434,40.403773995,10.23
landsat,2018-04-29,174/026,174,landsat-8,48.25,48.852265,40.969499305,48.25
landsat,2018-04-29,174/025,174,landsat-8,16.95,50.265654999999995,41.56144964,16.95
landsat,2018-04-28,175/028,175,landsat-7,5.0,46.028099999999995,38.273268475,7.0
landsat,2018-04-28,175/027,175,landsat-7,2.0,47.449475,38.812813739999996,2.0
landsat,2018-04-28,175/026,175,landsat-7,25.0,48.862885,39.38306403,25.0
landsat,2018-04-28,175/025,175,landsat-7,31.0,50.278515,39.98788437,31.0
landsat,2018-04-27,176/028,176,landsat-8,0.02,46.01535,36.721083785000005,0.08
landsat,2018-04-27,176/027,176,landsat-8,0.07,47.434535,37.253834084999994,0.08
landsat,2018-04-27,176/026,176,landsat-8,2.3,48.851025,37.823049409999996,2.3
landsat,2018-04-27,176/025,176,landsat-8,64.28,50.264515,38.42449977,64.28
landsat,2018-04-26,177/025,177,landsat-7,14.0,50.278000000000006,36.832879475,14.0
landsat,2018-04-25,170/028,170,landsat-7,68.0,46.027645,46.025043425,68.0
landsat,2018-04-24,171/029,171,landsat-8,42.46,44.593515,43.942513485,42.46
landsat,2018-04-24,171/028,171,landsat-8,2.41,46.0154,44.465938754999996,2.41
landsat,2018-04-24,171/027,171,landsat-8,1.52,47.434585,45.013539045,1.52
landsat,2018-04-24,171/026,171,landsat-8,5.32,48.84995,45.58831436,5.32
landsat,2018-04-24,171/025,171,landsat-8,21.7,50.266065,46.18947471,21.7
landsat,2018-04-23,172/028,172,landsat-7,70.0,46.030645,42.8824135,70.0
landsat,2018-04-23,172/027,172,landsat-7,86.0,47.449124999999995,43.425703795000004,86.0
landsat,2018-04-23,172/026,172,landsat-7,89.0,48.86336,43.9915841,89.0
landsat,2018-04-23,172/025,172,landsat-7,97.0,50.279939999999996,44.586564415,97.0
landsat,2018-04-22,173/029,173,landsat-8,47.81,44.594445,40.900688415000005,47.81
landsat,2018-04-22,173/028,173,landsat-8,83.98,46.0159,41.417133660000005,83.98
landsat,2018-04-22,173/027,173,landsat-8,54.97,47.435585,41.95633394,54.97
landsat,2018-04-22,173/026,173,landsat-8,14.67,48.851479999999995,42.45008444,14.67
landsat,2018-04-22,173/025,173,landsat-8,59.59,50.265275,43.03657981,59.59
landsat,2018-04-21,174/028,174,landsat-7,32.0,46.02767,39.83964343,32.0
landsat,2018-04-21,174/027,174,landsat-7,23.0,47.449200000000005,40.381558685,24.0
landsat,2018-04-21,174/026,174,landsat-7,15.0,48.865965,40.956838985000005,15.0
landsat,2018-04-21,174/025,174,landsat-7,26.0,50.28362,41.54014929,26.0
landsat,2018-04-20,175/028,175,landsat-8,85.78,46.01587,38.286133754999994,97.95
landsat,2018-04-20,175/027,175,landsat-8,99.01,47.433170000000004,38.83286405,98.99
landsat,2018-04-20,175/026,175,landsat-8,99.98,48.85058,39.40662437,99.98
landsat,2018-04-20,175/025,175,landsat-8,99.97,50.264894999999996,40.006564714999996,99.97
landsat,2018-04-19,176/028,176,landsat-7,97.0,46.031395,36.705753525,96.0
landsat,2018-04-19,176/027,176,landsat-7,95.0,47.447900000000004,37.238303795,95.0
landsat,2018-04-19,176/026,176,landsat-7,99.0,48.864425,37.80384909,99.0
landsat,2018-04-19,176/025,176,landsat-7,53.0,50.279225,38.40593944,53.0
landsat,2018-04-18,177/025,177,landsat-8,100.0,50.264945,36.85761481,100.0
landsat,2018-04-16,171/028,171,landsat-7,10.0,46.029025000000004,44.45085847,10.0
landsat,2018-04-16,171/027,171,landsat-7,25.0,47.44548,44.995268745000004,25.0
landsat,2018-04-16,171/026,171,landsat-7,2.0,48.86362,45.562424025,2.0
landsat,2018-04-16,171/025,171,landsat-7,1.0,50.2784,46.166224365000005,1.0
landsat,2018-04-15,172/029,172,landsat-8,0.81,44.595389999999995,42.395083514999996,0.81
landsat,2018-04-15,172/028,172,landsat-8,1.18,46.01612,42.909068790000006,1.18
landsat,2018-04-15,172/027,172,landsat-8,4.52,47.434435,43.443974085,4.52
landsat,2018-04-15,172/026,172,landsat-8,1.78,48.85136,44.015284405,1.78
landsat,2018-04-15,172/025,172,landsat-8,8.05,50.263845,44.61610976,8.05
landsat,2018-04-14,173/028,173,landsat-7,0.0,46.030065,41.39143336,0.0
landsat,2018-04-14,173/027,173,landsat-7,1.0,47.44829,41.93603863,1.0
landsat,2018-04-14,173/026,173,landsat-7,8.0,48.868575,42.427809124999996,8.0
landsat,2018-04-14,173/025,173,landsat-7,8.0,50.279655,43.00971447,8.0
landsat,2018-04-13,174/029,174,landsat-8,68.76,44.594895,39.340043449999996,77.6
landsat,2018-04-13,174/028,174,landsat-8,92.38,46.016515,39.864503715,92.65
landsat,2018-04-13,174/027,174,landsat-8,35.84,47.433855,40.413913995,35.85
landsat,2018-04-13,174/026,174,landsat-8,27.94,48.852075,40.979754305,27.94
landsat,2018-04-13,174/025,174,landsat-8,17.08,50.266825,41.569989645,17.08
landsat,2018-04-12,175/028,175,landsat-7,48.0,46.026705,38.265373479999994,45.0
landsat,2018-04-12,175/027,175,landsat-7,13.0,47.448145,38.806743735,15.0
landsat,2018-04-12,175/026,175,landsat-7,47.0,48.864175,39.383109045,47.0
landsat,2018-04-12,175/025,175,landsat-7,10.0,50.277205,39.983584379999996,10.0
landsat,2018-04-11,176/028,176,landsat-8,3.13,46.016845,36.72873379000001,8.33
landsat,2018-04-11,176/027,176,landsat-8,0.1,47.434655,37.263734084999996,0.12
landsat,2018-04-11,176/026,176,landsat-8,0.89,48.851155000000006,37.83348941,0.89
landsat,2018-04-11,176/025,176,landsat-8,3.26,50.26455,38.43310477,3.26
landsat,2018-04-10,177/025,177,landsat-7,2.0,50.27936,36.836784495,2.0
landsat,2018-04-09,170/028,170,landsat-7,0.0,46.027675,46.021093425000004,0.0
landsat,2018-04-08,171/029,171,landsat-8,59.95,44.59358,43.950208485000005,59.95
landsat,2018-04-08,171/028,171,landsat-8,0.03,46.015429999999995,44.473833755,0.03
landsat,2018-04-08,171/027,171,landsat-8,0.02,47.433234999999996,45.02165404,0.02
landsat,2018-04-08,171/026,171,landsat-8,0.21,48.849909999999994,45.59666936,0.21
landsat,2018-04-08,171/025,171,landsat-8,5.15,50.26599,46.19807971,5.15
landsat,2018-04-07,172/028,172,landsat-7,8.0,46.030575,42.878538500000005,8.0
landsat,2018-04-07,172/027,172,landsat-7,48.0,47.449075,43.42164879,48.0
landsat,2018-04-07,172/026,172,landsat-7,54.0,48.863315,43.9894991,54.0
landsat,2018-04-07,172/025,172,landsat-7,60.0,50.277275,44.584434415000004,60.0
landsat,2018-04-06,173/029,173,landsat-8,1.17,44.594375,40.906323415,1.17
landsat,2018-04-06,173/028,173,landsat-8,0.29,46.0158,41.422908664999994,0.29
landsat,2018-04-06,173/027,173,landsat-8,0.04,47.435410000000005,41.96232894,0.04
landsat,2018-04-06,173/026,173,landsat-8,0.77,48.851654999999994,42.458254445,0.77
landsat,2018-04-06,173/025,173,landsat-8,3.87,50.265344999999996,43.04078481,3.87
landsat,2018-04-05,174/028,174,landsat-7,5.0,46.027654999999996,39.83767343,5.0
landsat,2018-04-05,174/027,174,landsat-7,46.0,47.449195,40.379528685,47.0
landsat,2018-04-05,174/026,174,landsat-7,93.0,48.86603,40.952743985,93.0
landsat,2018-04-05,174/025,174,landsat-7,40.0,50.27816,41.542099300000004,40.0
landsat,2018-04-04,175/028,175,landsat-8,4.06,46.015910000000005,38.294033755,4.08
landsat,2018-04-04,175/027,175,landsat-8,14.93,47.433175,38.84098405,14.42
landsat,2018-04-04,175/026,175,landsat-8,12.02,48.850555,39.41498437,12.02
landsat,2018-04-04,175/025,175,landsat-8,22.57,50.263485,40.01511971,22.57
landsat,2018-04-03,176/028,176,landsat-7,78.0,46.029894999999996,36.698193505,83.0
landsat,2018-04-03,176/027,176,landsat-7,100.0,47.44925,37.2382138,100.0
landsat,2018-04-03,176/026,176,landsat-7,100.0,48.86306,37.807954105,100.0
landsat,2018-04-03,176/025,176,landsat-7,100.0,50.27927,38.401674424999996,100.0
landsat,2018-04-02,177/025,177,landsat-8,100.0,50.26509,36.866024815,100.0
landsat,2018-03-31,171/028,171,landsat-7,28.0,46.027640000000005,44.448888475000004,28.0
landsat,2018-03-31,171/027,171,landsat-7,3.0,47.44956,44.98919373,3.0
landsat,2018-03-31,171/026,171,landsat-7,12.0,48.86626,45.56877405,12.0
landsat,2018-03-31,171/025,171,landsat-7,12.0,50.277,46.16836937,12.0
landsat,2018-03-30,172/029,172,landsat-8,100.0,44.595555,42.40263352,100.0
landsat,2018-03-30,172/028,172,landsat-8,100.0,46.01626,42.91681879,100.0
landsat,2018-03-30,172/027,172,landsat-8,75.61,47.434535,43.452089085,75.61
landsat,2018-03-30,172/026,172,landsat-8,4.57,48.851425,44.023634404999996,4.57
landsat,2018-03-30,172/025,172,landsat-8,0.12,50.263875,44.624719760000005,0.12
landsat,2018-03-29,173/028,173,landsat-7,100.0,46.03005,41.39333836,100.0
landsat,2018-03-29,173/027,173,landsat-7,100.0,47.44829,41.93603863,100.0
landsat,2018-03-29,173/026,173,landsat-7,100.0,48.861925,42.432099140000005,100.0
landsat,2018-03-29,173/025,173,landsat-7,92.0,50.278369999999995,43.011969465,92.0
landsat,2018-03-28,174/029,174,landsat-8,100.0,44.59488,39.34773845,100.0
landsat,2018-03-28,174/028,174,landsat-8,92.74,46.01647,39.874378715,93.07
landsat,2018-03-28,174/027,174,landsat-8,85.75,47.435115,40.422104,87.04
landsat,2018-03-28,174/026,174,landsat-8,98.45,48.851935,40.989929305000004,98.45
landsat,2018-03-28,174/025,174,landsat-8,99.27,50.26657,41.58054465,99.27
landsat,2018-03-27,175/028,175,landsat-7,93.0,46.02942,38.263438465,94.0
landsat,2018-03-27,175/027,175,landsat-7,79.0,47.44542,38.804723734999996,83.0
landsat,2018-03-27,175/026,175,landsat-7,100.0,48.862825,39.38310905,100.0
landsat,2018-03-27,175/025,175,landsat-7,100.0,50.278580000000005,39.97923436000001,100.0
landsat,2018-03-26,176/028,176,landsat-8,64.25,46.015645,36.736578785000006,69.01
landsat,2018-03-26,176/027,176,landsat-8,18.65,47.43482,37.273714084999995,15.33
landsat,2018-03-26,176/026,176,landsat-8,1.75,48.85123,37.84184941,1.75
landsat,2018-03-26,176/025,176,landsat-8,0.13,50.264565,38.44386977,0.13
landsat,2018-03-25,177/025,177,landsat-7,10.0,50.27666000000001,36.834844495,10.0
landsat,2018-03-24,170/028,170,landsat-7,100.0,46.03042,46.019073410000004,100.0
landsat,2018-03-23,171/029,171,landsat-8,100.0,44.593675000000005,43.961758485000004,100.0
landsat,2018-03-23,171/028,171,landsat-8,97.94,46.015474999999995,44.485688755,97.94
landsat,2018-03-23,171/027,171,landsat-8,90.06,47.433245,45.03383404,90.07
landsat,2018-03-23,171/026,171,landsat-8,10.34,48.849875,45.60501936,10.34
landsat,2018-03-23,171/025,171,landsat-8,2.09,50.265905000000004,46.20668971,2.09
landsat,2018-03-22,172/028,172,landsat-7,100.0,46.026605,42.88434851,100.0
landsat,2018-03-22,172/027,172,landsat-7,94.0,47.447675000000004,43.415733775,94.0
landsat,2018-03-22,172/026,172,landsat-7,96.0,48.863344999999995,43.993669100000005,96.0
landsat,2018-03-22,172/025,172,landsat-7,81.0,50.279939999999996,44.586564415,81.0
landsat,2018-03-21,173/029,173,landsat-8,24.52,44.594195,40.917658415,24.52
landsat,2018-03-21,173/028,173,landsat-8,47.85,46.015564999999995,41.434528665,47.85
landsat,2018-03-21,173/027,173,landsat-8,92.8,47.43511,41.974248939999995,92.8
landsat,2018-03-21,173/026,173,landsat-8,100.0,48.851915000000005,42.470509445,100.0
landsat,2018-03-21,173/025,173,landsat-8,100.0,50.265545,43.053409810000005,100.0
landsat,2018-03-20,174/028,174,landsat-7,100.0,46.029044999999996,39.835663415,100.0
landsat,2018-03-20,174/027,174,landsat-7,100.0,47.447705,40.3897287,100.0
landsat,2018-03-20,174/026,174,landsat-7,100.0,48.867435,40.950578969999995,100.0
landsat,2018-03-20,174/025,174,landsat-7,100.0,50.278225000000006,41.539749275000005,100.0
landsat,2018-03-19,175/028,175,landsat-8,76.49,46.01598,38.305888755,65.72
landsat,2018-03-19,175/027,175,landsat-8,100.0,47.434529999999995,38.853164045,100.0
landsat,2018-03-19,175/026,175,landsat-8,100.0,48.85052,39.427509369999996,100.0
landsat,2018-03-19,175/025,175,landsat-8,99.98,50.26608,40.02808471,99.98
landsat,2018-03-18,176/028,176,landsat-7,100.0,46.027275,36.702178509999996,100.0
landsat,2018-03-18,176/027,176,landsat-7,100.0,47.445205,37.240353795000004,100.0
landsat,2018-03-18,176/026,176,landsat-7,100.0,48.864415,37.805939089999995,100.0
landsat,2018-03-18,176/025,176,landsat-7,81.0,50.279245,38.41023944,81.0
landsat,2018-03-17,177/025,177,landsat-8,100.0,50.26531,36.87864981,100.0
landsat,2018-03-15,171/028,171,landsat-7,100.0,46.02769000000001,44.454808475,100.0
landsat,2018-03-15,171/027,171,landsat-7,100.0,47.448215000000005,44.997303725,100.0
landsat,2018-03-15,171/026,171,landsat-7,100.0,48.86225,45.566594030000005,100.0
landsat,2018-03-15,171/025,171,landsat-7,100.0,50.276965000000004,46.17266937,100.0
landsat,2018-03-14,172/029,172,landsat-8,80.44,44.595825000000005,42.415818515,80.44
landsat,2018-03-14,172/028,172,landsat-8,95.8,46.016465,42.92843879,95.8
landsat,2018-03-14,172/027,172,landsat-8,60.03,47.434685,43.464269085,60.03
landsat,2018-03-14,172/026,172,landsat-8,0.66,48.851505,44.03825941,0.66
landsat,2018-03-14,172/025,172,landsat-8,0.49,50.263905,44.63763976,0.49
landsat,2018-03-13,173/028,173,landsat-7,2.0,46.025800000000004,41.40109337,2.0
landsat,2018-03-13,173/027,173,landsat-7,1.0,47.447015,41.93381361,1.0
landsat,2018-03-13,173/026,173,landsat-7,7.0,48.864725,42.438049140000004,7.0
landsat,2018-03-13,173/025,173,landsat-7,47.0,50.279790000000006,43.018129470000005,47.0
landsat,2018-03-12,174/029,174,landsat-8,59.99,44.59485,39.35928845,70.64
landsat,2018-03-12,174/028,174,landsat-8,71.84,46.015029999999996,39.884208709999996,72.07
landsat,2018-03-12,174/027,174,landsat-8,7.38,47.434975,40.434273995,7.49
landsat,2018-03-12,174/026,174,landsat-8,11.7,48.85174,41.000189305,11.7
landsat,2018-03-12,174/025,174,landsat-8,58.57,50.266375,41.591009645,58.57
landsat,2018-03-11,175/028,175,landsat-7,91.0,46.025415,38.271333475,89.0
landsat,2018-03-11,175/027,175,landsat-7,89.0,47.445425,38.812833735,93.0
landsat,2018-03-11,175/026,175,landsat-7,99.0,48.862805,39.39145405,99.0
landsat,2018-03-11,175/025,175,landsat-7,100.0,50.278549999999996,39.98352936,100.0
landsat,2018-03-10,176/028,176,landsat-8,91.46,46.01587,36.748198785,92.05
landsat,2018-03-10,176/027,176,landsat-8,100.0,47.434934999999996,37.281669085000004,100.0
landsat,2018-03-10,176/026,176,landsat-8,100.0,48.851295,37.85229441,100.0
landsat,2018-03-10,176/025,176,landsat-8,100.0,50.2646,38.45248477,100.0
landsat,2018-03-09,177/025,177,landsat-7,100.0,50.278005,36.834944475,100.0
landsat,2018-03-08,170/028,170,landsat-7,97.0,46.029035,46.023018410000006,97.0
landsat,2018-03-07,171/029,171,landsat-8,98.96,44.59371,43.965608485000004,98.96
landsat,2018-03-07,171/028,171,landsat-8,100.0,46.015495,44.489638755,100.0
landsat,2018-03-07,171/027,171,landsat-8,78.83,47.43459,45.037899045,78.83
landsat,2018-03-07,171/026,171,landsat-8,86.97,48.849835,45.613374359999995,86.97
landsat,2018-03-07,171/025,171,landsat-8,40.07,50.265825,46.21529971,40.07
landsat,2018-03-06,172/028,172,landsat-7,1.0,46.02936,42.886293499999994,1.0
landsat,2018-03-06,172/027,172,landsat-7,1.0,47.449124999999995,43.427733795,1.0
landsat,2018-03-06,172/026,172,landsat-7,0.0,48.86068,43.9978991,0.0
landsat,2018-03-06,172/025,172,landsat-7,0.0,50.277255,44.590889415,0.0
landsat,2018-03-05,173/029,173,landsat-8,99.91,44.595485,40.921448409999996,99.91
landsat,2018-03-05,173/028,173,landsat-8,35.52,46.015485,41.438398665,35.52
landsat,2018-03-05,173/027,173,landsat-8,6.06,47.435010000000005,41.978218940000005,6.06
landsat,2018-03-05,173/026,173,landsat-8,23.24,48.852000000000004,42.474599444999996,23.24
landsat,2018-03-05,173/025,173,landsat-8,23.17,50.265609999999995,43.057614814999994,23.17
landsat,2018-03-04,174/028,174,landsat-7,97.0,46.024905000000004,39.84552343,97.0
landsat,2018-03-04,174/027,174,landsat-7,85.0,47.44641,40.387558685,85.0
landsat,2018-03-04,174/026,174,landsat-7,99.0,48.8632,40.962818985,99.0
landsat,2018-03-04,174/025,174,landsat-7,100.0,50.27941,41.54622428,100.0
landsat,2018-03-03,175/028,175,landsat-8,94.92,46.01598,38.305888755,92.3
landsat,2018-03-03,175/027,175,landsat-8,100.0,47.434535,38.857224044999995,100.0
landsat,2018-03-03,175/026,175,landsat-8,100.0,48.85052,39.427509369999996,100.0
landsat,2018-03-03,175/025,175,landsat-8,100.0,50.266045000000005,40.032389710000004,100.0
landsat,2018-03-02,176/028,176,landsat-7,84.0,46.02886,36.71551852,90.0
landsat,2018-03-02,176/027,176,landsat-7,26.0,47.449304999999995,37.24236878,23.0
landsat,2018-03-02,176/026,176,landsat-7,0.0,48.861760000000004,37.810174085,0.0
landsat,2018-03-02,176/025,176,landsat-7,8.0,50.276545,38.416719435000005,8.0
landsat,2018-03-01,177/025,177,landsat-8,100.0,50.26531,36.87864981,100.0
landsat,2018-02-27,171/028,171,landsat-7,14.0,46.029055,44.45877846,14.0
landsat,2018-02-27,171/027,171,landsat-7,15.0,47.448155,45.009463745,15.0
landsat,2018-02-27,171/026,171,landsat-7,4.0,48.86216,45.581224045,4.0
landsat,2018-02-27,171/025,171,landsat-7,0.0,50.27832,46.174749355,0.0
landsat,2018-02-26,172/029,172,landsat-8,97.07,44.594390000000004,42.41213851,97.07
landsat,2018-02-26,172/028,172,landsat-8,64.67,46.016465,42.92843879,64.67
landsat,2018-02-26,172/027,172,landsat-8,21.82,47.434685,43.464269085,21.82
landsat,2018-02-26,172/026,172,landsat-8,99.97,48.850170000000006,44.036169415,99.97
landsat,2018-02-26,172/025,172,landsat-8,99.98,50.263905,44.63763976,99.98
landsat,2018-02-25,173/028,173,landsat-7,100.0,46.025639999999996,41.408833369999996,100.0
landsat,2018-02-25,173/027,173,landsat-7,100.0,47.446815,41.94175861,100.0
landsat,2018-02-25,173/026,173,landsat-7,100.0,48.863555000000005,42.446239145,100.0
landsat,2018-02-25,173/025,173,landsat-7,100.0,50.279925,43.026544475,100.0
landsat,2018-02-24,174/029,174,landsat-8,98.18,44.59488,39.35736345,97.87
landsat,2018-02-24,174/028,174,landsat-8,100.0,46.01638,39.884253715,100.0
landsat,2018-02-24,174/027,174,landsat-8,100.0,47.435025,40.432249,100.0
landsat,2018-02-24,174/026,174,landsat-8,71.59,48.8518,40.998109305,71.59
landsat,2018-02-24,174/025,174,landsat-8,45.07,50.266375,41.591009645,45.07
landsat,2018-02-23,175/028,175,landsat-7,100.0,46.026795,38.281163480000004,100.0
landsat,2018-02-23,175/027,175,landsat-7,100.0,47.44813,38.820933735,100.0
landsat,2018-02-23,175/026,175,landsat-7,89.0,48.86413,39.399794045,89.0
landsat,2018-02-23,175/025,175,landsat-7,9.0,50.274355,39.998564380000005,9.0
landsat,2018-02-22,176/028,176,landsat-8,100.0,46.015795,36.744323785,99.99
landsat,2018-02-22,176/027,176,landsat-8,91.0,47.434934999999996,37.281669085000004,89.26
landsat,2018-02-22,176/026,176,landsat-8,15.12,48.851304999999996,37.85020441,15.12
landsat,2018-02-22,176/025,176,landsat-8,8.81,50.26462,38.450329769999996,8.81
landsat,2018-02-21,177/025,177,landsat-7,7.0,50.276889999999995,36.849529489999995,7.0
landsat,2018-02-20,170/028,170,landsat-7,100.0,46.026275,46.030853410000006,100.0
landsat,2018-02-19,171/029,171,landsat-8,99.91,44.59371,43.965608485000004,99.91
landsat,2018-02-19,171/028,171,landsat-8,99.95,46.01553,44.491613755,99.95
landsat,2018-02-19,171/027,171,landsat-8,100.0,47.43324,45.03789404,100.0
landsat,2018-02-19,171/026,171,landsat-8,100.0,48.849835,45.613374359999995,100.0
landsat,2018-02-19,171/025,171,landsat-8,100.0,50.265825,46.21529971,100.0
landsat,2018-02-18,172/028,172,landsat-7,100.0,46.026945,42.90180851,100.0
landsat,2018-02-18,172/027,172,landsat-7,100.0,47.44788,43.433978775,100.0
landsat,2018-02-18,172/026,172,landsat-7,100.0,48.863475,44.0103591,100.0
landsat,2018-02-18,172/025,172,landsat-7,100.0,50.27999,44.603759415,100.0
landsat,2018-02-17,173/029,173,landsat-8,41.11,44.59408,40.92335841,41.11
landsat,2018-02-17,173/028,173,landsat-8,85.13,46.01542,41.440368665,85.13
landsat,2018-02-17,173/027,173,landsat-8,99.93,47.434985,41.98017394,99.93
landsat,2018-02-17,173/026,173,landsat-8,99.97,48.85207,42.476679445,99.97
landsat,2018-02-17,173/025,173,landsat-8,79.94,50.26568,43.061824814999994,79.94
landsat,2018-02-16,174/028,174,landsat-7,65.0,46.028935000000004,39.851438415000004,65.0
landsat,2018-02-16,174/027,174,landsat-7,65.0,47.447525,40.4059387,66.0
landsat,2018-02-16,174/026,174,landsat-7,79.0,48.86031,40.97296898,79.0
landsat,2018-02-16,174/025,174,landsat-7,96.0,50.276520000000005,41.55654928,96.0
landsat,2018-02-15,175/028,175,landsat-8,95.49,46.016000000000005,38.309843755,93.14
landsat,2018-02-15,175/027,175,landsat-8,100.0,47.433185,38.85722405,100.0
landsat,2018-02-15,175/026,175,landsat-8,100.0,48.850505,39.43168937,100.0
landsat,2018-02-15,175/025,175,landsat-8,100.0,50.266055,40.034539710000004,100.0
landsat,2018-02-14,176/028,176,landsat-7,69.0,46.028985,36.7196285,66.0
landsat,2018-02-14,176/027,176,landsat-7,97.0,47.445435,37.254398785,98.0
landsat,2018-02-14,176/026,176,landsat-7,100.0,48.86056,37.828879105,100.0
landsat,2018-02-14,176/025,176,landsat-7,84.0,50.278014999999996,38.42319942,84.0
landsat,2018-02-13,177/025,177,landsat-8,100.0,50.265384999999995,36.88285481,100.0
landsat,2018-02-11,171/028,171,landsat-7,62.0,46.027735,44.472558475,62.0
landsat,2018-02-11,171/027,171,landsat-7,1.0,47.448215000000005,45.013518725,1.0
landsat,2018-02-11,171/026,171,landsat-7,2.0,48.86085,45.585334025,2.0
landsat,2018-02-11,171/025,171,landsat-7,0.0,50.276804999999996,46.18985937,0.0
landsat,2018-02-10,172/029,172,landsat-8,52.0,44.59589,42.417738514999996,52.0
landsat,2018-02-10,172/028,172,landsat-8,98.65,46.016525,42.93230879,98.65
landsat,2018-02-10,172/027,172,landsat-8,92.56,47.43474,43.468329085,92.56
landsat,2018-02-10,172/026,172,landsat-8,37.58,48.8502,44.040344415,37.58
landsat,2018-02-10,172/025,172,landsat-8,1.37,50.263915,44.64193976,1.37
landsat,2018-02-09,173/028,173,landsat-7,100.0,46.02547,41.418483374999994,100.0
landsat,2018-02-09,173/027,173,landsat-7,100.0,47.44652,41.95367861,100.0
landsat,2018-02-09,173/026,173,landsat-7,100.0,48.86245,42.45661414,100.0
landsat,2018-02-09,173/025,173,landsat-7,100.0,50.28013,43.037109475,100.0
landsat,2018-02-08,174/029,174,landsat-8,40.66,44.594835,39.36313845,47.77
landsat,2018-02-08,174/028,174,landsat-8,74.5,46.01635,39.888203715,74.42
landsat,2018-02-08,174/027,174,landsat-8,100.0,47.434925,40.438338994999995,100.0
landsat,2018-02-08,174/026,174,landsat-8,100.0,48.85167,41.004279305,100.0
landsat,2018-02-08,174/025,174,landsat-8,75.42,50.266284999999996,41.595214645,75.42
landsat,2018-02-07,175/028,175,landsat-7,9.0,46.026830000000004,38.283203459999996,14.0
landsat,2018-02-07,175/027,175,landsat-7,32.0,47.444045,38.83715375,33.0
landsat,2018-02-07,175/026,175,landsat-7,19.0,48.86283,39.40391903,19.0
landsat,2018-02-07,175/025,175,landsat-7,40.0,50.278305,40.011519375,40.0
landsat,2018-02-06,176/028,176,landsat-8,20.85,46.01594,36.752068785,19.6
landsat,2018-02-06,176/027,176,landsat-8,22.69,47.434995,37.285654085000004,21.36
landsat,2018-02-06,176/026,176,landsat-8,18.61,48.851335,37.85646941,18.61
landsat,2018-02-06,176/025,176,landsat-8,80.83,50.264655000000005,38.45893977,80.83
landsat,2018-02-05,177/025,177,landsat-7,72.0,50.2783,36.851774475,72.0
landsat,2018-02-03,171/029,171,landsat-8,57.51,44.593775,43.973303485,57.51
landsat,2018-02-03,171/028,171,landsat-8,99.99,46.01556,44.499518755,99.99
landsat,2018-02-03,171/027,171,landsat-8,100.0,47.434595,45.046019045,100.0
landsat,2018-02-03,171/026,171,landsat-8,100.0,48.849795,45.62172936,100.0
landsat,2018-02-03,171/025,171,landsat-8,100.0,50.265745,46.223904705,100.0
landsat,2018-02-02,172/028,172,landsat-7,5.0,46.02552,42.898113495000004,5.0
landsat,2018-02-02,172/027,172,landsat-7,11.0,47.443885,43.440058795,11.0
landsat,2018-02-02,172/026,172,landsat-7,73.0,48.863455,44.00420908,73.0
landsat,2018-02-02,172/025,172,landsat-7,100.0,50.27728,44.61018444,100.0
landsat,2018-02-01,173/029,173,landsat-8,15.57,44.593959999999996,40.93091341,15.57
landsat,2018-02-01,173/028,173,landsat-8,46.29,46.01526,41.448113665,46.29
landsat,2018-02-01,173/027,173,landsat-8,72.54,47.434785000000005,41.98811894,72.54
landsat,2018-02-01,173/026,173,landsat-8,86.27,48.85224,42.48485444,86.27
landsat,2018-02-01,173/025,173,landsat-8,86.72,50.265805,43.070234815,86.72
landsat,2018-01-31,174/028,174,landsat-7,64.0,46.027550000000005,39.85345343,64.0
landsat,2018-01-31,174/027,174,landsat-7,79.0,47.44217,40.399638685,78.0
landsat,2018-01-31,174/026,174,landsat-7,95.0,48.861779999999996,40.966713965,95.0
landsat,2018-01-31,174/025,174,landsat-7,54.0,50.277730000000005,41.5610643,54.0
landsat,2018-01-30,175/028,175,landsat-8,100.0,46.016054999999994,38.315763759999996,100.0
landsat,2018-01-30,175/027,175,landsat-8,100.0,47.433195,38.86534405,100.0
landsat,2018-01-30,175/026,175,landsat-8,100.0,48.85049,39.43586937,100.0
landsat,2018-01-30,175/025,175,landsat-8,100.0,50.265975,40.040999715,100.0
landsat,2018-01-29,176/028,176,landsat-7,100.0,46.02614,36.7119935,100.0
landsat,2018-01-29,176/027,176,landsat-7,100.0,47.44538,37.252283795,100.0
landsat,2018-01-29,176/026,176,landsat-7,69.0,48.864535000000004,37.81844909,69.0
landsat,2018-01-29,176/025,176,landsat-7,58.0,50.27528,38.41463942,58.0
landsat,2018-01-28,177/025,177,landsat-8,100.0,50.265455,36.88705981,100.0
landsat,2018-01-26,171/028,171,landsat-7,49.0,46.024969999999996,44.456808475,49.0
landsat,2018-01-26,171/027,171,landsat-7,100.0,47.446865,44.99730373,100.0
landsat,2018-01-26,171/026,171,landsat-7,100.0,48.862175,45.577054045,100.0
landsat,2018-01-26,171/025,171,landsat-7,23.0,50.27423,46.17689937,23.0
landsat,2018-01-25,172/029,172,landsat-8,99.92,44.59574,42.412043515,99.92
landsat,2018-01-25,172/028,172,landsat-8,89.55,46.016395,42.92456379,89.55
landsat,2018-01-25,172/027,172,landsat-8,69.87,47.434685,43.464269085,69.87
landsat,2018-01-25,172/026,172,landsat-8,99.97,48.850170000000006,44.036169415,99.97
landsat,2018-01-25,172/025,172,landsat-8,100.0,50.263905,44.63763976,100.0
landsat,2018-01-24,173/028,173,landsat-7,100.0,46.02459,41.39506835500001,100.0
landsat,2018-01-24,173/027,173,landsat-7,100.0,47.445499999999996,41.939863625,100.0
landsat,2018-01-24,173/026,173,landsat-7,100.0,48.86327,42.432174125,100.0
landsat,2018-01-24,173/025,173,landsat-7,100.0,50.278515,43.022239490000004,100.0
landsat,2018-01-23,174/029,174,landsat-8,100.0,44.59489,39.35351345,100.0
landsat,2018-01-23,174/028,174,landsat-8,100.0,46.016405,39.880303715,100.0
landsat,2018-01-23,174/027,174,landsat-8,100.0,47.43502,40.430219,100.0
landsat,2018-01-23,174/026,174,landsat-8,100.0,48.851805,40.99610431,100.0
landsat,2018-01-23,174/025,174,landsat-8,100.0,50.266465,41.586809645,100.0
landsat,2018-01-22,175/028,175,landsat-7,8.0,46.02669,38.267348479999995,4.0
landsat,2018-01-22,175/027,175,landsat-7,100.0,47.44812,38.808773735,100.0
landsat,2018-01-22,175/026,175,landsat-7,100.0,48.861515,39.380979035,100.0
landsat,2018-01-22,175/025,175,landsat-7,100.0,50.27446,39.98567438,100.0
landsat,2018-01-21,176/028,176,landsat-8,43.58,46.01572,36.740448785,36.5
landsat,2018-01-21,176/027,176,landsat-8,100.0,47.43488,37.277694085,100.0
landsat,2018-01-21,176/026,176,landsat-8,100.0,48.851265,37.84602441,100.0
landsat,2018-01-21,176/025,176,landsat-8,100.0,50.264579999999995,38.44817477,100.0
landsat,2018-01-20,177/025,177,landsat-7,94.0,50.27666000000001,36.834844495,94.0
landsat,2018-01-19,170/028,170,landsat-7,55.0,46.029095,46.01512841,55.0
landsat,2018-01-18,171/029,171,landsat-8,88.25,44.593685,43.959833485,88.25
landsat,2018-01-18,171/028,171,landsat-8,73.11,46.015474999999995,44.485688755,73.11
landsat,2018-01-18,171/027,171,landsat-8,33.04,47.433245,45.03383404,33.04
landsat,2018-01-18,171/026,171,landsat-8,36.52,48.849855,45.609194360000004,36.52
landsat,2018-01-18,171/025,171,landsat-8,16.59,50.265865000000005,46.21099471,16.59
landsat,2018-01-17,172/028,172,landsat-7,46.0,46.025185,42.878578515,46.0
landsat,2018-01-17,172/027,172,landsat-7,17.0,47.44622,43.40965378,17.0
landsat,2018-01-17,172/026,172,landsat-7,4.0,48.86328,43.9853241,4.0
landsat,2018-01-17,172/025,172,landsat-7,4.0,50.278580000000005,44.58226942,4.0
landsat,2018-01-16,173/029,173,landsat-8,55.73,44.594255000000004,40.913883415,55.73
landsat,2018-01-16,173/028,173,landsat-8,77.61,46.01558,41.432623664999994,77.61
landsat,2018-01-16,173/027,173,landsat-8,99.99,47.435185000000004,41.97222394,99.99
landsat,2018-01-16,173/026,173,landsat-8,65.38,48.85183,42.466429445,65.38
landsat,2018-01-16,173/025,173,landsat-8,32.97,50.265545,43.053409810000005,32.97
landsat,2018-01-15,174/028,174,landsat-7,100.0,46.02632,39.831753435,100.0
landsat,2018-01-15,174/027,174,landsat-7,72.0,47.44924,40.375478685000004,72.0
landsat,2018-01-15,174/026,174,landsat-7,16.0,48.862175,40.94218397,16.0
landsat,2018-01-15,174/025,174,landsat-7,16.0,50.276825,41.540014305,16.0
landsat,2018-01-14,175/028,175,landsat-8,91.89,46.01593,38.297988755,93.62
landsat,2018-01-14,175/027,175,landsat-8,61.02,47.43315,38.84707405,59.63
landsat,2018-01-14,175/026,175,landsat-8,23.36,48.85051,39.42124937,23.36
landsat,2018-01-14,175/025,175,landsat-8,1.91,50.264765,40.02377972,1.91
landsat,2018-01-13,176/028,176,landsat-7,86.0,46.02578,36.694363515,69.0
landsat,2018-01-13,176/027,176,landsat-7,45.0,47.446315,37.22257878,43.0
landsat,2018-01-13,176/026,176,landsat-7,50.0,48.86298,37.799614105,50.0
landsat,2018-01-13,176/025,176,landsat-7,25.0,50.275145,38.39737444,25.0
landsat,2018-01-12,177/025,177,landsat-8,65.59,50.265164999999996,36.870229815,65.59
landsat,2018-01-10,171/028,171,landsat-7,7.0,46.02894,44.43115846,7.0
landsat,2018-01-10,171/027,171,landsat-7,1.0,47.4442,44.97500373,1.0
landsat,2018-01-10,171/026,171,landsat-7,1.0,48.860935,45.55202905,1.0
landsat,2018-01-10,171/025,171,landsat-7,23.0,50.27856,46.14896935,23.0
landsat,2018-01-09,172/029,172,landsat-8,100.0,44.595405,42.39693852,100.0
landsat,2018-01-09,172/028,172,landsat-8,68.0,46.01619,42.91294379,68.0
landsat,2018-01-09,172/027,172,landsat-8,24.41,47.434485,43.448029085,24.41
landsat,2018-01-09,172/026,172,landsat-8,65.46,48.85003,44.021549410000006,65.46
landsat,2018-01-09,172/025,172,landsat-8,78.06,50.26518,44.622544770000005,78.06
landsat,2018-01-08,173/028,173,landsat-7,96.0,46.02754,41.381743365000005,96.0
landsat,2018-01-08,173/027,173,landsat-7,82.0,47.44339,41.915868630000006,82.0
landsat,2018-01-08,173/026,173,landsat-7,85.0,48.86274,42.407664125,85.0
landsat,2018-01-08,173/025,173,landsat-7,7.0,50.276825,43.00120449,7.0
landsat,2018-01-07,174/029,174,landsat-8,35.34,44.594895,39.340043449999996,39.96
landsat,2018-01-07,174/028,174,landsat-8,96.31,46.01649,39.868453715,96.3
landsat,2018-01-07,174/027,174,landsat-8,99.91,47.43521,40.416019,99.91
landsat,2018-01-07,174/026,174,landsat-8,85.83,48.852005,40.983844305,85.83
landsat,2018-01-07,174/025,174,landsat-8,100.0,50.266735,41.574194645,100.0
landsat,2018-01-06,175/028,175,landsat-7,100.0,46.02658,38.239808464999996,100.0
landsat,2018-01-06,175/027,175,landsat-7,100.0,47.44538,38.794568755,100.0
landsat,2018-01-06,175/026,175,landsat-7,100.0,48.864265,39.360144035,100.0
landsat,2018-01-06,175/025,175,landsat-7,61.0,50.27606,39.959839360000004,61.0
landsat,2018-01-05,176/028,176,landsat-8,84.88,46.016845,36.72873379000001,80.07
landsat,2018-01-05,176/027,176,landsat-8,47.11,47.434709999999995,37.265764085,39.35
landsat,2018-01-05,176/026,176,landsat-8,44.28,48.849795,37.835584415,44.28
landsat,2018-01-05,176/025,176,landsat-8,58.8,50.26452999999999,38.43525977,58.8
landsat,2018-01-04,177/025,177,landsat-7,3.0,50.276205000000004,36.80970948,3.0
landsat,2018-01-03,170/028,170,landsat-7,65.0,46.02659,45.99141341,65.0
landsat,2018-01-02,171/029,171,landsat-8,99.94,44.59358,43.950208485000005,99.94
landsat,2018-01-02,171/028,171,landsat-8,99.95,46.015429999999995,44.473833755,99.95
landsat,2018-01-02,171/027,171,landsat-8,99.94,47.434585,45.021659045,99.94
landsat,2018-01-02,171/026,171,landsat-8,99.91,48.849909999999994,45.59666936,99.91
landsat,2018-01-02,171/025,171,landsat-8,91.45,50.26464,46.198079715,91.45
landsat,2018-01-01,172/028,172,landsat-7,100.0,46.02754,42.861013514999996,100.0
landsat,2018-01-01,172/027,172,landsat-7,40.0,47.44331,43.39750379,40.0
landsat,2018-01-01,172/026,172,landsat-7,0.0,48.861774999999994,43.962494085,0.0
landsat,2018-01-01,172/025,172,landsat-7,100.0,50.27446,44.56721944,100.0
s2,2019-12-31,MGRS-37TGL,,sentinel-2a,100.0,45.49555332976449,42.68419208615266,69.282824
s2,2019-12-31,MGRS-37TGL,,sentinel-2a,99.998647,45.49559095577726,42.683178512881106,69.16548
s2,2019-12-31,MGRS-38TLR,,sentinel-2a,100.0,45.5423254418942,43.15266799456845,8.146682
s2,2019-12-31,MGRS-38TLR,,sentinel-2a,99.998325,45.5423254418942,43.152551104997755,8.056384
s2,2019-12-31,MGRS-38TMR,,sentinel-2a,98.382723,45.555848279985554,44.41655925323914,0.0
s2,2019-12-31,MGRS-38TMR,,sentinel-2a,97.562077,45.555848279985554,44.41655925323914,0.0
s2,2019-12-31,MGRS-37TGM,,sentinel-2a,97.984451,46.389435125432875,42.86945975033939,86.970109
s2,2019-12-31,MGRS-37TGM,,sentinel-2a,96.122246,46.38946273904213,42.86868777290745,86.857438
s2,2019-12-31,MGRS-38TLS,,sentinel-2a,99.609685,46.44484416153573,43.26089725721215,32.367593
s2,2019-12-31,MGRS-38TLS,,sentinel-2a,99.208829,46.44482325989358,43.25986608143421,32.253698
s2,2019-12-31,MGRS-38TMS,,sentinel-2a,81.24697,46.455948091000295,44.40685319286824,0.0
s2,2019-12-31,MGRS-38TMS,,sentinel-2a,84.73478,46.455948091000295,44.40685319286824,0.0
s2,2019-12-31,MGRS-38TLT,,sentinel-2a,99.999976,47.34785783624473,43.41175260913082,57.116228
s2,2019-12-31,MGRS-38TLT,,sentinel-2a,99.999754,47.34783498942768,43.41044186307701,56.997621
s2,2019-12-31,MGRS-38TMT,,sentinel-2a,99.999994,47.355901916875645,44.396667927714915,0.0
s2,2019-12-31,MGRS-38TMT,,sentinel-2a,100.0,47.355901916875645,44.396667927714915,0.0
s2,2019-12-31,MGRS-38ULU,,sentinel-2a,100.0,48.24976835717312,43.56460173399262,81.731659
s2,2019-12-31,MGRS-38ULU,,sentinel-2a,100.0,48.24975091014045,43.56340184187634,81.616706
s2,2019-12-31,MGRS-38UMU,,sentinel-2a,99.999873,48.25517010527129,44.38801674286211,0.303718
s2,2019-12-31,MGRS-38UMU,,sentinel-2a,100.0,48.25517010527129,44.388086726968275,0.322159
s2,2019-12-31,MGRS-38UMV,,sentinel-2a,100.0,49.154997499664915,44.402523664715304,15.095444
s2,2019-12-31,MGRS-38UMV,,sentinel-2a,100.0,49.154983376420745,44.401301915516285,14.977001
s2,2019-12-31,MGRS-38UMA,,sentinel-2a,100.0,50.056378493789914,44.575393841644676,39.34533
s2,2019-12-31,MGRS-38UMA,,sentinel-2a,100.0,50.05637377483443,44.57484086629323,39.271638
s2,2019-12-30,MGRS-37TDL,,sentinel-2a,99.949658,45.55630350543705,38.411617280400954,15.299472
s2,2019-12-30,MGRS-37TDL,,sentinel-2a,89.885454,45.555853125104214,38.41200508872335,15.264432
s2,2019-12-30,MGRS-37TEL,,sentinel-2a,89.205818,45.915788802059694,39.05904702599162,98.802727
s2,2019-12-30,MGRS-37TEL,,sentinel-2a,89.488971,45.915599173217046,39.05801257152138,98.816484
s2,2019-12-30,MGRS-37TDM,,sentinel-2a,98.084301,46.45639799969051,38.40685319286823,0.173613
s2,2019-12-30,MGRS-37TDM,,sentinel-2a,96.284493,46.455948091000295,38.40685319286823,0.168128
s2,2019-12-30,MGRS-37TEM,,sentinel-2a,94.010474,46.4596160436151,39.25170262111926,79.609674
s2,2019-12-30,MGRS-37TEM,,sentinel-2a,99.668407,46.46008034992681,39.25137405676989,79.658145
s2,2019-12-30,MGRS-37TDN,,sentinel-2a,98.659575,47.355901916875645,38.3966679277149,0.0
s2,2019-12-30,MGRS-37TDN,,sentinel-2a,98.002314,47.355901916875645,38.3966679277149,0.0
s2,2019-12-30,MGRS-37TEN,,sentinel-2a,99.846631,47.359768571564025,39.45097316165932,52.962428
s2,2019-12-30,MGRS-37TEN,,sentinel-2a,97.452498,47.35922826427575,39.45144092956205,52.930272
s2,2019-12-30,MGRS-37UDP,,sentinel-2a,99.999958,48.25517010527129,38.385979812712094,0.0
s2,2019-12-30,MGRS-37UDP,,sentinel-2a,99.975642,48.25517010527129,38.385979812712094,0.0
s2,2019-12-30,MGRS-37UEP,,sentinel-2a,100.0,48.25800556150064,39.65603902256365,26.52629
s2,2019-12-30,MGRS-37UEP,,sentinel-2a,99.995837,48.257465319970876,39.65610708304675,26.478848
s2,2019-12-30,MGRS-37UDQ,,sentinel-2a,100.0,49.154832409103605,38.374743093986,0.0
s2,2019-12-30,MGRS-37UDQ,,sentinel-2a,99.996892,49.154832409103605,38.374743093986,0.0
s2,2019-12-30,MGRS-37UEQ,,sentinel-2a,100.0,49.155905062441015,39.76015915197604,3.671099
s2,2019-12-30,MGRS-37UEQ,,sentinel-2a,99.998543,49.155365916449426,39.76015915197604,3.658183
s2,2019-12-30,MGRS-37UFQ,,sentinel-2a,99.972073,49.25037507213741,40.550862182172175,90.613729
s2,2019-12-30,MGRS-37UFQ,,sentinel-2a,100.0,49.24977978616428,40.54961197513123,90.643334
s2,2019-12-30,MGRS-37UDR,,sentinel-2a,91.112703,50.05434932281744,38.362928063957725,0.0
s2,2019-12-30,MGRS-37UDR,,sentinel-2a,93.262798,50.05434932281744,38.362928063957725,0.0
s2,2019-12-30,MGRS-37UER,,sentinel-2a,97.982868,50.053546173350554,39.774522772452684,0.0
s2,2019-12-30,MGRS-37UER,,sentinel-2a,98.758197,50.053546173350554,39.774522772452684,0.0
s2,2019-12-30,MGRS-37UFR,,sentinel-2a,99.989304,50.04803589803349,40.77816233570816,65.001082
s2,2019-12-30,MGRS-37UFR,,sentinel-2a,100.0,50.04902218815553,40.77796348387021,65.0455
s2,2019-12-29,MGRS-37TEL,,sentinel-2b,8.698306,45.551978730894874,40.14246727879821,73.467106
s2,2019-12-29,MGRS-37TEL,,sentinel-2b,1.711537,45.552015452550876,40.13891126141178,73.013169
s2,2019-12-29,MGRS-37TFL,,sentinel-2b,21.866427,45.54022786979853,40.99030968579453,0.0
s2,2019-12-29,MGRS-37TFL,,sentinel-2b,29.057336,45.54022786979853,40.99030968579453,0.0
s2,2019-12-29,MGRS-37TGL,,sentinel-2b,83.849835,45.510976410545304,42.26901348910191,0.0
s2,2019-12-29,MGRS-37TGL,,sentinel-2b,90.343392,45.510976410545304,42.26901348910191,0.0
s2,2019-12-29,MGRS-38TLR,,sentinel-2b,99.242538,45.54277509351362,43.13224889732723,1.284239
s2,2019-12-29,MGRS-38TLR,,sentinel-2b,98.611005,45.5423254418942,43.13233190837413,1.208287
s2,2019-12-29,MGRS-37TEM,,sentinel-2b,40.371871,46.327085156275544,40.3047584777154,93.487453
s2,2019-12-29,MGRS-37TEM,,sentinel-2b,23.452087,46.33976307175081,40.3026536468013,93.135244
s2,2019-12-29,MGRS-38TMR,,sentinel-2b,99.958571,45.554292699355415,43.927135424412754,84.271502
s2,2019-12-29,MGRS-38TMR,,sentinel-2b,100.0,45.55582984031065,43.925325735280055,84.533894
s2,2019-12-29,MGRS-37TFM,,sentinel-2b,85.885978,46.438545197480636,41.02303425761262,4.544554
s2,2019-12-29,MGRS-37TFM,,sentinel-2b,78.826848,46.43858876142052,41.02303425761262,4.260361
s2,2019-12-29,MGRS-37TGM,,sentinel-2b,98.652965,46.409654223673776,42.32255806075449,0.0
s2,2019-12-29,MGRS-37TGM,,sentinel-2b,97.569095,46.409654223673776,42.32255806075449,0.0
s2,2019-12-29,MGRS-38TLS,,sentinel-2b,95.978582,46.44199651685744,43.10447289717486,0.0
s2,2019-12-29,MGRS-38TLS,,sentinel-2b,93.031883,46.44199651685744,43.10447289717486,0.0
s2,2019-12-29,MGRS-38TMS,,sentinel-2b,99.281991,46.45595798265157,44.109287024540166,56.474096
s2,2019-12-29,MGRS-38TMS,,sentinel-2b,98.291054,46.455515539547434,44.111126809763356,56.213391
s2,2019-12-29,MGRS-37TFN,,sentinel-2b,99.778777,47.33572926541093,41.14695715235307,23.566346
s2,2019-12-29,MGRS-37TFN,,sentinel-2b,96.195076,47.335785073625345,41.14341644105363,23.110364
s2,2019-12-29,MGRS-37TGN,,sentinel-2b,97.935289,47.30813919478231,42.37872682059947,0.0
s2,2019-12-29,MGRS-37TGN,,sentinel-2b,96.607428,47.30813919478231,42.37872682059947,0.0
s2,2019-12-29,MGRS-38TLT,,sentinel-2b,96.079582,47.34150750986245,43.07228785963724,0.0
s2,2019-12-29,MGRS-38TLT,,sentinel-2b,93.802127,47.34150750986245,43.07228785963724,0.0
s2,2019-12-29,MGRS-38TMT,,sentinel-2b,99.999815,47.35637890334144,44.297712987742315,28.6156
s2,2019-12-29,MGRS-38TMT,,sentinel-2b,99.989914,47.35593028433267,44.29985182793199,28.352615
s2,2019-12-29,MGRS-37UFP,,sentinel-2b,99.811286,48.231718435837635,41.33414085666114,43.79628
s2,2019-12-29,MGRS-37UFP,,sentinel-2b,96.911476,48.231782631872264,41.33067382524198,43.338647
s2,2019-12-29,MGRS-37UGP,,sentinel-2b,98.811054,48.205889454825964,42.43764667004669,0.0
s2,2019-12-29,MGRS-37UGP,,sentinel-2b,95.47191,48.205889454825964,42.43764667004669,0.0
s2,2019-12-29,MGRS-38ULU,,sentinel-2b,99.013686,48.24031810254367,43.03852186223403,0.0
s2,2019-12-29,MGRS-38ULU,,sentinel-2b,97.363766,48.24031810254367,43.03852186223403,0.0
s2,2019-12-29,MGRS-38UMU,,sentinel-2b,99.999416,48.255619864469914,44.3859798127121,4.235089
s2,2019-12-29,MGRS-38UMU,,sentinel-2b,99.99849,48.25517010527129,44.3859798127121,4.100199
s2,2019-12-29,MGRS-37UFQ,,sentinel-2b,99.983978,49.127518152176535,41.526039312469194,63.86832
s2,2019-12-29,MGRS-37UFQ,,sentinel-2b,99.942129,49.12759649420233,41.5223766690946,63.412678
s2,2019-12-29,MGRS-37UGQ,,sentinel-2b,100.0,49.103979522758856,42.49956588053624,0.0
s2,2019-12-29,MGRS-37UGQ,,sentinel-2b,99.987055,49.103979522758856,42.49956588053624,0.0
s2,2019-12-29,MGRS-38ULV,,sentinel-2b,99.999732,49.1395064724358,43.00303182220056,0.0
s2,2019-12-29,MGRS-38ULV,,sentinel-2b,99.988293,49.1395064724358,43.00303182220056,0.0
s2,2019-12-29,MGRS-38UMV,,sentinel-2b,100.0,49.154832409103605,44.374743093986,0.0
s2,2019-12-29,MGRS-38UMV,,sentinel-2b,99.990539,49.154832409103605,44.374743093986,0.0
s2,2019-12-29,MGRS-37UFR,,sentinel-2b,100.0,50.0226174245816,41.724389332035344,83.604187
s2,2019-12-29,MGRS-37UFR,,sentinel-2b,100.0,50.022700846801115,41.721213371690354,83.184606
s2,2019-12-29,MGRS-37UGR,,sentinel-2b,99.999985,50.001301913965605,42.5646436719868,0.19404
s2,2019-12-29,MGRS-37UGR,,sentinel-2b,100.0,50.00121849132641,42.5646436719868,0.254757
s2,2019-12-29,MGRS-38ULA,,sentinel-2b,99.99678,50.038532267272885,42.965725565884355,0.0
s2,2019-12-29,MGRS-38ULA,,sentinel-2b,100.0,50.038532267272885,42.965725565884355,0.0
s2,2019-12-29,MGRS-38UMA,,sentinel-2b,99.982717,50.05434932281744,44.36292806395774,0.0
s2,2019-12-29,MGRS-38UMA,,sentinel-2b,100.0,50.05434932281744,44.36292806395774,0.0
s2,2019-12-28,MGRS-37UDQ,,sentinel-2b,98.894912,49.153563776972135,37.917961964622364,76.163924
s2,2019-12-28,MGRS-37UDQ,,sentinel-2b,99.998975,49.15400043301446,37.916022721089405,76.43165
s2,2019-12-28,MGRS-37UDR,,sentinel-2b,97.002863,50.05414927280911,38.12659281717074,46.597442
s2,2019-12-28,MGRS-37UDR,,sentinel-2b,99.958575,50.05459193605714,38.12419331941037,46.859631
s2,2019-12-27,MGRS-37TDL,,sentinel-2a,99.973208,45.555848279985554,38.41655925323913,0.0
s2,2019-12-27,MGRS-37TDL,,sentinel-2a,94.623461,45.555848279985554,38.41655925323913,0.0
s2,2019-12-27,MGRS-37TEL,,sentinel-2a,99.993366,45.55516155802344,39.709322690138876,0.0
s2,2019-12-27,MGRS-37TEL,,sentinel-2a,98.877334,45.55516155802344,39.709322690138876,0.0
s2,2019-12-27,MGRS-37TFL,,sentinel-2a,99.822623,45.54574708662989,40.94628766738681,19.085334
s2,2019-12-27,MGRS-37TFL,,sentinel-2a,99.467807,45.545030968842696,40.946922892629196,19.053493
s2,2019-12-27,MGRS-37TDM,,sentinel-2a,99.997121,46.455948091000295,38.41707673878305,9.672178
s2,2019-12-27,MGRS-37TDM,,sentinel-2a,99.347876,46.455948091000295,38.41702416044316,9.577855
s2,2019-12-27,MGRS-37TGL,,sentinel-2a,100.0,45.97207598101638,41.601806633346925,99.833935
s2,2019-12-27,MGRS-37TGL,,sentinel-2a,99.987632,45.97197335890324,41.60057946784852,99.839073
s2,2019-12-27,MGRS-37TEM,,sentinel-2a,99.248469,46.4552395980743,39.721122510119244,0.0
s2,2019-12-27,MGRS-37TEM,,sentinel-2a,96.757466,46.4552395980743,39.721122510119244,0.0
s2,2019-12-27,MGRS-37TFM,,sentinel-2a,84.522516,46.441753331743456,41.023044703830145,1.35688
s2,2019-12-27,MGRS-37TFM,,sentinel-2a,84.9062,46.441217007568525,41.02303425761262,1.340437
s2,2019-12-27,MGRS-37TGM,,sentinel-2a,94.328998,46.42991933790674,41.79315560539186,86.4353
s2,2019-12-27,MGRS-37TGM,,sentinel-2a,95.33897,46.43045339632102,41.79311100002515,86.470264
s2,2019-12-27,MGRS-37TDN,,sentinel-2a,99.83238,47.357385169139654,38.55451371532429,32.953954
s2,2019-12-27,MGRS-37TDN,,sentinel-2a,96.005179,47.35737579546507,38.553464383895516,32.840478
s2,2019-12-27,MGRS-37TEN,,sentinel-2a,93.584079,47.35517094361567,39.73350488611941,0.0
s2,2019-12-27,MGRS-37TEN,,sentinel-2a,85.433367,47.35517094361567,39.73350488611941,0.0
s2,2019-12-27,MGRS-37TFN,,sentinel-2a,86.761534,47.33927476175064,41.05736653787892,0.0
s2,2019-12-27,MGRS-37TFN,,sentinel-2a,82.029634,47.33927476175064,41.05736653787892,0.0
s2,2019-12-27,MGRS-37TGN,,sentinel-2a,47.489173,47.32489552546292,42.011989382866844,62.86388
s2,2019-12-27,MGRS-37TGN,,sentinel-2a,56.606263,47.32587506458768,42.01154441357287,62.896216
s2,2019-12-27,MGRS-37UDP,,sentinel-2a,99.897611,48.25799802425294,38.71865226841196,56.398964
s2,2019-12-27,MGRS-37UDP,,sentinel-2a,98.322039,48.257993169775034,38.71785206212937,56.289381
s2,2019-12-27,MGRS-37UEP,,sentinel-2a,94.03556,48.25441590912898,39.746498560243026,0.0
s2,2019-12-27,MGRS-37UEP,,sentinel-2a,86.782301,48.25441590912898,39.746498560243026,0.0
s2,2019-12-27,MGRS-38TLT,,sentinel-2a,96.361159,47.742236427406006,42.3701277385846,99.505538
s2,2019-12-27,MGRS-38TLT,,sentinel-2a,99.596381,47.741910735056294,42.369259569203294,99.515009
s2,2019-12-27,MGRS-37UFP,,sentinel-2a,63.418573,48.238014373183745,41.093384770106766,0.0
s2,2019-12-27,MGRS-37UFP,,sentinel-2a,52.265732,48.238014373183745,41.093384770106766,0.0
s2,2019-12-27,MGRS-37UGP,,sentinel-2a,34.088105,48.21894399829395,42.236930673767446,39.63086
s2,2019-12-27,MGRS-37UGP,,sentinel-2a,32.184358,48.218400417767526,42.23711111705809,39.597228
s2,2019-12-27,MGRS-37UDQ,,sentinel-2a,99.995756,49.158595363656744,38.88768234986716,79.527605
s2,2019-12-27,MGRS-37UDQ,,sentinel-2a,98.13959,49.15859257314605,38.88673163852869,79.41699
s2,2019-12-27,MGRS-38ULU,,sentinel-2a,49.012896,48.23334026270309,42.55393737495112,80.278391
s2,2019-12-27,MGRS-38ULU,,sentinel-2a,49.647862,48.23378635016595,42.55373344823516,80.311358
s2,2019-12-27,MGRS-37UEQ,,sentinel-2a,84.97302,49.154053607201455,39.760159268175975,0.020076
s2,2019-12-27,MGRS-37UEQ,,sentinel-2a,88.317686,49.15405341974143,39.760159277760295,0.024728
s2,2019-12-27,MGRS-37UFQ,,sentinel-2a,66.770273,49.13712921999243,41.13124149469353,0.0
s2,2019-12-27,MGRS-37UFQ,,sentinel-2a,64.996962,49.13712921999243,41.13124149469353,0.0
s2,2019-12-27,MGRS-37UGQ,,sentinel-2a,48.561972,49.11203232630439,42.46949649300278,16.439432
s2,2019-12-27,MGRS-37UGQ,,sentinel-2a,48.426407,49.1114955822262,42.47002405738452,16.401979
s2,2019-12-27,MGRS-38ULV,,sentinel-2a,37.500301,49.136755521844066,42.74326000358533,49.329299
s2,2019-12-27,MGRS-38ULV,,sentinel-2a,37.263056,49.136313508529625,42.74374442916465,49.288833
s2,2019-12-27,MGRS-37UER,,sentinel-2a,67.82726,50.05324752896522,39.77452538225544,11.482653
s2,2019-12-27,MGRS-37UER,,sentinel-2a,61.87194,50.05324978552004,39.77452537646635,11.417168
s2,2019-12-27,MGRS-37UFR,,sentinel-2a,55.041414,50.036078817817135,41.171034934115724,0.0
s2,2019-12-27,MGRS-37UFR,,sentinel-2a,52.729378,50.036078817817135,41.171034934115724,0.0
s2,2019-12-27,MGRS-37UGR,,sentinel-2a,85.519201,50.00428545380256,42.56466901801641,0.739994
s2,2019-12-27,MGRS-37UGR,,sentinel-2a,85.361098,50.00355804002978,42.5646436719868,0.726447
s2,2019-12-27,MGRS-38ULA,,sentinel-2a,95.964736,50.03883290764095,42.93934971377572,18.546011
s2,2019-12-27,MGRS-38ULA,,sentinel-2a,95.769792,50.03838762957547,42.93970257021656,18.514258
s2,2019-12-26,MGRS-37TGL,,sentinel-2b,100.0,45.49551567676426,42.68457230734573,69.437116
s2,2019-12-26,MGRS-37TGL,,sentinel-2b,99.997424,45.49562020898645,42.68127849160602,68.98663
s2,2019-12-26,MGRS-38TLR,,sentinel-2b,99.999708,45.5423254418942,43.152740026300634,8.291412
s2,2019-12-26,MGRS-38TLR,,sentinel-2b,98.441923,45.5423254418942,43.1523777312607,7.939994
s2,2019-12-26,MGRS-38TMR,,sentinel-2b,78.611483,45.555848279985554,44.41655925323914,0.0
s2,2019-12-26,MGRS-38TMR,,sentinel-2b,82.665902,45.555848279985554,44.41655925323914,0.0
s2,2019-12-26,MGRS-37TGM,,sentinel-2b,100.0,46.389407505629364,42.87100355759566,87.078643
s2,2019-12-26,MGRS-37TGM,,sentinel-2b,99.999829,46.38952713352057,42.86765832498513,86.627209
s2,2019-12-26,MGRS-38TLS,,sentinel-2b,100.0,46.444875477174264,43.26244392827729,32.473439
s2,2019-12-26,MGRS-38TLS,,sentinel-2b,99.998033,46.444804950605196,43.258963553281646,32.015482
s2,2019-12-26,MGRS-38TMS,,sentinel-2b,100.0,46.455948091000295,44.40685319286824,0.0
s2,2019-12-26,MGRS-38TMS,,sentinel-2b,99.996657,46.455948091000295,44.40685319286824,0.0
s2,2019-12-26,MGRS-38TLT,,sentinel-2b,99.999976,47.34786469007685,43.41214615732318,57.304281
s2,2019-12-26,MGRS-38TLT,,sentinel-2b,99.999865,47.34780295992995,43.408607192958655,56.846529
s2,2019-12-26,MGRS-38TMT,,sentinel-2b,100.0,47.355901916875645,44.396667927714915,0.0
s2,2019-12-26,MGRS-38TMT,,sentinel-2b,99.999882,47.355901916875645,44.396667927714915,0.0
s2,2019-12-26,MGRS-38ULU,,sentinel-2b,99.999982,48.24979158545253,43.56620190956171,81.844848
s2,2019-12-26,MGRS-38ULU,,sentinel-2b,99.99986,48.249739253562026,43.56260113987053,81.385678
s2,2019-12-26,MGRS-38UMU,,sentinel-2b,99.983693,48.25517010527129,44.38789106527709,0.268274
s2,2019-12-26,MGRS-38UMU,,sentinel-2b,99.999446,48.25517010527129,44.388122471933514,0.336452
s2,2019-12-26,MGRS-38UMV,,sentinel-2b,78.005624,49.15500220827562,44.402931488456105,15.303105
s2,2019-12-26,MGRS-38UMV,,sentinel-2b,78.218496,49.1549629374811,44.39953777721598,14.844283
s2,2019-12-26,MGRS-38UMA,,sentinel-2b,28.32759,50.0563654981914,44.573872487209115,39.033079
s2,2019-12-26,MGRS-38UMA,,sentinel-2b,27.024418,50.05639261642442,44.57705247184132,39.456832
s2,2019-12-25,MGRS-37TDL,,sentinel-2b,98.361135,45.55630582476621,38.40929074283214,15.587421
s2,2019-12-25,MGRS-37TDL,,sentinel-2b,97.091817,45.555853848493726,38.41129436747889,15.321718
s2,2019-12-25,MGRS-37TEL,,sentinel-2b,99.042582,45.918026866607526,39.058335756694724,98.838741
s2,2019-12-25,MGRS-37TEL,,sentinel-2b,99.767858,45.92153482276653,39.055685540757715,98.910922
s2,2019-12-25,MGRS-37TDM,,sentinel-2b,99.761051,46.45639799793648,38.40685319286823,0.210328
s2,2019-12-25,MGRS-37TDM,,sentinel-2b,95.031355,46.455948091000295,38.40685319286823,0.180573
s2,2019-12-25,MGRS-37TEM,,sentinel-2b,96.691713,46.45961676041721,39.252162162842694,79.59547
s2,2019-12-25,MGRS-37TEM,,sentinel-2b,99.766558,46.460080357180544,39.25019100418202,79.854894
s2,2019-12-25,MGRS-37TDN,,sentinel-2b,99.901396,47.355901916875645,38.3966679277149,0.0
s2,2019-12-25,MGRS-37TDN,,sentinel-2b,98.475159,47.355901916875645,38.3966679277149,0.0
s2,2019-12-25,MGRS-37TEN,,sentinel-2b,99.900413,47.35977181750556,39.448567830520815,53.238821
s2,2019-12-25,MGRS-37TEN,,sentinel-2b,98.291337,47.3592255931711,39.45057259395324,52.971631
s2,2019-12-25,MGRS-37UDP,,sentinel-2b,99.999136,48.25517010527129,38.385979812712094,0.0
s2,2019-12-25,MGRS-37UDP,,sentinel-2b,99.010078,48.25517010527129,38.385979812712094,0.0
landsat,2019-12-31,171/028,171,landsat-7,68.0,46.0381,44.379713475,68.0
landsat,2019-12-31,171/027,171,landsat-7,62.0,47.458929999999995,44.92227873,62.0
landsat,2019-12-31,171/026,171,landsat-7,100.0,48.873284999999996,45.48745403,100.0
landsat,2019-12-30,172/029,172,landsat-8,86.72,44.59472,42.42724351,86.72
landsat,2019-12-30,172/028,172,landsat-8,99.99,46.016665,42.940058789999995,99.99
landsat,2019-12-30,172/027,172,landsat-8,99.99,47.43483500000001,43.478479085000004,99.99
landsat,2019-12-30,172/026,172,landsat-8,91.32,48.851600000000005,44.050794409999995,91.32
landsat,2019-12-30,172/025,172,landsat-8,72.78,50.26391,44.652704760000006,72.78
landsat,2019-12-29,173/028,173,landsat-7,75.0,46.03798999999999,41.329938375,75.0
landsat,2019-12-29,173/027,173,landsat-7,91.0,47.4595,41.862938615000004,91.0
landsat,2019-12-29,173/026,173,landsat-7,100.0,48.877785,42.357484150000005,100.0
landsat,2019-12-28,174/029,174,landsat-8,73.11,44.59482,39.37083845,68.62
landsat,2019-12-28,174/028,174,landsat-8,77.59,46.016295,39.89610371,77.54
landsat,2019-12-28,174/027,174,landsat-8,97.79,47.434835,40.446454,97.78
landsat,2019-12-28,174/026,174,landsat-8,99.75,48.851524999999995,41.014459305,99.75
landsat,2019-12-28,174/025,174,landsat-8,100.0,50.26603,41.605774645,100.0
landsat,2019-12-27,175/028,175,landsat-7,16.0,46.039755,38.196208465,20.0
landsat,2019-12-27,175/027,175,landsat-7,52.0,47.46008,38.741788755,50.0
landsat,2019-12-27,175/026,175,landsat-7,39.0,48.872420000000005,39.30598405,39.0
landsat,2019-12-26,176/028,176,landsat-8,96.57,46.01609,36.759813789999995,88.56
landsat,2019-12-26,176/027,176,landsat-8,99.9,47.43376,37.295554089999996,99.88
landsat,2019-12-26,176/026,176,landsat-8,81.79,48.850105,37.866914415,81.79
landsat,2019-12-26,176/025,176,landsat-8,86.5,50.26469,38.46754977,86.5
landsat,2019-12-24,170/028,170,landsat-7,100.0,46.03763,45.950188409999996,100.0
landsat,2019-12-23,171/029,171,landsat-8,97.18,44.593835,43.981008485000004,97.18
landsat,2019-12-23,171/028,171,landsat-8,62.67,46.01555,44.50544375,62.67
landsat,2019-12-23,171/027,171,landsat-8,64.58,47.434595,45.054139045,64.58
landsat,2019-12-23,171/026,171,landsat-8,67.39,48.851105000000004,45.630114365,67.39
landsat,2019-12-23,171/025,171,landsat-8,27.47,50.26566,46.232514705,27.47
landsat,2019-12-22,172/028,172,landsat-7,56.0,46.040195,42.81588852,56.0
landsat,2019-12-22,172/027,172,landsat-7,46.0,47.4561,43.346393795,46.0
landsat,2019-12-22,172/026,172,landsat-7,42.0,48.87474,43.910054085,42.0
landsat,2019-12-20,174/028,174,landsat-7,87.0,46.038844999999995,39.76682343,87.0
landsat,2019-12-20,174/027,174,landsat-7,4.0,47.45937,40.30678868,4.0
landsat,2019-12-20,174/026,174,landsat-7,17.0,48.873999999999995,40.87116897,17.0
landsat,2019-12-19,175/028,175,landsat-8,57.62,46.016040000000004,38.31773876,48.46
landsat,2019-12-19,175/027,175,landsat-8,96.96,47.433170000000004,38.867374049999995,96.46
landsat,2019-12-19,175/026,175,landsat-8,76.58,48.850480000000005,39.44004437,76.58
landsat,2019-12-19,175/025,175,landsat-8,65.38,50.26594,40.045304715,65.38
landsat,2019-12-18,176/028,176,landsat-7,50.0,46.03791,36.628048500000006,59.0
landsat,2019-12-18,176/027,176,landsat-7,100.0,47.457505,37.1622738,100.0
landsat,2019-12-18,176/026,176,landsat-7,100.0,48.877025,37.722149095,100.0
landsat,2019-12-17,177/025,177,landsat-8,73.77,50.26553,36.891264809999996,73.77
landsat,2019-12-15,171/028,171,landsat-7,100.0,46.038045,44.373793475,100.0
landsat,2019-12-15,171/027,171,landsat-7,6.0,47.460335,44.914163735,6.0
landsat,2019-12-15,171/026,171,landsat-7,74.0,48.874665,45.479109025,74.0
landsat,2019-12-14,172/029,172,landsat-8,74.63,44.59464,42.42346851,74.63
landsat,2019-12-14,172/028,172,landsat-8,20.94,46.016595,42.93618379,20.94
landsat,2019-12-14,172/027,172,landsat-8,99.92,47.434785000000005,43.474419085,99.92
landsat,2019-12-14,172/026,172,landsat-8,88.88,48.85022,44.046619415,88.88
landsat,2019-12-14,172/025,172,landsat-8,77.02,50.2639,44.648399760000004,77.02
landsat,2019-12-13,173/028,173,landsat-7,94.0,46.039495,41.32229338,94.0
landsat,2019-12-13,173/027,173,landsat-7,100.0,47.459689999999995,41.854988614999996,100.0
landsat,2019-12-13,173/026,173,landsat-7,100.0,48.87489,42.34764913,100.0
landsat,2019-12-12,174/029,174,landsat-8,57.38,44.59483,39.36699345,67.51
landsat,2019-12-12,174/028,174,landsat-8,99.97,46.016295,39.89610371,99.97
landsat,2019-12-12,174/027,174,landsat-8,100.0,47.43488,40.444424,100.0
landsat,2019-12-12,174/026,174,landsat-8,99.94,48.851535,41.012454305,99.94
landsat,2019-12-12,174/025,174,landsat-8,99.94,50.266104999999996,41.603629645,99.94
landsat,2019-12-11,175/028,175,landsat-7,100.0,46.035645,38.19029348,100.0
landsat,2019-12-11,175/027,175,landsat-7,100.0,47.4574,38.73167874,100.0
landsat,2019-12-11,175/026,175,landsat-7,100.0,48.875125,39.30182404999999,100.0
landsat,2019-12-10,176/028,176,landsat-8,93.99,46.016025,36.757843785,85.87
landsat,2019-12-10,176/027,176,landsat-8,98.83,47.433755000000005,37.29360409,98.77
landsat,2019-12-10,176/026,176,landsat-8,82.46,48.851405,37.86482941,82.46
landsat,2019-12-10,176/025,176,landsat-8,88.31,50.26465,38.465399770000005,88.31
landsat,2019-12-08,170/028,170,landsat-7,91.0,46.036384999999996,45.942253405,91.0
landsat,2019-12-07,171/029,171,landsat-8,14.71,44.593805,43.977158485000004,14.71
landsat,2019-12-07,171/028,171,landsat-8,10.81,46.01557,44.503468749999996,10.81
landsat,2019-12-07,171/027,171,landsat-8,18.88,47.43462,45.052109044999995,18.88
landsat,2019-12-07,171/026,171,landsat-8,40.71,48.85113,45.625939365,40.71
landsat,2019-12-07,171/025,171,landsat-8,82.41,50.265705,46.228209705,82.41
landsat,2019-12-06,172/028,172,landsat-7,10.0,46.04005,42.80813852,10.0
landsat,2019-12-06,172/027,172,landsat-7,70.0,47.456050000000005,43.340313795,70.0
landsat,2019-12-06,172/026,172,landsat-7,100.0,48.87471,43.903789085,100.0
landsat,2019-12-06,172/025,172,landsat-7,87.0,50.29039,44.50040944,87.0
landsat,2019-12-05,173/029,173,landsat-8,8.34,44.593959999999996,40.93091341,8.34
landsat,2019-12-05,173/028,173,landsat-8,82.56,46.015240000000006,41.45001866,82.56
landsat,2019-12-05,173/027,173,landsat-8,90.27,47.434685,41.99208894,90.27
landsat,2019-12-05,173/026,173,landsat-8,91.86,48.85091,42.486874445,91.86
landsat,2019-12-05,173/025,173,landsat-8,100.0,50.265874999999994,43.074444815,100.0
landsat,2019-12-04,174/028,174,landsat-7,64.0,46.040215,39.762918435,64.0
landsat,2019-12-04,174/027,174,landsat-7,33.0,47.456665,40.3048287,33.0
landsat,2019-12-04,174/026,174,landsat-7,40.0,48.876760000000004,40.86919397,40.0
landsat,2019-12-04,174/025,174,landsat-7,39.0,50.29196,41.458639295,39.0
landsat,2019-12-03,175/028,175,landsat-8,100.0,46.016040000000004,38.31773876,100.0
landsat,2019-12-03,175/027,175,landsat-8,99.99,47.433195,38.86940405,99.99
landsat,2019-12-03,175/026,175,landsat-8,99.99,48.850465,39.44422437,99.99
landsat,2019-12-03,175/025,175,landsat-8,99.96,50.26594,40.045304715,99.96
landsat,2019-12-02,176/028,176,landsat-7,37.0,46.039185,36.624068505,38.0
landsat,2019-12-02,176/027,176,landsat-7,27.0,47.460145,37.1581988,31.0
landsat,2019-12-02,176/026,176,landsat-7,26.0,48.87293,37.72006911,26.0
landsat,2019-12-02,176/025,176,landsat-7,48.0,50.28954,38.31338443,48.0
landsat,2019-12-01,177/025,177,landsat-8,62.62,50.265600000000006,36.895474809999996,62.62
landsat,2019-11-29,171/028,171,landsat-7,77.0,46.039410000000004,44.37178848,77.0
landsat,2019-11-29,171/027,171,landsat-7,20.0,47.45626,44.91213875,20.0
landsat,2019-11-29,171/026,171,landsat-7,71.0,48.874665,45.479109025,71.0
landsat,2019-11-29,171/025,171,landsat-7,100.0,50.291265,46.07629437,100.0
landsat,2019-11-28,172/029,172,landsat-8,90.94,44.59472,42.42724351,90.94
landsat,2019-11-28,172/028,172,landsat-8,99.99,46.015315,42.940148785,99.99
landsat,2019-11-28,172/027,172,landsat-8,100.0,47.43483500000001,43.476444085,100.0
landsat,2019-11-28,172/026,172,landsat-8,100.0,48.85025,44.050794415,100.0
landsat,2019-11-28,172/025,172,landsat-8,81.86,50.26391,44.652704760000006,81.86
landsat,2019-11-27,173/028,173,landsat-7,100.0,46.040855,41.320403375,100.0
landsat,2019-11-27,173/027,173,landsat-7,100.0,47.458349999999996,41.85504863,100.0
landsat,2019-11-27,173/026,173,landsat-7,100.0,48.876165,42.345444135,100.0
landsat,2019-11-27,173/025,173,landsat-7,100.0,50.290400000000005,42.928984495,100.0
landsat,2019-11-26,174/029,174,landsat-8,13.71,44.59349,39.372763455,14.26
landsat,2019-11-26,174/028,174,landsat-8,51.94,46.01627,39.900053715,51.79
landsat,2019-11-26,174/027,174,landsat-8,22.8,47.43479,40.450509,23.02
landsat,2019-11-26,174/026,174,landsat-8,13.03,48.851465000000005,41.016539304999995,13.03
landsat,2019-11-26,174/025,174,landsat-8,1.52,50.266014999999996,41.607834645,1.52
landsat,2019-11-25,175/028,175,landsat-7,31.0,46.037005,38.188273484999996,23.0
landsat,2019-11-25,175/027,175,landsat-7,5.0,47.45874,38.727628734999996,4.0
landsat,2019-11-25,175/026,175,landsat-7,0.0,48.87244,39.29761904,0.0
landsat,2019-11-25,175/025,175,landsat-7,1.0,50.288574999999994,39.893544379999994,1.0
landsat,2019-11-24,176/028,176,landsat-8,37.6,46.01616,36.76368879,19.12
landsat,2019-11-24,176/027,176,landsat-8,3.12,47.433814999999996,37.299534089999995,3.22
landsat,2019-11-24,176/026,176,landsat-8,0.11,48.85149,37.87109441,0.11
landsat,2019-11-24,176/025,176,landsat-8,0.19,50.264705000000006,38.47185977,0.19
landsat,2019-11-23,177/025,177,landsat-7,0.0,50.28847,36.745759495,0.0
landsat,2019-11-22,170/028,170,landsat-7,6.0,46.039035,45.942393425000006,6.0
landsat,2019-11-21,171/029,171,landsat-8,95.89,44.59387,43.982928485,95.89
landsat,2019-11-21,171/028,171,landsat-8,17.87,46.01557,44.50939375,17.87
landsat,2019-11-21,171/027,171,landsat-8,0.04,47.43324,45.058194040000004,0.04
landsat,2019-11-21,171/026,171,landsat-8,0.18,48.85109,45.634294365,0.18
landsat,2019-11-21,171/025,171,landsat-8,1.75,50.26562,46.236814705,1.75
landsat,2019-11-20,172/028,172,landsat-7,100.0,46.04005,42.80813852,100.0
landsat,2019-11-20,172/027,172,landsat-7,100.0,47.455995,43.336258795,100.0
landsat,2019-11-20,172/026,172,landsat-7,100.0,48.874725,43.901704085,100.0
landsat,2019-11-20,172/025,172,landsat-7,93.0,50.29039,44.50040944,93.0
landsat,2019-11-19,173/029,173,landsat-8,1.59,44.593895,40.934693409999994,1.59
landsat,2019-11-19,173/028,173,landsat-8,63.23,46.015164999999996,41.45388366,63.23
landsat,2019-11-19,173/027,173,landsat-8,100.0,47.43461,41.994113935,100.0
landsat,2019-11-19,173/026,173,landsat-8,100.0,48.850995,42.490959445,100.0
landsat,2019-11-19,173/025,173,landsat-8,100.0,50.26459,43.07875981,100.0
landsat,2019-11-18,174/028,174,landsat-7,1.0,46.03619,39.75889343,1.0
landsat,2019-11-18,174/027,174,landsat-7,13.0,47.458105,40.298683685,13.0
landsat,2019-11-18,174/026,174,landsat-7,87.0,48.875415000000004,40.86928399,87.0
landsat,2019-11-18,174/025,174,landsat-7,75.0,50.28801,41.4542743,75.0
landsat,2019-11-17,175/028,175,landsat-8,7.25,46.016059999999996,38.32168876,2.61
landsat,2019-11-17,175/027,175,landsat-8,35.65,47.433195,38.86940405,37.45
landsat,2019-11-17,175/026,175,landsat-8,72.96,48.850465,39.44422437,72.96
landsat,2019-11-17,175/025,175,landsat-8,74.46,50.26594,40.045304715,74.46
landsat,2019-11-16,176/028,176,landsat-7,39.0,46.03649,36.624103515,31.0
landsat,2019-11-16,176/027,176,landsat-7,60.0,47.45738,37.154408790000005,67.0
landsat,2019-11-16,176/026,176,landsat-7,30.0,48.87568,37.722079109999996,30.0
landsat,2019-11-16,176/025,176,landsat-7,59.0,50.29228,38.31548943,59.0
landsat,2019-11-15,177/025,177,landsat-8,0.09,50.265600000000006,36.895474809999996,0.09
landsat,2019-11-13,171/028,171,landsat-7,100.0,46.03536,44.371853475,100.0
landsat,2019-11-13,171/027,171,landsat-7,100.0,47.457634999999996,44.914173735,100.0
landsat,2019-11-13,171/026,171,landsat-7,73.0,48.875965,45.485419045,73.0
landsat,2019-11-13,171/025,171,landsat-7,90.0,50.292625,46.078384355,90.0
landsat,2019-11-12,172/029,172,landsat-8,19.23,44.59599,42.423373514999994,19.23
landsat,2019-11-12,172/028,172,landsat-8,63.26,46.016595,42.93618379,63.26
landsat,2019-11-12,172/027,172,landsat-8,100.0,47.434785000000005,43.474419085,100.0
landsat,2019-11-12,172/026,172,landsat-8,99.99,48.85026,44.048704415,99.99
landsat,2019-11-12,172/025,172,landsat-8,100.0,50.265285000000006,44.65053477,100.0
landsat,2019-11-11,173/028,173,landsat-7,72.0,46.035444999999996,41.322073375,72.0
landsat,2019-11-11,173/027,173,landsat-7,100.0,47.456995,41.854838615000006,100.0
landsat,2019-11-11,173/026,173,landsat-7,100.0,48.874915,42.34945915,100.0
landsat,2019-11-11,173/025,173,landsat-7,94.0,50.291740000000004,42.929084474999996,94.0
landsat,2019-11-10,174/029,174,landsat-8,36.53,44.594855,39.36506845,32.75
landsat,2019-11-10,174/028,174,landsat-8,36.79,46.01631999999999,39.892148715,36.59
landsat,2019-11-10,174/027,174,landsat-8,77.08,47.43488,40.442393995,76.75
landsat,2019-11-10,174/026,174,landsat-8,80.22,48.851600000000005,41.010369305,80.22
landsat,2019-11-10,174/025,174,landsat-8,100.0,50.266125,41.601564644999996,100.0
landsat,2019-11-09,175/028,175,landsat-7,14.0,46.038385,38.192223479999996,9.0
landsat,2019-11-09,175/027,175,landsat-7,71.0,47.45874499999999,38.731678735,79.0
landsat,2019-11-09,175/026,175,landsat-7,100.0,48.87244,39.29761904,100.0
landsat,2019-11-09,175/025,175,landsat-7,48.0,50.28855,39.89783938,48.0
landsat,2019-11-08,176/028,176,landsat-8,20.28,46.01594,36.752068785,17.51
landsat,2019-11-08,176/027,176,landsat-8,79.5,47.4337,37.289629090000005,86.13
landsat,2019-11-08,176/026,176,landsat-8,88.37,48.85002,37.860644414999996,88.37
landsat,2019-11-08,176/025,176,landsat-8,99.92,50.26463,38.46108977,99.92
landsat,2019-11-07,177/025,177,landsat-7,43.0,50.2899,36.749849499999996,43.0
landsat,2019-11-06,170/028,170,landsat-7,49.0,46.036305,45.946293425,49.0
landsat,2019-11-05,171/029,171,landsat-8,66.28,44.59374,43.969458485000004,66.28
landsat,2019-11-05,171/028,171,landsat-8,99.98,46.015525,44.497543755,99.98
landsat,2019-11-05,171/027,171,landsat-8,100.0,47.434595,45.046019045,100.0
landsat,2019-11-05,171/026,171,landsat-8,99.94,48.851145,45.621759365,99.94
landsat,2019-11-05,171/025,171,landsat-8,99.99,50.265745,46.223904705,99.99
landsat,2019-11-04,172/028,172,landsat-7,66.0,46.040125,42.81201352,66.0
landsat,2019-11-04,172/027,172,landsat-7,82.0,47.456050000000005,43.342343795,82.0
landsat,2019-11-04,172/026,172,landsat-7,67.0,48.87475,43.907964085,67.0
landsat,2019-11-04,172/025,172,landsat-7,60.0,50.290400000000005,44.50470944,60.0
landsat,2019-11-03,173/029,173,landsat-8,13.92,44.59408,40.92335841,13.92
landsat,2019-11-03,173/028,173,landsat-8,8.04,46.015405,41.442273665,8.04
landsat,2019-11-03,173/027,173,landsat-8,67.35,47.434884999999994,41.98414894,67.35
landsat,2019-11-03,173/026,173,landsat-8,35.74,48.852085,42.47867944,35.74
landsat,2019-11-03,173/025,173,landsat-8,1.45,50.265744999999995,43.066034814999995,1.45
landsat,2019-11-02,174/028,174,landsat-7,2.0,46.03756,39.760828415000006,2.0
landsat,2019-11-02,174/027,174,landsat-7,7.0,47.45932,40.3089487,7.0
landsat,2019-11-02,174/026,174,landsat-7,3.0,48.878045,40.873283965,3.0
landsat,2019-11-02,174/025,174,landsat-7,23.0,50.289339999999996,41.456249285,23.0
landsat,2019-11-01,175/028,175,landsat-8,12.23,46.016000000000005,38.309843755,5.31
landsat,2019-11-01,175/027,175,landsat-8,14.44,47.433189999999996,38.86128405,11.36
landsat,2019-11-01,175/026,175,landsat-8,31.71,48.85049,39.43586937,31.71
landsat,2019-11-01,175/025,175,landsat-8,28.19,50.266005,40.036694714999996,28.19
landsat,2019-10-31,176/028,176,landsat-7,32.0,46.03791,36.628048500000006,51.0
landsat,2019-10-31,176/027,176,landsat-7,7.0,47.457505,37.1622738,5.0
landsat,2019-10-31,176/026,176,landsat-7,3.0,48.87707,37.726324095,3.0
landsat,2019-10-31,176/025,176,landsat-7,28.0,50.28821,38.317724425,28.0
landsat,2019-10-30,177/025,177,landsat-8,38.35,50.265455,36.88705981,38.35
landsat,2019-10-28,171/028,171,landsat-7,3.0,46.0354,44.379748475,3.0
landsat,2019-10-28,171/027,171,landsat-7,0.0,47.45626,44.92025873,0.0
landsat,2019-10-28,171/026,171,landsat-7,0.0,48.87462,45.49167405,0.0
landsat,2019-10-28,171/025,171,landsat-7,2.0,50.29119,46.08476435,2.0
landsat,2019-10-27,172/029,172,landsat-8,44.17,44.595825000000005,42.415818515,44.17
landsat,2019-10-27,172/028,172,landsat-8,55.25,46.016465,42.92843879,55.25
landsat,2019-10-27,172/027,172,landsat-8,59.46,47.434685,43.466304085000004,59.46
landsat,2019-10-27,172/026,172,landsat-8,58.08,48.8502,44.040344415,58.08
landsat,2019-10-27,172/025,172,landsat-8,78.66,50.263915,44.64193976,78.66
landsat,2019-10-26,173/028,173,landsat-7,6.0,46.03798999999999,41.329938375,6.0
landsat,2019-10-26,173/027,173,landsat-7,0.0,47.4595,41.862938615000004,0.0
landsat,2019-10-26,173/026,173,landsat-7,0.0,48.872305,42.35388913,0.0
landsat,2019-10-26,173/025,173,landsat-7,21.0,50.287845000000004,42.93751949,21.0
landsat,2019-10-25,174/029,174,landsat-8,12.49,44.593500000000006,39.359288455,13.72
landsat,2019-10-25,174/028,174,landsat-8,55.39,46.015029999999996,39.884253720000004,55.45
landsat,2019-10-25,174/027,174,landsat-8,34.84,47.434975,40.434273995,35.2
landsat,2019-10-25,174/026,174,landsat-8,73.92,48.85167,41.004279305,73.92
landsat,2019-10-25,174/025,174,landsat-8,83.02,50.266284999999996,41.595214645,83.02
landsat,2019-10-24,175/028,175,landsat-7,56.0,46.03706,38.196248465,45.0
landsat,2019-10-24,175/027,175,landsat-7,82.0,47.45604,38.741818745,80.0
landsat,2019-10-24,175/026,175,landsat-7,97.0,48.875119999999995,39.30598404,97.0
landsat,2019-10-24,175/025,175,landsat-7,100.0,50.287165,39.90202936,100.0
landsat,2019-10-23,176/028,176,landsat-8,13.12,46.017215,36.74809879,5.36
landsat,2019-10-23,176/027,176,landsat-8,31.42,47.43359,37.28362409,30.18
landsat,2019-10-23,176/026,176,landsat-8,88.49,48.849995,37.854379415,88.49
landsat,2019-10-23,176/025,176,landsat-8,100.0,50.26462,38.45678977,100.0
landsat,2019-10-22,177/025,177,landsat-7,100.0,50.288705,36.758384495,100.0
landsat,2019-10-21,170/028,170,landsat-7,0.0,46.03494,45.952113409999995,0.0
landsat,2019-10-20,171/029,171,landsat-8,18.74,44.59371,43.965608485000004,18.74
landsat,2019-10-20,171/028,171,landsat-8,11.14,46.01551,44.493588755,11.14
landsat,2019-10-20,171/027,171,landsat-8,1.51,47.43459,45.041959045,1.51
landsat,2019-10-20,171/026,171,landsat-8,3.96,48.851165,45.617584365,3.96
landsat,2019-10-20,171/025,171,landsat-8,40.31,50.26578,46.21959971,40.31
landsat,2019-10-19,172/028,172,landsat-7,21.0,46.04026,42.819933500000005,21.0
landsat,2019-10-19,172/027,172,landsat-7,15.0,47.45616,43.348508785,15.0
landsat,2019-10-19,172/026,172,landsat-7,0.0,48.873509999999996,43.920424100000005,0.0
landsat,2019-10-19,172/025,172,landsat-7,2.0,50.290455,44.51121442,2.0
landsat,2019-10-18,173/029,173,landsat-8,21.22,44.59408,40.92335841,21.22
landsat,2019-10-18,173/028,173,landsat-8,46.43,46.01542,41.440368665,46.43
landsat,2019-10-18,173/027,173,landsat-8,82.16,47.43491,41.98219894,82.16
landsat,2019-10-18,173/026,173,landsat-8,16.21,48.85074,42.47869945,16.21
landsat,2019-10-18,173/025,173,landsat-8,0.03,50.265744999999995,43.066034814999995,0.03
landsat,2019-10-17,174/028,174,landsat-7,0.0,46.036095,39.77467343,0.0
landsat,2019-10-17,174/027,174,landsat-7,1.0,47.456585000000004,40.314823675,1.0
landsat,2019-10-17,174/026,174,landsat-7,0.0,48.875164999999996,40.883633985,0.0
landsat,2019-10-17,174/025,174,landsat-7,0.0,50.29179,41.466954285,0.0
landsat,2019-10-16,175/028,175,landsat-8,0.07,46.016000000000005,38.309843755,0.1
landsat,2019-10-16,175/027,175,landsat-8,0.07,47.43316,38.859254050000004,0.07
landsat,2019-10-16,175/026,175,landsat-8,0.01,48.85047,39.433779369999996,0.01
landsat,2019-10-16,175/025,175,landsat-8,0.02,50.26466,40.03669472,0.02
landsat,2019-10-15,176/028,176,landsat-7,1.0,46.03957,36.64343851,2.0
landsat,2019-10-15,176/027,176,landsat-7,1.0,47.454930000000004,37.17041879,1.0
landsat,2019-10-15,176/026,176,landsat-7,14.0,48.873149999999995,37.73884411,14.0
landsat,2019-10-15,176/025,176,landsat-7,2.0,50.28963,38.33058443,2.0
landsat,2019-10-14,177/025,177,landsat-8,10.45,50.26411,36.887074815000005,10.45
landsat,2019-10-12,171/028,171,landsat-7,35.0,46.03542,44.389608475,35.0
landsat,2019-10-12,171/027,171,landsat-7,57.0,47.45626,44.93242373,57.0
landsat,2019-10-12,171/026,171,landsat-7,67.0,48.87321,45.50207904,67.0
landsat,2019-10-12,171/025,171,landsat-7,77.0,50.28978,46.095514355000006,77.0
landsat,2019-10-11,172/029,172,landsat-8,13.86,44.595825000000005,42.415818515,13.86
landsat,2019-10-11,172/028,172,landsat-8,18.04,46.016465,42.92843879,18.04
landsat,2019-10-11,172/027,172,landsat-8,48.7,47.43474,43.468329085,48.7
landsat,2019-10-11,172/026,172,landsat-8,68.08,48.85019,44.042439415000004,68.08
landsat,2019-10-11,172/025,172,landsat-8,84.92,50.265240000000006,44.64407477,84.92
landsat,2019-10-10,173/028,173,landsat-7,4.0,46.037765,41.341558375000005,4.0
landsat,2019-10-10,173/027,173,landsat-7,10.0,47.45921,41.874863614999995,10.0
landsat,2019-10-10,173/026,173,landsat-7,69.0,48.872575,42.366149125,69.0
landsat,2019-10-10,173/025,173,landsat-7,76.0,50.28806,42.950144495,76.0
landsat,2019-10-09,174/029,174,landsat-8,55.71,44.59485,39.35928845,65.23
landsat,2019-10-09,174/028,174,landsat-8,14.51,46.01635,39.888203715,14.55
landsat,2019-10-09,174/027,174,landsat-8,1.82,47.434925,40.438338994999995,1.85
landsat,2019-10-09,174/026,174,landsat-8,2.62,48.85167,41.004279305,2.62
landsat,2019-10-09,174/025,174,landsat-8,4.79,50.26621,41.597359645,4.79
landsat,2019-10-08,175/028,175,landsat-7,92.0,46.037130000000005,38.208088465,91.0
landsat,2019-10-08,175/027,175,landsat-7,89.0,47.45743,38.751943755,89.0
landsat,2019-10-08,175/026,175,landsat-7,100.0,48.87236,39.32058405,100.0
landsat,2019-10-08,175/025,175,landsat-7,100.0,50.289775,39.914979360000004,100.0
landsat,2019-10-07,176/028,176,landsat-8,11.55,46.01588,36.750098785,24.7
landsat,2019-10-07,176/027,176,landsat-8,3.41,47.433645,37.28565409,3.99
landsat,2019-10-07,176/026,176,landsat-8,27.28,48.849985,37.856469415,27.28
landsat,2019-10-07,176/025,176,landsat-8,44.59,50.26463,38.46108977,44.59
landsat,2019-10-06,177/025,177,landsat-7,100.0,50.291560000000004,36.768844485,100.0
landsat,2019-10-05,170/028,170,landsat-7,47.0,46.03485,45.96394841,47.0
landsat,2019-10-04,171/029,171,landsat-8,48.91,44.59374,43.969458485000004,48.91
landsat,2019-10-04,171/028,171,landsat-8,60.31,46.015525,44.497543755,60.31
landsat,2019-10-04,171/027,171,landsat-8,43.82,47.434595,45.046019045,43.82
landsat,2019-10-04,171/026,171,landsat-8,49.58,48.849779999999996,45.619639359999994,49.58
landsat,2019-10-04,171/025,171,landsat-8,64.06,50.265745,46.223904705,64.06
landsat,2019-10-03,172/028,172,landsat-7,4.0,46.036429999999996,42.83159351,4.0
landsat,2019-10-03,172/027,172,landsat-7,0.0,47.45772,43.36472877999999,0.0
landsat,2019-10-03,172/026,172,landsat-7,5.0,48.872225,43.928889085,5.0
landsat,2019-10-03,172/025,172,landsat-7,2.0,50.286435,44.526269435,2.0
landsat,2019-10-02,173/029,173,landsat-8,0.04,44.594015,40.927133409999996,0.04
landsat,2019-10-02,173/028,173,landsat-8,14.63,46.01534,41.444243665,14.63
landsat,2019-10-02,173/027,173,landsat-8,19.81,47.43481,41.98616894,19.81
landsat,2019-10-02,173/026,173,landsat-8,11.46,48.850825,42.482789445,11.46
landsat,2019-10-02,173/025,173,landsat-8,30.81,50.265805,43.070234815,30.81
landsat,2019-10-01,174/028,174,landsat-7,85.0,46.037415,39.784498420000006,85.0
landsat,2019-10-01,174/027,174,landsat-7,90.0,47.456410000000005,40.329148695,90.0
landsat,2019-10-01,174/026,174,landsat-7,100.0,48.876315000000005,40.89781397,100.0
landsat,2019-10-01,174/025,174,landsat-7,100.0,50.28748,41.48147429,100.0
landsat,2019-09-30,175/028,175,landsat-8,35.45,46.016005,38.315763755000006,50.81
landsat,2019-09-30,175/027,175,landsat-8,56.53,47.433195,38.86534405,62.81
landsat,2019-09-30,175/026,175,landsat-8,65.51,48.850480000000005,39.44004437,65.51
landsat,2019-09-30,175/025,175,landsat-8,97.47,50.264579999999995,40.04314972,97.47
landsat,2019-09-29,176/028,176,landsat-7,80.0,46.039795,36.65505851,71.0
landsat,2019-09-29,176/027,176,landsat-7,61.0,47.456514999999996,37.186328785,59.0
landsat,2019-09-29,176/026,176,landsat-7,89.0,48.873265,37.75344911,89.0
landsat,2019-09-29,176/025,176,landsat-7,87.0,50.28836,38.347819425,87.0
landsat,2019-09-28,177/025,177,landsat-8,27.11,50.265535,36.893324809999996,27.11
landsat,2019-09-26,171/028,171,landsat-7,100.0,46.03819,44.405368475,100.0
landsat,2019-09-26,171/027,171,landsat-7,92.0,47.453565,44.94863875,92.0
landsat,2019-09-26,171/026,171,landsat-7,42.0,48.87185,45.512454025,42.0
landsat,2019-09-26,171/025,171,landsat-7,22.0,50.288219999999995,46.112764375,22.0
landsat,2019-09-25,172/029,172,landsat-8,97.85,44.59599,42.423373514999994,97.85
landsat,2019-09-25,172/028,172,landsat-8,80.92,46.016595,42.93618379,80.92
landsat,2019-09-25,172/027,172,landsat-8,8.69,47.434785000000005,43.474419085,8.69
landsat,2019-09-25,172/026,172,landsat-8,1.65,48.85026,44.048704415,1.65
landsat,2019-09-25,172/025,172,landsat-8,16.81,50.263935000000004,44.650554760000006,16.81
landsat,2019-09-24,173/028,173,landsat-7,75.0,46.037594999999996,41.351048355,75.0
landsat,2019-09-24,173/027,173,landsat-7,45.0,47.457505,41.88886863,45.0
landsat,2019-09-24,173/026,173,landsat-7,1.0,48.87159,42.382414145,1.0
landsat,2019-09-24,173/025,173,landsat-7,19.0,50.286915,42.960929469999996,19.0
landsat,2019-09-23,174/029,174,landsat-8,6.47,44.59483,39.36699345,5.07
landsat,2019-09-23,174/028,174,landsat-8,42.48,46.016279999999995,39.89412371,42.32
landsat,2019-09-23,174/027,174,landsat-8,79.82,47.434835,40.446454,80.17
landsat,2019-09-23,174/026,174,landsat-8,70.47,48.851535,41.012454305,70.47
landsat,2019-09-23,174/025,174,landsat-8,68.32,50.26603,41.605774645,68.32
landsat,2019-09-22,175/028,175,landsat-7,82.0,46.035855,38.21988848,73.0
landsat,2019-09-22,175/027,175,landsat-7,100.0,47.45613,38.762108735,100.0
landsat,2019-09-22,175/026,175,landsat-7,100.0,48.875029999999995,39.33311905,100.0
landsat,2019-09-22,175/025,175,landsat-7,100.0,50.28564,39.927874380000006,100.0
landsat,2019-09-21,176/028,176,landsat-8,32.16,46.016025,36.757843785,39.99
landsat,2019-09-21,176/027,176,landsat-8,30.19,47.43376,37.295554089999996,35.36
landsat,2019-09-21,176/026,176,landsat-8,61.74,48.85006,37.864829415,61.74
landsat,2019-09-21,176/025,176,landsat-8,70.73,50.26467,38.46970477,70.73
landsat,2019-09-20,177/025,177,landsat-7,40.0,50.290515,36.783514505,40.0
landsat,2019-09-19,170/028,170,landsat-7,80.0,46.03611,45.975878425000005,80.0
landsat,2019-09-18,171/029,171,landsat-8,13.6,44.593835,43.981008485000004,13.6
landsat,2019-09-18,171/028,171,landsat-8,70.05,46.01555,44.50544375,70.05
landsat,2019-09-18,171/027,171,landsat-8,68.97,47.434565000000006,45.056169045000004,68.97
landsat,2019-09-18,171/026,171,landsat-8,33.55,48.851105000000004,45.630114365,33.55
landsat,2019-09-18,171/025,171,landsat-8,7.8,50.265609999999995,46.234664705,7.8
landsat,2019-09-17,172/028,172,landsat-7,21.0,46.035225,42.83935352,21.0
landsat,2019-09-17,172/027,172,landsat-7,0.0,47.455079999999995,43.36886878,0.0
landsat,2019-09-17,172/026,172,landsat-7,38.0,48.87365,43.9371091,38.0
landsat,2019-09-17,172/025,172,landsat-7,69.0,50.287795,44.530594415,69.0
landsat,2019-09-16,173/029,173,landsat-8,0.03,44.59383,40.93846841,0.03
landsat,2019-09-16,173/028,173,landsat-8,0.19,46.01645,41.455953665,0.19
landsat,2019-09-16,173/027,173,landsat-8,0.04,47.434505,41.998088935,0.04
landsat,2019-09-16,173/026,173,landsat-8,0.01,48.851085,42.495044445,0.01
landsat,2019-09-16,173/025,173,landsat-8,9.75,50.26601,43.082859815000006,9.75
landsat,2019-09-15,174/028,174,landsat-7,7.0,46.03739,39.78844342,7.0
landsat,2019-09-15,174/027,174,landsat-7,9.0,47.45772,40.335228689999994,9.0
landsat,2019-09-15,174/026,174,landsat-7,11.0,48.876315000000005,40.89781397,11.0
landsat,2019-09-15,174/025,174,landsat-7,34.0,50.28875,41.483634284999994,34.0
landsat,2019-09-14,175/028,175,landsat-8,0.14,46.016085000000004,38.32564376,0.21
landsat,2019-09-14,175/027,175,landsat-8,2.27,47.433195,38.87752405,2.64
landsat,2019-09-14,175/026,175,landsat-8,11.26,48.85044,39.452579365,11.26
landsat,2019-09-14,175/025,175,landsat-8,52.73,50.26587,40.053909715,52.73
landsat,2019-09-13,176/028,176,landsat-7,0.0,46.03718,36.658963514999996,0.0
landsat,2019-09-13,176/027,176,landsat-7,0.0,47.457925,37.188258790000006,0.0
landsat,2019-09-13,176/026,176,landsat-7,0.0,48.871925000000005,37.75149909,0.0
landsat,2019-09-13,176/025,176,landsat-7,0.0,50.287015,38.34778444,0.0
landsat,2019-09-12,177/025,177,landsat-8,18.47,50.265744999999995,36.90388981,18.47
landsat,2019-09-10,171/028,171,landsat-7,0.0,46.038195,44.399478465,0.0
landsat,2019-09-10,171/027,171,landsat-7,0.0,47.453565,44.940533725,0.0
landsat,2019-09-10,171/026,171,landsat-7,1.0,48.87185,45.512509045,1.0
landsat,2019-09-10,171/025,171,landsat-7,6.0,50.288309999999996,46.106189345000004,6.0
landsat,2019-09-09,172/029,172,landsat-8,14.82,44.59488,42.43479851,14.82
landsat,2019-09-09,172/028,172,landsat-8,5.02,46.015445,42.94789378,5.02
landsat,2019-09-09,172/027,172,landsat-8,0.74,47.434934999999996,43.486599085,0.74
landsat,2019-09-09,172/026,172,landsat-8,0.34,48.850359999999995,44.061239415,0.34
landsat,2019-09-09,172/025,172,landsat-8,0.05,50.263965,44.66346976,0.05
landsat,2019-09-08,173/028,173,landsat-7,0.0,46.03903,41.34536836,0.0
landsat,2019-09-08,173/027,173,landsat-7,2.0,47.453725,41.878538615,2.0
landsat,2019-09-08,173/026,173,landsat-7,3.0,48.872755,42.37412415,3.0
landsat,2019-09-08,173/025,173,landsat-7,5.0,50.289474999999996,42.95445447,5.0
landsat,2019-09-07,174/029,174,landsat-8,53.51,44.5948,39.37853845,62.31
landsat,2019-09-07,174/028,174,landsat-8,39.67,46.01621,39.907948715,39.72
landsat,2019-09-07,174/027,174,landsat-8,63.67,47.43469,40.458629,64.17
landsat,2019-09-07,174/026,174,landsat-8,35.49,48.85133,41.024714305,35.49
landsat,2019-09-07,174/025,174,landsat-8,0.88,50.265755,41.61838964499999,0.88
landsat,2019-09-06,175/028,175,landsat-7,41.0,46.03309,38.214008480000004,38.0
landsat,2019-09-06,175/027,175,landsat-7,76.0,47.45474,38.75603873,72.0
landsat,2019-09-06,175/026,175,landsat-7,16.0,48.87235,39.32475905,16.0
landsat,2019-09-06,175/025,175,landsat-7,1.0,50.289744999999996,39.91927936,1.0
landsat,2019-09-05,176/028,176,landsat-8,54.38,46.016305,36.77143379,55.3
landsat,2019-09-05,176/027,176,landsat-8,63.2,47.43392,37.30748409,62.34
landsat,2019-09-05,176/026,176,landsat-8,35.81,48.850215,37.879444415,35.81
landsat,2019-09-05,176/025,176,landsat-8,13.32,50.264714999999995,38.48261977,13.32
landsat,2019-09-04,177/025,177,landsat-7,5.0,50.287585,36.77123948,5.0
landsat,2019-09-03,170/028,170,landsat-7,78.0,46.034774999999996,45.96991342,78.0
landsat,2019-09-02,171/029,171,landsat-8,11.76,44.593895,43.988703485,11.76
landsat,2019-09-02,171/028,171,landsat-8,0.07,46.015595000000005,44.51729875,0.07
landsat,2019-09-02,171/027,171,landsat-8,32.91,47.434595,45.066319045,32.91
landsat,2019-09-02,171/026,171,landsat-8,95.99,48.849695,45.642614359999996,95.99
landsat,2019-09-01,172/028,172,landsat-7,0.0,46.037774999999996,42.831663495,0.0
landsat,2019-09-01,172/027,172,landsat-7,1.0,47.45637,43.366668794999995,1.0
landsat,2019-09-01,172/026,172,landsat-7,0.0,48.87092,43.9329991,0.0
landsat,2019-09-01,172/025,172,landsat-7,0.0,50.286460000000005,44.52414442,0.0
landsat,2019-08-31,173/029,173,landsat-8,1.41,44.595060000000004,40.946033405,1.41
landsat,2019-08-31,173/028,173,landsat-8,0.77,46.01494,41.46359866,0.77
landsat,2019-08-31,173/027,173,landsat-8,2.8,47.434380000000004,42.00400894,2.8
landsat,2019-08-31,173/026,173,landsat-8,4.97,48.851255,42.503219445,4.97
landsat,2019-08-31,173/025,173,landsat-8,18.39,50.26614,43.091274815,18.39
landsat,2019-08-30,174/028,174,landsat-7,1.0,46.033365,39.78449843,1.0
landsat,2019-08-30,174/027,174,landsat-7,3.0,47.455110000000005,40.32698368,3.0
landsat,2019-08-30,174/026,174,landsat-7,0.0,48.874970000000005,40.895903985,0.0
landsat,2019-08-30,174/025,174,landsat-7,3.0,50.28742,41.481654305,3.0
landsat,2019-08-29,175/028,175,landsat-8,0.18,46.01612,38.33354376,0.27
landsat,2019-08-29,175/027,175,landsat-8,0.04,47.4332,38.88158405,0.04
landsat,2019-08-29,175/026,175,landsat-8,0.01,48.850425,39.456759364999996,0.01
landsat,2019-08-29,175/025,175,landsat-8,0.03,50.26445,40.06251972,0.03
landsat,2019-08-28,176/028,176,landsat-7,2.0,46.0356,36.647528505,8.0
landsat,2019-08-28,176/027,176,landsat-7,6.0,47.455115000000006,37.1822638,6.0
landsat,2019-08-28,176/026,176,landsat-7,7.0,48.87453,37.745174094999996,7.0
landsat,2019-08-28,176/025,176,landsat-7,8.0,50.285665,38.34140942,8.0
landsat,2019-08-27,177/025,177,landsat-8,42.04,50.265815,36.908094809999994,42.04
landsat,2019-08-25,171/028,171,landsat-7,98.0,46.035475000000005,44.395528475,98.0
landsat,2019-08-25,171/027,171,landsat-7,96.0,47.45626,44.93242373,96.0
landsat,2019-08-25,171/026,171,landsat-7,29.0,48.87319,45.50625404,29.0
landsat,2019-08-25,171/025,171,landsat-7,1.0,50.285655000000006,46.101959375,1.0
landsat,2019-08-24,172/029,172,landsat-8,74.49,44.59488,42.43479851,74.49
landsat,2019-08-24,172/028,172,landsat-8,42.34,46.016795,42.947803785000005,42.34
landsat,2019-08-24,172/027,172,landsat-8,45.39,47.434934999999996,43.486599085,45.39
landsat,2019-08-24,172/026,172,landsat-8,25.07,48.850359999999995,44.061239415,25.07
landsat,2019-08-24,172/025,172,landsat-8,5.39,50.263965,44.66346976,5.39
landsat,2019-08-23,173/028,173,landsat-7,15.0,46.036474999999996,41.33940836,15.0
landsat,2019-08-23,173/027,173,landsat-7,43.0,47.455095,41.87679363,43.0
landsat,2019-08-23,173/026,173,landsat-7,23.0,48.875339999999994,42.368084125,23.0
landsat,2019-08-23,173/025,173,landsat-7,13.0,50.286635000000004,42.946154475,13.0
landsat,2019-08-22,174/029,174,landsat-8,79.63,44.5948,39.37853845,80.51
landsat,2019-08-22,174/028,174,landsat-8,11.66,46.016239999999996,39.904003715,11.5
landsat,2019-08-22,174/027,174,landsat-8,7.04,47.434740000000005,40.454564000000005,6.36
landsat,2019-08-22,174/026,174,landsat-8,0.1,48.85133,41.024714305,0.1
landsat,2019-08-22,174/025,174,landsat-8,0.01,50.26583,41.616244644999995,0.01
landsat,2019-08-21,175/028,175,landsat-7,20.0,46.035765,38.210023480000004,22.0
landsat,2019-08-21,175/027,175,landsat-7,17.0,47.456109999999995,38.749938735,16.0
landsat,2019-08-21,175/026,175,landsat-7,3.0,48.871055,39.314289035,3.0
landsat,2019-08-21,175/025,175,landsat-7,0.0,50.285735,39.914979380000005,0.0
landsat,2019-08-20,176/028,176,landsat-8,12.8,46.01622999999999,36.76755879,7.16
landsat,2019-08-20,176/027,176,landsat-8,3.1,47.43392,37.305534089999995,1.36
landsat,2019-08-20,176/026,176,landsat-8,0.33,48.85017,37.877359415,0.33
landsat,2019-08-20,176/025,176,landsat-8,0.48,50.264700000000005,38.47831477,0.48
landsat,2019-08-19,177/025,177,landsat-7,22.0,50.290205,36.766899480000006,22.0
landsat,2019-08-18,170/028,170,landsat-7,1.0,46.03616,45.966018425,1.0
landsat,2019-08-17,171/029,171,landsat-8,87.83,44.593895,43.988703485,87.83
landsat,2019-08-17,171/028,171,landsat-8,74.38,46.01558,44.51334875,74.38
landsat,2019-08-17,171/027,171,landsat-8,51.78,47.43459,45.062259045,51.78
landsat,2019-08-17,171/026,171,landsat-8,43.88,48.85107,45.638474365,43.88
landsat,2019-08-17,171/025,171,landsat-8,66.87,50.265585,46.243269705,66.87
landsat,2019-08-16,172/028,172,landsat-7,9.0,46.039055,42.827693499999995,9.0
landsat,2019-08-16,172/027,172,landsat-7,36.0,47.45497,43.35872878,36.0
landsat,2019-08-16,172/026,172,landsat-7,70.0,48.87223,43.928769105,70.0
landsat,2019-08-16,172/025,172,landsat-7,47.0,50.289114999999995,44.521969425,47.0
landsat,2019-08-15,173/029,173,landsat-8,0.02,44.593775,40.94224841,0.02
landsat,2019-08-15,173/028,173,landsat-8,0.01,46.01635,41.461728665,0.01
landsat,2019-08-15,173/027,173,landsat-8,0.0,47.434380000000004,42.00400894,0.0
landsat,2019-08-15,173/026,173,landsat-8,0.0,48.851169999999996,42.499134444999996,0.0
landsat,2019-08-15,173/025,173,landsat-8,0.19,50.264725,43.08717981,0.19
landsat,2019-08-14,174/028,174,landsat-7,0.0,46.03339,39.78055843,0.0
landsat,2019-08-14,174/027,174,landsat-7,0.0,47.455155,40.32293368,0.0
landsat,2019-08-14,174/026,174,landsat-7,0.0,48.872339999999994,40.891703985,0.0
landsat,2019-08-14,174/025,174,landsat-7,9.0,50.288905,41.477289285,9.0
landsat,2019-08-13,175/028,175,landsat-8,0.01,46.016099999999994,38.32959376,0.01
landsat,2019-08-13,175/027,175,landsat-8,0.01,47.4332,38.88158405,0.01
landsat,2019-08-13,175/026,175,landsat-8,0.1,48.850425,39.456759364999996,0.1
landsat,2019-08-13,175/025,175,landsat-8,1.2,50.265834999999996,40.058214715000005,1.2
landsat,2019-08-12,176/028,176,landsat-7,0.0,46.0383,36.647243525,2.0
landsat,2019-08-12,176/027,176,landsat-7,1.0,47.45505,37.1782838,1.0
landsat,2019-08-12,176/026,176,landsat-7,3.0,48.87185,37.741069089999996,3.0
landsat,2019-08-12,176/025,176,landsat-7,7.0,50.28697,38.33918444,7.0
landsat,2019-08-11,177/025,177,landsat-8,6.46,50.265815,36.908094809999994,6.46
landsat,2019-08-09,171/028,171,landsat-7,0.0,46.034085000000005,44.387698459999996,0.0
landsat,2019-08-09,171/027,171,landsat-7,0.0,47.453535,44.93444875,0.0
landsat,2019-08-09,171/026,171,landsat-7,0.0,48.873245,45.49996903,0.0
landsat,2019-08-09,171/025,171,landsat-7,1.0,50.28835,46.102019375,1.0
landsat,2019-08-08,172/029,172,landsat-8,0.1,44.594865,42.43293851,0.1
landsat,2019-08-08,172/028,172,landsat-8,0.0,46.016795,42.947803785000005,0.0
landsat,2019-08-08,172/027,172,landsat-8,9.64,47.434934999999996,43.486599085,9.64
landsat,2019-08-08,172/026,172,landsat-8,10.7,48.850359999999995,44.061239415,10.7
landsat,2019-08-08,172/025,172,landsat-8,28.65,50.263965,44.66346976,28.65
landsat,2019-08-07,173/028,173,landsat-7,1.0,46.036550000000005,41.33553836,1.0
landsat,2019-08-07,173/027,173,landsat-7,8.0,47.455195,41.872813629999996,8.0
landsat,2019-08-07,173/026,173,landsat-7,34.0,48.87525,42.363999125,34.0
landsat,2019-08-07,173/025,173,landsat-7,26.0,50.286635000000004,42.946154475,26.0
landsat,2019-08-06,174/029,174,landsat-8,10.71,44.5948,39.37853845,12.41
landsat,2019-08-06,174/028,174,landsat-8,13.45,46.016239999999996,39.904003715,13.48
landsat,2019-08-06,174/027,174,landsat-8,29.93,47.434740000000005,40.454564000000005,30.32
landsat,2019-08-06,174/026,174,landsat-8,28.86,48.85133,41.024714305,28.86
landsat,2019-08-06,174/025,174,landsat-8,37.54,50.26583,41.616244644999995,37.54
landsat,2019-08-05,175/028,175,landsat-7,9.0,46.03442,38.202208465,13.0
landsat,2019-08-05,175/027,175,landsat-7,18.0,47.45473,38.74790375,21.0
landsat,2019-08-05,175/026,175,landsat-7,34.0,48.873775,39.316399035,34.0
landsat,2019-08-05,175/025,175,landsat-7,56.0,50.289775000000006,39.91508939,56.0
landsat,2019-08-04,176/028,176,landsat-8,45.74,46.014885,36.767573795000004,53.02
landsat,2019-08-04,176/027,176,landsat-8,49.42,47.43392,37.305534089999995,49.33
landsat,2019-08-04,176/026,176,landsat-8,99.99,48.85017,37.877359415,99.99
landsat,2019-08-04,176/025,176,landsat-8,100.0,50.264735,38.48046477,100.0
landsat,2019-08-03,177/025,177,landsat-7,74.0,50.2875,36.764969475,74.0
landsat,2019-08-02,170/028,170,landsat-7,10.0,46.03623,45.960098425,10.0
landsat,2019-08-01,171/029,171,landsat-8,74.53,44.593895,43.988703485,74.53
landsat,2019-08-01,171/028,171,landsat-8,20.48,46.015595000000005,44.51729875,20.48
landsat,2019-08-01,171/027,171,landsat-8,10.37,47.434595,45.066319045,10.37
landsat,2019-08-01,171/026,171,landsat-8,25.04,48.849695,45.642614359999996,25.04
landsat,2019-07-31,172/028,172,landsat-7,4.0,46.03493,42.822118495,4.0
landsat,2019-07-31,172/027,172,landsat-7,5.0,47.454915,43.3565288,5.0
landsat,2019-07-31,172/026,172,landsat-7,85.0,48.873555,43.92262408,85.0
landsat,2019-07-31,172/025,172,landsat-7,96.0,50.285055,44.517724415,96.0
landsat,2019-07-30,173/029,173,landsat-8,33.23,44.59371,40.94602341,33.23
landsat,2019-07-30,173/028,173,landsat-8,42.21,46.016285,41.463698665,42.21
landsat,2019-07-30,173/027,173,landsat-8,89.99,47.434380000000004,42.00400894,89.99
landsat,2019-07-30,173/026,173,landsat-8,74.7,48.851255,42.503219445,74.7
landsat,2019-07-30,173/025,173,landsat-8,23.45,50.264790000000005,43.09137981,23.45
landsat,2019-07-29,174/028,174,landsat-7,2.0,46.034800000000004,39.774598415,2.0
landsat,2019-07-29,174/027,174,landsat-7,14.0,47.455155000000005,40.32300369,14.0
landsat,2019-07-29,174/026,174,landsat-7,17.0,48.87381,40.88544397,17.0
landsat,2019-07-29,174/025,174,landsat-7,27.0,50.2863,41.472934285,27.0
landsat,2019-07-28,175/028,175,landsat-8,9.67,46.01612,38.33354376,14.27
landsat,2019-07-28,175/027,175,landsat-8,4.76,47.4332,38.88158405,5.03
landsat,2019-07-28,175/026,175,landsat-8,8.26,48.850425,39.456759364999996,8.26
landsat,2019-07-28,175/025,175,landsat-8,22.92,50.2658,40.062519715,22.92
landsat,2019-07-27,176/028,176,landsat-7,4.0,46.035525,36.643483525,9.0
landsat,2019-07-27,176/027,176,landsat-7,62.0,47.45634,37.174393785,66.0
landsat,2019-07-27,176/026,176,landsat-7,86.0,48.871804999999995,37.73689409,86.0
landsat,2019-07-27,176/025,176,landsat-7,59.0,50.285605000000004,38.334884445,59.0
landsat,2019-07-26,177/025,177,landsat-8,90.1,50.264545,36.912309815,90.1
landsat,2019-07-24,171/028,171,landsat-7,66.0,46.03407,44.383753459999994,66.0
landsat,2019-07-24,171/027,171,landsat-7,95.0,47.453565,44.93241875,95.0
landsat,2019-07-24,171/026,171,landsat-7,69.0,48.871915,45.495769025,69.0
landsat,2019-07-24,171/025,171,landsat-7,16.0,50.288385,46.097724375,16.0
landsat,2019-07-23,172/029,172,landsat-8,86.42,44.594965,42.43857351,86.42
landsat,2019-07-23,172/028,172,landsat-8,67.1,46.016864999999996,42.951678785,67.1
landsat,2019-07-23,172/027,172,landsat-8,10.37,47.434985,43.490659085,10.37
landsat,2019-07-23,172/026,172,landsat-8,7.05,48.850385,44.065414415,7.05
landsat,2019-07-23,172/025,172,landsat-8,0.32,50.263975,44.66776976,0.32
landsat,2019-07-22,173/028,173,landsat-7,34.0,46.035205,41.335598375000004,34.0
landsat,2019-07-22,173/027,173,landsat-7,3.0,47.45669,41.868718615,3.0
landsat,2019-07-22,173/026,173,landsat-7,9.0,48.871120000000005,42.36007913,9.0
landsat,2019-07-22,173/025,173,landsat-7,20.0,50.286640000000006,42.945944499999996,20.0
landsat,2019-07-21,174/029,174,landsat-8,85.57,44.594785,39.38238845,85.33
landsat,2019-07-21,174/028,174,landsat-8,80.08,46.016180000000006,39.911903715,80.25
landsat,2019-07-21,174/027,174,landsat-8,28.95,47.434645,40.462684,28.9
landsat,2019-07-21,174/026,174,landsat-8,13.67,48.851265,41.028804305,13.67
landsat,2019-07-21,174/025,174,landsat-8,35.8,50.265665,41.622594645,35.8
landsat,2019-07-20,175/028,175,landsat-7,1.0,46.035759999999996,38.20409848,2.0
landsat,2019-07-20,175/027,175,landsat-7,8.0,47.4561,38.745888735,9.0
landsat,2019-07-20,175/026,175,landsat-7,9.0,48.871089999999995,39.31220403499999,9.0
landsat,2019-07-20,175/025,175,landsat-7,13.0,50.285765,39.91068438,13.0
landsat,2019-07-19,176/028,176,landsat-8,0.41,46.016375,36.77530379,1.66
landsat,2019-07-19,176/027,176,landsat-8,1.73,47.433980000000005,37.31146409,2.06
landsat,2019-07-19,176/026,176,landsat-8,6.12,48.85025,37.883624420000004,6.12
landsat,2019-07-19,176/025,176,landsat-8,7.31,50.26473,38.48692977,7.31
landsat,2019-07-18,177/025,177,landsat-7,15.0,50.28743,36.762824475,15.0
landsat,2019-07-17,170/028,170,landsat-7,0.0,46.03758,45.96004841,0.0
landsat,2019-07-16,171/029,171,landsat-8,63.41,44.593925,43.992558485,63.41
landsat,2019-07-16,171/028,171,landsat-8,44.73,46.015595000000005,44.51729875,44.73
landsat,2019-07-16,171/027,171,landsat-8,85.54,47.43459,45.070379045,85.54
landsat,2019-07-16,171/026,171,landsat-8,99.98,48.851045,45.642649365,99.98
landsat,2019-07-15,172/028,172,landsat-7,47.0,46.036285,42.82384351,47.0
landsat,2019-07-15,172/027,172,landsat-7,4.0,47.45761,43.35458878,4.0
landsat,2019-07-15,172/026,172,landsat-7,11.0,48.87082,43.91851408,11.0
landsat,2019-07-15,172/025,172,landsat-7,4.0,50.285055,44.517664445,4.0
landsat,2019-07-14,173/029,173,landsat-8,21.74,44.595060000000004,40.946033405,21.74
landsat,2019-07-14,173/028,173,landsat-8,16.88,46.016285,41.463698665,16.88
landsat,2019-07-14,173/027,173,landsat-8,16.17,47.434304999999995,42.006033939999995,16.17
landsat,2019-07-14,173/026,173,landsat-8,22.0,48.851255,42.503219445,22.0
landsat,2019-07-14,173/025,173,landsat-8,18.77,50.26614,43.091274815,18.77
landsat,2019-07-13,174/028,174,landsat-7,66.0,46.037459999999996,39.776683434999995,66.0
landsat,2019-07-13,174/027,174,landsat-7,95.0,47.4538,40.320973695,95.0
landsat,2019-07-13,174/026,174,landsat-7,67.0,48.87387,40.88335897,67.0
landsat,2019-07-13,174/025,174,landsat-7,37.0,50.28893,41.475429309999996,37.0
landsat,2019-07-12,175/028,175,landsat-8,30.75,46.016099999999994,38.32959376,33.58
landsat,2019-07-12,175/027,175,landsat-8,44.48,47.4332,38.88158405,49.65
landsat,2019-07-12,175/026,175,landsat-8,36.95,48.850425,39.456759364999996,36.95
landsat,2019-07-12,175/025,175,landsat-8,33.51,50.265834999999996,40.058214715000005,33.51
landsat,2019-07-11,176/028,176,landsat-7,99.0,46.03686,36.641648509999996,97.0
landsat,2019-07-11,176/027,176,landsat-7,85.0,47.45223,37.17051879,83.0
landsat,2019-07-11,176/026,176,landsat-7,88.0,48.870455,37.738914109999996,88.0
landsat,2019-07-11,176/025,176,landsat-7,71.0,50.286975,38.33276943,71.0
landsat,2019-07-10,177/025,177,landsat-8,33.96,50.265744999999995,36.90388981,33.96
landsat,2019-07-08,171/028,171,landsat-7,8.0,46.035435,44.387633475,8.0
landsat,2019-07-08,171/027,171,landsat-7,11.0,47.45626,44.92836873,11.0
landsat,2019-07-08,171/026,171,landsat-7,1.0,48.870565,45.49576903,1.0
landsat,2019-07-08,171/025,171,landsat-7,6.0,50.285685,46.097659375,6.0
landsat,2019-07-07,172/029,172,landsat-8,6.04,44.59472,42.42724351,6.04
landsat,2019-07-07,172/028,172,landsat-8,11.77,46.016725,42.94392879,11.77
landsat,2019-07-07,172/027,172,landsat-8,28.68,47.434885,43.480509085,28.68
landsat,2019-07-07,172/026,172,landsat-8,24.5,48.85028,44.054974415000004,24.5
landsat,2019-07-07,172/025,172,landsat-8,14.21,50.26392,44.65700976,14.21
landsat,2019-07-06,173/028,173,landsat-7,8.0,46.037975,41.331678355,8.0
landsat,2019-07-06,173/027,173,landsat-7,1.0,47.453990000000005,41.868568615,1.0
landsat,2019-07-06,173/026,173,landsat-7,12.0,48.87123,42.36606914,12.0
landsat,2019-07-06,173/025,173,landsat-7,15.0,50.289325000000005,42.94397447,15.0
landsat,2019-07-05,174/029,174,landsat-8,24.52,44.59482,39.37083845,28.7
landsat,2019-07-05,174/028,174,landsat-8,3.01,46.016305,39.89807871,3.01
landsat,2019-07-05,174/027,174,landsat-8,0.33,47.43479,40.450509,0.34
landsat,2019-07-05,174/026,174,landsat-8,13.94,48.851465000000005,41.016539304999995,13.94
landsat,2019-07-05,174/025,174,landsat-8,26.25,50.26594,41.609979644999996,26.25
landsat,2019-07-04,175/028,175,landsat-7,40.0,46.035735,38.20019347,39.0
landsat,2019-07-04,175/027,175,landsat-7,98.0,47.45473,38.74790375,98.0
landsat,2019-07-04,175/026,175,landsat-7,63.0,48.869704999999996,39.314309050000006,63.0
landsat,2019-07-04,175/025,175,landsat-7,14.0,50.287155,39.90848436,14.0
landsat,2019-07-03,176/028,176,landsat-8,0.82,46.01609,36.759813789999995,2.3
landsat,2019-07-03,176/027,176,landsat-8,2.97,47.43376,37.295554089999996,3.34
landsat,2019-07-03,176/026,176,landsat-8,0.72,48.850094999999996,37.869004415,0.72
landsat,2019-07-03,176/025,176,landsat-8,14.61,50.26467,38.46970477,14.61
landsat,2019-07-02,177/025,177,landsat-7,42.0,50.2875,36.764969475,42.0
landsat,2019-07-01,170/028,170,landsat-7,43.0,46.037535,45.962118430000004,43.0
landsat,2019-06-30,171/029,171,landsat-8,76.68,44.593805,43.977158485000004,76.68
landsat,2019-06-30,171/028,171,landsat-8,50.97,46.01555,44.50544375,50.97
landsat,2019-06-30,171/027,171,landsat-8,43.88,47.434595,45.054139045,43.88
landsat,2019-06-30,171/026,171,landsat-8,68.92,48.851105000000004,45.630114365,68.92
landsat,2019-06-30,171/025,171,landsat-8,84.6,50.26566,46.232514705,84.6
landsat,2019-06-29,172/028,172,landsat-7,94.0,46.037710000000004,42.827623515,94.0
landsat,2019-06-29,172/027,172,landsat-7,75.0,47.45362,43.358643795,75.0
landsat,2019-06-29,172/026,172,landsat-7,50.0,48.872205,43.922624084999995,50.0
landsat,2019-06-29,172/025,172,landsat-7,37.0,50.287765,44.52193944,37.0
landsat,2019-06-28,173/029,173,landsat-8,29.13,44.593959999999996,40.93091341,29.13
landsat,2019-06-28,173/028,173,landsat-8,1.05,46.01659,41.450118665,1.05
landsat,2019-06-28,173/027,173,landsat-8,18.19,47.43471,41.99013894,18.19
landsat,2019-06-28,173/026,173,landsat-8,71.4,48.85091,42.486874445,71.4
landsat,2019-06-28,173/025,173,landsat-8,98.23,50.265879999999996,43.076504815,98.23
landsat,2019-06-27,174/028,174,landsat-7,1.0,46.036075,39.778623429999996,1.0
landsat,2019-06-27,174/027,174,landsat-7,2.0,47.4579,40.320978685,2.0
landsat,2019-06-27,174/026,174,landsat-7,9.0,48.871115,40.88533897000001,9.0
landsat,2019-06-27,174/025,174,landsat-7,45.0,50.287580000000005,41.475304305,45.0
landsat,2019-06-26,175/028,175,landsat-8,0.03,46.016040000000004,38.31773876,0.04
landsat,2019-06-26,175/027,175,landsat-8,0.0,47.433195,38.86534405,0.0
landsat,2019-06-26,175/026,175,landsat-8,3.13,48.850445,39.442134365,3.13
landsat,2019-06-26,175/025,175,landsat-8,2.75,50.26459,40.045304720000004,2.75
landsat,2019-06-25,176/028,176,landsat-7,13.0,46.034255,36.64745852,38.0
landsat,2019-06-25,176/027,176,landsat-7,89.0,47.456395,37.176418784999996,94.0
landsat,2019-06-25,176/026,176,landsat-7,57.0,48.873195,37.743014110000004,57.0
landsat,2019-06-25,176/025,176,landsat-7,4.0,50.284279999999995,38.339224439999995,4.0
landsat,2019-06-24,177/025,177,landsat-8,79.23,50.265535,36.893324809999996,79.23
landsat,2019-06-22,171/028,171,landsat-7,3.0,46.035455,44.391583475000004,3.0
landsat,2019-06-22,171/027,171,landsat-7,0.0,47.45491,44.932423735,0.0
landsat,2019-06-22,171/026,171,landsat-7,0.0,48.87323000000001,45.50416904,0.0
landsat,2019-06-22,171/025,171,landsat-7,7.0,50.285655000000006,46.101959375,7.0
landsat,2019-06-21,172/029,172,landsat-8,85.39,44.595825000000005,42.415818515,85.39
landsat,2019-06-21,172/028,172,landsat-8,42.76,46.016525,42.93230879,42.76
landsat,2019-06-21,172/027,172,landsat-8,4.78,47.434735,43.470359085,4.78
landsat,2019-06-21,172/026,172,landsat-8,12.81,48.850235,44.044529415,12.81
landsat,2019-06-21,172/025,172,landsat-8,11.89,50.2639,44.648399760000004,11.89
landsat,2019-06-20,173/028,173,landsat-7,3.0,46.036474999999996,41.33940836,3.0
landsat,2019-06-20,173/027,173,landsat-7,3.0,47.457795000000004,41.87694363,3.0
landsat,2019-06-20,173/026,173,landsat-7,12.0,48.87132,42.37015414,12.0
landsat,2019-06-20,173/025,173,landsat-7,9.0,50.286699999999996,42.94829947,9.0
landsat,2019-06-19,174/029,174,landsat-8,3.5,44.59485,39.35928845,4.06
landsat,2019-06-19,174/028,174,landsat-8,0.0,46.015,39.88820372,0.0
landsat,2019-06-19,174/027,174,landsat-8,2.37,47.434925,40.438338994999995,2.41
landsat,2019-06-19,174/026,174,landsat-8,23.26,48.851605000000006,41.008364305,23.26
landsat,2019-06-19,174/025,174,landsat-8,22.77,50.266125,41.601564644999996,22.77
landsat,2019-06-18,175/028,175,landsat-7,0.0,46.034445000000005,38.206153465,0.0
landsat,2019-06-18,175/027,175,landsat-7,16.0,47.454705000000004,38.75398375,19.0
landsat,2019-06-18,175/026,175,landsat-7,26.0,48.86831,39.320569055,26.0
landsat,2019-06-18,175/025,175,landsat-7,11.0,50.28573,39.914874355,11.0
landsat,2019-06-17,176/028,176,landsat-8,2.57,46.01588,36.750098785,1.58
landsat,2019-06-17,176/027,176,landsat-8,0.37,47.433645,37.28760409,0.43
landsat,2019-06-17,176/026,176,landsat-8,2.25,48.85002,37.860644414999996,2.25
landsat,2019-06-17,176/025,176,landsat-8,22.39,50.26463,38.46108977,22.39
landsat,2019-06-16,177/025,177,landsat-7,45.0,50.287585,36.77123948,45.0
landsat,2019-06-15,170/028,170,landsat-7,0.0,46.03756,45.96596841,0.0
landsat,2019-06-14,171/029,171,landsat-8,9.34,44.59374,43.969458485000004,9.34
landsat,2019-06-14,171/028,171,landsat-8,9.45,46.015495,44.495568755,9.45
landsat,2019-06-14,171/027,171,landsat-8,0.0,47.434595,45.046019045,0.0
landsat,2019-06-14,171/026,171,landsat-8,1.21,48.851145,45.621759365,1.21
landsat,2019-06-14,171/025,171,landsat-8,2.18,50.265695,46.226054705,2.18
landsat,2019-06-13,172/028,172,landsat-7,78.0,46.03642,42.8297685,78.0
landsat,2019-06-13,172/027,172,landsat-7,20.0,47.456425,43.368693795,20.0
landsat,2019-06-13,172/026,172,landsat-7,0.0,48.87497,43.930909084999996,0.0
landsat,2019-06-13,172/025,172,landsat-7,25.0,50.286435,44.52629442,25.0
landsat,2019-06-12,173/029,173,landsat-8,65.89,44.59408,40.92335841,65.89
landsat,2019-06-12,173/028,173,landsat-8,38.17,46.01534,41.444243665,38.17
landsat,2019-06-12,173/027,173,landsat-8,49.35,47.434884999999994,41.98414894,49.35
landsat,2019-06-12,173/026,173,landsat-8,25.17,48.850825,42.482789445,25.17
landsat,2019-06-12,173/025,173,landsat-8,0.01,50.265805,43.070234815,0.01
landsat,2019-06-11,174/028,174,landsat-7,9.0,46.03474,39.780513415,9.0
landsat,2019-06-11,174/027,174,landsat-7,0.0,47.45506,40.32907869,0.0
landsat,2019-06-11,174/026,174,landsat-7,0.0,48.87503,40.893623965,0.0
landsat,2019-06-11,174/025,174,landsat-7,0.0,50.286145000000005,41.479284285000006,0.0
landsat,2019-06-10,175/028,175,landsat-8,7.23,46.016000000000005,38.309843755,6.11
landsat,2019-06-10,175/027,175,landsat-8,0.22,47.433189999999996,38.86128405,0.14
landsat,2019-06-10,175/026,175,landsat-8,1.16,48.85049,39.43586937,1.16
landsat,2019-06-10,175/025,175,landsat-8,8.32,50.264615000000006,40.03884472,8.32
landsat,2019-06-09,176/028,176,landsat-7,11.0,46.037025,36.651303510000005,6.0
landsat,2019-06-09,176/027,176,landsat-7,20.0,47.45652,37.186148805,20.0
landsat,2019-06-09,176/026,176,landsat-7,20.0,48.870575,37.75143411,20.0
landsat,2019-06-09,176/025,176,landsat-7,42.0,50.287015,38.34137443,42.0
landsat,2019-06-08,177/025,177,landsat-8,97.65,50.265455,36.88705981,97.65
landsat,2019-06-06,171/028,171,landsat-7,72.0,46.032795,44.399503475,72.0
landsat,2019-06-06,171/027,171,landsat-7,94.0,47.454915,44.940533735,94.0
landsat,2019-06-06,171/026,171,landsat-7,26.0,48.8732,45.51250904,26.0
landsat,2019-06-06,171/025,171,landsat-7,0.0,50.288309999999996,46.106189345000004,0.0
landsat,2019-06-05,172/029,172,landsat-8,60.86,44.59574,42.412043515,60.86
landsat,2019-06-05,172/028,172,landsat-8,52.06,46.016465,42.92843879,52.06
landsat,2019-06-05,172/027,172,landsat-8,16.09,47.434685,43.466304085000004,16.09
landsat,2019-06-05,172/026,172,landsat-8,2.42,48.85019,44.042439415000004,2.42
landsat,2019-06-05,172/025,172,landsat-8,3.23,50.26389,44.64409476,3.23
landsat,2019-06-04,173/028,173,landsat-7,3.0,46.039019999999994,41.34727336,3.0
landsat,2019-06-04,173/027,173,landsat-7,8.0,47.456320000000005,41.882663615,8.0
landsat,2019-06-04,173/026,173,landsat-7,18.0,48.87285,42.37820915,18.0
landsat,2019-06-04,173/025,173,landsat-7,6.0,50.28954,42.956599475000004,6.0
landsat,2019-06-03,174/029,174,landsat-8,63.9,44.59485,39.35928845,71.29
landsat,2019-06-03,174/028,174,landsat-8,91.77,46.015029999999996,39.884253720000004,91.74
landsat,2019-06-03,174/027,174,landsat-8,100.0,47.434925,40.436303995,100.0
landsat,2019-06-03,174/026,174,landsat-8,68.63,48.85167,41.004279305,68.63
landsat,2019-06-03,174/025,174,landsat-8,21.57,50.26621,41.597359645,21.57
landsat,2019-06-02,175/028,175,landsat-7,2.0,46.03722,38.217953464999994,1.0
landsat,2019-06-02,175/027,175,landsat-7,1.0,47.45342,38.758063735,1.0
landsat,2019-06-02,175/026,175,landsat-7,11.0,48.87098,39.333104055,11.0
landsat,2019-06-02,175/025,175,landsat-7,42.0,50.287035,39.925674365000006,42.0
landsat,2019-06-01,176/028,176,landsat-8,2.57,46.01588,36.750098785,0.45
landsat,2019-06-01,176/027,176,landsat-8,5.06,47.433645,37.28760409,3.32
landsat,2019-06-01,176/026,176,landsat-8,5.32,48.849985,37.856469415,5.32
landsat,2019-06-01,176/025,176,landsat-8,37.35,50.26463,38.46108977,37.35
landsat,2019-05-31,177/025,177,landsat-7,23.0,50.286460000000005,36.781804484999995,23.0
landsat,2019-05-30,170/028,170,landsat-7,2.0,46.03747,45.977803415,2.0
landsat,2019-05-29,171/029,171,landsat-8,0.5,44.59374,43.969458485000004,0.5
landsat,2019-05-29,171/028,171,landsat-8,0.02,46.015495,44.495568755,0.02
landsat,2019-05-29,171/027,171,landsat-8,1.67,47.434595,45.046019045,1.67
landsat,2019-05-29,171/026,171,landsat-8,2.15,48.851145,45.621759365,2.15
landsat,2019-05-29,171/025,171,landsat-8,0.91,50.265745,46.223904705,0.91
landsat,2019-05-28,172/028,172,landsat-7,11.0,46.03799,42.843118520000004,11.0
landsat,2019-05-28,172/027,172,landsat-7,1.0,47.453835,43.376888795,1.0
landsat,2019-05-28,172/026,172,landsat-7,0.0,48.872344999999996,43.939319085,0.0
landsat,2019-05-28,172/025,172,landsat-7,0.0,50.286474999999996,44.539164435,0.0
landsat,2019-05-27,173/029,173,landsat-8,67.82,44.59408,40.92335841,67.82
landsat,2019-05-27,173/028,173,landsat-8,39.77,46.01534,41.444243665,39.77
landsat,2019-05-27,173/027,173,landsat-8,14.77,47.434884999999994,41.98414894,14.77
landsat,2019-05-27,173/026,173,landsat-8,26.55,48.850825,42.482789445,26.55
landsat,2019-05-27,173/025,173,landsat-8,40.61,50.265805,43.070234815,40.61
landsat,2019-05-26,174/028,174,landsat-7,83.0,46.034679999999994,39.794323415,83.0
landsat,2019-05-26,174/027,174,landsat-7,99.0,47.453585000000004,40.343268695000006,99.0
landsat,2019-05-26,174/026,174,landsat-7,95.0,48.873490000000004,40.90588897,95.0
landsat,2019-05-26,174/025,174,landsat-7,94.0,50.288495,41.496469309999995,94.0
landsat,2019-05-25,175/028,175,landsat-8,100.0,46.015985,38.311818755000004,100.0
landsat,2019-05-25,175/027,175,landsat-8,100.0,47.433189999999996,38.86128405,100.0
landsat,2019-05-25,175/026,175,landsat-8,90.82,48.850455,39.43795437,90.82
landsat,2019-05-25,175/025,175,landsat-8,63.59,50.26463,40.04099972,63.59
landsat,2019-05-24,176/028,176,landsat-7,18.0,46.034639999999996,36.666823515,20.0
landsat,2019-05-24,176/027,176,landsat-7,22.0,47.456635000000006,37.194283784999996,22.0
landsat,2019-05-24,176/026,176,landsat-7,23.0,48.873395,37.763884105,23.0
landsat,2019-05-24,176/025,176,landsat-7,3.0,50.28436,38.35642444,3.0
landsat,2019-05-23,177/025,177,landsat-8,49.54,50.26553,36.891264809999996,49.54
landsat,2019-05-21,171/028,171,landsat-7,0.0,46.03691,44.409368459999996,0.0
landsat,2019-05-21,171/027,171,landsat-7,0.0,47.45626,44.95674875,0.0
landsat,2019-05-21,171/026,171,landsat-7,1.0,48.87045,45.52499904,1.0
landsat,2019-05-21,171/025,171,landsat-7,18.0,50.2869,46.116939355,18.0
landsat,2019-05-20,172/029,172,landsat-8,87.34,44.595825000000005,42.415818515,87.34
landsat,2019-05-20,172/028,172,landsat-8,15.01,46.016525,42.93230879,15.01
landsat,2019-05-20,172/027,172,landsat-8,0.01,47.434735,43.470359085,0.01
landsat,2019-05-20,172/026,172,landsat-8,1.43,48.85022,44.046619415,1.43
landsat,2019-05-20,172/025,172,landsat-8,7.23,50.26525,44.648379770000005,7.23
landsat,2019-05-19,173/028,173,landsat-7,64.0,46.0334,41.35874337,64.0
landsat,2019-05-19,173/027,173,landsat-7,0.0,47.453435,41.89046361,0.0
landsat,2019-05-19,173/026,173,landsat-7,0.0,48.871764999999996,42.390594145,0.0
landsat,2019-05-19,173/025,173,landsat-7,0.0,50.287055,42.96934947,0.0
landsat,2019-05-18,174/029,174,landsat-8,46.63,44.594835,39.36313845,53.17
landsat,2019-05-18,174/028,174,landsat-8,62.72,46.01631999999999,39.892148715,62.91
landsat,2019-05-18,174/027,174,landsat-8,3.32,47.43488,40.442393995,3.37
landsat,2019-05-18,174/026,174,landsat-8,4.45,48.851535,41.012454305,4.45
landsat,2019-05-18,174/025,174,landsat-8,0.33,50.266104999999996,41.603629645,0.33
landsat,2019-05-17,175/028,175,landsat-7,8.0,46.035915,38.22584347,7.0
landsat,2019-05-17,175/027,175,landsat-7,18.0,47.454764999999995,38.772233755,11.0
landsat,2019-05-17,175/026,175,landsat-7,2.0,48.86965,39.33933905,2.0
landsat,2019-05-17,175/025,175,landsat-7,14.0,50.286975,39.934269365,14.0
landsat,2019-05-16,176/028,176,landsat-8,0.51,46.014665,36.75595379,0.4
landsat,2019-05-16,176/027,176,landsat-8,7.58,47.4337,37.29157909,9.05
landsat,2019-05-16,176/026,176,landsat-8,14.99,48.85006,37.864829415,14.99
landsat,2019-05-16,176/025,176,landsat-8,46.67,50.26469,38.46754977,46.67
landsat,2019-05-15,177/025,177,landsat-7,48.0,50.28519,36.78613448,48.0
landsat,2019-05-14,170/028,170,landsat-7,34.0,46.033334999999994,45.981743425,34.0
landsat,2019-05-13,171/029,171,landsat-8,91.72,44.593805,43.977158485000004,91.72
landsat,2019-05-13,171/028,171,landsat-8,84.82,46.015519999999995,44.503468755,84.82
landsat,2019-05-13,171/027,171,landsat-8,99.93,47.434595,45.054139045,99.93
landsat,2019-05-13,171/026,171,landsat-8,72.94,48.85109,45.628024365,72.94
landsat,2019-05-13,171/025,171,landsat-8,31.99,50.26566,46.232514705,31.99
landsat,2019-05-12,172/028,172,landsat-7,6.0,46.03528,42.8414885,6.0
landsat,2019-05-12,172/027,172,landsat-7,85.0,47.453835,43.376888795,85.0
landsat,2019-05-12,172/026,172,landsat-7,53.0,48.872335,43.941404085,53.0
landsat,2019-05-12,172/025,172,landsat-7,77.0,50.28784,44.54343944,77.0
landsat,2019-05-11,173/029,173,landsat-8,34.3,44.593959999999996,40.93091341,34.3
landsat,2019-05-11,173/028,173,landsat-8,36.95,46.01653,41.452083665,36.95
landsat,2019-05-11,173/027,173,landsat-8,27.93,47.43461,41.994113935,27.93
landsat,2019-05-11,173/026,173,landsat-8,11.7,48.850995,42.490959445,11.7
landsat,2019-05-11,173/025,173,landsat-8,1.42,50.26594,43.078654815,1.42
landsat,2019-05-10,174/028,174,landsat-7,96.0,46.035995,39.79637343,96.0
landsat,2019-05-10,174/027,174,landsat-7,100.0,47.45358,40.341238695,100.0
landsat,2019-05-10,174/026,174,landsat-7,100.0,48.872204999999994,40.903703965,100.0
landsat,2019-05-10,174/025,174,landsat-7,65.0,50.287235,41.492134300000004,65.0
landsat,2019-05-09,175/028,175,landsat-8,87.64,46.016059999999996,38.32168876,86.7
landsat,2019-05-09,175/027,175,landsat-8,89.9,47.43317,38.871434050000005,88.36
landsat,2019-05-09,175/026,175,landsat-8,96.28,48.85043,39.446309365000005,96.28
landsat,2019-05-09,175/025,175,landsat-8,97.0,50.264515,40.05175972,97.0
landsat,2019-05-08,176/028,176,landsat-7,68.0,46.034549999999996,36.661048515000004,75.0
landsat,2019-05-08,176/027,176,landsat-7,94.0,47.456575,37.188353785000004,95.0
landsat,2019-05-08,176/026,176,landsat-7,68.0,48.873355000000004,37.759709105,68.0
landsat,2019-05-08,176/025,176,landsat-7,44.0,50.28434,38.35212444,44.0
landsat,2019-05-07,177/025,177,landsat-8,75.52,50.26568,36.90173981,75.52
landsat,2019-05-05,171/028,171,landsat-7,100.0,46.034175000000005,44.40736848,100.0
landsat,2019-05-05,171/027,171,landsat-7,94.0,47.45494,44.946613735,94.0
landsat,2019-05-05,171/026,171,landsat-7,100.0,48.873205,45.518769039999995,100.0
landsat,2019-05-05,171/025,171,landsat-7,100.0,50.284189999999995,46.114784365000006,100.0
landsat,2019-05-04,172/029,172,landsat-8,95.21,44.596154999999996,42.430923515,95.21
landsat,2019-05-04,172/028,172,landsat-8,50.25,46.016735,42.945828785,50.25
landsat,2019-05-04,172/027,172,landsat-8,12.27,47.434934999999996,43.484564085,12.27
landsat,2019-05-04,172/026,172,landsat-8,30.04,48.850314999999995,44.059149415,30.04
landsat,2019-05-04,172/025,172,landsat-8,8.43,50.265280000000004,44.66129977,8.43
landsat,2019-05-03,173/028,173,landsat-7,92.0,46.0349,41.351013365,92.0
landsat,2019-05-03,173/027,173,landsat-7,38.0,47.45478,41.890673629999995,38.0
landsat,2019-05-03,173/026,173,landsat-7,66.0,48.872915000000006,42.380489125,66.0
landsat,2019-05-03,173/025,173,landsat-7,90.0,50.285565,42.961039465,90.0
landsat,2019-05-02,174/029,174,landsat-8,69.72,44.594809999999995,39.37468845,64.69
landsat,2019-05-02,174/028,174,landsat-8,26.11,46.016239999999996,39.904003715,25.89
landsat,2019-05-02,174/027,174,landsat-8,29.05,47.434740000000005,40.454564000000005,28.24
landsat,2019-05-02,174/026,174,landsat-8,47.21,48.851389999999995,41.022629304999995,47.21
landsat,2019-05-02,174/025,174,landsat-8,59.47,50.26583,41.616244644999995,59.47
landsat,2019-05-01,175/028,175,landsat-7,67.0,46.03318,38.22386848,62.0
landsat,2019-05-01,175/027,175,landsat-7,94.0,47.45478,38.76211873,93.0
landsat,2019-05-01,175/026,175,landsat-7,100.0,48.872355,39.33518905,100.0
landsat,2019-05-01,175/025,175,landsat-7,100.0,50.282915,39.93211938,100.0
landsat,2019-04-30,176/028,176,landsat-8,36.15,46.01482,36.765603795000004,30.06
landsat,2019-04-30,176/027,176,landsat-8,53.23,47.43387,37.30155909,52.28
landsat,2019-04-30,176/026,176,landsat-8,94.87,48.85013,37.873184415,94.87
landsat,2019-04-30,176/025,176,landsat-8,100.0,50.264700000000005,38.47831477,100.0
landsat,2019-04-29,177/025,177,landsat-7,87.0,50.286474999999996,36.783764495,87.0
landsat,2019-04-28,170/028,170,landsat-7,3.0,46.03608,45.979823425000006,3.0
landsat,2019-04-27,171/029,171,landsat-8,0.39,44.59387,43.982928485,0.39
landsat,2019-04-27,171/028,171,landsat-8,3.46,46.01557,44.50939375,3.46
landsat,2019-04-27,171/027,171,landsat-8,13.77,47.43459,45.058199045,13.77
landsat,2019-04-27,171/026,171,landsat-8,40.94,48.85109,45.634294365,40.94
landsat,2019-04-27,171/025,171,landsat-8,62.39,50.26558,46.241114705,62.39
landsat,2019-04-26,172/028,172,landsat-7,1.0,46.035225,42.83935352,1.0
landsat,2019-04-26,172/027,172,landsat-7,3.0,47.45513,43.37089378,3.0
landsat,2019-04-26,172/026,172,landsat-7,0.0,48.869614999999996,43.935199085,0.0
landsat,2019-04-26,172/025,172,landsat-7,1.0,50.283765,44.53489443,1.0
landsat,2019-04-25,173/029,173,landsat-8,8.45,44.5945,40.898768415000006,8.45
landsat,2019-04-25,173/028,173,landsat-8,0.17,46.015964999999994,41.415163660000005,0.17
landsat,2019-04-25,173/027,173,landsat-8,0.49,47.435585,41.95633394,0.49
landsat,2019-04-25,173/026,173,landsat-8,1.42,48.851479999999995,42.45008444,1.42
landsat,2019-04-25,173/025,173,landsat-8,0.08,50.265275,43.03657981,0.08
landsat,2019-04-24,174/028,174,landsat-7,26.0,46.034729999999996,39.786433415000005,26.0
landsat,2019-04-24,174/027,174,landsat-7,80.0,47.456375,40.335228695,80.0
landsat,2019-04-24,174/026,174,landsat-7,60.0,48.87092,40.89970898,60.0
landsat,2019-04-24,174/025,174,landsat-7,9.0,50.288825,41.481494285,9.0
landsat,2019-04-23,175/028,175,landsat-8,0.18,46.01587,38.286133754999994,0.2
landsat,2019-04-23,175/027,175,landsat-8,0.13,47.433170000000004,38.83286405,0.15
landsat,2019-04-23,175/026,175,landsat-8,0.64,48.85058,39.40662437,0.64
landsat,2019-04-23,175/025,175,landsat-8,8.28,50.266245,40.00656471,8.28
landsat,2019-04-21,177/025,177,landsat-8,4.59,50.26629,36.85749982,4.59
landsat,2019-04-19,171/028,171,landsat-7,43.0,46.03688,44.401473460000005,43.0
landsat,2019-04-19,171/027,171,landsat-7,1.0,47.452245,44.94256373,1.0
landsat,2019-04-19,171/026,171,landsat-7,0.0,48.870485,45.51665904,0.0
landsat,2019-04-19,171/025,171,landsat-7,0.0,50.286935,46.112634355,0.0
landsat,2019-04-18,172/029,172,landsat-8,97.59,44.595325,42.393163515,97.59
landsat,2019-04-18,172/028,172,landsat-8,46.52,46.016059999999996,42.90519879,46.52
landsat,2019-04-18,172/027,172,landsat-8,0.79,47.434380000000004,43.441944085,0.79
landsat,2019-04-18,172/026,172,landsat-8,0.01,48.85001,44.01528441,0.01
landsat,2019-04-18,172/025,172,landsat-8,0.01,50.26381,44.61395476,0.01
landsat,2019-04-17,173/028,173,landsat-7,100.0,46.03496,41.348963354999995,100.0
landsat,2019-04-17,173/027,173,landsat-7,100.0,47.454805,41.88871863,100.0
landsat,2019-04-17,173/026,173,landsat-7,98.0,48.872915000000006,42.380489125,98.0
landsat,2019-04-17,173/025,173,landsat-7,69.0,50.285565,42.961039465,69.0
landsat,2019-04-16,174/029,174,landsat-8,92.28,44.594905,39.336193449999996,93.01
landsat,2019-04-16,174/028,174,landsat-8,98.93,46.013815,39.864458715,98.93
landsat,2019-04-16,174/027,174,landsat-8,100.0,47.435255,40.411958999999996,100.0
landsat,2019-04-16,174/026,174,landsat-8,100.0,48.852075,40.979754305,100.0
landsat,2019-04-16,174/025,174,landsat-8,100.0,50.266825,41.569989645,100.0
landsat,2019-04-15,175/028,175,landsat-7,97.0,46.03587,38.21795347,96.0
landsat,2019-04-15,175/027,175,landsat-7,100.0,47.45478,38.766148755,100.0
landsat,2019-04-15,175/026,175,landsat-7,100.0,48.86969499999999,39.33308405,100.0
landsat,2019-04-15,175/025,175,landsat-7,100.0,50.287035,39.925674365000006,100.0
landsat,2019-04-14,176/028,176,landsat-8,100.0,46.016845,36.72873379000001,100.0
landsat,2019-04-14,176/027,176,landsat-8,100.0,47.434650000000005,37.261784085,100.0
landsat,2019-04-14,176/026,176,landsat-8,99.95,48.851105000000004,37.831404410000005,99.95
landsat,2019-04-14,176/025,176,landsat-8,96.66,50.26455,38.43310477,96.66
landsat,2019-04-13,177/025,177,landsat-7,99.0,50.286474999999996,36.783764495,99.0
landsat,2019-04-12,170/028,170,landsat-7,74.0,46.03476,45.97583342,74.0
landsat,2019-04-11,171/029,171,landsat-8,86.74,44.59359,43.948283485000005,86.74
landsat,2019-04-11,171/028,171,landsat-8,93.53,46.015429999999995,44.473833755,93.53
landsat,2019-04-11,171/027,171,landsat-8,39.96,47.434585,45.021659045,39.96
landsat,2019-04-11,171/026,171,landsat-8,0.62,48.85128,45.592524365,0.62
landsat,2019-04-11,171/025,171,landsat-8,0.07,50.266040000000004,46.19592971,0.07
landsat,2019-04-10,172/028,172,landsat-7,21.0,46.03514,42.833738495,21.0
landsat,2019-04-10,172/027,172,landsat-7,5.0,47.45513,43.3707188,5.0
landsat,2019-04-10,172/026,172,landsat-7,2.0,48.87231,43.935144085000005,2.0
landsat,2019-04-10,172/025,172,landsat-7,0.0,50.2892,44.536989434999995,0.0
landsat,2019-04-09,173/029,173,landsat-8,18.3,44.59438,40.904463414999995,18.3
landsat,2019-04-09,173/028,173,landsat-8,28.31,46.0158,41.422908664999994,28.31
landsat,2019-04-09,173/027,173,landsat-8,13.89,47.435410000000005,41.96232894,13.89
landsat,2019-04-09,173/026,173,landsat-8,11.98,48.851654999999994,42.458254445,11.98
landsat,2019-04-09,173/025,173,landsat-8,33.27,50.26541,43.04293481,33.27
landsat,2019-04-08,174/028,174,landsat-7,38.0,46.032005,39.790338415,38.0
landsat,2019-04-08,174/027,174,landsat-7,88.0,47.45228,40.33914369,89.0
landsat,2019-04-08,174/026,174,landsat-7,92.0,48.872265,40.899713975,92.0
landsat,2019-04-08,174/025,174,landsat-7,87.0,50.287235,41.492134300000004,87.0
landsat,2019-04-07,175/028,175,landsat-8,0.21,46.015910000000005,38.294033755,0.21
landsat,2019-04-07,175/027,175,landsat-8,1.95,47.433175,38.84098405,2.27
landsat,2019-04-07,175/026,175,landsat-8,15.8,48.850555,39.41498437,15.8
landsat,2019-04-07,175/025,175,landsat-8,8.64,50.26483,40.015174715,8.64
landsat,2019-04-06,176/028,176,landsat-7,0.0,46.034485000000004,36.659078515000004,0.0
landsat,2019-04-06,176/027,176,landsat-7,4.0,47.456575,37.188353785000004,5.0
landsat,2019-04-06,176/026,176,landsat-7,8.0,48.869275,37.75365409,8.0
landsat,2019-04-06,176/025,176,landsat-7,19.0,50.28438,38.35427444,19.0
landsat,2019-04-05,177/025,177,landsat-8,38.79,50.26509,36.866024815,38.79
landsat,2019-04-03,171/028,171,landsat-7,69.0,46.035525,44.407368475,69.0
landsat,2019-04-03,171/027,171,landsat-7,98.0,47.450865,44.94864375,98.0
landsat,2019-04-03,171/026,171,landsat-7,100.0,48.870525,45.514539029999995,100.0
landsat,2019-04-03,171/025,171,landsat-7,100.0,50.285555,46.117004375,100.0
landsat,2019-04-02,172/029,172,landsat-8,100.0,44.595555,42.40263352,100.0
landsat,2019-04-02,172/028,172,landsat-8,100.0,46.01626,42.91681879,100.0
landsat,2019-04-02,172/027,172,landsat-8,100.0,47.434535,43.452089085,100.0
landsat,2019-04-02,172/026,172,landsat-8,100.0,48.850075,44.02363441,100.0
landsat,2019-04-02,172/025,172,landsat-8,100.0,50.263875,44.624719760000005,100.0
landsat,2019-04-01,173/028,173,landsat-7,54.0,46.033550000000005,41.35091336,54.0
landsat,2019-04-01,173/027,173,landsat-7,1.0,47.45478,41.890673629999995,1.0
landsat,2019-04-01,173/026,173,landsat-7,0.0,48.87299,42.38256913,0.0
landsat,2019-04-01,173/025,173,landsat-7,3.0,50.284215,42.961044470000004,3.0
landsat,2019-03-31,174/029,174,landsat-8,3.25,44.59488,39.34773845,3.85
landsat,2019-03-31,174/028,174,landsat-8,0.07,46.01647,39.874378715,0.07
landsat,2019-03-31,174/027,174,landsat-8,0.04,47.43512,40.424133999999995,0.04
landsat,2019-03-31,174/026,174,landsat-8,0.1,48.851935,40.989929305000004,0.1
landsat,2019-03-31,174/025,174,landsat-8,25.53,50.266555,41.58260465,25.53
landsat,2019-03-30,175/028,175,landsat-7,41.0,46.03318,38.22386848,58.0
landsat,2019-03-30,175/027,175,landsat-7,68.0,47.45343,38.762118735,69.0
landsat,2019-03-30,175/026,175,landsat-7,70.0,48.871030000000005,39.337279054999996,70.0
landsat,2019-03-30,175/025,175,landsat-7,87.0,50.287005,39.929974365,87.0
landsat,2019-03-29,176/028,176,landsat-8,5.51,46.01572,36.740448785,20.46
landsat,2019-03-29,176/027,176,landsat-8,19.7,47.43347,37.27371909,22.8
landsat,2019-03-29,176/026,176,landsat-8,33.75,48.85122,37.843939410000004,33.75
landsat,2019-03-29,176/025,176,landsat-8,73.72,50.264565,38.44386977,73.72
landsat,2019-03-28,177/025,177,landsat-7,39.0,50.286545000000004,36.787974495,39.0
landsat,2019-03-27,170/028,170,landsat-7,19.0,46.03747,45.977803415,19.0
landsat,2019-03-26,171/029,171,landsat-8,0.06,44.593675000000005,43.961758485000004,0.06
landsat,2019-03-26,171/028,171,landsat-8,0.12,46.015474999999995,44.485688755,0.12
landsat,2019-03-26,171/027,171,landsat-8,1.9,47.433245,45.03383404,1.9
landsat,2019-03-26,171/026,171,landsat-8,39.38,48.849855,45.609194360000004,39.38
landsat,2019-03-26,171/025,171,landsat-8,58.17,50.265865000000005,46.21099471,58.17
landsat,2019-03-25,172/028,172,landsat-7,5.0,46.03663,42.841393505,5.0
landsat,2019-03-25,172/027,172,landsat-7,7.0,47.45249,43.373003780000005,7.0
landsat,2019-03-25,172/026,172,landsat-7,30.0,48.87102,43.9455191,30.0
landsat,2019-03-25,172/025,172,landsat-7,63.0,50.286500000000004,44.53704442,63.0
landsat,2019-03-24,173/029,173,landsat-8,59.52,44.594139999999996,40.919578415000004,59.52
landsat,2019-03-24,173/028,173,landsat-8,88.49,46.015505,41.436498665,88.49
landsat,2019-03-24,173/027,173,landsat-8,98.48,47.435085,41.97619894,98.48
landsat,2019-03-24,173/026,173,landsat-8,82.46,48.851915000000005,42.470509445,82.46
landsat,2019-03-24,173/025,173,landsat-8,62.08,50.265609999999995,43.057614814999994,62.08
landsat,2019-03-23,174/028,174,landsat-7,48.0,46.031965,39.792308415,48.0
landsat,2019-03-23,174/027,174,landsat-7,43.0,47.453585000000004,40.343268695000006,44.0
landsat,2019-03-23,174/026,174,landsat-7,94.0,48.873549999999994,40.90581897,94.0
landsat,2019-03-23,174/025,174,landsat-7,100.0,50.28461,41.489744290000004,100.0
landsat,2019-03-22,175/028,175,landsat-8,42.32,46.014665,38.30789875,32.61
landsat,2019-03-22,175/027,175,landsat-8,70.19,47.433185,38.85722405,75.17
landsat,2019-03-22,175/026,175,landsat-8,94.25,48.85052,39.427509369999996,94.25
landsat,2019-03-22,175/025,175,landsat-8,95.42,50.264695,40.03238972,95.42
landsat,2019-03-21,176/028,176,landsat-7,41.0,46.03599,36.66672352,36.0
landsat,2019-03-21,176/027,176,landsat-7,40.0,47.452650000000006,37.196318794999996,35.0
landsat,2019-03-21,176/026,176,landsat-7,31.0,48.86932,37.757829085,31.0
landsat,2019-03-21,176/025,176,landsat-7,58.0,50.28575,38.358534445000004,58.0
landsat,2019-03-20,177/025,177,landsat-8,86.85,50.265384999999995,36.88285481,86.85
landsat,2019-03-18,171/028,171,landsat-7,100.0,46.034229999999994,44.407428460000006,100.0
landsat,2019-03-18,171/027,171,landsat-7,83.0,47.453559999999996,44.95674875,83.0
landsat,2019-03-18,171/026,171,landsat-7,87.0,48.86779,45.52288404,87.0
landsat,2019-03-18,171/025,171,landsat-7,74.0,50.2842,46.116869355,74.0
landsat,2019-03-17,172/029,172,landsat-8,99.91,44.595905,42.419598515000004,99.91
landsat,2019-03-17,172/028,172,landsat-8,100.0,46.015175,42.932403785,100.0
landsat,2019-03-17,172/027,172,landsat-8,99.97,47.434735,43.470359085,99.97
landsat,2019-03-17,172/026,172,landsat-8,100.0,48.85154,44.04243941,100.0
landsat,2019-03-17,172/025,172,landsat-8,100.0,50.26389,44.64409476,100.0
landsat,2019-03-16,173/028,173,landsat-7,100.0,46.033469999999994,41.35478836,100.0
landsat,2019-03-16,173/027,173,landsat-7,95.0,47.45461,41.896663625,95.0
landsat,2019-03-16,173/026,173,landsat-7,100.0,48.87308,42.38665913,100.0
landsat,2019-03-16,173/025,173,landsat-7,100.0,50.28436,42.969464470000005,100.0
landsat,2019-03-15,174/029,174,landsat-8,99.92,44.59483,39.36699345,100.0
landsat,2019-03-15,174/028,174,landsat-8,100.0,46.01631999999999,39.892148715,100.0
landsat,2019-03-15,174/027,174,landsat-8,100.0,47.43488,40.442393995,100.0
landsat,2019-03-15,174/026,174,landsat-8,100.0,48.851605000000006,41.008364305,100.0
landsat,2019-03-15,174/025,174,landsat-8,95.86,50.266194999999996,41.599419645,95.86
landsat,2019-03-14,175/028,175,landsat-7,12.0,46.031845000000004,38.221978465,18.0
landsat,2019-03-14,175/027,175,landsat-7,23.0,47.45209,38.77021875,25.0
landsat,2019-03-14,175/026,175,landsat-7,72.0,48.871035,39.337239034999996,72.0
landsat,2019-03-14,175/025,175,landsat-7,37.0,50.286945,39.938624375,37.0
landsat,2019-03-13,176/028,176,landsat-8,90.25,46.01601,36.755938785,81.34
landsat,2019-03-13,176/027,176,landsat-8,50.09,47.435050000000004,37.289629085,40.87
landsat,2019-03-13,176/026,176,landsat-8,41.99,48.85137,37.86064441,41.99
landsat,2019-03-13,176/025,176,landsat-8,45.37,50.26463,38.46108977,45.37
landsat,2019-03-12,177/025,177,landsat-7,66.0,50.286694999999995,36.794324495,66.0
landsat,2019-03-11,170/028,170,landsat-7,19.0,46.037435,45.981748415,19.0
landsat,2019-03-10,171/029,171,landsat-8,82.02,44.593815,43.975228485,82.02
landsat,2019-03-10,171/028,171,landsat-8,83.89,46.01556,44.499518755,83.89
landsat,2019-03-10,171/027,171,landsat-8,85.7,47.43327,45.04804404,85.7
landsat,2019-03-10,171/026,171,landsat-8,95.88,48.849795,45.62172936,95.88
landsat,2019-03-10,171/025,171,landsat-8,98.73,50.265745,46.223904705,98.73
landsat,2019-03-09,172/028,172,landsat-7,20.0,46.035425000000004,42.84906852,20.0
landsat,2019-03-09,172/027,172,landsat-7,53.0,47.455290000000005,43.38102378,53.0
landsat,2019-03-09,172/026,172,landsat-7,23.0,48.87245,43.951779095,23.0
landsat,2019-03-09,172/025,172,landsat-7,50.0,50.283805,44.547794429999996,50.0
landsat,2019-03-08,173/029,173,landsat-8,62.28,44.595304999999996,40.930918405,62.28
landsat,2019-03-08,173/028,173,landsat-8,77.04,46.01526,41.448113665,77.04
landsat,2019-03-08,173/027,173,landsat-8,100.0,47.434785000000005,41.98811894,100.0
landsat,2019-03-08,173/026,173,landsat-8,100.0,48.85217,42.48276944,100.0
landsat,2019-03-08,173/025,173,landsat-8,99.93,50.265805,43.070234815,99.93
landsat,2019-03-07,174/028,174,landsat-7,17.0,46.031890000000004,39.804183425000005,17.0
landsat,2019-03-07,174/027,174,landsat-7,42.0,47.453590000000005,40.345153675,43.0
landsat,2019-03-07,174/026,174,landsat-7,31.0,48.86803,40.911773964999995,31.0
landsat,2019-03-07,174/025,174,landsat-7,1.0,50.283,41.502344295,1.0
landsat,2019-03-06,175/028,175,landsat-8,100.0,46.016040000000004,38.31773876,100.0
landsat,2019-03-06,175/027,175,landsat-8,73.2,47.433195,38.86534405,68.73
landsat,2019-03-06,175/026,175,landsat-8,23.12,48.850480000000005,39.44004437,23.12
landsat,2019-03-06,175/025,175,landsat-8,6.19,50.265975,40.040999715,6.19
landsat,2019-03-05,176/028,176,landsat-7,45.0,46.03335,36.6689785,38.0
landsat,2019-03-05,176/027,176,landsat-7,12.0,47.45277,37.204268795000004,13.0
landsat,2019-03-05,176/026,176,landsat-7,37.0,48.866695,37.768259095000005,37.0
landsat,2019-03-05,176/025,176,landsat-7,66.0,50.283075,38.362944420000005,66.0
landsat,2019-03-04,177/025,177,landsat-8,100.0,50.26553,36.891264809999996,100.0
landsat,2019-03-02,171/028,171,landsat-7,94.0,46.034229999999994,44.41334346,94.0
landsat,2019-03-02,171/027,171,landsat-7,96.0,47.453590000000005,44.96283375,96.0
landsat,2019-03-02,171/026,171,landsat-7,88.0,48.871825,45.527054025,88.0
landsat,2019-03-02,171/025,171,landsat-7,100.0,50.28278,46.12540435,100.0
landsat,2019-03-01,172/029,172,landsat-8,100.0,44.595969999999994,42.421518515,100.0
landsat,2019-03-01,172/028,172,landsat-8,100.0,46.016595,42.93618379,100.0
landsat,2019-03-01,172/027,172,landsat-8,100.0,47.434785000000005,43.472389085,100.0
landsat,2019-03-01,172/026,172,landsat-8,100.0,48.85158,44.04452941,100.0
landsat,2019-03-01,172/025,172,landsat-8,100.0,50.263925,44.64624476,100.0
landsat,2019-02-28,173/028,173,landsat-7,91.0,46.031895,41.366473375,91.0
landsat,2019-02-28,173/027,173,landsat-7,93.0,47.453215,41.900363615,93.0
landsat,2019-02-28,173/026,173,landsat-7,100.0,48.871930000000006,42.396759145000004,100.0
landsat,2019-02-28,173/025,173,landsat-7,100.0,50.283155,42.97984449,100.0
landsat,2019-02-27,174/029,174,landsat-8,97.8,44.59483,39.36699345,99.02
landsat,2019-02-27,174/028,174,landsat-8,98.65,46.01631999999999,39.892148715,98.64
landsat,2019-02-27,174/027,174,landsat-8,91.82,47.43488,40.442393995,91.7
landsat,2019-02-27,174/026,174,landsat-8,86.55,48.851605000000006,41.008364305,86.55
landsat,2019-02-27,174/025,174,landsat-8,100.0,50.266194999999996,41.599419645,100.0
landsat,2019-02-26,175/028,175,landsat-7,99.0,46.033265,38.23377347,100.0
landsat,2019-02-26,175/027,175,landsat-7,90.0,47.452075,38.78035375,92.0
landsat,2019-02-26,175/026,175,landsat-7,100.0,48.871015,39.345584035,100.0
landsat,2019-02-26,175/025,175,landsat-7,97.0,50.28421,39.94280936,97.0
landsat,2019-02-25,176/028,176,landsat-8,36.61,46.01601,36.755938785,35.99
landsat,2019-02-25,176/027,176,landsat-8,91.38,47.435050000000004,37.289629085,96.71
landsat,2019-02-25,176/026,176,landsat-8,100.0,48.85137,37.86064441,100.0
landsat,2019-02-25,176/025,176,landsat-8,99.98,50.26463,38.46108977,99.98
landsat,2019-02-24,177/025,177,landsat-7,13.0,50.28541,36.79669448,13.0
landsat,2019-02-23,170/028,170,landsat-7,33.0,46.03328500000001,45.991613425,33.0
landsat,2019-02-22,171/029,171,landsat-8,70.29,44.593805,43.977158485000004,70.29
landsat,2019-02-22,171/028,171,landsat-8,36.08,46.01554,44.501493755,36.08
landsat,2019-02-22,171/027,171,landsat-8,18.28,47.43324,45.05007404,18.28
landsat,2019-02-22,171/026,171,landsat-8,10.4,48.849795,45.62172936,10.4
landsat,2019-02-22,171/025,171,landsat-8,27.56,50.265755,46.226059705,27.56
landsat,2019-02-21,172/028,172,landsat-7,44.0,46.034215,42.856913515,44.0
landsat,2019-02-21,172/027,172,landsat-7,96.0,47.45265,43.387193780000004,96.0
landsat,2019-02-21,172/026,172,landsat-7,100.0,48.871170000000006,43.9601241,100.0
landsat,2019-02-21,172/025,172,landsat-7,100.0,50.28114,44.556419434999995,100.0
landsat,2019-02-20,173/029,173,landsat-8,1.81,44.593959999999996,40.93091341,1.81
landsat,2019-02-20,173/028,173,landsat-8,0.11,46.015240000000006,41.45001866,0.11
landsat,2019-02-20,173/027,173,landsat-8,4.12,47.43471,41.99013894,4.12
landsat,2019-02-20,173/026,173,landsat-8,5.53,48.85091,42.486874445,5.53
landsat,2019-02-20,173/025,173,landsat-8,2.44,50.26446,43.070344805000005,2.44
landsat,2019-02-19,174/028,174,landsat-7,0.0,46.03458,39.810103420000004,0.0
landsat,2019-02-19,174/027,174,landsat-7,1.0,47.452155000000005,40.353258685,2.0
landsat,2019-02-19,174/026,174,landsat-7,1.0,48.869125,40.926318984999995,1.0
landsat,2019-02-19,174/025,174,landsat-7,1.0,50.285595,41.508654285000006,1.0
landsat,2019-02-18,175/028,175,landsat-8,37.78,46.016059999999996,38.32168876,49.13
landsat,2019-02-18,175/027,175,landsat-8,7.16,47.433195,38.86940405,7.2
landsat,2019-02-18,175/026,175,landsat-8,1.96,48.850465,39.44422437,1.96
landsat,2019-02-18,175/025,175,landsat-8,8.23,50.26594,40.045304715,8.23
landsat,2019-02-17,176/028,176,landsat-7,95.0,46.033575,36.6805985,93.0
landsat,2019-02-17,176/027,176,landsat-7,80.0,47.452884999999995,37.214178795,77.0
landsat,2019-02-17,176/026,176,landsat-7,87.0,48.87083,37.774444095,87.0
landsat,2019-02-17,176/025,176,landsat-7,21.0,50.28581,38.377884445,21.0
landsat,2019-02-16,177/025,177,landsat-8,99.98,50.265600000000006,36.895474809999996,99.98
landsat,2019-02-14,171/028,171,landsat-7,100.0,46.03427000000001,44.42123846,100.0
landsat,2019-02-14,171/027,171,landsat-7,87.0,47.453559999999996,44.96891375,87.0
landsat,2019-02-14,171/026,171,landsat-7,53.0,48.867705,45.537484039999995,53.0
landsat,2019-02-14,171/025,171,landsat-7,54.0,50.284055,46.134059355,54.0
landsat,2019-02-13,172/029,172,landsat-8,66.74,44.596055,42.425293515,66.74
landsat,2019-02-13,172/028,172,landsat-8,76.4,46.015315,42.940148785,76.4
landsat,2019-02-13,172/027,172,landsat-8,100.0,47.43483500000001,43.476444085,100.0
landsat,2019-02-13,172/026,172,landsat-8,100.0,48.85026,44.048704415,100.0
landsat,2019-02-13,172/025,172,landsat-8,82.5,50.263935000000004,44.650554760000006,82.5
landsat,2019-02-12,173/028,173,landsat-7,58.0,46.03586,41.37039836,58.0
landsat,2019-02-12,173/027,173,landsat-7,32.0,47.45304,41.906358615,32.0
landsat,2019-02-12,173/026,173,landsat-7,20.0,48.869415000000004,42.405074145,20.0
landsat,2019-02-12,173/025,173,landsat-7,37.0,50.28592,42.98403948,37.0
landsat,2019-02-11,174/029,174,landsat-8,68.92,44.59482,39.37083845,76.96
landsat,2019-02-11,174/028,174,landsat-8,92.52,46.016295,39.89610371,92.49
landsat,2019-02-11,174/027,174,landsat-8,97.95,47.434835,40.446454,97.92
landsat,2019-02-11,174/026,174,landsat-8,98.71,48.851535,41.012454305,98.71
landsat,2019-02-11,174/025,174,landsat-8,100.0,50.266104999999996,41.603629645,100.0
landsat,2019-02-10,175/028,175,landsat-7,100.0,46.03195,38.24359848,100.0
landsat,2019-02-10,175/027,175,landsat-7,100.0,47.45346,38.786448735,100.0
landsat,2019-02-10,175/026,175,landsat-7,100.0,48.8696,39.36020405,100.0
landsat,2019-02-10,175/025,175,landsat-7,100.0,50.28277,39.955764380000005,100.0
landsat,2019-02-09,176/028,176,landsat-8,100.0,46.01609,36.759813789999995,100.0
landsat,2019-02-09,176/027,176,landsat-8,100.0,47.435105,37.295554085,100.0
landsat,2019-02-09,176/026,176,landsat-8,99.98,48.851455,37.86691441,99.98
landsat,2019-02-09,176/025,176,landsat-8,100.0,50.26469,38.46754977,100.0
landsat,2019-02-08,177/025,177,landsat-7,99.0,50.28557,36.80717448,99.0
landsat,2019-02-07,170/028,170,landsat-7,100.0,46.030495,46.003393425,100.0
landsat,2019-02-06,171/029,171,landsat-8,97.51,44.593865,43.984853485,97.51
landsat,2019-02-06,171/028,171,landsat-8,100.0,46.01557,44.50939375,100.0
landsat,2019-02-06,171/027,171,landsat-8,100.0,47.43459,45.058199045,100.0
landsat,2019-02-06,171/026,171,landsat-8,100.0,48.851105000000004,45.630114365,100.0
landsat,2019-02-06,171/025,171,landsat-8,100.0,50.26567,46.234664705,100.0
landsat,2019-02-05,172/028,172,landsat-7,44.0,46.034425,42.868533514999996,44.0
landsat,2019-02-05,172/027,172,landsat-7,85.0,47.451454999999996,43.40129879,85.0
landsat,2019-02-05,172/026,172,landsat-7,86.0,48.86985,43.964409085,86.0
landsat,2019-02-05,172/025,172,landsat-7,55.0,50.283895,44.56713943,55.0
landsat,2019-02-04,173/029,173,landsat-8,20.11,44.595175,40.940338405000006,20.11
landsat,2019-02-04,173/028,173,landsat-8,90.69,46.015085,41.457758659999996,90.69
landsat,2019-02-04,173/027,173,landsat-8,82.95,47.43585,41.99812393,82.95
landsat,2019-02-04,173/026,173,landsat-8,86.19,48.851085,42.495044445,86.19
landsat,2019-02-04,173/025,173,landsat-8,82.79,50.26466,43.08296981,82.79
landsat,2019-02-03,174/028,174,landsat-7,96.0,46.03181,39.821898415,96.0
landsat,2019-02-03,174/027,174,landsat-7,78.0,47.45193,40.371563695,78.0
landsat,2019-02-03,174/026,174,landsat-7,100.0,48.870400000000004,40.93232397,100.0
landsat,2019-02-03,174/025,174,landsat-7,2.0,50.286535,41.525789305,2.0
landsat,2019-02-02,175/028,175,landsat-8,98.87,46.014754999999994,38.329628755,99.3
landsat,2019-02-02,175/027,175,landsat-8,99.98,47.434545,38.877524045,99.98
landsat,2019-02-02,175/026,175,landsat-8,100.0,48.85044,39.452579365,100.0
landsat,2019-02-02,175/025,175,landsat-8,0.01,50.26587,40.053909715,0.01
landsat,2019-02-01,176/028,176,landsat-7,89.0,46.033715,36.686443499999996,78.0
landsat,2019-02-01,176/027,176,landsat-7,85.0,47.453065,37.224158795,86.0
landsat,2019-02-01,176/026,176,landsat-7,100.0,48.8669,37.7891191,100.0
landsat,2019-02-01,176/025,176,landsat-7,100.0,50.283195,38.38228942,100.0
landsat,2019-01-31,177/025,177,landsat-8,100.0,50.265744999999995,36.90388981,100.0
landsat,2019-01-29,171/028,171,landsat-7,73.0,46.032934999999995,44.431133455,73.0
landsat,2019-01-29,171/027,171,landsat-7,64.0,47.452209999999994,44.981083745,64.0
landsat,2019-01-29,171/026,171,landsat-7,65.0,48.87174,45.547914025,65.0
landsat,2019-01-29,171/025,171,landsat-7,9.0,50.28263,46.142589349999994,9.0
landsat,2019-01-28,172/029,172,landsat-8,67.68,44.594805,42.43101851,67.68
landsat,2019-01-28,172/028,172,landsat-8,99.96,46.015445,42.94789378,99.96
landsat,2019-01-28,172/027,172,landsat-8,94.9,47.434934999999996,43.484564085,94.9
landsat,2019-01-28,172/026,172,landsat-8,99.96,48.850325,44.057059415,99.96
landsat,2019-01-28,172/025,172,landsat-8,99.96,50.263954999999996,44.659164759999996,99.96
landsat,2019-01-27,173/028,173,landsat-7,100.0,46.031585,41.38196337,100.0
landsat,2019-01-27,173/027,173,landsat-7,100.0,47.452844999999996,41.914308614999996,100.0
landsat,2019-01-27,173/026,173,landsat-7,100.0,48.86959,42.413244145,100.0
landsat,2019-01-27,173/025,173,landsat-7,100.0,50.2874,42.990389475,100.0
landsat,2019-01-26,174/029,174,landsat-8,100.0,44.594809999999995,39.37468845,100.0
landsat,2019-01-26,174/028,174,landsat-8,100.0,46.016239999999996,39.904003715,100.0
landsat,2019-01-26,174/027,174,landsat-8,100.0,47.43479,40.452539,100.0
landsat,2019-01-26,174/026,174,landsat-8,70.87,48.85146,41.018544305,70.87
landsat,2019-01-26,174/025,174,landsat-8,85.99,50.26592,41.612039644999996,85.99
landsat,2019-01-25,175/028,175,landsat-7,99.0,46.03197,38.247548480000006,100.0
landsat,2019-01-25,175/027,175,landsat-7,86.0,47.453469999999996,38.790503735,86.0
landsat,2019-01-25,175/026,175,landsat-7,61.0,48.866910000000004,39.355994034999995,61.0
landsat,2019-01-25,175/025,175,landsat-7,5.0,50.281375,39.957849370000005,5.0
landsat,2019-01-24,176/028,176,landsat-8,94.98,46.01616,36.76368879,92.43
landsat,2019-01-24,176/027,176,landsat-8,100.0,47.43387,37.30155909,99.99
landsat,2019-01-24,176/026,176,landsat-8,100.0,48.850139999999996,37.871094415,100.0
landsat,2019-01-24,176/025,176,landsat-8,100.0,50.26468,38.47400977,100.0
landsat,2019-01-23,177/025,177,landsat-7,100.0,50.284310000000005,36.813344495,100.0
landsat,2019-01-22,170/028,170,landsat-7,100.0,46.031885,46.00137341,100.0
landsat,2019-01-21,171/029,171,landsat-8,92.68,44.593865,43.984853485,92.68
landsat,2019-01-21,171/028,171,landsat-8,65.52,46.01557,44.50939375,65.52
landsat,2019-01-21,171/027,171,landsat-8,86.74,47.43459,45.058199045,86.74
landsat,2019-01-21,171/026,171,landsat-8,89.96,48.85109,45.634294365,89.96
landsat,2019-01-21,171/025,171,landsat-8,73.48,50.26562,46.236814705,73.48
landsat,2019-01-20,172/028,172,landsat-7,89.0,46.035714999999996,42.86646852,89.0
landsat,2019-01-20,172/027,172,landsat-7,13.0,47.455505,43.399268774999996,13.0
landsat,2019-01-20,172/026,172,landsat-7,0.0,48.86985,43.964409085,0.0
landsat,2019-01-20,172/025,172,landsat-7,0.0,50.283895,44.56713943,0.0
landsat,2019-01-19,173/029,173,landsat-8,69.47,44.595175,40.940338405000006,69.47
landsat,2019-01-19,173/028,173,landsat-8,99.25,46.015085,41.457758659999996,99.25
landsat,2019-01-19,173/027,173,landsat-8,100.0,47.434505,41.998088935,100.0
landsat,2019-01-19,173/026,173,landsat-8,100.0,48.851085,42.495044445,100.0
landsat,2019-01-19,173/025,173,landsat-8,100.0,50.26466,43.08296981,100.0
landsat,2019-01-18,174/028,174,landsat-7,47.0,46.034555,39.814043420000004,47.0
landsat,2019-01-18,174/027,174,landsat-7,18.0,47.454715,40.363528695,18.0
landsat,2019-01-18,174/026,174,landsat-7,14.0,48.86771,40.930303980000005,14.0
landsat,2019-01-18,174/025,174,landsat-7,58.0,50.284155,41.512739275,58.0
landsat,2019-01-17,175/028,175,landsat-8,19.7,46.016085000000004,38.32564376,12.66
landsat,2019-01-17,175/027,175,landsat-8,13.08,47.4332,38.87346405,11.5
landsat,2019-01-17,175/026,175,landsat-8,24.81,48.850449999999995,39.448399365,24.81
landsat,2019-01-17,175/025,175,landsat-8,17.44,50.26587,40.053909715,17.44
landsat,2019-01-16,176/028,176,landsat-7,3.0,46.033595000000005,36.68233352,9.0
landsat,2019-01-16,176/027,176,landsat-7,16.0,47.454229999999995,37.21231378,18.0
landsat,2019-01-16,176/026,176,landsat-7,34.0,48.872254999999996,37.78474411,34.0
landsat,2019-01-16,176/025,176,landsat-7,61.0,50.283155,38.380069445000004,61.0
landsat,2019-01-15,177/025,177,landsat-8,53.05,50.26567,36.89967981,53.05
landsat,2019-01-13,171/028,171,landsat-7,100.0,46.030215,44.427153475,100.0
landsat,2019-01-13,171/027,171,landsat-7,100.0,47.45224,44.96688873,100.0
landsat,2019-01-13,171/026,171,landsat-7,93.0,48.869035,45.541689045,93.0
landsat,2019-01-13,171/025,171,landsat-7,94.0,50.285399999999996,46.13405935,94.0
landsat,2019-01-12,172/029,172,landsat-8,80.2,44.594705000000005,42.42538851,80.2
landsat,2019-01-12,172/028,172,landsat-8,99.98,46.016665,42.940058789999995,99.98
landsat,2019-01-12,172/027,172,landsat-8,98.31,47.43483500000001,43.476444085,98.31
landsat,2019-01-12,172/026,172,landsat-8,97.61,48.85025,44.050794415,97.61
landsat,2019-01-12,172/025,172,landsat-8,99.99,50.26391,44.652704760000006,99.99
landsat,2019-01-11,173/028,173,landsat-7,100.0,46.031755000000004,41.372308375,100.0
landsat,2019-01-11,173/027,173,landsat-7,16.0,47.45312,41.904338615,16.0
landsat,2019-01-11,173/026,173,landsat-7,100.0,48.870760000000004,42.404954149999995,100.0
landsat,2019-01-11,173/025,173,landsat-7,39.0,50.280595000000005,42.986309485,39.0
landsat,2019-01-10,174/029,174,landsat-8,25.18,44.59482,39.37083845,26.59
landsat,2019-01-10,174/028,174,landsat-8,45.16,46.016295,39.89610371,45.22
landsat,2019-01-10,174/027,174,landsat-8,99.94,47.434835,40.446454,99.94
landsat,2019-01-10,174/026,174,landsat-8,99.96,48.851524999999995,41.014459305,99.96
landsat,2019-01-10,174/025,174,landsat-8,26.62,50.26603,41.605774645,26.62
landsat,2019-01-09,175/028,175,landsat-7,83.0,46.030575,38.23969348,87.0
landsat,2019-01-09,175/027,175,landsat-7,12.0,47.450755,38.782403735,14.0
landsat,2019-01-09,175/026,175,landsat-7,8.0,48.868264999999994,39.356034054999995,8.0
landsat,2019-01-09,175/025,175,landsat-7,100.0,50.284195,39.94925936,100.0
landsat,2019-01-08,176/028,176,landsat-8,26.94,46.01609,36.759813789999995,37.3
landsat,2019-01-08,176/027,176,landsat-8,86.15,47.43376,37.295554089999996,90.38
landsat,2019-01-08,176/026,176,landsat-8,100.0,48.851455,37.86691441,100.0
landsat,2019-01-08,176/025,176,landsat-8,44.85,50.26469,38.46754977,44.85
landsat,2019-01-07,177/025,177,landsat-7,61.0,50.282725,36.79888448,61.0
landsat,2019-01-06,170/028,170,landsat-7,88.0,46.030555,45.995508425,88.0
landsat,2019-01-05,171/029,171,landsat-8,98.64,44.593835,43.981008485000004,98.64
landsat,2019-01-05,171/028,171,landsat-8,82.29,46.01555,44.50544375,82.29
landsat,2019-01-05,171/027,171,landsat-8,91.81,47.433245,45.05413404,91.81
landsat,2019-01-05,171/026,171,landsat-8,94.41,48.851105000000004,45.630114365,94.41
landsat,2019-01-05,171/025,171,landsat-8,96.49,50.26566,46.232514705,96.49
landsat,2019-01-04,172/028,172,landsat-7,61.0,46.034220000000005,42.858818514999996,61.0
landsat,2019-01-04,172/027,172,landsat-7,0.0,47.448655,43.39124879,0.0
landsat,2019-01-04,172/026,172,landsat-7,100.0,48.867090000000005,43.956119085,100.0
landsat,2019-01-04,172/025,172,landsat-7,100.0,50.282525,44.558544440000006,100.0
landsat,2019-01-03,173/029,173,landsat-8,76.76,44.595245000000006,40.934703405,76.76
landsat,2019-01-03,173/028,173,landsat-8,99.93,46.015164999999996,41.45388366,99.93
landsat,2019-01-03,173/027,173,landsat-8,99.99,47.43461,41.994113935,99.99
landsat,2019-01-03,173/026,173,landsat-8,100.0,48.850995,42.490959445,100.0
landsat,2019-01-03,173/025,173,landsat-8,100.0,50.26594,43.078654815,100.0
landsat,2019-01-02,174/028,174,landsat-7,40.0,46.033195000000006,39.81211843,40.0
landsat,2019-01-02,174/027,174,landsat-7,72.0,47.453505,40.353258679999996,72.0
landsat,2019-01-02,174/026,174,landsat-7,42.0,48.8679,40.91994897,42.0
landsat,2019-01-01,175/028,175,landsat-8,86.65,46.016059999999996,38.32168876,94.54
landsat,2019-01-01,175/027,175,landsat-8,87.32,47.433195,38.86940405,90.17
landsat,2019-01-01,175/026,175,landsat-8,99.92,48.850465,39.44422437,99.92
landsat,2019-01-01,175/025,175,landsat-8,99.98,50.26591,40.049609715,99.98
s2,2020-12-31,MGRS-37TDL,,sentinel-2a,3.775754,45.555848279985554,38.41655925323913,3e-06
s2,2020-12-31,MGRS-37TDL,,sentinel-2a,10.185119,45.555848279985554,38.41655925323913,0.0
s2,2020-12-31,MGRS-37TEL,,sentinel-2a,17.466157,45.55516155802344,39.709322690138876,0.0
s2,2020-12-31,MGRS-37TEL,,sentinel-2a,38.357002,45.55516155802344,39.709322690138876,0.0
s2,2020-12-31,MGRS-37TFL,,sentinel-2a,17.032143,45.54520863851158,40.93808179151777,20.350327
s2,2020-12-31,MGRS-37TFL,,sentinel-2a,27.845746,45.5459240484699,40.93776915087402,20.372583
s2,2020-12-31,MGRS-37TDM,,sentinel-2a,27.426866,46.455948091000295,38.41649495456441,8.593363
s2,2020-12-31,MGRS-37TDM,,sentinel-2a,25.861858,46.455948091000295,38.41644647928099,8.50259
s2,2020-12-31,MGRS-37TEM,,sentinel-2a,0.813919,46.4552395980743,39.721122510119244,0.0
s2,2020-12-31,MGRS-37TEM,,sentinel-2a,0.46548,46.4552395980743,39.721122510119244,0.0
s2,2020-12-31,MGRS-37TGL,,sentinel-2a,0.006101,45.99617104330545,41.59420323562101,99.945617
s2,2020-12-31,MGRS-37TGL,,sentinel-2a,0.0,45.995666582207896,41.59315967186859,99.947858
s2,2020-12-31,MGRS-37TFM,,sentinel-2a,30.209702,46.441419168149636,41.02303425761262,1.785923
s2,2020-12-31,MGRS-37TFM,,sentinel-2a,25.089255,46.44141772216685,41.02303425761262,1.772005
s2,2020-12-31,MGRS-37TGM,,sentinel-2a,55.036124,46.445761001923785,41.78548150144886,87.67904
s2,2020-12-31,MGRS-37TGM,,sentinel-2a,60.707623,46.44531250199441,41.784424086667215,87.710965
s2,2020-12-31,MGRS-37TDN,,sentinel-2a,95.873232,47.357294143936045,38.544413373226234,31.592506
s2,2020-12-31,MGRS-37TDN,,sentinel-2a,96.334231,47.357303683803835,38.54546272679815,31.707576
s2,2020-12-31,MGRS-37TEN,,sentinel-2a,87.382764,47.35517094361567,39.73350488611941,0.0
s2,2020-12-31,MGRS-37TEN,,sentinel-2a,85.464996,47.35517094361567,39.73350488611941,3e-06
s2,2020-12-31,MGRS-37TFN,,sentinel-2a,95.505801,47.33927476175064,41.05736653787892,0.0
s2,2020-12-31,MGRS-37TFN,,sentinel-2a,96.401936,47.33927476175064,41.05736653787892,0.0
s2,2020-12-31,MGRS-37TGN,,sentinel-2a,92.902469,47.325132724353914,42.003256735300035,64.116722
s2,2020-12-31,MGRS-37TGN,,sentinel-2a,94.778073,47.32611152081198,42.003145315424035,64.136839
s2,2020-12-31,MGRS-37UDP,,sentinel-2a,100.0,48.25794149577821,38.709445360007095,55.148149
s2,2020-12-31,MGRS-37UDP,,sentinel-2a,99.927178,48.25793568007508,38.70851158377561,55.037457
s2,2020-12-31,MGRS-37UEP,,sentinel-2a,99.97812,48.25441590912898,39.746498560243026,0.0
s2,2020-12-31,MGRS-37UEP,,sentinel-2a,100.0,48.25441590912898,39.746498560243026,0.0
s2,2020-12-31,MGRS-38TLT,,sentinel-2a,99.863103,47.759952269438465,42.3613185758843,99.692196
s2,2020-12-31,MGRS-38TLT,,sentinel-2a,100.0,47.75949970519466,42.36045036602122,99.695939
s2,2020-12-31,MGRS-37UFP,,sentinel-2a,99.800815,48.238014373183745,41.093384770106766,0.0
s2,2020-12-31,MGRS-37UFP,,sentinel-2a,99.997252,48.238014373183745,41.093384770106766,0.0
s2,2020-12-31,MGRS-37UGP,,sentinel-2a,99.940722,48.218655506823076,42.22816283800553,40.779403
s2,2020-12-31,MGRS-37UGP,,sentinel-2a,99.999857,48.21937330219188,42.22798241249119,40.814641
s2,2020-12-31,MGRS-37UDQ,,sentinel-2a,99.998361,49.158567415390785,38.87871901882521,78.352612
s2,2020-12-31,MGRS-37UDQ,,sentinel-2a,99.082731,49.158564727956744,38.87790418066535,78.238863
s2,2020-12-31,MGRS-38ULU,,sentinel-2a,99.969402,48.23316261274893,42.54456077090793,81.48911
s2,2020-12-31,MGRS-38ULU,,sentinel-2a,100.0,48.23361080690596,42.54442487248711,81.524855
s2,2020-12-31,MGRS-37UEQ,,sentinel-2a,99.303721,49.154054168283636,39.76015915197604,0.0
s2,2020-12-31,MGRS-37UEQ,,sentinel-2a,99.99392,49.154054168283636,39.76015915197604,0.0
s2,2020-12-31,MGRS-37UFQ,,sentinel-2a,99.995661,49.13712921999243,41.13124149469353,0.0
s2,2020-12-31,MGRS-37UFQ,,sentinel-2a,99.138426,49.13712921999243,41.13124149469353,0.0
s2,2020-12-31,MGRS-37UDR,,sentinel-2a,99.999338,49.77990720314216,39.04943852822727,97.483486
s2,2020-12-31,MGRS-37UDR,,sentinel-2a,98.478338,49.78416632539679,39.05000564209055,97.451544
s2,2020-12-31,MGRS-37UGQ,,sentinel-2a,99.192141,49.11179194604081,42.461195415496256,17.60446
s2,2020-12-31,MGRS-37UGQ,,sentinel-2a,99.997681,49.11250288723787,42.46080576839199,17.629042
s2,2020-12-31,MGRS-38ULV,,sentinel-2a,99.99783,49.1366170990041,42.73412311807884,50.541925
s2,2020-12-31,MGRS-38ULV,,sentinel-2a,99.605356,49.136178320716944,42.734815103481445,50.515807
s2,2020-12-31,MGRS-37UER,,sentinel-2a,99.974352,50.0532753292892,39.77452525489814,10.369442
s2,2020-12-31,MGRS-37UER,,sentinel-2a,96.232708,50.05327704869079,39.77452524810937,10.306831
s2,2020-12-31,MGRS-37UFR,,sentinel-2a,99.088806,50.036078817817135,41.171034934115724,0.0
s2,2020-12-31,MGRS-37UFR,,sentinel-2a,99.976736,50.036078817817135,41.171034934115724,0.0
s2,2020-12-31,MGRS-37UGR,,sentinel-2a,100.0,50.004418700651904,42.56466901791488,1.045279
s2,2020-12-31,MGRS-37UGR,,sentinel-2a,99.935834,50.00388424095787,42.5646436719868,1.031659
s2,2020-12-31,MGRS-38ULA,,sentinel-2a,99.949067,50.038281370776545,42.93024896445243,19.704188
s2,2020-12-31,MGRS-38ULA,,sentinel-2a,100.0,50.03872819362305,42.930037317388994,19.736069
s2,2020-12-30,MGRS-37TGL,,sentinel-2b,75.361174,45.49559094879042,42.681911805965214,69.062096
s2,2020-12-30,MGRS-37TGL,,sentinel-2b,67.846925,45.495695340319934,42.678744429835284,68.609631
s2,2020-12-30,MGRS-38TLR,,sentinel-2b,90.680124,45.5423254418942,43.152054997082075,7.655214
s2,2020-12-30,MGRS-38TLR,,sentinel-2b,92.930514,45.5423254418942,43.15242572245104,8.000696
s2,2020-12-30,MGRS-38TMR,,sentinel-2b,100.0,45.555848279985554,44.41655925323914,0.0
s2,2020-12-30,MGRS-38TMR,,sentinel-2b,99.999919,45.555848279985554,44.41655925323914,0.0
s2,2020-12-30,MGRS-37TGM,,sentinel-2b,100.0,46.38950414611161,42.86868756089041,86.750752
s2,2020-12-30,MGRS-37TGM,,sentinel-2b,99.999878,46.389619018284826,42.865213684361564,86.298525
s2,2020-12-30,MGRS-38TLS,,sentinel-2b,100.0,46.444828480159906,43.26012353545147,32.137609
s2,2020-12-30,MGRS-38TLS,,sentinel-2b,99.999952,46.44475781171041,43.25664314537282,31.678516
s2,2020-12-30,MGRS-38TMS,,sentinel-2b,100.0,46.455948091000295,44.40685319286824,0.0
s2,2020-12-30,MGRS-38TMS,,sentinel-2b,100.0,46.455948091000295,44.40685319286824,0.0
s2,2020-12-30,MGRS-38TLT,,sentinel-2b,100.0,47.34781669415439,43.40939348508586,56.921673
s2,2020-12-30,MGRS-38TLT,,sentinel-2b,100.0,47.34775478847372,43.40585422925129,56.464845
s2,2020-12-30,MGRS-38TMT,,sentinel-2b,100.0,47.355901916875645,44.396667927714915,0.0
s2,2020-12-30,MGRS-38TMT,,sentinel-2b,99.999026,47.355901916875645,44.396667927714915,0.0
s2,2020-12-30,MGRS-38ULU,,sentinel-2b,100.0,48.249756721979324,43.56380135013215,81.533915
s2,2020-12-30,MGRS-38ULU,,sentinel-2b,100.0,48.24970423855657,43.56020052802083,81.074703
s2,2020-12-30,MGRS-38UMU,,sentinel-2b,100.0,48.25517010527129,44.387956181168065,0.283589
s2,2020-12-30,MGRS-38UMU,,sentinel-2b,99.999985,48.25517010527129,44.387720089508704,0.221104
s2,2020-12-30,MGRS-38UMV,,sentinel-2b,100.0,49.154973949378096,44.40048766293551,14.950356
s2,2020-12-30,MGRS-38UMV,,sentinel-2b,99.889488,49.15493295234224,44.39695808302902,14.494836
s2,2020-12-30,MGRS-38UMA,,sentinel-2b,99.999946,50.05637494951734,44.57497845977499,39.179683
s2,2020-12-30,MGRS-38UMA,,sentinel-2b,99.861625,50.056346530101095,44.57166030916737,38.757801
s2,2020-12-29,MGRS-37TDL,,sentinel-2b,0.317986,45.556307441249594,38.407610147702755,15.876636
s2,2020-12-29,MGRS-37TDL,,sentinel-2b,0.183122,45.55585565068338,38.40948452562089,15.611109
s2,2020-12-29,MGRS-37TEL,,sentinel-2b,0.085088,45.922566273510924,39.05652587615832,98.912096
s2,2020-12-29,MGRS-37TEL,,sentinel-2b,0.093201,45.92585107766935,39.05400488327221,98.981875
s2,2020-12-29,MGRS-37TDM,,sentinel-2b,19.768271,46.45639799970115,38.40685319286823,0.242849
s2,2020-12-29,MGRS-37TDM,,sentinel-2b,14.664322,46.455948091000295,38.40685319286823,0.210693
s2,2020-12-29,MGRS-37TEM,,sentinel-2b,12.850156,46.460080367773614,39.24821982370713,80.136353
s2,2020-12-29,MGRS-37TEM,,sentinel-2b,5.369012,46.45961801156382,39.25005960084251,79.875368
s2,2020-12-29,MGRS-37TDN,,sentinel-2b,90.001279,47.355901916875645,38.3966679277149,0.0
s2,2020-12-29,MGRS-37TDN,,sentinel-2b,83.958521,47.355901916875645,38.3966679277149,0.0
s2,2020-12-29,MGRS-37TEN,,sentinel-2b,93.392354,47.35995848692581,39.446963775708916,53.513938
s2,2020-12-29,MGRS-37TEN,,sentinel-2b,87.938622,47.35923437472134,39.44883497739187,53.248519
s2,2020-12-29,MGRS-37UDP,,sentinel-2b,99.920452,48.25517010527129,38.385979812712094,0.0
s2,2020-12-29,MGRS-37UDP,,sentinel-2b,96.587896,48.25517010527129,38.385979812712094,0.0
s2,2020-12-29,MGRS-37UEP,,sentinel-2b,99.939966,48.2580381763485,39.65277489258558,26.957074
s2,2020-12-29,MGRS-37UEP,,sentinel-2b,97.045568,48.25748583983127,39.655018694530014,26.697052
s2,2020-12-29,MGRS-37UDQ,,sentinel-2b,99.939358,49.154832409103605,38.374743093986,0.0
s2,2020-12-29,MGRS-37UDQ,,sentinel-2b,93.901028,49.154832409103605,38.374743093986,0.0
s2,2020-12-29,MGRS-37UEQ,,sentinel-2b,99.917686,49.15593568314752,39.76015915197604,3.900243
s2,2020-12-29,MGRS-37UEQ,,sentinel-2b,92.495122,49.15537789461062,39.76015915197604,3.762509
s2,2020-12-29,MGRS-37UFQ,,sentinel-2b,98.817592,49.25375776128309,40.54887778445453,90.840352
s2,2020-12-29,MGRS-37UFQ,,sentinel-2b,99.98706,49.257337522669516,40.54607960062164,91.050446
s2,2020-12-29,MGRS-37UDR,,sentinel-2b,99.980569,50.05434932281744,38.362928063957725,0.0
s2,2020-12-29,MGRS-37UDR,,sentinel-2b,96.455677,50.05434932281744,38.362928063957725,0.0
s2,2020-12-29,MGRS-37UER,,sentinel-2b,99.920851,50.053546173350554,39.774522772452684,0.0
s2,2020-12-29,MGRS-37UER,,sentinel-2b,93.833452,50.053546173350554,39.774522772452684,0.0
s2,2020-12-29,MGRS-37UFR,,sentinel-2b,95.527198,50.048071298944805,40.77668213305975,65.18023
s2,2020-12-29,MGRS-37UFR,,sentinel-2b,99.970263,50.04881271878379,40.77457941816142,65.44373
s2,2020-12-28,MGRS-37TEL,,sentinel-2a,51.731658,45.55205196334333,40.13637103317704,72.53468
s2,2020-12-28,MGRS-37TEL,,sentinel-2a,44.812968,45.552061393856036,40.135482018694475,72.419345
s2,2020-12-28,MGRS-37TFL,,sentinel-2a,35.571974,45.54022786979853,40.99030968579453,3e-06
s2,2020-12-28,MGRS-37TFL,,sentinel-2a,39.014816,45.54022786979853,40.99030968579453,0.0
s2,2020-12-28,MGRS-37TGL,,sentinel-2a,76.502225,45.510976410545304,42.26901348910191,0.000156
s2,2020-12-28,MGRS-37TGL,,sentinel-2a,83.879286,45.510976410545304,42.26901348910191,0.0
s2,2020-12-28,MGRS-38TLR,,sentinel-2a,92.588896,45.54277509351988,43.13209686557042,1.435559
s2,2020-12-28,MGRS-38TLR,,sentinel-2a,88.739878,45.5423254418942,43.132100497721524,1.432089
s2,2020-12-28,MGRS-37TEM,,sentinel-2a,100.0,46.34493531189523,40.298264295044284,92.811495
s2,2020-12-28,MGRS-37TEM,,sentinel-2a,99.998859,46.35012679342829,40.298413400574475,92.723066
s2,2020-12-28,MGRS-38TMR,,sentinel-2a,53.04901,45.56482802889355,43.92286983650051,84.968954
s2,2020-12-28,MGRS-38TMR,,sentinel-2a,59.789765,45.56390255603242,43.921836017666564,84.991223
s2,2020-12-28,MGRS-37TFM,,sentinel-2a,85.847978,46.43863386746058,41.02303425761262,3.973026
s2,2020-12-28,MGRS-37TFM,,sentinel-2a,87.374908,46.43862347646522,41.02303425761262,4.040498
s2,2020-12-28,MGRS-37TGM,,sentinel-2a,69.486058,46.409654223673776,42.32255806075449,0.0
s2,2020-12-28,MGRS-37TGM,,sentinel-2a,65.916533,46.409654223673776,42.32255806075449,0.0
s2,2020-12-28,MGRS-38TLS,,sentinel-2a,57.801372,46.44199651685744,43.10447289717486,0.0
s2,2020-12-28,MGRS-38TLS,,sentinel-2a,53.967117,46.44199651685744,43.10447289717486,3e-06
s2,2020-12-28,MGRS-38TMS,,sentinel-2a,61.02936,46.45549267313217,44.10554189755148,56.992602
s2,2020-12-28,MGRS-38TMS,,sentinel-2a,72.104949,46.455491856174895,44.10534479443576,57.02582
s2,2020-12-28,MGRS-37TFN,,sentinel-2a,27.770353,47.3358556080822,41.140006631608,22.533169
s2,2020-12-28,MGRS-37TFN,,sentinel-2a,28.29797,47.335838540583126,41.14105574619386,22.649078
s2,2020-12-28,MGRS-37TGN,,sentinel-2a,39.042476,47.30813919478231,42.37872682059947,3e-06
s2,2020-12-28,MGRS-37TGN,,sentinel-2a,32.018429,47.30813919478231,42.37872682059947,2e-05
s2,2020-12-28,MGRS-38TLT,,sentinel-2a,47.108194,47.34150750986245,43.07228785963724,1.7e-05
s2,2020-12-28,MGRS-38TLT,,sentinel-2a,57.715696,47.34150750986245,43.07228785963724,0.0
s2,2020-12-28,MGRS-38TMT,,sentinel-2a,67.25366,47.35592709327106,44.29450496220325,29.047972
s2,2020-12-28,MGRS-38TMT,,sentinel-2a,75.935405,47.35637666625804,44.294103552968735,29.078671
s2,2020-12-28,MGRS-37UFP,,sentinel-2a,3.82199,48.23183384106579,41.32694026800233,42.944479
s2,2020-12-28,MGRS-37UFP,,sentinel-2a,1.528705,48.23185429871852,41.32614045436151,42.830786
s2,2020-12-28,MGRS-37UGP,,sentinel-2a,1.901388,48.205889454825964,42.43764667004669,4.3e-05
s2,2020-12-28,MGRS-37UGP,,sentinel-2a,1.253327,48.205889454825964,42.43764667004669,0.0
s2,2020-12-28,MGRS-38ULU,,sentinel-2a,6.346125,48.24031810254367,43.03852186223403,2.7e-05
s2,2020-12-28,MGRS-38ULU,,sentinel-2a,0.202806,48.24031810254367,43.03852186223403,3e-06
s2,2020-12-28,MGRS-38UMU,,sentinel-2a,8.574528,48.2556198619391,44.3859798127121,4.510048
s2,2020-12-28,MGRS-38UMU,,sentinel-2a,30.987471,48.25517010527129,44.3859798127121,4.495353
s2,2020-12-28,MGRS-37UFQ,,sentinel-2a,4.57297,49.12767159312767,41.51993432788325,62.962067
s2,2020-12-28,MGRS-37UFQ,,sentinel-2a,0.302756,49.127695583256425,41.51871338313367,62.846398
s2,2020-12-28,MGRS-37UGQ,,sentinel-2a,3.718024,49.103979522758856,42.49956588053624,7e-06
s2,2020-12-28,MGRS-37UGQ,,sentinel-2a,0.935465,49.103979522758856,42.49956588053624,0.0
s2,2020-12-28,MGRS-38ULV,,sentinel-2a,4.431465,49.1395064724358,43.00303182220056,0.0
s2,2020-12-28,MGRS-38ULV,,sentinel-2a,0.531697,49.1395064724358,43.00303182220056,3e-06
s2,2020-12-28,MGRS-38UMV,,sentinel-2a,0.980103,49.154832409103605,44.374743093986,0.0
s2,2020-12-28,MGRS-38UMV,,sentinel-2a,6.088414,49.154832409103605,44.374743093986,1.7e-05
s2,2020-12-28,MGRS-37UFR,,sentinel-2a,2.081398,50.02278407762651,41.71720943147818,82.751977
s2,2020-12-28,MGRS-37UFR,,sentinel-2a,2.908944,50.02279793113182,41.716519038209256,82.679605
s2,2020-12-28,MGRS-37UGR,,sentinel-2a,6.590727,50.001398998834986,42.5646436719868,0.133082
s2,2020-12-28,MGRS-37UGR,,sentinel-2a,1.84853,50.00138514864154,42.5646436719868,0.141018
s2,2020-12-28,MGRS-38ULA,,sentinel-2a,5.224362,50.038532267272885,42.965725565884355,0.0
s2,2020-12-28,MGRS-38ULA,,sentinel-2a,1.103178,50.038532267272885,42.965725565884355,0.0
s2,2020-12-28,MGRS-38UMA,,sentinel-2a,14.682571,50.05434932281744,44.36292806395774,1.7e-05
s2,2020-12-28,MGRS-38UMA,,sentinel-2a,19.844085,50.05434932281744,44.36292806395774,0.0
s2,2020-12-27,MGRS-37UDQ,,sentinel-2a,0.303453,49.15397512757485,37.912282727075905,76.857901
s2,2020-12-27,MGRS-37UDQ,,sentinel-2a,2.603622,49.1535276829856,37.91262942075686,76.820302
s2,2020-12-27,MGRS-37UDR,,sentinel-2a,62.357056,50.054581955382986,38.120805535619226,47.33611
s2,2020-12-27,MGRS-37UDR,,sentinel-2a,18.379102,50.05413276212637,38.12094677071811,47.312686
s2,2020-12-26,MGRS-37TDL,,sentinel-2b,99.991995,45.555848279985554,38.41655925323913,0.0
s2,2020-12-26,MGRS-37TDL,,sentinel-2b,98.934409,45.555848279985554,38.41655925323913,0.0
s2,2020-12-26,MGRS-37TEL,,sentinel-2b,99.985337,45.55516155802344,39.709322690138876,0.0
s2,2020-12-26,MGRS-37TEL,,sentinel-2b,93.442382,45.55516155802344,39.709322690138876,0.0
s2,2020-12-26,MGRS-37TFL,,sentinel-2b,99.995083,45.54581806886384,40.94241574865863,19.702238
s2,2020-12-26,MGRS-37TFL,,sentinel-2b,72.308152,45.54506907517989,40.94440626241888,19.441001
s2,2020-12-26,MGRS-37TDM,,sentinel-2b,99.996734,46.455948091000295,38.41698201189023,9.436031
s2,2020-12-26,MGRS-37TDM,,sentinel-2b,99.915919,46.455948091000295,38.4167734901274,9.049907
s2,2020-12-26,MGRS-37TGL,,sentinel-2b,99.964009,45.97904828644853,41.59980140211837,99.87095
s2,2020-12-26,MGRS-37TGL,,sentinel-2b,99.949187,45.98248954718822,41.59719518517733,99.895525
s2,2020-12-26,MGRS-37TEM,,sentinel-2b,100.0,46.4552395980743,39.721122510119244,0.0
s2,2020-12-26,MGRS-37TEM,,sentinel-2b,99.905586,46.4552395980743,39.721122510119244,0.0
s2,2020-12-26,MGRS-37TFM,,sentinel-2b,100.0,46.44202468706787,41.02304470387374,1.536013
s2,2020-12-26,MGRS-37TFM,,sentinel-2b,99.998925,46.441272420392,41.02303425761262,1.448522
s2,2020-12-26,MGRS-37TGM,,sentinel-2b,99.9997,46.429974744905884,41.79079498246359,86.726576
s2,2020-12-26,MGRS-37TGM,,sentinel-2b,99.999797,46.432094203850966,41.788924899989716,86.986893
s2,2020-12-26,MGRS-37TDN,,sentinel-2b,100.0,47.357371101415,38.55293971860593,32.78231
s2,2020-12-26,MGRS-37TDN,,sentinel-2b,99.999818,47.35733928889448,38.54939802340172,32.326034
s2,2020-12-26,MGRS-37TEN,,sentinel-2b,100.0,47.35517094361567,39.73350488611941,0.0
s2,2020-12-26,MGRS-37TEN,,sentinel-2b,99.999332,47.35517094361567,39.73350488611941,0.0
s2,2020-12-26,MGRS-37TFN,,sentinel-2b,100.0,47.33927476175064,41.05736653787892,0.0
s2,2020-12-26,MGRS-37TFN,,sentinel-2b,99.999991,47.33927476175064,41.05736653787892,0.0
s2,2020-12-26,MGRS-37TGN,,sentinel-2b,100.0,47.3257101941351,42.00714513248752,63.505775
s2,2020-12-26,MGRS-37TGN,,sentinel-2b,99.999971,47.32495325548841,42.009256218355816,63.244116
s2,2020-12-26,MGRS-37UDP,,sentinel-2b,100.0,48.25799073400705,38.7174512445416,56.146526
s2,2020-12-26,MGRS-37UDP,,sentinel-2b,99.999997,48.25796953360397,38.71398186765208,55.688471
s2,2020-12-26,MGRS-37UEP,,sentinel-2b,100.0,48.25441590912898,39.746498560243026,0.0
s2,2020-12-26,MGRS-37UEP,,sentinel-2b,100.0,48.25441590912898,39.746498560243026,0.0
s2,2020-12-26,MGRS-38TLT,,sentinel-2b,100.0,47.74808764337722,42.36745781397854,99.570775
s2,2020-12-26,MGRS-38TLT,,sentinel-2b,100.0,47.75097087104783,42.36485469121881,99.611735
s2,2020-12-26,MGRS-37UFP,,sentinel-2b,100.0,48.238014373183745,41.093384770106766,0.0
s2,2020-12-26,MGRS-37UFP,,sentinel-2b,99.99984,48.238014373183745,41.093384770106766,0.0
s2,2020-12-26,MGRS-37UGP,,sentinel-2b,100.0,48.21924947939375,42.23326985190117,40.098697
s2,2020-12-26,MGRS-37UGP,,sentinel-2b,99.999996,48.21848626160902,42.23528137625206,39.836833
s2,2020-12-26,MGRS-37UDQ,,sentinel-2b,100.0,49.15858909383442,38.88564581147661,79.418063
s2,2020-12-26,MGRS-37UDQ,,sentinel-2b,99.9997,49.15857870655723,38.882250707260816,78.956568
landsat,2020-12-31,173/028,173,landsat-7,23.0,46.0458,41.273958365,23.0
landsat,2020-12-30,174/029,174,landsat-8,26.44,44.59485,39.35928845,31.19
landsat,2020-12-30,174/028,174,landsat-8,31.86,46.01638,39.884253715,31.66
landsat,2020-12-30,174/027,174,landsat-8,93.38,47.434975,40.434273995,93.3
landsat,2020-12-30,174/026,174,landsat-8,100.0,48.85174,41.000189305,100.0
landsat,2020-12-30,174/025,174,landsat-8,100.0,50.266305,41.593154645,100.0
landsat,2020-12-29,175/028,175,landsat-7,4.0,46.048855,38.14666848,4.0
landsat,2020-12-28,176/028,176,landsat-8,80.22,46.01581,36.746228785,79.74
landsat,2020-12-28,176/027,176,landsat-8,26.92,47.434934999999996,37.281669085000004,31.28
landsat,2020-12-28,176/026,176,landsat-8,10.69,48.84995000000001,37.852294415,10.69
landsat,2020-12-28,176/025,176,landsat-8,1.1,50.26464,38.45463477,1.1
landsat,2020-12-26,170/028,170,landsat-7,69.0,46.046035,45.90500342,69.0
landsat,2020-12-25,171/029,171,landsat-8,45.7,44.59371,43.965608485000004,45.7
landsat,2020-12-25,171/028,171,landsat-8,6.52,46.015495,44.489638755,6.52
landsat,2020-12-25,171/027,171,landsat-8,4.8,47.43459,45.037899045,4.8
landsat,2020-12-25,171/026,171,landsat-8,17.87,48.851185,45.613409364999995,17.87
landsat,2020-12-25,171/025,171,landsat-8,72.69,50.265825,46.21529971,72.69
landsat,2020-12-24,172/028,172,landsat-7,19.0,46.04609,42.772973515000004,19.0
landsat,2020-12-23,173/029,173,landsat-8,77.52,44.594139999999996,40.919578415000004,77.52
landsat,2020-12-23,173/028,173,landsat-8,99.92,46.015505,41.436498665,99.92
landsat,2020-12-23,173/027,173,landsat-8,100.0,47.435085,41.97619894,100.0
landsat,2020-12-23,173/026,173,landsat-8,99.98,48.852000000000004,42.474599444999996,99.98
landsat,2020-12-23,173/025,173,landsat-8,99.98,50.265609999999995,43.057614814999994,99.98
landsat,2020-12-22,174/028,174,landsat-7,88.0,46.044455,39.725388415,88.0
landsat,2020-12-21,175/028,175,landsat-8,99.31,46.015955000000005,38.301938755,99.97
landsat,2020-12-21,175/027,175,landsat-8,99.48,47.433184999999995,38.853164050000004,99.86
landsat,2020-12-21,175/026,175,landsat-8,100.0,48.85052,39.427509369999996,100.0
landsat,2020-12-21,175/025,175,landsat-8,99.94,50.26473,40.028084719999995,99.94
landsat,2020-12-20,176/028,176,landsat-7,54.0,46.046580000000006,36.59075351,51.0
landsat,2020-12-19,177/025,177,landsat-8,99.97,50.26531,36.87864981,99.97
landsat,2020-12-17,171/029,171,landsat-7,35.0,44.62487,43.812738225000004,35.0
landsat,2020-12-17,171/028,171,landsat-7,21.0,46.04727,44.33031346,21.0
landsat,2020-12-17,171/027,171,landsat-7,100.0,47.462955,44.869553735,100.0
landsat,2020-12-16,172/029,172,landsat-8,99.97,44.595655,42.408268515,99.97
landsat,2020-12-16,172/028,172,landsat-8,75.23,46.016325,42.92068879,75.23
landsat,2020-12-16,172/027,172,landsat-8,39.38,47.434635,43.460209085,39.38
landsat,2020-12-16,172/026,172,landsat-8,32.52,48.850139999999996,44.031989415,32.52
landsat,2020-12-16,172/025,172,landsat-8,36.71,50.265245,44.63330977,36.71
landsat,2020-12-15,173/028,173,landsat-7,60.0,46.048410000000004,41.279853365,60.0
landsat,2020-12-15,173/027,173,landsat-7,100.0,47.463385,41.811473615,100.0
landsat,2020-12-14,174/029,174,landsat-8,71.71,44.59487,39.35158845,76.21
landsat,2020-12-14,174/028,174,landsat-8,93.22,46.016405,39.880303715,93.19
landsat,2020-12-14,174/027,174,landsat-8,100.0,47.43502,40.430219,100.0
landsat,2020-12-14,174/026,174,landsat-8,100.0,48.851805,40.99610431,100.0
landsat,2020-12-14,174/025,174,landsat-8,74.8,50.26639,41.588949645,74.8
landsat,2020-12-13,175/028,175,landsat-7,100.0,46.046115,38.14473848,100.0
landsat,2020-12-13,175/027,175,landsat-7,100.0,47.46267,38.684998754999995,100.0
landsat,2020-12-12,176/028,176,landsat-8,31.14,46.017145,36.74422379,47.56
landsat,2020-12-12,176/027,176,landsat-8,60.97,47.43488,37.279644085,70.59
landsat,2020-12-12,176/026,176,landsat-8,99.93,48.84996,37.850204415,99.93
landsat,2020-12-12,176/025,176,landsat-8,99.99,50.2646,38.45248477,99.99
landsat,2020-12-10,170/028,170,landsat-7,0.0,46.043400000000005,45.89899341,0.0
landsat,2020-12-09,171/029,171,landsat-8,49.58,44.593675000000005,43.961758485000004,49.58
landsat,2020-12-09,171/028,171,landsat-8,3.3,46.015460000000004,44.487663755,3.3
landsat,2020-12-09,171/027,171,landsat-8,3.75,47.43459,45.037899045,3.75
landsat,2020-12-09,171/026,171,landsat-8,0.06,48.851205,45.609234365,0.06
landsat,2020-12-09,171/025,171,landsat-8,0.1,50.265825,46.21529971,0.1
landsat,2020-12-08,172/028,172,landsat-7,5.0,46.04727,42.7614835,5.0
landsat,2020-12-08,172/027,172,landsat-7,10.0,47.464765,43.28958378,10.0
landsat,2020-12-07,173/029,173,landsat-8,24.35,44.594205,40.915803415,24.35
landsat,2020-12-07,173/028,173,landsat-8,60.54,46.015505,41.436498665,60.54
landsat,2020-12-07,173/027,173,landsat-8,32.5,47.435085,41.97619894,32.5
landsat,2020-12-07,173/026,173,landsat-8,33.92,48.852000000000004,42.474599444999996,33.92
landsat,2020-12-07,173/025,173,landsat-8,13.22,50.265609999999995,43.057614814999994,13.22
landsat,2020-12-06,174/029,174,landsat-7,41.0,44.623665,39.19356319,49.0
landsat,2020-12-06,174/028,174,landsat-7,0.0,46.041844999999995,39.70964843,0.0
landsat,2020-12-06,174/027,174,landsat-7,32.0,47.463944999999995,40.250173685,33.0
landsat,2020-12-06,174/026,174,landsat-7,21.0,48.882904999999994,40.816398985,21.0
landsat,2020-12-05,175/028,175,landsat-8,80.97,46.01598,38.305888755,80.73
landsat,2020-12-05,175/027,175,landsat-8,1.45,47.433184999999995,38.853164050000004,0.62
landsat,2020-12-05,175/026,175,landsat-8,1.41,48.85052,39.427509369999996,1.41
landsat,2020-12-05,175/025,175,landsat-8,1.22,50.266045000000005,40.032389710000004,1.22
landsat,2020-12-04,176/028,176,landsat-7,43.0,46.046265000000005,36.575253505,55.0
landsat,2020-12-04,176/027,176,landsat-7,73.0,47.46603,37.104168805,80.0
landsat,2020-12-04,176/026,176,landsat-7,86.0,48.88041,37.663519105000006,86.0
landsat,2020-12-03,177/025,177,landsat-8,58.42,50.265384999999995,36.88285481,58.42
landsat,2020-12-01,171/028,171,landsat-7,100.0,46.04451,44.318508460000004,100.0
landsat,2020-12-01,171/027,171,landsat-7,49.0,47.46562,44.859398745,49.0
landsat,2020-12-01,171/026,171,landsat-7,7.0,48.8856,45.42704903,7.0
landsat,2020-11-30,172/029,172,landsat-8,67.01,44.595805,42.413963515,67.01
landsat,2020-11-30,172/028,172,landsat-8,98.02,46.016465,42.92843879,98.02
landsat,2020-11-30,172/027,172,landsat-8,28.17,47.434685,43.466304085000004,28.17
landsat,2020-11-30,172/026,172,landsat-8,16.25,48.850155,44.038259415,16.25
landsat,2020-11-30,172/025,172,landsat-8,12.15,50.265265,44.64191977,12.15
landsat,2020-11-29,173/028,173,landsat-7,57.0,46.047225,41.270263375,57.0
landsat,2020-11-29,173/027,173,landsat-7,3.0,47.465019999999996,41.799748635,3.0
landsat,2020-11-29,173/026,173,landsat-7,78.0,48.882985000000005,42.289794130000004,78.0
landsat,2020-11-29,173/025,173,landsat-7,100.0,50.3001,42.869484494999995,100.0
landsat,2020-11-28,174/029,174,landsat-8,0.69,44.59485,39.35928845,0.81
landsat,2020-11-28,174/028,174,landsat-8,1.2,46.01635,39.888203715,0.91
landsat,2020-11-28,174/027,174,landsat-8,64.14,47.434925,40.438338994999995,63.68
landsat,2020-11-28,174/026,174,landsat-8,99.98,48.85167,41.004279305,99.98
landsat,2020-11-28,174/025,174,landsat-8,100.0,50.26621,41.597359645,100.0
landsat,2020-11-27,175/028,175,landsat-7,44.0,46.043375,38.13495347,50.0
landsat,2020-11-27,175/027,175,landsat-7,69.0,47.46397,38.67485875,70.0
landsat,2020-11-27,175/026,175,landsat-7,69.0,48.881945,39.24133903,69.0
landsat,2020-11-27,175/025,175,landsat-7,100.0,50.2997,39.833549385,100.0
landsat,2020-11-26,176/028,176,landsat-8,96.86,46.01594,36.752068785,99.75
landsat,2020-11-26,176/027,176,landsat-8,95.95,47.434995,37.287604085,95.18
landsat,2020-11-26,176/026,176,landsat-8,95.4,48.85138,37.858554409999996,95.4
landsat,2020-11-26,176/025,176,landsat-8,88.28,50.26463,38.46108977,88.28
landsat,2020-11-25,177/025,177,landsat-7,100.0,50.298154999999994,36.688379499999996,100.0
landsat,2020-11-24,170/029,170,landsat-7,28.0,44.624695,45.372383185000004,28.0
landsat,2020-11-24,170/028,170,landsat-7,82.0,46.04479499999999,45.889218425,82.0
landsat,2020-11-23,171/029,171,landsat-8,63.47,44.593775,43.973303485,63.47
landsat,2020-11-23,171/028,171,landsat-8,100.0,46.01554,44.501493755,100.0
landsat,2020-11-23,171/027,171,landsat-8,100.0,47.43324,45.05007404,100.0
landsat,2020-11-23,171/026,171,landsat-8,100.0,48.851145,45.621759365,100.0
landsat,2020-11-23,171/025,171,landsat-8,100.0,50.265705,46.228209705,100.0
landsat,2020-11-22,172/028,172,landsat-7,100.0,46.047075,42.75350352,100.0
landsat,2020-11-22,172/027,172,landsat-7,100.0,47.46331,43.281533795,100.0
landsat,2020-11-22,172/026,172,landsat-7,100.0,48.882225,43.84518909,100.0
landsat,2020-11-22,172/025,172,landsat-7,65.0,50.29821,44.437954445,65.0
landsat,2020-11-21,173/029,173,landsat-8,75.84,44.595304999999996,40.930918405,75.84
landsat,2020-11-21,173/028,173,landsat-8,71.36,46.015240000000006,41.45001866,71.36
landsat,2020-11-21,173/027,173,landsat-8,20.24,47.43471,41.99013894,20.24
landsat,2020-11-21,173/026,173,landsat-8,70.51,48.852255,42.48685444,70.51
landsat,2020-11-21,173/025,173,landsat-8,64.98,50.265874999999994,43.074444815,64.98
landsat,2020-11-20,174/028,174,landsat-7,88.0,46.044605000000004,39.703763429999995,87.0
landsat,2020-11-20,174/027,174,landsat-7,60.0,47.46668,40.246188685,59.0
landsat,2020-11-20,174/026,174,landsat-7,1.0,48.88566,40.812413985,1.0
landsat,2020-11-20,174/025,174,landsat-7,1.0,50.29863,41.39384431,1.0
landsat,2020-11-19,175/028,175,landsat-8,7.94,46.016059999999996,38.32168876,3.62
landsat,2020-11-19,175/027,175,landsat-8,19.9,47.433195,38.86940405,20.09
landsat,2020-11-19,175/026,175,landsat-8,8.71,48.850465,39.44422437,8.71
landsat,2020-11-19,175/025,175,landsat-8,1.54,50.26591,40.049609715,1.54
landsat,2020-11-18,176/028,176,landsat-7,98.0,46.047610000000006,36.5752385,99.0
landsat,2020-11-18,176/027,176,landsat-7,71.0,47.46461,37.10037379,80.0
landsat,2020-11-18,176/026,176,landsat-7,85.0,48.883115000000004,37.66135911,85.0
landsat,2020-11-18,176/025,176,landsat-7,16.0,50.29863,38.255204425,16.0
landsat,2020-11-17,177/025,177,landsat-8,92.74,50.26567,36.89967981,92.74
landsat,2020-11-15,171/028,171,landsat-7,62.0,46.04721,44.31847846,62.0
landsat,2020-11-15,171/027,171,landsat-7,94.0,47.46295,44.857383735,94.0
landsat,2020-11-15,171/026,171,landsat-7,100.0,48.882915,45.42290405,100.0
landsat,2020-11-15,171/025,171,landsat-7,95.0,50.298445,46.01831936000001,95.0
landsat,2020-11-14,172/029,172,landsat-8,0.83,44.59488,42.43479851,0.83
landsat,2020-11-14,172/028,172,landsat-8,0.17,46.016795,42.947803785000005,0.17
landsat,2020-11-14,172/027,172,landsat-8,6.99,47.434985,43.488629085,6.99
landsat,2020-11-14,172/026,172,landsat-8,86.23,48.850359999999995,44.061239415,86.23
landsat,2020-11-14,172/025,172,landsat-8,100.0,50.263965,44.66346976,100.0
landsat,2020-11-13,173/028,173,landsat-7,0.0,46.0446,41.266273375,0.0
landsat,2020-11-13,173/027,173,landsat-7,0.0,47.46634,41.80164862,0.0
landsat,2020-11-13,173/026,173,landsat-7,2.0,48.88441,42.29164915,2.0
landsat,2020-11-13,173/025,173,landsat-7,39.0,50.297399999999996,42.86754449,39.0
landsat,2020-11-12,174/029,174,landsat-8,13.08,44.594785,39.38238845,10.2
landsat,2020-11-12,174/028,174,landsat-8,0.4,46.01621,39.907948715,0.4
landsat,2020-11-12,174/027,174,landsat-8,51.19,47.43469,40.458629,51.83
landsat,2020-11-12,174/026,174,landsat-8,75.25,48.851325,41.026719305,75.25
landsat,2020-11-12,174/025,174,landsat-8,80.92,50.265755,41.61838964499999,80.92
landsat,2020-11-11,175/028,175,landsat-7,44.0,46.043375,38.13495347,28.0
landsat,2020-11-11,175/027,175,landsat-7,3.0,47.46532,38.674838754999996,3.0
landsat,2020-11-11,175/026,175,landsat-7,3.0,48.883295000000004,39.24134904,3.0
landsat,2020-11-11,175/025,175,landsat-7,3.0,50.295695,39.831254365,3.0
landsat,2020-11-10,176/028,176,landsat-8,98.33,46.01622999999999,36.76755879,94.35
landsat,2020-11-10,176/027,176,landsat-8,62.42,47.43387,37.30350909,56.7
landsat,2020-11-10,176/026,176,landsat-8,10.47,48.851524999999995,37.87526941,10.47
landsat,2020-11-10,176/025,176,landsat-8,46.28,50.26472,38.47615977,46.28
landsat,2020-11-09,177/025,177,landsat-7,89.0,50.299495,36.688469479999995,89.0
landsat,2020-11-08,170/028,170,landsat-7,3.0,46.043455,45.89110341,3.0
landsat,2020-11-06,172/028,172,landsat-7,100.0,46.0458,42.757478515,100.0
landsat,2020-11-06,172/027,172,landsat-7,84.0,47.46606,43.285513785,84.0
landsat,2020-11-06,172/026,172,landsat-7,95.0,48.879575,43.847339090000006,95.0
landsat,2020-11-06,172/025,172,landsat-7,100.0,50.296875,44.442289435,100.0
landsat,2020-11-04,174/028,174,landsat-7,51.0,46.045895,39.70964842,50.0
landsat,2020-11-04,174/027,174,landsat-7,45.0,47.462645,40.24808368,44.0
landsat,2020-11-04,174/026,174,landsat-7,13.0,48.881615,40.81431399,13.0
landsat,2020-11-04,174/025,174,landsat-7,3.0,50.298545,41.39784429,3.0
landsat,2020-11-02,176/028,176,landsat-7,75.0,46.04365,36.579168519999996,55.0
landsat,2020-11-02,176/027,176,landsat-7,88.0,47.463385,37.106473785,88.0
landsat,2020-11-02,176/026,176,landsat-7,33.0,48.88315,37.66761411,33.0
landsat,2020-11-02,176/025,176,landsat-7,49.0,50.298655,38.259504425,49.0
landsat,2020-11-01,177/025,177,landsat-8,99.93,50.265600000000006,36.895474809999996,99.93
landsat,2020-10-30,171/029,171,landsat-7,64.0,44.624835000000004,43.806968225,64.0
landsat,2020-10-30,171/028,171,landsat-7,75.0,46.04317,44.324398475,75.0
landsat,2020-10-30,171/027,171,landsat-7,100.0,47.46295,44.861443735,100.0
landsat,2020-10-30,171/026,171,landsat-7,100.0,48.882865,45.429159049999996,100.0
landsat,2020-10-30,171/025,171,landsat-7,100.0,50.295715,46.02261437,100.0
landsat,2020-10-29,172/029,172,landsat-8,46.74,44.59464,42.42346851,46.74
landsat,2020-10-29,172/028,172,landsat-8,73.58,46.016595,42.93618379,73.58
landsat,2020-10-29,172/027,172,landsat-8,91.63,47.43483500000001,43.476444085,91.63
landsat,2020-10-29,172/026,172,landsat-8,55.51,48.85026,44.048704415,55.51
landsat,2020-10-29,172/025,172,landsat-8,41.4,50.263935000000004,44.650554760000006,41.4
landsat,2020-10-28,173/028,173,landsat-7,49.0,46.043105,41.27384336,49.0
landsat,2020-10-28,173/027,173,landsat-7,72.0,47.46483,41.807703634999996,72.0
landsat,2020-10-28,173/026,173,landsat-7,69.0,48.88317,42.297969135,69.0
landsat,2020-10-28,173/025,173,landsat-7,20.0,50.296195,42.876189475000004,20.0
landsat,2020-10-27,174/029,174,landsat-8,18.2,44.593505,39.365068455,13.41
landsat,2020-10-27,174/028,174,landsat-8,8.09,46.01631999999999,39.892148715,8.05
landsat,2020-10-27,174/027,174,landsat-8,9.65,47.43488,40.442393995,9.68
landsat,2020-10-27,174/026,174,landsat-8,51.32,48.851600000000005,41.010369305,51.32
landsat,2020-10-27,174/025,174,landsat-8,77.01,50.266104999999996,41.603629645,77.01
landsat,2020-10-26,175/028,175,landsat-7,23.0,46.04339,38.140878470000004,11.0
landsat,2020-10-26,175/027,175,landsat-7,47.0,47.464015,38.68094375,43.0
landsat,2020-10-26,175/026,175,landsat-7,56.0,48.883255000000005,39.247609045000004,56.0
landsat,2020-10-26,175/025,175,landsat-7,57.0,50.295640000000006,39.839849365,57.0
landsat,2020-10-25,176/028,176,landsat-8,70.78,46.01594,36.752068785,62.01
landsat,2020-10-25,176/027,176,landsat-8,39.68,47.4337,37.289629090000005,39.83
landsat,2020-10-25,176/026,176,landsat-8,38.72,48.85002,37.860644414999996,38.72
landsat,2020-10-25,176/025,176,landsat-8,79.31,50.264669999999995,38.46324477,79.31
landsat,2020-10-24,177/025,177,landsat-7,100.0,50.296965,36.69702948,100.0
landsat,2020-10-23,170/028,170,landsat-7,27.0,46.04475,45.899088425,27.0
landsat,2020-10-22,171/029,171,landsat-8,67.04,44.59374,43.969458485000004,67.04
landsat,2020-10-22,171/028,171,landsat-8,88.16,46.015525,44.497543755,88.16
landsat,2020-10-22,171/027,171,landsat-8,89.53,47.433245,45.04601404,89.53
landsat,2020-10-22,171/026,171,landsat-8,61.41,48.851145,45.621759365,61.41
landsat,2020-10-22,171/025,171,landsat-8,39.25,50.265745,46.223904705,39.25
landsat,2020-10-21,172/028,172,landsat-7,0.0,46.047345,42.7653585,0.0
landsat,2020-10-21,172/027,172,landsat-7,0.0,47.463475,43.293558785,0.0
landsat,2020-10-21,172/026,172,landsat-7,0.0,48.882385,43.859729099999996,0.0
landsat,2020-10-21,172/025,172,landsat-7,11.0,50.298255,44.45091942,11.0
landsat,2020-10-20,173/029,173,landsat-8,67.41,44.594015,40.927133409999996,67.41
landsat,2020-10-20,173/028,173,landsat-8,33.99,46.01534,41.444243665,33.99
landsat,2020-10-20,173/027,173,landsat-8,8.11,47.434884999999994,41.98414894,8.11
landsat,2020-10-20,173/026,173,landsat-8,3.47,48.850825,42.482789445,3.47
landsat,2020-10-20,173/025,173,landsat-8,1.07,50.265805,43.070234815,1.07
landsat,2020-10-19,174/028,174,landsat-7,73.0,46.043155,39.717538425,73.0
landsat,2020-10-19,174/027,174,landsat-7,30.0,47.463865,40.258278685,29.0
landsat,2020-10-19,174/026,174,landsat-7,17.0,48.880145,40.82028897,17.0
landsat,2020-10-19,174/025,174,landsat-7,12.0,50.297035,41.406344305000005,12.0
landsat,2020-10-18,175/028,175,landsat-8,54.81,46.01602,38.313788755000004,72.81
landsat,2020-10-18,175/027,175,landsat-8,34.29,47.433189999999996,38.86128405,37.37
landsat,2020-10-18,175/026,175,landsat-8,41.6,48.85049,39.43586937,41.6
landsat,2020-10-18,175/025,175,landsat-8,43.06,50.26463,40.04099972,43.06
landsat,2020-10-17,176/028,176,landsat-7,6.0,46.047935,36.590563525,24.0
landsat,2020-10-17,176/027,176,landsat-7,38.0,47.46352,37.1181538,42.0
landsat,2020-10-17,176/026,176,landsat-7,38.0,48.884685000000005,37.680209094999995,38.0
landsat,2020-10-17,176/025,176,landsat-7,82.0,50.300035,38.270174444999995,82.0
landsat,2020-10-16,177/025,177,landsat-8,96.44,50.265465,36.88911981,96.44
landsat,2020-10-14,171/028,171,landsat-7,56.0,46.044595,44.33422848,56.0
landsat,2020-10-14,171/027,171,landsat-7,2.0,47.465689999999995,44.875628735,2.0
landsat,2020-10-14,171/026,171,landsat-7,1.0,48.880165000000005,45.43951903,1.0
landsat,2020-10-14,171/025,171,landsat-7,8.0,50.29696,46.035574374999996,8.0
landsat,2020-10-13,172/029,172,landsat-8,0.11,44.595825000000005,42.415818515,0.11
landsat,2020-10-13,172/028,172,landsat-8,28.11,46.016465,42.92843879,28.11
landsat,2020-10-13,172/027,172,landsat-8,72.73,47.43474,43.468329085,72.73
landsat,2020-10-13,172/026,172,landsat-8,92.2,48.85019,44.042439415000004,92.2
landsat,2020-10-13,172/025,172,landsat-8,32.09,50.265240000000006,44.64407477,32.09
landsat,2020-10-12,173/028,173,landsat-7,3.0,46.045575,41.285578365000006,3.0
landsat,2020-10-12,173/027,173,landsat-7,13.0,47.46589,41.819658625,13.0
landsat,2020-10-12,173/026,173,landsat-7,7.0,48.88066,42.306189145000005,7.0
landsat,2020-10-12,173/025,173,landsat-7,61.0,50.296345,42.884604475,61.0
landsat,2020-10-11,174/029,174,landsat-8,60.48,44.59485,39.35928845,57.54
landsat,2020-10-11,174/028,174,landsat-8,55.58,46.01638,39.884253715,55.58
landsat,2020-10-11,174/027,174,landsat-8,52.03,47.434975,40.434273995,51.75
landsat,2020-10-11,174/026,174,landsat-8,98.25,48.85167,41.004279305,98.25
landsat,2020-10-11,174/025,174,landsat-8,83.52,50.26621,41.597359645,83.52
landsat,2020-10-10,175/028,175,landsat-7,45.0,46.040785,38.150783465,34.0
landsat,2020-10-10,175/027,175,landsat-7,89.0,47.461345,38.69312875,92.0
landsat,2020-10-10,175/026,175,landsat-7,75.0,48.883269999999996,39.258044045000005,75.0
landsat,2020-10-10,175/025,175,landsat-7,40.0,50.298255,39.852849379999995,40.0
landsat,2020-10-09,176/028,176,landsat-8,43.43,46.017215,36.74809879,32.01
landsat,2020-10-09,176/027,176,landsat-8,6.68,47.43494,37.283624085,7.57
landsat,2020-10-09,176/026,176,landsat-8,0.32,48.851335,37.85646941,0.32
landsat,2020-10-09,176/025,176,landsat-8,0.4,50.26462,38.45678977,0.4
landsat,2020-10-08,177/025,177,landsat-7,2.0,50.297200000000004,36.709649475,2.0
landsat,2020-10-07,170/028,170,landsat-7,0.0,46.041929999999994,45.912848425,0.0
landsat,2020-10-06,171/029,171,landsat-8,2.2,44.59374,43.969458485000004,2.2
landsat,2020-10-06,171/028,171,landsat-8,0.08,46.01551,44.493588755,0.08
landsat,2020-10-06,171/027,171,landsat-8,0.03,47.43459,45.041959045,0.03
landsat,2020-10-06,171/026,171,landsat-8,0.34,48.84982,45.61754936,0.34
landsat,2020-10-06,171/025,171,landsat-8,2.92,50.265735,46.22174971,2.92
landsat,2020-10-05,172/029,172,landsat-7,58.0,44.62514,42.273493265,58.0
landsat,2020-10-05,172/028,172,landsat-7,1.0,46.043530000000004,42.778928515000004,1.0
landsat,2020-10-05,172/027,172,landsat-7,0.0,47.46499,43.305673784999996,0.0
landsat,2020-10-05,172/026,172,landsat-7,1.0,48.8825,43.872249095,1.0
landsat,2020-10-05,172/025,172,landsat-7,1.0,50.294259999999994,44.463824435,1.0
landsat,2020-10-04,173/029,173,landsat-8,25.1,44.59408,40.92335841,25.1
landsat,2020-10-04,173/028,173,landsat-8,83.89,46.01534,41.444243665,83.89
landsat,2020-10-04,173/027,173,landsat-8,90.76,47.43491,41.98219894,90.76
landsat,2020-10-04,173/026,173,landsat-8,85.35,48.85074,42.47869945,85.35
landsat,2020-10-04,173/025,173,landsat-8,88.75,50.265744999999995,43.066034814999995,88.75
landsat,2020-10-03,174/028,174,landsat-7,23.0,46.04711,39.733393434999996,23.0
landsat,2020-10-03,174/027,174,landsat-7,79.0,47.463695,40.274563695,81.0
landsat,2020-10-03,174/026,174,landsat-7,96.0,48.882595,40.83875897,96.0
landsat,2020-10-03,174/025,174,landsat-7,84.0,50.29939,41.423319305,84.0
landsat,2020-10-02,175/028,175,landsat-8,58.75,46.016000000000005,38.309843755,78.71
landsat,2020-10-02,175/027,175,landsat-8,73.38,47.433189999999996,38.86128405,75.8
landsat,2020-10-02,175/026,175,landsat-8,80.45,48.85049,39.43586937,80.45
landsat,2020-10-02,175/025,175,landsat-8,84.06,50.264615000000006,40.03884472,84.06
landsat,2020-10-01,176/028,176,landsat-7,64.0,46.044124999999994,36.60240852,66.0
landsat,2020-10-01,176/027,176,landsat-7,85.0,47.466454999999996,37.13219878,84.0
landsat,2020-10-01,176/026,176,landsat-7,81.0,48.879374999999996,37.690789089999996,81.0
landsat,2020-10-01,176/025,176,landsat-7,88.0,50.296099999999996,38.28526945,88.0
landsat,2020-09-30,177/025,177,landsat-8,62.02,50.265465,36.88911981,62.02
landsat,2020-09-28,171/028,171,landsat-7,46.0,46.043324999999996,44.350048474999994,46.0
landsat,2020-09-28,171/027,171,landsat-7,43.0,47.46297,44.889833734999996,43.0
landsat,2020-09-28,171/026,171,landsat-7,5.0,48.88146,45.456264045,5.0
landsat,2020-09-28,171/025,171,landsat-7,0.0,50.294155,46.048409375000006,0.0
landsat,2020-09-27,172/029,172,landsat-8,23.6,44.595825000000005,42.415818515,23.6
landsat,2020-09-27,172/028,172,landsat-8,2.46,46.01647,42.93033879,2.46
landsat,2020-09-27,172/027,172,landsat-8,0.52,47.43474,43.468329085,0.52
landsat,2020-09-27,172/026,172,landsat-8,5.2,48.85019,44.042439415000004,5.2
landsat,2020-09-27,172/025,172,landsat-8,3.01,50.265240000000006,44.64407477,3.01
landsat,2020-09-26,173/028,173,landsat-7,34.0,46.042654999999996,41.297088365,34.0
landsat,2020-09-26,173/027,173,landsat-7,15.0,47.464265,41.83155863,15.0
landsat,2020-09-26,173/026,173,landsat-7,30.0,48.882369999999995,42.32261913,30.0
landsat,2020-09-26,173/025,173,landsat-7,12.0,50.297985,42.901214495,12.0
landsat,2020-09-25,174/029,174,landsat-8,5.27,44.59485,39.35928845,6.07
landsat,2020-09-25,174/028,174,landsat-8,20.03,46.015,39.88820372,20.01
landsat,2020-09-25,174/027,174,landsat-8,9.81,47.434925,40.438338994999995,9.39
landsat,2020-09-25,174/026,174,landsat-8,2.26,48.85167,41.004279305,2.26
landsat,2020-09-25,174/025,174,landsat-8,9.2,50.26621,41.597359645,9.2
landsat,2020-09-24,175/028,175,landsat-7,10.0,46.044925,38.168423485000005,3.0
landsat,2020-09-24,175/027,175,landsat-7,1.0,47.46542,38.709343735000004,1.0
landsat,2020-09-24,175/026,175,landsat-7,2.0,48.880545,39.27471904,2.0
landsat,2020-09-24,175/025,175,landsat-7,2.0,50.29678,39.867894385,2.0
landsat,2020-09-23,176/028,176,landsat-8,0.1,46.01588,36.750098785,0.35
landsat,2020-09-23,176/027,176,landsat-8,0.26,47.434995,37.287604085,0.3
landsat,2020-09-23,176/026,176,landsat-8,0.15,48.849985,37.856469415,0.15
landsat,2020-09-23,176/025,176,landsat-8,0.15,50.26463,38.46108977,0.15
landsat,2020-09-22,177/025,177,landsat-7,2.0,50.2988,36.72410949499999,2.0
landsat,2020-09-21,170/028,170,landsat-7,1.0,46.044545,45.92661341,1.0
landsat,2020-09-20,171/029,171,landsat-8,0.08,44.593734999999995,43.971383485000004,0.08
landsat,2020-09-20,171/028,171,landsat-8,2.85,46.015525,44.497543755,2.85
landsat,2020-09-20,171/027,171,landsat-8,24.65,47.434595,45.046019045,24.65
landsat,2020-09-20,171/026,171,landsat-8,21.32,48.851145,45.621759365,21.32
landsat,2020-09-20,171/025,171,landsat-8,41.55,50.265695,46.226054705,41.55
landsat,2020-09-19,172/028,172,landsat-7,21.0,46.046445,42.790438515000005,21.0
landsat,2020-09-19,172/027,172,landsat-7,43.0,47.46111500000001,43.317838795,43.0
landsat,2020-09-19,172/026,172,landsat-7,76.0,48.879865,43.882809085000005,76.0
landsat,2020-09-19,172/025,172,landsat-7,89.0,50.29566,44.476699440000004,89.0
landsat,2020-09-18,173/029,173,landsat-8,21.69,44.594015,40.927133409999996,21.69
landsat,2020-09-18,173/028,173,landsat-8,0.45,46.01526,41.448113665,0.45
landsat,2020-09-18,173/027,173,landsat-8,2.83,47.434785000000005,41.98811894,2.83
landsat,2020-09-18,173/026,173,landsat-8,12.74,48.85084,42.484789445000004,12.74
landsat,2020-09-18,173/025,173,landsat-8,48.63,50.26581,43.072294815,48.63
landsat,2020-09-17,174/028,174,landsat-7,0.0,46.043015,39.741173419999996,0.0
landsat,2020-09-17,174/027,174,landsat-7,0.0,47.463615000000004,40.282673695,0.0
landsat,2020-09-17,174/026,174,landsat-7,0.0,48.88247,40.84694397,0.0
landsat,2020-09-17,174/025,174,landsat-7,1.0,50.29518,41.431364290000005,1.0
landsat,2020-09-16,175/028,175,landsat-8,0.24,46.016040000000004,38.31773876,0.36
landsat,2020-09-16,175/027,175,landsat-8,3.62,47.433195,38.86534405,4.16
landsat,2020-09-16,175/026,175,landsat-8,28.85,48.850480000000005,39.44004437,28.85
landsat,2020-09-16,175/025,175,landsat-8,10.91,50.26594,40.045304715,10.91
landsat,2020-09-15,176/028,176,landsat-7,0.0,46.04563,36.61005352,0.0
landsat,2020-09-15,176/027,176,landsat-7,0.0,47.462475,37.1381388,0.0
landsat,2020-09-15,176/026,176,landsat-7,2.0,48.880804999999995,37.6990591,2.0
landsat,2020-09-15,176/025,176,landsat-7,8.0,50.29615,38.29386945,8.0
landsat,2020-09-14,177/025,177,landsat-8,0.12,50.26419,36.893334815,0.12
landsat,2020-09-12,171/028,171,landsat-7,1.0,46.044655,44.352058459999995,1.0
landsat,2020-09-12,171/027,171,landsat-7,0.0,47.460269999999994,44.889833734999996,0.0
landsat,2020-09-12,171/026,171,landsat-7,15.0,48.878725,45.458324045,15.0
landsat,2020-09-12,171/025,171,landsat-7,56.0,50.296815,46.052649355,56.0
landsat,2020-09-11,172/029,172,landsat-8,0.03,44.595905,42.419598515000004,0.03
landsat,2020-09-11,172/028,172,landsat-8,0.01,46.016595,42.93618379,0.01
landsat,2020-09-11,172/027,172,landsat-8,0.02,47.434785000000005,43.474419085,0.02
landsat,2020-09-11,172/026,172,landsat-8,0.05,48.85022,44.046619415,0.05
landsat,2020-09-11,172/025,172,landsat-8,34.44,50.263935000000004,44.650554760000006,34.44
landsat,2020-09-10,173/028,173,landsat-7,0.0,46.042640000000006,41.298993365,0.0
landsat,2020-09-10,173/027,173,landsat-7,0.0,47.464240000000004,41.83351363,0.0
landsat,2020-09-10,173/026,173,landsat-7,0.0,48.882369999999995,42.32261913,0.0
landsat,2020-09-10,173/025,173,landsat-7,2.0,50.293940000000006,42.901559475,2.0
landsat,2020-09-09,174/029,174,landsat-8,16.26,44.59483,39.36699345,19.07
landsat,2020-09-09,174/028,174,landsat-8,1.0,46.01497,39.892148719999994,1.0
landsat,2020-09-09,174/027,174,landsat-8,0.9,47.434835,40.444424,0.92
landsat,2020-09-09,174/026,174,landsat-8,8.83,48.851535,41.012454305,8.83
landsat,2020-09-09,174/025,174,landsat-8,70.28,50.26603,41.605774645,70.28
landsat,2020-09-08,175/028,175,landsat-7,53.0,46.043585,38.16652847,60.0
landsat,2020-09-08,175/027,175,landsat-7,33.0,47.46539,38.707288755,26.0
landsat,2020-09-08,175/026,175,landsat-7,0.0,48.877849999999995,39.27054405,0.0
landsat,2020-09-08,175/025,175,landsat-7,3.0,50.295474999999996,39.865649364999996,3.0
landsat,2020-09-07,176/028,176,landsat-8,33.68,46.016025,36.757843785,28.15
landsat,2020-09-07,176/027,176,landsat-8,15.0,47.43376,37.295554089999996,9.08
landsat,2020-09-07,176/026,176,landsat-8,1.78,48.85006,37.864829415,1.78
landsat,2020-09-07,176/025,176,landsat-8,31.65,50.26467,38.46970477,31.65
landsat,2020-09-06,177/025,177,landsat-7,33.0,50.29602,36.717969499999995,33.0
landsat,2020-09-05,170/028,170,landsat-7,17.0,46.04593,45.922713415000004,17.0
landsat,2020-09-04,171/029,171,landsat-8,0.01,44.593835,43.981008485000004,0.01
landsat,2020-09-04,171/028,171,landsat-8,0.01,46.01555,44.50544375,0.01
landsat,2020-09-04,171/027,171,landsat-8,0.0,47.434565000000006,45.056169045000004,0.0
landsat,2020-09-04,171/026,171,landsat-8,0.09,48.851105000000004,45.630114365,0.09
landsat,2020-09-04,171/025,171,landsat-8,0.01,50.26562,46.236814705,0.01
landsat,2020-09-03,172/028,172,landsat-7,0.0,46.045024999999995,42.78658352,0.0
landsat,2020-09-03,172/027,172,landsat-7,0.0,47.461055,43.315813795,0.0
landsat,2020-09-03,172/026,172,landsat-7,1.0,48.87988,43.880719084999996,1.0
landsat,2020-09-03,172/025,172,landsat-7,1.0,50.295645,44.47239444,1.0
landsat,2020-09-02,173/029,173,landsat-8,8.47,44.59519,40.936623405000006,8.47
landsat,2020-09-02,173/028,173,landsat-8,0.02,46.015100000000004,41.45585366,0.02
landsat,2020-09-02,173/027,173,landsat-8,0.01,47.434505,41.998088935,0.01
landsat,2020-09-02,173/026,173,landsat-8,0.01,48.851085,42.495044445,0.01
landsat,2020-09-02,173/025,173,landsat-8,0.0,50.26601,43.082859815000006,0.0
landsat,2020-09-01,174/028,174,landsat-7,0.0,46.043075,39.73525842,0.0
landsat,2020-09-01,174/027,174,landsat-7,0.0,47.463660000000004,40.278618695,0.0
landsat,2020-09-01,174/026,174,landsat-7,0.0,48.87849,40.84083399,0.0
landsat,2020-09-01,174/025,174,landsat-7,0.0,50.295334999999994,41.425014285,0.0
landsat,2020-08-31,175/028,175,landsat-8,0.01,46.016085000000004,38.32564376,0.01
landsat,2020-08-31,175/027,175,landsat-8,0.0,47.433170000000004,38.87549405,0.0
landsat,2020-08-31,175/026,175,landsat-8,0.0,48.850415,39.450489364999996,0.0
landsat,2020-08-31,175/025,175,landsat-8,0.0,50.26587,40.053909715,0.0
landsat,2020-08-30,176/028,176,landsat-7,0.0,46.045545000000004,36.606348505,0.0
landsat,2020-08-30,176/027,176,landsat-7,0.0,47.466465,37.133968804999995,0.0
landsat,2020-08-30,176/026,176,landsat-7,0.0,48.88077,37.69481911,0.0
landsat,2020-08-30,176/025,176,landsat-7,0.0,50.296125,38.289649425,0.0
landsat,2020-08-29,177/025,177,landsat-8,21.54,50.265744999999995,36.90388981,21.54
landsat,2020-08-27,171/028,171,landsat-7,0.0,46.040605,44.346168465000005,0.0
landsat,2020-08-27,171/027,171,landsat-7,5.0,47.461614999999995,44.885763749999995,5.0
landsat,2020-08-27,171/026,171,landsat-7,32.0,48.880125,45.45203903,32.0
landsat,2020-08-27,171/025,171,landsat-7,37.0,50.296855,46.048474375,37.0
landsat,2020-08-26,172/029,172,landsat-8,0.02,44.596154999999996,42.430923515,0.02
landsat,2020-08-26,172/028,172,landsat-8,0.04,46.016795,42.947803785000005,0.04
landsat,2020-08-26,172/027,172,landsat-8,0.01,47.434934999999996,43.484564085,0.01
landsat,2020-08-26,172/026,172,landsat-8,0.81,48.850314999999995,44.059149415,0.81
landsat,2020-08-26,172/025,172,landsat-8,6.29,50.26393,44.66131976,6.29
landsat,2020-08-25,173/028,173,landsat-7,0.0,46.044065,41.29513836,0.0
landsat,2020-08-25,173/027,173,landsat-7,0.0,47.464355,41.82758363,0.0
landsat,2020-08-25,173/026,173,landsat-7,0.0,48.878245,42.318594145000006,0.0
landsat,2020-08-25,173/025,173,landsat-7,0.0,50.295215,42.89734447,0.0
landsat,2020-08-24,174/029,174,landsat-8,0.65,44.5948,39.37853845,0.51
landsat,2020-08-24,174/028,174,landsat-8,0.03,46.016239999999996,39.904003715,0.03
landsat,2020-08-24,174/027,174,landsat-8,0.75,47.434740000000005,40.454564000000005,0.76
landsat,2020-08-24,174/026,174,landsat-8,2.5,48.85133,41.024714305,2.5
landsat,2020-08-24,174/025,174,landsat-8,2.78,50.26583,41.616244644999995,2.78
landsat,2020-08-23,175/028,175,landsat-7,0.0,46.040835,38.158678465,0.0
landsat,2020-08-23,175/027,175,landsat-7,1.0,47.46271,38.701218755,1.0
landsat,2020-08-23,175/026,175,landsat-7,6.0,48.881905,39.266374035,6.0
landsat,2020-08-23,175/025,175,landsat-7,12.0,50.294155,39.861299360000004,12.0
landsat,2020-08-22,176/028,176,landsat-8,92.85,46.01496,36.771448795,81.56
landsat,2020-08-22,176/027,176,landsat-8,96.61,47.43392,37.30748409,97.23
landsat,2020-08-22,176/026,176,landsat-8,94.31,48.850215,37.879444415,94.31
landsat,2020-08-22,176/025,176,landsat-8,22.72,50.264714999999995,38.48261977,22.72
landsat,2020-08-21,177/025,177,landsat-7,82.0,50.29736,36.71806448,82.0
landsat,2020-08-20,170/028,170,landsat-7,0.0,46.041895,45.916793424999994,0.0
landsat,2020-08-19,171/029,171,landsat-8,0.89,44.593925,43.992558485,0.89
landsat,2020-08-19,171/028,171,landsat-8,9.54,46.015609999999995,44.52124875,9.54
landsat,2020-08-19,171/027,171,landsat-8,7.05,47.43459,45.070379045,7.05
landsat,2020-08-19,171/026,171,landsat-8,54.52,48.85103,45.646829365,54.52
landsat,2020-08-18,172/028,172,landsat-7,2.0,46.0436,42.782803515,2.0
landsat,2020-08-18,172/027,172,landsat-7,3.0,47.4651,43.31174878,3.0
landsat,2020-08-18,172/026,172,landsat-7,14.0,48.87715,43.87451909,14.0
landsat,2020-08-18,172/025,172,landsat-7,18.0,50.29428,44.468129435,18.0
landsat,2020-08-17,173/029,173,landsat-8,0.72,44.595,40.949813405,0.72
landsat,2020-08-17,173/028,173,landsat-8,2.89,46.016194999999996,41.469478665,2.89
landsat,2020-08-17,173/027,173,landsat-8,1.45,47.434205,42.010008940000006,1.45
landsat,2020-08-17,173/026,173,landsat-8,2.33,48.85134,42.50730445,2.33
landsat,2020-08-17,173/025,173,landsat-8,39.15,50.264855,43.09558981,39.15
landsat,2020-08-16,174/028,174,landsat-7,15.0,46.040365,39.733318435,15.0
landsat,2020-08-16,174/027,174,landsat-7,3.0,47.462395,40.27240368,3.0
landsat,2020-08-16,174/026,174,landsat-7,43.0,48.881190000000004,40.840938985,43.0
landsat,2020-08-16,174/025,174,landsat-7,48.0,50.29804,41.423089285,48.0
landsat,2020-08-15,175/028,175,landsat-8,32.61,46.01616,38.341448760000006,34.16
landsat,2020-08-15,175/027,175,landsat-8,9.84,47.433205,38.88970405,10.09
landsat,2020-08-15,175/026,175,landsat-8,48.18,48.850395,39.465114365,48.18
landsat,2020-08-15,175/025,175,landsat-8,87.64,50.26572,40.068974715,87.64
landsat,2020-08-14,176/028,176,landsat-7,22.0,46.044124999999994,36.60240852,50.0
landsat,2020-08-14,176/027,176,landsat-7,75.0,47.4637,37.12831878,80.0
landsat,2020-08-14,176/026,176,landsat-7,75.0,48.878025,37.690789095,75.0
landsat,2020-08-14,176/025,176,landsat-7,72.0,50.293364999999994,38.283164445,72.0
landsat,2020-08-13,177/025,177,landsat-8,94.72,50.265965,36.91856981,94.72
landsat,2020-08-11,171/028,171,landsat-7,10.0,46.043285,44.342153475,10.0
landsat,2020-08-11,171/027,171,landsat-7,2.0,47.465695,44.883738735,2.0
landsat,2020-08-11,171/026,171,landsat-7,2.0,48.87879,45.447839025,2.0
landsat,2020-08-11,171/025,171,landsat-7,0.0,50.294195,46.044114375,0.0
landsat,2020-08-10,172/029,172,landsat-8,7.58,44.595115,42.44426851,7.58
landsat,2020-08-10,172/028,172,landsat-8,0.03,46.015645000000006,42.959513779999995,0.03
landsat,2020-08-10,172/027,172,landsat-8,17.38,47.43508,43.496749085000005,17.38
landsat,2020-08-10,172/026,172,landsat-8,10.99,48.850405,44.07168441,10.99
landsat,2020-08-10,172/025,172,landsat-8,21.87,50.26396,44.67423476,21.87
landsat,2020-08-09,173/028,173,landsat-7,2.0,46.04549,41.291363365,2.0
landsat,2020-08-09,173/027,173,landsat-7,1.0,47.46443,41.825563630000005,1.0
landsat,2020-08-09,173/026,173,landsat-7,3.0,48.8795,42.31438415,3.0
landsat,2020-08-09,173/025,173,landsat-7,18.0,50.296490000000006,42.893019475,18.0
landsat,2020-08-08,174/029,174,landsat-8,0.1,44.594775,39.38623845,0.11
landsat,2020-08-08,174/028,174,landsat-8,0.06,46.016155,39.915853715,0.06
landsat,2020-08-08,174/027,174,landsat-8,10.9,47.434595,40.466739000000004,11.04
landsat,2020-08-08,174/026,174,landsat-8,29.92,48.85119,41.032889305,29.92
landsat,2020-08-08,174/025,174,landsat-8,6.34,50.265575,41.626799645,6.34
landsat,2020-08-07,175/028,175,landsat-7,0.0,46.044884999999994,38.158553479999995,0.0
landsat,2020-08-07,175/027,175,landsat-7,0.0,47.459975,38.699208755,0.0
landsat,2020-08-07,175/026,175,landsat-7,0.0,48.879205,39.266359035,0.0
landsat,2020-08-07,175/025,175,landsat-7,0.0,50.296855,39.861449385,0.0
landsat,2020-08-06,176/028,176,landsat-8,0.01,46.015029999999996,36.77531879,0.01
landsat,2020-08-06,176/027,176,landsat-8,0.01,47.434035,37.313489085,0.0
landsat,2020-08-06,176/026,176,landsat-8,0.0,48.850245,37.88571442,0.0
landsat,2020-08-06,176/025,176,landsat-8,0.02,50.26473,38.48692977,0.02
landsat,2020-08-05,177/025,177,landsat-7,0.0,50.29728,36.713859475,0.0
landsat,2020-08-04,170/028,170,landsat-7,3.0,46.045985,45.914818415,3.0
landsat,2020-08-03,171/029,171,landsat-8,5.07,44.593925,43.992558485,5.07
landsat,2020-08-03,171/028,171,landsat-8,17.37,46.015609999999995,44.52124875,17.37
landsat,2020-08-03,171/027,171,landsat-8,36.29,47.43459,45.070379045,36.29
landsat,2020-08-03,171/026,171,landsat-8,34.2,48.85103,45.646829365,34.2
landsat,2020-08-02,172/028,172,landsat-7,39.0,46.044934999999995,42.7809685,39.0
landsat,2020-08-02,172/027,172,landsat-7,42.0,47.461,43.30778378,42.0
landsat,2020-08-02,172/026,172,landsat-7,46.0,48.878455,43.872309105,46.0
landsat,2020-08-02,172/025,172,landsat-7,19.0,50.295655,44.466004420000004,19.0
landsat,2020-08-01,173/029,173,landsat-8,79.8,44.595060000000004,40.946033405,79.8
landsat,2020-08-01,173/028,173,landsat-8,93.74,46.014920000000004,41.465503659999996,93.74
landsat,2020-08-01,173/027,173,landsat-8,99.92,47.43428,42.007988940000004,99.92
landsat,2020-08-01,173/026,173,landsat-8,100.0,48.851255,42.503219445,100.0
landsat,2020-08-01,173/025,173,landsat-8,100.0,50.264790000000005,43.09137981,100.0
landsat,2020-07-31,174/028,174,landsat-7,7.0,46.04445,39.73138843,7.0
landsat,2020-07-31,174/027,174,landsat-7,51.0,47.46105,40.272468695,52.0
landsat,2020-07-31,174/026,174,landsat-7,80.0,48.879954999999995,40.836578970000005,80.0
landsat,2020-07-31,174/025,174,landsat-7,33.0,50.2967,41.4231743,33.0
landsat,2020-07-30,175/028,175,landsat-8,0.11,46.01612,38.33354376,0.17
landsat,2020-07-30,175/027,175,landsat-8,1.3,47.4332,38.88158405,1.51
landsat,2020-07-30,175/026,175,landsat-8,4.61,48.850425,39.456759364999996,4.61
landsat,2020-07-30,175/025,175,landsat-8,41.69,50.2658,40.062519715,41.69
landsat,2020-07-29,176/028,176,landsat-7,12.0,46.042695,36.59854852,13.0
landsat,2020-07-29,176/027,176,landsat-7,9.0,47.4637,37.12831878,5.0
landsat,2020-07-29,176/026,176,landsat-7,2.0,48.87668,37.688774089999995,2.0
landsat,2020-07-29,176/025,176,landsat-7,0.0,50.293385,38.281009445,0.0
landsat,2020-07-28,177/025,177,landsat-8,44.16,50.26447,36.908104815,44.16
landsat,2020-07-26,171/028,171,landsat-7,5.0,46.041934999999995,44.34222346,5.0
landsat,2020-07-26,171/027,171,landsat-7,0.0,47.462965,44.881713745,0.0
landsat,2020-07-26,171/026,171,landsat-7,4.0,48.878789999999995,45.447894045,4.0
landsat,2020-07-26,171/025,171,landsat-7,4.0,50.295590000000004,46.041904360000004,4.0
landsat,2020-07-25,172/029,172,landsat-8,21.49,44.596154999999996,42.430923515,21.49
landsat,2020-07-25,172/028,172,landsat-8,52.3,46.015445,42.94789378,52.3
landsat,2020-07-25,172/027,172,landsat-8,0.18,47.434934999999996,43.484564085,0.18
landsat,2020-07-25,172/026,172,landsat-8,0.36,48.850314999999995,44.059149415,0.36
landsat,2020-07-25,172/025,172,landsat-8,4.87,50.26393,44.66131976,4.87
landsat,2020-07-24,173/028,173,landsat-7,22.0,46.041455,41.289408375,22.0
landsat,2020-07-24,173/027,173,landsat-7,48.0,47.46315,41.823333614999996,48.0
landsat,2020-07-24,173/026,173,landsat-7,59.0,48.882194999999996,42.314239150000006,59.0
landsat,2020-07-24,173/025,173,landsat-7,73.0,50.297835000000006,42.89290448,73.0
landsat,2020-07-23,174/029,174,landsat-8,5.43,44.594809999999995,39.37468845,6.36
landsat,2020-07-23,174/028,174,landsat-8,8.75,46.014889999999994,39.904003715,8.78
landsat,2020-07-23,174/027,174,landsat-8,2.62,47.434740000000005,40.454564000000005,2.65
landsat,2020-07-23,174/026,174,landsat-8,3.55,48.8514,41.020629305,3.55
landsat,2020-07-23,174/025,174,landsat-8,2.75,50.26585,41.614184644999995,2.75
landsat,2020-07-22,175/028,175,landsat-7,2.0,46.043535,38.158593475,2.0
landsat,2020-07-22,175/027,175,landsat-7,12.0,47.464079999999996,38.69920874,11.0
landsat,2020-07-22,175/026,175,landsat-7,11.0,48.87789,39.264274040000004,11.0
landsat,2020-07-22,175/025,175,landsat-7,23.0,50.294185,39.85709938,23.0
landsat,2020-07-21,176/028,176,landsat-8,67.93,46.01481,36.763703795,68.48
landsat,2020-07-21,176/027,176,landsat-8,80.45,47.43387,37.30155909,77.33
landsat,2020-07-21,176/026,176,landsat-8,19.55,48.85013,37.873184415,19.55
landsat,2020-07-21,176/025,176,landsat-8,14.84,50.26472,38.47615977,14.84
landsat,2020-07-20,177/025,177,landsat-7,17.0,50.29594,36.7137595,17.0
landsat,2020-07-19,170/028,170,landsat-7,1.0,46.040589999999995,45.914778420000005,1.0
landsat,2020-07-18,171/029,171,landsat-8,0.02,44.59387,43.982928485,0.02
landsat,2020-07-18,171/028,171,landsat-8,1.72,46.01557,44.50939375,1.72
landsat,2020-07-18,171/027,171,landsat-8,17.35,47.43459,45.058199045,17.35
landsat,2020-07-18,171/026,171,landsat-8,75.44,48.85109,45.634294365,75.44
landsat,2020-07-18,171/025,171,landsat-8,93.67,50.26558,46.241114705,93.67
landsat,2020-07-17,172/028,172,landsat-7,39.0,46.044934999999995,42.7809685,39.0
landsat,2020-07-17,172/027,172,landsat-7,63.0,47.461,43.30778378,63.0
landsat,2020-07-17,172/026,172,landsat-7,46.0,48.878455,43.872309105,46.0
landsat,2020-07-17,172/025,172,landsat-7,23.0,50.295655,44.466004420000004,23.0
landsat,2020-07-16,173/029,173,landsat-8,4.36,44.59518,40.938478405,4.36
landsat,2020-07-16,173/028,173,landsat-8,26.0,46.01645,41.455953665,26.0
landsat,2020-07-16,173/027,173,landsat-8,40.78,47.434505,41.998088935,40.78
landsat,2020-07-16,173/026,173,landsat-8,7.39,48.851085,42.495044445,7.39
landsat,2020-07-16,173/025,173,landsat-8,24.69,50.26601,43.082859815000006,24.69
landsat,2020-07-15,174/028,174,landsat-7,15.0,46.04175,39.73134843,15.0
landsat,2020-07-15,174/027,174,landsat-7,17.0,47.4597,40.2724687,18.0
landsat,2020-07-15,174/026,174,landsat-7,89.0,48.878605,40.836483965,89.0
landsat,2020-07-15,174/025,174,landsat-7,94.0,50.2967,41.4231743,94.0
landsat,2020-07-14,175/028,175,landsat-8,58.32,46.016085000000004,38.32564376,48.24
landsat,2020-07-14,175/027,175,landsat-8,66.25,47.4332,38.87346405,64.24
landsat,2020-07-14,175/026,175,landsat-8,60.44,48.850449999999995,39.448399365,60.44
landsat,2020-07-14,175/025,175,landsat-8,97.16,50.26587,40.053909715,97.16
landsat,2020-07-13,176/028,176,landsat-7,96.0,46.04269,36.598723504999995,97.0
landsat,2020-07-13,176/027,176,landsat-7,95.0,47.462355,37.128228795,94.0
landsat,2020-07-13,176/026,176,landsat-7,37.0,48.882075,37.688629094999996,37.0
landsat,2020-07-13,176/025,176,landsat-7,69.0,50.29473,38.28105443,69.0
landsat,2020-07-12,177/025,177,landsat-8,0.0,50.26567,36.89967981,0.0
landsat,2020-07-10,171/028,171,landsat-7,12.0,46.043305000000004,44.340213465,12.0
landsat,2020-07-10,171/027,171,landsat-7,27.0,47.46434,44.88373375,27.0
landsat,2020-07-10,171/026,171,landsat-7,62.0,48.878789999999995,45.447894045,62.0
landsat,2020-07-10,171/025,171,landsat-7,89.0,50.295590000000004,46.041904360000004,89.0
landsat,2020-07-09,172/029,172,landsat-8,70.68,44.59599,42.423373514999994,70.68
landsat,2020-07-09,172/028,172,landsat-8,61.63,46.016665,42.940058789999995,61.63
landsat,2020-07-09,172/027,172,landsat-8,98.12,47.43483500000001,43.478479085000004,98.12
landsat,2020-07-09,172/026,172,landsat-8,96.29,48.850295,44.052884415,96.29
landsat,2020-07-09,172/025,172,landsat-8,96.38,50.263945,44.654854760000006,96.38
landsat,2020-07-08,173/028,173,landsat-7,96.0,46.04549,41.291363365,96.0
landsat,2020-07-08,173/027,173,landsat-7,42.0,47.46315,41.823333614999996,42.0
landsat,2020-07-08,173/026,173,landsat-7,12.0,48.88092,42.316444145000006,12.0
landsat,2020-07-08,173/025,173,landsat-7,13.0,50.29656,42.895164475,13.0
landsat,2020-07-07,174/029,174,landsat-8,3.13,44.593469999999996,39.370838455,2.54
landsat,2020-07-07,174/028,174,landsat-8,6.71,46.016295,39.89610371,6.64
landsat,2020-07-07,174/027,174,landsat-8,0.94,47.434835,40.446454,0.69
landsat,2020-07-07,174/026,174,landsat-8,0.14,48.851465000000005,41.016539304999995,0.14
landsat,2020-07-07,174/025,174,landsat-8,0.77,50.26594,41.609979644999996,0.77
landsat,2020-07-06,175/028,175,landsat-7,1.0,46.043535,38.158593475,2.0
landsat,2020-07-06,175/027,175,landsat-7,0.0,47.464079999999996,38.69920874,0.0
landsat,2020-07-06,175/026,175,landsat-7,17.0,48.87789,39.264274040000004,17.0
landsat,2020-07-06,175/025,175,landsat-7,22.0,50.294155,39.861399379999995,22.0
landsat,2020-07-05,176/028,176,landsat-8,0.18,46.01609,36.759813789999995,0.05
landsat,2020-07-05,176/027,176,landsat-8,0.0,47.433814999999996,37.29758409,0.0
landsat,2020-07-05,176/026,176,landsat-8,0.0,48.850094999999996,37.869004415,0.0
landsat,2020-07-05,176/025,176,landsat-8,1.21,50.264705000000006,38.47185977,1.21
landsat,2020-07-04,177/025,177,landsat-7,13.0,50.29735,36.71600448,13.0
landsat,2020-07-03,170/029,170,landsat-7,0.0,44.650245,45.407188195,0.0
landsat,2020-07-03,170/028,170,landsat-7,0.0,46.071525,45.925198429999995,0.0
landsat,2020-07-02,171/029,171,landsat-8,0.07,44.593845,43.979083485000004,0.07
landsat,2020-07-02,171/028,171,landsat-8,10.81,46.01555,44.50544375,10.81
landsat,2020-07-02,171/027,171,landsat-8,52.85,47.434595,45.054139045,52.85
landsat,2020-07-02,171/026,171,landsat-8,18.25,48.851105000000004,45.630114365,18.25
landsat,2020-07-02,171/025,171,landsat-8,35.25,50.26562,46.236814705,35.25
landsat,2020-07-01,172/028,172,landsat-7,13.0,46.043589999999995,42.780983505,13.0
landsat,2020-07-01,172/027,172,landsat-7,23.0,47.463755,43.313693795,23.0
landsat,2020-07-01,172/026,172,landsat-7,7.0,48.88254,43.876484085,7.0
landsat,2020-07-01,172/025,172,landsat-7,29.0,50.29432,44.470304424999995,29.0
landsat,2020-06-30,173/029,173,landsat-8,10.03,44.593895,40.934693409999994,10.03
landsat,2020-06-30,173/028,173,landsat-8,44.2,46.01653,41.452083665,44.2
landsat,2020-06-30,173/027,173,landsat-8,19.21,47.43461,41.994113935,19.21
landsat,2020-06-30,173/026,173,landsat-8,1.09,48.850995,42.490959445,1.09
landsat,2020-06-30,173/025,173,landsat-8,18.77,50.26594,43.078654815,18.77
landsat,2020-06-29,174/028,174,landsat-7,1.0,46.045775,39.73529342,1.0
landsat,2020-06-29,174/027,174,landsat-7,31.0,47.461055,40.274433685,31.0
landsat,2020-06-29,174/026,174,landsat-7,85.0,48.881185,40.84294899,85.0
landsat,2020-06-29,174/025,174,landsat-7,78.0,50.298024999999996,41.425154285,78.0
landsat,2020-06-28,175/028,175,landsat-8,0.0,46.016059999999996,38.32168876,0.0
landsat,2020-06-28,175/027,175,landsat-8,0.7,47.433195,38.86940405,0.81
landsat,2020-06-28,175/026,175,landsat-8,4.06,48.85043,39.446309365000005,4.06
landsat,2020-06-28,175/025,175,landsat-8,37.65,50.26456,40.04960972,37.65
landsat,2020-06-27,176/028,176,landsat-7,1.0,46.044105,36.600588509999994,6.0
landsat,2020-06-27,176/027,176,landsat-7,1.0,47.465109999999996,37.1321088,1.0
landsat,2020-06-27,176/026,176,landsat-7,0.0,48.879374999999996,37.690644115,0.0
landsat,2020-06-27,176/025,176,landsat-7,0.0,50.296105,38.285349425,0.0
landsat,2020-06-26,177/025,177,landsat-8,1.2,50.26567,36.89967981,1.2
landsat,2020-06-24,171/028,171,landsat-7,3.0,46.04197,44.34419346,3.0
landsat,2020-06-24,171/027,171,landsat-7,26.0,47.461614999999995,44.885763749999995,26.0
landsat,2020-06-24,171/026,171,landsat-7,40.0,48.880125,45.45203903,40.0
landsat,2020-06-24,171/025,171,landsat-7,89.0,50.29286,46.046144354999996,89.0
landsat,2020-06-23,172/029,172,landsat-8,0.45,44.59599,42.423373514999994,0.45
landsat,2020-06-23,172/028,172,landsat-8,60.65,46.016665,42.940058789999995,60.65
landsat,2020-06-23,172/027,172,landsat-8,76.3,47.43483500000001,43.478479085000004,76.3
landsat,2020-06-23,172/026,172,landsat-8,88.58,48.850295,44.052884415,88.58
landsat,2020-06-23,172/025,172,landsat-8,69.24,50.265294999999995,44.65483477,69.24
landsat,2020-06-22,173/028,173,landsat-7,72.0,46.04137,41.29502336,72.0
landsat,2020-06-22,173/027,173,landsat-7,94.0,47.46164,41.82938863,94.0
landsat,2020-06-22,173/026,173,landsat-7,66.0,48.88101,42.320634135000006,66.0
landsat,2020-06-22,173/025,173,landsat-7,28.0,50.29387,42.897354475,28.0
landsat,2020-06-21,174/029,174,landsat-8,82.51,44.593469999999996,39.370838455,79.44
landsat,2020-06-21,174/028,174,landsat-8,64.8,46.016295,39.89610371,64.69
landsat,2020-06-21,174/027,174,landsat-8,90.49,47.43479,40.450509,90.41
landsat,2020-06-21,174/026,174,landsat-8,59.67,48.851465000000005,41.016539304999995,59.67
landsat,2020-06-21,174/025,174,landsat-8,73.67,50.26594,41.609979644999996,73.67
landsat,2020-06-20,175/028,175,landsat-7,62.0,46.0409,38.16459847,71.0
landsat,2020-06-20,175/027,175,landsat-7,66.0,47.462715,38.705273755,67.0
landsat,2020-06-20,175/026,175,landsat-7,61.0,48.880579999999995,39.27263404,61.0
landsat,2020-06-20,175/025,175,landsat-7,90.0,50.296845000000005,39.867899385,90.0
landsat,2020-06-19,176/028,176,landsat-8,27.89,46.01475,36.761728794999996,47.7
landsat,2020-06-19,176/027,176,landsat-8,35.21,47.433814999999996,37.29758409,35.98
landsat,2020-06-19,176/026,176,landsat-8,82.77,48.850094999999996,37.869004415,82.77
landsat,2020-06-19,176/025,176,landsat-8,50.39,50.26468,38.47400977,50.39
landsat,2020-06-18,177/025,177,landsat-7,53.0,50.297430000000006,36.72020948,53.0
landsat,2020-06-17,170/028,170,landsat-7,62.0,46.04057,45.92064841,62.0
landsat,2020-06-16,171/029,171,landsat-8,9.74,44.593835,43.981008485000004,9.74
landsat,2020-06-16,171/028,171,landsat-8,11.12,46.01557,44.50939375,11.12
landsat,2020-06-16,171/027,171,landsat-8,41.67,47.43459,45.058199045,41.67
landsat,2020-06-16,171/026,171,landsat-8,0.01,48.85109,45.634294365,0.01
landsat,2020-06-16,171/025,171,landsat-8,0.0,50.26562,46.236814705,0.0
landsat,2020-06-15,172/028,172,landsat-7,65.0,46.043735,42.788728504999995,65.0
landsat,2020-06-15,172/027,172,landsat-7,64.0,47.45976,43.315983775,64.0
landsat,2020-06-15,172/026,172,landsat-7,13.0,48.878524999999996,43.880659105,13.0
landsat,2020-06-15,172/025,172,landsat-7,3.0,50.295685,44.47460442,3.0
landsat,2020-06-14,173/029,173,landsat-8,72.71,44.59383,40.93846841,72.71
landsat,2020-06-14,173/028,173,landsat-8,67.76,46.01645,41.455953665,67.76
landsat,2020-06-14,173/027,173,landsat-8,20.19,47.434505,41.998088935,20.19
landsat,2020-06-14,173/026,173,landsat-8,42.25,48.851085,42.495044445,42.25
landsat,2020-06-14,173/025,173,landsat-8,38.35,50.26601,43.082859815000006,38.35
landsat,2020-06-13,174/028,174,landsat-7,97.0,46.041705,39.73923843,97.0
landsat,2020-06-13,174/027,174,landsat-7,74.0,47.46231,40.28050868,74.0
landsat,2020-06-13,174/026,174,landsat-7,14.0,48.881125,40.84703399,14.0
landsat,2020-06-13,174/025,174,landsat-7,8.0,50.297875000000005,41.431504285,8.0
landsat,2020-06-12,175/028,175,landsat-8,74.77,46.016085000000004,38.32564376,61.73
landsat,2020-06-12,175/027,175,landsat-8,61.31,47.433170000000004,38.87549405,54.9
landsat,2020-06-12,175/026,175,landsat-8,16.98,48.850415,39.450489364999996,16.98
landsat,2020-06-12,175/025,175,landsat-8,2.34,50.26587,40.053909715,2.34
landsat,2020-06-11,176/028,176,landsat-7,10.0,46.04157,36.608368515,1.0
landsat,2020-06-11,176/027,176,landsat-7,0.0,47.462535,37.138298785,0.0
landsat,2020-06-11,176/026,176,landsat-7,0.0,48.88086,37.70107411,0.0
landsat,2020-06-11,176/025,176,landsat-7,1.0,50.2975,38.293909435,1.0
landsat,2020-06-10,177/025,177,landsat-8,0.12,50.265744999999995,36.90388981,0.12
landsat,2020-06-08,171/028,171,landsat-7,0.0,46.043345,44.353998475,0.0
landsat,2020-06-08,171/027,171,landsat-7,0.0,47.465695,44.895908735,0.0
landsat,2020-06-08,171/026,171,landsat-7,0.0,48.880095,45.46038403,0.0
landsat,2020-06-08,171/025,171,landsat-7,5.0,50.29544,46.05700937,5.0
landsat,2020-06-07,172/029,172,landsat-8,0.05,44.596154999999996,42.430923515,0.05
landsat,2020-06-07,172/028,172,landsat-8,0.42,46.016735,42.945828785,0.42
landsat,2020-06-07,172/027,172,landsat-8,0.81,47.434934999999996,43.486599085,0.81
landsat,2020-06-07,172/026,172,landsat-8,4.79,48.850314999999995,44.059149415,4.79
landsat,2020-06-07,172/025,172,landsat-8,22.17,50.26393,44.66131976,22.17
landsat,2020-06-06,173/028,173,landsat-7,2.0,46.041160000000005,41.30490338,2.0
landsat,2020-06-06,173/027,173,landsat-7,5.0,47.46279,41.83727862,5.0
landsat,2020-06-06,173/026,173,landsat-7,2.0,48.881215,42.330714145,2.0
landsat,2020-06-06,173/025,173,landsat-7,27.0,50.296775,42.907794475,27.0
landsat,2020-06-05,174/029,174,landsat-8,20.88,44.5948,39.37853845,24.22
landsat,2020-06-05,174/028,174,landsat-8,12.89,46.016239999999996,39.904003715,12.91
landsat,2020-06-05,174/027,174,landsat-8,17.08,47.43469,40.456594,17.27
landsat,2020-06-05,174/026,174,landsat-8,20.62,48.85133,41.024714305,20.62
landsat,2020-06-05,174/025,174,landsat-8,54.43,50.265755,41.61838964499999,54.43
landsat,2020-06-04,175/028,175,landsat-7,55.0,46.04094,38.174463470000006,65.0
landsat,2020-06-04,175/027,175,landsat-7,34.0,47.460065,38.715428755,40.0
landsat,2020-06-04,175/026,175,landsat-7,37.0,48.87921,39.280964035,37.0
landsat,2020-06-04,175/025,175,landsat-7,36.0,50.296735,39.87864938,36.0
landsat,2020-06-03,176/028,176,landsat-8,12.85,46.016245,36.76946379,25.9
landsat,2020-06-03,176/027,176,landsat-8,75.51,47.43392,37.30748409,82.96
landsat,2020-06-03,176/026,176,landsat-8,99.94,48.850215,37.879444415,99.94
landsat,2020-06-03,176/025,176,landsat-8,100.0,50.264714999999995,38.48261977,100.0
landsat,2020-06-02,177/025,177,landsat-7,81.0,50.2949,36.730824479999995,81.0
landsat,2020-06-01,170/028,170,landsat-7,43.0,46.04318,45.932533410000005,43.0
landsat,2020-05-31,171/029,171,landsat-8,36.58,44.593925,43.992558485,36.58
landsat,2020-05-31,171/028,171,landsat-8,52.84,46.015595000000005,44.51729875,52.84
landsat,2020-05-31,171/027,171,landsat-8,16.81,47.434565,45.068349045000005,16.81
landsat,2020-05-31,171/026,171,landsat-8,5.12,48.851045,45.642649365,5.12
landsat,2020-05-30,172/028,172,landsat-7,36.0,46.04118,42.796593505000004,36.0
landsat,2020-05-30,172/027,172,landsat-7,23.0,47.46128,43.330003794999996,23.0
landsat,2020-05-30,172/026,172,landsat-7,53.0,48.87999,43.893239085000005,53.0
landsat,2020-05-30,172/025,172,landsat-7,90.0,50.29571,44.48959944,90.0
landsat,2020-05-29,173/029,173,landsat-8,46.21,44.595060000000004,40.946033405,46.21
landsat,2020-05-29,173/028,173,landsat-8,55.04,46.01621,41.467573665,55.04
landsat,2020-05-29,173/027,173,landsat-8,32.7,47.43428,42.007988940000004,32.7
landsat,2020-05-29,173/026,173,landsat-8,31.06,48.85134,42.50730445,31.06
landsat,2020-05-29,173/025,173,landsat-8,2.01,50.266145,43.093334815,2.01
landsat,2020-05-28,174/028,174,landsat-7,0.0,46.0416,39.75304843,0.0
landsat,2020-05-28,174/027,174,landsat-7,3.0,47.463545,40.294768685,3.0
landsat,2020-05-28,174/026,174,landsat-7,16.0,48.878295,40.85692897,16.0
landsat,2020-05-28,174/025,174,landsat-7,28.0,50.29358,41.444079305,28.0
landsat,2020-05-27,175/028,175,landsat-8,47.57,46.01612,38.33354376,43.17
landsat,2020-05-27,175/027,175,landsat-8,78.14,47.433175000000006,38.883614050000006,76.56
landsat,2020-05-27,175/026,175,landsat-8,91.28,48.85039,39.458844365000004,91.28
landsat,2020-05-27,175/025,175,landsat-8,70.66,50.26445,40.06251972,70.66
landsat,2020-05-26,176/028,176,landsat-7,69.0,46.041805,36.619988515,78.0
landsat,2020-05-26,176/027,176,landsat-7,99.0,47.46137,37.150333785,100.0
landsat,2020-05-26,176/026,176,landsat-7,100.0,48.879585,37.711579105,100.0
landsat,2020-05-26,176/025,176,landsat-7,100.0,50.29624,38.304699425,100.0
landsat,2020-05-25,177/025,177,landsat-8,56.54,50.265815,36.908094809999994,56.54
landsat,2020-05-23,171/028,171,landsat-7,100.0,46.042035,44.361953459999995,100.0
landsat,2020-05-23,171/027,171,landsat-7,100.0,47.461625,44.906043749999995,100.0
landsat,2020-05-23,171/026,171,landsat-7,100.0,48.880089999999996,45.47081403,100.0
landsat,2020-05-23,171/025,171,landsat-7,100.0,50.292715,46.063339355,100.0
landsat,2020-05-22,172/029,172,landsat-8,78.96,44.596154999999996,42.430923515,78.96
landsat,2020-05-22,172/028,172,landsat-8,89.96,46.016735,42.945828785,89.96
landsat,2020-05-22,172/027,172,landsat-8,97.99,47.434934999999996,43.484564085,97.99
landsat,2020-05-22,172/026,172,landsat-8,96.4,48.850314999999995,44.059149415,96.4
landsat,2020-05-22,172/025,172,landsat-8,52.97,50.26393,44.66131976,52.97
landsat,2020-05-21,173/028,173,landsat-7,42.0,46.042415000000005,41.310618364999996,42.0
landsat,2020-05-21,173/027,173,landsat-7,100.0,47.46395,41.845438634999994,100.0
landsat,2020-05-21,173/026,173,landsat-7,78.0,48.882645,42.33487913,78.0
landsat,2020-05-21,173/025,173,landsat-7,76.0,50.29415,42.912129475,76.0
landsat,2020-05-20,174/029,174,landsat-8,17.2,44.59479,39.37276345,17.16
landsat,2020-05-20,174/028,174,landsat-8,25.91,46.01627,39.900053715,25.98
landsat,2020-05-20,174/027,174,landsat-8,44.62,47.43479,40.450509,45.2
landsat,2020-05-20,174/026,174,landsat-8,99.97,48.8514,41.020629305,99.97
landsat,2020-05-20,174/025,174,landsat-8,99.99,50.26585,41.614184644999995,99.99
landsat,2020-05-19,175/028,175,landsat-7,18.0,46.040965,38.17836848,24.0
landsat,2020-05-19,175/027,175,landsat-7,5.0,47.45734,38.717473749999996,6.0
landsat,2020-05-19,175/026,175,landsat-7,18.0,48.876515,39.280949035,18.0
landsat,2020-05-19,175/025,175,landsat-7,23.0,50.292695,39.878544375000004,23.0
landsat,2020-05-18,176/028,176,landsat-8,63.34,46.01474,36.759828795000004,66.07
landsat,2020-05-18,176/027,176,landsat-8,80.1,47.433814999999996,37.29758409,78.36
landsat,2020-05-18,176/026,176,landsat-8,56.76,48.850094999999996,37.869004415,56.76
landsat,2020-05-18,176/025,176,landsat-8,49.59,50.26468,38.47400977,49.59
landsat,2020-05-17,177/025,177,landsat-7,67.0,50.29497,36.732969479999994,67.0
landsat,2020-05-16,170/028,170,landsat-7,76.0,46.043130000000005,45.93257842,76.0
landsat,2020-05-15,171/029,171,landsat-8,58.99,44.593805,43.977158485000004,58.99
landsat,2020-05-15,171/028,171,landsat-8,41.85,46.01554,44.501493755,41.85
landsat,2020-05-15,171/027,171,landsat-8,44.42,47.434565,45.052109044999995,44.42
landsat,2020-05-15,171/026,171,landsat-8,66.2,48.85109,45.628024365,66.2
landsat,2020-05-15,171/025,171,landsat-8,93.71,50.26566,46.232514705,93.71
landsat,2020-05-14,172/028,172,landsat-7,31.0,46.04382,42.794428515,31.0
landsat,2020-05-14,172/027,172,landsat-7,51.0,47.465270000000004,43.32391878,51.0
landsat,2020-05-14,172/026,172,landsat-7,46.0,48.877265,43.887039085,46.0
landsat,2020-05-14,172/025,172,landsat-7,32.0,50.29437,44.483174435,32.0
landsat,2020-05-13,173/029,173,landsat-8,36.14,44.594015,40.927133409999996,36.14
landsat,2020-05-13,173/028,173,landsat-8,21.44,46.01526,41.448113665,21.44
landsat,2020-05-13,173/027,173,landsat-8,57.04,47.43471,41.99013894,57.04
landsat,2020-05-13,173/026,173,landsat-8,89.47,48.85091,42.486874445,89.47
landsat,2020-05-13,173/025,173,landsat-8,100.0,50.265874999999994,43.074444815,100.0
landsat,2020-05-12,174/028,174,landsat-7,0.0,46.04168,39.743113414999996,0.0
landsat,2020-05-12,174/027,174,landsat-7,0.0,47.46358,40.288748694999995,0.0
landsat,2020-05-12,174/026,174,landsat-7,15.0,48.877015,40.850923985,15.0
landsat,2020-05-12,174/025,174,landsat-7,16.0,50.29517,41.43342929000001,16.0
landsat,2020-05-11,175/028,175,landsat-8,3.06,46.01602,38.313788755000004,1.51
landsat,2020-05-11,175/027,175,landsat-8,20.37,47.433165,38.86331405,20.87
landsat,2020-05-11,175/026,175,landsat-8,42.39,48.850480000000005,39.44004437,42.39
landsat,2020-05-11,175/025,175,landsat-8,34.77,50.264579999999995,40.04314972,34.77
landsat,2020-05-10,176/028,176,landsat-7,73.0,46.041579999999996,36.610363504999995,62.0
landsat,2020-05-10,176/027,176,landsat-7,46.0,47.462535,37.140163799999996,42.0
landsat,2020-05-10,176/026,176,landsat-7,70.0,48.882205,37.701144095000004,70.0
landsat,2020-05-10,176/025,176,landsat-7,81.0,50.292105,38.29399443,81.0
landsat,2020-05-09,177/025,177,landsat-8,88.24,50.26553,36.891264809999996,88.24
landsat,2020-05-07,171/028,171,landsat-7,100.0,46.041995,44.354063460000006,100.0
landsat,2020-05-07,171/027,171,landsat-7,100.0,47.460269999999994,44.893893735,100.0
landsat,2020-05-07,171/026,171,landsat-7,100.0,48.878775000000005,45.462499045,100.0
landsat,2020-05-07,171/025,171,landsat-7,100.0,50.294135,46.054739350000006,100.0
landsat,2020-05-06,172/029,172,landsat-8,100.0,44.59482,42.370503514999996,100.0
landsat,2020-05-06,172/028,172,landsat-8,95.52,46.015654999999995,42.883858785,95.52
landsat,2020-05-06,172/027,172,landsat-8,89.42,47.434124999999995,43.419614085000006,89.42
landsat,2020-05-06,172/026,172,landsat-8,66.92,48.851164999999995,43.990214405,66.92
landsat,2020-05-06,172/025,172,landsat-8,46.42,50.265125,44.59025477,46.42
landsat,2020-05-05,173/028,173,landsat-7,89.0,46.042564999999996,41.302873364999996,89.0
landsat,2020-05-05,173/027,173,landsat-7,49.0,47.46017500000001,41.83511362,49.0
landsat,2020-05-05,173/026,173,landsat-7,85.0,48.878495,42.328854145,85.0
landsat,2020-05-05,173/025,173,landsat-7,68.0,50.29408,42.907914475,68.0
landsat,2020-05-04,174/029,174,landsat-8,98.12,44.594955,39.31694345,98.21
landsat,2020-05-04,174/028,174,landsat-8,50.31,46.016670000000005,39.840803715,50.48
landsat,2020-05-04,174/027,174,landsat-8,58.21,47.434135,40.389568995000005,59.03
landsat,2020-05-04,174/026,174,landsat-8,99.95,48.851119999999995,40.95722431,99.95
landsat,2020-05-04,174/025,174,landsat-8,60.48,50.265935,41.546774639999995,60.48
landsat,2020-05-03,175/028,175,landsat-7,90.0,46.042265,38.170513465,84.0
landsat,2020-05-03,175/027,175,landsat-7,99.0,47.458675,38.709373735,99.0
landsat,2020-05-03,175/026,175,landsat-7,100.0,48.87784,39.278894050000005,100.0
landsat,2020-05-03,175/025,175,landsat-7,100.0,50.295445,39.869944364999995,100.0
landsat,2020-05-02,176/028,176,landsat-8,6.08,46.0164,36.70549879,16.31
landsat,2020-05-02,176/027,176,landsat-8,3.44,47.434309999999996,37.23987408,4.05
landsat,2020-05-02,176/026,176,landsat-8,9.1,48.85092,37.80842441,9.1
landsat,2020-05-02,176/025,176,landsat-8,2.63,50.26442,38.40942977,2.63
landsat,2020-05-01,177/025,177,landsat-7,29.0,50.293400000000005,36.7223095,29.0
landsat,2020-04-30,170/028,170,landsat-7,0.0,46.04188,45.922618405,0.0
landsat,2020-04-29,171/029,171,landsat-8,0.17,44.593385,43.927113485,0.17
landsat,2020-04-29,171/028,171,landsat-8,0.83,46.015335,44.450133754999996,0.83
landsat,2020-04-29,171/027,171,landsat-8,0.74,47.43458,44.997299045,0.74
landsat,2020-04-29,171/026,171,landsat-8,0.4,48.85002,45.57160436,0.4
landsat,2020-04-29,171/025,171,landsat-8,0.04,50.266225,46.172264705,0.04
landsat,2020-04-28,172/028,172,landsat-7,66.0,46.042384999999996,42.788828499999994,66.0
landsat,2020-04-28,172/027,172,landsat-7,62.0,47.46111500000001,43.317838795,62.0
landsat,2020-04-28,172/026,172,landsat-7,38.0,48.879925,43.882804085000004,38.0
landsat,2020-04-28,172/025,172,landsat-7,55.0,50.29566,44.476699440000004,55.0
landsat,2020-04-27,173/029,173,landsat-8,96.25,44.594735,40.883653415,96.25
landsat,2020-04-27,173/028,173,landsat-8,86.61,46.016275,41.39967866,86.61
landsat,2020-04-27,173/027,173,landsat-8,78.52,47.43598,41.94043394,78.52
landsat,2020-04-27,173/026,173,landsat-8,98.07,48.851135,42.43373944,98.07
landsat,2020-04-27,173/025,173,landsat-8,92.69,50.265005,43.019749815,92.69
landsat,2020-04-26,174/028,174,landsat-7,4.0,46.043054999999995,39.739203419999996,3.0
landsat,2020-04-26,174/027,174,landsat-7,16.0,47.46362,40.284703695,15.0
landsat,2020-04-26,174/026,174,landsat-7,27.0,48.878425,40.846928989999995,27.0
landsat,2020-04-26,174/025,174,landsat-7,22.0,50.29525,41.429224285000004,22.0
landsat,2020-04-25,175/028,175,landsat-8,0.16,46.01578,38.270328755,0.25
landsat,2020-04-25,175/027,175,landsat-8,11.41,47.433155,38.81662405,13.35
landsat,2020-04-25,175/026,175,landsat-8,54.46,48.85063,39.38991437,54.46
landsat,2020-04-25,175/025,175,landsat-8,92.03,50.265,39.99365472,92.03
landsat,2020-04-24,176/028,176,landsat-7,0.0,46.040155,36.606418520000005,1.0
landsat,2020-04-24,176/027,176,landsat-7,1.0,47.461125,37.13636878,1.0
landsat,2020-04-24,176/026,176,landsat-7,15.0,48.88081,37.69898911,15.0
landsat,2020-04-24,176/025,176,landsat-7,46.0,50.296170000000004,38.291799424999994,46.0
landsat,2020-04-23,177/025,177,landsat-8,0.28,50.266075,36.844874815,0.28
landsat,2020-04-21,171/028,171,landsat-7,9.0,46.039280000000005,44.35014846,9.0
landsat,2020-04-21,171/027,171,landsat-7,27.0,47.46027,44.893883745,27.0
landsat,2020-04-21,171/026,171,landsat-7,88.0,48.87744,45.45827403,88.0
landsat,2020-04-21,171/025,171,landsat-7,99.0,50.29414,46.054864375,99.0
landsat,2020-04-20,172/029,172,landsat-8,44.8,44.59507,42.381833515,44.8
landsat,2020-04-20,172/028,172,landsat-8,77.26,46.01585,42.893578785,77.26
landsat,2020-04-20,172/027,172,landsat-8,100.0,47.43423,43.429769085000004,100.0
landsat,2020-04-20,172/026,172,landsat-8,100.0,48.85122,44.000659405,100.0
landsat,2020-04-20,172/025,172,landsat-8,100.0,50.26513,44.60101976999999,100.0
landsat,2020-04-19,173/028,173,landsat-7,62.0,46.041235,41.30102838,62.0
landsat,2020-04-19,173/027,173,landsat-7,20.0,47.46289,41.833303619999995,20.0
landsat,2020-04-19,173/026,173,landsat-7,55.0,48.881195,42.328704145,55.0
landsat,2020-04-19,173/025,173,landsat-7,68.0,50.29267,42.90566949,68.0
landsat,2020-04-18,174/029,174,landsat-8,7.14,44.59495,39.326568449999996,8.23
landsat,2020-04-18,174/028,174,landsat-8,43.76,46.016594999999995,39.852653715,43.86
landsat,2020-04-18,174/027,174,landsat-8,41.9,47.435345,40.401814,42.18
landsat,2020-04-18,174/026,174,landsat-8,62.27,48.85093,40.96748431,62.27
landsat,2020-04-18,174/025,174,landsat-8,61.2,50.267089999999996,41.557369645,61.2
landsat,2020-04-17,175/028,175,landsat-7,2.0,46.042280000000005,38.168543465,3.0
landsat,2020-04-17,175/027,175,landsat-7,21.0,47.462725,38.709333755,24.0
landsat,2020-04-17,175/026,175,landsat-7,33.0,48.87649999999999,39.274719055000006,33.0
landsat,2020-04-17,175/025,175,landsat-7,66.0,50.2928,39.867744365,66.0
landsat,2020-04-16,176/028,176,landsat-8,22.07,46.016625000000005,36.71711879,47.38
landsat,2020-04-16,176/027,176,landsat-8,82.13,47.43448,37.251804085,85.8
landsat,2020-04-16,176/026,176,landsat-8,80.07,48.851034999999996,37.82095941,80.07
landsat,2020-04-16,176/025,176,landsat-8,95.49,50.2645,38.42019477,95.49
landsat,2020-04-15,177/025,177,landsat-7,38.0,50.296095,36.722284485,38.0
landsat,2020-04-14,170/028,170,landsat-7,0.0,46.04188,45.922713425,0.0
landsat,2020-04-13,171/029,171,landsat-8,0.17,44.593525,43.940583485,0.17
landsat,2020-04-13,171/028,171,landsat-8,3.45,46.0154,44.465938754999996,3.45
landsat,2020-04-13,171/027,171,landsat-8,5.22,47.433234999999996,45.013534039999996,5.22
landsat,2020-04-13,171/026,171,landsat-8,0.14,48.84997,45.58413436,0.14
landsat,2020-04-13,171/025,171,landsat-8,3.95,50.266115,46.187329704999996,3.95
landsat,2020-04-12,172/028,172,landsat-7,31.0,46.043735,42.788648515000006,31.0
landsat,2020-04-12,172/027,172,landsat-7,37.0,47.458415,43.317923795,37.0
landsat,2020-04-12,172/026,172,landsat-7,87.0,48.87854,43.87869408,87.0
landsat,2020-04-12,172/025,172,landsat-7,99.0,50.29431,44.476724435,99.0
landsat,2020-04-11,173/029,173,landsat-8,62.45,44.594505,40.896908415,62.45
landsat,2020-04-11,173/028,173,landsat-8,98.22,46.015964999999994,41.415163660000005,98.22
landsat,2020-04-11,173/027,173,landsat-8,99.95,47.43561,41.95437894,99.95
landsat,2020-04-11,173/026,173,landsat-8,95.92,48.851479999999995,42.45008444,95.92
landsat,2020-04-11,173/025,173,landsat-8,91.18,50.265275,43.03657981,91.18
landsat,2020-04-10,174/028,174,landsat-7,0.0,46.039005,39.73920343,0.0
landsat,2020-04-10,174/027,174,landsat-7,0.0,47.460965,40.280508685,0.0
landsat,2020-04-10,174/026,174,landsat-7,51.0,48.879774999999995,40.846933985,51.0
landsat,2020-04-10,174/025,174,landsat-7,96.0,50.29256,41.42928931,96.0
landsat,2020-04-09,175/028,175,landsat-8,0.47,46.01587,38.286133754999994,0.71
landsat,2020-04-09,175/027,175,landsat-8,0.57,47.433170000000004,38.83286405,0.65
landsat,2020-04-09,175/026,175,landsat-8,0.68,48.85058,39.40662437,0.68
landsat,2020-04-09,175/025,175,landsat-8,2.03,50.264894999999996,40.006564714999996,2.03
landsat,2020-04-08,176/028,176,landsat-7,0.0,46.04157,36.608368515,0.0
landsat,2020-04-08,176/027,176,landsat-7,0.0,47.46112,37.13441378,0.0
landsat,2020-04-08,176/026,176,landsat-7,0.0,48.87677,37.69711409,0.0
landsat,2020-04-08,176/025,176,landsat-7,0.0,50.292105,38.29395444,0.0
landsat,2020-04-07,177/025,177,landsat-8,0.02,50.265015000000005,36.861819815000004,0.02
landsat,2020-04-05,171/028,171,landsat-7,81.0,46.040645,44.35402847,81.0
landsat,2020-04-05,171/027,171,landsat-7,7.0,47.46297,44.893883735,7.0
landsat,2020-04-05,171/026,171,landsat-7,33.0,48.87744,45.45827403,33.0
landsat,2020-04-05,171/025,171,landsat-7,42.0,50.29279,46.05479937,42.0
landsat,2020-04-04,172/029,172,landsat-8,54.03,44.59547,42.39885852,54.03
landsat,2020-04-04,172/028,172,landsat-8,26.0,46.01619,42.91294379,26.0
landsat,2020-04-04,172/027,172,landsat-8,55.21,47.434485,43.448029085,55.21
landsat,2020-04-04,172/026,172,landsat-8,0.36,48.850044999999994,44.019459409999996,0.36
landsat,2020-04-04,172/025,172,landsat-8,0.02,50.26386,44.62041476,0.02
landsat,2020-04-03,173/028,173,landsat-7,49.0,46.04533,41.301018365000004,49.0
landsat,2020-04-03,173/027,173,landsat-7,2.0,47.461545,41.83327362,2.0
landsat,2020-04-03,173/026,173,landsat-7,0.0,48.879774999999995,42.32664915,0.0
landsat,2020-04-03,173/025,173,landsat-7,0.0,50.296769999999995,42.905729475,0.0
landsat,2020-04-02,174/029,174,landsat-8,54.64,44.594885000000005,39.34388845,62.46
landsat,2020-04-02,174/028,174,landsat-8,25.61,46.01515,39.87038871,25.7
landsat,2020-04-02,174/027,174,landsat-8,0.12,47.43516,40.418043999999995,0.12
landsat,2020-04-02,174/026,174,landsat-8,0.01,48.852,40.985849305,0.01
landsat,2020-04-02,174/025,174,landsat-8,0.31,50.26666,41.576339649999994,0.31
landsat,2020-04-01,175/028,175,landsat-7,65.0,46.040925,38.16850348,84.0
landsat,2020-04-01,175/027,175,landsat-7,21.0,47.457325,38.709363749999994,23.0
landsat,2020-04-01,175/026,175,landsat-7,43.0,48.87653,39.272604035,43.0
landsat,2020-04-01,175/025,175,landsat-7,79.0,50.2941,39.869999379999996,79.0
landsat,2020-03-31,176/028,176,landsat-8,3.95,46.016925,36.73260379,11.73
landsat,2020-03-31,176/027,176,landsat-8,1.28,47.434709999999995,37.265764085,1.5
landsat,2020-03-31,176/026,176,landsat-8,23.51,48.851145,37.83558441,23.51
landsat,2020-03-31,176/025,176,landsat-8,61.2,50.26457,38.437414770000004,61.2
landsat,2020-03-30,177/025,177,landsat-7,30.0,50.29347,36.7244545,30.0
landsat,2020-03-29,170/028,170,landsat-7,0.0,46.04053,45.92261841,0.0
landsat,2020-03-28,171/029,171,landsat-8,35.11,44.59362,43.952133485000004,35.11
landsat,2020-03-28,171/028,171,landsat-8,0.2,46.015445,44.477783755000004,0.2
landsat,2020-03-28,171/027,171,landsat-8,0.8,47.43324,45.02571404,0.8
landsat,2020-03-28,171/026,171,landsat-8,3.61,48.849909999999994,45.59666936,3.61
landsat,2020-03-28,171/025,171,landsat-8,16.5,50.26599,46.19807971,16.5
landsat,2020-03-27,172/028,172,landsat-7,2.0,46.04239,42.78865852,2.0
landsat,2020-03-27,172/027,172,landsat-7,0.0,47.462514999999996,43.31994878,0.0
landsat,2020-03-27,172/026,172,landsat-7,0.0,48.87723,43.882869084999996,0.0
landsat,2020-03-27,172/025,172,landsat-7,10.0,50.293005,44.47887444,10.0
landsat,2020-03-26,173/029,173,landsat-8,6.26,44.594325,40.908248415,6.26
landsat,2020-03-26,173/028,173,landsat-8,8.73,46.015739999999994,41.424878664999994,8.73
landsat,2020-03-26,173/027,173,landsat-8,10.8,47.435379999999995,41.96427894,10.8
landsat,2020-03-26,173/026,173,landsat-8,1.24,48.851725,42.460339445,1.24
landsat,2020-03-26,173/025,173,landsat-8,10.52,50.26541,43.04499481,10.52
landsat,2020-03-25,174/028,174,landsat-7,26.0,46.03902,39.74114342,26.0
landsat,2020-03-25,174/027,174,landsat-7,43.0,47.45958,40.2846337,42.0
landsat,2020-03-25,174/026,174,landsat-7,21.0,48.87977,40.848843975,21.0
landsat,2020-03-25,174/025,174,landsat-7,12.0,50.296445000000006,41.435799305,12.0
landsat,2020-03-24,175/028,175,landsat-8,99.99,46.015910000000005,38.294033755,100.0
landsat,2020-03-24,175/027,175,landsat-8,89.5,47.433175,38.84098405,87.73
landsat,2020-03-24,175/026,175,landsat-8,40.32,48.850555,39.41498437,40.32
landsat,2020-03-24,175/025,175,landsat-8,0.12,50.26483,40.015174715,0.12
landsat,2020-03-23,176/028,176,landsat-7,100.0,46.0403,36.61226352,100.0
landsat,2020-03-23,176/027,176,landsat-7,94.0,47.461240000000004,37.140418780000005,94.0
landsat,2020-03-23,176/026,176,landsat-7,74.0,48.880849999999995,37.70315911,74.0
landsat,2020-03-23,176/025,176,landsat-7,69.0,50.29215,38.29610444,69.0
landsat,2020-03-22,177/025,177,landsat-8,100.0,50.26509,36.866024815,100.0
landsat,2020-03-20,171/028,171,landsat-7,7.0,46.04203,44.356033460000006,7.0
landsat,2020-03-20,171/027,171,landsat-7,64.0,47.458955,44.89592373,64.0
landsat,2020-03-20,171/026,171,landsat-7,85.0,48.87739,45.46458405,85.0
landsat,2020-03-20,171/025,171,landsat-7,97.0,50.2941,46.059034350000005,97.0
landsat,2020-03-19,172/029,172,landsat-8,99.97,44.59549,42.40071352,99.97
landsat,2020-03-19,172/028,172,landsat-8,100.0,46.01619,42.91294379,100.0
landsat,2020-03-19,172/027,172,landsat-8,99.36,47.434485,43.448029085,99.36
landsat,2020-03-19,172/026,172,landsat-8,47.76,48.85138,44.021549405,47.76
landsat,2020-03-19,172/025,172,landsat-8,0.21,50.263835,44.622569760000005,0.21
landsat,2020-03-18,173/028,173,landsat-7,92.0,46.043905,41.30495838,92.0
landsat,2020-03-18,173/027,173,landsat-7,64.0,47.4601,41.837308635,64.0
landsat,2020-03-18,173/026,173,landsat-7,38.0,48.879845,42.32892913,38.0
landsat,2020-03-18,173/025,173,landsat-7,1.0,50.295505,42.911904495,1.0
landsat,2020-03-17,174/029,174,landsat-8,37.16,44.594885000000005,39.34388845,41.35
landsat,2020-03-17,174/028,174,landsat-8,5.18,46.01649999999999,39.870428715,5.2
landsat,2020-03-17,174/027,174,landsat-8,0.17,47.43516,40.418043999999995,0.17
landsat,2020-03-17,174/026,174,landsat-8,0.01,48.852,40.985849305,0.01
landsat,2020-03-17,174/025,174,landsat-8,0.55,50.26666,41.576339649999994,0.55
landsat,2020-03-16,175/028,175,landsat-7,33.0,46.040955,38.17244848,40.0
landsat,2020-03-16,175/027,175,landsat-7,20.0,47.461405,38.711388735,22.0
landsat,2020-03-16,175/026,175,landsat-7,37.0,48.87652,39.276774035,37.0
landsat,2020-03-16,175/025,175,landsat-7,71.0,50.29274,39.876399375000005,71.0
landsat,2020-03-14,177/025,177,landsat-7,66.0,50.294895,36.72875948,66.0
landsat,2020-03-13,170/028,170,landsat-7,0.0,46.039195,45.924548404999996,0.0
landsat,2020-03-12,171/029,171,landsat-8,30.0,44.593615,43.954058485000004,30.0
landsat,2020-03-12,171/028,171,landsat-8,49.99,46.015445,44.477783755000004,49.99
landsat,2020-03-12,171/027,171,landsat-8,56.44,47.43324,45.02571404,56.44
landsat,2020-03-12,171/026,171,landsat-8,85.51,48.849895000000004,45.600839359999995,85.51
landsat,2020-03-12,171/025,171,landsat-8,88.81,50.265945,46.202384710000004,88.81
landsat,2020-03-11,172/028,172,landsat-7,24.0,46.039685000000006,42.7889435,24.0
landsat,2020-03-11,172/027,172,landsat-7,52.0,47.459875,43.3239188,52.0
landsat,2020-03-11,172/026,172,landsat-7,49.0,48.878614999999996,43.88703908,49.0
landsat,2020-03-11,172/025,172,landsat-7,24.0,50.290305000000004,44.478969415,24.0
landsat,2020-03-10,173/029,173,landsat-8,38.45,44.594315,40.910103414999995,38.45
landsat,2020-03-10,173/028,173,landsat-8,86.11,46.015725,41.426783665,86.11
landsat,2020-03-10,173/027,173,landsat-8,76.45,47.43528499999999,41.96825394,76.45
landsat,2020-03-10,173/026,173,landsat-8,38.64,48.851745,42.462339445,38.64
landsat,2020-03-10,173/025,173,landsat-8,10.66,50.265475,43.049199810000005,10.66
landsat,2020-03-09,174/028,174,landsat-7,4.0,46.040345,39.745083414999996,4.0
landsat,2020-03-09,174/027,174,landsat-7,19.0,47.45823,40.286523685000006,17.0
landsat,2020-03-09,174/026,174,landsat-7,40.0,48.876949999999994,40.855013985,40.0
landsat,2020-03-09,174/025,174,landsat-7,62.0,50.29373,41.43751428,62.0
landsat,2020-03-08,175/028,175,landsat-8,1.2,46.01593,38.297988755,0.3
landsat,2020-03-08,175/027,175,landsat-8,0.53,47.433175,38.84504405,0.61
landsat,2020-03-08,175/026,175,landsat-8,10.71,48.850545,39.41915937,10.71
landsat,2020-03-08,175/025,175,landsat-8,6.69,50.26481,40.02162972,6.69
landsat,2020-03-07,176/028,176,landsat-7,20.0,46.043075,36.6161885,29.0
landsat,2020-03-07,176/027,176,landsat-7,14.0,47.4599,37.142378785000005,15.0
landsat,2020-03-07,176/026,176,landsat-7,77.0,48.87820000000001,37.70740911,77.0
landsat,2020-03-07,176/025,176,landsat-7,76.0,50.293515,38.300444425,76.0
landsat,2020-03-06,177/025,177,landsat-8,74.3,50.265164999999996,36.870229815,74.3
landsat,2020-03-04,171/028,171,landsat-7,16.0,46.040705,44.35994847,16.0
landsat,2020-03-04,171/027,171,landsat-7,55.0,47.460305,44.899973735,55.0
landsat,2020-03-04,171/026,171,landsat-7,42.0,48.87471,45.466589025000005,42.0
landsat,2020-03-04,171/025,171,landsat-7,53.0,50.29137,46.063394375,53.0
landsat,2020-03-03,172/029,172,landsat-8,14.87,44.595575,42.40449352,14.87
landsat,2020-03-03,172/028,172,landsat-8,15.94,46.01626,42.91681879,15.94
landsat,2020-03-03,172/027,172,landsat-8,60.82,47.434529999999995,43.454119085,60.82
landsat,2020-03-03,172/026,172,landsat-8,64.6,48.851415,44.025724405,64.6
landsat,2020-03-03,172/025,172,landsat-8,25.23,50.26385,44.626869760000005,25.23
landsat,2020-03-02,173/028,173,landsat-7,1.0,46.039789999999996,41.306628365,1.0
landsat,2020-03-02,173/027,173,landsat-7,0.0,47.461355,41.841313635000006,0.0
landsat,2020-03-02,173/026,173,landsat-7,1.0,48.879935,42.33301913,1.0
landsat,2020-03-02,173/025,173,landsat-7,8.0,50.291455,42.912244475,8.0
landsat,2020-03-01,174/029,174,landsat-8,77.34,44.59488,39.34773845,85.61
landsat,2020-03-01,174/028,174,landsat-8,44.3,46.01647,39.874378715,44.45
landsat,2020-03-01,174/027,174,landsat-8,3.17,47.43377,40.424058994999996,3.22
landsat,2020-03-01,174/026,174,landsat-8,1.74,48.851935,40.989929305000004,1.74
landsat,2020-03-01,174/025,174,landsat-8,0.33,50.266555,41.58260465,0.33
landsat,2020-02-29,175/028,175,landsat-7,97.0,46.040965,38.17836848,100.0
landsat,2020-02-29,175/027,175,landsat-7,87.0,47.45734,38.717473749999996,85.0
landsat,2020-02-29,175/026,175,landsat-7,100.0,48.876540000000006,39.283034035,100.0
landsat,2020-02-29,175/025,175,landsat-7,89.0,50.29271,39.880694375,89.0
landsat,2020-02-28,176/028,176,landsat-8,93.05,46.01572,36.740448785,94.08
landsat,2020-02-28,176/027,176,landsat-8,99.98,47.43482,37.273714084999995,99.98
landsat,2020-02-28,176/026,176,landsat-8,98.12,48.85122,37.843939410000004,98.12
landsat,2020-02-28,176/025,176,landsat-8,100.0,50.264565,38.44386977,100.0
landsat,2020-02-27,177/025,177,landsat-7,86.0,50.29228,36.733099475,86.0
landsat,2020-02-26,170/028,170,landsat-7,3.0,46.040485000000004,45.932488410000005,3.0
landsat,2020-02-25,171/029,171,landsat-8,32.67,44.593675000000005,43.961758485000004,32.67
landsat,2020-02-25,171/028,171,landsat-8,73.5,46.015474999999995,44.485688755,73.5
landsat,2020-02-25,171/027,171,landsat-8,97.52,47.433245,45.03383404,97.52
landsat,2020-02-25,171/026,171,landsat-8,100.0,48.851205,45.609234365,100.0
landsat,2020-02-25,171/025,171,landsat-8,99.93,50.265865000000005,46.21099471,99.93
landsat,2020-02-24,172/028,172,landsat-7,100.0,46.039845,42.79842352,100.0
landsat,2020-02-24,172/027,172,landsat-7,100.0,47.459925,43.32814878,100.0
landsat,2020-02-24,172/026,172,landsat-7,100.0,48.8746,43.891274085,100.0
landsat,2020-02-24,172/025,172,landsat-7,100.0,50.29034,44.48750944,100.0
landsat,2020-02-23,173/029,173,landsat-8,96.61,44.59549,40.91958841,96.61
landsat,2020-02-23,173/028,173,landsat-8,100.0,46.015505,41.436498665,100.0
landsat,2020-02-23,173/027,173,landsat-8,100.0,47.435085,41.97619894,100.0
landsat,2020-02-23,173/026,173,landsat-8,100.0,48.851985,42.472594445,100.0
landsat,2020-02-23,173/025,173,landsat-8,100.0,50.265609999999995,43.057614814999994,100.0
landsat,2020-02-22,174/028,174,landsat-7,100.0,46.038934999999995,39.75104343,100.0
landsat,2020-02-22,174/027,174,landsat-7,100.0,47.45949,40.29259868,100.0
landsat,2020-02-22,174/026,174,landsat-7,100.0,48.878235000000004,40.861208989999994,100.0
landsat,2020-02-22,174/025,174,landsat-7,78.0,50.295,41.441844290000006,78.0
landsat,2020-02-21,175/028,175,landsat-8,100.0,46.01598,38.305888755,100.0
landsat,2020-02-21,175/027,175,landsat-8,100.0,47.43316,38.855194049999994,100.0
landsat,2020-02-21,175/026,175,landsat-8,100.0,48.85052,39.427509369999996,100.0
landsat,2020-02-21,175/025,175,landsat-8,99.96,50.266045000000005,40.032389710000004,99.96
landsat,2020-02-20,176/028,176,landsat-7,100.0,46.040454999999994,36.62000852,100.0
landsat,2020-02-20,176/027,176,landsat-7,96.0,47.46137,37.150333785,95.0
landsat,2020-02-20,176/026,176,landsat-7,94.0,48.8742,37.709709090000004,94.0
landsat,2020-02-20,176/025,176,landsat-7,93.0,50.289474999999996,38.30689443999999,93.0
landsat,2020-02-19,177/025,177,landsat-8,98.65,50.265384999999995,36.88285481,98.65
landsat,2020-02-17,171/028,171,landsat-7,33.0,46.042069999999995,44.363923459999995,33.0
landsat,2020-02-17,171/027,171,landsat-7,34.0,47.457605,44.904033735,34.0
landsat,2020-02-17,171/026,171,landsat-7,80.0,48.87601,45.472899045000005,80.0
landsat,2020-02-17,171/025,171,landsat-7,95.0,50.29268,46.067634354999996,95.0
landsat,2020-02-16,172/029,172,landsat-8,41.52,44.595805,42.413963515,41.52
landsat,2020-02-16,172/028,172,landsat-8,0.24,46.016465,42.92843879,0.24
landsat,2020-02-16,172/027,172,landsat-8,7.29,47.434685,43.464269085,7.29
landsat,2020-02-16,172/026,172,landsat-8,5.37,48.850170000000006,44.036169415,5.37
landsat,2020-02-16,172/025,172,landsat-8,69.32,50.263905,44.63763976,69.32
landsat,2020-02-15,173/028,173,landsat-7,87.0,46.0424,41.312528365,87.0
landsat,2020-02-15,173/027,173,landsat-7,65.0,47.459905000000006,41.845078619999995,65.0
landsat,2020-02-15,173/026,173,landsat-7,81.0,48.87735,42.33905915,81.0
landsat,2020-02-15,173/025,173,landsat-7,85.0,50.29288,42.91840948,85.0
landsat,2020-02-14,174/029,174,landsat-8,36.25,44.59485,39.35928845,31.42
landsat,2020-02-14,174/028,174,landsat-8,78.5,46.01639,39.886228715,78.67
landsat,2020-02-14,174/027,174,landsat-8,78.0,47.434975,40.434273995,78.13
landsat,2020-02-14,174/026,174,landsat-8,95.05,48.85173,41.002194305,95.05
landsat,2020-02-14,174/025,174,landsat-8,99.91,50.266305,41.593154645,99.91
landsat,2020-02-13,175/028,175,landsat-7,14.0,46.041005,38.180383469999995,9.0
landsat,2020-02-13,175/027,175,landsat-7,65.0,47.460055,38.725568755,68.0
landsat,2020-02-13,175/026,175,landsat-7,100.0,48.875115,39.29139405,100.0
landsat,2020-02-13,175/025,175,landsat-7,100.0,50.291335000000004,39.88493937,100.0
landsat,2020-02-12,176/028,176,landsat-8,75.45,46.01594,36.752068785,62.69
landsat,2020-02-12,176/027,176,landsat-8,20.01,47.434995,37.285654085000004,22.88
landsat,2020-02-12,176/026,176,landsat-8,99.96,48.851335,37.85646941,99.96
landsat,2020-02-12,176/025,176,landsat-8,100.0,50.26462,38.45678977,100.0
landsat,2020-02-11,177/025,177,landsat-7,100.0,50.29378,36.741289495000004,100.0
landsat,2020-02-10,170/028,170,landsat-7,3.0,46.04172,45.940463425000004,3.0
landsat,2020-02-09,171/029,171,landsat-8,100.0,44.593805,43.977158485000004,100.0
landsat,2020-02-09,171/028,171,landsat-8,64.88,46.01554,44.501493755,64.88
landsat,2020-02-09,171/027,171,landsat-8,22.19,47.43459,45.050079045,22.19
landsat,2020-02-09,171/026,171,landsat-8,0.17,48.851145,45.621759365,0.17
landsat,2020-02-09,171/025,171,landsat-8,0.02,50.265745,46.223904705,0.02
landsat,2020-02-08,172/028,172,landsat-7,100.0,46.039975,42.8044385,100.0
landsat,2020-02-08,172/027,172,landsat-7,44.0,47.46139,43.338113795,44.0
landsat,2020-02-08,172/026,172,landsat-7,7.0,48.87871,43.90164408,7.0
landsat,2020-02-08,172/025,172,landsat-7,7.0,50.290369999999996,44.496164415,7.0
landsat,2020-02-07,173/029,173,landsat-8,100.0,44.595245000000006,40.934703405,100.0
landsat,2020-02-07,173/028,173,landsat-8,100.0,46.01518,41.451983659999996,100.0
landsat,2020-02-07,173/027,173,landsat-8,63.96,47.434685,41.99208894,63.96
landsat,2020-02-07,173/026,173,landsat-8,64.83,48.85091,42.486874445,64.83
landsat,2020-02-07,173/025,173,landsat-8,99.91,50.264525,43.07454981,99.91
landsat,2020-02-06,174/028,174,landsat-7,100.0,46.04024,39.75889342,100.0
landsat,2020-02-06,174/027,174,landsat-7,100.0,47.460715,40.304898695,100.0
landsat,2020-02-06,174/026,174,landsat-7,21.0,48.875420000000005,40.86727899,21.0
landsat,2020-02-06,174/025,174,landsat-7,95.0,50.292135,41.450124285,95.0
landsat,2020-02-05,175/028,175,landsat-8,100.0,46.016059999999996,38.32168876,100.0
landsat,2020-02-05,175/027,175,landsat-8,100.0,47.433195,38.86940405,100.0
landsat,2020-02-05,175/026,175,landsat-8,100.0,48.850465,39.44422437,100.0
landsat,2020-02-05,175/025,175,landsat-8,100.0,50.26594,40.045304715,100.0
landsat,2020-02-04,176/028,176,landsat-7,33.0,46.041955,36.627823504999995,17.0
landsat,2020-02-04,176/027,176,landsat-7,62.0,47.45873,37.154403785,63.0
landsat,2020-02-04,176/026,176,landsat-7,81.0,48.87568,37.722079109999996,81.0
landsat,2020-02-04,176/025,176,landsat-7,92.0,50.292235,38.31333943,92.0
landsat,2020-02-03,177/025,177,landsat-8,84.0,50.265600000000006,36.895474809999996,84.0
landsat,2020-02-01,171/028,171,landsat-7,80.0,46.04076,44.371788475,80.0
landsat,2020-02-01,171/027,171,landsat-7,69.0,47.460305000000005,44.912138735,69.0
landsat,2020-02-01,171/026,171,landsat-7,50.0,48.874665,45.479109025,50.0
landsat,2020-02-01,171/025,171,landsat-7,71.0,50.291250000000005,46.07414437,71.0
landsat,2020-01-31,172/029,172,landsat-8,100.0,44.59599,42.423373514999994,100.0
landsat,2020-01-31,172/028,172,landsat-8,100.0,46.016595,42.93618379,100.0
landsat,2020-01-31,172/027,172,landsat-8,100.0,47.434785000000005,43.474419085,100.0
landsat,2020-01-31,172/026,172,landsat-8,100.0,48.85022,44.046619415,100.0
landsat,2020-01-31,172/025,172,landsat-8,100.0,50.2639,44.648399760000004,100.0
landsat,2020-01-30,173/028,173,landsat-7,100.0,46.038215,41.318153355,100.0
landsat,2020-01-30,173/027,173,landsat-7,100.0,47.45837,41.853093630000004,100.0
landsat,2020-01-30,173/026,173,landsat-7,94.0,48.87751,42.34542413,94.0
landsat,2020-01-30,173/025,173,landsat-7,98.0,50.29303,42.926714495,98.0
landsat,2020-01-29,174/029,174,landsat-8,88.91,44.59483,39.36699345,87.35
landsat,2020-01-29,174/028,174,landsat-8,97.33,46.014984999999996,39.894083710000004,97.33
landsat,2020-01-29,174/027,174,landsat-8,100.0,47.43488,40.442393995,100.0
landsat,2020-01-29,174/026,174,landsat-8,100.0,48.851600000000005,41.010369305,100.0
landsat,2020-01-29,174/025,174,landsat-8,100.0,50.266125,41.601564644999996,100.0
landsat,2020-01-28,175/028,175,landsat-7,23.0,46.038345,38.19024848,23.0
landsat,2020-01-28,175/027,175,landsat-7,95.0,47.45874499999999,38.731678735,95.0
landsat,2020-01-28,175/026,175,landsat-7,100.0,48.8778,39.29975905,100.0
landsat,2020-01-28,175/025,175,landsat-7,100.0,50.288529999999994,39.89568938,100.0
landsat,2020-01-27,176/028,176,landsat-8,60.86,46.016025,36.757843785,62.68
landsat,2020-01-27,176/027,176,landsat-8,44.02,47.435100000000006,37.293604085,33.47
landsat,2020-01-27,176/026,176,landsat-8,89.79,48.851405,37.86482941,89.79
landsat,2020-01-27,176/025,176,landsat-8,100.0,50.26465,38.465399770000005,100.0
landsat,2020-01-26,177/025,177,landsat-7,26.0,50.29125,36.751899495,26.0
landsat,2020-01-25,170/028,170,landsat-7,100.0,46.04168,45.950333425,100.0
landsat,2020-01-24,171/029,171,landsat-8,50.89,44.593845,43.979083485000004,50.89
landsat,2020-01-24,171/028,171,landsat-8,43.5,46.01555,44.50544375,43.5
landsat,2020-01-24,171/027,171,landsat-8,12.68,47.433245,45.05413404,12.68
landsat,2020-01-24,171/026,171,landsat-8,7.61,48.84978,45.62590436,7.61
landsat,2020-01-24,171/025,171,landsat-8,0.55,50.265705,46.228209705,0.55
landsat,2020-01-23,172/028,172,landsat-7,100.0,46.038785000000004,42.814018515,100.0
landsat,2020-01-23,172/027,172,landsat-7,89.0,47.46015,43.344363779999995,89.0
landsat,2020-01-23,172/026,172,landsat-7,76.0,48.878829999999994,43.9119541,76.0
landsat,2020-01-23,172/025,172,landsat-7,59.0,50.28903,44.506889435000005,59.0
landsat,2020-01-22,173/029,173,landsat-8,89.83,44.593895,40.934693409999994,89.83
landsat,2020-01-22,173/028,173,landsat-8,98.2,46.01518,41.451983659999996,98.2
landsat,2020-01-22,173/027,173,landsat-8,99.98,47.434685,41.99208894,99.98
landsat,2020-01-22,173/026,173,landsat-8,98.88,48.852255,42.48685444,98.88
landsat,2020-01-22,173/025,173,landsat-8,91.42,50.265874999999994,43.074444815,91.42
landsat,2020-01-21,174/028,174,landsat-7,100.0,46.04152,39.77080343,100.0
landsat,2020-01-21,174/027,174,landsat-7,100.0,47.462025,40.31091368,100.0
landsat,2020-01-21,174/026,174,landsat-7,100.0,48.876695,40.87528897,100.0
landsat,2020-01-21,174/025,174,landsat-7,100.0,50.29315,41.465114299999996,100.0
landsat,2020-01-20,175/028,175,landsat-8,38.02,46.016059999999996,38.32168876,32.45
landsat,2020-01-20,175/027,175,landsat-8,39.62,47.433195,38.86940405,45.51
landsat,2020-01-20,175/026,175,landsat-8,93.21,48.850465,39.44422437,93.21
landsat,2020-01-20,175/025,175,landsat-8,57.45,50.26594,40.045304715,57.45
landsat,2020-01-19,176/028,176,landsat-7,32.0,46.04076,36.635673499999996,49.0
landsat,2020-01-19,176/027,176,landsat-7,78.0,47.461615,37.168013805,87.0
landsat,2020-01-19,176/026,176,landsat-7,100.0,48.87842,37.726324090000006,100.0
landsat,2020-01-19,176/025,176,landsat-7,100.0,50.29361,38.32401945,100.0
landsat,2020-01-18,177/025,177,landsat-8,66.83,50.265600000000006,36.895474809999996,66.83
landsat,2020-01-16,171/028,171,landsat-7,85.0,46.039445,44.379748465000006,85.0
landsat,2020-01-16,171/027,171,landsat-7,76.0,47.458929999999995,44.92227375,76.0
landsat,2020-01-16,171/026,171,landsat-7,98.0,48.87325,45.489564045,98.0
landsat,2020-01-16,171/025,171,landsat-7,85.0,50.28984,46.084764355000004,85.0
landsat,2020-01-15,172/029,172,landsat-8,98.21,44.59464,42.42346851,98.21
landsat,2020-01-15,172/028,172,landsat-8,99.98,46.016595,42.93618379,99.98
landsat,2020-01-15,172/027,172,landsat-8,82.71,47.434785000000005,43.474419085,82.71
landsat,2020-01-15,172/026,172,landsat-8,79.18,48.85161,44.04870441,79.18
landsat,2020-01-15,172/025,172,landsat-8,66.52,50.2639,44.648399760000004,66.52
landsat,2020-01-14,173/028,173,landsat-7,92.0,46.04069,41.330053375000006,92.0
landsat,2020-01-14,173/027,173,landsat-7,16.0,47.462195,41.863088614999995,16.0
landsat,2020-01-14,173/026,173,landsat-7,100.0,48.875,42.35374413,100.0
landsat,2020-01-14,173/025,173,landsat-7,100.0,50.29054,42.937399495,100.0
landsat,2020-01-13,174/029,174,landsat-8,63.06,44.59482,39.37083845,71.52
landsat,2020-01-13,174/028,174,landsat-8,97.24,46.016295,39.89610371,97.48
landsat,2020-01-13,174/027,174,landsat-8,54.76,47.434835,40.446454,55.33
landsat,2020-01-13,174/026,174,landsat-8,19.41,48.851535,41.012454305,19.41
landsat,2020-01-13,174/025,174,landsat-8,79.88,50.266104999999996,41.603629645,79.88
landsat,2020-01-12,175/028,175,landsat-7,100.0,46.03843,38.200153470000004,100.0
landsat,2020-01-12,175/027,175,landsat-7,100.0,47.457385,38.741808754999994,100.0
landsat,2020-01-12,175/026,175,landsat-7,87.0,48.87781,39.310169040000005,87.0
landsat,2020-01-12,175/025,175,landsat-7,85.0,50.29384,39.90868938,85.0
landsat,2020-01-11,176/028,176,landsat-8,99.98,46.01609,36.759813789999995,100.0
landsat,2020-01-11,176/027,176,landsat-8,100.0,47.435105,37.295554085,100.0
landsat,2020-01-09,170/028,170,landsat-7,59.0,46.036215,45.958123425,59.0
landsat,2020-01-08,171/029,171,landsat-8,95.99,44.593835,43.981008485000004,95.99
landsat,2020-01-08,171/028,171,landsat-8,100.0,46.01557,44.50939375,100.0
landsat,2020-01-08,171/027,171,landsat-8,100.0,47.434565000000006,45.056169045000004,100.0
landsat,2020-01-08,171/026,171,landsat-8,100.0,48.84976,45.63008436,100.0
landsat,2020-01-08,171/025,171,landsat-8,73.77,50.26566,46.232514705,73.77
landsat,2020-01-07,172/028,172,landsat-7,100.0,46.038979999999995,42.823818505,100.0
landsat,2020-01-07,172/027,172,landsat-7,100.0,47.458965000000006,43.358473794999995,100.0
landsat,2020-01-07,172/026,172,landsat-7,100.0,48.873495000000005,43.9225091,100.0
landsat,2020-01-06,173/029,173,landsat-8,62.83,44.59518,40.938478405,62.83
landsat,2020-01-06,173/028,173,landsat-8,86.4,46.015100000000004,41.45585366,86.4
landsat,2020-01-06,173/027,173,landsat-8,87.07,47.43458,41.996068935,87.07
landsat,2020-01-06,173/026,173,landsat-8,98.96,48.850995,42.490959445,98.96
landsat,2020-01-06,173/025,173,landsat-8,100.0,50.26594,43.078654815,100.0
landsat,2020-01-05,174/028,174,landsat-7,31.0,46.036095,39.77467343,31.0
landsat,2020-01-05,174/027,174,landsat-7,64.0,47.459235,40.31691868,64.0
landsat,2020-01-05,174/026,174,landsat-7,94.0,48.87786,40.88373899,94.0
landsat,2020-01-04,175/028,175,landsat-8,2.59,46.016085000000004,38.32564376,0.7
landsat,2020-01-04,175/027,175,landsat-8,18.35,47.4332,38.87346405,21.39
landsat,2020-01-04,175/026,175,landsat-8,56.0,48.850449999999995,39.448399365,56.0
landsat,2020-01-04,175/025,175,landsat-8,84.44,50.26456,40.04960972,84.44
landsat,2020-01-03,176/028,176,landsat-7,62.0,46.0368,36.63959352,77.0
landsat,2020-01-03,176/027,176,landsat-7,81.0,47.457565,37.168298789999994,85.0
landsat,2020-01-03,176/026,176,landsat-7,100.0,48.875805,37.734599110000005,100.0
landsat,2020-01-02,177/025,177,landsat-8,84.94,50.26567,36.89967981,84.94
s2,2021-12-31,MGRS-37TDL,,sentinel-2b,98.571539,45.555848279985554,38.41655925323913,0.0
s2,2021-12-31,MGRS-37TDL,,sentinel-2b,99.942631,45.555848499999996,38.416559,0.0
s2,2021-12-31,MGRS-37TEL,,sentinel-2b,94.043335,45.55516155802344,39.709322690138876,0.0
s2,2021-12-31,MGRS-37TEL,,sentinel-2b,95.535117,45.5551615,39.7093225,0.0
s2,2021-12-31,MGRS-37TFL,,sentinel-2b,81.387989,45.54512917266506,40.94111512931301,19.863945
s2,2021-12-31,MGRS-37TFL,,sentinel-2b,82.838428,45.5458765,40.939318,20.126754
s2,2021-12-31,MGRS-37TDM,,sentinel-2b,99.999589,46.455948,38.416799,9.069094
s2,2021-12-31,MGRS-37TDM,,sentinel-2b,98.433447,46.455948091000295,38.416590193394406,8.68822
s2,2021-12-31,MGRS-37TEM,,sentinel-2b,94.124185,46.4552395980743,39.721122510119244,0.0
s2,2021-12-31,MGRS-37TEM,,sentinel-2b,99.995291,46.4552395,39.7211225,0.0
s2,2021-12-31,MGRS-37TGL,,sentinel-2b,99.91935,45.98798363501574,41.59686403970466,99.913603
s2,2021-12-31,MGRS-37TGL,,sentinel-2b,100.0,45.991876500000004,41.594532,99.933362
s2,2021-12-31,MGRS-37TFM,,sentinel-2b,99.329805,46.4419235,41.0230445,1.698326
s2,2021-12-31,MGRS-37TFM,,sentinel-2b,92.669767,46.44134807225157,41.02303425761262,1.607055
s2,2021-12-31,MGRS-37TGM,,sentinel-2b,79.672572,46.43759962725983,41.78949672707145,87.146848
s2,2021-12-31,MGRS-37TGM,,sentinel-2b,85.44628,46.441524,41.787002,87.400311
s2,2021-12-31,MGRS-37TDN,,sentinel-2b,97.113307,47.35730725981989,38.545856623066044,31.892762
s2,2021-12-31,MGRS-37TDN,,sentinel-2b,99.996126,47.3573395,38.549398499999995,32.350522
s2,2021-12-31,MGRS-37TEN,,sentinel-2b,88.034826,47.35517094361567,39.73350488611941,0.0
s2,2021-12-31,MGRS-37TEN,,sentinel-2b,99.980503,47.355171,39.733505,0.0
s2,2021-12-31,MGRS-37TFN,,sentinel-2b,78.482808,47.33927476175064,41.05736653787892,0.0
s2,2021-12-31,MGRS-37TFN,,sentinel-2b,99.958074,47.339275,41.0573665,0.0
s2,2021-12-31,MGRS-37TGN,,sentinel-2b,72.860272,47.32501599293905,42.0066565985304,63.59539
s2,2021-12-31,MGRS-37TGN,,sentinel-2b,99.779654,47.326038999999994,42.0047455,63.85805
s2,2021-12-31,MGRS-37UDP,,sentinel-2b,99.297696,48.257953083040334,38.71131314591749,55.326468
s2,2021-12-31,MGRS-37UDP,,sentinel-2b,99.99609,48.2579765,38.715049500000006,55.785561
s2,2021-12-31,MGRS-37UEP,,sentinel-2b,93.269209,48.25441590912898,39.746498560243026,0.0
s2,2021-12-31,MGRS-37UEP,,sentinel-2b,99.958754,48.254416,39.746499,0.0
s2,2021-12-31,MGRS-38TLT,,sentinel-2b,93.398338,47.75337231928032,42.36478842492944,99.626386
s2,2021-12-31,MGRS-38TLT,,sentinel-2b,99.77659,47.7560375,42.362052500000004,99.664366
s2,2021-12-31,MGRS-37UFP,,sentinel-2b,99.954331,48.2380145,41.093385,0.0
s2,2021-12-31,MGRS-37UFP,,sentinel-2b,84.151278,48.238014373183745,41.093384770106766,0.0
s2,2021-12-31,MGRS-37UGP,,sentinel-2b,70.398382,48.21856219881139,42.23243341084462,40.247992
s2,2021-12-31,MGRS-37UGP,,sentinel-2b,99.92767,48.219325,42.2304225,40.506148
s2,2021-12-31,MGRS-37UDQ,,sentinel-2b,98.957842,49.15856961874082,38.87939830648998,78.536659
s2,2021-12-31,MGRS-37UDQ,,sentinel-2b,99.999034,49.1585815,38.883201,78.992742
s2,2021-12-31,MGRS-38ULU,,sentinel-2b,63.060479,48.233245186404844,42.548909088381706,80.941725
s2,2021-12-31,MGRS-38ULU,,sentinel-2b,99.916708,48.233658,42.546870999999996,81.206048
s2,2021-12-31,MGRS-37UEQ,,sentinel-2b,93.180546,49.15405414747063,39.76015917225466,0.000328
s2,2021-12-31,MGRS-37UEQ,,sentinel-2b,99.99212,49.154054,39.7601595,0.007392
s2,2021-12-31,MGRS-37UFQ,,sentinel-2b,99.974328,49.1371295,41.1312415,0.0
s2,2021-12-31,MGRS-37UFQ,,sentinel-2b,82.316005,49.13712921999243,41.13124149469353,0.0
s2,2021-12-31,MGRS-37UGQ,,sentinel-2b,65.090647,49.11164614820474,42.464713319485995,17.113878
s2,2021-12-31,MGRS-37UGQ,,sentinel-2b,99.862778,49.112417,42.462806,17.378403
s2,2021-12-31,MGRS-38ULV,,sentinel-2b,99.799544,49.136649000000006,42.7361995,50.290155
s2,2021-12-31,MGRS-38ULV,,sentinel-2b,65.612637,49.1362329846078,42.738414766006116,50.019717
s2,2021-12-31,MGRS-37UER,,sentinel-2b,99.984574,50.0532615,39.775218,10.926274
s2,2021-12-31,MGRS-37UER,,sentinel-2b,81.015283,50.05327230797381,39.77452528211029,10.532855
s2,2021-12-31,MGRS-37UFR,,sentinel-2b,80.577283,50.036078817817135,41.171034934115724,0.0
s2,2021-12-31,MGRS-37UFR,,sentinel-2b,99.807817,50.036079,41.1710345,0.0
s2,2021-12-31,MGRS-37UGR,,sentinel-2b,99.941623,50.004538,42.564668999999995,0.972973
s2,2021-12-31,MGRS-37UGR,,sentinel-2b,62.322517,50.00375991736888,42.5646436719868,0.903033
s2,2021-12-31,MGRS-38ULA,,sentinel-2b,59.450489,50.03833230966097,42.93476383676476,19.14147
s2,2021-12-31,MGRS-38ULA,,sentinel-2b,99.928057,50.038757000000004,42.932577,19.405307
s2,2021-12-30,MGRS-37TGL,,sentinel-2a,58.623987,45.4957285,42.678491,68.477666
s2,2021-12-30,MGRS-37TGL,,sentinel-2a,58.339706,45.49576622791059,42.67747730610766,68.362057
s2,2021-12-30,MGRS-38TLR,,sentinel-2a,80.270284,45.5423254418942,43.15188192267285,7.452597
s2,2021-12-30,MGRS-38TLR,,sentinel-2a,80.542845,45.542325000000005,43.151979,7.538608
s2,2021-12-30,MGRS-38TMR,,sentinel-2a,99.987571,45.555848279985554,44.41655925323914,0.0
s2,2021-12-30,MGRS-38TMR,,sentinel-2a,100.0,45.555848499999996,44.416559,0.0
s2,2021-12-30,MGRS-37TGM,,sentinel-2a,99.935681,46.389641999999995,42.8640555,86.165649
s2,2021-12-30,MGRS-37TGM,,sentinel-2a,93.416824,46.389678676529684,42.863155114315305,86.050332
s2,2021-12-30,MGRS-38TLS,,sentinel-2a,99.979353,46.444734499999996,43.255483,31.545493
s2,2021-12-30,MGRS-38TLS,,sentinel-2a,94.689507,46.44471321030921,43.25445191093153,31.428868
s2,2021-12-30,MGRS-38TMS,,sentinel-2a,99.053057,46.455948091000295,44.40685319286824,0.0
s2,2021-12-30,MGRS-38TMS,,sentinel-2a,99.995619,46.455948,44.4068535,0.0
s2,2021-12-30,MGRS-38TLT,,sentinel-2a,74.782516,47.347727198305265,43.40428087397609,56.14078
s2,2021-12-30,MGRS-38TLT,,sentinel-2a,99.974203,47.347747999999996,43.405460500000004,56.259108
s2,2021-12-30,MGRS-38TMT,,sentinel-2a,68.399865,47.355901916875645,44.396667927714915,0.0
s2,2021-12-30,MGRS-38TMT,,sentinel-2a,99.961609,47.355902,44.396668,0.0
s2,2021-12-30,MGRS-38ULU,,sentinel-2a,99.784708,48.249674999999996,43.5582,80.794746
s2,2021-12-30,MGRS-38ULU,,sentinel-2a,56.986181,48.249659352797906,43.55713321023167,80.677837
s2,2021-12-30,MGRS-38UMU,,sentinel-2a,44.084955,48.25517010527129,44.38753465656352,0.173855
s2,2021-12-30,MGRS-38UMU,,sentinel-2a,99.910456,48.2551705,44.387595000000005,0.187757
s2,2021-12-30,MGRS-38UMV,,sentinel-2a,99.864078,49.154912499999995,44.3951935,14.180291
s2,2021-12-30,MGRS-38UMV,,sentinel-2a,85.762162,49.15489968306012,44.39410741466489,14.071031
s2,2021-12-30,MGRS-38UMA,,sentinel-2a,99.964303,50.056329000000005,44.569588,38.752672
s2,2021-12-30,MGRS-38UMA,,sentinel-2a,83.947709,50.0563227144841,44.56889664489025,38.667399
s2,2021-12-29,MGRS-37TDL,,sentinel-2a,81.699647,45.55585902386776,38.405929440615274,16.121161
s2,2021-12-29,MGRS-37TDL,,sentinel-2a,97.175223,45.55630912693338,38.40580015368275,16.148882
s2,2021-12-29,MGRS-37TEL,,sentinel-2a,79.211995,45.93058606607484,39.05297114017833,99.041116
s2,2021-12-29,MGRS-37TEL,,sentinel-2a,92.687351,45.930170682121336,39.05219508307022,99.049336
s2,2021-12-29,MGRS-37TDM,,sentinel-2a,99.810213,46.456397999713424,38.40685319286823,0.278397
s2,2021-12-29,MGRS-37TDM,,sentinel-2a,77.605754,46.455948091000295,38.40685319286823,0.274717
s2,2021-12-29,MGRS-37TEM,,sentinel-2a,65.960977,46.459620139771374,39.24611731564467,80.420601
s2,2021-12-29,MGRS-37TEM,,sentinel-2a,99.970919,46.46008039633807,39.245854505763404,80.446756
s2,2021-12-29,MGRS-37TDN,,sentinel-2a,85.298653,47.355901916875645,38.3966679277149,0.0
s2,2021-12-29,MGRS-37TDN,,sentinel-2a,99.915051,47.355901916875645,38.3966679277149,0.0
s2,2021-12-29,MGRS-37TEN,,sentinel-2a,99.883628,47.35996898454623,39.44495893523393,53.763962
s2,2021-12-29,MGRS-37TEN,,sentinel-2a,80.837996,47.35925065169004,39.445292998195434,53.734457
s2,2021-12-29,MGRS-37UDP,,sentinel-2a,99.953663,48.2551705,38.38598,0.0
s2,2021-12-29,MGRS-37UDP,,sentinel-2a,82.78976,48.25517010527129,38.385979812712094,0.0
s2,2021-12-29,MGRS-37UEP,,sentinel-2a,79.67667,48.25751216672247,39.65053117466992,27.26247
s2,2021-12-29,MGRS-37UEP,,sentinel-2a,99.942333,48.25823025227699,39.650327203286615,27.289486
s2,2021-12-29,MGRS-37UDQ,,sentinel-2a,99.93934,49.154832409103605,38.374743093986,0.0
s2,2021-12-29,MGRS-37UDQ,,sentinel-2a,88.66385,49.154832409103605,38.374743093986,0.0
s2,2021-12-29,MGRS-37UEQ,,sentinel-2a,97.364068,49.15542637167414,39.76015915197604,4.049423
s2,2021-12-29,MGRS-37UEQ,,sentinel-2a,99.998933,49.15596628708005,39.76015915197604,4.060255
s2,2021-12-29,MGRS-37UFQ,,sentinel-2a,99.887726,49.26337228278,40.54533219990286,91.232151
s2,2021-12-29,MGRS-37UFQ,,sentinel-2a,100.0,49.26273064128161,40.54414953736824,91.254556
s2,2021-12-29,MGRS-37UDR,,sentinel-2a,82.819255,50.05434932281744,38.362928063957725,0.0
s2,2021-12-29,MGRS-37UDR,,sentinel-2a,99.981725,50.05434932281744,38.362928063957725,0.0
s2,2021-12-29,MGRS-37UER,,sentinel-2a,99.994868,50.053546173350554,39.774522772452684,0.0
s2,2021-12-29,MGRS-37UER,,sentinel-2a,94.826919,50.053546173350554,39.774522772452684,0.0
s2,2021-12-29,MGRS-37UFR,,sentinel-2a,97.667047,50.04812469491586,40.77266329273394,65.729046
s2,2021-12-29,MGRS-37UFR,,sentinel-2a,99.996805,50.04910730273468,40.77246450186628,65.756249
s2,2021-12-28,MGRS-37TEL,,sentinel-2b,100.0,45.5520195,40.138657,72.945493
s2,2021-12-28,MGRS-37TEL,,sentinel-2b,99.999973,45.55205466134342,40.135228438713106,72.489858
s2,2021-12-28,MGRS-37TFL,,sentinel-2b,100.0,45.54022786979853,40.99030968579453,0.0
s2,2021-12-28,MGRS-37TFL,,sentinel-2b,99.98907,45.54022786979853,40.99030968579453,0.0
s2,2021-12-28,MGRS-37TGL,,sentinel-2b,99.996114,45.510976410545304,42.26901348910191,0.0
s2,2021-12-28,MGRS-37TGL,,sentinel-2b,99.995625,45.5109765,42.2690135,0.0
s2,2021-12-28,MGRS-38TLR,,sentinel-2b,99.999875,45.542775,43.132090000000005,1.428705
s2,2021-12-28,MGRS-38TLR,,sentinel-2b,99.973992,45.5423254418942,43.13217682350794,1.347438
s2,2021-12-28,MGRS-37TEM,,sentinel-2b,100.0,46.3384145,40.301575,93.088996
s2,2021-12-28,MGRS-37TEM,,sentinel-2b,99.955669,46.351097598156656,40.29934205370328,92.725843
s2,2021-12-28,MGRS-38TMR,,sentinel-2b,99.32751,45.55936307950631,43.92429186485801,84.753537
s2,2021-12-28,MGRS-38TMR,,sentinel-2b,100.0,45.562826,43.921836,85.015982
s2,2021-12-28,MGRS-37TFM,,sentinel-2b,99.999118,46.4385925,41.023034,4.222965
s2,2021-12-28,MGRS-37TFM,,sentinel-2b,98.663877,46.43863732927011,41.02303425761262,3.948713
s2,2021-12-28,MGRS-37TGM,,sentinel-2b,99.999404,46.4096545,42.322558,0.0
s2,2021-12-28,MGRS-37TGM,,sentinel-2b,97.39718,46.409654223673776,42.32255806075449,0.0
s2,2021-12-28,MGRS-38TLS,,sentinel-2b,99.99963,46.441997,43.1044725,0.0
s2,2021-12-28,MGRS-38TLS,,sentinel-2b,99.254127,46.44199651685744,43.10447289717486,0.0
s2,2021-12-28,MGRS-38TMS,,sentinel-2b,99.996352,46.455942,44.105345,56.966305
s2,2021-12-28,MGRS-38TMS,,sentinel-2b,90.993753,46.4555010753132,44.107578636588514,56.704372
s2,2021-12-28,MGRS-37TFN,,sentinel-2b,98.212818,47.33584493995325,41.13961343345394,22.58753
s2,2021-12-28,MGRS-37TFN,,sentinel-2b,99.998915,47.3357875,41.143023,23.042396
s2,2021-12-28,MGRS-37TGN,,sentinel-2b,99.991322,47.308139,42.3787265,0.0
s2,2021-12-28,MGRS-37TGN,,sentinel-2b,86.397625,47.30813919478231,42.37872682059947,0.0
s2,2021-12-28,MGRS-38TLT,,sentinel-2b,99.988496,47.3415075,43.072288,0.0
s2,2021-12-28,MGRS-38TLT,,sentinel-2b,74.373212,47.34150750986245,43.07228785963724,0.0
s2,2021-12-28,MGRS-38TMT,,sentinel-2b,78.984242,47.35592818486349,44.296242485440175,28.843448
s2,2021-12-28,MGRS-38TMT,,sentinel-2b,99.997395,47.356376999999995,44.294371,29.106975
s2,2021-12-28,MGRS-37UFP,,sentinel-2b,99.94961,48.231788,41.3301405,43.271384
s2,2021-12-28,MGRS-37UFP,,sentinel-2b,76.107773,48.23185429381175,41.32680672435409,42.814532
s2,2021-12-28,MGRS-37UGP,,sentinel-2b,99.850732,48.205889454825964,42.43764667004669,0.0
s2,2021-12-28,MGRS-37UGP,,sentinel-2b,60.301055,48.205889454825964,42.43764667004669,0.0
s2,2021-12-28,MGRS-38ULU,,sentinel-2b,57.264265,48.24031810254367,43.03852186223403,0.0
s2,2021-12-28,MGRS-38ULU,,sentinel-2b,99.863863,48.24031810254367,43.03852186223403,0.0
s2,2021-12-28,MGRS-38UMU,,sentinel-2b,96.488589,48.25561999999999,44.38598,4.486219
s2,2021-12-28,MGRS-38UMU,,sentinel-2b,61.818939,48.25517010527129,44.3859798127121,4.347388
s2,2021-12-28,MGRS-37UFQ,,sentinel-2b,99.888533,49.1275995,41.5219695,63.358438
s2,2021-12-28,MGRS-37UFQ,,sentinel-2b,84.645107,49.12768359987746,41.51857809710347,62.904871
s2,2021-12-28,MGRS-37UGQ,,sentinel-2b,92.419907,49.103979522758856,42.49956588053624,0.0
s2,2021-12-28,MGRS-37UGQ,,sentinel-2b,99.824685,49.1039795,42.499566,0.0
s2,2021-12-28,MGRS-38ULV,,sentinel-2b,95.167753,49.1395064724358,43.00303182220056,0.0
s2,2021-12-28,MGRS-38ULV,,sentinel-2b,99.994266,49.139506499999996,43.003031500000006,0.0
s2,2021-12-28,MGRS-38UMV,,sentinel-2b,57.903445,49.154832409103605,44.374743093986,0.0
s2,2021-12-28,MGRS-38UMV,,sentinel-2b,26.340292,49.154832409103605,44.374743093986,0.0
s2,2021-12-28,MGRS-37UFR,,sentinel-2b,99.99299,50.0227115,41.720523,83.09986
s2,2021-12-28,MGRS-37UFR,,sentinel-2b,87.013595,50.022794460324405,41.71720895676694,82.678878
s2,2021-12-28,MGRS-37UGR,,sentinel-2b,53.5055,50.0013955281177,42.5646436719868,0.133659
s2,2021-12-28,MGRS-37UGR,,sentinel-2b,98.157972,50.0013125,42.5646435,0.184681
s2,2021-12-28,MGRS-38ULA,,sentinel-2b,34.361329,50.038532267272885,42.965725565884355,0.0
s2,2021-12-28,MGRS-38ULA,,sentinel-2b,63.09188,50.0385325,42.965725500000005,0.0
s2,2021-12-28,MGRS-38UMA,,sentinel-2b,0.67306,50.05434932281744,44.36292806395774,3e-06
s2,2021-12-28,MGRS-38UMA,,sentinel-2b,10.046002,50.05434932281744,44.36292806395774,0.0
s2,2021-12-27,MGRS-37UDQ,,sentinel-2b,2.819441,49.1535408621776,37.914568124274254,76.661086
s2,2021-12-27,MGRS-37UDQ,,sentinel-2b,4.848044,49.153977499999996,37.9126285,76.925147
s2,2021-12-27,MGRS-37UDR,,sentinel-2b,0.153674,50.0545805,38.120382500000005,47.315857
s2,2021-12-27,MGRS-37UDR,,sentinel-2b,0.546023,50.054137980555545,38.1227111707275,47.054166
s2,2021-12-26,MGRS-37TDL,,sentinel-2a,77.91451,45.555848279985554,38.41655925323913,0.0
s2,2021-12-26,MGRS-37TDL,,sentinel-2a,99.99817,45.555848279985554,38.41655925323913,0.0
s2,2021-12-26,MGRS-37TEL,,sentinel-2a,75.748789,45.55516155802344,39.709322690138876,0.0
s2,2021-12-26,MGRS-37TEL,,sentinel-2a,99.580961,45.55516155802344,39.709322690138876,0.0
s2,2021-12-26,MGRS-37TFL,,sentinel-2a,96.823078,45.545173220746236,40.939308079826716,20.136118
s2,2021-12-26,MGRS-37TFL,,sentinel-2a,97.74344,45.54588860263641,40.93893092233546,20.165126
s2,2021-12-26,MGRS-37TDM,,sentinel-2a,94.298736,46.455948091000295,38.41655001141997,8.651932
s2,2021-12-26,MGRS-37TDM,,sentinel-2a,99.99969,46.455948091000295,38.41659634558758,8.746248
s2,2021-12-26,MGRS-37TEM,,sentinel-2a,99.999923,46.4552395980743,39.721122510119244,0.0
s2,2021-12-26,MGRS-37TEM,,sentinel-2a,76.901193,46.4552395980743,39.721122510119244,0.0
s2,2021-12-26,MGRS-37TGL,,sentinel-2a,99.999998,45.992810965553275,41.59521634821702,99.933362
s2,2021-12-26,MGRS-37TGL,,sentinel-2a,100.0,45.99243913512839,41.59417156867672,99.935365
s2,2021-12-26,MGRS-37TFM,,sentinel-2a,81.08605,46.441390172991106,41.02303425761262,1.703465
s2,2021-12-26,MGRS-37TFM,,sentinel-2a,99.879688,46.44210600621129,41.023044703874106,1.714218
s2,2021-12-26,MGRS-37TGM,,sentinel-2a,99.660812,46.44242602452205,41.787032734262105,87.467659
s2,2021-12-26,MGRS-37TGM,,sentinel-2a,99.99947,46.44207235951419,41.785847210284274,87.494177
s2,2021-12-26,MGRS-37TDN,,sentinel-2a,80.90089,47.357304876107435,38.54559402521821,31.786889
s2,2021-12-26,MGRS-37TDN,,sentinel-2a,99.844229,47.357314394332306,38.54664337993378,31.902406
s2,2021-12-26,MGRS-37TEN,,sentinel-2a,99.998581,47.35517094361567,39.73350488611941,0.0
s2,2021-12-26,MGRS-37TEN,,sentinel-2a,94.201637,47.35517094361567,39.73350488611941,0.0
s2,2021-12-26,MGRS-37TFN,,sentinel-2a,98.325881,47.33927476175064,41.05736653787892,0.0
s2,2021-12-26,MGRS-37TFN,,sentinel-2a,99.999982,47.33927476175064,41.05736653787892,0.0
s2,2021-12-26,MGRS-37TGN,,sentinel-2a,92.971222,47.3250887788454,42.00425678983845,63.928354
s2,2021-12-26,MGRS-37TGN,,sentinel-2a,99.999714,47.32606676930506,42.00394544242184,63.958234
s2,2021-12-26,MGRS-37UDP,,sentinel-2a,82.400935,48.25794564293112,38.71011272687083,55.208474
s2,2021-12-26,MGRS-37UDP,,sentinel-2a,99.983275,48.257951431941116,38.71104640034822,55.323768
s2,2021-12-26,MGRS-37UEP,,sentinel-2a,98.182483,48.25441590912898,39.746498560243026,0.0
s2,2021-12-26,MGRS-37UEP,,sentinel-2a,99.999428,48.25441590912898,39.746498560243026,0.0
s2,2021-12-26,MGRS-38TLT,,sentinel-2a,99.999999,47.75803378109813,42.36245267058635,99.673718
s2,2021-12-26,MGRS-38TLT,,sentinel-2a,100.0,47.75737188463165,42.36125182046516,99.677187
s2,2021-12-26,MGRS-37UFP,,sentinel-2a,99.999708,48.238014373183745,41.093384770106766,0.0
s2,2021-12-26,MGRS-37UFP,,sentinel-2a,99.948743,48.238014373183745,41.093384770106766,0.0
s2,2021-12-26,MGRS-37UGP,,sentinel-2a,99.999935,48.218630255949655,42.22972187125637,40.603933
s2,2021-12-26,MGRS-37UGP,,sentinel-2a,100.0,48.21934240660244,42.229609269814034,40.629196
s2,2021-12-26,MGRS-37UDQ,,sentinel-2a,99.995679,49.15857006567066,38.87953404886156,78.508407
s2,2021-12-26,MGRS-37UDQ,,sentinel-2a,95.617682,49.1585669693511,38.878583404085816,78.395176
s2,2021-12-26,MGRS-38ULU,,sentinel-2a,99.997285,48.23319490502382,42.54625921755327,81.30725
s2,2021-12-26,MGRS-38ULU,,sentinel-2a,100.0,48.2336416584236,42.54605541276552,81.332397
landsat,2021-12-31,176/027,176,landsat-8,100.0,47.435100000000006,37.293604085,99.99
landsat,2021-12-31,176/026,176,landsat-8,100.0,48.851405,37.86482941,100.0
landsat,2021-12-31,176/025,176,landsat-8,100.0,50.26465,38.465399770000005,100.0
landsat,2021-12-30,177/025,177,landsat-9,100.0,50.265164999999996,36.870229815,100.0
landsat,2021-12-28,171/028,171,landsat-8,100.0,46.01554,44.501493755,100.0
landsat,2021-12-28,171/026,171,landsat-8,6.36,48.851145,45.621759365,6.36
landsat,2021-12-28,171/025,171,landsat-8,2.02,50.265705,46.228209705,2.02
landsat,2021-12-27,172/029,172,landsat-9,99.99,44.595405,42.39701351,99.99
landsat,2021-12-27,172/028,172,landsat-9,100.0,46.01484,42.913033784999996,100.0
landsat,2021-12-27,172/027,172,landsat-9,92.3,47.434484999999995,43.448114075,92.3
landsat,2021-12-27,172/026,172,landsat-9,26.69,48.85138,44.021549405,26.69
landsat,2021-12-27,172/025,172,landsat-9,0.1,50.263835,44.622569760000005,0.1
landsat,2021-12-26,173/029,173,landsat-8,58.43,44.595365,40.927143404999995,58.43
landsat,2021-12-26,173/028,173,landsat-8,99.9,46.01534,41.444243665,99.9
landsat,2021-12-26,173/027,173,landsat-8,100.0,47.434884999999994,41.98414894,100.0
landsat,2021-12-26,173/026,173,landsat-8,99.92,48.852154999999996,42.48076444,99.92
landsat,2021-12-26,173/025,173,landsat-8,74.21,50.265744999999995,43.066034814999995,74.21
landsat,2021-12-25,174/029,174,landsat-9,86.48,44.593565,39.341953445,87.17
landsat,2021-12-25,174/028,174,landsat-9,99.96,46.01514,39.86840871,99.96
landsat,2021-12-25,174/027,174,landsat-9,100.0,47.43381,40.417968995,100.0
landsat,2021-12-25,174/026,174,landsat-9,100.0,48.852,40.985849305,100.0
landsat,2021-12-25,174/025,174,landsat-9,100.0,50.265294999999995,41.578274640000004,100.0
landsat,2021-12-24,175/028,175,landsat-8,29.04,46.016000000000005,38.309843755,31.47
landsat,2021-12-24,175/027,175,landsat-8,18.7,47.43316,38.859254050000004,19.5
landsat,2021-12-24,175/026,175,landsat-8,0.05,48.85047,39.433779369999996,0.05
landsat,2021-12-24,175/025,175,landsat-8,0.15,50.26466,40.03669472,0.15
landsat,2021-12-23,176/028,176,landsat-9,68.87,46.015575,36.732703785,49.07
landsat,2021-12-23,176/027,176,landsat-9,26.38,47.434709999999995,37.267714084999994,24.84
landsat,2021-12-23,176/026,176,landsat-9,15.14,48.85119,37.837669410000004,15.14
landsat,2021-12-23,176/025,176,landsat-9,0.36,50.26455,38.43956977,0.36
landsat,2021-12-22,177/025,177,landsat-8,16.76,50.265384999999995,36.88285481,16.76
landsat,2021-12-20,171/029,171,landsat-9,95.69,44.595005,43.95598348,95.69
landsat,2021-12-20,171/028,171,landsat-9,99.94,46.014115000000004,44.48176375,99.94
landsat,2021-12-20,171/027,171,landsat-9,99.95,47.43324,45.02977404,99.95
landsat,2021-12-20,171/026,171,landsat-9,99.9,48.851225,45.605019354999996,99.9
landsat,2021-12-20,171/025,171,landsat-9,97.78,50.264555,46.206619700000005,97.78
landsat,2021-12-19,172/029,172,landsat-8,62.57,44.59574,42.412043515,62.57
landsat,2021-12-19,172/028,172,landsat-8,82.89,46.016405,42.92646879,82.89
landsat,2021-12-19,172/027,172,landsat-8,95.46,47.434685,43.464269085,95.46
landsat,2021-12-19,172/026,172,landsat-8,99.96,48.850155,44.038259415,99.96
landsat,2021-12-19,172/025,172,landsat-8,99.94,50.26388,44.63978976,99.94
landsat,2021-12-18,173/029,173,landsat-9,77.3,44.594255000000004,40.913808405,77.3
landsat,2021-12-18,173/028,173,landsat-9,92.13,46.01558,41.432623664999994,92.13
landsat,2021-12-18,173/027,173,landsat-9,92.54,47.43518,41.97213893,92.54
landsat,2021-12-18,173/026,173,landsat-9,99.95,48.8519,42.468509444999995,99.95
landsat,2021-12-18,173/025,173,landsat-9,61.04,50.26554,43.0535098,61.04
landsat,2021-12-17,174/029,174,landsat-8,99.61,44.59486,39.35543845,100.0
landsat,2021-12-17,174/026,174,landsat-8,99.95,48.85174,41.000189305,99.95
landsat,2021-12-17,174/025,174,landsat-8,78.53,50.266305,41.593154645,78.53
landsat,2021-12-16,175/028,175,landsat-9,42.73,46.014610000000005,38.30197375,40.48
landsat,2021-12-16,175/027,175,landsat-9,94.41,47.434529999999995,38.849104045000004,94.11
landsat,2021-12-16,175/026,175,landsat-9,100.0,48.850530000000006,39.423309355,100.0
landsat,2021-12-16,175/025,175,landsat-9,100.0,50.26473,40.028029705,100.0
landsat,2021-12-15,176/028,176,landsat-8,100.0,46.015795,36.744323785,100.0
landsat,2021-12-15,176/027,176,landsat-8,100.0,47.434934999999996,37.281669085000004,100.0
landsat,2021-12-15,176/026,176,landsat-8,100.0,48.84995000000001,37.852294415,100.0
landsat,2021-12-15,176/025,176,landsat-8,100.0,50.2646,38.45248477,100.0
landsat,2021-12-14,177/025,177,landsat-9,61.69,50.265164999999996,36.870229815,61.69
landsat,2021-12-12,171/029,171,landsat-8,100.0,44.59371,43.965608485000004,100.0
landsat,2021-12-12,171/027,171,landsat-8,67.39,47.43324,45.03789404,67.39
landsat,2021-12-12,171/026,171,landsat-8,26.03,48.851185,45.613409364999995,26.03
landsat,2021-12-11,172/029,172,landsat-9,67.99,44.595240000000004,42.389463504999995,67.99
landsat,2021-12-11,172/028,172,landsat-9,100.0,46.016055,42.90527878,100.0
landsat,2021-12-11,172/027,172,landsat-9,97.3,47.43438,43.439994075,97.3
landsat,2021-12-11,172/026,172,landsat-9,97.41,48.851315,44.013194405,97.41
landsat,2021-12-11,172/025,172,landsat-9,100.0,50.26381,44.61395476,100.0
landsat,2021-12-10,173/029,173,landsat-8,24.54,44.594139999999996,40.919578415000004,24.54
landsat,2021-12-10,173/028,173,landsat-8,81.68,46.015505,41.436498665,81.68
landsat,2021-12-10,173/027,173,landsat-8,96.03,47.435010000000005,41.978218940000005,96.03
landsat,2021-12-10,173/026,173,landsat-8,95.64,48.850655,42.474619450000006,95.64
landsat,2021-12-10,173/025,173,landsat-8,100.0,50.265615,43.059674814999994,100.0
landsat,2021-12-09,174/029,174,landsat-9,91.87,44.59357,39.328478445,90.39
landsat,2021-12-09,174/028,174,landsat-9,89.77,46.015245,39.85260871,89.74
landsat,2021-12-09,174/027,174,landsat-9,99.94,47.433994999999996,40.401738995,99.94
landsat,2021-12-09,174/026,174,landsat-9,100.0,48.852205,40.971579305,100.0
landsat,2021-12-09,174/025,174,landsat-9,100.0,50.26558,41.563594640000005,100.0
landsat,2021-12-08,175/028,175,landsat-8,71.98,46.01598,38.305888755,58.01
landsat,2021-12-08,175/027,175,landsat-8,89.75,47.433184999999995,38.853164050000004,89.97
landsat,2021-12-08,175/026,175,landsat-8,99.97,48.85052,39.427509369999996,99.97
landsat,2021-12-08,175/025,175,landsat-8,100.0,50.266045000000005,40.032389710000004,100.0
landsat,2021-12-07,176/028,176,landsat-9,46.11,46.0152,36.713343785,46.13
landsat,2021-12-07,176/027,176,landsat-9,94.13,47.434425,37.247829085000006,97.06
landsat,2021-12-07,176/026,176,landsat-9,100.0,48.850989999999996,37.81887441,100.0
landsat,2021-12-07,176/025,176,landsat-9,100.0,50.26446,38.41803977,100.0
landsat,2021-12-06,177/025,177,landsat-8,100.0,50.265384999999995,36.88285481,100.0
landsat,2021-12-04,171/029,171,landsat-9,33.03,44.59473,43.927113485,33.03
landsat,2021-12-04,171/028,171,landsat-9,69.21,46.015335,44.450133754999996,69.21
landsat,2021-12-04,171/027,171,landsat-9,97.09,47.433229999999995,45.00135904,97.09
landsat,2021-12-04,171/026,171,landsat-9,100.0,48.849985000000004,45.57368936,100.0
landsat,2021-12-04,171/025,171,landsat-9,100.0,50.26484000000001,46.1764997,100.0
landsat,2021-12-03,172/029,172,landsat-8,39.27,44.59574,42.412043515,39.27
landsat,2021-12-03,172/028,172,landsat-8,30.27,46.016465,42.92843879,30.27
landsat,2021-12-03,172/027,172,landsat-8,49.46,47.434685,43.464269085,49.46
landsat,2021-12-03,172/026,172,landsat-8,91.08,48.850155,44.038259415,91.08
landsat,2021-12-03,172/025,172,landsat-8,99.99,50.26388,44.63978976,99.99
landsat,2021-12-01,174/029,174,landsat-8,28.83,44.59485,39.35928845,32.77
landsat,2021-12-01,174/028,174,landsat-8,41.13,46.015029999999996,39.884253720000004,41.26
landsat,2021-12-01,174/027,174,landsat-8,56.82,47.434975,40.434273995,57.63
landsat,2021-12-01,174/026,174,landsat-8,90.94,48.85167,41.004279305,90.94
landsat,2021-12-01,174/025,174,landsat-8,94.72,50.266284999999996,41.595214645,94.72
landsat,2021-11-29,176/028,176,landsat-8,53.4,46.01587,36.748198785,47.82
landsat,2021-11-29,176/027,176,landsat-8,90.78,47.434995,37.285654085000004,92.12
landsat,2021-11-29,176/026,176,landsat-8,70.29,48.851335,37.85646941,70.29
landsat,2021-11-29,176/025,176,landsat-8,88.58,50.26462,38.45678977,88.58
landsat,2021-11-26,171/029,171,landsat-8,95.83,44.59374,43.969458485000004,95.83
landsat,2021-11-26,171/028,171,landsat-8,60.76,46.015525,44.497543755,60.76
landsat,2021-11-26,171/027,171,landsat-8,4.37,47.433245,45.04601404,4.37
landsat,2021-11-26,171/026,171,landsat-8,0.78,48.851124999999996,45.619669365,0.78
landsat,2021-11-26,171/025,171,landsat-8,3.35,50.265745,46.223904705,3.35
landsat,2021-11-24,173/029,173,landsat-8,98.34,44.594015,40.927133409999996,98.34
landsat,2021-11-24,173/028,173,landsat-8,94.05,46.015325000000004,41.446143665,94.05
landsat,2021-11-24,173/027,173,landsat-8,72.9,47.43481,41.98616894,72.9
landsat,2021-11-24,173/026,173,landsat-8,44.2,48.85217,42.48276944,44.2
landsat,2021-11-24,173/025,173,landsat-8,11.99,50.265805,43.070234815,11.99
landsat,2021-11-23,174/029,174,landsat-7,38.0,44.630445,39.166653175,42.0
landsat,2021-11-22,175/028,175,landsat-8,17.66,46.016040000000004,38.31773876,13.74
landsat,2021-11-22,175/027,175,landsat-8,88.02,47.433195,38.86534405,89.74
landsat,2021-11-22,175/026,175,landsat-8,89.99,48.850480000000005,39.44004437,89.99
landsat,2021-11-22,175/025,175,landsat-8,81.76,50.26594,40.045304715,81.76
landsat,2021-11-22,171/029,171,landsat-9,13.03,44.594575,43.749978490000004,13.03
landsat,2021-11-22,171/028,171,landsat-9,32.68,46.01464,44.276288750000006,32.68
landsat,2021-11-22,171/027,171,landsat-9,67.56,47.4347,44.822709044999996,67.56
landsat,2021-11-22,171/026,171,landsat-9,36.68,48.852175,45.398279365,36.68
landsat,2021-11-22,171/025,171,landsat-9,62.55,50.265155,46.000064705,62.55
landsat,2021-11-21,176/028,176,landsat-7,12.0,46.053815,36.54959352,3.0
landsat,2021-11-21,176/027,176,landsat-7,20.0,47.473675,37.078143785,23.0
landsat,2021-11-21,176/026,176,landsat-7,63.0,48.89358,37.63392911,63.0
landsat,2021-11-20,177/025,177,landsat-8,67.36,50.265600000000006,36.895474809999996,67.36
landsat,2021-11-20,174/029,174,landsat-9,41.69,44.594030000000004,39.07827846,42.06
landsat,2021-11-20,174/028,174,landsat-9,71.27,46.014105,39.60376372,70.91
landsat,2021-11-20,174/027,174,landsat-9,97.45,47.433985,40.154204005,97.37
landsat,2021-11-20,174/026,174,landsat-9,100.0,48.85206,40.725954310000006,100.0
landsat,2021-11-20,174/025,174,landsat-9,70.39,50.26535,41.317069655,70.39
landsat,2021-11-18,171/028,171,landsat-7,5.0,46.048375,44.288803474999995,5.0
landsat,2021-11-18,171/027,171,landsat-7,4.0,47.46964,44.82695373,4.0
landsat,2021-11-18,171/026,171,landsat-7,62.0,48.888369999999995,45.391624045,62.0
landsat,2021-11-18,171/025,171,landsat-7,100.0,50.30144,45.979739370000004,100.0
landsat,2021-11-17,172/029,172,landsat-8,0.07,44.59607,42.427148515,0.07
landsat,2021-11-17,172/028,172,landsat-8,0.06,46.015315,42.940148785,0.06
landsat,2021-11-17,172/027,172,landsat-8,0.09,47.43483500000001,43.478479085000004,0.09
landsat,2021-11-17,172/026,172,landsat-8,0.09,48.850295,44.052884415,0.09
landsat,2021-11-17,172/025,172,landsat-8,27.6,50.263945,44.654854760000006,27.6
landsat,2021-11-17,171/029,171,landsat-9,0.13,44.59814,42.13161849,0.13
landsat,2021-11-16,173/029,173,landsat-7,9.0,44.62957,40.730843144999994,9.0
landsat,2021-11-16,173/028,173,landsat-7,2.0,46.053205,41.23932836,2.0
landsat,2021-11-16,173/027,173,landsat-7,4.0,47.475125,41.77042863,4.0
landsat,2021-11-16,173/026,173,landsat-7,18.0,48.890325000000004,42.256544145,18.0
landsat,2021-11-16,173/025,173,landsat-7,52.0,50.30617,42.831449475,52.0
landsat,2021-11-15,174/029,174,landsat-8,60.4,44.59348,39.366993455,68.46
landsat,2021-11-15,174/028,174,landsat-8,52.62,46.016335,39.894128714999994,52.78
landsat,2021-11-15,174/027,174,landsat-8,44.54,47.43488,40.444424,45.15
landsat,2021-11-15,174/026,174,landsat-8,66.15,48.851535,41.012454305,66.15
landsat,2021-11-15,174/025,174,landsat-8,93.55,50.266104999999996,41.603629645,93.55
landsat,2021-11-14,175/028,175,landsat-7,12.0,46.05394,38.105133480000006,7.0
landsat,2021-11-14,175/027,175,landsat-7,3.0,47.47064,38.64235376,3.0
landsat,2021-11-14,175/026,175,landsat-7,38.0,48.888705,39.20590404,38.0
landsat,2021-11-14,175/025,175,landsat-7,83.0,50.30668,39.794944380000004,83.0
landsat,2021-11-13,177/026,177,landsat-9,0.1,48.852325,36.546504435,0.1
landsat,2021-11-13,177/025,177,landsat-9,1.9,50.265605,37.131769795,1.9
landsat,2021-11-13,176/028,176,landsat-8,9.97,46.01594,36.752068785,7.73
landsat,2021-11-13,176/027,176,landsat-8,0.47,47.435050000000004,37.289629085,0.56
landsat,2021-11-13,176/026,176,landsat-8,0.2,48.85137,37.86064441,0.2
landsat,2021-11-13,176/025,176,landsat-8,0.87,50.26463,38.46108977,0.87
landsat,2021-11-12,170/029,170,landsat-9,13.74,44.59401,44.94931846,13.74
landsat,2021-11-12,170/028,170,landsat-9,72.33,46.01593,45.473423725,72.33
landsat,2021-11-12,170/027,170,landsat-9,99.97,47.435050000000004,46.024324005,99.97
landsat,2021-11-12,177/025,177,landsat-7,3.0,50.305440000000004,36.647949499999996,3.0
landsat,2021-11-11,170/029,170,landsat-7,71.0,44.630174999999994,45.341633175,71.0
landsat,2021-11-11,170/028,170,landsat-7,98.0,46.049045,45.85567841,98.0
landsat,2021-11-10,173/029,173,landsat-9,88.6,44.594635,40.275283425,89.95
landsat,2021-11-10,173/028,173,landsat-9,95.04,46.01484,40.795033685,95.04
landsat,2021-11-10,173/027,173,landsat-9,98.31,47.43466,41.335603965000004,98.31
landsat,2021-11-10,173/026,173,landsat-9,99.93,48.85159,41.83236445,99.93
landsat,2021-11-10,173/025,173,landsat-9,99.96,50.264579999999995,42.41768982,99.96
landsat,2021-11-10,171/029,171,landsat-8,99.99,44.59375,43.967533485000004,99.99
landsat,2021-11-10,171/028,171,landsat-8,97.25,46.01551,44.493588755,97.25
landsat,2021-11-10,171/027,171,landsat-8,99.94,47.43459,45.041959045,99.94
landsat,2021-11-10,171/026,171,landsat-8,100.0,48.84982,45.61754936,100.0
landsat,2021-11-10,171/025,171,landsat-8,99.93,50.26578,46.21959971,99.93
landsat,2021-11-09,172/029,172,landsat-7,94.0,44.631905,42.21644826,94.0
landsat,2021-11-09,172/028,172,landsat-7,69.0,46.05046,42.718503515,69.0
landsat,2021-11-09,172/027,172,landsat-7,100.0,47.472229999999996,43.24553378,100.0
landsat,2021-11-09,172/026,172,landsat-7,100.0,48.891329999999996,43.805209105,100.0
landsat,2021-11-09,172/025,172,landsat-7,100.0,50.307435,44.39702443,100.0
landsat,2021-11-08,176/027,176,landsat-9,95.46,47.434985,36.577324095,97.04
landsat,2021-11-08,176/026,176,landsat-9,100.0,48.85217,37.137879420000004,100.0
landsat,2021-11-08,176/025,176,landsat-9,99.99,50.265074999999996,37.73328979,99.99
landsat,2021-11-07,174/029,174,landsat-7,87.0,44.630455,39.155118175,88.0
landsat,2021-11-07,174/028,174,landsat-7,72.0,46.05282,39.672293429999996,73.0
landsat,2021-11-07,174/027,174,landsat-7,4.0,47.46974,40.2098287,4.0
landsat,2021-11-07,174/026,174,landsat-7,13.0,48.890305,40.771513965,13.0
landsat,2021-11-07,174/025,174,landsat-7,18.0,50.30747,41.354209305,18.0
landsat,2021-11-06,175/028,175,landsat-8,82.36,46.01598,38.305888755,75.05
landsat,2021-11-06,175/027,175,landsat-8,100.0,47.433184999999995,38.853164050000004,100.0
landsat,2021-11-06,175/026,175,landsat-8,99.99,48.85052,39.427509369999996,99.99
landsat,2021-11-06,175/025,175,landsat-8,100.0,50.264695,40.03238972,100.0
landsat,2021-11-05,173/029,173,landsat-9,2.99,44.595060000000004,40.870273409999996,2.99
landsat,2021-11-05,173/028,173,landsat-9,51.55,46.01659,41.38982866,51.55
landsat,2021-11-05,173/027,173,landsat-9,100.0,47.435,41.930208934999996,100.0
landsat,2021-11-05,173/026,173,landsat-9,100.0,48.85112,42.425809439999995,100.0
landsat,2021-11-05,173/025,173,landsat-9,99.92,50.265045,43.013759805,99.92
landsat,2021-11-05,176/028,176,landsat-7,31.0,46.05094,36.54006352,47.0
landsat,2021-11-05,176/027,176,landsat-7,57.0,47.472139999999996,37.06621879,61.0
landsat,2021-11-05,176/026,176,landsat-7,61.0,48.890745,37.62148411,61.0
landsat,2021-11-05,176/025,176,landsat-7,100.0,50.303735,38.20986445,100.0
landsat,2021-11-04,177/025,177,landsat-8,100.0,50.26531,36.87864981,100.0
landsat,2021-11-02,171/029,171,landsat-7,96.0,44.629815,43.766473225,96.0
landsat,2021-11-02,171/028,171,landsat-7,50.0,46.052414999999996,44.28288346,50.0
landsat,2021-11-02,171/027,171,landsat-7,30.0,47.47368,44.818813745,30.0
landsat,2021-11-02,171/026,171,landsat-7,18.0,48.88974,45.38329905,18.0
landsat,2021-11-02,171/025,171,landsat-7,15.0,50.305505,45.973294355,15.0
landsat,2021-10-31,173/029,173,landsat-7,6.0,44.628330000000005,40.723203139999995,6.0
landsat,2021-10-31,173/028,173,landsat-7,21.0,46.052005,41.231563365,21.0
landsat,2021-10-31,173/027,173,landsat-7,0.0,47.47404,41.760423634999995,0.0
landsat,2021-10-31,173/026,173,landsat-7,0.0,48.890135,42.248364145,0.0
landsat,2021-10-31,173/025,173,landsat-7,0.0,50.30609,42.825169474999996,0.0
landsat,2021-10-30,174/029,174,landsat-8,5.87,44.59488,39.34773845,6.94
landsat,2021-10-30,174/028,174,landsat-8,11.62,46.015119999999996,39.874378719999996,11.66
landsat,2021-10-30,174/027,174,landsat-8,14.42,47.435069999999996,40.426164,14.63
landsat,2021-10-30,174/026,174,landsat-8,1.03,48.851875,40.99201431,1.03
landsat,2021-10-30,174/025,174,landsat-8,0.89,50.266485,41.584749645,0.89
landsat,2021-10-29,175/028,175,landsat-7,75.0,46.048485,38.09732848,85.0
landsat,2021-10-29,175/027,175,landsat-7,38.0,47.470655,38.636308740000004,44.0
landsat,2021-10-29,175/026,175,landsat-7,79.0,48.89007,39.197579055,79.0
landsat,2021-10-29,175/025,175,landsat-7,76.0,50.30269,39.786294385000005,76.0
landsat,2021-10-28,176/028,176,landsat-8,2.37,46.016994999999994,36.73648379,9.24
landsat,2021-10-28,176/027,176,landsat-8,70.09,47.43347,37.27371909,82.9
landsat,2021-10-28,176/026,176,landsat-8,96.27,48.849869999999996,37.843939414999994,96.27
landsat,2021-10-28,176/025,176,landsat-8,98.19,50.264565,38.44386977,98.19
landsat,2021-10-27,177/025,177,landsat-7,1.0,50.30535999999999,36.643739495000005,1.0
landsat,2021-10-26,170/029,170,landsat-7,13.0,44.630179999999996,45.337808179999996,13.0
landsat,2021-10-26,170/028,170,landsat-7,77.0,46.053135,45.853753409999996,77.0
landsat,2021-10-25,171/029,171,landsat-8,98.81,44.593655,43.955983485000004,98.81
landsat,2021-10-25,171/028,171,landsat-8,90.9,46.015465,44.481738755,90.9
landsat,2021-10-25,171/027,171,landsat-8,43.72,47.43459,45.029779045,43.72
landsat,2021-10-25,171/026,171,landsat-8,32.08,48.85122,45.605054365,32.08
landsat,2021-10-25,171/025,171,landsat-8,77.72,50.26456,46.206689714999996,77.72
landsat,2021-10-24,172/029,172,landsat-7,96.0,44.63055,42.21663325,96.0
landsat,2021-10-24,172/028,172,landsat-7,100.0,46.05181,42.718403519999995,100.0
landsat,2021-10-24,172/027,172,landsat-7,84.0,47.47493,43.24544378,84.0
landsat,2021-10-24,172/026,172,landsat-7,60.0,48.887235000000004,43.803324090000004,60.0
landsat,2021-10-24,172/025,172,landsat-7,4.0,50.304765,44.394874439999995,4.0
landsat,2021-10-23,173/029,173,landsat-8,0.36,44.594260000000006,40.912023415,0.36
landsat,2021-10-23,173/028,173,landsat-8,32.7,46.015645,41.430653664999994,32.7
landsat,2021-10-23,173/027,173,landsat-8,85.95,47.43521,41.97027394,85.95
landsat,2021-10-23,173/026,173,landsat-8,81.11,48.85183,42.466429445,81.11
landsat,2021-10-23,173/025,173,landsat-8,64.78,50.265545,43.053409810000005,64.78
landsat,2021-10-22,174/029,174,landsat-7,3.0,44.6318,39.15897819,3.0
landsat,2021-10-22,174/028,174,landsat-7,0.0,46.051469999999995,39.672258424999995,0.0
landsat,2021-10-22,174/027,174,landsat-7,4.0,47.473745,40.213883685,4.0
landsat,2021-10-22,174/026,174,landsat-7,32.0,48.89295,40.775893995000004,32.0
landsat,2021-10-22,174/025,174,landsat-7,84.0,50.31015,41.356304295,84.0
landsat,2021-10-21,175/028,175,landsat-8,1.24,46.01593,38.297988755,1.39
landsat,2021-10-21,175/027,175,landsat-8,5.62,47.43318,38.84910405,6.4
landsat,2021-10-21,175/026,175,landsat-8,19.39,48.85053,39.42333937,19.39
landsat,2021-10-21,175/025,175,landsat-8,51.94,50.264714999999995,40.02592972,51.94
landsat,2021-10-20,176/028,176,landsat-7,0.0,46.0523,36.542033505,2.0
landsat,2021-10-20,176/027,176,landsat-7,0.0,47.47355,37.068143795,0.0
landsat,2021-10-20,176/026,176,landsat-7,5.0,48.888095,37.625734109999996,5.0
landsat,2021-10-20,176/025,176,landsat-7,16.0,50.30511,38.214214435,16.0
landsat,2021-10-19,177/025,177,landsat-8,19.58,50.265240000000006,36.874439815,19.58
landsat,2021-10-17,171/029,171,landsat-7,28.0,44.629850000000005,43.770323225,28.0
landsat,2021-10-17,171/028,171,landsat-7,78.0,46.052435,44.28682846,78.0
landsat,2021-10-17,171/027,171,landsat-7,73.0,47.469635,44.822893730000004,73.0
landsat,2021-10-17,171/026,171,landsat-7,100.0,48.88973,45.38746905,100.0
landsat,2021-10-17,171/025,171,landsat-7,100.0,50.30547,45.977589355,100.0
landsat,2021-10-16,172/029,172,landsat-8,8.75,44.595575,42.40449352,8.75
landsat,2021-10-16,172/028,172,landsat-8,35.91,46.01626,42.91681879,35.91
landsat,2021-10-16,172/027,172,landsat-8,40.72,47.434585,43.456149085,40.72
landsat,2021-10-16,172/026,172,landsat-8,62.44,48.850094999999996,44.02990441,62.44
landsat,2021-10-16,172/025,172,landsat-8,3.16,50.265209999999996,44.63115977,3.16
landsat,2021-10-15,173/029,173,landsat-7,16.0,44.630915,40.728913129999995,16.0
landsat,2021-10-15,173/028,173,landsat-7,25.0,46.05058,41.23533836,25.0
landsat,2021-10-15,173/027,173,landsat-7,93.0,47.47116,41.76823363,93.0
landsat,2021-10-15,173/026,173,landsat-7,78.0,48.891670000000005,42.256619130000004,78.0
landsat,2021-10-15,173/025,173,landsat-7,96.0,50.303470000000004,42.829509475,96.0
landsat,2021-10-14,174/029,174,landsat-8,29.33,44.59488,39.34773845,29.24
landsat,2021-10-14,174/028,174,landsat-8,45.73,46.01643,39.876348715,45.55
landsat,2021-10-14,174/027,174,landsat-8,72.81,47.435069999999996,40.426164,72.4
landsat,2021-10-14,174/026,174,landsat-8,98.35,48.85053,40.992004315,98.35
landsat,2021-10-14,174/025,174,landsat-8,98.67,50.266485,41.584749645,98.67
landsat,2021-10-13,175/028,175,landsat-7,86.0,46.049890000000005,38.105268464999995,88.0
landsat,2021-10-13,175/027,175,landsat-7,89.0,47.47064,38.64235376,92.0
landsat,2021-10-13,175/026,175,landsat-7,100.0,48.890055000000004,39.205904035,100.0
landsat,2021-10-13,175/025,175,landsat-7,81.0,50.30398,39.794854365,81.0
landsat,2021-10-12,176/028,176,landsat-8,61.58,46.017070000000004,36.74035379,42.89
landsat,2021-10-12,176/027,176,landsat-8,25.47,47.433475,37.27566909,26.96
landsat,2021-10-12,176/026,176,landsat-8,59.37,48.849914999999996,37.846024415,59.37
landsat,2021-10-12,176/025,176,landsat-8,86.71,50.264579999999995,38.44817477,86.71
landsat,2021-10-11,177/025,177,landsat-7,23.0,50.30552,36.652264485,23.0
landsat,2021-10-09,171/029,171,landsat-8,30.2,44.593675000000005,43.961758485000004,30.2
landsat,2021-10-09,171/028,171,landsat-8,13.63,46.015474999999995,44.485688755,13.63
landsat,2021-10-09,171/027,171,landsat-8,0.35,47.43459,45.037899045,0.35
landsat,2021-10-09,171/026,171,landsat-8,0.19,48.851165,45.611319365,0.19
landsat,2021-10-09,171/025,171,landsat-8,0.01,50.265825,46.21529971,0.01
landsat,2021-10-08,172/028,172,landsat-7,0.0,46.053444999999996,42.731988515,0.0
landsat,2021-10-08,172/027,172,landsat-7,0.0,47.468305,43.255453795,0.0
landsat,2021-10-08,172/026,172,landsat-7,0.0,48.887395,43.81792909,0.0
landsat,2021-10-08,172/025,172,landsat-7,0.0,50.30482,44.40777944,0.0
landsat,2021-10-07,173/029,173,landsat-8,28.99,44.594139999999996,40.919578415000004,28.99
landsat,2021-10-07,173/028,173,landsat-8,30.59,46.015505,41.436498665,30.59
landsat,2021-10-07,173/027,173,landsat-8,1.04,47.435010000000005,41.978218940000005,1.04
landsat,2021-10-07,173/026,173,landsat-8,3.25,48.850655,42.474619450000006,3.25
landsat,2021-10-07,173/025,173,landsat-8,1.11,50.26568,43.061824814999994,1.11
landsat,2021-10-06,174/029,174,landsat-7,64.0,44.63044,39.170498175,76.0
landsat,2021-10-06,174/028,174,landsat-7,29.0,46.050070000000005,39.686003415,30.0
landsat,2021-10-06,174/027,174,landsat-7,1.0,47.472319999999996,40.2220587,1.0
landsat,2021-10-06,174/026,174,landsat-7,0.0,48.891475,40.785888975,0.0
landsat,2021-10-06,174/025,174,landsat-7,0.0,50.304525,41.36658929,0.0
landsat,2021-10-05,175/028,175,landsat-8,87.48,46.016000000000005,38.309843755,95.22
landsat,2021-10-05,175/027,175,landsat-8,62.99,47.433185,38.85722405,70.13
landsat,2021-10-05,175/026,175,landsat-8,99.93,48.850505,39.43168937,99.93
landsat,2021-10-05,175/025,175,landsat-8,98.78,50.26466,40.03669472,98.78
landsat,2021-10-04,176/028,176,landsat-7,78.0,46.05261,36.555623505,67.0
landsat,2021-10-04,176/027,176,landsat-7,69.0,47.472395,37.0820388,68.0
landsat,2021-10-04,176/026,176,landsat-7,18.0,48.88823,37.638254110000005,18.0
landsat,2021-10-04,176/025,176,landsat-7,70.0,50.30388,38.22930943,70.0
landsat,2021-10-03,177/025,177,landsat-8,1.47,50.265455,36.88705981,1.47
landsat,2021-10-01,171/029,171,landsat-7,87.0,44.628654999999995,43.785823210000004,87.0
landsat,2021-10-01,171/028,171,landsat-7,7.0,46.051135,44.300613475,7.0
landsat,2021-10-01,171/027,171,landsat-7,0.0,47.473699999999994,44.839103735,0.0
landsat,2021-10-01,171/026,171,landsat-7,51.0,48.888345,45.39994903,51.0
landsat,2021-10-01,171/025,171,landsat-7,42.0,50.30539,45.992759375,42.0
landsat,2021-09-30,172/029,172,landsat-8,73.8,44.595825000000005,42.415818515,73.8
landsat,2021-09-30,172/028,172,landsat-8,5.29,46.01647,42.93033879,5.29
landsat,2021-09-30,172/027,172,landsat-8,3.01,47.43474,43.468329085,3.01
landsat,2021-09-30,172/026,172,landsat-8,16.28,48.85019,44.042439415000004,16.28
landsat,2021-09-30,172/025,172,landsat-8,29.21,50.265240000000006,44.64407477,29.21
landsat,2021-09-29,173/029,173,landsat-7,26.0,44.630700000000004,40.744033130000005,26.0
landsat,2021-09-29,173/028,173,landsat-7,20.0,46.04894,41.25082336,20.0
landsat,2021-09-29,173/027,173,landsat-7,75.0,47.47086,41.782118635,75.0
landsat,2021-09-29,173/026,173,landsat-7,88.0,48.89062,42.27091414,88.0
landsat,2021-09-29,173/025,173,landsat-7,11.0,50.3037,42.844199474999996,11.0
landsat,2021-09-28,174/029,174,landsat-8,37.42,44.594835,39.36313845,41.1
landsat,2021-09-28,174/028,174,landsat-8,30.88,46.01635,39.888203715,30.72
landsat,2021-09-28,174/027,174,landsat-8,68.49,47.434929999999994,40.440368995,68.55
landsat,2021-09-28,174/026,174,landsat-8,94.17,48.851605000000006,41.008364305,94.17
landsat,2021-09-28,174/025,174,landsat-8,96.61,50.266125,41.601564644999996,96.61
landsat,2021-09-27,175/028,175,landsat-7,26.0,46.05131,38.11899348,33.0
landsat,2021-09-27,175/027,175,landsat-7,34.0,47.472049999999996,38.656568745,40.0
landsat,2021-09-27,175/026,175,landsat-7,98.0,48.888695,39.21843405,98.0
landsat,2021-09-27,175/025,175,landsat-7,93.0,50.30258,39.809949380000006,93.0
landsat,2021-09-26,176/028,176,landsat-8,98.72,46.01601,36.755938785,99.08
landsat,2021-09-26,176/027,176,landsat-8,84.32,47.4337,37.29157909,82.45
landsat,2021-09-26,176/026,176,landsat-8,66.44,48.85006,37.864829415,66.44
landsat,2021-09-26,176/025,176,landsat-8,60.21,50.26465,38.465399770000005,60.21
landsat,2021-09-25,177/025,177,landsat-7,82.0,50.305765,36.664784499999996,82.0
landsat,2021-09-24,170/029,170,landsat-7,100.0,44.624735,45.356998184999995,100.0
landsat,2021-09-24,170/028,170,landsat-7,100.0,46.0503,45.87343841,100.0
landsat,2021-09-21,173/029,173,landsat-8,96.61,44.593895,40.934693409999994,96.61
landsat,2021-09-21,173/028,173,landsat-8,99.99,46.01645,41.455953665,99.99
landsat,2021-09-21,173/027,173,landsat-8,99.14,47.43458,41.996068935,99.14
landsat,2021-09-21,173/026,173,landsat-8,100.0,48.85234,42.490939440000005,100.0
landsat,2021-09-21,173/025,173,landsat-8,96.95,50.26594,43.078654815,96.95
landsat,2021-09-20,174/028,174,landsat-7,36.0,46.05003,39.69396843,36.0
landsat,2021-09-20,174/027,174,landsat-7,58.0,47.470845,40.234088685,59.0
landsat,2021-09-20,174/026,174,landsat-7,87.0,48.88731,40.79186397,87.0
landsat,2021-09-20,174/025,174,landsat-7,100.0,50.30571,41.375234305,100.0
landsat,2021-09-19,175/028,175,landsat-8,86.89,46.016059999999996,38.32168876,83.25
landsat,2021-09-19,175/027,175,landsat-8,90.38,47.43317,38.871434050000005,91.87
landsat,2021-09-19,175/026,175,landsat-8,95.33,48.85043,39.446309365000005,95.33
landsat,2021-09-19,175/025,175,landsat-8,92.84,50.26591,40.049609715,92.84
landsat,2021-09-18,176/028,176,landsat-7,47.0,46.052710000000005,36.56123852,59.0
landsat,2021-09-18,176/027,176,landsat-7,12.0,47.46976,37.0861188,14.0
landsat,2021-09-18,176/026,176,landsat-7,18.0,48.888315,37.646749084999996,18.0
landsat,2021-09-18,176/025,176,landsat-7,96.0,50.305234999999996,38.235674445,96.0
landsat,2021-09-17,177/025,177,landsat-8,42.28,50.265605,36.897534809999996,42.28
landsat,2021-09-15,171/029,171,landsat-7,0.0,44.630044999999996,43.789553225000006,0.0
landsat,2021-09-15,171/028,171,landsat-7,0.0,46.04846,44.304593475,0.0
landsat,2021-09-15,171/027,171,landsat-7,4.0,47.469655,44.843173730000004,4.0
landsat,2021-09-15,171/026,171,landsat-7,70.0,48.888335,45.404144044999995,70.0
landsat,2021-09-15,171/025,171,landsat-7,64.0,50.305335,45.994789355,64.0
landsat,2021-09-14,172/029,172,landsat-8,10.15,44.59599,42.423373514999994,10.15
landsat,2021-09-14,172/028,172,landsat-8,2.32,46.016605,42.938088789999995,2.32
landsat,2021-09-14,172/027,172,landsat-8,0.03,47.43483500000001,43.476444085,0.03
landsat,2021-09-14,172/026,172,landsat-8,0.55,48.85025,44.050794415,0.55
landsat,2021-09-14,172/025,172,landsat-8,6.41,50.26391,44.652704760000006,6.41
landsat,2021-09-13,173/029,173,landsat-7,7.0,44.626655,40.744023145,7.0
landsat,2021-09-13,173/028,173,landsat-7,5.0,46.050225,41.252808355,5.0
landsat,2021-09-13,173/027,173,landsat-7,54.0,47.47213,41.784163629999995,54.0
landsat,2021-09-13,173/026,173,landsat-7,30.0,48.891965,42.270889135000004,30.0
landsat,2021-09-13,173/025,173,landsat-7,55.0,50.3037,42.844199474999996,55.0
landsat,2021-09-12,174/029,174,landsat-8,18.86,44.59483,39.36699345,19.26
landsat,2021-09-12,174/028,174,landsat-8,50.89,46.016295,39.89610371,50.74
landsat,2021-09-12,174/027,174,landsat-8,95.52,47.434835,40.446454,95.46
landsat,2021-09-12,174/026,174,landsat-8,84.73,48.851535,41.012454305,84.73
landsat,2021-09-12,174/025,174,landsat-8,82.6,50.26603,41.605774645,82.6
landsat,2021-09-11,175/028,175,landsat-7,63.0,46.05135,38.12096848,60.0
landsat,2021-09-11,175/027,175,landsat-7,1.0,47.472030000000004,38.658598745,1.0
landsat,2021-09-11,175/026,175,landsat-7,0.0,48.887344999999996,39.218414034999995,0.0
landsat,2021-09-11,175/025,175,landsat-7,82.0,50.30388,39.812099375,82.0
landsat,2021-09-10,176/028,176,landsat-8,0.05,46.016025,36.757843785,0.13
landsat,2021-09-10,176/027,176,landsat-8,0.03,47.435105,37.295554085,0.03
landsat,2021-09-10,176/026,176,landsat-8,0.02,48.850105,37.866914415,0.02
landsat,2021-09-10,176/025,176,landsat-8,0.07,50.26467,38.46970477,0.07
landsat,2021-09-09,177/025,177,landsat-7,0.0,50.304415,36.665014479999996,0.0
landsat,2021-09-08,170/028,170,landsat-7,0.0,46.048925,45.87738341,0.0
landsat,2021-09-07,171/029,171,landsat-8,81.51,44.593835,43.981008485000004,81.51
landsat,2021-09-07,171/028,171,landsat-8,19.56,46.01555,44.50544375,19.56
landsat,2021-09-07,171/027,171,landsat-8,3.19,47.434595,45.054139045,3.19
landsat,2021-09-07,171/026,171,landsat-8,26.27,48.851105000000004,45.630114365,26.27
landsat,2021-09-07,171/025,171,landsat-8,43.14,50.26566,46.232514705,43.14
landsat,2021-09-06,172/028,172,landsat-7,49.0,46.052315,42.74370851,49.0
landsat,2021-09-06,172/027,172,landsat-7,3.0,47.46848,43.267388795,3.0
landsat,2021-09-06,172/026,172,landsat-7,0.0,48.887465,43.828364089999994,0.0
landsat,2021-09-06,172/025,172,landsat-7,2.0,50.303485,44.418529445000004,2.0
landsat,2021-09-05,173/029,173,landsat-8,7.0,44.595245000000006,40.934703405,7.0
landsat,2021-09-05,173/028,173,landsat-8,29.67,46.015164999999996,41.45388366,29.67
landsat,2021-09-05,173/027,173,landsat-8,82.41,47.43461,41.994113935,82.41
landsat,2021-09-05,173/026,173,landsat-8,65.01,48.850995,42.490959445,65.01
landsat,2021-09-05,173/025,173,landsat-8,29.32,50.26594,43.078654815,29.32
landsat,2021-09-04,174/029,174,landsat-7,36.0,44.625,39.180113195000004,40.0
landsat,2021-09-04,174/028,174,landsat-7,47.0,46.04864,39.69587342,47.0
landsat,2021-09-04,174/027,174,landsat-7,16.0,47.4695,40.234158699999995,17.0
landsat,2021-09-04,174/026,174,landsat-7,48.0,48.889885,40.80014897,48.0
landsat,2021-09-04,174/025,174,landsat-7,98.0,50.30435,41.377074289999996,98.0
landsat,2021-09-03,175/028,175,landsat-8,33.05,46.016059999999996,38.32168876,39.64
landsat,2021-09-02,176/028,176,landsat-7,79.0,46.051435,36.565298505,87.0
landsat,2021-09-02,176/027,176,landsat-7,79.0,47.47252,37.089998800000004,78.0
landsat,2021-09-02,176/026,176,landsat-7,92.0,48.88832,37.64660411,92.0
landsat,2021-09-02,176/025,176,landsat-7,95.0,50.303865,38.237914430000004,95.0
landsat,2021-09-01,177/025,177,landsat-8,23.5,50.26567,36.89967981,23.5
landsat,2021-08-30,171/028,171,landsat-7,0.0,46.05118,44.308503474999995,0.0
landsat,2021-08-30,171/027,171,landsat-7,0.0,47.46831,44.847223744999994,0.0
landsat,2021-08-30,171/026,171,landsat-7,0.0,48.885625,45.40826903,0.0
landsat,2021-08-30,171/025,171,landsat-7,0.0,50.303955,45.99914937,0.0
landsat,2021-08-29,172/029,172,landsat-8,0.45,44.59607,42.427148515,0.45
landsat,2021-08-29,172/028,172,landsat-8,1.51,46.01667,42.94195879,1.51
landsat,2021-08-29,172/027,172,landsat-8,0.02,47.434885,43.480509085,0.02
landsat,2021-08-29,172/026,172,landsat-8,0.02,48.85028,44.054974415000004,0.02
landsat,2021-08-29,172/025,172,landsat-8,0.01,50.26392,44.65700976,0.01
landsat,2021-08-28,173/029,173,landsat-7,0.0,44.627945,40.74966814,0.0
landsat,2021-08-28,173/028,173,landsat-7,1.0,46.05149,41.258688365,1.0
landsat,2021-08-28,173/027,173,landsat-7,0.0,47.471965,41.790163629999995,0.0
landsat,2021-08-28,173/026,173,landsat-7,0.0,48.888025,42.27504915,0.0
landsat,2021-08-28,173/025,173,landsat-7,27.0,50.30385,42.852624475,27.0
landsat,2021-08-27,174/029,174,landsat-8,14.29,44.59479,39.37276345,15.85
landsat,2021-08-27,174/028,174,landsat-8,59.49,46.01627,39.900053715,59.36
landsat,2021-08-27,174/027,174,landsat-8,85.51,47.43479,40.450509,85.32
landsat,2021-08-27,174/026,174,landsat-8,88.39,48.85146,41.018544305,88.39
landsat,2021-08-27,174/025,174,landsat-8,93.11,50.26592,41.612039644999996,93.11
landsat,2021-08-26,175/028,175,landsat-7,15.0,46.048680000000004,38.124958480000004,13.0
landsat,2021-08-26,175/027,175,landsat-7,15.0,47.46934,38.662668745000005,16.0
landsat,2021-08-26,175/026,175,landsat-7,0.0,48.88868,39.22678405,0.0
landsat,2021-08-26,175/025,175,landsat-7,2.0,50.302505,39.81639438,2.0
landsat,2021-08-25,176/028,176,landsat-8,0.01,46.01616,36.76368879,0.05
landsat,2021-08-25,176/027,176,landsat-8,0.08,47.433814999999996,37.299534089999995,0.09
landsat,2021-08-25,176/026,176,landsat-8,15.73,48.851479999999995,37.87318441,15.73
landsat,2021-08-25,176/025,176,landsat-8,31.68,50.26468,38.47400977,31.68
landsat,2021-08-24,177/025,177,landsat-7,18.0,50.30188,36.67356948,18.0
landsat,2021-08-23,170/028,170,landsat-7,43.0,46.050205000000005,45.883388425,43.0
landsat,2021-08-22,171/029,171,landsat-8,21.88,44.593835,43.981008485000004,21.88
landsat,2021-08-22,171/028,171,landsat-8,29.37,46.01557,44.50939375,29.37
landsat,2021-08-22,171/027,171,landsat-8,35.78,47.43459,45.058199045,35.78
landsat,2021-08-22,171/026,171,landsat-8,22.59,48.85109,45.634294365,22.59
landsat,2021-08-22,171/025,171,landsat-8,14.8,50.26562,46.236814705,14.8
landsat,2021-08-21,172/029,172,landsat-7,61.0,44.62985,42.244878265,61.0
landsat,2021-08-21,172/028,172,landsat-7,48.0,46.052455,42.7515435,48.0
landsat,2021-08-21,172/027,172,landsat-7,73.0,47.469935,43.27739378,73.0
landsat,2021-08-21,172/026,172,landsat-7,71.0,48.887595000000005,43.838729099999995,71.0
landsat,2021-08-21,172/025,172,landsat-7,44.0,50.303525,44.427204419999995,44.0
landsat,2021-08-20,173/029,173,landsat-8,24.22,44.59383,40.93846841,24.22
landsat,2021-08-20,173/028,173,landsat-8,18.57,46.01645,41.455953665,18.57
landsat,2021-08-20,173/027,173,landsat-8,19.19,47.434505,41.998088935,19.19
landsat,2021-08-20,173/026,173,landsat-8,60.54,48.851085,42.495044445,60.54
landsat,2021-08-20,173/025,173,landsat-8,92.89,50.26601,43.082859815000006,92.89
landsat,2021-08-19,174/028,174,landsat-7,64.0,46.0486,39.70375842,64.0
landsat,2021-08-19,174/027,174,landsat-7,5.0,47.46942,40.242263699999995,6.0
landsat,2021-08-19,174/026,174,landsat-7,3.0,48.88848,40.804233975,3.0
landsat,2021-08-19,174/025,174,landsat-7,5.0,50.30546,41.38786431,5.0
landsat,2021-08-18,175/028,175,landsat-8,1.1,46.016085000000004,38.32564376,1.43
landsat,2021-08-18,175/027,175,landsat-8,19.31,47.4332,38.87346405,22.08
landsat,2021-08-18,175/026,175,landsat-8,20.7,48.850449999999995,39.448399365,20.7
landsat,2021-08-18,175/025,175,landsat-8,4.78,50.26587,40.053909715,4.78
landsat,2021-08-17,176/028,176,landsat-7,3.0,46.050245000000004,36.5731485,9.0
landsat,2021-08-17,176/027,176,landsat-7,8.0,47.46995,37.098058800000004,9.0
landsat,2021-08-17,176/026,176,landsat-7,7.0,48.88975,37.657114095,7.0
landsat,2021-08-17,176/025,176,landsat-7,6.0,50.301285,38.246559425,6.0
landsat,2021-08-16,177/025,177,landsat-8,1.6,50.26567,36.89967981,1.6
landsat,2021-08-14,171/029,171,landsat-7,59.0,44.62877,43.79724323,59.0
landsat,2021-08-14,171/028,171,landsat-7,64.0,46.047155000000004,44.31252347,64.0
landsat,2021-08-14,171/027,171,landsat-7,25.0,47.468315000000004,44.851288735,25.0
landsat,2021-08-14,171/026,171,landsat-7,22.0,48.88696,45.41249405,22.0
landsat,2021-08-14,171/025,171,landsat-7,31.0,50.305285,46.005539354999996,31.0
landsat,2021-08-13,172/029,172,landsat-8,39.74,44.59607,42.427148515,39.74
landsat,2021-08-13,172/028,172,landsat-8,37.91,46.01667,42.94195879,37.91
landsat,2021-08-13,172/027,172,landsat-8,52.86,47.434885,43.480509085,52.86
landsat,2021-08-13,172/026,172,landsat-8,54.04,48.85028,44.054974415000004,54.04
landsat,2021-08-13,172/025,172,landsat-8,43.95,50.26527,44.656989769999996,43.95
landsat,2021-08-12,173/028,173,landsat-7,60.0,46.051429999999996,41.26073837,60.0
landsat,2021-08-12,173/027,173,landsat-7,80.0,47.471940000000004,41.792028619999996,80.0
landsat,2021-08-12,173/026,173,landsat-7,33.0,48.886765,42.279364130000005,33.0
landsat,2021-08-12,173/025,173,landsat-7,49.0,50.30257,42.854664495,49.0
landsat,2021-08-11,174/026,174,landsat-8,78.28,48.851465000000005,41.016539304999995,78.28
landsat,2021-08-11,174/025,174,landsat-8,79.34,50.26594,41.609979644999996,79.34
landsat,2021-08-10,175/028,175,landsat-7,99.0,46.04733,38.125043465000005,98.0
landsat,2021-08-10,175/027,175,landsat-7,90.0,47.46799,38.662653754999994,88.0
landsat,2021-08-10,175/026,175,landsat-7,90.0,48.887335,39.226754035,90.0
landsat,2021-08-10,175/025,175,landsat-7,91.0,50.299825,39.81840936,91.0
landsat,2021-08-09,176/028,176,landsat-8,66.97,46.01616,36.76368879,80.32
landsat,2021-08-09,176/027,176,landsat-8,54.18,47.433814999999996,37.299534089999995,51.3
landsat,2021-08-09,176/026,176,landsat-8,34.98,48.850139999999996,37.871094415,34.98
landsat,2021-08-09,176/025,176,landsat-8,6.63,50.26468,38.47400977,6.63
landsat,2021-08-08,177/025,177,landsat-7,69.0,50.30188,36.67356948,69.0
landsat,2021-08-07,170/028,170,landsat-7,0.0,46.050245000000004,45.881418425,0.0
landsat,2021-08-06,171/029,171,landsat-8,0.02,44.59387,43.982928485,0.02
landsat,2021-08-06,171/028,171,landsat-8,0.0,46.01557,44.50939375,0.0
landsat,2021-08-06,171/027,171,landsat-8,0.04,47.43459,45.058199045,0.04
landsat,2021-08-06,171/026,171,landsat-8,0.02,48.85109,45.634294365,0.02
landsat,2021-08-06,171/025,171,landsat-8,0.01,50.26562,46.236814705,0.01
landsat,2021-08-05,172/029,172,landsat-7,2.0,44.627045,42.23937326,2.0
landsat,2021-08-05,172/025,172,landsat-7,54.0,50.300805,44.422934420000004,54.0
landsat,2021-08-04,173/029,173,landsat-8,8.19,44.59383,40.93846841,8.19
landsat,2021-08-04,173/028,173,landsat-8,26.08,46.01645,41.455953665,26.08
landsat,2021-08-04,173/027,173,landsat-8,66.56,47.434505,41.998088935,66.56
landsat,2021-08-04,173/026,173,landsat-8,51.36,48.851085,42.495044445,51.36
landsat,2021-08-04,173/025,173,landsat-8,49.19,50.26601,43.082859815000006,49.19
landsat,2021-08-03,174/028,174,landsat-7,1.0,46.04733,39.69393343,1.0
landsat,2021-08-03,174/027,174,landsat-7,1.0,47.4695,40.23408869,1.0
landsat,2021-08-03,174/026,174,landsat-7,23.0,48.888605,40.796153985000004,23.0
landsat,2021-08-03,174/025,174,landsat-7,61.0,50.30166,41.3770393,61.0
landsat,2021-08-02,175/028,175,landsat-8,0.96,46.016085000000004,38.32564376,1.24
landsat,2021-08-02,175/027,175,landsat-8,0.16,47.433195,38.87752405,0.18
landsat,2021-08-02,175/026,175,landsat-8,0.35,48.85044,39.452579365,0.35
landsat,2021-08-02,175/025,175,landsat-8,0.97,50.264525,40.05390972,0.97
landsat,2021-08-01,176/028,176,landsat-7,1.0,46.047315,36.56147852,4.0
landsat,2021-08-01,176/027,176,landsat-7,1.0,47.46841,37.086303785,2.0
landsat,2021-08-01,176/026,176,landsat-7,4.0,48.88697,37.646679105,4.0
landsat,2021-08-01,176/025,176,landsat-7,4.0,50.303929999999994,38.237914430000004,4.0
landsat,2021-07-31,177/025,177,landsat-8,16.69,50.265744999999995,36.90388981,16.69
landsat,2021-07-29,171/029,171,landsat-7,0.0,44.627305,43.785763225,0.0
landsat,2021-07-29,171/028,171,landsat-7,0.0,46.049825,44.30265346,0.0
landsat,2021-07-29,171/027,171,landsat-7,1.0,47.471035,44.841128745,1.0
landsat,2021-07-29,171/026,171,landsat-7,19.0,48.884325000000004,45.402034045,19.0
landsat,2021-07-29,171/025,171,landsat-7,37.0,50.301294999999996,45.99472936,37.0
landsat,2021-07-28,172/029,172,landsat-8,54.14,44.596154999999996,42.430923515,54.14
landsat,2021-07-28,172/028,172,landsat-8,0.8,46.015385,42.94592378,0.8
landsat,2021-07-28,172/027,172,landsat-8,4.8,47.434934999999996,43.484564085,4.8
landsat,2021-07-28,172/026,172,landsat-8,10.95,48.850314999999995,44.059149415,10.95
landsat,2021-07-28,172/025,172,landsat-8,17.01,50.26393,44.66131976,17.01
landsat,2021-07-27,173/028,173,landsat-7,100.0,46.050290000000004,41.251003374999996,100.0
landsat,2021-07-27,173/027,173,landsat-7,84.0,47.472125000000005,41.78407862,84.0
landsat,2021-07-27,173/026,173,landsat-7,24.0,48.88656,42.26918413,24.0
landsat,2021-07-27,173/025,173,landsat-7,6.0,50.30243,42.84830949,6.0
landsat,2021-07-26,174/029,174,landsat-8,16.54,44.5948,39.37853845,11.45
landsat,2021-07-26,174/028,174,landsat-8,6.33,46.016239999999996,39.904003715,6.19
landsat,2021-07-26,174/027,174,landsat-8,15.08,47.434740000000005,40.454564000000005,14.41
landsat,2021-07-26,174/026,174,landsat-8,1.34,48.85133,41.024714305,1.34
landsat,2021-07-26,174/025,174,landsat-8,1.44,50.26583,41.616244644999995,1.44
landsat,2021-07-25,175/028,175,landsat-7,3.0,46.049975,38.117108465,5.0
landsat,2021-07-25,175/027,175,landsat-7,0.0,47.47067,38.654523760000004,0.0
landsat,2021-07-25,175/026,175,landsat-7,0.0,48.885995,39.218419049999994,0.0
landsat,2021-07-25,175/025,175,landsat-7,8.0,50.303925,39.809904365,8.0
landsat,2021-07-24,176/028,176,landsat-8,2.56,46.01622999999999,36.76755879,5.26
landsat,2021-07-24,176/027,176,landsat-8,6.42,47.43392,37.305534089999995,7.65
landsat,2021-07-24,176/026,176,landsat-8,10.15,48.85017,37.877359415,10.15
landsat,2021-07-24,176/025,176,landsat-8,38.08,50.264735,38.48046477,38.08
landsat,2021-07-23,177/025,177,landsat-7,0.0,50.304415,36.665014479999996,0.0
landsat,2021-07-22,170/029,170,landsat-7,65.0,44.624735,45.356998184999995,65.0
landsat,2021-07-22,170/028,170,landsat-7,17.0,46.04895,45.87343841,17.0
landsat,2021-07-21,171/029,171,landsat-8,0.01,44.593925,43.992558485,0.01
landsat,2021-07-21,171/028,171,landsat-8,2.15,46.015595000000005,44.51729875,2.15
landsat,2021-07-21,171/027,171,landsat-8,10.42,47.434595,45.066319045,10.42
landsat,2021-07-21,171/026,171,landsat-8,7.96,48.851045,45.642649365,7.96
landsat,2021-07-20,172/028,172,landsat-7,0.0,46.050830000000005,42.737878515,0.0
landsat,2021-07-20,172/027,172,landsat-7,5.0,47.46842,43.263408795000004,5.0
landsat,2021-07-20,172/026,172,landsat-7,29.0,48.887474999999995,43.82627409,29.0
landsat,2021-07-20,172/025,172,landsat-7,49.0,50.30351,44.416379445000004,49.0
landsat,2021-07-19,173/029,173,landsat-8,0.03,44.595060000000004,40.946033405,0.03
landsat,2021-07-19,173/028,173,landsat-8,0.0,46.01621,41.467573665,0.0
landsat,2021-07-19,173/027,173,landsat-8,0.0,47.435625,42.008023935,0.0
landsat,2021-07-19,173/026,173,landsat-8,7.66,48.851255,42.503219445,7.66
landsat,2021-07-19,173/025,173,landsat-8,1.46,50.26614,43.091274815,1.46
landsat,2021-07-18,174/028,174,landsat-7,0.0,46.0487,39.689983424999994,0.0
landsat,2021-07-18,174/027,174,landsat-7,0.0,47.470929999999996,40.225978685,0.0
landsat,2021-07-18,174/026,174,landsat-7,2.0,48.890015000000005,40.792158990000004,2.0
landsat,2021-07-18,174/025,174,landsat-7,14.0,50.30309,41.37295430499999,14.0
landsat,2021-07-17,175/028,175,landsat-8,0.21,46.01614,38.33749876,0.11
landsat,2021-07-17,175/027,175,landsat-8,4.9,47.433205,38.885644049999996,5.71
landsat,2021-07-17,175/026,175,landsat-8,13.48,48.85041,39.460934365,13.48
landsat,2021-07-17,175/025,175,landsat-8,10.42,50.265765,40.066824715,10.42
landsat,2021-07-16,176/028,176,landsat-7,0.0,46.05126,36.555558515,0.0
landsat,2021-07-16,176/027,176,landsat-7,0.0,47.47104,37.082223785,0.0
landsat,2021-07-16,176/026,176,landsat-7,6.0,48.88693,37.64048909,6.0
landsat,2021-07-16,176/025,176,landsat-7,62.0,50.302535,38.229264445,62.0
landsat,2021-07-15,177/025,177,landsat-8,13.84,50.26589,36.91229981,13.84
landsat,2021-07-13,171/029,171,landsat-7,4.0,44.63001,43.783838215,4.0
landsat,2021-07-13,171/028,171,landsat-7,8.0,46.047070000000005,44.296768459999996,8.0
landsat,2021-07-13,171/027,171,landsat-7,0.0,47.46965,44.83504375,0.0
landsat,2021-07-13,171/026,171,landsat-7,0.0,48.888345,45.39994903,0.0
landsat,2021-07-13,171/025,171,landsat-7,0.0,50.30539,45.992759375,0.0
landsat,2021-07-12,172/029,172,landsat-8,0.48,44.59623,42.434703515,0.48
landsat,2021-07-12,172/028,172,landsat-8,2.75,46.015455,42.94979878,2.75
landsat,2021-07-12,172/027,172,landsat-8,3.47,47.434985,43.488629085,3.47
landsat,2021-07-12,172/026,172,landsat-8,0.11,48.850345000000004,44.063329415,0.11
landsat,2021-07-12,172/025,172,landsat-8,0.31,50.26529,44.66559977,0.31
landsat,2021-07-11,173/028,173,landsat-7,2.0,46.051715,41.24714337,2.0
landsat,2021-07-11,173/027,173,landsat-7,4.0,47.4696,41.778028629999994,4.0
landsat,2021-07-11,173/026,173,landsat-7,9.0,48.887815,42.264969135,9.0
landsat,2021-07-11,173/025,173,landsat-7,13.0,50.305040000000005,42.841914495,13.0
landsat,2021-07-10,174/029,174,landsat-8,0.56,44.59483,39.37661345,0.6
landsat,2021-07-10,174/028,174,landsat-8,1.77,46.016239999999996,39.904003715,1.77
landsat,2021-07-10,174/027,174,landsat-8,2.18,47.434740000000005,40.454564000000005,2.21
landsat,2021-07-10,174/026,174,landsat-8,5.53,48.851389999999995,41.022629304999995,5.53
landsat,2021-07-10,174/025,174,landsat-8,11.17,50.26583,41.616244644999995,11.17
landsat,2021-07-09,175/028,175,landsat-7,0.0,46.048635000000004,38.11508848,0.0
landsat,2021-07-09,175/027,175,landsat-7,0.0,47.469345,38.652528745,0.0
landsat,2021-07-09,175/026,175,landsat-7,0.0,48.888729999999995,39.216349050000005,0.0
landsat,2021-07-09,175/025,175,landsat-7,2.0,50.30525,39.80774936,2.0
landsat,2021-07-08,176/028,176,landsat-8,12.95,46.01481,36.763703795,14.59
landsat,2021-07-08,176/027,176,landsat-8,0.01,47.43387,37.30155909,0.01
landsat,2021-07-08,176/026,176,landsat-8,0.27,48.85013,37.873184415,0.27
landsat,2021-07-08,176/025,176,landsat-8,4.74,50.26472,38.47615977,4.74
landsat,2021-07-07,177/025,177,landsat-7,6.0,50.303065000000004,36.665029485,6.0
landsat,2021-07-06,170/029,170,landsat-7,17.0,44.62878,45.35699817,17.0
landsat,2021-07-05,171/029,171,landsat-8,40.45,44.593845,43.979083485000004,40.45
landsat,2021-07-05,171/028,171,landsat-8,30.14,46.01555,44.50544375,30.14
landsat,2021-07-05,171/027,171,landsat-8,71.12,47.434595,45.054139045,71.12
landsat,2021-07-05,171/026,171,landsat-8,85.43,48.851105000000004,45.630114365,85.43
landsat,2021-07-05,171/025,171,landsat-8,63.95,50.26562,46.236814705,63.95
landsat,2021-07-04,172/029,172,landsat-7,72.0,44.626864999999995,42.231818265,72.0
landsat,2021-07-04,172/028,172,landsat-7,43.0,46.050825,42.737963505,43.0
landsat,2021-07-04,172/027,172,landsat-7,44.0,47.47117,43.265343795,44.0
landsat,2021-07-04,172/026,172,landsat-7,82.0,48.890175,43.826209090000006,82.0
landsat,2021-07-04,172/025,172,landsat-7,95.0,50.30212,44.414304425,95.0
landsat,2021-07-03,173/029,173,landsat-8,2.79,44.593959999999996,40.93091341,2.79
landsat,2021-07-03,173/028,173,landsat-8,1.06,46.01659,41.450118665,1.06
landsat,2021-07-03,173/027,173,landsat-8,3.47,47.434685,41.99208894,3.47
landsat,2021-07-03,173/026,173,landsat-8,0.89,48.85098,42.488954445000005,0.89
landsat,2021-07-03,173/025,173,landsat-8,13.63,50.265874999999994,43.074444815,13.63
landsat,2021-07-02,174/028,174,landsat-7,0.0,46.05005,39.690018429999995,0.0
landsat,2021-07-02,174/027,174,landsat-7,10.0,47.466894999999994,40.228008700000004,10.0
landsat,2021-07-02,174/026,174,landsat-7,8.0,48.88737,40.78978397,8.0
landsat,2021-07-02,174/025,174,landsat-7,8.0,50.304435,41.372969299999994,8.0
landsat,2021-07-01,175/028,175,landsat-8,3.52,46.016040000000004,38.31773876,4.46
landsat,2021-07-01,175/027,175,landsat-8,28.18,47.433195,38.86534405,29.23
landsat,2021-07-01,175/026,175,landsat-8,17.75,48.850480000000005,39.44004437,17.75
landsat,2021-07-01,175/025,175,landsat-8,17.09,50.26594,40.045304715,17.09
landsat,2021-06-30,176/028,176,landsat-7,7.0,46.04993,36.557483520000005,31.0
landsat,2021-06-30,176/027,176,landsat-7,15.0,47.4711,37.084248785,17.0
landsat,2021-06-30,176/026,176,landsat-7,5.0,48.888275,37.642429109999995,5.0
landsat,2021-06-30,176/025,176,landsat-7,29.0,50.301165,38.231419450000004,29.0
landsat,2021-06-29,177/025,177,landsat-8,34.27,50.26553,36.891264809999996,34.27
landsat,2021-06-27,171/029,171,landsat-7,32.0,44.627305,43.785763225,32.0
landsat,2021-06-27,171/028,171,landsat-7,14.0,46.049825,44.30265346,14.0
landsat,2021-06-27,171/027,171,landsat-7,45.0,47.47235,44.83909375,45.0
landsat,2021-06-27,171/026,171,landsat-7,59.0,48.887024999999994,45.40205905,59.0
landsat,2021-06-27,171/025,171,landsat-7,13.0,50.304035,45.99263936,13.0
landsat,2021-06-26,172/029,172,landsat-8,58.95,44.59574,42.412043515,58.95
landsat,2021-06-26,172/028,172,landsat-8,18.18,46.016465,42.92843879,18.18
landsat,2021-06-26,172/027,172,landsat-8,13.73,47.434685,43.466304085000004,13.73
landsat,2021-06-26,172/026,172,landsat-8,41.55,48.85019,44.042439415000004,41.55
landsat,2021-06-26,172/025,172,landsat-8,17.39,50.265240000000006,44.64407477,17.39
landsat,2021-06-24,174/029,174,landsat-8,46.74,44.593509999999995,39.355438455,43.87
landsat,2021-06-24,174/028,174,landsat-8,25.2,46.01638,39.884253715,25.02
landsat,2021-06-24,174/027,174,landsat-8,81.59,47.434975,40.434273995,81.38
landsat,2021-06-24,174/026,174,landsat-8,47.31,48.85167,41.004279305,47.31
landsat,2021-06-24,174/025,174,landsat-8,18.31,50.26621,41.597359645,18.31
landsat,2021-06-23,175/028,175,landsat-7,36.0,46.048665,38.119078470000005,30.0
landsat,2021-06-23,175/027,175,landsat-7,11.0,47.46935,38.656568755,11.0
landsat,2021-06-23,175/026,175,landsat-7,88.0,48.88872,39.220509039999996,88.0
landsat,2021-06-23,175/025,175,landsat-7,47.0,50.301225,39.809849365000005,47.0
landsat,2021-06-22,176/028,176,landsat-8,77.11,46.017145,36.74422379,46.93
landsat,2021-06-22,176/027,176,landsat-8,12.37,47.43494,37.283624085,5.72
landsat,2021-06-22,176/026,176,landsat-8,13.33,48.849995,37.854379415,13.33
landsat,2021-06-22,176/025,176,landsat-8,13.07,50.26462,38.45678977,13.07
landsat,2021-06-21,177/025,177,landsat-7,6.0,50.300444999999996,36.667199495000006,6.0
landsat,2021-06-20,170/029,170,landsat-7,1.0,44.627425,45.360863179999996,1.0
landsat,2021-06-20,170/028,170,landsat-7,0.0,46.050275,45.87738341,0.0
landsat,2021-06-19,171/029,171,landsat-8,8.61,44.595025,43.96170849,8.61
landsat,2021-06-19,171/028,171,landsat-8,0.73,46.015495,44.489638755,0.73
landsat,2021-06-19,171/027,171,landsat-8,0.07,47.43459,45.037899045,0.07
landsat,2021-06-19,171/026,171,landsat-8,0.01,48.851185,45.613409364999995,0.01
landsat,2021-06-19,171/025,171,landsat-8,0.0,50.265775000000005,46.21744971,0.0
landsat,2021-06-18,172/028,172,landsat-7,17.0,46.049620000000004,42.74373852,17.0
landsat,2021-06-18,172/027,172,landsat-7,10.0,47.46988,43.269503779999994,10.0
landsat,2021-06-18,172/026,172,landsat-7,61.0,48.888855,43.832409104999996,61.0
landsat,2021-06-18,172/025,172,landsat-7,16.0,50.30218,44.42071444,16.0
landsat,2021-06-17,173/029,173,landsat-8,72.36,44.594205,40.915803415,72.36
landsat,2021-06-17,173/028,173,landsat-8,80.9,46.01558,41.432623664999994,80.9
landsat,2021-06-17,173/027,173,landsat-8,94.79,47.435085,41.97619894,94.79
landsat,2021-06-17,173/026,173,landsat-8,91.81,48.850655,42.474619450000006,91.81
landsat,2021-06-17,173/025,173,landsat-8,24.03,50.265615,43.059674814999994,24.03
landsat,2021-06-16,174/029,174,landsat-7,90.0,44.62503,39.178193195000006,90.0
landsat,2021-06-16,174/028,174,landsat-7,59.0,46.048680000000004,39.69389842,58.0
landsat,2021-06-16,174/027,174,landsat-7,47.0,47.4695,40.234158699999995,45.0
landsat,2021-06-16,174/026,174,landsat-7,51.0,48.889945,40.79806397,51.0
landsat,2021-06-16,174/025,174,landsat-7,47.0,50.303,41.37695428,47.0
landsat,2021-06-15,175/028,175,landsat-8,82.01,46.015955000000005,38.301938755,81.64
landsat,2021-06-15,175/027,175,landsat-8,39.62,47.433155,38.85113405,36.14
landsat,2021-06-15,175/026,175,landsat-8,14.97,48.850494999999995,39.42542437,14.97
landsat,2021-06-15,175/025,175,landsat-8,25.63,50.264685,40.030234719999996,25.63
landsat,2021-06-14,176/028,176,landsat-7,24.0,46.051424999999995,36.563308515,21.0
landsat,2021-06-14,176/027,176,landsat-7,28.0,47.472575,37.09211379,32.0
landsat,2021-06-14,176/026,176,landsat-7,14.0,48.88702,37.64883409,14.0
landsat,2021-06-14,176/025,176,landsat-7,10.0,50.30391,38.23997945,10.0
landsat,2021-06-13,177/025,177,landsat-8,24.66,50.26666,36.878534814999995,24.66
landsat,2021-06-11,171/029,171,landsat-7,34.0,44.626075,43.79537823,34.0
landsat,2021-06-11,171/028,171,landsat-7,18.0,46.04987,44.31054846,18.0
landsat,2021-06-11,171/027,171,landsat-7,33.0,47.47104,44.849243745,33.0
landsat,2021-06-11,171/026,171,landsat-7,47.0,48.886995,45.41040405,47.0
landsat,2021-06-11,171/025,171,landsat-7,24.0,50.302620000000005,46.001179355000005,24.0
landsat,2021-06-10,172/029,172,landsat-8,62.38,44.595510000000004,42.40257352,62.38
landsat,2021-06-10,172/028,172,landsat-8,47.05,46.016270000000006,42.91871879,47.05
landsat,2021-06-10,172/027,172,landsat-8,33.13,47.434585,43.456149085,33.13
landsat,2021-06-10,172/026,172,landsat-8,35.12,48.850094999999996,44.02990441,35.12
landsat,2021-06-10,172/025,172,landsat-8,66.65,50.265245,44.63330977,66.65
landsat,2021-06-09,173/029,173,landsat-7,46.0,44.629235,40.753378125,46.0
landsat,2021-06-09,173/028,173,landsat-7,8.0,46.04872,41.26244836,8.0
landsat,2021-06-09,173/027,173,landsat-7,56.0,47.47058,41.794043634999994,56.0
landsat,2021-06-09,173/026,173,landsat-7,73.0,48.88953,42.281299135,73.0
landsat,2021-06-09,173/025,173,landsat-7,25.0,50.301225,42.856954474999995,25.0
landsat,2021-06-08,174/029,174,landsat-8,26.06,44.59488,39.34773845,29.86
landsat,2021-06-08,174/028,174,landsat-8,52.66,46.01643,39.876348715,52.59
landsat,2021-06-08,174/027,174,landsat-8,73.57,47.435069999999996,40.426164,74.16
landsat,2021-06-08,174/026,174,landsat-8,34.75,48.851805,40.99610431,34.75
landsat,2021-06-08,174/025,174,landsat-8,39.1,50.26639,41.588949645,39.1
landsat,2021-06-07,175/028,175,landsat-7,90.0,46.048745,38.13087848,90.0
landsat,2021-06-07,175/027,175,landsat-7,73.0,47.470704999999995,38.670783740000005,69.0
landsat,2021-06-07,175/026,175,landsat-7,57.0,48.88463,39.230914035,57.0
landsat,2021-06-07,175/025,175,landsat-7,84.0,50.302495,39.82284938,84.0
landsat,2021-06-06,176/028,176,landsat-8,64.57,46.01701,36.73838379,66.57
landsat,2021-06-06,176/027,176,landsat-8,70.55,47.433475,37.27566909,64.88
landsat,2021-06-06,176/026,176,landsat-8,69.76,48.84991,37.848114415,69.76
landsat,2021-06-06,176/025,176,landsat-8,87.47,50.264579999999995,38.44817477,87.47
landsat,2021-06-05,177/025,177,landsat-7,98.0,50.304734999999994,36.679569505,98.0
landsat,2021-06-04,170/029,170,landsat-7,37.0,44.627415,45.37431818,37.0
landsat,2021-06-04,170/028,170,landsat-7,9.0,46.051555,45.891238415000004,9.0
landsat,2021-06-03,171/029,171,landsat-8,23.67,44.593605,43.955988485,23.67
landsat,2021-06-03,171/028,171,landsat-8,31.38,46.015465,44.481738755,31.38
landsat,2021-06-03,171/027,171,landsat-8,92.74,47.434565,45.031809045,92.74
landsat,2021-06-03,171/026,171,landsat-8,95.62,48.851185,45.607144364999996,95.62
landsat,2021-06-03,171/025,171,landsat-8,99.94,50.265865000000005,46.21099471,99.94
landsat,2021-06-02,172/028,172,landsat-7,88.0,46.051195,42.757253515,88.0
landsat,2021-06-02,172/027,172,landsat-7,100.0,47.466004999999996,43.281443795,100.0
landsat,2021-06-02,172/026,172,landsat-7,100.0,48.884935,43.84303409,100.0
landsat,2021-06-02,172/025,172,landsat-7,90.0,50.302234999999996,44.43361944,90.0
landsat,2021-06-01,173/029,173,landsat-8,81.06,44.594260000000006,40.912023415,81.06
landsat,2021-06-01,173/028,173,landsat-8,87.16,46.01566,41.428753665,87.16
landsat,2021-06-01,173/027,173,landsat-8,92.1,47.43521,41.97027394,92.1
landsat,2021-06-01,173/026,173,landsat-8,76.85,48.8505,42.46844945,76.85
landsat,2021-06-01,173/025,173,landsat-8,36.51,50.265609999999995,43.057614814999994,36.51
landsat,2021-05-31,174/029,174,landsat-7,19.0,44.623670000000004,39.189718189999994,23.0
landsat,2021-05-31,174/028,174,landsat-7,22.0,46.04863,39.70770842,22.0
landsat,2021-05-31,174/027,174,landsat-7,12.0,47.46938,40.2463187,12.0
landsat,2021-05-31,174/026,174,landsat-7,61.0,48.88976,40.81033397,61.0
landsat,2021-05-31,174/025,174,landsat-7,86.0,50.301405,41.38956429,86.0
landsat,2021-05-30,175/028,175,landsat-8,86.62,46.01593,38.297988755,82.18
landsat,2021-05-30,175/027,175,landsat-8,85.95,47.43315,38.84707405,83.73
landsat,2021-05-30,175/026,175,landsat-8,68.63,48.85053,39.42333937,68.63
landsat,2021-05-30,175/025,175,landsat-8,69.64,50.26473,40.028084719999995,69.64
landsat,2021-05-29,176/028,176,landsat-7,28.0,46.0489,36.573078515,31.0
landsat,2021-05-29,176/027,176,landsat-7,22.0,47.471355,37.100168785,25.0
landsat,2021-05-29,176/026,176,landsat-7,62.0,48.884415,37.65725909,62.0
landsat,2021-05-29,176/025,176,landsat-7,53.0,50.30126,38.24861945,53.0
landsat,2021-05-28,177/025,177,landsat-8,21.62,50.266595,36.87638482,21.62
landsat,2021-05-26,171/028,171,landsat-7,78.0,46.048519999999996,44.316433475,78.0
landsat,2021-05-26,171/027,171,landsat-7,83.0,47.469695,44.85331873,83.0
landsat,2021-05-26,171/026,171,landsat-7,32.0,48.885605,45.41661903,32.0
landsat,2021-05-26,171/025,171,landsat-7,15.0,50.302544999999995,46.007749375,15.0
landsat,2021-05-25,172/029,172,landsat-8,96.82,44.595575,42.40449352,96.82
landsat,2021-05-25,172/028,172,landsat-8,75.62,46.016270000000006,42.91871879,75.62
landsat,2021-05-25,172/027,172,landsat-8,82.48,47.434585,43.458184085,82.48
landsat,2021-05-25,172/026,172,landsat-8,87.67,48.850094999999996,44.02990441,87.67
landsat,2021-05-25,172/025,172,landsat-8,69.34,50.26522,44.63546477,69.34
landsat,2021-05-24,173/028,173,landsat-7,86.0,46.05136,41.264608375,86.0
landsat,2021-05-24,173/027,173,landsat-7,74.0,47.469155,41.79594863,74.0
landsat,2021-05-24,173/026,173,landsat-7,87.0,48.888205,42.28332914,87.0
landsat,2021-05-24,173/025,173,landsat-7,87.0,50.305350000000004,42.860814495,87.0
landsat,2021-05-23,174/029,174,landsat-8,81.48,44.59353,39.347738455,78.1
landsat,2021-05-23,174/028,174,landsat-8,14.36,46.01508,39.876348719999996,14.41
landsat,2021-05-23,174/027,174,landsat-8,52.08,47.435069999999996,40.426164,52.88
landsat,2021-05-23,174/026,174,landsat-8,86.11,48.85046,40.996094315,86.11
landsat,2021-05-23,174/025,174,landsat-8,81.06,50.26639,41.588949645,81.06
landsat,2021-05-22,175/028,175,landsat-7,94.0,46.050095,38.130923465,94.0
landsat,2021-05-22,175/027,175,landsat-7,93.0,47.47073,38.668718760000004,93.0
landsat,2021-05-22,175/026,175,landsat-7,85.0,48.88463,39.23093906,85.0
landsat,2021-05-22,175/025,175,landsat-7,92.0,50.301145000000005,39.822749365,92.0
landsat,2021-05-21,176/028,176,landsat-8,61.26,46.017070000000004,36.74035379,44.63
landsat,2021-05-21,176/027,176,landsat-8,81.8,47.433475,37.27566909,79.71
landsat,2021-05-21,176/026,176,landsat-8,55.67,48.851259999999996,37.84811441,55.67
landsat,2021-05-21,176/025,176,landsat-8,72.17,50.2646,38.45248477,72.17
landsat,2021-05-20,177/025,177,landsat-7,77.0,50.30466,36.677529495,77.0
landsat,2021-05-19,170/029,170,landsat-7,31.0,44.624715,45.364688185000006,31.0
landsat,2021-05-19,170/028,170,landsat-7,24.0,46.04891,45.883303409999996,24.0
landsat,2021-05-18,171/029,171,landsat-8,38.11,44.593635,43.959838485000006,38.11
landsat,2021-05-18,171/028,171,landsat-8,88.79,46.015474999999995,44.485688755,88.79
landsat,2021-05-18,171/027,171,landsat-8,65.96,47.434560000000005,45.035869045,65.96
landsat,2021-05-18,171/026,171,landsat-8,2.24,48.851165,45.611319365,2.24
landsat,2021-05-18,171/025,171,landsat-8,0.0,50.265825,46.21529971,0.0
landsat,2021-05-17,172/029,172,landsat-7,32.0,44.628479999999996,42.243123260000004,32.0
landsat,2021-05-17,172/028,172,landsat-7,27.0,46.052385,42.7476685,27.0
landsat,2021-05-17,172/027,172,landsat-7,6.0,47.467240000000004,43.27357378,6.0
landsat,2021-05-17,172/026,172,landsat-7,11.0,48.887545,43.8366441,11.0
landsat,2021-05-17,172/025,172,landsat-7,26.0,50.303525,44.427204419999995,26.0
landsat,2021-05-16,173/029,173,landsat-8,8.13,44.594205,40.915803415,8.13
landsat,2021-05-16,173/028,173,landsat-8,1.48,46.015505,41.436498665,1.48
landsat,2021-05-16,173/027,173,landsat-8,1.36,47.435010000000005,41.978218940000005,1.36
landsat,2021-05-16,173/026,173,landsat-8,9.79,48.850655,42.474619450000006,9.79
landsat,2021-05-16,173/025,173,landsat-8,13.39,50.26568,43.061824814999994,13.39
landsat,2021-05-15,174/029,174,landsat-7,7.0,44.625024999999994,39.182033195,6.0
landsat,2021-05-15,174/028,174,landsat-7,7.0,46.04866,39.69784342,7.0
landsat,2021-05-15,174/027,174,landsat-7,15.0,47.469465,40.2382137,15.0
landsat,2021-05-15,174/026,174,landsat-7,58.0,48.885845,40.800143985000005,58.0
landsat,2021-05-15,174/025,174,landsat-7,64.0,50.30157,41.381149285,64.0
landsat,2021-05-14,175/028,175,landsat-8,4.19,46.01598,38.305888755,0.3
landsat,2021-05-14,175/027,175,landsat-8,38.35,47.43316,38.855194049999994,40.94
landsat,2021-05-14,175/026,175,landsat-8,64.6,48.850505,39.43168937,64.6
landsat,2021-05-14,175/025,175,landsat-8,68.86,50.26466,40.03669472,68.86
landsat,2021-05-13,176/028,176,landsat-7,44.0,46.05015,36.5673685,36.0
landsat,2021-05-13,176/027,176,landsat-7,2.0,47.471235,37.093983805,3.0
landsat,2021-05-13,176/026,176,landsat-7,27.0,48.885670000000005,37.650849109999996,27.0
landsat,2021-05-13,176/025,176,landsat-7,84.0,50.30126,38.242259425,84.0
landsat,2021-05-12,177/025,177,landsat-8,97.51,50.265455,36.88705981,97.51
landsat,2021-05-10,171/029,171,landsat-7,51.0,44.62742,43.797303225,51.0
landsat,2021-05-10,171/028,171,landsat-7,69.0,46.049855,44.31252346,69.0
landsat,2021-05-10,171/027,171,landsat-7,88.0,47.466989999999996,44.849268730000006,88.0
landsat,2021-05-10,171/026,171,landsat-7,100.0,48.886995,45.41040405,100.0
landsat,2021-05-10,171/025,171,landsat-7,100.0,50.302620000000005,46.001179355000005,100.0
landsat,2021-05-09,172/029,172,landsat-8,100.0,44.595825000000005,42.415818515,100.0
landsat,2021-05-09,172/028,172,landsat-8,99.99,46.01647,42.93033879,99.99
landsat,2021-05-09,172/027,172,landsat-8,99.99,47.434735,43.470359085,99.99
landsat,2021-05-09,172/026,172,landsat-8,100.0,48.85019,44.042439415000004,100.0
landsat,2021-05-09,172/025,172,landsat-8,92.63,50.26525,44.648379770000005,92.63
landsat,2021-05-08,173/029,173,landsat-7,12.0,44.62789,40.751588139999996,12.0
landsat,2021-05-08,173/028,173,landsat-7,0.0,46.047385,41.260608375000004,0.0
landsat,2021-05-08,173/027,173,landsat-7,3.0,47.469245,41.79188362,3.0
landsat,2021-05-08,173/026,173,landsat-7,1.0,48.888115,42.27913915,1.0
landsat,2021-05-08,173/025,173,landsat-7,37.0,50.30392500000001,42.856834475,37.0
landsat,2021-05-07,174/029,174,landsat-8,2.45,44.594835,39.36313845,2.86
landsat,2021-05-07,174/028,174,landsat-8,18.48,46.01631,39.890173715,18.54
landsat,2021-05-07,174/027,174,landsat-8,42.99,47.43488,40.442393995,43.6
landsat,2021-05-07,174/026,174,landsat-8,58.29,48.851605000000006,41.008364305,58.29
landsat,2021-05-07,174/025,174,landsat-8,97.31,50.266125,41.601564644999996,97.31
landsat,2021-05-06,175/028,175,landsat-7,36.0,46.04872,38.126928480000004,17.0
landsat,2021-05-06,175/027,175,landsat-7,30.0,47.46935,38.666728745,29.0
landsat,2021-05-06,175/026,175,landsat-7,16.0,48.888675,39.23095405,16.0
landsat,2021-05-06,175/025,175,landsat-7,25.0,50.30113,39.820649375,25.0
landsat,2021-05-05,176/028,176,landsat-8,1.85,46.01648,36.70936879,7.76
landsat,2021-05-05,176/027,176,landsat-8,0.27,47.435715,37.24376409,0.32
landsat,2021-05-05,176/026,176,landsat-8,1.27,48.850955,37.812604410000006,1.27
landsat,2021-05-05,176/025,176,landsat-8,6.78,50.26446,38.41157977,6.78
landsat,2021-05-04,177/025,177,landsat-7,12.0,50.301950000000005,36.675714479999996,12.0
landsat,2021-05-03,170/029,170,landsat-7,1.0,44.627415,45.364708179999994,1.0
landsat,2021-05-03,170/028,170,landsat-7,0.0,46.050245000000004,45.88132841,0.0
landsat,2021-05-02,171/029,171,landsat-8,2.24,44.59473,43.927113485,2.24
landsat,2021-05-02,171/028,171,landsat-8,8.54,46.015355,44.454083755,8.54
landsat,2021-05-02,171/027,171,landsat-8,9.55,47.433229999999995,45.00135904,9.55
landsat,2021-05-02,171/026,171,landsat-8,6.02,48.85137,45.571634365,6.02
landsat,2021-05-02,171/025,171,landsat-8,34.72,50.26484,46.176569715,34.72
landsat,2021-05-01,172/028,172,landsat-7,44.0,46.050975,42.745628515,44.0
landsat,2021-05-01,172/027,172,landsat-7,68.0,47.469935,43.27348378,68.0
landsat,2021-05-01,172/026,172,landsat-7,86.0,48.884855,43.83468909,86.0
landsat,2021-05-01,172/025,172,landsat-7,89.0,50.3022,44.42501444,89.0
landsat,2021-04-30,173/029,173,landsat-8,13.62,44.594735,40.883653415,13.62
landsat,2021-04-30,173/028,173,landsat-8,55.88,46.016215,41.40164866,55.88
landsat,2021-04-30,173/027,173,landsat-8,91.01,47.43598,41.94043394,91.01
landsat,2021-04-30,173/026,173,landsat-8,92.91,48.852485,42.433624445,92.91
landsat,2021-04-30,173/025,173,landsat-8,28.9,50.265005,43.019749815,28.9
landsat,2021-04-29,174/028,174,landsat-7,32.0,46.05001,39.69791343,32.0
landsat,2021-04-29,174/027,174,landsat-7,5.0,47.466764999999995,40.238143699999995,4.0
landsat,2021-04-29,174/026,174,landsat-7,2.0,48.885845,40.800043975,2.0
landsat,2021-04-29,174/025,174,landsat-7,14.0,50.302925,41.38136931,14.0
landsat,2021-04-28,175/028,175,landsat-8,66.54,46.01578,38.270328755,81.64
landsat,2021-04-28,175/027,175,landsat-8,76.48,47.433155,38.81662405,77.81
landsat,2021-04-28,175/026,175,landsat-8,57.85,48.85063,39.38991437,57.85
landsat,2021-04-28,175/025,175,landsat-8,25.41,50.264984999999996,39.99149972,25.41
landsat,2021-04-27,176/028,176,landsat-7,25.0,46.048739999999995,36.565418505,39.0
landsat,2021-04-27,176/027,176,landsat-7,56.0,47.469885000000005,37.094078800000005,64.0
landsat,2021-04-27,176/026,176,landsat-7,65.0,48.889765,37.652934095,65.0
landsat,2021-04-27,176/025,176,landsat-7,49.0,50.301215,38.240109425,49.0
landsat,2021-04-26,177/025,177,landsat-8,38.67,50.265995000000004,36.840674815,38.67
landsat,2021-04-24,171/029,171,landsat-7,78.0,44.62738,43.793458225,78.0
landsat,2021-04-24,171/028,171,landsat-7,100.0,46.04983,44.30857346,100.0
landsat,2021-04-24,171/027,171,landsat-7,99.0,47.466989999999996,44.845208729999996,99.0
landsat,2021-04-24,171/026,171,landsat-7,67.0,48.886995,45.41040405,67.0
landsat,2021-04-24,171/025,171,landsat-7,69.0,50.30397,46.00123936,69.0
landsat,2021-04-23,172/029,172,landsat-8,21.91,44.594989999999996,42.378058515000006,21.91
landsat,2021-04-23,172/028,172,landsat-8,21.38,46.01578,42.889703784999995,21.38
landsat,2021-04-23,172/027,172,landsat-8,64.74,47.43418,43.425704085,64.74
landsat,2021-04-23,172/026,172,landsat-8,97.21,48.851235,43.998569405,97.21
landsat,2021-04-23,172/025,172,landsat-8,82.62,50.265150000000006,44.59886477,82.62
landsat,2021-04-22,173/028,173,landsat-7,42.0,46.05022,41.254878375000004,42.0
landsat,2021-04-22,173/027,173,landsat-7,17.0,47.472035,41.78805362,17.0
landsat,2021-04-22,173/026,173,landsat-7,2.0,48.889445,42.277004155,2.0
landsat,2021-04-22,173/025,173,landsat-7,6.0,50.302495,42.850454490000004,6.0
landsat,2021-04-21,174/029,174,landsat-8,77.06,44.594944999999996,39.32079345,78.2
landsat,2021-04-21,174/028,174,landsat-8,43.06,46.01662,39.848703715,43.23
landsat,2021-04-21,174/027,174,landsat-8,40.97,47.43544,40.395729,41.6
landsat,2021-04-21,174/026,174,landsat-8,76.96,48.85234,40.963404305,76.96
landsat,2021-04-21,174/025,174,landsat-8,95.37,50.265835,41.553039639999994,95.37
landsat,2021-04-20,175/028,175,landsat-7,9.0,46.048649999999995,38.12101348,12.0
landsat,2021-04-20,175/027,175,landsat-7,31.0,47.46933,38.658618745,33.0
landsat,2021-04-20,175/026,175,landsat-7,100.0,48.884640000000005,39.22256903500001,100.0
landsat,2021-04-20,175/025,175,landsat-7,100.0,50.301185000000004,39.812049375,100.0
landsat,2021-04-19,176/028,176,landsat-8,99.52,46.016490000000005,36.71127379,98.91
landsat,2021-04-19,176/027,176,landsat-8,97.54,47.43442,37.245879085,97.1
landsat,2021-04-19,176/026,176,landsat-8,84.58,48.85095,37.81469441,84.58
landsat,2021-04-19,176/025,176,landsat-8,58.6,50.26448,38.41588477,58.6
landsat,2021-04-18,177/025,177,landsat-7,96.0,50.30314,36.667174485000004,96.0
landsat,2021-04-16,171/029,171,landsat-8,12.47,44.5948,43.934813485,12.47
landsat,2021-04-16,171/028,171,landsat-8,17.69,46.015370000000004,44.458033755,17.69
landsat,2021-04-16,171/027,171,landsat-8,24.06,47.434585,45.005419045,24.06
landsat,2021-04-16,171/026,171,landsat-8,30.11,48.849985000000004,45.579959360000004,30.11
landsat,2021-04-16,171/025,171,landsat-8,66.19,50.266145,46.180869705,66.19
landsat,2021-04-15,172/029,172,landsat-7,2.0,44.628215,42.23179326,2.0
landsat,2021-04-15,172/028,172,landsat-7,3.0,46.050825,42.737963505,3.0
landsat,2021-04-15,172/027,172,landsat-7,46.0,47.46707,43.26358878,46.0
landsat,2021-04-15,172/026,172,landsat-7,65.0,48.88613,43.826209105000004,65.0
landsat,2021-04-15,172/025,172,landsat-7,58.0,50.30216,44.416449424999996,58.0
landsat,2021-04-14,173/029,173,landsat-8,58.77,44.59456,40.893133415,58.77
landsat,2021-04-14,173/028,173,landsat-8,97.8,46.016055,41.40939366,97.8
landsat,2021-04-14,173/027,173,landsat-8,89.42,47.435784999999996,41.94838394,89.42
landsat,2021-04-14,173/026,173,landsat-8,56.95,48.851304999999996,42.441914440000005,56.95
landsat,2021-04-14,173/025,173,landsat-8,15.75,50.26514,43.028159814999995,15.75
landsat,2021-04-12,175/028,175,landsat-8,99.34,46.015825,38.278228755,99.82
landsat,2021-04-12,175/027,175,landsat-8,97.7,47.433135,38.82677905,97.64
landsat,2021-04-12,175/026,175,landsat-8,42.96,48.850605,39.398269369999994,42.96
landsat,2021-04-12,175/025,175,landsat-8,3.04,50.264934999999994,40.002259714999994,3.04
landsat,2021-04-11,176/028,176,landsat-7,94.0,46.048564999999996,36.555763505,79.0
landsat,2021-04-11,176/027,176,landsat-7,69.0,47.469695,37.082138799999996,66.0
landsat,2021-04-11,176/026,176,landsat-7,53.0,48.885535000000004,37.63832911,53.0
landsat,2021-04-11,176/025,176,landsat-7,6.0,50.30118,38.229354425,6.0
landsat,2021-04-10,177/025,177,landsat-8,12.19,50.266220000000004,36.85328982,12.19
landsat,2021-04-08,171/028,171,landsat-7,30.0,46.05112,44.296663475,30.0
landsat,2021-04-08,171/027,171,landsat-7,70.0,47.46695,44.83505375,70.0
landsat,2021-04-08,171/026,171,landsat-7,68.0,48.885645,45.399924029999994,68.0
landsat,2021-04-08,171/025,171,landsat-7,15.0,50.30269,45.992699375,15.0
landsat,2021-04-07,172/029,172,landsat-8,93.24,44.595240000000004,42.389388515,93.24
landsat,2021-04-07,172/028,172,landsat-8,100.0,46.016059999999996,42.90519879,100.0
landsat,2021-04-07,172/027,172,landsat-8,99.92,47.434380000000004,43.439914085,99.92
landsat,2021-04-07,172/026,172,landsat-8,78.49,48.851325,44.011104405,78.49
landsat,2021-04-07,172/025,172,landsat-8,30.62,50.263835,44.61180476,30.62
landsat,2021-04-06,173/029,173,landsat-7,30.0,44.62811,40.73646314,30.0
landsat,2021-04-06,173/028,173,landsat-7,24.0,46.04767,41.247018374999996,24.0
landsat,2021-04-06,173/027,173,landsat-7,39.0,47.469625,41.775978620000004,39.0
landsat,2021-04-06,173/026,173,landsat-7,38.0,48.887834999999995,42.266874145,38.0
landsat,2021-04-06,173/025,173,landsat-7,80.0,50.3037,42.844199474999996,80.0
landsat,2021-04-05,174/029,174,landsat-8,99.99,44.594905,39.336193449999996,99.99
landsat,2021-04-05,174/028,174,landsat-8,99.96,46.015190000000004,39.860508710000005,99.96
landsat,2021-04-05,174/027,174,landsat-8,99.94,47.435255,40.409929000000005,99.94
landsat,2021-04-05,174/026,174,landsat-8,100.0,48.852135000000004,40.977669305,100.0
landsat,2021-04-05,174/025,174,landsat-8,59.14,50.265495,41.567804640000006,59.14
landsat,2021-04-04,175/028,175,landsat-7,91.0,46.049945,38.113158465,96.0
landsat,2021-04-04,175/027,175,landsat-7,100.0,47.466635,38.64849374,100.0
landsat,2021-04-04,175/026,175,landsat-7,100.0,48.884685,39.212164055,100.0
landsat,2021-04-04,175/025,175,landsat-7,96.0,50.301249999999996,39.805554365,96.0
landsat,2021-04-03,176/028,176,landsat-8,99.97,46.015435,36.726858785000005,99.93
landsat,2021-04-03,176/027,176,landsat-8,100.0,47.434650000000005,37.261784085,100.0
landsat,2021-04-03,176/026,176,landsat-8,100.0,48.851105000000004,37.831404410000005,100.0
landsat,2021-04-03,176/025,176,landsat-8,100.0,50.26451,38.43095477,100.0
landsat,2021-04-02,177/025,177,landsat-7,11.0,50.30299,36.660709499999996,11.0
landsat,2021-04-01,170/029,170,landsat-7,30.0,44.627455,45.349328185000005,30.0
landsat,2021-04-01,170/028,170,landsat-7,1.0,46.049005,45.86554341,1.0
landsat,2021-03-31,171/029,171,landsat-8,88.33,44.59358,43.950208485000005,88.33
landsat,2021-03-31,171/028,171,landsat-8,33.79,46.015465,44.475808755,33.79
landsat,2021-03-31,171/027,171,landsat-8,34.42,47.43461,45.023689045,34.42
landsat,2021-03-31,171/026,171,landsat-8,3.41,48.851259999999996,45.596699365,3.41
landsat,2021-03-31,171/025,171,landsat-8,3.11,50.26599,46.19807971,3.11
landsat,2021-03-30,172/028,172,landsat-7,59.0,46.047975,42.728333515,59.0
landsat,2021-03-30,172/027,172,landsat-7,83.0,47.469705000000005,43.25756378,83.0
landsat,2021-03-30,172/026,172,landsat-7,90.0,48.88605,43.817859105,90.0
landsat,2021-03-30,172/025,172,landsat-7,55.0,50.299425,44.407849435,55.0
landsat,2021-03-29,173/029,173,landsat-8,31.44,44.594325,40.908248415,31.44
landsat,2021-03-29,173/028,173,landsat-8,78.28,46.015725,41.426783665,78.28
landsat,2021-03-29,173/027,173,landsat-8,27.07,47.43531,41.96629894,27.07
landsat,2021-03-29,173/026,173,landsat-8,12.04,48.851745,42.462339445,12.04
landsat,2021-03-29,173/025,173,landsat-8,65.04,50.26541,43.04499481,65.04
landsat,2021-03-28,174/029,174,landsat-7,81.0,44.625045,39.162808195,77.0
landsat,2021-03-28,174/028,174,landsat-7,53.0,46.048745,39.682058420000004,54.0
landsat,2021-03-28,174/027,174,landsat-7,54.0,47.46561,40.217748685000004,55.0
landsat,2021-03-28,174/026,174,landsat-7,15.0,48.884739999999994,40.78377899,15.0
landsat,2021-03-28,174/025,174,landsat-7,8.0,50.301905,41.364309289999994,8.0
landsat,2021-03-27,175/028,175,landsat-8,30.93,46.01593,38.297988755,33.92
landsat,2021-03-27,175/027,175,landsat-8,20.82,47.433175,38.84504405,20.4
landsat,2021-03-27,175/026,175,landsat-8,26.64,48.850545,39.41915937,26.64
landsat,2021-03-27,175/025,175,landsat-8,34.11,50.264765,40.02377972,34.11
landsat,2021-03-26,176/028,176,landsat-7,100.0,46.04975,36.547998504999995,100.0
landsat,2021-03-26,176/027,176,landsat-7,93.0,47.465525,37.074473784999995,93.0
landsat,2021-03-26,176/026,176,landsat-7,58.0,48.88414,37.6342341,58.0
landsat,2021-03-26,176/025,176,landsat-7,4.0,50.29981,38.22505443,4.0
landsat,2021-03-25,177/025,177,landsat-8,69.07,50.265240000000006,36.874439815,69.07
landsat,2021-03-23,171/029,171,landsat-7,100.0,44.625885,43.776148230000004,100.0
landsat,2021-03-23,171/028,171,landsat-7,100.0,46.04976,44.29080846,100.0
landsat,2021-03-23,171/027,171,landsat-7,100.0,47.46562,44.828988735,100.0
landsat,2021-03-23,171/026,171,landsat-7,100.0,48.884344999999996,45.393689045,100.0
landsat,2021-03-23,171/025,171,landsat-7,100.0,50.30136,45.98612936,100.0
landsat,2021-03-22,172/029,172,landsat-8,54.82,44.59572,42.410188515,54.82
landsat,2021-03-22,172/028,172,landsat-8,28.65,46.016395,42.92456379,28.65
landsat,2021-03-22,172/027,172,landsat-8,21.04,47.434635,43.460209085,21.04
landsat,2021-03-22,172/026,172,landsat-8,22.24,48.850139999999996,44.031989415,22.24
landsat,2021-03-22,172/025,172,landsat-8,52.25,50.263895000000005,44.633329759999995,52.25
landsat,2021-03-21,173/028,173,landsat-7,94.0,46.046459999999996,41.239088365,94.0
landsat,2021-03-21,173/027,173,landsat-7,80.0,47.46844,41.77004863,80.0
landsat,2021-03-21,173/026,173,landsat-7,89.0,48.88772,42.260879134999996,89.0
landsat,2021-03-21,173/025,173,landsat-7,92.0,50.299504999999996,42.836024465,92.0
landsat,2021-03-20,174/029,174,landsat-8,100.0,44.59485,39.35928845,100.0
landsat,2021-03-20,174/028,174,landsat-8,94.29,46.015029999999996,39.884208709999996,94.34
landsat,2021-03-20,174/027,174,landsat-8,99.56,47.435025,40.432249,99.63
landsat,2021-03-20,174/026,174,landsat-8,86.69,48.85174,41.000189305,86.69
landsat,2021-03-20,174/025,174,landsat-8,64.16,50.266375,41.591009645,64.16
landsat,2021-03-19,175/028,175,landsat-7,95.0,46.04854,38.10522348,96.0
landsat,2021-03-19,175/027,175,landsat-7,99.0,47.469325,38.644423745,100.0
landsat,2021-03-19,175/026,175,landsat-7,100.0,48.883340000000004,39.20796404,100.0
landsat,2021-03-19,175/025,175,landsat-7,94.0,50.299915,39.79914938,94.0
landsat,2021-03-18,176/028,176,landsat-8,81.1,46.01593,36.750168785,88.91
landsat,2021-03-18,176/027,176,landsat-8,99.4,47.434995,37.285654085000004,99.28
landsat,2021-03-18,176/026,176,landsat-8,100.0,48.851345,37.85437941,100.0
landsat,2021-03-18,176/025,176,landsat-8,100.0,50.26464,38.45463477,100.0
landsat,2021-03-17,177/025,177,landsat-7,100.0,50.30291,36.656499495000006,100.0
landsat,2021-03-16,170/028,170,landsat-7,66.0,46.04772,45.859668424999995,66.0
landsat,2021-03-15,171/029,171,landsat-8,98.39,44.593779999999995,43.971378485,98.39
landsat,2021-03-15,171/028,171,landsat-8,50.33,46.01554,44.495563755,50.33
landsat,2021-03-15,171/027,171,landsat-8,2.4,47.434619999999995,45.043989045000004,2.4
landsat,2021-03-15,171/026,171,landsat-8,13.44,48.851165,45.617584365,13.44
landsat,2021-03-15,171/025,171,landsat-8,30.4,50.26578,46.21959971,30.4
landsat,2021-03-14,172/028,172,landsat-7,33.0,46.05067,42.728223514999996,33.0
landsat,2021-03-14,172/027,172,landsat-7,38.0,47.466955,43.2534988,38.0
landsat,2021-03-14,172/026,172,landsat-7,88.0,48.884655,43.81590909,88.0
landsat,2021-03-14,172/025,172,landsat-7,100.0,50.302125000000004,44.407814439999996,100.0
landsat,2021-03-13,173/029,173,landsat-8,19.82,44.59542,40.925223405,19.82
landsat,2021-03-13,173/028,173,landsat-8,85.49,46.015405,41.442273665,85.49
landsat,2021-03-13,173/027,173,landsat-8,92.62,47.434884999999994,41.98414894,92.62
landsat,2021-03-13,173/026,173,landsat-8,87.65,48.852085,42.47867944,87.65
landsat,2021-03-13,173/025,173,landsat-8,99.98,50.265739999999994,43.063974814999995,99.98
landsat,2021-03-12,174/029,174,landsat-7,51.0,44.6264,39.15896319,51.0
landsat,2021-03-12,174/028,174,landsat-7,9.0,46.04475,39.676138429999995,9.0
landsat,2021-03-12,174/027,174,landsat-7,0.0,47.46701,40.21578369,0.0
landsat,2021-03-12,174/026,174,landsat-7,11.0,48.886145,40.781698985000006,11.0
landsat,2021-03-12,174/025,174,landsat-7,2.0,50.297865,41.364259309999994,2.0
landsat,2021-03-11,175/028,175,landsat-8,100.0,46.016000000000005,38.309843755,100.0
landsat,2021-03-11,175/027,175,landsat-8,65.15,47.434565000000006,38.859254045,59.57
landsat,2021-03-11,175/026,175,landsat-8,8.24,48.850505,39.43168937,8.24
landsat,2021-03-11,175/025,175,landsat-8,17.76,50.266055,40.034539710000004,17.76
landsat,2021-03-10,176/028,176,landsat-7,26.0,46.04975,36.547998504999995,37.0
landsat,2021-03-10,176/027,176,landsat-7,31.0,47.46693,37.07640379,31.0
landsat,2021-03-10,176/026,176,landsat-7,7.0,48.885495000000006,37.632064105,7.0
landsat,2021-03-10,176/025,176,landsat-7,14.0,50.30116,38.225054424999996,14.0
landsat,2021-03-09,177/025,177,landsat-8,70.34,50.265384999999995,36.88285481,70.34
landsat,2021-03-07,171/028,171,landsat-7,4.0,46.045675,44.288878464999996,4.0
landsat,2021-03-07,171/027,171,landsat-7,0.0,47.466975000000005,44.82896875,0.0
landsat,2021-03-07,171/026,171,landsat-7,2.0,48.8857,45.39366903,2.0
landsat,2021-03-07,171/025,171,landsat-7,2.0,50.29871,45.983929355,2.0
landsat,2021-03-06,172/029,172,landsat-8,52.43,44.594390000000004,42.41213851,52.43
landsat,2021-03-06,172/028,172,landsat-8,52.52,46.016395,42.92456379,52.52
landsat,2021-03-06,172/027,172,landsat-8,81.47,47.434685,43.464269085,81.47
landsat,2021-03-06,172/026,172,landsat-8,100.0,48.850170000000006,44.036169415,100.0
landsat,2021-03-06,172/025,172,landsat-8,100.0,50.26387,44.63548476,100.0
landsat,2021-03-05,173/028,173,landsat-7,95.0,46.047815,41.23926838,95.0
landsat,2021-03-05,173/027,173,landsat-7,100.0,47.46575,41.76989863,100.0
landsat,2021-03-05,173/026,173,landsat-7,100.0,48.886295000000004,42.25892413,100.0
landsat,2021-03-05,173/025,173,landsat-7,100.0,50.302274999999995,42.83782949,100.0
landsat,2021-03-04,174/029,174,landsat-8,36.32,44.59486,39.35543845,28.7
landsat,2021-03-04,174/028,174,landsat-8,0.09,46.016414999999995,39.882278715,0.09
landsat,2021-03-04,174/027,174,landsat-8,1.61,47.43502,40.430219,1.64
landsat,2021-03-04,174/026,174,landsat-8,0.59,48.8518,40.998109305,0.59
landsat,2021-03-04,174/025,174,landsat-8,1.67,50.26639,41.588949645,1.67
landsat,2021-03-03,175/028,175,landsat-7,60.0,46.047200000000004,38.103338465,77.0
landsat,2021-03-03,175/027,175,landsat-7,81.0,47.467974999999996,38.64440376,86.0
landsat,2021-03-03,175/026,175,landsat-7,96.0,48.88604,39.20797904,96.0
landsat,2021-03-03,175/025,175,landsat-7,91.0,50.29861,39.796904365,91.0
landsat,2021-03-02,176/028,176,landsat-8,44.96,46.015795,36.744323785,39.79
landsat,2021-03-02,176/027,176,landsat-8,38.92,47.43488,37.279644085,36.47
landsat,2021-03-02,176/026,176,landsat-8,63.87,48.851304999999996,37.85020441,63.87
landsat,2021-03-02,176/025,176,landsat-8,100.0,50.26462,38.450329769999996,100.0
landsat,2021-03-01,177/025,177,landsat-7,98.0,50.302899999999994,36.654434495000004,98.0
landsat,2021-02-28,170/029,170,landsat-7,100.0,44.623425,45.341613190000004,100.0
landsat,2021-02-28,170/028,170,landsat-7,95.0,46.04633,45.86155841,95.0
landsat,2021-02-27,171/029,171,landsat-8,51.31,44.59371,43.965608485000004,51.31
landsat,2021-02-27,171/028,171,landsat-8,87.31,46.015495,44.489638755,87.31
landsat,2021-02-27,171/027,171,landsat-8,100.0,47.43324,45.03789404,100.0
landsat,2021-02-27,171/026,171,landsat-8,100.0,48.849835,45.613374359999995,100.0
landsat,2021-02-27,171/025,171,landsat-8,96.95,50.265825,46.21529971,96.95
landsat,2021-02-26,172/029,172,landsat-7,88.0,44.62527,42.22245326,88.0
landsat,2021-02-26,172/028,172,landsat-7,100.0,46.04932,42.7284085,100.0
landsat,2021-02-26,172/027,172,landsat-7,100.0,47.46695,43.25367878,100.0
landsat,2021-02-26,172/026,172,landsat-7,100.0,48.883355,43.817929105000005,100.0
landsat,2021-02-26,172/025,172,landsat-7,100.0,50.300775,44.40788442,100.0
landsat,2021-02-25,173/029,173,landsat-8,19.28,44.594134999999994,40.921438415,19.28
landsat,2021-02-25,173/028,173,landsat-8,57.22,46.015485,41.438398665,57.22
landsat,2021-02-25,173/027,173,landsat-8,100.0,47.434985,41.98017394,100.0
landsat,2021-02-25,173/026,173,landsat-8,100.0,48.852000000000004,42.474599444999996,100.0
landsat,2021-02-25,173/025,173,landsat-8,100.0,50.26568,43.061824814999994,100.0
landsat,2021-02-24,174/028,174,landsat-7,100.0,46.047435,39.68011843,100.0
landsat,2021-02-24,174/027,174,landsat-7,100.0,47.465625,40.219903705,100.0
landsat,2021-02-24,174/026,174,landsat-7,100.0,48.886085,40.785688975,100.0
landsat,2021-02-24,174/025,174,landsat-7,100.0,50.303169999999994,41.368744305,100.0
landsat,2021-02-23,175/028,175,landsat-8,100.0,46.01598,38.305888755,100.0
landsat,2021-02-23,175/027,175,landsat-8,49.3,47.433185,38.85722405,41.13
landsat,2021-02-23,175/026,175,landsat-8,0.85,48.85052,39.427509369999996,0.85
landsat,2021-02-23,175/025,175,landsat-8,0.32,50.266045000000005,40.032389710000004,0.32
landsat,2021-02-22,176/028,176,landsat-7,94.0,46.048405,36.54801851,99.0
landsat,2021-02-22,176/027,176,landsat-7,100.0,47.46828,37.076213804999995,100.0
landsat,2021-02-22,176/026,176,landsat-7,100.0,48.882795,37.634234105000004,100.0
landsat,2021-02-22,176/025,176,landsat-7,100.0,50.29981,38.22505443,100.0
landsat,2021-02-21,177/025,177,landsat-8,100.0,50.26531,36.87864981,100.0
landsat,2021-02-19,171/028,171,landsat-7,40.0,46.048410000000004,44.290778474999996,40.0
landsat,2021-02-19,171/027,171,landsat-7,31.0,47.4656,44.831003745000004,31.0
landsat,2021-02-19,171/026,171,landsat-7,15.0,48.88435,45.393669035,15.0
landsat,2021-02-19,171/025,171,landsat-7,3.0,50.30137,45.98834437,3.0
landsat,2021-02-18,172/029,172,landsat-8,27.23,44.59574,42.412043515,27.23
landsat,2021-02-18,172/028,172,landsat-8,8.81,46.016395,42.92456379,8.81
landsat,2021-02-18,172/027,172,landsat-8,6.02,47.434635,43.460209085,6.02
landsat,2021-02-18,172/026,172,landsat-8,21.28,48.85013,44.034079414999994,21.28
landsat,2021-02-18,172/025,172,landsat-8,3.83,50.26387,44.63548476,3.83
landsat,2021-02-17,173/029,173,landsat-7,100.0,44.62687,40.730763145,100.0
landsat,2021-02-17,173/028,173,landsat-7,100.0,46.045115,41.23915338,100.0
landsat,2021-02-17,173/027,173,landsat-7,76.0,47.467020000000005,41.77185862,76.0
landsat,2021-02-17,173/026,173,landsat-7,11.0,48.886375,42.26080415,11.0
landsat,2021-02-17,173/025,173,landsat-7,5.0,50.29958,42.837954495000005,5.0
landsat,2021-02-16,174/029,174,landsat-8,100.0,44.59486,39.35543845,100.0
landsat,2021-02-16,174/028,174,landsat-8,100.0,46.016414999999995,39.882278715,100.0
landsat,2021-02-16,174/027,174,landsat-8,97.9,47.43502,40.430219,97.87
landsat,2021-02-16,174/026,174,landsat-8,48.17,48.8518,40.998109305,48.17
landsat,2021-02-16,174/025,174,landsat-8,21.4,50.26639,41.588949645,21.4
landsat,2021-02-15,175/028,175,landsat-7,58.0,46.04723,38.107288464999996,81.0
landsat,2021-02-15,175/027,175,landsat-7,18.0,47.467985,38.64845876,21.0
landsat,2021-02-15,175/026,175,landsat-7,30.0,48.88334,39.21214905,30.0
landsat,2021-02-15,175/025,175,landsat-7,5.0,50.299899999999994,39.805554369999996,5.0
landsat,2021-02-14,176/028,176,landsat-8,23.63,46.015795,36.744323785,21.31
landsat,2021-02-14,176/027,176,landsat-8,31.26,47.434934999999996,37.281669085000004,36.34
landsat,2021-02-14,176/026,176,landsat-8,53.62,48.851295,37.85229441,53.62
landsat,2021-02-14,176/025,176,landsat-8,32.43,50.2646,38.45248477,32.43
landsat,2021-02-13,177/025,177,landsat-7,47.0,50.30171,36.66308448,47.0
landsat,2021-02-12,170/028,170,landsat-7,76.0,46.047655,45.865588425,76.0
landsat,2021-02-11,171/029,171,landsat-8,48.08,44.59374,43.969458485000004,48.08
landsat,2021-02-11,171/028,171,landsat-8,83.42,46.01551,44.493588755,83.42
landsat,2021-02-11,171/027,171,landsat-8,82.43,47.43459,45.041959045,82.43
landsat,2021-02-11,171/026,171,landsat-8,99.94,48.84982,45.61754936,99.94
landsat,2021-02-11,171/025,171,landsat-8,31.41,50.26578,46.21959971,31.41
landsat,2021-02-10,172/028,172,landsat-7,66.0,46.04535,42.732323515,66.0
landsat,2021-02-10,172/027,172,landsat-7,100.0,47.46707,43.26163378,100.0
landsat,2021-02-10,172/026,172,landsat-7,82.0,48.882045,43.82223409,82.0
landsat,2021-02-10,172/025,172,landsat-7,100.0,50.298075,44.41430444,100.0
landsat,2021-02-09,173/029,173,landsat-8,70.99,44.59407,40.92521341,70.99
landsat,2021-02-09,173/028,173,landsat-8,99.99,46.01534,41.444243665,99.99
landsat,2021-02-09,173/027,173,landsat-8,100.0,47.434884999999994,41.98414894,100.0
landsat,2021-02-09,173/026,173,landsat-8,100.0,48.852085,42.47867944,100.0
landsat,2021-02-09,173/025,173,landsat-8,100.0,50.265744999999995,43.066034814999995,100.0
landsat,2021-02-08,174/029,174,landsat-7,96.0,44.62372,39.16856819,95.0
landsat,2021-02-08,174/028,174,landsat-7,100.0,46.04872,39.68600342,100.0
landsat,2021-02-08,174/027,174,landsat-7,69.0,47.465540000000004,40.227883680000005,69.0
landsat,2021-02-08,174/026,174,landsat-7,100.0,48.884675,40.789873990000004,100.0
landsat,2021-02-08,174/025,174,landsat-7,82.0,50.301735,41.372724285000004,82.0
landsat,2021-02-07,175/028,175,landsat-8,98.37,46.01602,38.313788755000004,97.52
landsat,2021-02-07,175/027,175,landsat-8,68.22,47.433189999999996,38.86128405,63.15
landsat,2021-02-07,175/026,175,landsat-8,29.16,48.85049,39.43586937,29.16
landsat,2021-02-07,175/025,175,landsat-8,25.38,50.266005,40.036694714999996,25.38
landsat,2021-02-06,176/028,176,landsat-7,100.0,46.047205000000005,36.55379352,100.0
landsat,2021-02-06,176/027,176,landsat-7,83.0,47.468345,37.082328785,81.0
landsat,2021-02-06,176/026,176,landsat-7,32.0,48.88149,37.63855409,32.0
landsat,2021-02-06,176/025,176,landsat-7,38.0,50.29847,38.23146445,38.0
landsat,2021-02-05,177/025,177,landsat-8,99.95,50.265455,36.88705981,99.95
landsat,2021-02-03,171/028,171,landsat-7,23.0,46.04707,44.29669848,23.0
landsat,2021-02-03,171/027,171,landsat-7,34.0,47.46425,44.83506375,34.0
landsat,2021-02-03,171/026,171,landsat-7,82.0,48.882954999999995,45.39990403,82.0
landsat,2021-02-03,171/025,171,landsat-7,53.0,50.29999,45.992639374999996,53.0
landsat,2021-02-02,172/029,172,landsat-8,58.19,44.59589,42.417738514999996,58.19
landsat,2021-02-02,172/028,172,landsat-8,94.52,46.016525,42.93230879,94.52
landsat,2021-02-02,172/027,172,landsat-8,100.0,47.43474,43.468329085,100.0
landsat,2021-02-02,172/026,172,landsat-8,100.0,48.85154,44.04243941,100.0
landsat,2021-02-02,172/025,172,landsat-8,100.0,50.263915,44.64193976,100.0
landsat,2021-02-01,173/028,173,landsat-7,14.0,46.046315,41.24683836,14.0
landsat,2021-02-01,173/027,173,landsat-7,96.0,47.468180000000004,41.780018635000005,96.0
landsat,2021-02-01,173/026,173,landsat-7,100.0,48.88656,42.26918413,100.0
landsat,2021-02-01,173/025,173,landsat-7,100.0,50.302425,42.84624949,100.0
landsat,2021-01-31,174/029,174,landsat-8,92.73,44.594835,39.36313845,91.44
landsat,2021-01-31,174/028,174,landsat-8,100.0,46.01636,39.890178715,100.0
landsat,2021-01-31,174/027,174,landsat-8,100.0,47.434929999999994,40.440368995,100.0
landsat,2021-01-31,174/026,174,landsat-8,100.0,48.851605000000006,41.008364305,100.0
landsat,2021-01-31,174/025,174,landsat-8,100.0,50.266194999999996,41.599419645,100.0
landsat,2021-01-30,175/028,175,landsat-7,99.0,46.047275,38.117063485,99.0
landsat,2021-01-30,175/027,175,landsat-7,60.0,47.469355,38.656588745,61.0
landsat,2021-01-30,175/026,175,landsat-7,99.0,48.883325,39.22048404,99.0
landsat,2021-01-30,175/025,175,landsat-7,68.0,50.299835,39.812049385,68.0
landsat,2021-01-29,176/028,176,landsat-8,37.73,46.01601,36.755938785,47.21
landsat,2021-01-29,176/027,176,landsat-8,79.41,47.435050000000004,37.291579085,88.12
landsat,2021-01-29,176/026,176,landsat-8,85.08,48.851415,37.86273441,85.08
landsat,2021-01-29,176/025,176,landsat-8,82.22,50.264669999999995,38.46324477,82.22
landsat,2021-01-28,177/025,177,landsat-7,100.0,50.299105,36.66949448,100.0
landsat,2021-01-27,170/028,170,landsat-7,100.0,46.04761499999999,45.875458425,100.0
landsat,2021-01-26,171/029,171,landsat-8,100.0,44.593835,43.981008485000004,100.0
landsat,2021-01-26,171/028,171,landsat-8,100.0,46.01555,44.50544375,100.0
landsat,2021-01-26,171/027,171,landsat-8,100.0,47.433245,45.05413404,100.0
landsat,2021-01-26,171/026,171,landsat-8,100.0,48.84978,45.62590436,100.0
landsat,2021-01-26,171/025,171,landsat-8,100.0,50.26566,46.232514705,100.0
landsat,2021-01-25,172/028,172,landsat-7,69.0,46.04692,42.74384852,69.0
landsat,2021-01-25,172/027,172,landsat-7,87.0,47.46718,43.269593779999994,87.0
landsat,2021-01-25,172/026,172,landsat-7,93.0,48.886205000000004,43.834559105,93.0
landsat,2021-01-25,172/025,172,landsat-7,100.0,50.29811,44.42289944,100.0
landsat,2021-01-24,173/029,173,landsat-8,5.85,44.595235,40.936558405,5.85
landsat,2021-01-24,173/028,173,landsat-8,12.21,46.015164999999996,41.45388366,12.21
landsat,2021-01-24,173/027,173,landsat-8,10.34,47.435955,41.99414893,10.34
landsat,2021-01-24,173/026,173,landsat-8,49.86,48.850995,42.490959445,49.86
landsat,2021-01-24,173/025,173,landsat-8,95.61,50.26594,43.078654815,95.61
landsat,2021-01-23,174/029,174,landsat-7,30.0,44.62503,39.178193195000006,30.0
landsat,2021-01-23,174/028,174,landsat-7,64.0,46.0487,39.69586842,63.0
landsat,2021-01-23,174/027,174,landsat-7,92.0,47.466765,40.238078685,92.0
landsat,2021-01-23,174/026,174,landsat-7,72.0,48.884495,40.80013899,72.0
landsat,2021-01-23,174/025,174,landsat-7,80.0,50.301500000000004,41.383289285000004,80.0
landsat,2021-01-22,175/028,175,landsat-8,0.62,46.016085000000004,38.32564376,0.86
landsat,2021-01-22,175/027,175,landsat-8,55.83,47.4332,38.87346405,61.93
landsat,2021-01-22,175/026,175,landsat-8,81.8,48.850449999999995,39.448399365,81.8
landsat,2021-01-22,175/025,175,landsat-8,99.99,50.26591,40.049609715,99.99
landsat,2021-01-21,176/028,176,landsat-7,83.0,46.048725000000005,36.563428515,80.0
landsat,2021-01-21,176/027,176,landsat-7,53.0,47.468535,37.094263784999995,58.0
landsat,2021-01-21,176/026,176,landsat-7,1.0,48.88162,37.651079089999996,1.0
landsat,2021-01-20,177/025,177,landsat-8,0.06,50.26567,36.89967981,0.06
landsat,2021-01-18,171/028,171,landsat-7,25.0,46.045795,44.306633465000004,25.0
landsat,2021-01-18,171/027,171,landsat-7,100.0,47.46561,44.847228744999995,100.0
landsat,2021-01-18,171/026,171,landsat-7,100.0,48.885615,45.412449030000005,100.0
landsat,2021-01-17,172/029,172,landsat-8,100.0,44.594805,42.43101851,100.0
landsat,2021-01-17,172/028,172,landsat-8,100.0,46.01538,42.944023785,100.0
landsat,2021-01-17,172/027,172,landsat-8,56.54,47.434885,43.480509085,56.54
landsat,2021-01-17,172/026,172,landsat-8,25.35,48.850295,44.052884415,25.35
landsat,2021-01-17,172/025,172,landsat-8,9.26,50.263945,44.654854760000006,9.26
landsat,2021-01-16,173/028,173,landsat-7,31.0,46.047444999999996,41.258478355,31.0
landsat,2021-01-16,173/027,173,landsat-7,16.0,47.4679,41.791948635,16.0
landsat,2021-01-16,173/026,173,landsat-7,29.0,48.882805,42.281519145000004,29.0
landsat,2021-01-15,174/029,174,landsat-8,86.53,44.59482,39.37083845,86.16
landsat,2021-01-15,174/028,174,landsat-8,99.94,46.01627,39.900053715,99.94
landsat,2021-01-15,174/027,174,landsat-8,100.0,47.43484,40.448484,100.0
landsat,2021-01-15,174/026,174,landsat-8,100.0,48.851465000000005,41.016539304999995,100.0
landsat,2021-01-15,174/025,174,landsat-8,100.0,50.266014999999996,41.607834645,100.0
landsat,2021-01-14,175/028,175,landsat-7,86.0,46.047354999999996,38.128903485,83.0
landsat,2021-01-14,175/027,175,landsat-7,100.0,47.46665,38.666748745,100.0
landsat,2021-01-13,176/028,176,landsat-8,99.96,46.01609,36.759813789999995,99.94
landsat,2021-01-13,176/027,176,landsat-8,100.0,47.435105,37.295554085,100.0
landsat,2021-01-13,176/026,176,landsat-8,100.0,48.851455,37.86691441,100.0
landsat,2021-01-13,176/025,176,landsat-8,100.0,50.26467,38.46970477,100.0
landsat,2021-01-11,170/028,170,landsat-7,72.0,46.047489999999996,45.889263424999996,72.0
landsat,2021-01-10,171/029,171,landsat-8,99.98,44.593805,43.977158485000004,99.98
landsat,2021-01-10,171/028,171,landsat-8,100.0,46.01554,44.501493755,100.0
landsat,2021-01-10,171/027,171,landsat-8,100.0,47.43459,45.050079045,100.0
landsat,2021-01-10,171/026,171,landsat-8,99.58,48.85113,45.625939365,99.58
landsat,2021-01-10,171/025,171,landsat-8,97.59,50.265705,46.228209705,97.59
landsat,2021-01-09,172/028,172,landsat-7,76.0,46.048495,42.757363515,76.0
landsat,2021-01-09,172/027,172,landsat-7,47.0,47.466004999999996,43.281443795,47.0
landsat,2021-01-08,173/029,173,landsat-8,100.0,44.593959999999996,40.93091341,100.0
landsat,2021-01-08,173/028,173,landsat-8,100.0,46.01526,41.448113665,100.0
landsat,2021-01-08,173/027,173,landsat-8,75.88,47.434785000000005,41.98811894,75.88
landsat,2021-01-08,173/026,173,landsat-8,47.55,48.850825,42.482789445,47.55
landsat,2021-01-08,173/025,173,landsat-8,79.72,50.26446,43.070344805000005,79.72
landsat,2021-01-07,174/028,174,landsat-7,80.0,46.047245000000004,39.70971343,80.0
landsat,2021-01-07,174/027,174,landsat-7,75.0,47.46934,40.250303685000006,75.0
landsat,2021-01-06,175/028,175,landsat-8,93.38,46.01602,38.313788755000004,99.58
landsat,2021-01-06,175/027,175,landsat-8,100.0,47.433189999999996,38.86128405,100.0
landsat,2021-01-06,175/026,175,landsat-8,100.0,48.85049,39.43586937,100.0
landsat,2021-01-06,175/025,175,landsat-8,100.0,50.264615000000006,40.03884472,100.0
landsat,2021-01-05,176/028,176,landsat-7,69.0,46.046285,36.577078515,62.0
landsat,2021-01-05,176/027,176,landsat-7,97.0,47.46603,37.106303785,97.0
landsat,2021-01-04,177/025,177,landsat-8,100.0,50.26539,36.884909809999996,100.0
landsat,2021-01-02,171/028,171,landsat-7,81.0,46.04453,44.32245846,81.0
landsat,2021-01-01,172/029,172,landsat-8,46.09,44.59574,42.412043515,46.09
landsat,2021-01-01,172/028,172,landsat-8,84.61,46.016465,42.92843879,84.61
landsat,2021-01-01,172/027,172,landsat-8,100.0,47.434685,43.464269085,100.0
landsat,2021-01-01,172/026,172,landsat-8,100.0,48.850155,44.038259415,100.0
landsat,2021-01-01,172/025,172,landsat-8,100.0,50.26388,44.63978976,100.0
s2,2022-12-31,MGRS-37TDL,,sentinel-2a,86.912769,45.555848279985554,38.41655925323913,0.0
s2,2022-12-31,MGRS-37TEL,,sentinel-2a,84.582132,45.55516155802344,39.709322690138876,0.0
s2,2022-12-31,MGRS-37TFL,,sentinel-2a,93.956971,45.54590683312191,40.93815647588181,20.280635
s2,2022-12-31,MGRS-37TDM,,sentinel-2a,94.909179,46.455948091000295,38.41649929424968,8.576378
s2,2022-12-31,MGRS-37TEM,,sentinel-2a,95.009959,46.4552395980743,39.721122510119244,0.0
s2,2022-12-31,MGRS-37TGL,,sentinel-2a,100.0,45.99433553862981,41.59348549985806,99.942988
s2,2022-12-31,MGRS-37TFM,,sentinel-2a,97.599351,46.44194532813891,41.02304470383042,1.755654
s2,2022-12-31,MGRS-37TGM,,sentinel-2a,98.030323,46.44396120290625,41.78514810614284,87.60981
s2,2022-12-31,MGRS-37TDN,,sentinel-2a,95.263082,47.3573001093544,38.54506930125207,31.691939
s2,2022-12-31,MGRS-37TEN,,sentinel-2a,94.942105,47.35517094361567,39.73350488611941,0.0
s2,2022-12-31,MGRS-37TFN,,sentinel-2a,96.372819,47.33927476175064,41.05736653787892,0.0
s2,2022-12-31,MGRS-37TGN,,sentinel-2a,100.0,47.32609056637003,42.00314551403028,64.070445
s2,2022-12-31,MGRS-37UDP,,sentinel-2a,56.442165,48.257941496372894,38.709445455615395,55.113745
s2,2022-12-31,MGRS-37UEP,,sentinel-2a,69.881016,48.25441590912898,39.746498560243026,0.0
s2,2022-12-31,MGRS-38TLT,,sentinel-2a,100.0,47.75897090261836,42.360450997238786,99.691749
s2,2022-12-31,MGRS-37UFP,,sentinel-2a,93.621874,48.238014373183745,41.093384770106766,0.0
s2,2022-12-31,MGRS-37UGP,,sentinel-2a,96.863949,48.219185475540385,42.22838915142492,40.752569
s2,2022-12-31,MGRS-37UDQ,,sentinel-2a,81.198728,49.158566076138165,38.87831163160305,78.293741
s2,2022-12-31,MGRS-38ULU,,sentinel-2a,99.743623,48.23361856321948,42.54483253284556,81.4605
s2,2022-12-31,MGRS-37UEQ,,sentinel-2a,89.898467,49.154054168283636,39.76015915197604,0.0
s2,2022-12-31,MGRS-37UFQ,,sentinel-2a,99.064398,49.13712921999243,41.13124149469353,0.0
s2,2022-12-31,MGRS-37UDR,,sentinel-2a,99.990582,49.78124228451041,39.049305720675235,97.463989
s2,2022-12-31,MGRS-37UGQ,,sentinel-2a,99.662,49.11231051193694,42.46121963010317,17.594481
s2,2022-12-31,MGRS-38ULV,,sentinel-2a,99.617952,49.13662342246727,42.734538444063546,50.508374
s2,2022-12-31,MGRS-37UER,,sentinel-2a,98.76892,50.05327747798296,39.77521705775402,10.314621
s2,2022-12-31,MGRS-37UFR,,sentinel-2a,98.70044,50.036078817817135,41.171034934115724,0.0
s2,2022-12-31,MGRS-37UGR,,sentinel-2a,99.620509,50.0045940820322,42.56466901801825,1.034147
s2,2022-12-31,MGRS-38ULA,,sentinel-2a,99.607426,50.03872819458645,42.93003740245753,19.685492
s2,2022-12-30,MGRS-37TGL,,sentinel-2b,61.211884,45.495647342727985,42.68020142669184,68.82906
s2,2022-12-30,MGRS-38TLR,,sentinel-2b,56.272936,45.5423254418942,43.15225067277852,7.821142
s2,2022-12-30,MGRS-38TMR,,sentinel-2b,37.308726,45.555848279985554,44.41655925323914,0.0
s2,2022-12-30,MGRS-37TGM,,sentinel-2b,92.396122,46.38956390222259,42.866757655421154,86.494768
s2,2022-12-30,MGRS-38TLS,,sentinel-2b,92.759824,46.44478662970853,43.258061156656154,31.879207
s2,2022-12-30,MGRS-38TMS,,sentinel-2b,94.659865,46.455948091000295,44.40685319286824,0.0
s2,2022-12-30,MGRS-38TLT,,sentinel-2b,98.935968,47.34778462192967,43.40755829604325,56.704247
s2,2022-12-30,MGRS-38TMT,,sentinel-2b,99.626756,47.355901916875645,44.396667927714915,0.0
s2,2022-12-30,MGRS-38ULU,,sentinel-2b,95.584667,48.249727592646096,43.56180090738069,81.26955
s2,2022-12-30,MGRS-38UMU,,sentinel-2b,99.927139,48.25517010527129,44.38783467186745,0.248924
s2,2022-12-30,MGRS-38UMV,,sentinel-2b,99.984127,49.15495111638158,44.39851959120246,14.710405
s2,2022-12-30,MGRS-38UMA,,sentinel-2b,99.997479,50.05635780312814,44.57297385056757,38.93151
s2,2022-12-29,MGRS-37TDL,,sentinel-2b,10.947806,45.55630948048571,38.40541251904769,16.191074
s2,2022-12-29,MGRS-37TEL,,sentinel-2b,7.40132,45.93124875114107,39.05180719778617,99.059427
s2,2022-12-29,MGRS-37TDM,,sentinel-2b,14.537001,46.45639799794107,38.40685319286823,0.282451
s2,2022-12-29,MGRS-37TEM,,sentinel-2b,49.664056,46.460080399997224,39.24585442516552,80.44126
s2,2022-12-29,MGRS-37TDN,,sentinel-2b,83.002859,47.355901916875645,38.3966679277149,0.0
s2,2022-12-29,MGRS-37TEN,,sentinel-2b,99.756718,47.359968986390264,39.444825316913494,53.827518
s2,2022-12-29,MGRS-37UDP,,sentinel-2b,99.591839,48.25517010527129,38.385979812712094,0.0
s2,2022-12-29,MGRS-37UEP,,sentinel-2b,98.924464,48.25823175799184,39.65032711293935,27.275208
s2,2022-12-29,MGRS-37UDQ,,sentinel-2b,94.30508,49.154832409103605,38.374743093986,0.0
s2,2022-12-29,MGRS-37UEQ,,sentinel-2b,99.914759,49.156142230995215,39.76015915197604,4.078991
s2,2022-12-29,MGRS-37UFQ,,sentinel-2b,99.957198,49.26299936356648,40.54415680509591,91.29554
s2,2022-12-29,MGRS-37UDR,,sentinel-2b,88.51952,50.05434932281744,38.362928063957725,0.0
s2,2022-12-29,MGRS-37UER,,sentinel-2b,98.15377,50.053546173350554,39.774522772452684,0.0
s2,2022-12-29,MGRS-37UFR,,sentinel-2b,99.998343,50.048844662802864,40.77246442734282,65.730274
s2,2022-12-28,MGRS-37TEL,,sentinel-2a,99.987596,45.55205600595436,40.13560910222523,72.479731
s2,2022-12-28,MGRS-37TFL,,sentinel-2a,99.98033,45.54022786979853,40.99030968579453,0.0
s2,2022-12-28,MGRS-37TGL,,sentinel-2a,99.720496,45.510976410545304,42.26901348910191,0.0
s2,2022-12-28,MGRS-38TLR,,sentinel-2a,99.927849,45.542775,43.132103,1.42407
s2,2022-12-28,MGRS-37TEM,,sentinel-2a,99.994469,46.347192,40.297938,92.745441
s2,2022-12-28,MGRS-38TMR,,sentinel-2a,99.992424,45.562826,43.921836,84.983492
s2,2022-12-28,MGRS-37TFM,,sentinel-2a,99.990034,46.438637330543074,41.02303425761262,3.972157
s2,2022-12-28,MGRS-37TGM,,sentinel-2a,99.995428,46.409654223673776,42.32255806075449,0.0
s2,2022-12-28,MGRS-38TLS,,sentinel-2a,99.998647,46.441997,43.1044725,0.0
s2,2022-12-28,MGRS-38TMS,,sentinel-2a,99.995631,46.455942,44.105345,57.005525
s2,2022-12-28,MGRS-37TFN,,sentinel-2a,99.984974,47.335851500000004,41.1398755,22.54536
s2,2022-12-28,MGRS-37TGN,,sentinel-2a,99.965304,47.308139,42.3787265,0.0
s2,2022-12-28,MGRS-38TLT,,sentinel-2a,99.970806,47.3415075,43.072288,0.0
s2,2022-12-28,MGRS-38TMT,,sentinel-2a,99.948978,47.356376669398244,44.294103552968735,29.094455
s2,2022-12-28,MGRS-37UFP,,sentinel-2a,99.993098,48.23185684708879,41.32627340832249,42.815703
s2,2022-12-28,MGRS-37UGP,,sentinel-2a,99.988633,48.205889454825964,42.43764667004669,0.0
s2,2022-12-28,MGRS-38ULU,,sentinel-2a,99.989748,48.240318,43.038522,0.0
s2,2022-12-28,MGRS-38UMU,,sentinel-2a,99.996048,48.25561999999999,44.38598,4.513625
s2,2022-12-28,MGRS-37UFQ,,sentinel-2a,99.992543,49.127695583256425,41.51871338313367,62.834495
s2,2022-12-28,MGRS-37UGQ,,sentinel-2a,99.995387,49.103979522758856,42.49956588053624,0.0
s2,2022-12-28,MGRS-38ULV,,sentinel-2a,99.995899,49.1395064724358,43.00303182220056,0.0
s2,2022-12-28,MGRS-38UMV,,sentinel-2a,99.998075,49.154832409103605,44.374743093986,0.0
s2,2022-12-28,MGRS-37UFR,,sentinel-2a,99.982047,50.02280138167744,41.716242494850654,82.627636
s2,2022-12-28,MGRS-37UGR,,sentinel-2a,99.993354,50.0014025,42.5646435,0.130643
s2,2022-12-28,MGRS-38ULA,,sentinel-2a,99.993396,50.038532267272885,42.965725565884355,0.0
s2,2022-12-28,MGRS-38UMA,,sentinel-2a,99.995494,50.05434932281744,44.36292806395774,0.0
s2,2022-12-27,MGRS-37UDQ,,sentinel-2a,100.0,49.15397788237988,37.91269821947408,76.823193
s2,2022-12-27,MGRS-37UDR,,sentinel-2a,100.0,50.05458195584781,38.12080569965057,47.306591
s2,2022-12-26,MGRS-37TDL,,sentinel-2b,99.986523,45.555848279985554,38.41655925323913,0.0
s2,2022-12-26,MGRS-37TEL,,sentinel-2b,99.989754,45.55516155802344,39.709322690138876,0.0
s2,2022-12-26,MGRS-37TFL,,sentinel-2b,96.255201,45.54571387797022,40.93893087532763,20.230208
s2,2022-12-26,MGRS-37TDM,,sentinel-2b,99.473029,46.455948091000295,38.41672079175025,8.952508
s2,2022-12-26,MGRS-37TEM,,sentinel-2b,99.802375,46.4552395980743,39.721122510119244,0.0
s2,2022-12-26,MGRS-37TGL,,sentinel-2b,98.826903,45.992951745464886,41.59419463594498,99.937493
s2,2022-12-26,MGRS-37TFM,,sentinel-2b,99.620336,46.4421118313337,41.02304470387414,1.716749
s2,2022-12-26,MGRS-37TGM,,sentinel-2b,99.987155,46.442609925746694,41.78587213419933,87.472117
s2,2022-12-26,MGRS-37TDN,,sentinel-2b,99.761635,47.3573310092803,38.54848023393576,32.247013
s2,2022-12-26,MGRS-37TEN,,sentinel-2b,99.892449,47.35517094361567,39.73350488611941,0.0
s2,2022-12-26,MGRS-37TFN,,sentinel-2b,99.99131,47.33927476175064,41.05736653787892,0.0
s2,2022-12-26,MGRS-37TGN,,sentinel-2b,99.992132,47.32579594976811,42.003945472967786,63.982683
s2,2022-12-26,MGRS-37UDP,,sentinel-2b,99.975485,48.25796666429588,38.71351493573171,55.619317
s2,2022-12-26,MGRS-37UEP,,sentinel-2b,99.990076,48.25441590912898,39.746498560243026,0.0
s2,2022-12-26,MGRS-38TLT,,sentinel-2b,100.0,47.75736611465546,42.3616513152274,99.676561
s2,2022-12-26,MGRS-37UFP,,sentinel-2b,99.985892,48.238014373183745,41.093384770106766,0.0
s2,2022-12-26,MGRS-37UGP,,sentinel-2b,99.897224,48.2193461637203,42.22960923788832,40.589091
s2,2022-12-26,MGRS-37UDQ,,sentinel-2b,99.998903,49.15857810085283,38.88204678915274,78.877002
s2,2022-12-26,MGRS-38ULU,,sentinel-2b,99.708527,48.23364165841792,42.54605541246579,81.292176
s2,2022-12-26,MGRS-37UEQ,,sentinel-2b,99.9946,49.15405403668592,39.76015920848843,0.003776
s2,2022-12-26,MGRS-37UFQ,,sentinel-2b,99.994439,49.13712921999243,41.13124149469353,0.0
s2,2022-12-26,MGRS-37UGQ,,sentinel-2b,99.980539,49.1124471368645,42.46232324803698,17.47842
s2,2022-12-26,MGRS-38ULV,,sentinel-2b,99.966198,49.13664237399334,42.73578436132102,50.38842
s2,2022-12-26,MGRS-37UER,,sentinel-2b,99.943072,50.053263580898,39.77521707309667,10.807555
s2,2022-12-26,MGRS-37UFR,,sentinel-2b,99.998337,50.036078817817135,41.171034934115724,0.0
s2,2022-12-26,MGRS-37UGR,,sentinel-2b,99.960601,50.004556819386835,42.56466901801806,0.990129
s2,2022-12-26,MGRS-38ULA,,sentinel-2b,99.616313,50.038742558328586,42.93130720063127,19.494458
s2,2022-12-25,MGRS-37TGL,,sentinel-2a,42.269227,45.4957036880043,42.679251070920344,68.620437
s2,2022-12-25,MGRS-38TLR,,sentinel-2a,80.423653,45.5423254418942,43.15209561204395,7.649729
s2,2022-12-25,MGRS-38TMR,,sentinel-2a,100.0,45.555848279985554,44.41655925323914,0.0
s2,2022-12-25,MGRS-37TGM,,sentinel-2a,100.0,46.389614425411146,42.86508506679567,86.302847
s2,2022-12-25,MGRS-38TLS,,sentinel-2a,100.0,46.444752571164116,43.25638546658169,31.685299
s2,2022-12-25,MGRS-38TMS,,sentinel-2a,99.998784,46.455948091000295,44.40685319286824,0.0
s2,2022-12-25,MGRS-38TLT,,sentinel-2a,100.0,47.347759379281484,43.40611626428279,56.441826
s2,2022-12-25,MGRS-38TMT,,sentinel-2a,99.999654,47.355901916875645,44.396667927714915,0.0
s2,2022-12-25,MGRS-38ULU,,sentinel-2a,100.0,48.249696445474804,43.559667173740536,81.048661
s2,2022-12-25,MGRS-38UMU,,sentinel-2a,99.999869,48.25517010527129,44.387717845497534,0.219691
s2,2022-12-25,MGRS-38UMV,,sentinel-2a,100.0,49.15493136965122,44.396822196053535,14.434643
s2,2022-12-25,MGRS-38UMA,,sentinel-2a,99.998856,50.056338206389846,44.570692647491576,38.677937
s2,2022-12-24,MGRS-37TDL,,sentinel-2a,38.788593,45.556307000000004,38.408127,15.763621
s2,2022-12-24,MGRS-37TEL,,sentinel-2a,100.0,45.923968612620754,39.05452225113295,98.951679
s2,2022-12-24,MGRS-37TDM,,sentinel-2a,76.423919,46.456397997506485,38.40685319286823,0.229389
s2,2022-12-24,MGRS-37TEM,,sentinel-2a,100.0,46.46008037351159,39.248614192925515,80.0825
s2,2022-12-24,MGRS-37TDN,,sentinel-2a,91.741025,47.355901916875645,38.3966679277149,0.0
s2,2022-12-24,MGRS-37TEN,,sentinel-2a,100.0,47.35995873477794,39.44736473631071,53.427029
s2,2022-12-24,MGRS-37UDP,,sentinel-2a,99.675363,48.25517010527129,38.385979812712094,0.0
s2,2022-12-24,MGRS-37UEP,,sentinel-2a,99.609554,48.25803275249217,39.65277509149662,26.958224
s2,2022-12-24,MGRS-37UDQ,,sentinel-2a,100.0,49.154832409103605,38.374743093986,0.0
s2,2022-12-24,MGRS-37UEQ,,sentinel-2a,99.997306,49.1561182627654,39.76015915197604,3.8879
s2,2022-12-24,MGRS-37UFQ,,sentinel-2a,99.999928,49.257065104378526,40.54648741402232,91.007024
s2,2022-12-24,MGRS-37UDR,,sentinel-2a,99.995476,50.05434932281744,38.362928063957725,0.0
s2,2022-12-24,MGRS-37UER,,sentinel-2a,99.99879,50.053546173350554,39.774522772452684,0.0
s2,2022-12-24,MGRS-37UFR,,sentinel-2a,99.999905,50.04907239628877,40.7750024135964,65.431726
s2,2022-12-23,MGRS-37TEL,,sentinel-2b,0.000503,45.5520242654153,40.13865751107835,72.949952
s2,2022-12-23,MGRS-37TFL,,sentinel-2b,0.002794,45.54022786979853,40.99030968579453,0.0
s2,2022-12-23,MGRS-37TGL,,sentinel-2b,5.358536,45.510976410545304,42.26901348910191,0.0
s2,2022-12-23,MGRS-38TLR,,sentinel-2b,66.712344,45.54277509351914,43.13209561603351,1.425758
s2,2022-12-23,MGRS-37TEM,,sentinel-2b,0.003638,46.337814904981826,40.30085120222541,93.069547
s2,2022-12-23,MGRS-38TMR,,sentinel-2b,100.0,45.56282613391879,43.922223786357506,84.987104
s2,2022-12-23,MGRS-37TFM,,sentinel-2b,25.038832,46.43859049818603,41.02303425761262,4.225434
s2,2022-12-23,MGRS-37TGM,,sentinel-2b,69.90453,46.409654223673776,42.32255806075449,0.0
s2,2022-12-23,MGRS-38TLS,,sentinel-2b,90.342844,46.44199651685744,43.10447289717486,0.0
s2,2022-12-23,MGRS-38TMS,,sentinel-2b,100.0,46.45594339838398,44.10573896406258,56.917197
s2,2022-12-23,MGRS-37TFN,,sentinel-2b,45.747307,47.33579471711211,41.14315441446777,23.060285
s2,2022-12-23,MGRS-37TGN,,sentinel-2b,11.652536,47.30813919478231,42.37872682059947,0.0
s2,2022-12-23,MGRS-38TLT,,sentinel-2b,29.343113,47.34150750986245,43.07228785963724,0.0
s2,2022-12-23,MGRS-38TMT,,sentinel-2b,85.148031,47.356377185404504,44.29490557629792,29.055923
s2,2022-12-23,MGRS-37UFP,,sentinel-2b,98.676568,48.23178391133449,41.329940544614146,43.279225
s2,2022-12-23,MGRS-37UGP,,sentinel-2b,55.901462,48.205889454825964,42.43764667004669,0.0
s2,2022-12-23,MGRS-38ULU,,sentinel-2b,24.070945,48.24031810254367,43.03852186223403,0.0
s2,2022-12-23,MGRS-38UMU,,sentinel-2b,70.664102,48.255619862436205,44.3859798127121,4.443685
s2,2022-12-23,MGRS-37UFQ,,sentinel-2b,97.454852,49.127608522930885,41.522241070262716,63.387352
s2,2022-12-23,MGRS-37UGQ,,sentinel-2b,92.88851,49.103979522758856,42.49956588053624,0.0
s2,2022-12-23,MGRS-38ULV,,sentinel-2b,82.317042,49.1395064724358,43.00303182220056,0.0
s2,2022-12-23,MGRS-38UMV,,sentinel-2b,91.63202,49.154832409103605,44.374743093986,0.0
s2,2022-12-23,MGRS-37UFR,,sentinel-2b,99.591905,50.02269737032841,41.720385059790715,83.126903
s2,2022-12-23,MGRS-37UGR,,sentinel-2b,99.999982,50.00129843660137,42.5646436719868,0.194226
s2,2022-12-23,MGRS-38ULA,,sentinel-2b,99.999976,50.038532267272885,42.965725565884355,0.0
s2,2022-12-23,MGRS-38UMA,,sentinel-2b,99.950176,50.05434932281744,44.36292806395774,0.0
s2,2022-12-22,MGRS-37UDQ,,sentinel-2b,99.821925,49.15398314430943,37.91345983942064,76.846606
s2,2022-12-22,MGRS-37UDR,,sentinel-2b,99.988925,50.054581950102246,38.12080581665583,47.238395
s2,2022-12-21,MGRS-37TDL,,sentinel-2a,99.951452,45.555848279985554,38.41655925323913,0.0
s2,2022-12-21,MGRS-37TEL,,sentinel-2a,80.530536,45.55516155802344,39.709322690138876,0.0
s2,2022-12-21,MGRS-37TFL,,sentinel-2a,85.554761,45.54581870997559,40.942802851153886,19.646153
s2,2022-12-21,MGRS-37TDM,,sentinel-2a,99.261296,46.455948091000295,38.41679673467004,9.104904
s2,2022-12-21,MGRS-37TGL,,sentinel-2a,100.0,45.982449747210126,41.59757947333614,99.89416
s2,2022-12-21,MGRS-37TEM,,sentinel-2a,96.56086,46.4552395980743,39.721122510119244,0.0
s2,2022-12-21,MGRS-37TFM,,sentinel-2a,94.51341,46.44202183529593,41.02304470387374,1.53249
s2,2022-12-21,MGRS-37TGM,,sentinel-2a,99.996531,46.432090596974106,41.78931807326545,86.985606
s2,2022-12-21,MGRS-37TDN,,sentinel-2a,97.964478,47.357339289742434,38.54939811748049,32.328814
s2,2022-12-21,MGRS-37TEN,,sentinel-2a,95.00218,47.35517094361567,39.73350488611941,0.0
s2,2022-12-21,MGRS-37TFN,,sentinel-2a,97.002041,47.33927476175064,41.05736653787892,0.0
s2,2022-12-21,MGRS-37TGN,,sentinel-2a,93.015611,47.32570639040901,42.00754501625721,63.446027
s2,2022-12-21,MGRS-37UDP,,sentinel-2a,99.939281,48.25797035559111,38.71411574637891,55.749655
s2,2022-12-21,MGRS-37UEP,,sentinel-2a,99.953192,48.25441590912898,39.746498560243026,0.0
s2,2022-12-21,MGRS-38TLT,,sentinel-2a,99.998331,47.74990634625878,42.36525538993669,99.602073
s2,2022-12-21,MGRS-37UFP,,sentinel-2a,99.277425,48.238014373183745,41.093384770106766,0.0
s2,2022-12-21,MGRS-37UGP,,sentinel-2a,98.689771,48.21901225306068,42.23286333599806,40.13344
s2,2022-12-21,MGRS-37UDQ,,sentinel-2a,99.992836,49.15858047140597,38.88279330891689,78.921032
s2,2022-12-21,MGRS-38ULU,,sentinel-2a,99.758744,48.23371376815717,42.549724593452545,80.826432
s2,2022-12-21,MGRS-37UEQ,,sentinel-2a,99.764967,49.154054007155764,39.76015921430212,0.00491
s2,2022-12-21,MGRS-37UFQ,,sentinel-2a,99.866319,49.13712921999243,41.13124149469353,0.0
s2,2022-12-21,MGRS-37UGQ,,sentinel-2a,99.564987,49.11233294557927,42.465771952907225,16.975328
s2,2022-12-21,MGRS-38ULV,,sentinel-2a,99.065351,49.136699067926905,42.739522128875194,49.875054
s2,2022-12-21,MGRS-37UER,,sentinel-2a,99.711967,50.05326270071956,39.775217226242205,10.892455
s2,2022-12-21,MGRS-37UFR,,sentinel-2a,99.961579,50.036078817817135,41.171034934115724,0.0
s2,2022-12-21,MGRS-37UGR,,sentinel-2a,98.851961,50.00425318743451,42.56466901791453,0.864722
s2,2022-12-21,MGRS-38ULA,,sentinel-2a,98.776966,50.03878549719715,42.93511686273578,19.046868
s2,2022-12-20,MGRS-37TGL,,sentinel-2b,3.357749,45.495672399097735,42.6799482911475,68.779355
s2,2022-12-20,MGRS-38TLR,,sentinel-2b,2.295388,45.5423254418942,43.1522348910043,7.776208
s2,2022-12-20,MGRS-38TMR,,sentinel-2b,0.338831,45.555848279985554,44.41655925323914,0.0
s2,2022-12-20,MGRS-37TGM,,sentinel-2b,0.101074,46.38957308857168,42.86605008542142,86.413383
s2,2022-12-20,MGRS-38TLS,,sentinel-2b,1.697742,46.44477091883424,43.25728787623352,31.799448
s2,2022-12-20,MGRS-38TMS,,sentinel-2b,10.743717,46.455948091000295,44.40685319286824,0.0
s2,2022-12-20,MGRS-38TLT,,sentinel-2b,60.548574,47.347778892075375,43.40723078538947,56.643367
s2,2022-12-20,MGRS-38TMT,,sentinel-2b,93.525434,47.355901916875645,44.396667927714915,0.0
s2,2022-12-20,MGRS-38ULU,,sentinel-2b,99.995923,48.249715923711065,43.561000890772405,81.198007
s2,2022-12-20,MGRS-38UMU,,sentinel-2b,98.635483,48.25517010527129,44.38781637459411,0.245835
